:0200000460009A
:100000004643464200000156000000000103030081
:1000100000000000000000000000000000000000E0
:1000200000000000000000000000000000000000D0
:1000300000000000000000000000000000000000C0
:1000400000000000010408000000000000000000A3
:100050000000200000000000000000000000000080
:100060000000000000000000000000000000000090
:100070000000000000000000000000000000000080
:10008000EB04180A063204260000000000000000FD
:10009000050404240000000000000000000000002F
:1000A0000000000000000000000000000000000050
:1000B0000604000000000000000000000000000036
:1000C0000000000000000000000000000000000030
:1000D00020041808000000000000000000000000DC
:1000E0000000000000000000000000000000000010
:1000F0000000000000000000000000000000000000
:10010000D8041808000000000000000000000000F3
:100110000204180804200000000000000000000095
:1001200000000000000000000000000000000000CF
:10013000600400000000000000000000000000005B
:1001400000000000000000000000000000000000AF
:10015000000000000000000000000000000000009F
:10016000000000000000000000000000000000008F
:10017000000000000000000000000000000000007F
:10018000000000000000000000000000000000006F
:10019000000000000000000000000000000000005F
:1001A000000000000000000000000000000000004F
:1001B000000000000000000000000000000000003F
:1001C000000100000010000001000000000000001D
:1001D000000001000000000000000000000000001E
:1001E000000000000000000000000000000000000F
:1001F00000000000000000000000000000000000FF
:10020000FFFFFFFFFFFFFFFFFFFFFFFFFFFFFFFFFE
:10021000FFFFFFFFFFFFFFFFFFFFFFFFFFFFFFFFEE
:10022000FFFFFFFFFFFFFFFFFFFFFFFFFFFFFFFFDE
:10023000FFFFFFFFFFFFFFFFFFFFFFFFFFFFFFFFCE
:10024000FFFFFFFFFFFFFFFFFFFFFFFFFFFFFFFFBE
:10025000FFFFFFFFFFFFFFFFFFFFFFFFFFFFFFFFAE
:10026000FFFFFFFFFFFFFFFFFFFFFFFFFFFFFFFF9E
:10027000FFFFFFFFFFFFFFFFFFFFFFFFFFFFFFFF8E
:10028000FFFFFFFFFFFFFFFFFFFFFFFFFFFFFFFF7E
:10029000FFFFFFFFFFFFFFFFFFFFFFFFFFFFFFFF6E
:1002A000FFFFFFFFFFFFFFFFFFFFFFFFFFFFFFFF5E
:1002B000FFFFFFFFFFFFFFFFFFFFFFFFFFFFFFFF4E
:1002C000FFFFFFFFFFFFFFFFFFFFFFFFFFFFFFFF3E
:1002D000FFFFFFFFFFFFFFFFFFFFFFFFFFFFFFFF2E
:1002E000FFFFFFFFFFFFFFFFFFFFFFFFFFFFFFFF1E
:1002F000FFFFFFFFFFFFFFFFFFFFFFFFFFFFFFFF0E
:10030000FFFFFFFFFFFFFFFFFFFFFFFFFFFFFFFFFD
:10031000FFFFFFFFFFFFFFFFFFFFFFFFFFFFFFFFED
:10032000FFFFFFFFFFFFFFFFFFFFFFFFFFFFFFFFDD
:10033000FFFFFFFFFFFFFFFFFFFFFFFFFFFFFFFFCD
:10034000FFFFFFFFFFFFFFFFFFFFFFFFFFFFFFFFBD
:10035000FFFFFFFFFFFFFFFFFFFFFFFFFFFFFFFFAD
:10036000FFFFFFFFFFFFFFFFFFFFFFFFFFFFFFFF9D
:10037000FFFFFFFFFFFFFFFFFFFFFFFFFFFFFFFF8D
:10038000FFFFFFFFFFFFFFFFFFFFFFFFFFFFFFFF7D
:10039000FFFFFFFFFFFFFFFFFFFFFFFFFFFFFFFF6D
:1003A000FFFFFFFFFFFFFFFFFFFFFFFFFFFFFFFF5D
:1003B000FFFFFFFFFFFFFFFFFFFFFFFFFFFFFFFF4D
:1003C000FFFFFFFFFFFFFFFFFFFFFFFFFFFFFFFF3D
:1003D000FFFFFFFFFFFFFFFFFFFFFFFFFFFFFFFF2D
:1003E000FFFFFFFFFFFFFFFFFFFFFFFFFFFFFFFF1D
:1003F000FFFFFFFFFFFFFFFFFFFFFFFFFFFFFFFF0D
:10040000FFFFFFFFFFFFFFFFFFFFFFFFFFFFFFFFFC
:10041000FFFFFFFFFFFFFFFFFFFFFFFFFFFFFFFFEC
:10042000FFFFFFFFFFFFFFFFFFFFFFFFFFFFFFFFDC
:10043000FFFFFFFFFFFFFFFFFFFFFFFFFFFFFFFFCC
:10044000FFFFFFFFFFFFFFFFFFFFFFFFFFFFFFFFBC
:10045000FFFFFFFFFFFFFFFFFFFFFFFFFFFFFFFFAC
:10046000FFFFFFFFFFFFFFFFFFFFFFFFFFFFFFFF9C
:10047000FFFFFFFFFFFFFFFFFFFFFFFFFFFFFFFF8C
:10048000FFFFFFFFFFFFFFFFFFFFFFFFFFFFFFFF7C
:10049000FFFFFFFFFFFFFFFFFFFFFFFFFFFFFFFF6C
:1004A000FFFFFFFFFFFFFFFFFFFFFFFFFFFFFFFF5C
:1004B000FFFFFFFFFFFFFFFFFFFFFFFFFFFFFFFF4C
:1004C000FFFFFFFFFFFFFFFFFFFFFFFFFFFFFFFF3C
:1004D000FFFFFFFFFFFFFFFFFFFFFFFFFFFFFFFF2C
:1004E000FFFFFFFFFFFFFFFFFFFFFFFFFFFFFFFF1C
:1004F000FFFFFFFFFFFFFFFFFFFFFFFFFFFFFFFF0C
:10050000FFFFFFFFFFFFFFFFFFFFFFFFFFFFFFFFFB
:10051000FFFFFFFFFFFFFFFFFFFFFFFFFFFFFFFFEB
:10052000FFFFFFFFFFFFFFFFFFFFFFFFFFFFFFFFDB
:10053000FFFFFFFFFFFFFFFFFFFFFFFFFFFFFFFFCB
:10054000FFFFFFFFFFFFFFFFFFFFFFFFFFFFFFFFBB
:10055000FFFFFFFFFFFFFFFFFFFFFFFFFFFFFFFFAB
:10056000FFFFFFFFFFFFFFFFFFFFFFFFFFFFFFFF9B
:10057000FFFFFFFFFFFFFFFFFFFFFFFFFFFFFFFF8B
:10058000FFFFFFFFFFFFFFFFFFFFFFFFFFFFFFFF7B
:10059000FFFFFFFFFFFFFFFFFFFFFFFFFFFFFFFF6B
:1005A000FFFFFFFFFFFFFFFFFFFFFFFFFFFFFFFF5B
:1005B000FFFFFFFFFFFFFFFFFFFFFFFFFFFFFFFF4B
:1005C000FFFFFFFFFFFFFFFFFFFFFFFFFFFFFFFF3B
:1005D000FFFFFFFFFFFFFFFFFFFFFFFFFFFFFFFF2B
:1005E000FFFFFFFFFFFFFFFFFFFFFFFFFFFFFFFF1B
:1005F000FFFFFFFFFFFFFFFFFFFFFFFFFFFFFFFF0B
:10060000FFFFFFFFFFFFFFFFFFFFFFFFFFFFFFFFFA
:10061000FFFFFFFFFFFFFFFFFFFFFFFFFFFFFFFFEA
:10062000FFFFFFFFFFFFFFFFFFFFFFFFFFFFFFFFDA
:10063000FFFFFFFFFFFFFFFFFFFFFFFFFFFFFFFFCA
:10064000FFFFFFFFFFFFFFFFFFFFFFFFFFFFFFFFBA
:10065000FFFFFFFFFFFFFFFFFFFFFFFFFFFFFFFFAA
:10066000FFFFFFFFFFFFFFFFFFFFFFFFFFFFFFFF9A
:10067000FFFFFFFFFFFFFFFFFFFFFFFFFFFFFFFF8A
:10068000FFFFFFFFFFFFFFFFFFFFFFFFFFFFFFFF7A
:10069000FFFFFFFFFFFFFFFFFFFFFFFFFFFFFFFF6A
:1006A000FFFFFFFFFFFFFFFFFFFFFFFFFFFFFFFF5A
:1006B000FFFFFFFFFFFFFFFFFFFFFFFFFFFFFFFF4A
:1006C000FFFFFFFFFFFFFFFFFFFFFFFFFFFFFFFF3A
:1006D000FFFFFFFFFFFFFFFFFFFFFFFFFFFFFFFF2A
:1006E000FFFFFFFFFFFFFFFFFFFFFFFFFFFFFFFF1A
:1006F000FFFFFFFFFFFFFFFFFFFFFFFFFFFFFFFF0A
:10070000FFFFFFFFFFFFFFFFFFFFFFFFFFFFFFFFF9
:10071000FFFFFFFFFFFFFFFFFFFFFFFFFFFFFFFFE9
:10072000FFFFFFFFFFFFFFFFFFFFFFFFFFFFFFFFD9
:10073000FFFFFFFFFFFFFFFFFFFFFFFFFFFFFFFFC9
:10074000FFFFFFFFFFFFFFFFFFFFFFFFFFFFFFFFB9
:10075000FFFFFFFFFFFFFFFFFFFFFFFFFFFFFFFFA9
:10076000FFFFFFFFFFFFFFFFFFFFFFFFFFFFFFFF99
:10077000FFFFFFFFFFFFFFFFFFFFFFFFFFFFFFFF89
:10078000FFFFFFFFFFFFFFFFFFFFFFFFFFFFFFFF79
:10079000FFFFFFFFFFFFFFFFFFFFFFFFFFFFFFFF69
:1007A000FFFFFFFFFFFFFFFFFFFFFFFFFFFFFFFF59
:1007B000FFFFFFFFFFFFFFFFFFFFFFFFFFFFFFFF49
:1007C000FFFFFFFFFFFFFFFFFFFFFFFFFFFFFFFF39
:1007D000FFFFFFFFFFFFFFFFFFFFFFFFFFFFFFFF29
:1007E000FFFFFFFFFFFFFFFFFFFFFFFFFFFFFFFF19
:1007F000FFFFFFFFFFFFFFFFFFFFFFFFFFFFFFFF09
:10080000FFFFFFFFFFFFFFFFFFFFFFFFFFFFFFFFF8
:10081000FFFFFFFFFFFFFFFFFFFFFFFFFFFFFFFFE8
:10082000FFFFFFFFFFFFFFFFFFFFFFFFFFFFFFFFD8
:10083000FFFFFFFFFFFFFFFFFFFFFFFFFFFFFFFFC8
:10084000FFFFFFFFFFFFFFFFFFFFFFFFFFFFFFFFB8
:10085000FFFFFFFFFFFFFFFFFFFFFFFFFFFFFFFFA8
:10086000FFFFFFFFFFFFFFFFFFFFFFFFFFFFFFFF98
:10087000FFFFFFFFFFFFFFFFFFFFFFFFFFFFFFFF88
:10088000FFFFFFFFFFFFFFFFFFFFFFFFFFFFFFFF78
:10089000FFFFFFFFFFFFFFFFFFFFFFFFFFFFFFFF68
:1008A000FFFFFFFFFFFFFFFFFFFFFFFFFFFFFFFF58
:1008B000FFFFFFFFFFFFFFFFFFFFFFFFFFFFFFFF48
:1008C000FFFFFFFFFFFFFFFFFFFFFFFFFFFFFFFF38
:1008D000FFFFFFFFFFFFFFFFFFFFFFFFFFFFFFFF28
:1008E000FFFFFFFFFFFFFFFFFFFFFFFFFFFFFFFF18
:1008F000FFFFFFFFFFFFFFFFFFFFFFFFFFFFFFFF08
:10090000FFFFFFFFFFFFFFFFFFFFFFFFFFFFFFFFF7
:10091000FFFFFFFFFFFFFFFFFFFFFFFFFFFFFFFFE7
:10092000FFFFFFFFFFFFFFFFFFFFFFFFFFFFFFFFD7
:10093000FFFFFFFFFFFFFFFFFFFFFFFFFFFFFFFFC7
:10094000FFFFFFFFFFFFFFFFFFFFFFFFFFFFFFFFB7
:10095000FFFFFFFFFFFFFFFFFFFFFFFFFFFFFFFFA7
:10096000FFFFFFFFFFFFFFFFFFFFFFFFFFFFFFFF97
:10097000FFFFFFFFFFFFFFFFFFFFFFFFFFFFFFFF87
:10098000FFFFFFFFFFFFFFFFFFFFFFFFFFFFFFFF77
:10099000FFFFFFFFFFFFFFFFFFFFFFFFFFFFFFFF67
:1009A000FFFFFFFFFFFFFFFFFFFFFFFFFFFFFFFF57
:1009B000FFFFFFFFFFFFFFFFFFFFFFFFFFFFFFFF47
:1009C000FFFFFFFFFFFFFFFFFFFFFFFFFFFFFFFF37
:1009D000FFFFFFFFFFFFFFFFFFFFFFFFFFFFFFFF27
:1009E000FFFFFFFFFFFFFFFFFFFFFFFFFFFFFFFF17
:1009F000FFFFFFFFFFFFFFFFFFFFFFFFFFFFFFFF07
:100A0000FFFFFFFFFFFFFFFFFFFFFFFFFFFFFFFFF6
:100A1000FFFFFFFFFFFFFFFFFFFFFFFFFFFFFFFFE6
:100A2000FFFFFFFFFFFFFFFFFFFFFFFFFFFFFFFFD6
:100A3000FFFFFFFFFFFFFFFFFFFFFFFFFFFFFFFFC6
:100A4000FFFFFFFFFFFFFFFFFFFFFFFFFFFFFFFFB6
:100A5000FFFFFFFFFFFFFFFFFFFFFFFFFFFFFFFFA6
:100A6000FFFFFFFFFFFFFFFFFFFFFFFFFFFFFFFF96
:100A7000FFFFFFFFFFFFFFFFFFFFFFFFFFFFFFFF86
:100A8000FFFFFFFFFFFFFFFFFFFFFFFFFFFFFFFF76
:100A9000FFFFFFFFFFFFFFFFFFFFFFFFFFFFFFFF66
:100AA000FFFFFFFFFFFFFFFFFFFFFFFFFFFFFFFF56
:100AB000FFFFFFFFFFFFFFFFFFFFFFFFFFFFFFFF46
:100AC000FFFFFFFFFFFFFFFFFFFFFFFFFFFFFFFF36
:100AD000FFFFFFFFFFFFFFFFFFFFFFFFFFFFFFFF26
:100AE000FFFFFFFFFFFFFFFFFFFFFFFFFFFFFFFF16
:100AF000FFFFFFFFFFFFFFFFFFFFFFFFFFFFFFFF06
:100B0000FFFFFFFFFFFFFFFFFFFFFFFFFFFFFFFFF5
:100B1000FFFFFFFFFFFFFFFFFFFFFFFFFFFFFFFFE5
:100B2000FFFFFFFFFFFFFFFFFFFFFFFFFFFFFFFFD5
:100B3000FFFFFFFFFFFFFFFFFFFFFFFFFFFFFFFFC5
:100B4000FFFFFFFFFFFFFFFFFFFFFFFFFFFFFFFFB5
:100B5000FFFFFFFFFFFFFFFFFFFFFFFFFFFFFFFFA5
:100B6000FFFFFFFFFFFFFFFFFFFFFFFFFFFFFFFF95
:100B7000FFFFFFFFFFFFFFFFFFFFFFFFFFFFFFFF85
:100B8000FFFFFFFFFFFFFFFFFFFFFFFFFFFFFFFF75
:100B9000FFFFFFFFFFFFFFFFFFFFFFFFFFFFFFFF65
:100BA000FFFFFFFFFFFFFFFFFFFFFFFFFFFFFFFF55
:100BB000FFFFFFFFFFFFFFFFFFFFFFFFFFFFFFFF45
:100BC000FFFFFFFFFFFFFFFFFFFFFFFFFFFFFFFF35
:100BD000FFFFFFFFFFFFFFFFFFFFFFFFFFFFFFFF25
:100BE000FFFFFFFFFFFFFFFFFFFFFFFFFFFFFFFF15
:100BF000FFFFFFFFFFFFFFFFFFFFFFFFFFFFFFFF05
:100C0000FFFFFFFFFFFFFFFFFFFFFFFFFFFFFFFFF4
:100C1000FFFFFFFFFFFFFFFFFFFFFFFFFFFFFFFFE4
:100C2000FFFFFFFFFFFFFFFFFFFFFFFFFFFFFFFFD4
:100C3000FFFFFFFFFFFFFFFFFFFFFFFFFFFFFFFFC4
:100C4000FFFFFFFFFFFFFFFFFFFFFFFFFFFFFFFFB4
:100C5000FFFFFFFFFFFFFFFFFFFFFFFFFFFFFFFFA4
:100C6000FFFFFFFFFFFFFFFFFFFFFFFFFFFFFFFF94
:100C7000FFFFFFFFFFFFFFFFFFFFFFFFFFFFFFFF84
:100C8000FFFFFFFFFFFFFFFFFFFFFFFFFFFFFFFF74
:100C9000FFFFFFFFFFFFFFFFFFFFFFFFFFFFFFFF64
:100CA000FFFFFFFFFFFFFFFFFFFFFFFFFFFFFFFF54
:100CB000FFFFFFFFFFFFFFFFFFFFFFFFFFFFFFFF44
:100CC000FFFFFFFFFFFFFFFFFFFFFFFFFFFFFFFF34
:100CD000FFFFFFFFFFFFFFFFFFFFFFFFFFFFFFFF24
:100CE000FFFFFFFFFFFFFFFFFFFFFFFFFFFFFFFF14
:100CF000FFFFFFFFFFFFFFFFFFFFFFFFFFFFFFFF04
:100D0000FFFFFFFFFFFFFFFFFFFFFFFFFFFFFFFFF3
:100D1000FFFFFFFFFFFFFFFFFFFFFFFFFFFFFFFFE3
:100D2000FFFFFFFFFFFFFFFFFFFFFFFFFFFFFFFFD3
:100D3000FFFFFFFFFFFFFFFFFFFFFFFFFFFFFFFFC3
:100D4000FFFFFFFFFFFFFFFFFFFFFFFFFFFFFFFFB3
:100D5000FFFFFFFFFFFFFFFFFFFFFFFFFFFFFFFFA3
:100D6000FFFFFFFFFFFFFFFFFFFFFFFFFFFFFFFF93
:100D7000FFFFFFFFFFFFFFFFFFFFFFFFFFFFFFFF83
:100D8000FFFFFFFFFFFFFFFFFFFFFFFFFFFFFFFF73
:100D9000FFFFFFFFFFFFFFFFFFFFFFFFFFFFFFFF63
:100DA000FFFFFFFFFFFFFFFFFFFFFFFFFFFFFFFF53
:100DB000FFFFFFFFFFFFFFFFFFFFFFFFFFFFFFFF43
:100DC000FFFFFFFFFFFFFFFFFFFFFFFFFFFFFFFF33
:100DD000FFFFFFFFFFFFFFFFFFFFFFFFFFFFFFFF23
:100DE000FFFFFFFFFFFFFFFFFFFFFFFFFFFFFFFF13
:100DF000FFFFFFFFFFFFFFFFFFFFFFFFFFFFFFFF03
:100E0000FFFFFFFFFFFFFFFFFFFFFFFFFFFFFFFFF2
:100E1000FFFFFFFFFFFFFFFFFFFFFFFFFFFFFFFFE2
:100E2000FFFFFFFFFFFFFFFFFFFFFFFFFFFFFFFFD2
:100E3000FFFFFFFFFFFFFFFFFFFFFFFFFFFFFFFFC2
:100E4000FFFFFFFFFFFFFFFFFFFFFFFFFFFFFFFFB2
:100E5000FFFFFFFFFFFFFFFFFFFFFFFFFFFFFFFFA2
:100E6000FFFFFFFFFFFFFFFFFFFFFFFFFFFFFFFF92
:100E7000FFFFFFFFFFFFFFFFFFFFFFFFFFFFFFFF82
:100E8000FFFFFFFFFFFFFFFFFFFFFFFFFFFFFFFF72
:100E9000FFFFFFFFFFFFFFFFFFFFFFFFFFFFFFFF62
:100EA000FFFFFFFFFFFFFFFFFFFFFFFFFFFFFFFF52
:100EB000FFFFFFFFFFFFFFFFFFFFFFFFFFFFFFFF42
:100EC000FFFFFFFFFFFFFFFFFFFFFFFFFFFFFFFF32
:100ED000FFFFFFFFFFFFFFFFFFFFFFFFFFFFFFFF22
:100EE000FFFFFFFFFFFFFFFFFFFFFFFFFFFFFFFF12
:100EF000FFFFFFFFFFFFFFFFFFFFFFFFFFFFFFFF02
:100F0000FFFFFFFFFFFFFFFFFFFFFFFFFFFFFFFFF1
:100F1000FFFFFFFFFFFFFFFFFFFFFFFFFFFFFFFFE1
:100F2000FFFFFFFFFFFFFFFFFFFFFFFFFFFFFFFFD1
:100F3000FFFFFFFFFFFFFFFFFFFFFFFFFFFFFFFFC1
:100F4000FFFFFFFFFFFFFFFFFFFFFFFFFFFFFFFFB1
:100F5000FFFFFFFFFFFFFFFFFFFFFFFFFFFFFFFFA1
:100F6000FFFFFFFFFFFFFFFFFFFFFFFFFFFFFFFF91
:100F7000FFFFFFFFFFFFFFFFFFFFFFFFFFFFFFFF81
:100F8000FFFFFFFFFFFFFFFFFFFFFFFFFFFFFFFF71
:100F9000FFFFFFFFFFFFFFFFFFFFFFFFFFFFFFFF61
:100FA000FFFFFFFFFFFFFFFFFFFFFFFFFFFFFFFF51
:100FB000FFFFFFFFFFFFFFFFFFFFFFFFFFFFFFFF41
:100FC000FFFFFFFFFFFFFFFFFFFFFFFFFFFFFFFF31
:100FD000FFFFFFFFFFFFFFFFFFFFFFFFFFFFFFFF21
:100FE000FFFFFFFFFFFFFFFFFFFFFFFFFFFFFFFF11
:100FF000FFFFFFFFFFFFFFFFFFFFFFFFFFFFFFFF01
:10100000D1002043ED15006000000000000000004A
:10101000201000600010006000D0006000000000A0
:101020000000006000DC000000000000FFFFFFFF88
:10103000FFFFFFFFFFFFFFFFFFFFFFFFFFFFFFFFC0
:10104000FFFFFFFFFFFFFFFFFFFFFFFFFFFFFFFFB0
:10105000FFFFFFFFFFFFFFFFFFFFFFFFFFFFFFFFA0
:10106000FFFFFFFFFFFFFFFFFFFFFFFFFFFFFFFF90
:10107000FFFFFFFFFFFFFFFFFFFFFFFFFFFFFFFF80
:10108000FFFFFFFFFFFFFFFFFFFFFFFFFFFFFFFF70
:10109000FFFFFFFFFFFFFFFFFFFFFFFFFFFFFFFF60
:1010A000FFFFFFFFFFFFFFFFFFFFFFFFFFFFFFFF50
:1010B000FFFFFFFFFFFFFFFFFFFFFFFFFFFFFFFF40
:1010C000FFFFFFFFFFFFFFFFFFFFFFFFFFFFFFFF30
:1010D000FFFFFFFFFFFFFFFFFFFFFFFFFFFFFFFF20
:1010E000FFFFFFFFFFFFFFFFFFFFFFFFFFFFFFFF10
:1010F000FFFFFFFFFFFFFFFFFFFFFFFFFFFFFFFF00
:10110000FFFFFFFFFFFFFFFFFFFFFFFFFFFFFFFFEF
:10111000FFFFFFFFFFFFFFFFFFFFFFFFFFFFFFFFDF
:10112000FFFFFFFFFFFFFFFFFFFFFFFFFFFFFFFFCF
:10113000FFFFFFFFFFFFFFFFFFFFFFFFFFFFFFFFBF
:10114000FFFFFFFFFFFFFFFFFFFFFFFFFFFFFFFFAF
:10115000FFFFFFFFFFFFFFFFFFFFFFFFFFFFFFFF9F
:10116000FFFFFFFFFFFFFFFFFFFFFFFFFFFFFFFF8F
:10117000FFFFFFFFFFFFFFFFFFFFFFFFFFFFFFFF7F
:10118000FFFFFFFFFFFFFFFFFFFFFFFFFFFFFFFF6F
:10119000FFFFFFFFFFFFFFFFFFFFFFFFFFFFFFFF5F
:1011A000FFFFFFFFFFFFFFFFFFFFFFFFFFFFFFFF4F
:1011B000FFFFFFFFFFFFFFFFFFFFFFFFFFFFFFFF3F
:1011C000FFFFFFFFFFFFFFFFFFFFFFFFFFFFFFFF2F
:1011D000FFFFFFFFFFFFFFFFFFFFFFFFFFFFFFFF1F
:1011E000FFFFFFFFFFFFFFFFFFFFFFFFFFFFFFFF0F
:1011F000FFFFFFFFFFFFFFFFFFFFFFFFFFFFFFFFFF
:10120000FFFFFFFFFFFFFFFFFFFFFFFFFFFFFFFFEE
:10121000FFFFFFFFFFFFFFFFFFFFFFFFFFFFFFFFDE
:10122000FFFFFFFFFFFFFFFFFFFFFFFFFFFFFFFFCE
:10123000FFFFFFFFFFFFFFFFFFFFFFFFFFFFFFFFBE
:10124000FFFFFFFFFFFFFFFFFFFFFFFFFFFFFFFFAE
:10125000FFFFFFFFFFFFFFFFFFFFFFFFFFFFFFFF9E
:10126000FFFFFFFFFFFFFFFFFFFFFFFFFFFFFFFF8E
:10127000FFFFFFFFFFFFFFFFFFFFFFFFFFFFFFFF7E
:10128000FFFFFFFFFFFFFFFFFFFFFFFFFFFFFFFF6E
:10129000FFFFFFFFFFFFFFFFFFFFFFFFFFFFFFFF5E
:1012A000FFFFFFFFFFFFFFFFFFFFFFFFFFFFFFFF4E
:1012B000FFFFFFFFFFFFFFFFFFFFFFFFFFFFFFFF3E
:1012C000FFFFFFFFFFFFFFFFFFFFFFFFFFFFFFFF2E
:1012D000FFFFFFFFFFFFFFFFFFFFFFFFFFFFFFFF1E
:1012E000FFFFFFFFFFFFFFFFFFFFFFFFFFFFFFFF0E
:1012F000FFFFFFFFFFFFFFFFFFFFFFFFFFFFFFFFFE
:10130000FFFFFFFFFFFFFFFFFFFFFFFFFFFFFFFFED
:10131000FFFFFFFFFFFFFFFFFFFFFFFFFFFFFFFFDD
:10132000FFFFFFFFFFFFFFFFFFFFFFFFFFFFFFFFCD
:10133000FFFFFFFFFFFFFFFFFFFFFFFFFFFFFFFFBD
:10134000FFFFFFFFFFFFFFFFFFFFFFFFFFFFFFFFAD
:10135000FFFFFFFFFFFFFFFFFFFFFFFFFFFFFFFF9D
:10136000FFFFFFFFFFFFFFFFFFFFFFFFFFFFFFFF8D
:10137000FFFFFFFFFFFFFFFFFFFFFFFFFFFFFFFF7D
:10138000FFFFFFFFFFFFFFFFFFFFFFFFFFFFFFFF6D
:10139000FFFFFFFFFFFFFFFFFFFFFFFFFFFFFFFF5D
:1013A000FFFFFFFFFFFFFFFFFFFFFFFFFFFFFFFF4D
:1013B000FFFFFFFFFFFFFFFFFFFFFFFFFFFFFFFF3D
:1013C000FFFFFFFFFFFFFFFFFFFFFFFFFFFFFFFF2D
:1013D000FFFFFFFFFFFFFFFFFFFFFFFFFFFFFFFF1D
:1013E000FFFFFFFFFFFFFFFFFFFFFFFFFFFFFFFF0D
:1013F000FFFFFFFFFFFFFFFFFFFFFFFFFFFFFFFFFD
:10140000824205D051F8043B40F8043B8242F9D8AF
:10141000704700BF044A05494FF0000342F8043BFF
:101420009142FBD8704700BFC01600202024002046
:1014300080B5BFF34F8F00F0BDF9534C534B0820DC
:101440005349C3F85401534AC3F800115248C3F832
:10145000F0405249FFF7D4FF514A52495248FFF732
:10146000CFFF524CFFF7D6FF4FF470004FF0E02152
:1014700000234F4AC1F8880D44F823200133B02BD4
:10148000FAD14C4B80214C4A03F8011B9342FBD10B
:101490004FF0E025494F4A4A4FF0FF31C5F8084D5B
:1014A0000026D5F8243D43F4E023C5F8243DFB692C
:1014B00023F07F0343F04003FB617B6A23F07F034B
:1014C00043F040037B629166D1661167516700F07B
:1014D00079F93C4B63223C49A3633C4BE363032310
:1014E0006A613B4AAE612B61C5F8202DD5F8FC2D11
:1014F000384B42F08072C5F8FC2D1A6842F00102A8
:101500001A605B680B6000F0E7F9334800F060FB9D
:10151000F96E324B324A41F44051F9661E60C3F80D
:101520000861C3F81861C3F82861C3F83861936B88
:10153000DB0708D442F615632A4951651365936B9E
:1015400043F001039363264A274C936843F0011349
:10155000936000F005F900F043FB00F0EBF900F0B8
:101560002BF92368132BFCD900F07CFA2368B3F520
:10157000967FFBD300F024F900F020F900F018FB6F
:1015800000F01AFB30BFFDE70C0D111300800D4079
:101590001B1018203898000000000000941D006007
:1015A000C0160020D0B5006000000020001400200C
:1015B000D970000000E400E0A0E400E000C00F40AB
:1015C00000C00A4059880000CC2100205D8800003E
:1015D00000002020001000E00046C3230040084027
:1015E00000400D400000C056D0210020054B4FF4B4
:1015F0002A01054A05485A641864054A99639546C4
:10160000FFF716FF00C00A40AFAAAAAA07002000F1
:10161000000007201BB9124B1B6F9B041ED400F067
:101620003F000F4B22F0604221F0604140F48910EE
:101630001867C3F88010C3F890201A6F22F4805204
:101640001A671A6F002AFCDAD3F87011054A0A40AB
:10165000C3F870211A6F22F480321A67704700BFF6
:1016600000800D40FF7F7FFFB1F5607FF0B50E4633
:101670008DB028BF4FF460760F46054672B62E4BEC
:1016800000247022186021462C4B2D481C8000F04D
:101690009BFACFB121462A484FF0010C4A0901F0CC
:1016A0001F03013150F822400CFA03F38E4243EA43
:1016B000040340F82230F1D8284600234380013348
:1016C00000F582709E42F9D81E4C257815B162B69D
:1016D0000DB0F0BD082000F087FA1B4B80220646B3
:1016E000009302A90693194B0271056008A80293A2
:1016F00000F066FA06A9164A304600F079FA069B11
:1017000008A8DB689847009B02A8DB689847237805
:10171000002BDCD10F4B104AC3F858210F49D020C1
:101720004FF0E023402281F84600C3F8082101234E
:10173000237062B60DB0F0BD2C1A0020B823002033
:10174000341A0020CE230020C8050020C55D00000B
:101750001B10010000140020D15D000000E400E037
:10176000104BA020104AD96E41F4403110B4D96614
:1017700040F23764D96E41F44071D9665464906484
:10178000936C1B06FCD4094A40F23761A0235164D4
:101790009364936C13F08003FBD1054A13705DF8DA
:1017A000044B704700C00F4000400C4000800C40CC
:1017B000D3230020704700BF704700BF704700BFB1
:1017C00000BF704710B44FF0E023002110243248CE
:1017D000C3F8941DC3F89C4D1124C3F8A00D2F48E5
:1017E000C3F89C4D1224C3F8A00D2D48C3F89C4D9E
:1017F0002C4AC3F8A00D2C4C42F015022B48C3F81C
:101800009C4DC3F8A00D2A4C2A48C3F89C4DC3F840
:10181000A00D294CC3F89C2D2848294AC3F8A04D97
:10182000C3F89C0DC3F8A02D02F5A022254C0C3264
:101830002548C3F89C4DC3F8A02D244AC3F89C0D3D
:10184000C3F8A02D02F14062214C02322148C3F8B6
:101850009C4DC3F8A02D0A32C3F89C0DC3F8A02DEF
:1018600000BF00BF00BF00BF00BF0122C3F8942D1E
:10187000BFF34F8FBFF36F8FC3F8501FBFF34F8F6E
:10188000BFF36F8FD3F8142D5DF8044B42F4403250
:10189000C3F8142D704700BF3F0000102500080753
:1018A000090010002024002013002000210002075E
:1018B0001400002025000813090000101600202045
:1018C00027000B1317000040180000602F000B07C3
:1018D000190000701A000080F0B4154A40274FF438
:1018E00080314FF480564FF400554FF4404443F29A
:1018F0004200136913F0020F0ED113F4005F0FD0F2
:1019000013F4805F0ED0002BF3DA13F4803F0BD179
:101910005B060BD5F0BC7047946151619061E8E7BC
:101920005561E6E75661E4E79161E2E75761E0E778
:1019300000800D403F4A03203F49F3EE095AD2F898
:1019400080304FF0000C9FED3D6A23F001039FEDC6
:101950003C5A30B4C2F88030C2F89000D1F8E010A0
:10196000384DCBB2384C39482B6007EE903A0B0D0E
:10197000C1F30B21F8EEE77A06EE903A07EE101A63
:10198000334BB8EEC77A2160F8EEE66A314937EE9C
:10199000C66A37EEC55A76EEC76A77EEE57A26EE66
:1019A000266AC3ED006A25EE265AD2F8803067EE2B
:1019B000A64AC0ED007AC6EE275A274885EE276A68
:1019C000C4EEA76A75EE875AFCEEE55A36EE076A52
:1019D00015EE904ABCEEC66A43EA045376EE877A67
:1019E000C2F8803016EE103AD2F89041FCEEE77A59
:1019F00001EA0341214317EE903AC2F89011C3F374
:101A00000B03D2F890110B431449C2F89031D2F86D
:101A1000803043F00203C2F88030114B80F840C0A0
:101A2000C1F840314FF0E023012230BCC3F8082157
:101A3000704700BF00810D4000441F400000AA42D3
:101A40000000B442B8210020B4210020BC210020B5
:101A5000C02100200000FF0F00E400E0001400207F
:101A60009D720000314B40F6617210B5C3F8202121
:101A700040F2044400F0B0F82D4A2E49D2F88030EC
:101A80002D4843F00303C2F880302C4BC1F860416D
:101A900002681A4203D1D1F8A8319A071BD0254A0F
:101AA0004FF00041244B5963D2F8403143F0020318
:101AB000C2F84031D2F840319B07FBD44FF40030DC
:101AC0004FF0E0211C4B4FF00042C1F88C0219206E
:101AD0009A6300F091F8184A4FF08040154C0021AD
:101AE00090630A20164B11604FF42072C4F8A801CD
:101AF000184600F069F84FF4800203464FF4810065
:101B000040F243111860C4F858311A640D4B0E4A64
:101B1000C4F84811C3F804224FF0E0224FF400311A
:101B20000123C2F80C11C4F8403110BD00800D40F3
:101B300000C00F4000002E4000900D40001C1E0011
:101B40000000002000140020BD74000008B50E4BFA
:101B50001B6E9B0700D4FBBE72B60C4B00200C4AD8
:101B6000C3F8400103F160430A49A3F55F23116400
:101B70009D46BFF34F8F4FF400130748074ADB69B8
:101B800002609B68984700BF00441F4000002E4041
:101B900000C00A400300200000802020000012EB5B
:101BA000F8B500BFF8BC08BC9E46704700000000B6
:101BB0005FF800F0899400005FF800F0856C000089
:101BC0005FF800F0395E00005FF800F0A9930000B4
:101BD0005FF800F0A96600005FF800F0F97B0000F4
:101BE0005FF800F0C96F00005FF800F0C96D0000F9
:101BF0005FF800F06D6300005FF800F09969000085
:101C000005010000F5510000AD5B000071640000AB
:101C100020036400690063006500460072006900EB
:101C200065006E006400200076002E003000310058
:101C3000220353006900670069006C0049006E00D0
:101C400073007400720075006D0065006E00740012
:101C5000730000000403090409029500030100C099
:101C600032080B0002020201000904000001020216
:101C700001000524001001052401010104240206CD
:101C80000524060001070582031000100904010065
:101C9000020A000000070503024000000705830256
:101CA00040000009040200020103000007240100B3
:101CB0000125000624020101000624020202000997
:101CC00024030103010201000924030204010101AC
:101CD000000905040240000000000525010101097A
:101CE00005840240000000000525010103000000FA
:101CF00009029500030100C032080B000202020134
:101D00000009040000010202010005240010010581
:101D100024010101042402060524060001070582AE
:101D20000310000509040100020A00000007050372
:101D300002000200070583020002000904020002FB
:101D4000010300020724010001250006240201010D
:101D50000206240202020209240301030102010215
:101D60000924030204010101020905040200020022
:101D700000000525010101090584020002000000A0
:101D800005250101030000000A060002EF020140E0
:041D9000010000004E
:101D9400000000000000000000000000000000003F
:101DA400000000000000000000000000000000002F
:101DB400F8B54FF084439D695A6915400DD0254FFD
:101DC40001269D6195FAA5F4B4FA84F457F82430F9
:101DD40006FA04F49847A543F4D11F4B9D695A6948
:101DE40015400DD01D4F01269D6195FAA5F4B4FA56
:101DF40084F457F8243006FA04F49847A543F4D140
:101E0400174B9D695A6915400DD0164F01269D61E7
:101E140095FAA5F4B4FA84F457F8243006FA04F4D5
:101E24009847A543F4D1104B9D695A6915400DD0CC
:101E34000E4F01269D6195FAA5F4B4FA84F457F87F
:101E4400243006FA04F49847A543F4D1BFF34F8F26
:101E5400F8BD00BFE00E002000400042600F0020EB
:101E640000800042E00F002000C00042601000200B
:101E74000548064B1B1AD90F01EBA301491002D0E8
:101E8400034B03B118477047C0160020C01600204A
:101E94000000000008B5054B1BB105490548AFF328
:101EA4000080BDE80840FFF7E3BF00BF000000006A
:101EB400DC20002000DC006008B506F089FC064A3E
:101EC40040F2DC511368C31A8B4203D9034B01213E
:101ED4001060197008BD00BF2C200020D6230020FC
:101EE40070B5774E774B32682DED028B1A6082B055
:101EF400002800F08D800021022006F089FEFF21D9
:101F0400714C032006F084FE2378002B76D06F4AB0
:101F1400336812689B1AB3F5FA7FC0F09480336873
:101F24009B1AB3F5FA7F70D2694A6A4B127893F818
:101F34004451012A93F8454174D0F7EE008AF1EE3A
:101F4400047A93ED508A28EE278AB5EEC08AF1EE22
:101F540010FA64D4F7EE007AB4EE678AF1EE10FA60
:101F640037FE888A15F0010109D0DFED5B7A68EE4F
:101F7400A77AFCEEE77ACDED017A9DF80410574A72
:101F84000420336812689B1A592B98BFFF2106F06E
:101F94003FFE15F0020109D0DFED4F7A68EEA78A03
:101FA400FCEEE87ACDED017A9DF80410052006F0E8
:101FB4002FFE14F0010109D0DFED477A68EE277A8D
:101FC400FCEEE77ACDED017A9DF80410062006F0C8
:101FD4001FFE14F0020109D0DFED3F7A28EE278AB4
:101FE400FCEEC87ACDED017A9DF80410092002B008
:101FF400BDEC028BBDE8704006F00ABE334B1A6894
:1020040033689B1AB3F5FA7F8ED3002323708BE7D2
:102014000446FF21022006F0FBFD214670E79FEDF8
:10202400308A9FE72F4AD2ED008AF5EEC08AF1EE9E
:1020340010FA2AD4F7EE007AF4EE678AF1EE10FA79
:1020440077FEA88A7BE7336827499B1A5B08A1FBC4
:102054000313C3F340159B061AD4FF21042006F092
:10206400D7FD2378012B26D9FF21052006F0D0FDCA
:102074002378022B1AD80021062006F0C9FD237804
:10208400032B8CBFFF210021B0E7DFED158A56E753
:102094000021042006F0BCFD0021052006F0B8FD57
:1020A4000021062006F0B4FD00219FE7FF21062051
:1020B40006F0AEFDE3E72946052006F0A9FDD7E7C3
:1020C400D0210020BC200020E1230020B8200020E3
:1020D400E5230020581E002000007F43D820002064
:1020E4000000000018220020EBA00EEA2DE9F04FBA
:1020F4002DED108BA3B0054605F070FD0446189035
:1021040005F06CFD1990002C00F01087002800F0F9
:102114000887B7EE006AD5ED117A9FEDE27AD5ED26
:10212400175A77EEC67AEB69CDED125AD5ED185AE7
:10213400C7EE876A1B93CDED145A2B6AD5ED195A55
:10214400AA691C93CDED135A6B6AD5ED1A5A1D93E7
:10215400D5ED147A95ED157A95ED1B3AD5ED1E8AD9
:1021640095F87C3095F87D40F5EEC06ACDED0F5AB8
:102174001A92F1EE10FA00F17383F4EEC66AF1EEEE
:1021840010FA00F306879FEDC86A9FEDC89AA6EE81
:10219400869AD5ED455A9FEDC66ADFEDC66AA5EE6F
:1021A400869AB4EEE69AF1EE10FA00F1CB86DFEDF2
:1021B400C26AB4EE669AF1EE10FA36FE899ADFED41
:1021C400BF6A95ED44FA9FEDD86A67EEA66A2FEED2
:1021D40006FAA6EEA7FAB5EEC0FAF1EE10FA00F18F
:1021E400B986DFEDB76AB4EE66FAF1EE10FA36FEA0
:1021F4008FFA9FEDB46ADFEDB45A37EEC66AC6EEC5
:10220400256AF5EEC06AF1EE10FA00F19F86B7EE8A
:10221400008AF4EEC86AF1EE10FA09DCF0EE005A16
:10222400B0EE086A26EEA68AA6EEE56A28EE068ACD
:102234009FED9D6ADFEDB96A77EEC67A87EEA6EA6E
:10224400B5EEC0EAF1EE10FA00F18C86F7EE007AF2
:10225400B4EE67EAF1EE10FA37FE8EEAF0EE477A52
:1022640095ED4A6ADFEDAD6AE6EE267AF5EEC07AC0
:10227400F1EE10FA00F17286B7EE007AF4EEC77A46
:10228400F1EE10FA00F38186F6EE006AB7EE087AF2
:1022940077EEE67A27EE87BA95ED486A23EE033A9D
:1022A400DFED8A6ADDED0F7A9FED897AE6EE267A14
:1022B40063EE07BAF5EEC07AF1EE10FA00F1568635
:1022C400B7EE007AF4EEC77AF1EE10FA00F357860F
:1022D40067EEA77A9FED7F7ADFED7F6AE7EE876A84
:1022E400CDED106A002BDFED7D7A9FED7D0AB0EE17
:1022F40049DADFED7CAAF9EE00EA07FE800A9FEDD9
:102304007ACA08F0CDF9F7EE007A002CF3EE0A6AE7
:102314009FED762A28EE087A77EEC07AD5F84C310C
:10232400DFED732A03F10103D5ED239ACDED157A80
:1023340048FEAA7ACDED117AF3EE007A1693199B32
:10234400EEEE267A189AF3EE096A0233CDED08AA66
:10235400F0EE4BAA09930023B0EE4FBA0232B0EE6E
:102364004EFA0193CDED0B7AF2EE027A05F1800379
:10237400D5ED200AD5ED21DAEEEE267ADFED5DFA11
:10238400F3EE026A0A921793CDED0C7AF1EE0C7A11
:10239400EEEE267AF3EE016ACDED0D7AF1EE047AD3
:1023A400EEEE267AD5ED346AB0EE69EACDED0E7A1A
:1023B400DFED517AA8EE272ADFED477AE7EE272AE8
:1023C400D5ED227AB0EE429AB0EE62AA019A169B3B
:1023D40090B21344C3F30D04C5F84C31002C00F043
:1023E400458595F8443195F8452100F00700179C80
:1023F40000279FED424ADFED424ADFED428ADFEDDE
:10240400429ACDED1E0ACDED1FDACDED207A8DED89
:1024140021EAF9B264EE677A7DEECECA01F10309CE
:102424004E1CB6EE007A01F1020A09F0030806F028
:102434000306ECEEA47A0AF0030B05EB8606C1460C
:1024440005EB8808DA4696ED246A05EB8B0BD8ED8C
:10245400245A36EE656A26EE076A9BED2C7AE6EE80
:10246400287AE7EE297AF4EEEE7AF1EE10FA00F12A
:102474007882B1EE007AF4EEC77AF1EE10FA00F346
:10248400BE84F3EE0B5A27EEA77AF2EE023AB0EED0
:10249400655AA7EE235A37EE257A27EE277AC7EE38
:1024A400057A47E0000047435C8F423FAE47613EF8
:1024B400AE47E13DEC51383EA4707D3F85EB513F82
:1024C4008FC2753F9A99993E3333333F295C8F3ECF
:1024D400B00FA1351F85EB3EBC74933CC42446B9B0
:1024E4007BDEF3B700000000EC51383FBD37063700
:1024F400A69BC43AAE47613D931A5A38CDCCAC3F43
:10250400CDCC2C408FC2F53E52B81E3F6AFB7F3FB4
:1025140009FE7F3FCDCC0CBFCDCC0C3F8FC2753EA6
:10252400CDCCCC3D00442C479A99193EF6289C3FCB
:102534008FC2F53D94ED0C7AC7F1030C43FA07FE04
:1025440042FA0CFC77EEC77A8CEA0E0C1CF0010FF1
:10255400A7EE8A7AD4ED187A08BFB1EE6B5A77EEFB
:10256400E67A18BFB0EE6B5AE7EE896A5FED197A26
:10257400F0EE475A84ED0C7A94ED107A27EE277A20
:10258400D4ED087A77EE857A1FED1F5AC4ED146AEC
:1025940084ED107A67EE857A1FED225AF4EEC57A3F
:1025A400F1EE10FA00F165811FED255AF4EE457A3B
:1025B400F1EE10FA75FE277AC4ED087A002800F0CF
:1025C4005F8194ED200AD4ED047AB7EE007A5FEDD2
:1025D400286AF5EEC07A1FED2F6A67EE807A5FED08
:1025E400305A2BEE066AF1EE10FACCBF3AEE877A37
:1025F40037EE6A7AB4EE667AF1EE10FA98BFB0EE6E
:10260400667AF1EE006A67EEA67A67EE877A1FEDC6
:102614003B7AC7EE876AD4ED007A76EEA76AF7EEC6
:10262400007AC4ED006AB0EE677A96ED2C5AE6EEB5
:102634000E7A65EE083AA6EE6D7A1FED456AEFEE66
:10264400065A9BED2C6A28EE066AA6EE257AB6EEAB
:10265400006AE5EEE37A5FED4B5A2DEE066A6DEE05
:10266400255A27EE0D7A67EE8D7AB4EEC76AF1EE3D
:1026740010FA00F3FB80F4EE475AF1EE10FA48BF6B
:10268400B0EE657AB4EEE76AF1EE10FA00F3EB808F
:10269400F4EE675AF1EE10FA48BFF0EE657AF4EE04
:1026A400C76AF1EE10FA4DDBF0EEEC6A84ED007AC5
:1026B400B0EE6F6A1FED627ADFF8DCC25B00A6EE53
:1026C400876AC4F810C096ED207AB5EEC07A9FED03
:1026D400A67AAFEE076AF1EE10FAC8BF43F0010321
:1026E40026EE086A85F84431D6ED306A76EE266A1D
:1026F400F5EEC06AF1EE10FA00F18883B7EE007AC5
:10270400F4EE476AF1EE10FA77FE266AB0EE457AE7
:10271400C6ED306ADFED956AA6EE667AFFEE006AD2
:10272400B4EEE67AF1EE10FA00F16D83F7EE006A8A
:10273400B4EE667AF1EE10FA36FE877A86ED2C7ADC
:10274400D4ED006AF1EE677AF4EEE67AF1EE10FA6F
:1027540049DBF0EEECCAC4ED007AB0EE6F7ADFED3F
:10276400847AF7EE006A5200ACEEA77AC4ED046AEC
:10277400D8ED207AF5EEC07ADFED7B7AAFEE277ADA
:10278400F1EE10FAC8BF42F0010227EE087A85F88C
:102794004521D8ED307A77EE277AF5EEC07AF1EE5E
:1027A40010FA00F13983F4EE667AF1EE10FA76FE4F
:1027B400A77ADFED6E6AC8ED307AD8ED2C7AE7EEB1
:1027C400267ABFEE007AF4EEC77AF1EE10FA00F141
:1027D4002083B7EE007AF4EE477AF1EE10FA77FE32
:1027E400277AC8ED2C7ADFED637AB4EEE7FAF1EEDE
:1027F40010FA1ADDDBED307AF4EECC7AF1EE10FA51
:1028040013DD95F8443195F84521534059408B0721
:102814000BD19BED247AB1EE477A8BED247A9FEDB0
:10282400567A67EE877ACBED307A032F04F10404ED
:1028340000F0CC8022AB22AAD4ED146A02EB87020A
:10284400013703EB8A0A03EB890912ED04EA5AED16
:1028540004DA95F8443159ED047A95F84521D8E520
:102864009FED469A95E4F0EE467A18E7B0EE467A84
:1028740008E7F0EE457AC4ED087A00287FF4A1AEAB
:1028840066EE886ACDED044A27EE085A9DED0E7A6D
:10289400F6EE003ADDED0B4A66EE876A05933EEEEE
:1028A4002D7A22AB65EE885A8DED034A2CEE866AAA
:1028B40003EB870C27EE237A02915CED080AB0EE55
:1028C400000A26EE086A27EE0B7ACDE9062027EEE9
:1028D400247ADDED0C4AA5EEA47AF2EE005AA6EEB7
:1028E400257A9DED0D6AA5EE067AB2EE026AE7EE50
:1028F400860A94ED1C6A70EE877AB2EE0A7AF2EEDA
:10290400080AE6EE076A9FED1E7A77EEA67A77EE5E
:10291400C77AC7EEA00A07F037FFDFED1A7A0299EB
:102924009DED034ADDED044A20EE270ADFED167A19
:102934000798B4EEE70ADDE90532F1EE10FA00F18A
:102944006E829FED127ADFED127AEFEE077AF4EEE3
:10295400407AF1EE10FA48BFB0EE670A84ED200A1F
:1029640031E6DFED0C7AE5E5B81E053EB81E053FFD
:102974008FC2F53D3333B33E5C8FC23EAE47613EFA
:1029840000008A420000DC438FC2753C0020CB4526
:1029940000C0C145A0BF80BF000080BF0036773BA8
:1029A400295C8F3D0AD7A33E7B142E3F14AE473FCC
:1029B4000AD7233E0AD7A33DC3F5683F295C0F3FDE
:1029C4009A99993E6666663F00FEFF46D5ED4F4AEA
:1029D4009DED116A5FED0F6AF4EEC64A95ED364A35
:1029E40036EE645A9DED156A5FED131AF1EE10FA96
:1029F4001FED147AD5ED227A95ED23EA58BFF0EE57
:102A0400466A1FED156A67EE875AD5ED200A2EEE49
:102A1400077AD5ED21DAE5EE264AD5ED476A9DED34
:102A2400145AA6EE865AD5ED346A36EEC44AC5ED7C
:102A34004F4A24EE084AA4EE215A1FED254AE0EE3F
:102A4400845AADEE847AB5EEC05AF1EE10FA00F174
:102A5400E981B7EE004AB4EEC45AF1EE10FA00F37D
:102A64005182F1EE081AA5EE214A5FED301A25EEE7
:102A7400215A65EE841A27EE044AF4EEEE1AF1EEBA
:102A840010FA00F1DB81B1EE001AF4EEC11AF1EE96
:102A940010FA00F33482B3EE0B0A21EEA11AF2EE1F
:102AA400029AF0EE408AE1EE298A31EE001A21EE14
:102AB400211AC1EE281AB4EEEE4A71EEE51AF1EECF
:102AC40010FAE1EE855A00F1C281F1EE001AB4EE7B
:102AD400E14AF1EE10FA00F30F82B3EE0B1A64EE42
:102AE400041AF2EE028AB0EE410AA1EEA80A71EECF
:102AF400811A61EE841A81EE804A9DED0F6A74EEAC
:102B0400471A26EE0C1A9DED106AA1EE857A95ED12
:102B14004C5AB0EE474A95ED4B7A35EEC70AA0EE13
:102B2400067A75EEC75A85ED4B7AA1EE257AF0EE5A
:102B3400455AF0EE471A34EE457A95ED375AE7EEEA
:102B4400065A1FED656A34EE657AC5ED4C5AB0EE4F
:102B5400654ADDED135AA1EE074A95ED467A1FED5D
:102B64006B1AE7EE065A95ED357A37EE457A95ED10
:102B74004E5A27EE087AE7EE2F5A95ED4D7A34EE49
:102B8400470AA0EE017A31EEC50AF5EEC05AA0EE6E
:102B9400015AF1EE10FA85ED4D7A85ED4E5A00F1A9
:102BA40053811FED7B1AF4EE415AF1EE10FA71FED7
:102BB400255A27EE251A1FED7F6AB0EE617AA1EE41
:102BC400067AB4EEEE7AF1EE10FA00F13A81F1EE03
:102BD400001AB4EEE17AF1EE10FA00F38A81B3EE52
:102BE4000B1A67EE071AF2EE028AB0EE410AA1EE62
:102BF400A80A71EE811A61EE871A81EE801A1FED20
:102C0400917A25EE255AA5EE074AB4EEEE4AF1EE86
:102C140010FA00F12881B1EE007AB4EEC74AF1EE61
:102C240010FA00F36381F3EE0B5A24EE047AF2EE09
:102C3400021AB0EE655AA7EE215A37EE257A27EE2E
:102C4400047AC7EE051A95ED495A1FEDA37ADDED16
:102C5400125AE5EE075AF5EEC05AF1EE10FA00F1F9
:102C6400FF80B7EE007AF4EE475AF1EE10FA77FEE1
:102C7400255A31EE217A1FEDAD6AB6EE005A27EEE1
:102C8400057A31EE471AB0EE475AA5EE815A25EE81
:102C9400065AB4EEEE5AF1EE10FA00F1DE80B1EE0F
:102CA400004AB4EEC45AF1EE10FA00F33481B3EEE4
:102CB4000B1A25EE054AF2EE028AB0EE410AA4EEA2
:102CC400280A34EE014A24EE054A84EE005A1FED28
:102CD400C36A71EEC71AA5EEA17A64EE855A27EE8F
:102CE400067AB4EEEE7AF1EE10FA00F1B380B1EEAA
:102CF400005AB4EEC57AF1EE10FA00F30F81B3EE88
:102D04000B4A27EE075AB2EE021AF0EE441AE5EE29
:102D1400011A35EE045A25EE075A85EE217A1FED85
:102D2400D65A47F6FF709D49019C24EE877A0134F8
:102D3400F0EEE54A65EE855A019427EE055AB0EEA9
:102D4400C77ABDEEE56A74EE874A9DED087A16EE01
:102D5400102ABDEEC56A824237EE247A16EE103A86
:102D6400A8BF024683428DED087AA8BF03468A4273
:102D7400B8BF0A468B42B8BF0B460A99802C21F88B
:102D8400022F099A0A9122F8023F09927FF41EAB9E
:102D9400189E00222846314604F09EFF199C012209
:102DA4002846214604F098FF304604F06DFF204683
:102DB40004F06AFFDFED7A7A9DED087A67EE27AAC0
:102DC400F5EEC0AAF1EE10FA00F1D680F7EE007A23
:102DD400F4EE67AAF1EE10FA77FEAAAAD5ED506ACE
:102DE4009FED707A7AEEE6AAD5ED507AEAEE877A0C
:102DF400C5ED507A23B0BDEC108BBDE8F08FDFED4C
:102E04006A7AFFF797BBB0EE667A97E4DFED676AFC
:102E14007CE4F0EE477AE4E4DFED647AC9E4B0EEF2
:102E2400670A9BE5F0EE651A9FED605AB0EE474ADB
:102E3400F4EEEE1AF1EE10FA7FF525AEDFED5C1A32
:102E440039E69FED5B1ADAE6DFED585AB1E69FEDFD
:102E5400584A52E69FED567A61E79FED555A36E798
:102E6400DFED525A05E7DFED521AECE6D5F848716A
:102E7400B7EE005A95F8443105F1E00C87EA47377C
:102E840095F84521DFED4B4A87EA5747DFED4A5A6B
:102E940087EA4717C5F8487104EB840126460134D4
:102EA40027FA01F1C6F1040603FA04FE042C89B2E0
:102EB40002FA06F681EA0E0181EA060189B207EEFA
:102EC400101A04F00301B8EEC77A05EB810187EE0E
:102ED400246A91ED2C7A27EE257A36EE456AA6EE21
:102EE4000C7AACEC017AD7D1FFF77FBADFED2E1A5A
:102EF400A9E69FED2D1A82E69FED2B4AFDE5DFED55
:102F04002A1AD8E5B1EE0C4A9FED2C5A65EE841AC4
:102F140027EE044AB1E59FED245AD8E69FED227AC4
:102F2400FDE6189B13B1184604F0AEFE199B002B66
:102F34003FF460AF184623B0BDEC108BBDE8F04FF2
:102F440004F0A2BEB0EE669AFFF739B99FED178A76
:102F5400FFF76EB99FED15FAFFF74BB9BEEE08BA4D
:102F6400FFF79AB99FED11EAFFF778B9DFED147A0C
:102F7400CDED107AFFF7B6B9DFED0CAA2EE7DFED41
:102F8400117ACDED107AFFF7ADB9B6EE08BAFFF7B6
:102F940083B99FED0D9AFFF7FCB800BF0080FFFFD7
:102FA4000000803BEC51383EA0BF803F0000000091
:102FB400A0BF80BF00FFFF46295C8F3E14AE473F91
:102FC400BC74933C6BBCF43E48E17A3F5549002203
:102FD4002DE9F04F0B6883B0534D04460261056040
:102FE4000281C260002B00F09A801A465B69002BB4
:102FF400FBD154614FF082414C4A4D4B0025E164B2
:1030040004F5807C4B49E2614FF07E52E1626163DA
:10301400494963644FF07C5321604849A366A16128
:103024004749A26704F19002A16246491646464BFD
:1030340004F1F00221634549DFED457AA163454976
:103044002362E1634449454B2164454903F1100E71
:103054004448A16444496062616544496560A1656E
:103064004349A572E1656561C4ED147AC4ED187A2B
:10307400C4ED197AC4ED1B7AC4ED1C7AC4ED1D7A33
:10308400A4F87C50C4F88050C4E921550192C4F8D6
:103094008C500FCB86E80F00019BC4F8F050C4E9B4
:1030A4002855C4E92A55C4E92C55C4E92E55C4E968
:1030B4003055C4E93255C4E93455C4E93655C4E938
:1030C4003855C4E93A55C3E90155DD609EE80F005F
:1030D4008CE80F0046F6B6132046C4ED447AA4F8F3
:1030E4004431244BC4ED457AC4ED467AC4ED477AA5
:1030F400C4ED487AC4ED497AC4ED4A7AC4ED4B7AFA
:10310400C4ED4C7AC4ED4D7AC4ED4E7AC4ED4F7AD9
:10311400C4ED507AC4E9523503B0BDE8F08F0860BD
:1031240068E700BF301A0020AC050020000078C119
:103134000000F841E63F143FC4050020E17ACA418B
:103144006519023F0B24883E7B1416421B9EBE3E2B
:10315400000000003CBD123FEEEB803EF004002076
:103164000000C8429A9991425C8FC23E3D0AD73E04
:103174005C8F423FF5792B6D06EE902A9FED6A6ACB
:10318400DFED6A7A03EB4222B8EEE65A9FED687AE5
:1031940002EB4143F7EE005A00F1C00200F1D00CFB
:1031A400C5EE066A9FED634ADFED634A9FED635AFD
:1031B40030B44FF0E0244025C4F88851D0F84811C9
:1031C4004B40A6EEA77A83EA43331146043283EADE
:1031D400534383EA4313C3F30F2406EE104AC3F3A5
:1031E4000274B8EEC66A06EE904AF8EEE66AC6EED7
:1031F400047AB0EE456AA6EEA46A77EEE57A67EE45
:10320400877AC2ED0B7AD1ED007AE6EE077AF5EE15
:10321400C07AF1EE10FA00F18380F4EE657AF1EEF3
:1032240010FA75FEA77A944542ED017ACBD183EA70
:103234004333DFED404AF7EE006ADFED415A83EA9B
:1032440053439FED405A40244FF0E02183EA431357
:10325400C3F30F2583EA433206EE105AC3F34E0537
:1032640082EA5242B8EEC66A82EA4212C6EE247A72
:1032740006EE105A9DB2C0F848211B0CB8EEC66A7F
:1032840077EEE67A67EE877AC0ED447AC6EE257A61
:1032940005EE905AF8EEE55A85EEA46A77EEE67AE2
:1032A40067EE877AC0ED457A07EE903AC2F30F23B2
:1032B400F8EEE77AC7EE855A76EE667A67EE877A95
:1032C400C0ED477A25EE876A05EE903A130C92B268
:1032D400F8EEE55A80ED466A06EE103A07EE902ABB
:1032E400B8EEC66AF8EEE77A85EEA45AC6EE245A1A
:1032F40087EEA46A35EE665A75EEE65A76EE667A7D
:1033040025EE076A65EE876A67EE877A80ED486A7C
:10331400C0ED496AC0ED4A7AC1F8084130BC704733
:10332400DFED097A7FE700BF0000FE42B81E053FCB
:103334008FC2F53E00FFFF46CDCCCC3CCDCCCC3D7E
:1033440000FE7F4600FF7F4700000000B5EEC00A84
:1033540010B5F1EE10FA2DED028B82B000F12D8143
:10336400B7EE007AB4EEC70AF1EE10FA00F3F68075
:10337400DFEDC47ADFEDC46AE0EE276AF5EEC06AD9
:10338400F1EE10FA40F17681DFEDC06AC04B9FED9B
:10339400C17A93ED006AB4EEE66AF1EE10FAC0F277
:1033A4003081DFEDBD5AA0EE077ADFEDBC7ADFEDA8
:1033B400BC6A9FEDBC8AE0EE257AA0EE268AB5EEC3
:1033C400C07A83ED006AF1EE10FA40F14A819FED74
:1033D400AF7AB54BD3ED006AF4EEC76AF1EE10FA9A
:1033E40066FE876AF5EEC07AC3ED006AF1EE10FA64
:1033F40040F1FE80DFEDA57AAC4BAD4C93ED007A45
:10340400F4EEC77AF1EE10FA88BFB0EE677A83ED76
:10341400007A05F0DDF907EE900A4FF0E023402230
:1034240094F845E1F8EE677A94F844C1C3F888212A
:10343400012004F18003B6EE002A77EE887ADFEDEE
:103444009D2AB7EE006A9FED9C3ADFED9C5AFCEE94
:10345400E77A9FED9B5ADFED9B3A9FED9B4ACDEDBA
:10346400017A9DF80410DFED994AC1EBC10201EB2A
:1034740082025A3282EA0E0201EBC10E84F845211F
:1034840001EB011201EB4E0E5B3A82EA0C0284F866
:10349400442101EB410484405FFA8EF2B3EC017ADB
:1034A40000F1FF3C07EE902AF8EEE77AC7EEA26A35
:1034B40076EEC27AA7EE837AB4EEE57AF1EE10FAEC
:1034C40072D4B4EE457AF1EE10FA35FE077A41FA79
:1034D40000F2D3ED0F7A03ED017A02F0030277EEE6
:1034E400A37A07EE102AB8EEC77AE7EE047AF5EE6F
:1034F400C07AF1EE10FA54D4F4EE467AF1EE10FAF2
:1035040076FE277A41FA0CF2C3ED0F7AD3ED0B7AEB
:10351400D20734D577EEA47ABFEE007AF4EEC77AF8
:10352400F1EE10FA46D4F4EEC67AF1EE10FA76FE15
:10353400277AC3ED0B7AD3ED037AF1EE677AC3ED04
:10354400037A0130A6440528A6D14FF0E023402297
:10355400C3F8082102B0BDEC028B10BD4C4BD3ED77
:10356400007AF4EEC77AF1EE10FA75DAF0EE477AE3
:103574009FED578AF0EE476A83ED007A2FE077EEED
:10358400E47ABFEE007AF4EEC77AF1EE10FA0ED4C4
:10359400F4EEC67AF1EE10FA76FE277AC3ED0B7AD2
:1035A400CFE7DFED3A7AADE7B0EE657A8FE783EDEA
:1035B4000B7AC6E783ED0B7ABDE7354B9FED327A84
:1035C400D3ED007AF4EEC77AF1EE10FA2ADA9FED21
:1035D400358ADFED327ADFED2F6A83ED007A324BE4
:1035E40093ED007AB4EEE67AF1EE10FAFFF6FAAE55
:1035F400B7EE007AF4EE477AF1EE10FA77FE277A06
:10360400FAE69FED256AA0EE077ADFED247ADFED76
:10361400245A9FED248AE0EE067AB0EE666AA0EEA4
:10362400258ACCE69FED1F8ADFED1C7A9FED197A7F
:103634001D4BD3ED006AB4EEE67AF1EE10FA7FF694
:10364400DBAE83ED007AB7EE007AF4EE477AF1EE62
:1036540010FA77FE277ACFE6F0EE477A9FED1C8AC0
:10366400E6E7F7EE006AB4EE667AF1EE10FA36FE9B
:10367400877AAEE6F4EE476AF1EE10FA77FE266A30
:1036840084E600BF9A99593F3333B33E00000000EB
:1036940054200020CDCC0C3F295C8F3EEC51383FA8
:1036A40000002743000074424420002048200020EA
:1036B400581E002000007F433333333F333373BF3E
:1036C4003333733F0AD7233E295C8F3DAE47613EB7
:1036D40000006443B5EEC00AF1EE10FA00F18480F4
:1036E400F7EE006AB4EEE60AF1EE10FA50DCDFED14
:1036F400B15ADFEDB17AB0EE656AA0EE276AB5EE95
:10370400C06AF1EE10FA5CD5DFEDAC6A9FEDAC7ADD
:10371400DFEDAC7AA0EE267A9FEDAB6AE0EE257A77
:10372400AA4BD3ED006AF4EEC66AF1EE10FAB5EED8
:10373400C07A66FE866AC3ED006AF1EE10FA37D5E8
:103744009FEDA17AA24BD3ED006AF4EEC76AF1EEC5
:1037540010FAF5EEC07A66FE876AC3ED006AF1EEF0
:1037640010FA4AD4B7EE007AF4EE477AF1EE10FA82
:1037740077FE277A974B93ED007AF4EEC77AF1EE51
:1037840010FA88BFB0EE677A83ED007AC0BB704749
:10379400B0EE660ADFED907A9FED907A8B4B93ED55
:1037A400006AB4EEE66AF1EE10FA01DAC3ED006ADB
:1037B400F7EE006AB4EE667AF1EE10FA36FE877A16
:1037C400C0E7B4EEE66AF1EE10FA40F3E7809FED4D
:1037D4007B5AB0EE666A9FED7A7ADFED7A7AA0EED4
:1037E400057AE0EE257A9BE7DFED767A9FED747A31
:1037F400DFED706A9FED740AD0E7DFED737AB9E705
:1038040010B5DFED777A774C2DED028B9FED768A3C
:1038140082B0A0EE278A04F0DBFF07EE900A4FF097
:10382400E023402294F845E1F8EE677A94F844C125
:10383400C3F88821012004F18003B6EE002A77EE54
:10384400887ADFED6A2AB7EE006A9FED693ADFED08
:10385400695AFCEEE77A9FED685ADFED683A9FED0E
:10386400684ACDED017A9DF80410DFED664AC1EB9C
:10387400C10201EB82025A3282EA0E0201EBC10E4E
:1038840084F8452101EB011201EB4E0E5B3A82EA0A
:103894000C0284F8442101EB410484405FFA8EF267
:1038A400B3EC017A00F1FF3C07EE902AF8EEE77AD8
:1038B400C7EEA26A76EEC27AA7EE837AB4EEE57A10
:1038C400F1EE10FA61D4B4EE457AF1EE10FA35FE59
:1038D400077A41FA00F2D3ED0F7A03ED017A02F090
:1038E400030277EEA37A07EE102AB8EEC77AE7EE62
:1038F400047AF5EEC07AF1EE10FA43D4F4EE467A87
:10390400F1EE10FA76FE277A41FA0CF2C3ED0F7A43
:10391400D3ED0B7AD20723D577EEA47ABFEE007AE3
:10392400F4EEC77AF1EE10FA32D4F4EEC67AF1EE80
:1039340010FA76FE277AC3ED0B7AD3ED037AF1EE13
:10394400677AC3ED037A0130A6440528A6D14FF067
:10395400E0234022C3F8082102B0BDEC028B10BD65
:1039640077EEE47ABFEE007AF4EEC77AF1EE10FA5D
:1039740011D4F4EEC67AF1EE10FA76FE277AC3ED8E
:103984000B7AE0E7DFED107ABEE7B0EE657AA0E7E8
:1039940083ED0B7AD1E783ED0B7AD4E7DFED076A89
:1039A4009FED077ADFED077AA0EE267AE0EE257A1E
:1039B400B6E600BF3D0AD73EE17A143F7B14AE3E23
:1039C400EC51383E8FC2753E00000000A420002058
:1039D4005420002044200020C2F5283FB81E053F93
:1039E40000000B43581E002000009E4200007F434D
:1039F4003333333F333373BF3333733F0AD7233EF9
:103A0400295C8F3DAE47613EDFEDB85AB4EEE50A5E
:103A140010B5F1EE10FA2DED028B82B000F12E817B
:103A2400F7EE006AB24BB4EEE60AF1EE10FA00F3D8
:103A3400EA80DFEDB07A9FEDB07A93ED006AA0EEF4
:103A4400277AB4EEC60AF1EE10FAB4EEE57A88BF2E
:103A5400B0EE406AF1EE10FA40F12981DFEDA76A79
:103A6400B0EE657ADFEDA67AE0EE267AA54A83ED1C
:103A7400006AD2ED006AF4EE476AF1EE10FAF5EE50
:103A8400C07A26FE877A82ED007AF1EE10FA40F1D0
:103A9400CE80DFED967A9C4BDFED9C6A93ED007A45
:103AA4009FED9B8AF4EEC77A9A4CA0EE268AF1EE3B
:103AB40010FA88BFB0EE677A83ED007A04F088FECE
:103AC40007EE900A4FF0E023402294F845E1F8EE27
:103AD400677A94F844C1C3F88821012004F1800373
:103AE400B6EE002A77EE887ADFED8B2AB7EE006A0D
:103AF4009FED8A3ADFED8A5AFCEEE77A9FED895A08
:103B0400DFED893A9FED894ACDED017A9DF80410E5
:103B1400DFED874AC1EBC10201EB82025A3282EA2D
:103B24000E0201EBC10E84F8452101EB011201EBF9
:103B34004E0E5B3A82EA0C0284F8442101EB410404
:103B440084405FFA8EF2B3EC017A00F1FF3C07EE99
:103B5400902AF8EEE77AC7EEA26A76EEC27AA7EE6A
:103B6400837AB4EEE57AF1EE10FA7ED4B4EE457AB7
:103B7400F1EE10FA35FE077A41FA00F2D3ED0F7A2E
:103B840003ED017A02F0030277EEA37A07EE102A1E
:103B9400B8EEC77AE7EE047AF5EEC07AF1EE10FAE1
:103BA40060D4F4EE467AF1EE10FA76FE277A41FA02
:103BB4000CF2C3ED0F7AD3ED0B7AD20740D577EE32
:103BC400A47ABFEE007AF4EEC77AF1EE10FA52D47A
:103BD400F4EEC67AF1EE10FA76FE277AC3ED0B7A8C
:103BE400D3ED037AF1EE677AC3ED037A0130A6448C
:103BF4000528A6D14FF0E0234022C3F8082102B0E3
:103C0400BDEC028B10BDD3ED007AF4EEE67ADFED65
:103C1400497AF1EE10FA5FDB3A4B93ED007AF4EE59
:103C2400C76AF1EE10FA7FF636AFC3ED006AB7EE5D
:103C3400007AF4EE477AF1EE10FA77FE277A2AE753
:103C440077EEE47ABFEE007AF4EEC77AF1EE10FA7A
:103C54000ED4F4EEC67AF1EE10FA76FE277AC3EDAE
:103C64000B7AC3E7DFED217AA1E7B0EE657A83E74B
:103C740083ED0B7ABAE783ED0B7AB1E71C4B93ED36
:103C8400007AB5EEC07AF1EE10FA1EDBDFED1C7A95
:103C9400DFED196A1B4A83ED007A92ED007AB4EEE7
:103CA400E67AF1EE10FAC2DAC2ED006ABFE7B4EECA
:103CB400E67AF1EE10FA12DDDFED105AB0EE667A14
:103CC400DFED0F7AE0EE257AD0E6DFED0D7ADFED59
:103CD4000A6AC3ED005A9FE7B0EE667ADAE7DFEDD1
:103CE400076ADFED077AE0EE267ABFE600000000FF
:103CF400CC2000206666263F3333B33E7B14AE3EB1
:103D0400EC51383ED0200020A420002000002D4398
:103D140000002C42581E002000007F433333333F01
:103D2400333373BF3333733F0AD7233E295C8F3D4C
:103D3400AE47613EB81E053FDFED356AB7EE007A47
:103D4400DFED347AE0EE267A2DE9F04781460E461F
:103D540090461F46F4EEC77AF1EE10FA54D49FED64
:103D64002E7AF4EEC77AF1EE10FA2FDCFCEEE77A45
:103D740017EE905A2D0605F0FE454FEA09443378B4
:103D840004F4FE045BBB3B788BBB2C4349F2090A69
:103D940044EA0A0005F0A6FF204B93F900404C4486
:103DA40084F307044C4509D045EA044040EA0A007C
:103DB40005F098FF0123089A14703B70184B0122F8
:103DC4001B683270C8F80030BDE8F0874FEA094438
:103DD40033784FF0FE4504F4FE04002BD3D048F2B0
:103DE4000800204305F07EFF3B78002BCDD0089BD4
:103DF40048F208001B781B0403F4FE03184305F083
:103E040071FF00233B70C0E74FF08075B5E700BF3A
:103E14000000A442000034420000FE42E7230020D8
:103E2400D0210020F8B5254C237833B1244D254A00
:103E34002B6812689B1A2A2B0AD8234C237833B197
:103E44001F4B224A1B6812689B1A2A2B15D8F8BDEF
:103E54001F4E00271F4805F045FF337827700BBB22
:103E6400194C23782BB1194A2B6812689B1A2A2BF8
:103E740003D8BDE8F84005F03DBF174D00261748AC
:103E840005F030FF2B782670002BF2D0144B48F24B
:103E940008001B781B0403F4FE03184305F022FFFB
:103EA4002E70E6E70F4B48F208001B781B0403F45E
:103EB400FE03184305F016FF3770D1E7D423002022
:103EC400D021002030200020D82300203C200020D6
:103ED400D523002008802400D92300200880250051
:103EE400351100203411002070B582B08DED010A27
:103EF40004F06EFC1C4A03469DED010A012014687F
:103F040013601C1BFFF7E6FB184B194A234493422A
:103F140001D902B070BD174B174A1D6811681E689D
:103F2400164B6D1A1660A3FB04131548154A172186
:103F34001B09154C1170036004F04AFC134BB5F5D2
:103F4400486F186001D223782BB94FF60F2005F083
:103F5400C9FE012323704FF60F0005F0C3FE02B023
:103F6400BDE8704005F0C6BE58200020BFF2FCFF3B
:103F74007EB92A00D021002050200020ABAAAAAA92
:103F84005C200020DA230020DB23002060200020B6
:103F940007EE901ADFED246AB7EE007AA0F114035D
:103FA400B8EE676ADBB2C6EE267AF4EE477AF1EE33
:103FB40010FA77FE277A052B13D85BB31B4A4FEA16
:103FC400830C02EB8302C2ED007A194A0120D0541B
:103FD4001848194A6044624400681060174AD15472
:103FE40070471A38C0B2052813D8C0B1144B4FEA31
:103FF400800C03EB8003C3ED007A0D4B01221A54AD
:104004000C4A0D4B6244634412681A600B4B034420
:10401400997170470A4A9C46C2ED007AD5E7034B72
:104024008446C3ED007AE8E70000FE42EC1000206D
:10403400202100204021002028210020E010002021
:1040440004110020554A5649136809685B1AB3F5F0
:10405400E16FC0F082805349136808681B1A112B62
:104064007BD913682DE9F04F4F4D0024DFF84491BC
:104074004FF4A016DFF838B1AF1FC84620462DED27
:10408400028BDFED4A8A83B00B60002C66D0D8ED3A
:10409400007A9BED008A67EEA87AF5EEC07AF1EE1D
:1040A40010FA67D4F4EEE87AF1EE10FA68DCFCEE6C
:1040B400E77ACDED017A9DF804A05346395DFF29D6
:1040C40005D0591A0029B8BF494201290BDD1B0646
:1040D4004BF20B0003F0FE433343184305F002FE9A
:1040E400012007F804A068EE287AF5EEC07AF1EE14
:1040F40010FA42D4F4EEE87AF1EE10FA43DCFCEE66
:10410400E77ACDED017A9DF804A053462978FF297A
:1041140005D0591A0029B8BF494201290DDD1B06F3
:1041240006F5C0214BF20B0003F0FE430B4318438A
:1041340005F0D8FD012085F800A00134013506F50D
:10414400803608F10408062C0BF1040B9DD1E8B964
:1041540003B0BDEC028BBDE8F08F7047144B99EDB2
:10416400008AD3ED007A67EEA87AF5EEC07AF1EE14
:1041740010FA97D500239A46A0E700239A46C5E78C
:104184007F239A469AE77F239A46BFE703B0BDECA4
:10419400028BBDE8F04F05F0ADBD00BFD02100207B
:1041A400202200201C210020E61000200000FE42F6
:1041B40004110020EC100020F8B5A14AA14E1168AA
:1041C40033685B1A052B2DED048B40F2F1803368C4
:1041D4005B259D4CDFED9D9A9FED9D9ADFED9D8AB9
:1041E4009FED9D8A13600A21206803F065FC20EA94
:1041F400E073B0F5FA6F227B636040F3C38007EE8F
:10420400903A9FED967ADFED966AF8EEE77A77EECC
:10421400C77A87EEA67AB5EEC07AF1EE10FA00F10D
:104224000581F7EE007AB4EEE77AF1EE10FA00F3C6
:10423400E080DFED8C7AB4EE677AF1EE10FA98BF85
:10424400B0EE677AD4ED027A637B37EE677AE7EEF5
:10425400297AC4ED027A002B40F0A28033682361EE
:1042640004F0B6FA28444FF0E0227F4BF6EE003A11
:10427400C1B24020B7EE006A9FED7C4AC2F88801C3
:1042840001EB011093F84471C1EBC1025B3801EBFF
:10429400C10E01EB8202DFED765A784001EB410753
:1042A4005A32DFED744A83F844017F0093F84501E4
:1042B40001EB4E0E9FED705A80334240012083F88B
:1042C400C5205FFA8EF2B3EC017A00F1FF3C06EEF2
:1042D400902AF8EEE66AC6EE897A77EEE37AA7EEDC
:1042E400847AB4EEE87AF1EE10FA00F19A80B4EE32
:1042F400657AF1EE10FA35FE877A41FA00F2D3EDD1
:104304000F7A03ED017A02F0030277EEA47A07EE46
:10431400102AB8EEC77AE7EE057AF5EEC07AF1EE28
:1043240010FA7BD4F4EE467AF1EE10FA76FE277A90
:1043340041FA0CF2C3ED0F7AD3ED0B7AD2075BD5B9
:1043440077EE887ABFEE007AF4EEC77AF1EE10FACF
:1043540072D4F4EEC67AF1EE10FA76FE277AC3ED43
:104364000B7AD3ED037AF1EE677AC3ED037A013069
:10437400BE440528A5D14FF0E0234022C3F808210C
:1043840001230DE0B0F5966F15DAD4ED027A00231F
:104394009FED3A7A37EE677AE7EE087AC4ED027A4F
:1043A4002535637323731434EDB2CA2D7FF41BAF28
:1043B400BDEC048BF8BD07EE903A9FED287ADFED53
:1043C400286AF8EEE77A77EEC77A87EEA67AB5EE32
:1043D400C07AF1EE10FA27D4F7EE007AB4EEE77A59
:1043E400F1EE10FA03DC002A7FF423AFCDE7002AB4
:1043F400CBD0B0EE677A25E777EEC87ABFEE007AC5
:10440400F4EEC77AF1EE10FA13D4F4EEC67AF1EEB4
:1044140010FA76FE277AC3ED0B7AA8E7DFED177A58
:1044240086E7B0EE687A68E7002AAED09FED0D7A91
:1044340008E783ED0B7A9AE783ED0B7A91E700BFE7
:1044440014220020D0210020D82100203D0AD73E8C
:1044540000007F43333373BFAE47613E00C0DA458B
:10446400008022440AD7A33E581E00203333333F32
:104474003333733F0AD7233E295C8F3D000000008D
:1044840070B485B0DFED687A684A694B01A9F0EE33
:10449400675A1678B0EE671A03F13C0C08469FED94
:1044A400653ADFED653A9FED654ADFED654ADFED7C
:1044B400651A9FED652ADFED652ADFED650ACDED0E
:1044C400017ACDED027ACDED037A1A7B002A4AD027
:1044D400604D1C692A68121B07EE102AB8EE477A51
:1044E40037EE437AC7EE237AF5EEC07AF1EE10FA8E
:1044F40000F18680B7EE007AF4EEC77AF1EE10FA96
:1045040000F389809FED547A67EE877A77EEA26A8A
:104514002A68121B07EE102AB8EE477A37EE447A5F
:1045240087EE246AB5EEC06AF1EE10FA70D4B7EEE5
:10453400007AB4EE476AF1EE10FA37FE066A93ED9C
:10454400025A25EE267AB5EEC07AF1EE10FA5CD462
:10455400F7EE006AB4EE667AF1EE10FA36FE877A68
:10456400AEBB80ED007A143304306345ADD13B4BD0
:1045740001F10C029FED3A5A9FED3A6AD3ED007AAD
:10458400B1EC017AB4EEE77A37EE677AF1EE10FA1D
:1045940075FE066AE7EE267A8A42E3EC017AEDD1EB
:1045A400314BDFED326AD3ED007A9FED317AF4EED0
:1045B400E57A75EEE75AF1EE10FA58BFB0EE667A76
:1045C400E5EE877AC3ED007A05B070BC7047E6EE7D
:1045D400217AE5EE027AF5EEC07AF1EE10FA1FD4F4
:1045E400B7EE007AF4EE477AF1EE10FA77FE277A06
:1045F400F4EEE57AF1EE10FA88BFF0EE675AB2E70E
:10460400F0EE626AF0EE417A82E79FED077AA7E75F
:104614009FED056A93E7F0EE606ADFED0F7A77E7C6
:10462400DFED017AE4E700BF00000000E52300208D
:10463400D82100200000E143008022450000964478
:10464400000061459A99193FCDCC4C3EE17A143F64
:10465400D7A3903FD0210020CDCC0C3F4C1E00208E
:10466400B81E853EEC51383D1C2200204260E53CDA
:104674008FC2F53D2DE9F04FB84E0746B84D0E20D8
:10468400B146344605F105082DED048BB7EE008ADA
:1046940085B09FEDB49ADFEDB48A11E0F4EE487A68
:1046A400F1EE10FA78FE277A94ED007AA84577EEB9
:1046B400C77AA7EEA87AA4EC017A13D015F8010FF3
:1046C40003F0EEFD07EE900AB8EEE77AC7EE097A3A
:1046D40078EE677AF5EEC07AF1EE10FADED5DFED0A
:1046E400A37AE1E7A24B1A78002A40F02381A14A79
:1046F400177001221A70DFF8E0A20124DFF8DCB29F
:104704000025DFED9D8A9FED9D8ADFF8D4829C4AC7
:104714001AF8013B7BB1D6ED007A9BED007A77EE77
:10472400C77AF0EEE77AF4EEC87AF1EE10FA37D4ED
:1047340000230AF8013C15F0FF0126D1012F24D0F3
:10474400904B1968D8F800305B1AB3F5486F80F0C5
:10475400E680F6EE007A99ED000A30EE670A20EE64
:10476400280A06F0F1F918286FF01703844AA8BF45
:1047740018209842B8BF1846834B1870013401358D
:1047840004360BF1040BE4B2C2E7804B002F00F0B7
:10479400C280002908BF134603EB85033168196002
:1047A400062CEBD1162003F07BFD07EE900ADFED1B
:1047B4006D6AF8EEE77A9FED6D6A87EEA67AB4EE3D
:1047C400C67AF1EE10FA00F19281F7EE006A704CAD
:1047D4009FED706AB4EEE67AF1EE10FA00F302810E
:1047E400D4ED007ADFED6C6A77EE675A6B4BB4EE6A
:1047F400E67A6B4D83ED007AE5EE867A2B78F1EE5E
:1048040010FAC4ED007A40F38E81002B40F0FC8056
:10481400644ED8F8003032689B1A122B40F2F480B0
:10482400F4EE477AF1EE10FA98BFF0EE477AF5EE1F
:10483400C07AF1EE10FA00F19181F7EE008AF4EEFD
:10484400E87AF1EE10FA00F39B819FED577A9FED21
:10485400578AA7EE878A03F0BBFFDFED557A03463C
:104864002521544868EE277AFCEEE77ACDED037AE9
:104874009DF80C20FEF780FCB5EEC08AF1EE10FA2C
:1048840040F18281DFED398A4B4BB0EE480AD8F80B
:104894000020D3ED007AF4EEE87AF1EE10FA67FE28
:1048A400A87AC3ED007A454B1A60FEF74FFD444BDE
:1048B400B0EE480A434A252000934349434BFFF78F
:1048C4003BFAD4ED007A9FED3A7A67EE877AF5EEFB
:1048D400C07AF1EE10FA00F15181F4EEC77AF1EEEC
:1048E40010FA00F34F81FCEEE77A394817EE903A5C
:1048F4001B0603F0FE43184305F0F4F905F0FAF93A
:10490400B0EE480AFFF7F0FAD8F80030D4ED007A98
:10491400336001237BE0002918BF13463CE72D4B8D
:104924001968D8F800305B1AB3F5486FFFF411AF7B
:10493400164B31E70F4A1378BB423FF4DCAE264BEB
:10494400064D17704FF00132244C1A609A800FCD37
:104954000FC495E8030084E80300CCE6402100205E
:104964008C05002000F07F459A99993D00000000D5
:10497400E6230020E023002000004042BC74933C66
:10498400EC100020C0200020E723002004110020A8
:104994004C2000200AD7A33C8FC2F53C40200020C5
:1049A400D723002038200020CDCC0C3F6666E63E9D
:1049B4000000FE42581E0020A8200020AC20002049
:1049C400351100203C200020D8230020D9230020CA
:1049D4000BB04A0050200020202100202821002074
:1049E400D0210020D4ED007AB0EE667A6A4A6B4D8D
:1049F400C2ED006A76EEE76A2B78E6EE867AC4EDBD
:104A0400007A002B3FF404AFD4ED007A01239FED2C
:104A1400647A2B7067EE877AF5EEC07AF1EE10FABD
:104A240063D4F4EEC77AF1EE10FA7ADCFCEEE77A9E
:104A3400CDED037A9DF80C505A4FD8F800303A68FF
:104A44009B1A122B4CD9584E3378FF2B05D0EB1AF6
:104A5400002BB8BF5B42012B42DD2B06534803F009
:104A6400FE43184305F03EF9F6EE006AD4ED007AF1
:104A7400BFEE007A77EEE67A77EEA77AF4EEC77A9D
:104A8400F1EE10FA78D4B7EE007AF4EEC77AF1EECC
:104A940010FA61DC9FED467A4EF20E0067EE877ADB
:104AA400FDEEE77A17EE903A1BB203F30D0303F51C
:104AB40000531A04DB1102F4FE0242EA03631843B2
:104AC40005F010F94DF20D002B0403F4FE03184316
:104AD40005F008F905F00EF9D8F8003035703B60A0
:104AE40005B0BDEC048BBDE8F08F0025A4E7314C84
:104AF400DFED316AD4ED007A9FED307A76EE675AB5
:104B0400254B264D83ED006AE5EEA67A2B78F4EE6C
:104B1400C77AC4ED007AF1EE10FA14DDB0EE467AED
:104B240073E67F2588E7DFED256AF4EEE67AF1EE99
:104B340010FA3FF76AAEDFED226AB4EEE67AF1EEE0
:104B440010FA7FF564AF9FED1F7AF4EE477AF1EE29
:104B540010FA48BF00235AE71B48B1E73927DFEDB5
:104B64001B8A03F035FE3A46034625211848B0EE69
:104B7400688AFEF701FB87E61648A1E70B48BBE607
:104B84007F27EEE71448B7E6B4EEE88AF1EE10FAB0
:104B940078FE888A78E600BF40200020D7230020D2
:104BA4000000FE4234200020361100200BB04A00E1
:104BB40000F8FF454C2000200AD7A33CCDCC4C3D47
:104BC400BC74933C295C0F3D0EE07F7F6666E63E35
:104BD400581E00200EE001000BB04A7F2DE9F04181
:104BE400B14CB24D2DED088BDFEDB19A84B09FED41
:104BF400B1AA9FEDB19A9FEDB1BADFEDB1AA9FEDD5
:104C0400B18A002005F01CF9002800F08780AE4B23
:104C140026681B78AD49AE4AF82BAE480F7892F857
:104C24000080066061D0981DC0B2012840F29180D6
:104C3400FC2B00F09C80902B00F0D380802B00F0A4
:104C44001E81B02BDDD1A7F114030B2B40F25D8242
:104C54004A2FD6D107EE908AF8EEE77A87EEA97A42
:104C6400B4EECA7AF1EE10FACBDDF7EE007A9A4B85
:104C74009A4967EE094A93ED006A27EE0B5AB4EE9F
:104C8400E77AD1ED006A964A67EE2A5AF1EE10FAF5
:104C940077FE877AB4EEE76A92ED007AF1EE10FAC5
:104CA400F4EEE64A26FE276A83ED006A2368F1EEF5
:104CB40010FAB4EEC75A2B608A4B88BFF0EE646AD0
:104CC400F1EE10FAD3ED007AC1ED006AF4EEE75A82
:104CD40088BFB0EE457AF1EE10FA82ED007A88BF13
:104CE400F0EE657AC3ED007A8BE77F4A00212368F2
:104CF40016687E489B1B27687D4EB3F5486F176086
:104D0400017067D233780133DBB2172B43D800200C
:104D1400337005F095F800287FF479AF72B6754AC0
:104D240013781070DBB262B6002B40F0FB8023686E
:104D340040F28A2229685B1A934205D96E4B1B788C
:104D440013B9654B00221A6004B0BDEC088BBDE8B2
:104D5400F081206800236449B0EE490A634A644E36
:104D64000860012013703370FEF7B4FC49E7216832
:104D740000235D4A5E4E1160604F5F4960480B70CE
:104D8400FF21604A33703B70534B80ED008A1170F1
:104D940083ED008A35E70023337003F019FD6022A8
:104DA400034624215848FEF7E7F94B4B9FED577A09
:104DB4000120D3ED007A2268B0EE470AF4EEC77AF8
:104DC4002A60F1EE10FA67FE877AC3ED007AFEF7E7
:104DD40081FC16E7B0EE490A01203170FEF77AFC37
:104DE40090E7B8F1000F4AD007EE908A4548DFED0E
:104DF400488A0123F8EEE76ADFED467A07704648F1
:104E040086EEA97A216807703C48226803703A4804
:104E14000370424B1960424B1A60394BE7EE278A04
:104E2400F5EEC08AC3ED008AF1EE10FA00F172814A
:104E3400B7EE007AF4EEC78AF1EE10FA37FE287A5C
:104E4400254BB0EE680AD3ED007AF4EEC77AF1EEA2
:104E540010FA67FE877AC3ED007A23682B60FEF7A9
:104E6400D3FD03F0B5FC4246034639462648FEF717
:104E740083F9B0EE680A0120FEF72CFCC1E6214B51
:104E84001A78BA4204D0244A1278BA427FF4B9AEEE
:104E940000221A490A7018490A70194A82ED008AD8
:104EA400FF221A70ADE600BFD0210020AC20002004
:104EB4000000FE420AD7233DCDCC0C3FCDCCCC3EE6
:104EC4003333333F00000000F9230020F723002090
:104ED400F8230020D8200020A8200020CC20002087
:104EE400D020002044200020C0200020DE23002009
:104EF400E2230020D6230020E3230020E423002023
:104F0400C420002032110020581E0020EC51383FEC
:104F14003333B33E6666263F37110020D420002089
:104F2400C820002003F054FC7022034624217B484F
:104F3400FEF722F97A4B9FED7B6A93ED007A7A4A69
:104F4400B4EEC67A2168D2ED007A2960F1EE10FA47
:104F5400724EF4EEC67A27FE067A83ED007AF1EEFD
:104F640010FA67FE867AC2ED007A03F031FC07EE90
:104F7400900A9FED6E7A4FF0E023F8EE677A4022B4
:104F84000121F6EE002AC3F88821B7EE006A77EE15
:104F9400877A96F845C196F8447106F180039FED2F
:104FA400643AFCEEE77ADFED633ADFED635A9FED96
:104FB400635ACDED037A9DF80C009FED614AC0EB76
:104FC400C002DFED604A9FED602A00EB82025A3294
:104FD40082EA0C0200EB400C86F8452100EB00123B
:104FE4000CFA01FC5B3A7A4000EBC00700EB470780
:104FF40086F84421FAB2B3EC017A4E1E06EE902AEA
:10500400F8EEE66AC6EE837A77EEE27AA7EEA37A42
:10501400B4EEE57AF1EE10FA6ED4B4EE457AF1EE20
:1050240010FA35FE077A40FA01F2D3ED0F7A03ED58
:10503400017A02F0030277EE847A07EE102AB8EEC2
:10504400C77AE7EE247AF5EEC07AF1EE10FA50D47E
:10505400F4EE467AF1EE10FA76FE277A40FA06F27A
:10506400C3ED0F7AD3ED0B7AD20730D577EE827A7F
:10507400BFEE007AF4EEC77AF1EE10FA3FD4F4EE04
:10508400C67AF1EE10FA76FE277AC3ED0B7AD3EDE9
:10509400037AF1EE677AC3ED037A01316744052997
:1050A400A8D14FF0E023402228492420C3F8082146
:1050B4009FED1C0A264B274A00912749FEF73CFE28
:1050C40004F018FE9FED170AFEF70EFF2FE677EEA9
:1050D400C27ABFEE007AF4EEC77AF1EE10FA11D478
:1050E400F4EEC67AF1EE10FA76FE277AC3ED0B7A67
:1050F400D3E7DFED1A7AB1E7B0EE657A93E783ED93
:105104000B7AC4E783ED0B7AC7E741463846FEF7CE
:105114003FFF76E5B0EE487A92E600BF581E0020C5
:10512400A8200020AE47613F5420002014AE4A431B
:1051340000007F433333333F333373BF3333733F21
:105144000AD7233E295C8F3DAE47613E34110020CF
:10515400D523002030200020D423002000000000AC
:105164001D4A1E4938B5096813685B1AB3F5E16F27
:1051740016D31B49136809685B1AB3F5486F10D33B
:10518400184913680A689B1AB3F5486F02D3164B83
:1051940000221A70154C237813B1154D2B6833B9BE
:1051A40038BD00231149104A0B70137038BD03F049
:1051B4000FFB104A29681368C01A8842F0D30B44C5
:1051C4004FF60F00136004F08DFD04F093FD237877
:1051D400013B237038BD00BFD021002020220020D5
:1051E400C020002050200020DB230020DA230020F0
:1051F4005C200020602000203D4A3E4938B5096803
:1052040013685B1AB3F5E16F06D33B491368096869
:105214005B1AB3F5486F07D2384B00221A7003F0BB
:10522400D7FA374B186038BD364913680A689B1A99
:10523400B3F5486FF0D3344BD3ED007AF5EEC07A72
:10524400F1EE10FA38D4B7EE007AF4EEC77AF1EE44
:1052540010FA49DC67EEA77ADFED2C5A9FED2C7A21
:10526400B3EE086ADFED2B6A42F22833A7EEA57A83
:10527400294A67EE067A86EEA77AFCEEC77A17EE1D
:10528400904A944228BF14469C4238BF1C461B4B8C
:105294001A78B2B11A4D04E02B6004F023FD04F037
:1052A40029FD03F095FA2B6802464FF60F00D21A37
:1052B4002344A242F0D238BD104B184C1A78002A6D
:1052C400E8D101221A7003F083FA0D4B02464FF61F
:1052D4000F201A6004F006FD4FF60F0004F002FDE3
:1052E400BDE8384004F006BD42F6B004CFE700BF85
:1052F400D021002020220020C0200020DE23002016
:10530400B4200020502000200411002000004C4351
:1053140000001042C0E1644C70110100440F010010
:1053240070B542F2107104460020D74ED74D2DEDD2
:10533400088B02F081FF07EE900ADFEDD58A42F276
:105344001071F8EEE77A9FEDD38A9FEDD3BA00206F
:10535400DFEDD2AA87EEA87ADFEDD19A9FEDD1AA2C
:105364009FEDD19AF0EE487AE7EE0B7AC6ED007A1B
:1053740002F062FF07EE900A42F210710020F8EE8C
:10538400E77A87EEA87AF0EE487AE7EE0B7AC6ED74
:10539400017A02F051FF07EE900A42F210710020E8
:1053A400F8EEE77A87EEA87AF0EE487AE7EE2A7A02
:1053B400C6ED027A02F040FF07EE900A42F2107145
:1053C4000020F8EEE77A87EEA87AA7EE2A8A86ED1F
:1053D400038A02F031FF07EE100ADFEDB46A42F2ED
:1053E4001071B8EEC77ADFEDB27A002087EE286A32
:1053F400E6EE267AC6ED047A02F01EFF07EE100AE6
:10540400DFEDAC6A42F21071B8EEC77ADFEDAA7A2A
:10541400002087EE286AE6EE267AC6ED057A02F0C9
:105424000BFF07EE900A42F210710020F8EEE77AC3
:1054340087EEA87AF0EE697AE7EE0A7AC5ED007A8B
:1054440002F0FAFE07EE900A42F210710020F8EE24
:10545400E77A87EEA87AE7EE0A9AC5ED019A02F098
:10546400EBFE07EE900A9FED957A42F21071F8EE8A
:10547400E77A0020C7EEA86AF0EE497AE6EE877A6A
:10548400C5ED027A02F0D8FE07EE900A9FED8C7A01
:1054940042F21071F8EEE77A0020C7EEA86AF0EE47
:1054A400497AE6EE877AC5ED037A02F0C5FE07EE87
:1054B400900A42F210710020B8EEE77AC7EE287A1B
:1054C40077EE897AC5ED047A02F0B6FE07EE100A8B
:1054D400DFED7C6AB8EEC77ADFED7B7A87EE286A67
:1054E400E6EE267AC5ED057A002C40F00B81774B69
:1054F4004FF00132764E1A609A80764D0FCE0FC56A
:1055040096E803004FF0E02685E80300FF21012020
:1055140002F092FE704BC0B2F6EE002A93F84551A9
:10552400B7EE006AC0EBC00293F844C100EB00116F
:105534009FED6A3A00EB8202DFED693A5B3900EBDA
:10554400C00E5A32DFED675A81EA0C019FED665AAC
:105554006A4000EB400583F8441100EB4E0E83F8DB
:1055640045216D0040229FED614ADFED614A8033A1
:105574009FED602A0121C6F888215FFA8EF2B3EC10
:10558400017A01F1FF3C07EE902AF8EEE77AC7EEC4
:10559400836A76EEE27AA7EEA37AB4EEE57AF1EEC8
:1055A40010FA67D4B4EE457AF1EE10FA35FE077AB4
:1055B40040FA01F2D3ED0F7A03ED017A02F003020F
:1055C40077EE847A07EE102AB8EEC77AE7EE247AEB
:1055D400F5EEC07AF1EE10FA49D4F4EE467AF1EE23
:1055E40010FA76FE277A40FA0CF2C3ED0F7AD3ED67
:1055F4000B7AD20729D577EE827ABFEE007AF4EEE1
:10560400C77AF1EE10FA38D4F4EEC67AF1EE10FA55
:1056140076FE277AC3ED0B7AD3ED037AF1EE677A3F
:10562400C3ED037A0131AE440529A6D1324B4FF0C4
:10563400E0214020314A0134C1F808011C7012688D
:105644002F4BBDEC088B1A6070BD77EEC27ABFEEAB
:10565400007AF4EEC77AF1EE10FA11D4F4EEC67AB9
:10566400F1EE10FA76FE277AC3ED0B7ADAE7DFED76
:105674000E7AB8E7B0EE657A9AE783ED0B7ACBE75A
:1056840083ED0B7ACEE700BFEC100020041100205C
:1056940000401C460AD7233D1E856B3FD7A3703FAD
:1056A4000AD7A33C90C2753F000000003433733F17
:1056B4008FC2F53C6766663F0AD7A33D1F856B3FE3
:1056C40048E17A3F6666663FCDCCCC3D2021002080
:1056D4004021002028210020581E002000007F4384
:1056E4003333333F333373BF3333733F0AD7233EEC
:1056F400295C8F3DAE47613EE1230020D02100208C
:10570400B820002042F21071002002F095FD07EE4F
:10571400900A42F210710020B8EEE77AC7EE287AB8
:1057240077EE897AC6ED007A02F086FD07EE900ADC
:1057340042F210710020B8EEE77AC7EE287A77EECD
:10574400897AC6ED017A02F077FD07EE900A42F2FB
:1057540010710020B8EEE77AC7EE287A77EE897ADE
:10576400C6ED027A02F068FD07EE900A42F210716B
:105774000020B8EEE77AC7EE287A77EE897AC6ED8C
:10578400037A02F059FD07EE900A42F210710020EC
:10579400B8EEE77AC7EE287A77EE897AC6ED047A0E
:1057A40002F04AFD07EE900A42F210710020B8EEB2
:1057B400E77AC7EE287A77EE897AC6ED057A02F0A1
:1057C4003BFD07EE100A42F210710020B8EEC77AD2
:1057D400C7EE287A77EE897AC5ED007A02F02CFDBF
:1057E40007EE100A42F210710020B8EEC77AC7EE35
:1057F400287A77EE897AC5ED017A02F01DFD07EE6D
:10580400100A42F210710020B8EEC77AC7EE287A67
:1058140077EE897AC5ED027A02F00EFD07EE100AE2
:1058240042F210710020B8EEC77AC7EE287A77EEFC
:10583400897AC5ED037A02F0FFFC07EE100A42F202
:1058440010710020B8EEC77AC7EE287A77EE897A0D
:10585400C5ED047A02F0F0FC07EE900AB8EEE77AA0
:10586400C7EE287A77EE897AC5ED057A3FE600BF60
:1058740038B5FF2101204FF0E0252DED028B02F019
:10588400DBFCF349C0B2B6EE002A91F84541B7EE0D
:10589400006AC0EBC00291F844C100EB0013DFEDD5
:1058A400ED2A00EB82029FEDEC3A5B3B00EBC00E6D
:1058B4005A32DFEDEA5A83EA0C039FEDE95A62405B
:1058C40000EB400481F8443100EB4E0E81F8452191
:1058D40001F1800340226400DFEDE23A01219FEDF3
:1058E400E24ADFEDE24AC5F888215FFA8EF2B3ECB2
:1058F400017A01F1FF3C07EE902AF8EEE77AC7EE51
:10590400A26A76EEC27AA7EE837AB4EEE57AF1EE75
:1059140010FA00F11C82B4EE457AF1EE10FA35FE6D
:10592400077A40FA01F2D3ED0F7A03ED017A02F01F
:10593400030277EEA37A07EE102AB8EEC77AE7EEF1
:10594400047AF5EEC07AF1EE10FA00F1FD81F4EE7E
:10595400467AF1EE10FA76FE277A40FA0CF2C3ED9D
:105964000F7AD3ED0B7AD20740F1DC8177EEA47A7B
:10597400BFEE007AF4EEC77AF1EE10FA00F1EA8194
:10598400F4EEC67AF1EE10FA76FE277AC3ED0B7ABE
:10599400D3ED037AF1EE677AC3ED037A0131A644BD
:1059A4000529A2D14FF0E0234022B14C42F21071FC
:1059B4000020C3F8082194ED028A02F03DFC07EEB2
:1059C400100A9FEDAC5A9FEDA86AB8EEC77ADFEDD6
:1059D400AA7ADFEDAA6AC7EE055AE5EE867A78EE72
:1059E400277AF4EEE67AF1EE10FA00F1B9819FED30
:1059F400A47AF4EE477AF1EE10FA77FE277AC4ED32
:105A0400027A42F21071002094ED038A02F014FC31
:105A140007EE900A9FED975AB8EEE77A9FED926AE7
:105A2400DFED987ADFED956AC7EE055AE5EE867AE2
:105A340078EE277AF4EEE67AF1EE10FA00F1A2811C
:105A44009FED8F7AF4EE477AF1EE10FA77FE277A1B
:105A54009FED8D7A42F2107194ED048A0020C4ED1A
:105A6400037AB4EEC78AF1EE10FA28FE078A02F030
:105A7400E3FB07EE100A9FED7F5A9FED846AB8EEB0
:105A8400C77ADFED837ADFED776AC7EE055AE5EE74
:105A9400867A78EE277AF4EEE67AF1EE10FA00F1DF
:105AA4006E819FED6F7AF4EE477AF1EE10FA77FE8D
:105AB400277A9FED6E7A42F2107194ED058A0020E8
:105AC400C4ED047AB4EEC78AF1EE10FA28FE078A10
:105AD40002F0B2FB07EE100A9FED665A9FED6D6A65
:105AE400B8EEC77ADFED6C7ADFED6C6AC7EE055A63
:105AF400E5EE867A78EE277AF4EEE67AF1EE10FA9D
:105B040000F13A819FED667AF4EE477AF1EE10FAED
:105B140077FE277A634D42F210719FED637A00207D
:105B240095ED028AC4ED057AB4EEC78AF1EE10FA57
:105B340028FE078A02F080FB07EE100A9FED4D5AFB
:105B44009FED5A6AB8EEC77ADFED597ADFED596AEC
:105B5400C7EE055AE5EE867A78EE277AF4EEE67A11
:105B6400F1EE10FA00F105819FED537AF4EE477AD5
:105B7400F1EE10FA77FE277A9FED4B7A42F210711C
:105B840095ED038A0020C5ED027AB4EEC78AF1EEE2
:105B940010FA28FE078A02F04FFB07EE100A9FED69
:105BA400355A9FED426AB8EEC77ADFED417ADFEDF0
:105BB400416AC7EE055AE5EE867A78EE277AF4EE66
:105BC400E67AF1EE10FA00F1D1809FED3C7AF4EE22
:105BD400477AF1EE10FA77FE277A9FED307A42F297
:105BE400107195ED058A0020C5ED037AB4EEC78ADD
:105BF400F1EE10FA28FE078A02F01EFB07EE100AE7
:105C04009FED1C5A9FED2E6AB8EEC77ADFED287A15
:105C1400DFED2C6AC7EE055AE5EE867A78EE277A30
:105C2400F4EEE67AF1EE10FA00F19D809FED237A0E
:105C3400F4EE477AF1EE10FA77FE277A2249DFED87
:105C4400174A91ED006A214AB4EEE46A40E000BFCD
:105C5400581E002000007F433333333F333373BF78
:105C64003333733F0AD7233E295C8F3DAE47613EF1
:105C7400EC10002000401C468FC2F5BC0AD7A33D9F
:105C8400EC51783F0AD723BDCDCC4C3ECCCC4C3D17
:105C94000AD7A3BCEB51383D8FC275BCEC51383EDA
:105CA40048E17A3F04110020CDCCCC3D90C2753D33
:105CB400CDCCCCBC0AD7233D1F856B3F8FC2753F2B
:105CC400B81E853D295C0F3E54200020442000204E
:105CD4002E4BD2ED006A93ED007AF1EE10FADFED6F
:105CE4002C5AF4EEE46A2B4C2B4826FE246AC5EDAC
:105CF400057AF1EE10FA4FF00105B4EEE57A81ED84
:105D0400006A257066FEA46A0468F1EE10FA23485E
:105D1400C2ED006A046027FE257A83ED007ABDECAB
:105D2400028B38BD77EEE47ABFEE007AF4EEC77AE0
:105D3400F1EE10FA11D4F4EEC67AF1EE10FA76FE12
:105D4400277AC3ED0B7A29E6DFED157A05E6B0EE86
:105D5400657AE6E583ED0B7A1AE683ED0B7A1DE6A8
:105D6400F0EE667A4BE6F0EE667A67E7F0EE667A76
:105D740033E7F0EE667AFFE6F0EE667ACAE6F0EE16
:105D8400667A96E6F0EE667A62E600BFA42000200A
:105D94008FC2F53DE1230020D0210020B82000204F
:105DA4000000000010B502F013FD1730704AB6EE83
:105DB400002AC1B2B7EE006A92F844414FF0E02CD9
:105DC400C1EBC10392F845E101EB0110DFED692A53
:105DD40001EB83039FED683A5B38DFED685A5A3371
:105DE4009FED675A604001EB410483EA0E0301EB27
:105DF400C10E82F84401640082F8453101EB4E0E75
:105E040002F18003DFED5F3A40229FED5F4ADFED50
:105E14005F4A0120CCF888215FFA8EF2B3EC017A54
:105E240000F1FF3C07EE902AF8EEE77AC7EEA26A8B
:105E340076EEC27AA7EE837AB4EEE57AF1EE10FA42
:105E440000F18D80B4EE457AF1EE10FA35FE077A52
:105E540041FA00F2D3ED0F7A03ED017A02F0030266
:105E640077EEA37A07EE102AB8EEC77AE7EE047A43
:105E7400F5EEC07AF1EE10FA6ED4F4EE467AF1EE55
:105E840010FA76FE277A41FA0CF2C3ED0F7AD3EDBD
:105E94000B7AD2074ED577EEA47ABFEE007AF4EEF1
:105EA400C77AF1EE10FA5DD4F4EEC67AF1EE10FA88
:105EB40076FE277AC3ED0B7AD3ED037AF1EE677A97
:105EC400C3ED037A0130A6440528A5D130494FF02B
:105ED400E0239FED305A4020D1ED006A01242E4A80
:105EE400F4EEC56ADFED2D5A92ED007AC3F808018D
:105EF4002B4BF1EE10FAB4EEE57A9FED2A6AD3ED5E
:105F0400007A294866FE856AF1EE10FAC1ED006A4E
:105F1400F4EEC67A0470254C27FE257A2448F1EE67
:105F240010FA246882ED007A046067FE867AC3ED75
:105F3400007A10BD77EEE47ABFEE007AF4EEC77A09
:105F4400F1EE10FA11D4F4EEC67AF1EE10FA76FE00
:105F5400277AC3ED0B7AB5E7DFED167A93E7B0EE57
:105F6400657A75E783ED0B7AA6E783ED0B7AA9E7EB
:105F7400581E002000007F433333333F333373BF55
:105F84003333733F0AD7233E295C8F3DAE47613ECE
:105F940054200020CDCCCC3D442000200AD7A33D82
:105FA400A42000208FC2753DE1230020D0210020D1
:105FB400B820002000000000F8B52B4B2B4A1B78BA
:105FC400D2ED507ABBB12A4A9FED2A7AD2ED006A0B
:105FD400F4EEC76AF1EE10FA34DD9FED277AF4EEA1
:105FE400C77AF1EE10FA2DDC012B40F2145208BFEF
:105FF4004FF4D27208E09FED207AF4EEC77AF1EE06
:1060040010FA1FDC40F214521C4C1D4D2368296801
:106014005B1A9A4215D21B4E236832689B1AB3F559
:106024002F7F0ED9184F3B780133DBB20B2B3B701B
:1060340013D8042B0ED8FFF7B5FE226823682A6014
:106044003360F8BD0D4A00200D4B0F4912680870EB
:106054001A60F8BDFFF70CFCEFE70020FFF760F9CA
:1060640000233B70E9E700BFE5230020581E002011
:1060740018220020EC51383E6F12033CD02100203E
:1060840084200020AC230020FB23002070B50446AC
:10609400082002F0F1FB2F4AB0FA80F3014615788C
:1060A4005B099D4247D02C4D137028682B4A106021
:1060B4002A68121A162A15D9294E32789A420FD014
:1060C400337000293BD0274B1B7853B92046FFF788
:1060D40027F9254A4FF0FF313378C2E90011916066
:1060E40023B970BD1E4B1B78002BFAD03CB11F4A5C
:1060F400116842F210722B685B1A934227D8194B2D
:106104001A78002AEDD1194A296812688A1AB2F558
:10611400E16FE6D9164A29681078002815BF0024D3
:1061240001240420032014700124124A1C70124B11
:106134001070196070BD094A074D1068B8E72B68E4
:106144000A4A1360074B1970002CD1D1DCE705F023
:1061540033FA00BFDF230020D02100208820002054
:10616400DD230020DC230020E01000208C20002010
:10617400E5230020E1230020B8200020094A0A4B2F
:1061840092ED000A03F13C011A7B3AB1D3ED027A95
:10619400B4EEE70AF1EE10FA20FE270A14338B421C
:1061A400F2D1704748200020D821002070B5682221
:1061B4001D4904462DED108B02F034FC1B4ADFED23
:1061C4001C7AD2ED009A1B4969EEA77A1A4B91ED1D
:1061D400009A1A4AF4EEC97A1B7892ED00BAF1EEED
:1061E40010FA88BFB0EE679A83B3154BF3EE086AD2
:1061F4009FED146ABFEE007A1B7807EE903AF8EE32
:10620400677A77EEC67AC7EEA6AAF4EEC7AAF1EECD
:1062140010FA00F15584F7EE007AF4EE67AAF1EE75
:1062240010FA77FEAAAA13E010050020A42000208B
:10623400EC51383F44200020E4230020D0200020EB
:106244003711002000007042000000005FED02AA38
:10625400B1EE047AF14BB2EE0C6ADFEDF17A93ED14
:1062640000AAF1EE006A69EE07CAEE4B1E78EAEE68
:1062740006CAE9EEA6CA7CEEA7CA002E40F0278320
:10628400E94BDFEDEA5A93ED008A9FEDE96AF0EEFF
:1062940048DADFEDE86AE9EE25DAE9EE86DAEBEED4
:1062A40026DAF4EEE7DAF1EE10FA00F10484F7EE00
:1062B400007AF4EEE7DAF1EE10FA00F354846DEEAE
:1062C40087EADFEDDD6A93ED01DA9FEDDC7AA9EE72
:1062D40026DADFEDDB7AA9EE87DAABEE27DAB5EE64
:1062E400C0DAF1EE10FA00F12984F7EE007AB4EE88
:1062F40067DAF1EE10FA37FE8DDAD3ED028ADFEDBC
:10630400D16AB0EE68CA9FEDD07ADFEDD07AA9EEFB
:1063140026CAA9EE87CAABEE27CAB5EEC0CAF1EE0B
:1063240010FA00F10584F7EE007AB4EEE7CAF1EE54
:1063340010FA00F31E84DFEDBABAC54DDFEDC57A5D
:1063440095ED000AB4EEE70AF1EE10FA40F19383FA
:1063540080EE277ADFEDD57A27EE277AFBEE027AF4
:10636400DFEDBD6AD5ED01FAB8EE08EA9FEDB90A92
:10637400E7EE267AF4EEC0FAB0EE087AF1EE10FAFF
:10638400AAEE07EA77EEAE7A77EEAC7AC4ED007A3D
:1063940040F160838FEE807ADFEDC47A27EE277AAE
:1063A400FBEE027ADFEDAC6AD5ED02EA9FEDA90AB5
:1063B400E7EE267AF4EEC0EAB1EE007AF1EE10FAD6
:1063C4003EEE27EA3EEE2CEA84ED01EAB1EE0CEA59
:1063D400ACEE07EA40F12D838EEE807ADFEDB37ADE
:1063E40027EE277AFBEE027ADFED9B6A9FED990A8E
:1063F400B2EE08FAE7EE267AB0EE087AACEE47FA87
:106404007EEE277A95ED03EAB4EEC0EA77EEAC7A35
:10641400F1EE10FAC4ED027A40F1FA828EEE007ABF
:10642400DFEDA27A27EE277AFBEE027ADFED8A6AA5
:10643400E7EE267A9FED897A3FEE27FADFED807A40
:10644400AFEEA77ADFED867A3FEE2CFA84ED03FAFD
:10645400ADEE277AB5EEC07AF1EE10FA00F1D582EE
:10646400F7EE007AB4EE677AF1EE10FA37FE877A27
:10647400DFED726AD5ED047A84ED047A9FED8B7AB0
:10648400A7EEA67ADFED776AADEE267AB5EEC07A8E
:10649400F1EE10FA00F1B682F7EE006AB4EE667A15
:1064A400F1EE10FA36FE877ADFED6F6A84ED057A35
:1064B4009FED6E7AA7EEA67ADFED6D6AADEEA67A51
:1064C400DFED6C6A6BEEA66A37EE267AB5EEC07A1B
:1064D400F1EE10FA00F19382B7EE006AB4EE467A58
:1064E400F1EE10FA36FE077A9FED636A84ED067AC0
:1064F4009FED5E7AAFEE867A9FED606AADEE067A26
:106504009FED546AABEE867AB5EEC07AF1EE10FADE
:1065140000F17282B7EE006AB4EE467AF1EE10FA38
:1065240036FE077A9FED456A84ED077A9FED4F7A30
:10653400AEEE867A9FED5F6AACEE067AB5EEC07A6F
:10654400F1EE10FA00F15582B7EE006AB4EE467A25
:10655400F1EE10FA36FE077A9FED436A84ED087A6D
:106564009FED527AAEEE067A9FED426AACEE067A61
:10657400B5EEC07AF1EE10FA00F13882B7EE006A97
:10658400B4EE467AF1EE10FA36FE077A9FED466ACB
:1065940084ED097AB0EE467ADFED395A9FED346A1C
:1065A400A7EEA57ADFED335AAAEE257AACEE067A89
:1065B40076EE876AF5EEC06AF1EE10FA00F1138206
:1065C400B7EE007AF4EE476AF1EE10FA77FE266A27
:1065D400B3EE0C7ADFED2B5A9FED2B6A9FED2B5A0D
:1065E400A7EEA57ADFED2A5AC4ED0A6AF1EE006A35
:1065F400284BDFED294A93ED004AAAEE067AB3EE62
:10660400006AADEE057AABEEA57AD5ED055AE5EE56
:10661400866A9FED166AEDEE067A4DE0542000205E
:1066240000000000E52300204C1E0020CDCC0C3FD0
:106634005C8FC23E3D0AD73E1F856B3FA4703D3F31
:1066440014AE473F85EB513FB81E053F52B81E3F7D
:10665400EC100020295C0F3E0000F842CDCCCC3D6C
:106664000AD7A33EB81E853E3333333F0AD7A33D32
:106674008FC2753EEC51383E7B142E3FCDCC4C3E40
:10668400EC51383F000000430000584200005042E3
:106694000000304204110020000047430AD7233D84
:1066A40000002042CDCC4C40CDCC4C3D8FC2F53DBA
:1066B400CDCC0C3FAE47613E1FED086AE9EE867A09
:1066C400B7EE006AB0EE465AF5EEC07AA4EE245A4C
:1066D400F1EE10FA84ED0B5A1FED0F5AA9EE057A6C
:1066E4001FED105A84ED0C7AB0EE667AA9EE057AA5
:1066F40084ED0D7A00F17481F4EE467AF1EE10FA2D
:1067040076FE277AB0EE657A5FED196AC4ED0E7AEB
:10671400ADEEA67AB5EEC07AF1EE10FA00F15D8125
:10672400F7EE007AB4EE677AF1EE10FA37FE877A64
:106734005FED226A1FED225AF0EE667A1FED236A9E
:10674400E14A84ED0F7AE5EE857A92ED005ADFEDA9
:10675400DF5AEAEE067AE5EE267AECEE257AEBEEDF
:10676400867AE9EEA67AF5EEC07AF1EE10FA00F137
:106774003181B7EE007AF4EE477AF1EE10FA77FE43
:10678400277ADFEDD36A93ED026A93ED057AA8EEDA
:10679400266AC4ED107A84ED117AB5EEC06AF1EE82
:1067A40010FA00F11481F7EE007AB4EE676AF1EEA4
:1067B40010FA37FE866ADFEDC76AD3ED047A6BEE12
:1067C400266ADFEDC55A84ED126AE7EEA56AF5EE96
:1067D400C06AF1EE10FA00F1F7809FEDC06AF4EEA2
:1067E400466AF1EE10FA76FE266ADFEDBD5A93EDA5
:1067F400036AC4ED136AA8EEA56AB5EEC06AF1EEA9
:1068040010FA00F1DE80F7EE006AB4EE666AF1EE8B
:1068140010FA36FE866ADFEDB35AD3ED016A84EDD1
:10682400146AE9EE256AF5EEC06AF1EE10FA00F199
:10683400C580B7EE006AF4EE466AF1EE10FA76FE11
:10684400266ADFEDA95AA94BEAEEA57A9FEDA86A5C
:10685400C4ED156AD3ED006AE6EE867AF5EEC07AE9
:10686400F1EE10FA00F1A780F7EE006AF4EE667A12
:10687400F1EE10FA76FEA77AC4ED167AF0EE477AB6
:106884009FED9C6ADFED9C6AEAEE067AE9EEA67A51
:10689400F5EEC07AF1EE10FA00F18A80B7EE007AD4
:1068A400F4EE477AF1EE10FA77FE277A012EC4ED62
:1068B400177A0CBF0123002384F864302AD04FF0E8
:1068C4007E528E4B20461A60BDEC108B70BD012E9B
:1068D40040F038818A4AF0EE67EADFED8A6AD2ED49
:1068E40000BA894B6BEEA6BA93ED007A874BF4EEAF
:1068F400C7BAF1EE10FA00F2D380F0EE47BA93ED86
:10690400008AB0EE67CAD3ED028AB0EE67DAF0EE21
:1069140067DA12E5FFF732FC7D4B1B78002B40F061
:10692400BB80DFED825A7B492046774AD1ED007A5D
:106934009FED795AB4EE670AD2ED006A6F4B66EEAA
:10694400856A9FED766AF1EE10FA93ED007ADFED39
:10695400694A9FED735A60FE277AF4EEE75ABDEC5C
:10696400108BF1EE10FA88BFF0EE657AF4EEE76A68
:10697400F1EE10FA88BFF0EE667AB4EEE77A77EEBD
:10698400C77AF1EE10FA54BFF0EE646AF0EE466A8C
:10699400A7EEA67AB4EEC57A83ED007A84ED187A70
:1069A400F1EE10FA4CBF0123002384F8653070BD6A
:1069B400DFED5E7A7AE7DFED5D7A5DE7DFED5B6A56
:1069C4003FE79FED5A6A26E7DFED586A0DE79FED32
:1069D400576AF0E6DFED557AD3E69FED547AA7E6E1
:1069E400DFED527A8EE6DFED516AF1E59FED4F7AE5
:1069F400CCE59FED4E7AAFE59FED4C7A92E59FEDA5
:106A04004B7A71E59FED497A4EE59FED487A2FE583
:106A14003EEE400ADFED437ADFED2F0A80EE270ACF
:106A240003F0B2FEDFED2D7A9FED2F7AA0EE277AE8
:106A3400FAE43EEEC00ADFED3B7ADFED270A80EE92
:106A4400270A03F0A1FEDFED257A9FED277AA0EE59
:106A5400277AC7E43FEEC00ADFED327ADFED1E0A83
:106A640080EE270A03F090FEDFED1C7A9FED1E7A7C
:106A7400A0EE277A94E430EE670ADFED2A7ADFEDA0
:106A8400160A80EE270A03F07FFEDFED147A9FEDED
:106A9400167AA0EE277A61E4234BD3ED005A42E73D
:106AA400B0EE67CA93ED008AB0EE67DAD3ED028ADE
:106AB400F0EE67DA41E4F0EE67EAF0EE67DA00E45C
:106AC400F0EE47AAFFF7C4BBCC200020295C8F3E20
:106AD4000AD7A33D8FC2753D85EB513FAE47613F59
:106AE400CDCC4C3DCDCCCC3C8FC2F53D4C200020D0
:106AF4000AD7233D295C0F3D8FC2F53C18220020A4
:106B0400482000207B142E3F1C2200204C1E002015
:106B1400E3230020A8200020EC51383F6666E63EBF
:106B24006F12033BF6285C3FC420002000000000E5
:106B34001FED02CAF0EE4CBAFFF7FFBB1FED05DAFA
:106B4400FFF7DBBB0E4BF0EE67EAB0EE67CAB0EEC0
:106B540067DA93ED008AF0EE67DAD3ED028AF0EE9D
:106B640067BAFFF7EABBF0EE47EAF0EE67DAFFF741
:106B7400A8BBB0EE67CADFED03BAFFF7DEBB00BF08
:106B84004C1E0020000000003B493C4A0B68106882
:106B94001B1A032B6ED9DFED3A6A0B6839483A4960
:106BA4009FED3A4ADFED3A7A90ED006A9FED397A2B
:106BB40026EE276ADFED384A30B4384D384C95ED6F
:106BC400005A136025EE265AD4ED005A354AD1ED09
:106BD400006A65EE875A344BB4EEC45A66EEA76A6F
:106BE40092ED007AD3ED007A27EE247A85ED005AEF
:106BF40067EEA47AC4ED005AF1EE10FA80ED006A53
:106C0400C1ED006A82ED007AC3ED007A03D54FF03E
:106C1400000CC5F800C09FED1D5AF4EEC55AF1EE04
:106C240010FA01D500252560DFED185AB4EEE56AA7
:106C3400F1EE10FA01D5002404609FED146AF4EE1D
:106C4400C66AF1EE10FA01D500200860DFED0F6A84
:106C5400B4EEE67AF1EE10FA01D5002111609FED51
:106C64000B7AF4EEC77AF1EE10FA01D500221A601D
:106C740030BC7047704700BFD0210020B0200020F6
:106C8400F6287C3FD0200020442000206F12833A55
:106C9400D7A3703FA4707D3F6666663F54200020F2
:106CA400CC200020A420002048200020F0B50221A0
:106CB40001207C4C7C4E7D4D2DED028B9BB0B7EEBC
:106CC400008A01F0EBFD02210820DFED798A01F052
:106CD400E5FD00210A2001F0E1FD01F079FD754B8D
:106CE4000322754918600A2001F012FE01210220D6
:106CF40001F0D4FD0121032001F0D0FD0121042085
:106D040001F0CCFD0121052001F0C8FD0121062080
:106D140001F0C4FD0121092001F0C0FD0C2001F0A7
:106D240017FB012001F044FB082002F08FF80E202D
:106D340001F0B6FA074601F04BFD80EA0740671DF3
:106D440001F074FA4FF0FF315C4800F043FE4FF05D
:106D5400FF315B4800F03EFE5A484FF0FF3100F02F
:106D640039FE0E200DE0F4EE487AF1EE10FA78FECA
:106D7400277ABC42E6EC017AE5EC017A18D014F8E3
:106D8400010F01F08DFA07EE900AB8EEE77AC7EE2C
:106D9400287A78EE677AF5EEC07AF1EE10FAE2D549
:106DA400DFED497ABC42E6EC017AE5EC017AE6D102
:106DB400162001F075FA07EE900ADFED3D6AB8EE91
:106DC400E77AC7EE267AF5EEC07AF1EE10FA64D4CB
:106DD400B7EE007AF4EEC77AF1EE10FA59DC9FEDC3
:106DE4003B7AF4EEC77AF1EE10FACCBF012200220E
:106DF40037483021374B4FF0E025374C4026C0ED63
:106E0400007A3648C4ED007A1A7004F0C9FB344C99
:106E14004FF07E52334B68463349C4F89820C4F887
:106E24008010C4F890203149314AC4F89C30C4F829
:106E34009430304BC4F88410C4F88C30C4F88820E3
:106E4400FFF7B4F96822694604F11800C5F88861AF
:106E540001F0E8FDFF210220C5F8086101F0D8FE29
:106E64000021032001F0D4FE0021042001F0D0FE13
:106E74000021052001F0CCFE0021062001F0C8FE0F
:106E8400142109201BB0BDEC028BBDE8F04001F0D9
:106E9400BFBEF0EE477A0122AAE70022DFED0A7AAC
:106EA400A6E700BF8C05002040210020EC10002044
:106EB40000F07F452C20002029010000A81F00209D
:106EC400D41F002000200020000000008FC2F53CE9
:106ED40040200020D72300204C2000200000202048
:106EE400581E0020000080BFEC5138BFEC5138BE62
:106EF400E17A943EB81E453F70B501209AB001F086
:106F0400BBFCA0F10104FDF757F94FF0E025B4FAFA
:106F140084F4FDF7B5FA402664092046FDF7AAFB80
:106F2400FDF75CFEFCF77EFFFEF71AF9FEF764F945
:106F3400FDF788F82046FFF7A9F86846FFF736F909
:106F4400682269460C48C5F8886101F06BFDC5F8F4
:106F54000861FFF731F8FFF717FE084B084A1B6872
:106F640012689B1A0B2B05D920461AB0BDE8704055
:106F7400FAF7B6BF1AB070BD701E0020D0210020F1
:106F8400BC20002030B5172283B00B21584800F0F4
:106F9400E1FC00220B21574800F0DCFC18220B21F5
:106FA400554800F0D7FC5548FCF710F8544A002324
:106FB400544C11465448D36041F8184B4FF40074B4
:106FC4009361D361036811611481002B00F08D80FB
:106FD40019465B69002BFBD14A6100254B4B48489D
:106FE400556155609572136000F01CFC484800F030
:106FF400A3FE434B2A4600954049454800F010FF44
:10700400444A4549424803F045FB444800F094FE95
:107014000122434C3A4B00923849404800F000FFAB
:107024003C4A3D493D4803F035FB3E4B2068002275
:107034002F49186120689A6058622F489D81986290
:1070440020689D6198632068DA611A631D84DD629B
:107054009D86354AC3E900153449086021683448DF
:10706400256811600560334A20682168214D11604C
:107074002168314A5D611160304B2168304A1860E3
:10708400116023682F4A206813602F4922682F4B10
:1070940008601A6020682E4922682E4B08601A6026
:1070A40020682D4922682D4B08601A6020682C49FD
:1070B40022682C4B08601A6001F08AFB25682A4B71
:1070C40022681D60294B2A491A602268294B0860EE
:1070D4001A6001F07DFB284B256818602749226857
:1070E400274B0D601A6003B030BD026075E700BF26
:1070F400A81F0020D41F002000200020581E0020BC
:1071040064200020AC050020301A0020B8050020BF
:10711400F4200020B40A002045610000082100206A
:10712400D0210020D8210020BC20002014220020DF
:1071340088200020AC200020C82000208C200020C3
:10714400C821002084200020AC230020B02000208F
:1071540020220020B820002038200020D420002045
:10716400D8200020C0200020302000203C20002017
:10717400B420002050200020602000203420002073
:107184001C210020AD4BAE4A18682DE9F04FAD4CE0
:1071940091B0197908940368D17704F58062934219
:1071A40009920ED2A84B1B78002B00F02881099974
:1071B4004FF0E0234022089101F580610991C3F862
:1071C4000822A24B1968A24B0C911868A14B0D9090
:1071D4001A88A14B0A921C880B94002900F0DC81C8
:1071E400002800F04D819D4B9D4D1A4423449D4E33
:1071F40001EB42029C4C00EB43039C49D5F800B0E0
:107204000E950392089D9A4A02939A4B5768D6F8B2
:1072140000A0D3F80080D3F80490D1F800E04B68C4
:10722400D4F808C0886805F110010F9605F5826549
:107234001668626824680795354601972746019CBD
:107244005E46CDF814A0C24604941031039C069502
:107254004D4634F902BFABEB06080394029CA8EB3D
:107264000A09049E34F902AFA9EB05050294059CB2
:107274002F44AAEB0405069C3A442C1B94443A443C
:107284000194A41BA6440CEB02043A444FEA2C1CC0
:10729400734421F820CC18447344C6180011734475
:1072A40021F81E0CA01824113A4421F81C4C02EBBE
:1072B400000C9C1900117344361121F8180C18198C
:1072C400241121F81A6C21F8164C4FEA2C1421F8D9
:1072D400144C041121F8124C079C8C42AFD10F9925
:1072E4003C46019FC1F800A00E99C1F800B05E4968
:1072F4000C605E4CC4E901305D4BC4F800E0C3E9A6
:1073040000575C4BC3E900890A9B40330A930B9BEB
:107314004033C1E9012C0B93BFF34F8F4FF0E023AF
:1073240008990998CA43C3F8701F20310244814266
:107334000891C2F3421251D26AB3012A23D0022A1D
:107344001CD0032A15D0042A0ED0052A07D0062AF9
:1073540040F01C81089AC3F8702F20320892089AD2
:10736400C3F8702F20320892089AC3F8702F203285
:107374000892089AC3F8702F20320892089AC3F82A
:10738400702F20320892089A0999C3F8702F20327E
:107394008A42089222D2089A02F12001C3F8702F7F
:1073A4004032C3F8701FC3F8702F01F14002C3F8D4
:1073B400702F01F16002C3F8702F01F18002C3F84D
:1073C400702F01F1A002C3F8702F01F1C002C3F8BD
:1073D400702F01F1E00209998A42DDD3BFF34F8F88
:1073E400BFF36F8F0A9B7F2B1CD81A4A13800B9B09
:1073F4007F2B09D8184A138011B0BDE8F08F04F52B
:10740400006308920993DCE60024134B0D981C805A
:1074140000F03AFC184B1A681C600D4B1A6011B04E
:10742400BDE8F08F0B4B00240C981C8000F02CFC62
:10743400124B1A681C60054B1A60D8E7C81A002062
:1074440000800E40C0302020D0230020B81A002035
:10745400C01A0020BA230020BC23002001000080B1
:107464001C1B0020201B0020EC1A0020041B002001
:10747400341B0020241B0020C41A0020BC1A002046
:107484000C9A002A00F088808A4800260A998A4BC0
:10749400D0F800800E900B448848894902EB430BD6
:1074A400D0E900CE08988D68D1E9002300F11001DD
:1074B40000F582600290C246BBF90280E14677463D
:1074C400A8EB0A0C0BF1020021F80E6CC246ACEBDF
:1074D400090E019021F80A6C0846AEEB070721F863
:1074E400066C21F8026CE1463A4477461344EC18E2
:1074F4001344019D05F1020BE5181344241121F8EE
:10750400104C5C1913442D1121F80C5C1D19241125
:1075140021F8084C2C1121F8044C0199B1F902808E
:10752400A8EB0A0CACEB090EAEEB07073A44134484
:10753400EC181344E5181344241120F8104B5C197B
:107544002D11134400F1100120F80E6C20F80C5C8E
:107554001D19241120F80A6C20F8066C20F8084C38
:107564002C1120F8026C20F8044C02988842A2D115
:107574000E99C1F800805249C1E900234F4B8D6038
:10758400C3E900CE0A9B40330A93C5E6089AC3F8C0
:10759400702F20320892DDE60D9A002A00F08280D6
:1075A40048480B99444BD0F800E00B440F904648F0
:1075B400464902EB430A0C9E8D68D346D0E9007C11
:1075C4000898D1E9002300F1100100F582600290CF
:1075D400F246B946BBF902E00BF10207E04621F896
:1075E400106C0197AEEB0A0721F80C6CF246A7EB7E
:1075F400090CB946019F01F11000ACEB080821F811
:10760400086C21F8046C07F1020B4244E046203177
:107614001344EC181344E5181344241121F82E4C98
:10762400EC1813442D1121F82A5C1D19241121F89A
:10763400264C2C1121F8224CB7F902E020F8106CEA
:10764400AEEB0A0721F81C6C21F8186CA7EB090CA7
:1076540021F8146CACEB080842441344EC181344AE
:10766400E5181344241120F80E4CEC182D11134482
:1076740020F80A5C1D19241120F8064C2C1120F85E
:10768400024C02988142A3D10F99C1F800E00F493E
:10769400C1E900230C4B8D60C3E9007C0B9B403394
:1076A4000B9339E64FF480620D99089803F044FD7A
:1076B40032E600BF1C1B0020010000802C1B0020B0
:1076C400F81A0020201B00203C1B0020101B002067
:1076D40038B50021044600F023FB88B172B61C4A79
:1076E4001368002B2BD01B490D68002D2CD015607E
:1076F40008600021184A118062B6184600F0C4FAE6
:107704000121204600F00CFB98B172B6134A1368AD
:1077140083B113490C6854B114600024114A086001
:10772400148062B61846BDE8384000F0ADBA08606F
:1077340062B638BD0B4910600B8062B638BD06498D
:1077440010600B8062B6DBE7086062B6D8E700BF62
:10775400B81A0020BC1A0020BA230020C01A002046
:10776400C41A0020BC23002010B5044600F052FCCB
:10777400204610BD38B5234C002342F210724FF45A
:107784000C61E06F40F44020E0671C2003F010FF20
:10779400E3691D4923F440631C481D4A43F4006314
:1077A400E361A36A19401B4B41F0CE01A162416819
:1077B4000A4042F4002242609A68002A20DB1649FB
:1077C400032000224FF48034C1F828014FF08E4585
:1077D400C1F82401114812491A66DA601D615C611E
:1077E4009861D961C3F8E020C3F88C204FF0E062BF
:1077F400C3F89020C3F89440C3F89800C3F89C10D1
:1078040038BD00BF00C00F4000FEFFFF00C00A40AB
:10781400F8FFF7FF0040384000801F40130F0100BD
:10782400000F0F0F10B5364C4FF4006200212046B4
:1078340003F082FC3348012100F088FB0023324925
:10784400324A0B601360FFF795FF2346BFF34F8F57
:1078540004F5006204F120004FF0E021824234BFBD
:107864000122402204EB4212C1F8703F20339342BC
:10787400FAD1BFF34F8FBFF36F8F224A0320244BFB
:107884002449C3F880014FF4806013681C6002240B
:10789400D8829C60A4F60204D88306205960002193
:1078A4001279DC601C4C988302F110001C61996110
:1078B40099821A4C1A4B43F8204002F01F04194BCA
:1078C400012003EB5213A04014B29B001860164829
:1078D400164B40F82410164940F82410A0F58040B7
:1078E4001449C276D3F8882042F00042C3F88820B5
:1078F4009A681143996000F007FB0F4B187010BD94
:10790400C0302020C81A0020B81A0020C01A002055
:1079140000801F400200010120403840F553000060
:10792400001400204038003800C00E4000403840A9
:107934001400008001000090D0230020024A034973
:10794400034802F0A7BE00BFB40A0020D9590000C2
:10795400C81A0020F8B528291B4B4FF49B770D4615
:10796400164604464FF00101C0E902732CBF4FF0E4
:10797400FF330123282A44F6206228BF4FF0FF3347
:1079840002610360284600F089FF3046002100F0C0
:1079940085FF2846002100F045FF0C4B2A0103EB2C
:1079A40005159958EA68C4E90721320103EB061664
:1079B40098586FF07042064BF1681B68626063610F
:1079C400C4E909102046F8BD50C46201D80500205E
:1079D400D021002001617047F0B472B6856A324943
:1079E400D0E90736C6F888306B68426A23EA020396
:1079F4006B606B68426A13436B602C4B476AC5F833
:107A040088704C681A682A4BA3FB0232920C02EB72
:107A1400820252004B681B1B9A42FBD86B6823EA14
:107A240007036B60C369C6F8843062B6D0E90954B1
:107A3400C168A3682B42836905D006E001338361E2
:107A4400A2682A4201D19942F8D8994223D372B646
:107A5400D0E90923046AC3F8842059680A435A60A8
:107A6400416AC3F884105A6822EA01025A60C36961
:107A7400C4F8883062B6D0E90945C168AB681C42D5
:107A8400836904D10BE08361AA68224207D099423A
:107A940003F10103F7D86FF00100F0BC704799427D
:107AA400F9D90120F0BC7047001000E0A40A0020BE
:107AB40083DE1B430000000070B500240D46846182
:107AC400002936D003680646A34239DB3046013428
:107AD400FFF782FF0028E4B22DDBA542F6D11C4952
:107AE400B36970680A688342D6E904548CBFA3EB77
:107AF400000CA0EB030C121BAA4215D907EE900A46
:107B0400B8EE677A9FED106BB7EEC77A27EE067B67
:107B1400BDEEC77B17EE102A624505D96FF070429F
:107B24000968104672607161834207D20020736055
:107B340070BD084670BD6FF0010070BD181A70BDAD
:107B44004FF0FF3070BD00BF9A9999999999B93F48
:107B5400D02100204FF0E0234022C3F808227047D0
:107B6400F8B5144B144D1C686E689CB1237A2046FA
:107B74006BB123686F681B6898476B68E188DB1BEF
:107B8400C3F38F12B1EB931FA28038BFE280646904
:107B9400002CEBD1084B094A5B6810889B1B084CEE
:107BA400C3F38F11B0EB931F218038BF1180BFF353
:107BB4004F8FF8BD301A0020001000E0B6230020DB
:107BC400B4230020036818470B680360704700BFA4
:107BD4000B680360704700BF704700BF30B472B6D3
:107BE400244D254C2A8804F1700104EB82038B4256
:107BF4003CD204F16F01501CC91A00EB910002E061
:107C04000132824232D09C4653F8041B0029F7D03B
:107C1400B1FA81F04FF00043C34021EA0301CCF8EC
:107C2400001001B90132154B2A801A88013291B231
:107C3400198062B6ACEB040C41F67C73C0EB0064B3
:107C44004FEAAC0CC0EB841001240CEB8C1C03EB4E
:107C5400CC1303EB80030A480068C4541844094B4E
:107C64001C88944230BC38BF1980704762B600202B
:107C740030BC7047B8230020341A0020B023002001
:107C84002C1A0020B2230020428872B60378012BFC
:107C940003D9013B037062B67047D14353090B48C3
:107CA4004FF0004201F01F01CA4050F823100A436C
:107CB4000749B1F800C040F823209C45054A88BF15
:107CC4000B801388013B138062B67047341A00207E
:107CD400B8230020B0230020C36813B91DE0DB687B
:107CE400E3B1187A9042FAD110B4586893F809C0F5
:107CF400006950F82C4054B1DB682BB1187A9042DB
:107D0400F3D0DB68002BF9D15DF8044B704740F8E1
:107D14002C10087801300870EEE77047704700BFF8
:107D2400437A8B4206D90369002253F8210043F8B1
:107D3400212070470020704700220449C0E9002236
:107D4400028102740A680860C2607047A41A0020A5
:107D5400037CFBB903680146FBB14368EBB1427A8B
:107D64005B7A9A421CD230B472B62B4B1C68ECB1CD
:107D7400E368C3B1486801E0DB68A3B15A68824292
:107D8400FAD193F809C04A7A9445F5D162B6042031
:107D940030BC7047012062B67047032062B670475A
:107DA400022062B670476469002CE1D11B4C236841
:107DB40043B1994202D10BE0994207D01A46DB68DD
:107DC400002BF9D1052062B630BC704702F10C04D7
:107DD4000D68E868E8B1C3681BB908E0DA683AB12D
:107DE400134681421846F9D162B60620D0E703460D
:107DF400D960CB68002023600123C860AA7A2B7263
:107E04001A44AA724A68947A13721C4494720B74CA
:107E1400D9E7E960EDE700BF301A0020A41A00207A
:107E240010B5047C9DF808E00CB1012010BD02726D
:107E340080F809E0C0E90013BDE81040FFF788BFEF
:107E440038B5037C002B36D043680446427A5B7A0B
:107E54009A4238D272B60168CB68002B2DD0984272
:107E640033D01A46DB689C422AD0002BF9D16268D1
:107E7400607A136953F8200048B1FFF705FF72B622
:107E840062680025607A1369216843F820508B7A70
:107E9400013BDBB28B7203B90B72937A013BDBB209
:107EA400937203B913720A4B00201A6820741C6081
:107EB400E26062B638BD012038BD62B6032038BD29
:107EC400E368D360D3E7022038BDC368CB60CEE754
:107ED400A41A002010B50446FFF7B2FF094A13683C
:107EE40043B19C4202D108E09C4205D01A46DB68AB
:107EF400002BF9D1204610BD0C32E36820461360F4
:107F040010BD00BFA41A00200C4B1A789AB90C4A71
:107F14000C4910B4C2F858110B48D02401224FF078
:107F2400E02180F8464040241046C1F808415DF83D
:107F3400044B1A7070470020704700BFCE23002006
:107F440000140020D15D000000E400E070B472B6BB
:107F540021B9036813B102790F2A45D9294C218824
:107F6400002341FA03F212F0010208D00133102B6E
:107F7400F7D162B600220371026070BC70474FF003
:107F8400010C0CFA03FC41EA0C01218062B61E4D7F
:107F94005FFA83FC1D4940F2824680F804C0EC6F0E
:107FA400194483F0030344F0C0044901EC67A5F5C8
:107FB4009F35174CA5F58075266084F81AC084F89F
:107FC4001EC084F818C084F81FC00160C1E90022F3
:107FD400C1E90222C1E90422C1E906225A5D42F044
:107FE400C0025A5570BC7047064C218841FA02F50C
:107FF400ED07B5D5054D1544B3EB451FB0D162B6B9
:10800400BBE700BFBE23002000C00F408074000205
:1080140000800E4003790F2B11D8094A937672B66B
:108024000849012290F804C00B8802FA0CF223EAF2
:1080340002030B8062B610220023027103607047B2
:1080440000800E40BE230020704700BF704700BF71
:10805400704700BF704700BF70B51A4C1A4D2368B3
:10806400AB4202D0194AD16829BBA369AB4202D002
:10807400164AD169C9B9236BAB4202D0134AD16AFB
:1080840069B9A36CAB4209D0104AD16B31B101215B
:108094001B680F48D163BDE87040184770BD0121CB
:1080A4001B680C48D1629847EBE701211B680A481A
:1080B400D1619847DFE701211B6804F10800D16012
:1080C4009847D2E7C01600209405002000410840DC
:1080D40010170020F8160020E016002038B5064CD2
:1080E400A4F1600554F8083C2046183CDB68984726
:1080F400AC42F7D138BD00BF1017002003682DE94A
:10810400F041044688B01746002B4BD000229A60F9
:108114000122DA60304D04A8DFF8E0801D4451F8F4
:10812400083B2D1102935B6805EB45069847F60062
:1081340006F1080058F806304044DB68019098477F
:10814400264A04A9DDE90103029248F806309B6837
:108154009847029B04A8DB689847236803222048B9
:108164001F609A601F4A23791F4C53551378517826
:10817400C0F828428B4228BF0B469178D2788B42B4
:1081840028BF0B46934228BF1346184C4FF0E022F9
:108194004FF08061012084F87A30C2F80C1108B0E5
:1081A400BDE8F081124AD36E43F44053D3660122F2
:1081B400104B1A60104A1346026040329868002837
:1081C400A8D0103393422360F8D1002318462360CB
:1081D40008B0BDE8F08100BF00BFF7BF94050020E0
:1081E40000140020A80A0020C962000000E400E096
:1081F40000C00F400040084000410840C016002065
:1082040010B4064B0020064C064A1C609C611C639B
:108214009C6405495DF8044B02F03CBAC01600208A
:1082240094050020B40A00204D63000008B1014BFE
:1082340018607047281A0020884200DB704730B469
:10824400124C091A2368EBB1114A124D82FB032C1C
:10825400DA179C44C2EB2C4244F2A71C05FB1233F0
:108264000D4D05FB02F20CFB0322002A0CDA6FF021
:10827400004313442360B3FBF1F201FB123330BC1F
:1082840018447047054BF5E71346F3E7281A002016
:108294005F0B4E831DF30100ECF4FFFF42CE0C1F75
:1082A4001C2849D8F8B5254F04463B78E3B9244B3C
:1082B4001B5DFF2B29D0234A02EB041291680A6844
:1082C40002F44050B0F5805F30D01C061FD41E4C21
:1082D4002360236AD80704D402F0F8F8236AD90784
:1082E400FAD5194B586AF8BD174D184E01E002F043
:1082F400EDF8AB6C1B06FAD4B36C13F08003F6D123
:108304003B700F4B1B5DFF2BD5D10020F8BD0F4CEC
:1083140003F07F032360236ADA0704D402F0D6F85B
:10832400236ADB07FAD5094B586AF8BD22F4805258
:108334001C060A60EBD4CAE700207047D323002050
:1083440058080020D805002000400C4000800C4054
:10835400082830B422D00A280CBF4FF405714FF41A
:108364004671104C104D636C626C2B400F4802F048
:1083740003021A43636C03F0E00313430B43636487
:10838400436C426C2B4002F003021A43436C03F02B
:10839400E0031343194330BC416470474FF4407108
:1083A400DFE700BF00400C4000FCFFFF00800C40F2
:1083B40010B41F4C1F281F49A36C23F02003A3648F
:1083C400626C8B6C22F4404223F020038B644B6C70
:1083D40023F4404312D942F4404243F440436264DC
:1083E4004B641349134A8B6C5DF8044B43F0200330
:1083F4008B64936C43F02003936470470F2808D96F
:1084040042F4004243F4004309480A4942644B647D
:10841400E7E7072804D942F4804243F48043F3E7B2
:10842400032862644B64DCD85DF8044B704700BFDA
:1084340000400C4000800C40A249A34B88422DE927
:10844400F047A24C5E699A69D4F80C801BD9A04B02
:10845400984240F20281C31A9E491B0AA1FB0313EE
:1084640040F22761DB0903EB830303EB830303F28D
:10847400E2438B4228BF0B46A3F54877964BA3FBF8
:108484000737FF0804E0954FB8428CBF0E27062734
:108494008D4908F01F09D1F88030B94543F0C00375
:1084A400C1F880300CD228F01F08A1F5F82148EA61
:1084B4000708C1F80C800B68002BFCDA08F01F09D0
:1084C40016F0007324D186490C698649A14300F053
:1084D400EA8082F4805134464FF4805514F0605F92
:1084E40004D026F060561E43774B5E6111F4405F62
:1084F40007D022F4405274492A438A618B6C1A07CC
:10850400FCD446F00076704A5661936C9B06FCD40A
:10851400754CA04200F2CE804FF0010C0146634638
:1085240003FB011203F1010E0CF10105A24218D85C
:10853400BEF1080F4FF0010340F08D80BCF1040F31
:1085440000F291800A18A24200F2A48005FB00F117
:10855400AC4603F1010E03FB01120CF10105A2422A
:10856400E6D90CF1FF318C0286EA81215F48104480
:108574005F4A90427FD9DFF8A4A16C225D48584D30
:10858400B0FBFEF0D5F800E0B0FBFCF0DFF890C1E2
:108594000EEA0C0CD44509D042F400524FF4805C2E
:1085A400C5F800C02A602A68002AFCDA464A156920
:1085B40005F007059D4203D01361936CDD03FCD4E1
:1085C40011F4E05F09D026F4E05604F4E0543E4A86
:1085D40026435661936C9907FCD44749474A0144A2
:1085E40091423CD8464BC909A3FB0131090B4B1EF0
:1085F4001B0286EA030212F4407F06D026F440767A
:1086040003F44073304A334353612F4A536923F0D0
:1086140000735361936C9B06FCD43A4B4F45A3FB08
:1086240000234FF0FF324FEA9343B0FBF1F1B2FB6A
:10863400F3F3354A1060354A1160354A136008D2A5
:1086440028F01F08214A48EA0707D7601368002B5F
:10865400FCDABDE8F087734662E7122718E74FF4A7
:1086640040730421C5E70CF1FF31204807238C0235
:10867400104486EA8121274ADFF8A8A0A2FB002043
:10868400020D2548362A38BF362202FB00F042EAA2
:108694000A0A74E74FEA8C24002386EA8C214FF0FF
:1086A400010EAC4662E71D4686F0C05411464FF0F9
:1086B400C05313E700244FF0010C02463146234611
:1086C400E64653E700A4781F00C00F4000000840AE
:1086D4000046C32323B24C001F85EB5100366E01C4
:1086E40000800D4040300080FFB19F26808D5B00EC
:1086F400FF7EF64D00643F4D7FD1F0087F17B42C08
:108704009F10E50083DE1B43A40A0020A00A00207A
:10871400C4210020819F5E16001BB7006C200080DE
:108724007F3001800020008000B970472DE9F84FA8
:1087340001218146214C224D224E54E8003F2A68F3
:10874400306844E80013002BF7D11F494B684FF4FD
:108754007A7BDFF878A01B1A01270BFB02F8DAF802
:108764000020A3FB02325A4594BF9044D84454E8F5
:10877400003F2A68306844E80073002BF7D14B6847
:10878400DAF800C01B1A0BFB02F2A3FB0C3CBCF58D
:108794007A7F94BF624402F57A72A2EB0802B2F5C2
:1087A4007A7F06D3B9F1010908F57A78DFD1BDE8FB
:1087B400F88F01F08BFE0449D9E700BFD4210020D3
:1087C400D0210020CC210020001000E0C421002092
:1087D40030B40F4B4FF0010C0E4D0F4C53E8002FEB
:1087E4002868216843E800C2002AF7D10B4B5B6874
:1087F4000B4A5B1A4FF47A71126801FB00F0A3FB79
:10880400023230BC8A4294BF80184018704700BFBF
:10881400D4210020D0210020CC210020001000E031
:10882400C4210020272816D80201104B03EB0010A6
:108834009B5810B4C2685C68144205D061B95DF8F5
:10884400044BC3F888207047836851B1084A5DF827
:10885400044B1A60704770475DF8044BC3F88420DA
:108864007047044A5DF8044B1A607047D80500202D
:1088740038F001003830010027280BD8064B0201DC
:1088840003EB00109A58C36892681A4214BF01207F
:108894000020704700207047D8050020272829D8D9
:1088A400164B0201012903EB00109A5810B45368C7
:1088B400C4680ED004290CD023EA040353608368EF
:1088C400A9B1022917D003290CBF0D4A0D4A1A6019
:1088D40007E0234301295360836808D040F6380237
:1088E4001A60436815225DF8044B1A6070473822F9
:1088F4001A60F6E77047044A1A60F2E7D8050020C8
:10890400383001003800010038F00100704700BF22
:10891400272858D80001F0B4344C354D2358AB42C5
:1089240056D049D8B3F1844F4BD0A5F58045AB421E
:1089340040D1304D2044304E304CC4F8B462D0E9BC
:1089440001C4C0684FF0E0264FF00057042AC6F86F
:1089540010712FD85E6926EA00065E614FF00506A5
:10896400CCF80060266846F4803626605C6824EA09
:1089740000045C60224C54F8224090FAA0F2B2FA4F
:1089840082F245F822106FEA00011DD0DD690F2A3A
:1089940001EA0501D9611DDC52000325D968944020
:1089A40005FA02F221EA02022243DA6098615A6966
:1089B40002435A61F0BC7047124DAB42FAD1124DDA
:1089C400B8E7124DB6E77047DA690243DA61EDE7BA
:1089D4000F4DAFE7103A032519695200944005FA88
:1089E40002F221EA020222431A61DFE7D8050020DD
:1089F40000800042600F00202100000000140020CD
:108A04007805002000C0004260100020E00E002025
:108A1400E00F002008B5FEF749F9FEF76DFA01F002
:108A240055FDFAE7844641EA000313F003036DD1D0
:108A3400403A41D351F8043B40F8043B51F8043B1D
:108A440040F8043B51F8043B40F8043B51F8043B24
:108A540040F8043B51F8043B40F8043B51F8043B14
:108A640040F8043B51F8043B40F8043B51F8043B04
:108A740040F8043B51F8043B40F8043B51F8043BF4
:108A840040F8043B51F8043B40F8043B51F8043BE4
:108A940040F8043B51F8043B40F8043B51F8043BD4
:108AA40040F8043B51F8043B40F8043B51F8043BC4
:108AB40040F8043B403ABDD2303211D351F8043B64
:108AC40040F8043B51F8043B40F8043B51F8043BA4
:108AD40040F8043B51F8043B40F8043B103AEDD213
:108AE4000C3205D351F8043B40F8043B043AF9D264
:108AF400043208D0D2071CBF11F8013B00F8013B37
:108B040001D30B8803806046704700BF082A13D343
:108B14008B078DD010F003038AD0C3F10403D21A5B
:108B2400DB071CBF11F8013B00F8013B80D331F88F
:108B3400023B20F8023B7BE7043AD9D3013A11F80F
:108B4400013B00F8013BF9D20B7803704B7843707A
:108B54008B7883706046704702F02AB84FF0010C9E
:108B64000CFA01FC01EB410100EB411170B5B1F8C5
:108B74000EE01FFA8CF5254C1FFA8EFE24782E0188
:108B84000EFB033306F0F006E340B0F8884173456A
:108B9400A4B228BF73463443012AA0F888410DD0FB
:108BA400022A28D0C2B10CF00F02B0F888C11FFA13
:108BB4008CFC4CEA020CA0F888C170BD9BB20CF08E
:108BC4000F022D02CB82B0F8803105F470659BB2A0
:108BD4002B43A0F88031E8E7AEEB030E0CF00F0254
:108BE4001FFA8EFEA1F80AE0B0F880319BB213435D
:108BF400A0F88031D9E79BB20CF00F02CB83B0F818
:108C040080319BB21E43A0F88061CEE7331100206F
:108C140027284BD8F8B52A4D044615F8202005EB33
:108C24008005012A2DD0022A3FD16B78C3F30110AD
:108C340003283ED0234A02EB803203F0030C22487F
:108C440089B2634602EB4C1C0678BCF806E0580176
:108C5400BCF810301FFA8EFECEF1011E1EFA83F30B
:108C640003F1FF3E0EFB01F1F1408E4523D95B1A5F
:108C7400C3F101039BB289B20244ACF806301182FD
:108C84000DE06A78C2F30113032B10D00F4800EBF8
:108C940083308BB202F00301AA78FFF75FFF0C4B1D
:108CA400EA7803EB04135B681A60F8BD704709485F
:108CB400EFE7094AC1E7991E4FF6FF73DBE700BFF0
:108CC4007408002000C01D403311002000C03D4046
:108CD400D805002000803E4000801E4000230F2263
:108CE40048F2B82C194610B54FF470444FF4806E16
:108CF400A0F88C414FF46044A0F88E210A46A0F8F5
:108D04009031B0F888319BB243F0F003A0F8883179
:108D140001EB4103013100EB431304299C80A3F8C8
:108D240006E05A841A865A805A81A3F80EC05A82E1
:108D3400DA825A83DA83EBD1B0F888319BB243F0FC
:108D44000F03A0F88831B0F888319BB243F4706304
:108D5400A0F8883110BD00BF374B384A996F3848A6
:108D640041F47F0170B5996741F20106D3F8801090
:108D740045F6C05543F226040A43C3F88020FFF7A2
:108D8400ADFF00F58040FFF7A9FF00F58040FFF735
:108D9400A5FF00F58040FFF7A1FF0022A0F5031016
:108DA4004FF00F0E114600EB42134FEA421C013202
:108DB4009981042A5981A3F80EE09E82DD8020F86F
:108DC4000C1019829C81EED100221E484FF00F0E28
:108DD40041F20106114645F6C05543F2260400EB64
:108DE40042134FEA421C01329981042A5981A3F8A3
:108DF4000EE09E82DD8020F80C1019829C81EED159
:108E0400002211480F2641F20105114645F6C054CF
:108E140043F2260E00EB42134FEA421C01329981C1
:108E2400042A5981DE819D82DC8020F80C1019828D
:108E3400A3F80CE0EED170BD00C00F40000003FCAD
:108E440000C03D4000001E4000401E401028034664
:108E5400044A28BF10231078012B38BF0123137054
:108E6400704700BF3311002072B6EFF30583524CF4
:108E7400C4F884301EF0040F0CBFEFF30882EFF344
:108E840009824FF0E0234D4E4D4DD3F8280DD3F811
:108E94002C1DC4E92201D3F8341DD3F8383DC4E9AC
:108EA40024139369C4F89830D369C4F89C3000F053
:108EB400BFF884ED280A01F0DBFB0B214FF0FF32F1
:108EC400C4F8A4000B46C4F880103E49301D5A4033
:108ED400202402F00103013C01FB03F383EA520264
:108EE400F7D1A84202D073680646EFE7324BC3F8C5
:108EF400A820BFF34F8F4FF0E0233049324AC3F824
:108F0400701FC3F8702FBFF34F8FBFF36F8F2F4ABB
:108F140002252F48D36E2F4943F44053D36605608E
:108F2400D3692D4823F07F0343F04003D3610B68DA
:108F340083423DD8264D00214FF0E0234FF0FF320D
:108F440029600126C5F808112449C5F80011C5F89F
:108F54000861C3F88021C3F88421C3F88821C3F8C9
:108F64008C21C3F8902101E000F070F9D5F80C31A0
:108F7400002BF9D00134C5F80C614F2CF4D9184BEF
:108F8400022018494FF00042C1F840015A63D5F855
:108F94000C313BB9144815490D4A0163D2F80C3120
:108FA400002BFAD04FF0E023114AC3F80C2DFEE752
:108FB400FFF742FABEE700BF00FF272080FF27200B
:108FC400A8FF27202083B8EDA0FF272000C00F4072
:108FD40000400840A40A0020803DCD0B009F2400DF
:108FE40000900D4000002E4000800F40F100AD0BBA
:108FF4000400FA050A490A6838B108B51318094883
:10900400834204D810460B6008BD1046704702F036
:10901400FDF80C234FF0FF320360104608BD00BF7B
:10902400B00A00200000282030BFFDE7FFF71CBF76
:10903400124AD2F880305B07FBD5D2F88030104852
:10904400C3F30B230F4990ED007A07EE903A91EDAC
:10905400006AB8EE477A0C4AF8EEE77A0B4BD2ED89
:10906400006A77EEC77A93ED007AB8EE477A67EE36
:10907400867A87EEA60A37EE400A704700810D40D3
:10908400B4210020BC210020C0210020B8210020F0
:10909400836BF0B41BB1536843F40043536072B65E
:1090A400446B3CB31A4B2260D3F8B0410C421DD13F
:1090B400184E776804E07468E41BB4F5166F0BD29D
:1090C400D3F8404144F48044C3F84041D3F8B85144
:1090D400D3F840416404EED50D4007D10C4CC0E9EF
:1090E4000225D4F8B0310B43C4F8B031426362B600
:1090F400F0BC7047064DC0E90224D5F8B0310B43EB
:10910400C5F8B0310263426362B6F0BC704700BF79
:1091140000002E40001000E070B5056B9DB10646BE
:109124002A46002403E012680134012A0CD0536853
:1091340013F08003F7D032632CB12846B36B2D684B
:109144009847013CF9D170BDC6E90C33F4E700BF80
:1091540030B4D9B91F4C204B0021204A01254FF0CF
:10916400011099601D60C4E9023180245C60C2F87A
:10917400BC01D2F8B0311A482B43C2F8B0310160B7
:10918400D2F8B031002BFBD130BC70470904154B29
:10919400104C012541F080019860104A596000F597
:1091A40080511D60D96000F50051A364196100F578
:1091B400405100F58040596100219861E164D2F882
:1091C400B03143F48033C2F8B031D2F8B031002B5F
:1091D400FBD1C0E7000000202017002000002E4033
:1091E400982000204017002010B472B60A4C0122C7
:1091F4000A49237802FA00F018432070D1F8483164
:109204001A0605D480221343C1F84421C1F8483119
:1092140062B65DF8044B7047EC23002000002E403A
:10922400084901220B7802FA00F023EA00000870D2
:1092340030B9054AD2F8483123F08003C2F84831E6
:10924400704700BFEC23002000002E402DE9F04FB2
:109254009C4C83B0D4F84461F107C4F844616AD5E6
:10926400D4F8AC31002B61D0DFF88482964DDFF85E
:1092740078B208F5805ADFF87C92944FC4F8AC3188
:10928400D5E90A20D4F8403143F40053C4F84031FE
:10929400D4F840319B04F5D5D4F8403123F400537D
:1092A400C4F840314FF00113C4F8B431D4F8B431E8
:1092B40013F00113FAD191B240F2816CCBF8003073
:1092C400614500F2D980B1F5D06F80F06181B1F5CC
:1092D400817F00F08F8140F2AB8040F2023C614517
:1092E40000F0B281B1F5A06F40F0C1807849EB6421
:1092F4008B600123A9640B6080234B604FF0011342
:10930400C4F8BC31D4F8B03143F48033C4F8B0317C
:10931400D4F8B031002BFBD1130C5B0643F08073FF
:10932400C4F85431D4F8AC31002BA7D1654AD2F833
:10933400BC31002B4AD1720616D5624BD3F8AC214E
:10934400C3F8AC21D3F8BC21C3F8BC21D3F8B04195
:10935400002CFBD14FF0FF32C3F8B421D3F8843191
:1093640001F026F85B4B1C60F40103D55A4B1B68D3
:1093740003B19847B00103D5584B1B6803B1984714
:10938400710708D54F4BD3F8843113F400731AD006
:10939400534B01221A704B4BD3F848311A060FD5A0
:1093A40033060DD54F4A13782BB1013BDBB2137052
:1093B400002B00F0428203B0BDE8F04F00F09ABCED
:1093C40003B0BDE8F08F464A1370E4E74649C2F89B
:1093D400BC310868034240F061813E4A14681C4075
:1093E400A9D05FEA144810D0374D4FF0010998FA1C
:1093F400A8F7B7FA87F705EBC71009FA07F7403063
:10940400FFF78AFE38EA0708F1D1A4B2002C92D003
:109414002D4D4FF0010894FAA4F7B7FA87F705EB3E
:10942400C71008FA07F7FFF777FEBC43F3D182E7CA
:10943400802900F0A780822919D183B210F0780026
:1094440015D103F07F0257F82210284A108018061D
:1094540000F1C081CB0701D50123137002212348F9
:10946400FFF776FE5EE7010C072900F045814FF017
:109474000113C4F8C03155E742F2210C6145F2D022
:109484003AD942F22123994268D042F221339942D7
:10949400EDD10F4B00229A60EA640122AB641A609A
:1094A40080225A604FF00113C4F8BC31D4F8B031B3
:1094B40043F48033C4F8B031D4F8B031002BFBD17D
:1094C40030E700BF00002E4000000020C0012E4005
:1094D400201700209C200020A4230020A823002083
:1094E400F4230020FA230020982000205821002093
:1094F4009020002040170020B1F5086F3AD0B1F554
:10950400106FB4D1B548C2F307424FF0C8110093AD
:109514000270B34AC4F8C821C4F8CC11C4F8D011FD
:1095240000F048FF00F07CFBAE4A0121009BAA64D6
:1095340011608021936051604FF00112EB64C4F814
:10954400BC21D4F8B02142F48032C4F8B021CBF865
:109554000030D4F8B031002BFBD1E3E680B2002810
:1095640097D1A14BC2F307421968A04B1960A04BD5
:109574001A708EE7994B01219E481B780370FFF700
:10958400E7FDCFE69B4802210380FFF7E1FDC9E632
:10959400994B596800293FF46AAF4FEA124E82B2E0
:1095A40004E019690C3300293FF461AFB3F800C03B
:1095B400F445F6D1B3F802C09445F2D14FEA1E2225
:1095C400032A00F0D8801A89000C824228BF024680
:1095D400BEF5007F40F0D480884B89491878894BC8
:1095E4000092002818BF19468748FFF71BFA864BDC
:1095F400009ADAE010F0780F83B27FF438AF03F00A
:109604007F0213F0800F57F8223014BF23F4803305
:1096140023F0010347F822300022724BEA649A6077
:109624000122AB641A6080225A604FF00113C4F81F
:10963400BC31D4F8B03143F48033C4F8B031D4F839
:10964400B031002BFBD16DE610F0780F83B27FF4BC
:109654000EAF03F07F0213F0800F57F8223014BFCF
:1096640043F4803343F0010347F8223000225D4B7A
:10967400EA649A600122AB641A6080225A604FF057
:109684000113C4F8BC31D4F8B03143F48033C4F8C6
:10969400B031D4F8B031002BFBD143E60020086090
:1096A4005A490C88486842F221018C427FF495AEF5
:1096B40080B200287FF491AE5549564C03C9A1806D
:1096C40086284FEA11412060A1717FF486AE72B6FC
:1096D4005148017841F008010170D2F848110D0693
:1096E40005D480200143C2F84401C2F8481162B68F
:1096F4004A4A5021117070E6EB6001234349C9F8CE
:109704000030474B0A60C9F80430464B4860C9F83A
:109714001030C5F80890C9E9028AD4F8B02142F0A3
:109724000102C4F8B02103F5805203F50053C9F8CF
:109734001420C9F81830D4F8B031002BFBD1294AD1
:10974400EB6493600123AA64136048F280035360BE
:109754004FF00113C4F8BC31D4F8B03143F4803372
:10976400C4F8B0314FF48033CBF80030D4F8B031C2
:10977400002BFBD1D6E5000C0A78824228BF0246B2
:10978400BEF5E06F50D11D4B1D4893F800C01D4934
:109794001D4BBCF1000F18BF014600921846FFF79D
:1097A40041F9072103464170009A23F01F01134435
:1097B400BFF34F8F4FF0E020C0F8701F20318B4271
:1097C400FAD8BFF34F8FBFF36F8F0F481146FFF7DF
:1097D400BFFCA7E5C9033FF53FAE3FE6F3230020F6
:1097E4000200CC0020170020D02100202C220020D1
:1097F400F22300205821002014090020F423002023
:10980400581C0060F01C0060C0382020201A002082
:109814009020002024220020EC230020FA230020A2
:109824008000070090400020064B1846CDE9002335
:10983400FFF7F8F8DDE90023B7E70320FFF7F0FCB2
:1098440001F0BAFEC03820202DE9F0471F46831EE0
:10985400022B01D9BDE8F087DFF84C9015460C4681
:109864003C2209EBC01806464FEAC01A002108F151
:109874000400240401F060FCB5FA85F201235209C6
:1098840044EA427449F80A40C8F83870C8F8083005
:10989400002FDFD0034AB34011680B431360BDE8C7
:1098A400F08700BF9C200020000000202DE9F04735
:1098B4000D46811E022901D9BDE8F087C701DFF8F2
:1098C4004C909246044640373C2200211E4609EB48
:1098D40007082D0408F1040001F02EFCBAFA8AF2FC
:1098E400520945EA427249F807200122C8F8386053
:1098F400C8F80820002EDFD0034B10341968A240AA
:109904000A431A60BDE8F0879C2000200000002074
:1099140012048160C36101F5405342F0800210B427
:109924000124426001F50052046001F5805401F500
:109934008041C46081615DF8044BC0E90423704731
:10994400831E0A46022B00D97047064B00F1100112
:109954004FF0010C03EBC0100CFA01F14030FFF79B
:1099640097BB00BF00000020831E0A46022B00D9CB
:1099740070470121024B814003EBC010FFF788BB05
:109984000000002040687047124A134BD2F82002AE
:1099940020F07F40984210B584B002D200EB8000E2
:1099A40040000E4C01A90A2200F030FE01A9002358
:1099B400204611F8012B01333AB10A2B20F8022F6B
:1099C400F7D11623237004B010BD5B00DBB2237003
:1099D40004B010BD00441F40809698001C11002064
:1099E40038B50C4B04460C4D1B68298843B1B1F5BE
:1099F400917F09D24B1C9BB2084A2B80545438BD2A
:109A0400B1F5917FF6D338BD002204489847002170
:109A14000123F1E76C220020CC23002080220020C7
:109A2400F8B5144C4FF0E025134E4FF4003204EB1C
:109A34004024124F06EB40160346C5F88C212146FC
:109A44003A883046FFF764FF3B882344BFF34F8FC7
:109A5400C5F85C4F2034A342FAD8BFF34F8FBFF34D
:109A64006F8F04203146FFF77FFF4FF40033C5F8B2
:109A74000C31F8BD6039202060170020C02300207D
:109A840042684FF6FC71114BC2F30E42C0691B8849
:109A94009B1A0B4017D00E4930B40E4C0E4D227851
:109AA40021F810300021013225F81010062A94BF45
:109AB400D1B20A46217009490C6823440B60084B53
:109AC400985430BC7047FFF7ABBF00BFC0230020E1
:109AD40068210020E8230020842100206021002048
:109AE400A02100202DE9F04F0123DFF828A1DFF8A1
:109AF40028B183B0414E9AF80020414D414F8BF874
:109B0400003005EB42153388D7F80080CDE9000218
:109B1400002B6DD13C4CDFF804912846FFF732FF4F
:109B240010F080005DD03B68A3EB0803282B04D918
:109B34000123237003B0BDE8F08F2378002BF9D103
:109B440099F80030002BF5D000F0C0FC3388002BCE
:109B5400E3D02E4A9AF800101288D01A043B2C4CF9
:109B64009BB22044338000EB4120009E4902C0F8A0
:109B7400006C93BB04F5406428460C442146FFF76F
:109B8400C7FEBFF34F8F04F1200204F50073934224
:109B940034BF012310234FF0E02204EB4313C2F837
:109BA400704F20349C42FAD1BFF34F8FBFF36F8FB5
:109BB40004202946FFF7C4FE019B02200133032B36
:109BC40094BFDBB200238AF80030FFF729FB00239F
:109BD4008BF8003003B0BDE8F08F0220FFF704FBE0
:109BE400F5E70A4B9AF800101A8820701346B5E777
:109BF400064A01991288D01AB0E700BFC423002096
:109C040020190020D0210020ED230020C8230020AB
:109C140060392020EE230020F0230020F3230020CD
:109C2400214B70B51B78002B3BD04FF400731E46BC
:109C34001E4980221E4D00240B8000211D482B80CC
:109C440001F07AFA1C4A21461C4B1470C0221C48AD
:109C54001C8001F071FA1B4A31461B4B04209460AE
:109C64009C60C2E90044194AC3E900441470184BCB
:109C7400184A1C70184B14602246FFF7E5FD234672
:109C8400224629880420FFF711FE20460134FFF7FD
:109C9400C7FE062CF9D100231049114A0B7013702A
:109CA40070BD40231E46C3E7F4230020C0230020D8
:109CB400C823002020190020EE230020C423002004
:109CC400601700206821002084210020E823002060
:109CD400EA23002060210020F17C0000ED23002015
:109CE400F0230020024B1B780BB1FFF7FBBE70473B
:109CF400F32300202DE9F843214B1D7815B9214E9B
:109D040033880BB9BDE8F883DFF888801E4A98F8D9
:109D140000701E4C02EB47191D4A04EB47241288BD
:109D240048462146D21A2B46FFF7F2FDBFF34F8F68
:109D340004F1200204F50073934234BF012310237D
:109D44004FF0E02204EB4313C2F8704F20349C42DE
:109D5400FAD1BFF34F8FBFF36F8F01374946042009
:109D6400FFF7EEFD032F4FF000034FF0020098BF02
:109D7400FDB2338088F80050BDE8F843FFF750BACD
:109D8400F0230020C4230020201900206045202057
:109D9400C8230020EE230020F8B54FF400324FF022
:109DA400E023204CC3F88C211F4B227819788A4277
:109DB4002ED0D3B21D4A1E4F01331E491E4E072B0F
:109DC40028BF0023D05C37F8102001EB40218D58C8
:109DD4000432316892B2043927F8102031601749EF
:109DE40031F81010914207D94FF0E0234FF40032BC
:109DF4002846C3F80C21F8BDDBB22370FFF710FE30
:109E04004FF0E0234FF400322846C3F80C21F8BD8C
:109E140000254FF0E0234FF400322846C3F80C210C
:109E2400F8BD00BFEA230020E8230020A021002081
:109E34008421002060392020602100206821002036
:109E4400F8B50646FFF7A8FF90B1C0F3031300F07E
:109E54000F059C4A0446070A1370A5F10803062B54
:109E640008D807F00F030133002E45D0B34243D086
:109E74000020F8BDAB1EF8B2012B19D9F72818BF82
:109E8400F02801D9052D13D0042D00F085816B1F16
:109E9400022B40F245810F2DEAD1F72808D8F0288B
:109EA40003D0894B1B88002BE2D0FFF799FDDFE735
:109EB400F1380E28DCD801A353F820F0A182000069
:109EC400B3820000D1820000E1800000E180000044
:109ED400DF820000E1800000ED820000E1800000EC
:109EE400198200004F82000033820000E1800000EC
:109EF4006B82000087820000082DC4F3033217D15F
:109F0400082A15D171488021714A0768C4F30746AD
:109F1400DDB21170240E1FB1314628462246B847DF
:109F24006C4B01206C491D706C4B0E701C70F8BD9D
:109F3400092D14D1092A12D1220E654900F0B480EA
:109F44009020C4F30746DDB20870D4B264490F68A8
:109F5400002FE5D0224631462846B847E0E70A2DCF
:109F640005D10A2A03D15F48A021594ACDE70B2D18
:109F740005D10B2A03D15C48B021554AC5E70C2D05
:109F840040F08A800C2A40F08780584AC02050490B
:109F94001268C4F30746DDB20870240E002ABFD04D
:109FA400314628469047BBE7514B1B68002B00F015
:109FB4000A81C4F307469847454B240E00251F70B9
:109FC400AEE74C4B1B68002BF3D14B4B1B68002BAB
:109FD40000F0ED80FC20C4F307469847ECE7474BBC
:109FE4001B68002BE5D1444B1B68002B00F0DF807D
:109FF400FB20C4F307469847DEE7414B1B68002B60
:10A00400D7D13D4B1B68002B00F0D180FE20C4F358
:10A0140007469847D0E73B4B1B68002BC9D1364B0A
:10A02400C4F307461B68002BC6D0FF209847C3E73C
:10A03400354BC4F307461B68002BBDD03046984708
:10A04400BAE7324B1A68002A00F0B180630CC4F3FB
:10A054000640260C03F47E53F6B218439047ABE750
:10A064002B4BC4F307461B68002BE7D1A4E7294B0D
:10A07400C4F307461B68002B9DD19DE7264B1B6844
:10A08400002B96D11C4B1B68002B00F09080F8200D
:10A09400C4F3074698478FE70D2D62D10D2A60D18E
:10A0A4001E4AD0200A4973E78020DDB2C4F3074674
:10A0B400087006490F68002F7CD0314628461446A4
:10A0C400B8472DE7F5230020CC23002044220020AC
:10A0D400F9230020F6230020F7230020F823002092
:10A0E400482200207C220020402200205022002010
:10A0F4006022002064220020542200203C22002000
:10A1040030220020702200207422002058220020D7
:10A114005C220020782200203822002034220020F3
:10A12400FFF75EFC052D08D0C4F30740FFF758FC89
:10A13400072D02D1200EFFF753FC2B4B2B48198817
:10A144002B4A0170080A2B4C107000202A4A1880F0
:10A15400F023246813707CB301222848A04701200F
:10A16400F8BD0E2D7FF484AE0E2A7FF481AE244A0E
:10A17400E02021491268087072B3610CC4F30640F0
:10A18400DDB201F47E51260C240E01432846F6B2BA
:10A19400A1F500519047C3E6FFF722FCC4F3074042
:10A1A400FFF71EFC200EFFF71BFC0020F8BDC4F3D4
:10A1B400074601E73C46B3E6124B1B688BB10F48D8
:10A1C40098470120F8BD104B1B68002BEFD0FA20F4
:10A1D400C4F307469847EFE6C4F30746DDB2240EFE
:10A1E4009EE60120F8BD00BFCC230020F723002009
:10A1F400F82300206C220020F92300208022002074
:10A204004C2200206822002054220020F8B5144C6F
:10A214004FF0E025134E4FF4003204EB4024124F6C
:10A2240006EB40160346C5F88C2121463A88304691
:10A23400FFF76EFB3B882344BFF34F8FC5F85C4F99
:10A244002034A342FAD8BFF34F8FBFF36F8F03209C
:10A254003146FFF789FB4FF40033C5F80C31F8BDE4
:10A26400604D202020180020C2230020244B2DE91B
:10A27400F0411C884368C569C3F30E43E41A002CFB
:10A2840024DD204920480A780078D3B21F4E824248
:10A294001F4807D010F8038036F81870C7F500720D
:10A2A400944218D90133002226F81540082B194E80
:10A2B40088BF134626F8152098BFDAB2C554164B4A
:10A2C4000A701A6814441C60BDE8F0812846BDE891
:10A2D400F041FFF79BBF07EB482010492246274473
:10A2E400084401EB4521FEF79DFB0B4A284626F85E
:10A2F400187013682344BDE8F0411360FFF786BF6C
:10A30400C2230020E9230020EB2300207421002035
:10A31400A82100209021002064210020604D2020ED
:10A324001D4B1A78002A36D102F0FF031B4A12781B
:10A334008AB32DE9F0411A4D2A8852B3194EC2F559
:10A344000068194F3278194C07EB421704EBC2240A
:10A35400424638462146FFF7DBFA04EB0802BFF316
:10A364004F8F4FF0E023C3F8704F2034A242FAD845
:10A37400BFF34F8FBFF36F8F03203946FFF7E0FA27
:10A3840033780133DBB2032B88BF002333700023FF
:10A394002B80BDE8F0817047F1230020F3230020D7
:10A3A400C6230020EF230020A0190020605D202098
:10A3B400704700BF2D4B002180222D4870B51B78BB
:10A3C40000242C4D8B422C4E0CBF40234FF40073C1
:10A3D4002B80338000F0B0FE284A2146284B1470AD
:10A3E4004FF4807227481C8000F0A6FE264A1021F4
:10A3F400264B0220C2E90044C2E90244244AC3E9CC
:10A4040000441470234AC3E90244234B1C702346BE
:10A4140014602246FFF74AFA2246318803201F4B74
:10A42400FFF712FA2346012229880320FFF73EFA98
:10A4340020460134FFF7EAFE082CF9D1184B00211D
:10A444004A221848184C0460C3F88410C3F88020CA
:10A45400D3F84821154942F08072C3F8482121B14C
:10A46400134A137843F00103137070BDF4230020E2
:10A47400A0190020CA230020C2230020EF230020BB
:10A48400C6230020201800207421002090210020E1
:10A49400E923002064210020EB230020DD84000058
:10A4A40000002E40A423002091850000000000003D
:10A4B400FC230020044B10B51C680CB1204610BDD1
:10A4C40000F004F8204610BD642100202DE9F84373
:10A4D4002D4B1E7866B12D4F3B784BB90123F10704
:10A4E4003B7043D4B20726D400233B70730701D4D6
:10A4F400BDE8F883264B1A68002AF9D0EFF30582E9
:10A50400002AF5D1EFF3108572B61868002834D00C
:10A51400204C2178002930D10122227042691A602E
:10A52400002A2ED0916105B962B60025836845776B
:10A5340098472570DCE7DFF8648098F80030002B3A
:10A54400D2D00025DFF858902B4659F82340013526
:10A55400236820461B69984710B163699B68984734
:10A5640098F80020EBB29A42EFD8BDE7FFF7A2FFBC
:10A574000028B7D0AFF30080B4E7002DB8D162B69D
:10A58400B6E7054B1A60CEE7FC230020D223002057
:10A59400A81A0020CF230020B41A0020D1230020C1
:10A5A400D01A002070B5EFF3108272B60C4C2068FC
:10A5B40080B10C4E00254369236073B19D6102B9DB
:10A5C40062B6836845779847EFF3108272B62068C5
:10A5D4000028F0D102B962B670BD3360EFE700BF66
:10A5E400B01A0020AC1A0020FFF7DCBF0449054A6A
:10A5F4004968054B1960136801331360704700BF45
:10A60400001000E0D0210020CC21002001F1FF3C0B
:10A6140070B56646002400E00134B0FBF2F502FB9D
:10A624001503092B03F1370E03F130035FFA8EFE95
:10A6340098BF5FFA83FE9042284606F801EFEBD2FA
:10A64400631C0022C818CA547CB162461CF8015F1E
:10A6540010F8016DA1EB0C0302328CF80060013B91
:10A66400521A057023449A42EFDB084670BD00BFBE
:10A67400074A506A936A19468446506A936A994213
:10A68400F9D18445F7D1DB0B43EA4040704700BF62
:10A6940000400D4003460846194600F09FBD00BF28
:10A6A40010EE103A40F22A41C3F30A528A42B7EE3E
:10A6B400C03A32D8B7EE000B2D4B93ED4A2B93EDF5
:10A6C400481BB0EE417BA2EE037B17EE100A37EE77
:10A6D400417B00F01F0203EBC20130B492EE037B16
:10A6E40093ED4C4B53F832404D6893ED4E6B93ED24
:10A6F400505BA4EE076B27EE074B00210A1905EB0C
:10A70400C033A5EE070B43EC172BA6EE040B30BCAD
:10A7140020EE070BB7EEC00B704713F5000F20D0E7
:10A72400B2F5FF6F1AD2DFED137AB4EEE70AF1EE59
:10A7340010FA10DCDFED107AB4EEE70AF1EE10FA4D
:10A7440012D4DFED0E7AB4EEE70AF1EE10FAB1D5C9
:10A75400002000F0CBB9002000F0CEB930EE000AA2
:10A7640070479FED070A7047002000F0B9B900BF99
:10A77400800200201772B142B4F1CFC2CF8ECEC294
:10A78400000000000000000030B410EE103A2DED7F
:10A79400028BA3F5000110EE902AB1F1FE4F10EEEA
:10A7A400104A82B04FEA42017CD201F1FF3C6FF0C3
:10A7B4008070844580F0F780002004F1404303F565
:10A7C4004D03C3F3C342DB0DDB05E11ADB1507EED2
:10A7D400903AB14B03EB021292ED003B04EE101AD7
:10A7E400B7EEE06AB7EEC44ABFEE000BA3EE040B6B
:10A7F40093ED443B20EE001B93ED464B93ED402B31
:10A80400A0EE034B93ED425B93ED483BA0EE025B5D
:10A8140021EE012B92ED028BB8EEE77B37EE087B3D
:10A82400A0EE037BA1EE047BA5EE027B26EE077B64
:10A8340017EE903A48F2BF01C3F3CF338B4250D2A4
:10A84400B7EE000B954B93ED402B37EE023B13EE26
:10A85400102A33EE423B02F01F01821803EBC100C1
:10A8640093ED424B37EE437B53F83140456893ED0B
:10A87400446B93ED465BA7EE046B27EE074B002376
:10A88400181905EBC231A7EE050B41EC170BA6EE28
:10A89400040B20EE070BB7EEC00B02B0BDEC028B2D
:10A8A40030BC70474D1E6FF08070854280F0CE80C2
:10A8B40059004D1E854280F09280002B55DB00200C
:10A8C400B4F5000FBFF479AFDFED757A07EE103AF7
:10A8D40067EE277A17EE904A24F00044A4F1386416
:10A8E4006BE79FED656BB4EEC67BF1EE10FA15DCF9
:10A8F4009FED636BB4EEC67BF1EE10FA20DD4FF0F2
:10A904004C5388B10193DDED016ABFEE006A76EE27
:10A91400666AF4EE466AF1EE10FA11D002B0BDECAC
:10A92400028B30BC00F0E8B80093DDED006AB7EEAE
:10A93400006A76EE866AF4EE466AF1EE10FAEDD11C
:10A944009FED516BB4EEC67BF1EE10FA57D99FED33
:10A95400506BB4EEC67BF1EE10FA7FF571AF02B026
:10A96400BDEC028B30BC00F0C1B8C2F3C7517E29E4
:10A9740011DD962954DC0120C1F1960100FA01F1A0
:10A98400481E104207D1114214BF012000200004C8
:10A9940024F0004494E700EE103A02B0BDEC028BC0
:10A9A40030BC00F0C1B8002952D0B3F17E5F2CD086
:10A9B4006400B4F17F4F2ED8B1F17F4F2BD1B4F1A5
:10A9C400FE4F4BD0B4F1FE4F6FEA020234BF0024B5
:10A9D4000124D20F94424CD09FED320A5DE7002B44
:10A9E40020EE000A1EDB002000293AD1002ABFF61F
:10A9F40054AF02B0BDEC028B30BC00F083B802B09F
:10AA0400BDEC028B30BC00F06BB882F480025200C3
:10AA140012F5000F22D907EE903A37EEA00A3CE770
:10AA24000020B5E7C2F3C753A3F17F001728DAD893
:10AA3400C3F19600012303FA00F0441E1442D2D15C
:10AA44001040D1D0B1EE400A1846CDE70029AFD16D
:10AA540084F48002520012F5000FDCD8B7EE000A2D
:10AA64001BE7002ABFF619AFF7EE007A87EE800ADB
:10AA740013E720EEA00A10E771D5D1FFFFFF5F4076
:10AA8400E2AAA3FFFFFF5F400000000000C062C015
:10AA94000000000000A062C0C80300208002002063
:10AAA4000000004B0000000010B582B08DED010ADB
:10AAB400044600F0ABFB9DED010A046002B010BD3A
:10AAC40030B1F1EE407A27EE800A2220FFF7ECBF86
:10AAD400F0EE407A27EE800A2220FFF7E5BF00BFA0
:10AAE4009FED010AFFF7ECBF000000109FED010A83
:10AAF400FFF7E6BF0000201A9FED010AFFF7E0BF51
:10AB0400000000709FED070AFFEE007AB7EE007AAE
:10AB140000284FF0220047FE277A87EE800AFFF7CD
:10AB2400C3BF00BF0000000070EE407AB4EE400ADC
:10AB340087EEA77AF1EE10FAB0EE470A02D621208A
:10AB4400FFF7B2BF704700BF10EE101AC1F3C7522F
:10AB54000029A2F17F0CB4BF4FF0FF300120BCF1FB
:10AB64001E0F0FDCBCF1000F1DDBC1F31603BCF19B
:10AB7400160F43F400030ADD963A03FA02F202FBCD
:10AB840000F07047FDEEC07A17EE900A70474FF45C
:10AB9400800242FA0CF21A44CCF1170C22FA0CF29D
:10ABA40002FB00F07047BCF1FF3F18BF0020704764
:10ABB400024B0146186800F003B800BFC80E00201D
:10ABC4002DE9F04F01F10B06162E83B0044624D86C
:10ABD400102900F2BA8000F0A3FA102618220220ED
:10ABE400B54F3A44A2F1080153688B4200F0BA8091
:10ABF4005A68D96822F003021A449D68E9608D609E
:10AC0400516841F001012046516003F1080500F04C
:10AC14008DFA284603B0BDE8F08F36F0070600F140
:10AC24009480B14200F2918000F07AFAB6F5FC7F8C
:10AC3400C0F09A81730A00F08F80042B00F26F81B8
:10AC4400B30903F1390003F1380CC3009A4F3B44B4
:10AC5400A3F108055B689D4206D10CE0002980F24F
:10AC64002781DB689D4206D05A6822F00302911BBB
:10AC74000F29F3DD60463D69DFF850C265457CD09D
:10AC84006A6822F00302931B0F2B00F37B81002BD5
:10AC9400C7E904CC80F26C81B2F5007F80F01A81A0
:10ACA400D308796801334FEA521E012202FA0EF2E8
:10ACB4000A4357F833E0C5F808E007EBC301083945
:10ACC400E9607A6047F83350CEF80C5083100121C4
:10ACD4009940914257D8114206D120F0030049000F
:10ACE400114200F10400FAD007EBC0094D46864634
:10ACF400D5F80C80454508D11DE1002B80F2248154
:10AD0400D8F80C80454500F01681D8F8042022F0CC
:10AD14000302931B0F2BF0DD2046D8E9025408EB05
:10AD2400060146F00106C8F80460EC60A56043F033
:10AD34000104C7E90411C1E902CC4C6048F80230AF
:10AD440000F0F4F908F1080502E00C232360002563
:10AD5400284603B0BDE8F08F4FF4007340204FF055
:10AD64003F0C73E7D3689A4208BF02307FF440AFC8
:10AD74003D69DFF858C1654582D17A6883100121A5
:10AD840099409142A7D9BD686B6823F003094E45E9
:10AD940003D8A9EB06030F2B7ADCDFF834B1474B59
:10ADA400DBF800201B680132334405EB090A00F08C
:10ADB400338103F580530F3323F47F6828F00F08A1
:10ADC4004146204600F010FA411C024600F0F38090
:10ADD400824500F2EE803A4B1968414419600846F6
:10ADE40000F04E81DBF80010019301311BBFA2EB90
:10ADF4000A010918CBF80020196012F0070B00F0C3
:10AE04001781CBF108010A44CBF5805190440831F5
:10AE1400A1EB0801C1F30B0A51462046009200F051
:10AE2400E3F9421CDDE9002300F04F81801A00EBB6
:10AE34000A081968BA6048F001005144BD425060E4
:10AE4400196000F02981B9F10F0F40F22781686879
:10AE5400A9F10C0C2CF0070C00F0010040EA0C00E6
:10AE640068604FF0050E05EB0C00BCF10F0FC0E954
:10AE740001EE00F2328150681546124B1A688A427C
:10AE840038BF1960104B1A688A4238BF196094E0C1
:10AE9400AA1943F0010346F001066E602046BA6029
:10AEA400536000F043F90835284603B0BDE8F08F3D
:10AEB400D9681A44A1E600BFB80A0020101D00207A
:10AEC400E01C0020081D00200C1D0020C00A0020EA
:10AED400C00E0020B2F5206F4FEA522363D3142B27
:10AEE40000F2B78003F15C01C9005B3307EB010E8C
:10AEF4007958AEF1080E8E4500F091804B6823F02E
:10AF04000303934202D989688E45F7D1D1F80CE046
:10AF14007A68C5E9021ECEF80850CD60D6E6142B37
:10AF240059D9542B00F29D80330B03F16F0003F1C8
:10AF34006E0CC3008AE60EF1010E1EF0030F05F13C
:10AF440008057FF4D5AE51E0424445465368D8F82D
:10AF54000C1043F00103536055F8083F2046D960B4
:10AF64008B6000F0E3F8F3E6F00806F1080237E638
:10AF74002A442046536843F001035360083500F027
:10AF8400D5F8E5E6A919204646F0010643F0010488
:10AF94006E60C7E90411C1E902CC4C60AB5000F00B
:10AFA400C5F80835D4E6930903F13901C9003833EB
:10AFB4009CE7BD425FD0BD68686820F00308464541
:10AFC400A8EB060302D80F2B3FF762AF204600F030
:10AFD400ADF80025BCE603F15C0003F15B0CC30093
:10AFE40034E659F808394B4540F0968010F0030FC9
:10AFF40000F1FF30F5D17B6823EA01037B6049004F
:10B0040099423FF6C0AE19B9BDE649000EF1040EEF
:10B014001942FAD0704667E603F11008D0E69A1098
:10B024004FF001087B6808FA02F21A437A6070E76D
:10B0340002EB08014942C1F30B0A51462046009233
:10B0440000F0D2F8431CDDE900237FF4EFAEDA46CA
:10B05400EFE6542B25D8130B03F16F01C9006E33AF
:10B0640044E7B3F5AA7F25D8F30B03F1780003F185
:10B07400770CC300EAE5294B186840441860B1E630
:10B08400CAF30B0CBCF1000F7FF4ACAEBD68C8442E
:10B0940048F001006860F0E61546EEE601235360CF
:10B0A40094E7B3F5AA7F23D8D30B03F17801C90041
:10B0B40077331BE740F25452934223D8B30C03F185
:10B0C4007D0003F17C0CC300C0E5ABF1080BD84450
:10B0D400A8EB02084FF0000AABE605F10801204690
:10B0E400009300F055F9BD68009B68681968C4E6D0
:10B0F40040F254518B420BD8930C03F17D01C900EB
:10B104007C33F3E64FF47E737F204FF07E0C9DE595
:10B114004FF47E717E23E9E67B6870E7E01C002033
:10B12400014800F09DB800BFDC1C0020014800F07D
:10B1340099B800BFDC1C0020830730B548D0541EEA
:10B14400002A3FD0CAB2034601E0013C3AD303F8D7
:10B15400012B9D07F9D1032C2DD9CDB245EA052544
:10B164000F2C45EA054536D9A4F1100222F00F0C44
:10B1740003F1200EE6444FEA121C03F1100242E9E7
:10B18400045542E9025510327245F8D10CF101021E
:10B1940014F00C0F03EB021204F00F0C13D0ACF1FB
:10B1A400040323F003030433134442F8045B93427F
:10B1B400FBD10CF003042CB1C9B21C4403F8011BED
:10B1C4009C42FBD130BD64461346002CF4D1F9E710
:10B1D40003461446BFE71A46A446E0E713460A4668
:10B1E4000146022000F040B838B5074D002204465D
:10B1F40008462A60FDF7FEFE431C00D038BD2B68CC
:10B20400002BFBD0236038BDA0200020014B186820
:10B21400704700BFC80E002070B50D4E0D4D761B53
:10B22400B61006D0002455F8043B01349847A642D2
:10B23400F9D1094E094D761B00F0B6F9B61006D0C7
:10B24400002455F8043B01349847A642F9D170BD57
:10B25400001C0060001C0060101C0060001C0060EA
:10B26400704700BF704700BF2DE9F047DFF87CA0AE
:10B274000646DAF8000098460F469146FFF7F0FFBD
:10B28400184B1C6824B365681F2D24DC5EB96B1C45
:10B294000235DAF80000636044F82570FFF7E2FF36
:10B2A4000020BDE8F08704EB85010123C1F88890F4
:10B2B400D4F88821AB401A43022EC4F88821C1F87F
:10B2C4000881E4D1D4F88C211A43C4F88C21DEE738
:10B2D400054C1C60D7E7DAF80000FFF7C3FF4FF016
:10B2E400FF30DEE7441B0020481B0020AC0A00208E
:10B2F400F8B5244F0C460646FFF712FFBB685D689D
:10B30400C4F57E610F3125F003054B1923F47F63E7
:10B3140023F00F03A3F58054B4F5805F07DB00210D
:10B324003046FFF761FFBB682B44984204D0304697
:10B33400FFF7FCFE0020F8BD61423046FFF754FFE2
:10B3440001300DD0104ABB682D1B45F001055D602E
:10B35400136830461B1B1360FFF7E8FE0120F8BD9D
:10B3640000213046FFF740FFBA68831A0F2BDEDD59
:10B3740043F001035360054B03491B68C01A08607E
:10B38400D5E700BFB80A0020E01C0020C00E002052
:10B39400002961D0F8B50C460646FFF7C1FE54F803
:10B3A400042C7B4FA4F1080522F0010105EB010CEC
:10B3B400B868DCF80430604523F0030300F08B80A8
:10B3C400D207CCF8043032D454F8082CAD1A114406
:10B3D400AA6807F1080082426AD00CEB0304D4F88F
:10B3E40004E0EC68D4601EF0010FA26000F09780C6
:10B3F40041F001036B60CCF80010B1F5007F35D249
:10B404007868CB080122490901338A40024357F87E
:10B4140033107A6007EBC302083AC5E9021247F811
:10B424003350CD603046BDE8F840FFF77FBE0CEBEB
:10B4340003025268D00710D4194407F10800DCF85D
:10B444000830834273D0DCF80C20DA60936041F05A
:10B4540001036B606950D0E7704741F00103B1F517
:10B46400007F44F8043CCCF80010C9D3B1F5206F38
:10B474004FEA512348D28B0903F1390003F1380212
:10B48400C300F818FB580838984259D05A6822F07B
:10B4940003028A4202D99B689842F7D1D868C5E969
:10B4A40002308560DD603046BDE8F840FFF73EBEFF
:10B4B4000CEB03025268D20763D40B44DCE902129A
:10B4C400CA60916043F001026A603046EB50BDE807
:10B4D400F840FFF72BBE0B44D10707D454F8082CCF
:10B4E400AD1A1344D5E90212CA60916043F0010217
:10B4F4006A60284ABD6012689A4293D8264B304647
:10B504001968FFF7F5FE8DE7142B0AD9542B1FD8C1
:10B514000B0B03F16F0003F16E02C300B1E7194492
:10B524008DE703F15C0003F15B02C300A9E741F07E
:10B534000103C7E90455C5E902006B60695071E76E
:10B5440079689210012404FA02F20A437A60A6E7A9
:10B55400B3F5AA7F06D8CB0B03F1780003F1770289
:10B56400C3008EE740F25452934206D88B0C03F189
:10B574007D0003F17C02C30083E74FF47E737E22D7
:10B584007FE741F001036B60CCF800104AE700BF8D
:10B59400B80A0020C40E0020101D00200000000086
:10B5A4005FF800F0691600605FF800F0A11B00600E
:10B5B4005FF800F0151600605FF800F04D1B0060A6
:04B5C400F8B500BF17
:08B5C800D0F0FF7F010000003C
:10B5D000000000000000000000000000000000006B
:10B5E000000000000000000000000000000000005B
:10B5F000000000000000000000000000000000004B
:10B60000000000000000000000000000000000003A
:10B61000000000000000000000000000000000002A
:10B62000000000000000000000000000000000001A
:10B63000000000000000000000000000000000000A
:10B6400000000000000000000000000000000000FA
:10B6500000000000000000000000000000000000EA
:10B6600000000000000000000000000000000000DA
:10B6700000000000000000000000000000000000CA
:10B6800000000000000000000000000000000000BA
:10B6900000000000000000000000000000000000AA
:10B6A000000000000000000000000000000000009A
:10B6B000000000000000000000000000000000008A
:10B6C000000000000000000000000000000000007A
:10B6D000000000000000000000000000000000006A
:10B6E000000000000000000000000000000000005A
:10B6F000000000000000000000000000000000004A
:10B700000000000000000000000000000000000039
:10B710000000000000000000000000000000000029
:10B720000000000000000000000000000000000019
:10B730000000000000000000000000000000000009
:10B7400000000000000000000000000000000000F9
:10B7500000000000000000000000000000000000E9
:10B7600000000000000000000000000000000000D9
:10B7700000000000000000000000000000000000C9
:10B7800000000000000000000000000000000000B9
:10B7900000000000000000000000000000000000A9
:10B7A0000000000000000000000000000000000099
:10B7B0000000000000000000000000000000000089
:10B7C0000000000000000000000000000000000079
:10B7D0000000000000000000000000000000000069
:10B7E0000000000000000000000000000000000059
:10B7F0000000000000000000000000000000000049
:10B800000000000000000000000000000000000038
:10B810000000000000000000000000000000000028
:10B820000000000000000000000000000000000018
:10B830000000000000000000000000000000000008
:10B8400000000000000000000000000000000000F8
:10B85000000000000000F03F748515D3B0D9EF3F21
:10B860000F89F96C58B5EF3F515B12D00193EF3F50
:10B870007B517D3CB872EF3FAAB968318754EF3FE6
:10B880003862756E7A38EF3FE1DE1FF59D1EEF3F9F
:10B8900015B7310AFE06EF3FCBA93A37A7F1EE3FC5
:10B8A0002234124CA6DEEE3F2D89616008CEEE3FB9
:10B8B000272A36D5DABFEE3F824F9D562BB4EE3F96
:10B8C000295448DD07ABEE3F85553AB07EA4EE3FE4
:10B8D000CD3B7F669EA0EE3F745FECE8759FEE3F28
:10B8E0008701EB7314A1EE3F13CE4C9989A5EE3F6F
:10B8F000DBA02A42E5ACEE3FE5C5CDB037B7EE3F61
:10B9000090F0A38291C4EE3F5D253EB203D5EE3F99
:10B91000ADD35A999FE8EE3F475EFBF276FFEE3FCC
:10B920009C5285DD9B19EF3F6990EFDC2037EF3F9C
:10B9300087A4FBDC1858EF3F5F9B7B33977CEF3F7E
:10B94000DA90A4A2AFA4EF3F40456E5B76D0EF3F04
:10B95000000000000000E8429423914BF86AAC3FDD
:10B96000F3C4FA50CEBFCE3FD6520CFF422EE63F74
:10B970000000000000003843FE822B654715474059
:10B980009423914BF86ABC3EF3C4FA50CEBF2E3FCD
:10B99000D6520CFF422E963FBEF3F879EC61F63F8B
:10B9A0001930965BC6FEDEBF3D88AF4AED71F53FAC
:10B9B000A4FCD432680BDBBFB010F0F03995F43F33
:10B9C0007BB71F0A8B41D7BF8503B8B095C9F33F3A
:10B9D0007BCF6D1AE99DD3BFA564880C190DF33F89
:10B9E00031B6F2F39B1DD0BFA08E0B7B225EF23FDF
:10B9F000F07A3B1B1D7CC9BF3F341A4A4ABBF13F5A
:10BA00009F3CAF93E3F9C2BFBAE58AF05823F13FF8
:10BA10005C8D78BFCB60B9BFA70099413F95F03FDF
:10BA2000CE5F47B69D6FAABF000000000000F03F48
:10BA30000000000000000000AC479AFD8C60EE3F63
:10BA40003DF5249FCA38B33FA06A021FB3A4EC3F60
:10BA5000BA913854A976C43FE6FC6A573620EB3FCA
:10BA6000D2E4C44A0B84CE3F2DAAA163D1C2E93FE0
:10BA70001C65C6F04506D43FED417803E686E83FF5
:10BA8000F89F1B2C9C8ED83F624853F5DC67E73F3C
:10BA9000CC7BB14EA4E0DC3F0B6E49C91676D23F99
:10BAA0007AC675A06919D7BFDDBAA76C0AC7DE3F91
:10BAB000C8F6BE484715E7BF2BB82A654715F73FBC
:10BAC0000000803F000080BF0000803F000080BF7A
:10BAD0000000803F0000803F0000803F0000803F6A
:10BAE000E17ACA41000078C17B1416429A999142CA
:10BAF0006519023FE63F143F0B24883EE63F143FA2
:10BB00001B9EBE3E3CBD123FEEEB803E0000F84166
:10BB10000000C84200000041000000005C8FC23EEF
:10BB20003D0AD73E5C8F423F00000000000000004D
:10BB30000000003F000000000000000000000000C6
:10BB40000000803F00000000000000000100000035
:10BB50000300000002000000000000000E0F1011A2
:10BB600012130000B9620000BD620000C162000053
:10BB7000C562000000000000000000009972000093
:10BB8000000000000000000041590000000000001B
:10BB9000000000005D030000355E0000395E00001B
:10BBA000415E0000495E000000000042C8801F4066
:10BBB000B8821F400800000000000042C4801F40FF
:10BBC000B4821F400400000000C0004224801F40D7
:10BBD00014821F401000000000C0004228801F4057
:10BBE00018821F402000000000C000422C801F402F
:10BBF0001C821F404000000000C0004234801F40F3
:10BC000024821F40000100000040004264811F4068
:10BC100054831F40000400000040004280811F4008
:10BC200070831F4000000200004000427C811F40E2
:10BC30006C831F40000001000040004268811F40EB
:10BC400058831F4000080000004000423C811F4014
:10BC50002C831F40010000000040004244811F402F
:10BC600034831F40040000000040004240811F4018
:10BC700030831F40020000000040004248811F4006
:10BC800038831F40080000000000004204811F406C
:10BC9000F4821F40000004000000004208811F40A1
:10BCA000F8821F40000008000000004218811F4079
:10BCB00008831F40000080000000004214811F40E4
:10BCC00004831F40000040000000004200811F402C
:10BCD000F0821F400000020000000042FC801F4074
:10BCE000EC821F40000001000000004224811F4040
:10BCF00014831F40000000040000004228811F4000
:10BD000018831F4000000008000000421C811F40F3
:10BD10000C831F40000000010000004220811F40F2
:10BD200010831F400000000200000042EC801F4012
:10BD3000DC821F400010000000000042F0801F4025
:10BD4000E0821F40002000000000004234811F40BC
:10BD500024831F40000000400000004238811F4043
:10BD600028831F40000000800080004294801F4014
:10BD700084821F400000040000C0004290801F40E9
:10BD800080821F400000008000800042A8801F4089
:10BD900098821F400000800000800042A4801F4065
:10BDA00094821F4000004000004000426C811F4010
:10BDB0005C831F400010000000C0004230801F4024
:10BDC00020821F408000000000800042C8811F4088
:10BDD000B8831F400080000000800042C4811F40E3
:10BDE000B4831F400040000000800042C0811F401B
:10BDF000B0831F400020000000800042BC811F4033
:10BE0000AC831F400010000000800042D0811F4022
:10BE1000C0831F400000020000800042CC811F4010
:10BE2000BC831F400000010007080C0B06050F0033
:10BE30000D0E0102838407080C0B06050F000D0E82
:10BE400001028384010100040100000401320101A8
:10BE5000013202010110010101110101011201026F
:10BE600001030206010301060112020202000001A1
:10BE70000202000102010001021000010222000181
:10BE80000223000100000000000000000221000168
:10BE9000022000010000000000000000013001014C
:10BEA000013101010102000401030004000000004F
:10BEB0000000000001210201012101010000000039
:10BEC0000000000000000000011002010101020159
:10BED0000101010101000201010001010102020151
:10BEE0000102010100010000CC0E00201200000040
:10BEF00000060000881D00600A000000000200002B
:10BF0000F01C00609500000000070000581C006055
:10BF10009500000000030000541C006000000000B9
:10BF200001030904301C0060000000000203090442
:10BF3000101C006000000000030309041C11002015
:10BF400000000000000000000000000000000000F1
:10BF500000000000141D00207C1D0020E41D0020B6
:10BF600000000000000000000000000000000000D1
:10BF700000000000000000000000000000000000C1
:10BF800000000000000000000000000000000000B1
:10BF900000000000000000000000000000000000A1
:10BFA0000000000000000000000000000000000091
:10BFB0000000000000000000000000000000000081
:10BFC0000000000000000000000000000000000071
:10BFD0000000000000000000000000000000000061
:10BFE0000000000000000000010000000000000050
:10BFF0000E33CDAB34126DE6ECDE05000B00000015
:10C000000000000000000000000000000000000030
:10C010000000000000000000000000000000000020
:10C020000000000000000000000000000000000010
:10C030000000000000000000000000000000000000
:10C0400000000000000000000000000000000000F0
:10C0500000000000000000000000000000000000E0
:10C0600000000000000000000000000000000000D0
:10C070000029DE07007B9A17FFFFFFFFD81C002076
:10C08000607D202000000000000000000000000093
:10C09000B80A0020B80A0020C00A0020C00A002008
:10C0A000C80A0020C80A0020D00A0020D00A0020B8
:10C0B000D80A0020D80A0020E00A0020E00A002068
:10C0C000E80A0020E80A0020F00A0020F00A002018
:10C0D000F80A0020F80A0020000B0020000B0020C6
:10C0E000080B0020080B0020100B0020100B002074
:10C0F000180B0020180B0020200B0020200B002024
:10C10000280B0020280B0020300B0020300B0020D3
:10C11000380B0020380B0020400B0020400B002083
:10C12000480B0020480B0020500B0020500B002033
:10C13000580B0020580B0020600B0020600B0020E3
:10C14000680B0020680B0020700B0020700B002093
:10C15000780B0020780B0020800B0020800B002043
:10C16000880B0020880B0020900B0020900B0020F3
:10C17000980B0020980B0020A00B0020A00B0020A3
:10C18000A80B0020A80B0020B00B0020B00B002053
:10C19000B80B0020B80B0020C00B0020C00B002003
:10C1A000C80B0020C80B0020D00B0020D00B0020B3
:10C1B000D80B0020D80B0020E00B0020E00B002063
:10C1C000E80B0020E80B0020F00B0020F00B002013
:10C1D000F80B0020F80B0020000C0020000C0020C1
:10C1E000080C0020080C0020100C0020100C00206F
:10C1F000180C0020180C0020200C0020200C00201F
:10C20000280C0020280C0020300C0020300C0020CE
:10C21000380C0020380C0020400C0020400C00207E
:10C22000480C0020480C0020500C0020500C00202E
:10C23000580C0020580C0020600C0020600C0020DE
:10C24000680C0020680C0020700C0020700C00208E
:10C25000780C0020780C0020800C0020800C00203E
:10C26000880C0020880C0020900C0020900C0020EE
:10C27000980C0020980C0020A00C0020A00C00209E
:10C28000A80C0020A80C0020B00C0020B00C00204E
:10C29000B80C0020B80C0020C00C0020C00C0020FE
:10C2A000C80C0020C80C0020D00C0020D00C0020AE
:10C2B000D80C0020D80C0020E00C0020E00C00205E
:10C2C000E80C0020E80C0020F00C0020F00C00200E
:10C2D000F80C0020F80C0020000D0020000D0020BC
:10C2E000080D0020080D0020100D0020100D00206A
:10C2F000180D0020180D0020200D0020200D00201A
:10C30000280D0020280D0020300D0020300D0020C9
:10C31000380D0020380D0020400D0020400D002079
:10C32000480D0020480D0020500D0020500D002029
:10C33000580D0020580D0020600D0020600D0020D9
:10C34000680D0020680D0020700D0020700D002089
:10C35000780D0020780D0020800D0020800D002039
:10C36000880D0020880D0020900D0020900D0020E9
:10C37000980D0020980D0020A00D0020A00D002099
:10C38000A80D0020A80D0020B00D0020B00D002049
:10C39000B80D0020B80D0020C00D0020C00D0020F9
:10C3A000C80D0020C80D0020D00D0020D00D0020A9
:10C3B000D80D0020D80D0020E00D0020E00D002059
:10C3C000E80D0020E80D0020F00D0020F00D002009
:10C3D000F80D0020F80D0020000E0020000E0020B7
:10C3E000080E0020080E0020100E0020100E002065
:10C3F000180E0020180E0020200E0020200E002015
:10C40000280E0020280E0020300E0020300E0020C4
:10C41000380E0020380E0020400E0020400E002074
:10C42000480E0020480E0020500E0020500E002024
:10C43000580E0020580E0020600E0020600E0020D4
:10C44000680E0020680E0020700E0020700E002084
:10C45000780E0020780E0020800E0020800E002034
:10C46000880E0020880E0020900E0020900E0020E4
:10C47000980E0020980E0020A00E0020A00E002094
:10C48000A80E0020A80E0020B00E0020B00E002044
:10C49000FFFFFFFF000002008009002012010002E0
:10C4A000EF020140C0168B040103010203010000EA
:10C4B0007D6B00007D6B00007D6B00007D6B0000DC
:10C4C0007D6B00007D6B00007D6B00007D6B0000CC
:10C4D0007D6B00007D6B00007D6B00007D6B0000BC
:10C4E0007D6B00007D6B00007D6B00007D6B0000AC
:10C4F0007D6B00007D6B00007D6B00007D6B00009C
:10C500007D6B00007D6B00007D6B00007D6B00008B
:10C510007D6B00007D6B00007D6B00007D6B00007B
:10C520007D6B00007D6B00007D6B00007D6B00006B
:10C530007D6B00007D6B00007D6B00007D6B00005B
:10C540007D6B00007D6B00007D6B00007D6B00004B
:10C550007D6B00007D6B00007D6B00007D6B00003B
:10C560007D6B00007D6B00007D6B00007D6B00002B
:10C570007D6B00007D6B00007D6B00007D6B00001B
:10C580007D6B00007D6B00007D6B00007D6B00000B
:10C590007D6B00007D6B00007D6B00007D6B0000FB
:10C5A0007D6B00007D6B00007D6B00007D6B0000EB
:10C5B0007D6B00007D6B00007D6B00007D6B0000DB
:10C5C0007D6B00007D6B00007D6B00007D6B0000CB
:10C5D0007D6B00007D6B00007D6B00007D6B0000BB
:10C5E0007D6B00007D6B00007D6B00007D6B0000AB
:10C5F0007D6B00007D6B00007D6B00007D6B00009B
:10C600007D6B00007D6B00007D6B00007D6B00008A
:10C610007D6B00007D6B00007D6B00007D6B00007A
:10C620007D6B00007D6B00007D6B00007D6B00006A
:10C630007D6B00007D6B00007D6B00007D6B00005A
:10C640007D6B00007D6B00007D6B00007D6B00004A
:10C650007D6B00007D6B00007D6B00007D6B00003A
:10C660007D6B00007D6B00007D6B00007D6B00002A
:10C670007D6B00007D6B00007D6B00007D6B00001A
:10C680007D6B00007D6B00007D6B00007D6B00000A
:10C690007D6B00007D6B00007D6B00007D6B0000FA
:10C6A0007D6B00007D6B00007D6B00007D6B0000EA
:10C6B000FFFFFFFFFFFFFFFFFFFFFFFF3D0AD73E2A
:10C6C0005C8FC23E5C8FC23EE17A143F0000003FA7
:10C6D0000AD7233F5C8F023FE17A143F713D8A3EC7
:10C6E000E17A143FD7A3F03E0000403F0C03000066
:10C6F000000000000000000000000000000000003A
:10C700000000FF08FFFFFF3C0000000000000000E9
:10C710000000000000000000000000000000000019
:10C720000000000000000000000000000000000009
:10C7300000000000000000000000000000000000F9
:10C7400000000000000000000000000000000000E9
:10C7500000000000000000000000000000000000D9
:10C7600000000000000000000000000000000000C9
:10C7700000000000000000000000000000000000B9
:10C7800000000000000000000000000000000000A9
:10C790000000000000000000000000000000000099
:10C7A0000000000000000000000000000000000089
:10C7B0000000000000000000000000000000000079
:10C7C0000000000000000000000000000000000069
:10C7D0000000000000000000000000000000000059
:10C7E0000000000000000000000000000000000049
:10C7F0000000000000000000000000000000000039
:10C800000000000000000000000000000000000028
:10C810000000000000000000000000000000000018
:10C820000000000000000000000000000000000008
:10C8300000000000000000000000000000000000F8
:10C8400000000000000000000000000000000000E8
:10C8500000000000000000000000000000000000D8
:10C8600000000000000000000000000000000000C8
:10C8700000000000000000000000000000000000B8
:10C8800000000000000000000000000000000000A8
:10C890000000000000000000000000000000000098
:10C8A0000000000000000000000000000000000088
:10C8B0000000000000000000000000000000000078
:10C8C0000000000000000000000000000000000068
:10C8D0000000000000000000000000000000000058
:10C8E0000000000000000000000000000000000048
:10C8F0000000000000000000000000000000000038
:10C900000000000000000000000000000000000027
:10C910000000000000000000000000000000000017
:10C920000000000000000000000000000000000007
:10C9300000000000000000000000000000000000F7
:10C9400000000000000000000000000000000000E7
:10C9500000000000000000000000000000000000D7
:10C9600000000000000000000000000000000000C7
:10C9700000000000000000000000000000000000B7
:10C9800000000000000000000000000000000000A7
:10C990000000000000000000000000000000000097
:10C9A0000000000000000000000000000000000087
:10C9B0000000000000000000000000000000000077
:10C9C0000000000000000000000000000000000067
:10C9D0000000000000000000000000000000000057
:10C9E0000000000000000000000000000000000047
:10C9F0000000000000000000000000000000000037
:10CA00000000000000000000000000000000000026
:10CA10000000000000000000000000000000000016
:10CA20000000000000000000000000000000000006
:10CA300000000000000000000000000000000000F6
:10CA400000000000000000000000000000000000E6
:10CA500000000000000000000000000000000000D6
:10CA600000000000000000000000000000000000C6
:10CA700000000000000000000000000000000000B6
:10CA800000000000000000000000000000000000A6
:10CA90000000000000000000000000000000000096
:10CAA0000000000000000000000000000000000086
:10CAB0000000000000000000000000000000000076
:10CAC0000000000000000000000000000000000066
:10CAD0000000000000000000000000000000000056
:10CAE0000000000000000000000000000000000046
:10CAF0000000000000000000000000000000000036
:10CB00000000000000000000000000000000000025
:10CB10000000000000000000000000000000000015
:10CB20000000000000000000000000000000000005
:10CB300000000000000000000000000000000000F5
:10CB400000000000000000000000000000000000E5
:10CB500000000000000000000000000000000000D5
:10CB600000000000000000000000000000000000C5
:10CB700000000000000000000000000000000000B5
:10CB800000000000000000000000000000000000A5
:10CB90000000000000000000000000000000000095
:10CBA0000000000000000000000000000000000085
:10CBB0000000000000000000000000000000000075
:10CBC0000000000000000000000000000000000065
:10CBD0000000000000000000000000000000000055
:10CBE0000000000000000000000000000000000045
:10CBF0000000000000000000000000000000000035
:10CC00000000000000000000000000000000000024
:10CC10000000000000000000000000000000000014
:10CC20000000000000000000000000000000000004
:10CC300000000000000000000000000000000000F4
:10CC400000000000000000000000000000000000E4
:10CC500000000000000000000000000000000000D4
:10CC600000000000000000000000000000000000C4
:10CC700000000000000000000000000000000000B4
:10CC800000000000000000000000000000000000A4
:10CC9000FFFFFFFFFFFFFFFFFFFFFFFFFFFFFFFFA4
:10CCA000FFFFFFFFFFFFFFFFFFFFFFFFFFFFFFFF94
:10CCB000FFFFFFFFFFFFFFFFFFFFFFFFFFFFFFFF84
:10CCC000FFFFFFFFFFFFFFFFFFFFFFFFFFFFFFFF74
:10CCD000FFFFFFFFFFFFFFFFFFFFFFFFFFFFFFFF64
:10CCE000FFFFFFFFFFFFFFFFFFFFFFFFFFFFFFFF54
:10CCF000FFFFFFFFFFFFFFFFFFFFFFFFFFFFFFFF44
:10CD0000FFFFFFFFFFFFFFFFFFFFFFFFFFFFFFFF33
:10CD1000FFFFFFFFFFFFFFFFFFFFFFFFFFFFFFFF23
:10CD2000FFFFFFFFFFFFFFFFFFFFFFFFFFFFFFFF13
:10CD3000FFFFFFFFFFFFFFFFFFFFFFFFFFFFFFFF03
:10CD4000FFFFFFFFFFFFFFFFFFFFFFFFFFFFFFFFF3
:10CD5000FFFFFFFFFFFFFFFFFFFFFFFFFFFFFFFFE3
:10CD6000FFFFFFFFFFFFFFFFFFFFFFFFFFFFFFFFD3
:10CD7000FFFFFFFFFFFFFFFFFFFFFFFFFFFFFFFFC3
:10CD8000FFFFFFFFFFFFFFFFFFFFFFFFFFFFFFFFB3
:10CD9000FFFFFFFFFFFFFFFFFFFFFFFFFFFFFFFFA3
:10CDA000FFFFFFFFFFFFFFFFFFFFFFFFFFFFFFFF93
:10CDB000FFFFFFFFFFFFFFFFFFFFFFFFFFFFFFFF83
:10CDC000FFFFFFFFFFFFFFFFFFFFFFFFFFFFFFFF73
:10CDD000FFFFFFFFFFFFFFFFFFFFFFFFFFFFFFFF63
:10CDE000FFFFFFFFFFFFFFFFFFFFFFFFFFFFFFFF53
:10CDF000FFFFFFFFFFFFFFFFFFFFFFFFFFFFFFFF43
:10CE0000FFFFFFFFFFFFFFFFFFFFFFFFFFFFFFFF32
:10CE1000FFFFFFFFFFFFFFFFFFFFFFFFFFFFFFFF22
:10CE2000FFFFFFFFFFFFFFFFFFFFFFFFFFFFFFFF12
:10CE3000FFFFFFFFFFFFFFFFFFFFFFFFFFFFFFFF02
:10CE4000FFFFFFFFFFFFFFFFFFFFFFFFFFFFFFFFF2
:10CE5000FFFFFFFFFFFFFFFFFFFFFFFFFFFFFFFFE2
:10CE6000FFFFFFFFFFFFFFFFFFFFFFFFFFFFFFFFD2
:10CE7000FFFFFFFFFFFFFFFFFFFFFFFFFFFFFFFFC2
:10CE8000FFFFFFFFFFFFFFFFFFFFFFFFFFFFFFFFB2
:10CE9000FFFFFFFFFFFFFFFFFFFFFFFFFFFFFFFFA2
:10CEA000FFFFFFFFFFFFFFFFFFFFFFFFFFFFFFFF92
:10CEB000FFFFFFFFFFFFFFFFFFFFFFFFFFFFFFFF82
:10CEC000FFFFFFFFFFFFFFFFFFFFFFFFFFFFFFFF72
:10CED000FFFFFFFFFFFFFFFFFFFFFFFFFFFFFFFF62
:10CEE000FFFFFFFFFFFFFFFFFFFFFFFFFFFFFFFF52
:10CEF000FFFFFFFFFFFFFFFFFFFFFFFFFFFFFFFF42
:10CF0000FFFFFFFFFFFFFFFFFFFFFFFFFFFFFFFF31
:10CF1000FFFFFFFFFFFFFFFFFFFFFFFFFFFFFFFF21
:10CF2000FFFFFFFFFFFFFFFFFFFFFFFFFFFFFFFF11
:10CF3000FFFFFFFFFFFFFFFFFFFFFFFFFFFFFFFF01
:10CF4000FFFFFFFFFFFFFFFFFFFFFFFFFFFFFFFFF1
:10CF5000FFFFFFFFFFFFFFFFFFFFFFFFFFFFFFFFE1
:10CF6000FFFFFFFFFFFFFFFFFFFFFFFFFFFFFFFFD1
:10CF7000FFFFFFFFFFFFFFFFFFFFFFFFFFFFFFFFC1
:10CF8000FFFFFFFFFFFFFFFFFFFFFFFFFFFFFFFFB1
:10CF9000FFFFFFFFFFFFFFFFFFFFFFFFFFFFFFFFA1
:10CFA000FFFFFFFFFFFFFFFFFFFFFFFFFFFFFFFF91
:10CFB000FFFFFFFFFFFFFFFFFFFFFFFFFFFFFFFF81
:10CFC000FFFFFFFFFFFFFFFFFFFFFFFFFFFFFFFF71
:10CFD000FFFFFFFFFFFFFFFFFFFFFFFFFFFFFFFF61
:10CFE000FFFFFFFFFFFFFFFFFFFFFFFFFFFFFFFF51
:10CFF000FFFFFFFFFFFFFFFFFFFFFFFFFFFFFFFF41
:10D000000000000000000000000000000000000020
:10D010000000000000000000000000000000000010
:10D020000000000000000000000000000000000000
:10D0300000000000000000000000000000000000F0
:10D0400000000000000000000000000000000000E0
:10D0500000000000000000000000000000000000D0
:10D0600000000000000000000000000000000000C0
:10D0700000000000000000000000000000000000B0
:10D0800000000000000000000000000000000000A0
:10D090000000000000000000000000000000000090
:10D0A0000000000000000000000000000000000080
:10D0B0000000000000000000000000000000000070
:10D0C0000000000000000000000000000000000060
:10D0D0000000000000000000000000000000000050
:10D0E0000000000000000000000000000000000040
:10D0F0000000000000000000000000000000000030
:10D10000000000000000000000000000000000001F
:10D11000000000000000000000000000000000000F
:10D1200000000000000000000000000000000000FF
:10D1300000000000000000000000000000000000EF
:10D1400000000000000000000000000000000000DF
:10D1500000000000000000000000000000000000CF
:10D1600000000000000000000000000000000000BF
:10D1700000000000000000000000000000000000AF
:10D18000000000000000000000000000000000009F
:10D19000000000000000000000000000000000008F
:10D1A000000000000000000000000000000000007F
:10D1B000000000000000000000000000000000006F
:10D1C000000000000000000000000000000000005F
:10D1D000000000000000000000000000000000004F
:10D1E000000000000000000000000000000000003F
:10D1F000000000000000000000000000000000002F
:10D20000000000000000000000000000000000001E
:10D21000000000000000000000000000000000000E
:10D2200000000000000000000000000000000000FE
:10D2300000000000000000000000000000000000EE
:10D2400000000000000000000000000000000000DE
:10D2500000000000000000000000000000000000CE
:10D2600000000000000000000000000000000000BE
:10D2700000000000000000000000000000000000AE
:10D28000000000000000000000000000000000009E
:10D29000000000000000000000000000000000008E
:10D2A000000000000000000000000000000000007E
:10D2B000000000000000000000000000000000006E
:10D2C000000000000000000000000000000000005E
:10D2D000000000000000000000000000000000004E
:10D2E000000000000000000000000000000000003E
:10D2F000000000000000000000000000000000002E
:10D30000000000000000000000000000000000001D
:10D31000000000000000000000000000000000000D
:10D3200000000000000000000000000000000000FD
:10D3300000000000000000000000000000000000ED
:10D3400000000000000000000000000000000000DD
:10D3500000000000000000000000000000000000CD
:10D3600000000000000000000000000000000000BD
:10D3700000000000000000000000000000000000AD
:10D38000000000000000000000000000000000009D
:10D39000000000000000000000000000000000008D
:10D3A000000000000000000000000000000000007D
:10D3B000000000000000000000000000000000006D
:10D3C000000000000000000000000000000000005D
:10D3D000000000000000000000000000000000004D
:10D3E000000000000000000000000000000000003D
:10D3F000000000000000000000000000000000002D
:10D40000000000000000000000000000000000001C
:10D41000000000000000000000000000000000000C
:10D4200000000000000000000000000000000000FC
:10D4300000000000000000000000000000000000EC
:10D4400000000000000000000000000000000000DC
:10D4500000000000000000000000000000000000CC
:10D4600000000000000000000000000000000000BC
:10D4700000000000000000000000000000000000AC
:10D48000000000000000000000000000000000009C
:10D49000000000000000000000000000000000008C
:10D4A000000000000000000000000000000000007C
:10D4B000000000000000000000000000000000006C
:10D4C000000000000000000000000000000000005C
:10D4D000000000000000000000000000000000004C
:10D4E000000000000000000000000000000000003C
:10D4F000000000000000000000000000000000002C
:10D50000000000000000000000000000000000001B
:10D51000000000000000000000000000000000000B
:10D5200000000000000000000000000000000000FB
:10D5300000000000000000000000000000000000EB
:10D5400000000000000000000000000000000000DB
:10D5500000000000000000000000000000000000CB
:10D5600000000000000000000000000000000000BB
:10D5700000000000000000000000000000000000AB
:10D58000000000000000000000000000000000009B
:10D59000000000000000000000000000000000008B
:10D5A000000000000000000000000000000000007B
:10D5B000000000000000000000000000000000006B
:10D5C000000000000000000000000000000000005B
:10D5D000000000000000000000000000000000004B
:10D5E000000000000000000000000000000000003B
:10D5F000000000000000000000000000000000002B
:10D60000000000000000000000000000000000001A
:10D61000000000000000000000000000000000000A
:10D6200000000000000000000000000000000000FA
:10D6300000000000000000000000000000000000EA
:10D6400000000000000000000000000000000000DA
:10D6500000000000000000000000000000000000CA
:10D6600000000000000000000000000000000000BA
:10D6700000000000000000000000000000000000AA
:10D68000000000000000000000000000000000009A
:10D69000000000000000000000000000000000008A
:10D6A000000000000000000000000000000000007A
:10D6B000000000000000000000000000000000006A
:10D6C000000000000000000000000000000000005A
:10D6D000000000000000000000000000000000004A
:10D6E000000000000000000000000000000000003A
:10D6F000000000000000000000000000000000002A
:10D700000000000000000000000000000000000019
:10D710000000000000000000000000000000000009
:10D7200000000000000000000000000000000000F9
:10D7300000000000000000000000000000000000E9
:10D7400000000000000000000000000000000000D9
:10D7500000000000000000000000000000000000C9
:10D7600000000000000000000000000000000000B9
:10D7700000000000000000000000000000000000A9
:10D780000000000000000000000000000000000099
:10D790000000000000000000000000000000000089
:10D7A0000000000000000000000000000000000079
:10D7B0000000000000000000000000000000000069
:10D7C0000000000000000000000000000000000059
:10D7D0000000000000000000000000000000000049
:10D7E0000000000000000000000000000000000039
:10D7F0000000000000000000000000000000000029
:10D800000000000000000000000000000000000018
:10D810000000000000000000000000000000000008
:10D8200000000000000000000000000000000000F8
:10D8300000000000000000000000000000000000E8
:10D8400000000000000000000000000000000000D8
:10D8500000000000000000000000000000000000C8
:10D8600000000000000000000000000000000000B8
:10D8700000000000000000000000000000000000A8
:10D880000000000000000000000000000000000098
:10D890000000000000000000000000000000000088
:10D8A0000000000000000000000000000000000078
:10D8B0000000000000000000000000000000000068
:10D8C0000000000000000000000000000000000058
:10D8D0000000000000000000000000000000000048
:10D8E0000000000000000000000000000000000038
:10D8F0000000000000000000000000000000000028
:10D900000000000000000000000000000000000017
:10D910000000000000000000000000000000000007
:10D9200000000000000000000000000000000000F7
:10D9300000000000000000000000000000000000E7
:10D9400000000000000000000000000000000000D7
:10D9500000000000000000000000000000000000C7
:10D9600000000000000000000000000000000000B7
:10D9700000000000000000000000000000000000A7
:10D980000000000000000000000000000000000097
:10D990000000000000000000000000000000000087
:10D9A0000000000000000000000000000000000077
:10D9B0000000000000000000000000000000000067
:10D9C0000000000000000000000000000000000057
:10D9D0000000000000000000000000000000000047
:10D9E0000000000000000000000000000000000037
:10D9F0000000000000000000000000000000000027
:10DA00000000000000000000000000000000000016
:10DA10000000000000000000000000000000000006
:10DA200000000000000000000000000000000000F6
:10DA300000000000000000000000000000000000E6
:10DA400000000000000000000000000000000000D6
:10DA500000000000000000000000000000000000C6
:10DA600000000000000000000000000000000000B6
:10DA700000000000000000000000000000000000A6
:10DA80000000000000000000000000000000000096
:10DA90000000000000000000000000000000000086
:10DAA0000000000000000000000000000000000076
:10DAB0000000000000000000000000000000000066
:10DAC0000000000000000000000000000000000056
:10DAD0000000000000000000000000000000000046
:10DAE0000000000000000000000000000000000036
:10DAF0000000000000000000000000000000000026
:10DB00000000000000000000000000000000000015
:10DB10000000000000000000000000000000000005
:10DB200000000000000000000000000000000000F5
:10DB300000000000000000000000000000000000E5
:10DB400000000000000000000000000000000000D5
:10DB500000000000000000000000000000000000C5
:10DB600000000000000000000000000000000000B5
:10DB700000000000000000000000000000000000A5
:10DB80000000000000000000000000000000000095
:10DB90000000000000000000000000000000000085
:10DBA0000000000000000000000000000000000075
:10DBB0000000000000000000000000000000000065
:10DBC0000000000000000000000000000000000055
:10DBD0000000000000000000000000000000000045
:10DBE0000000000000000000000000000000000035
:10DBF0000000000000000000000000000000000025
:040000056000100087
:00000001FF
