:0200000460009A
:100000004643464200000156000000000103030081
:1000100000000000000000000000000000000000E0
:1000200000000000000000000000000000000000D0
:1000300000000000000000000000000000000000C0
:1000400000000000010408000000000000000000A3
:100050000000200000000000000000000000000080
:100060000000000000000000000000000000000090
:100070000000000000000000000000000000000080
:10008000EB04180A063204260000000000000000FD
:10009000050404240000000000000000000000002F
:1000A0000000000000000000000000000000000050
:1000B0000604000000000000000000000000000036
:1000C0000000000000000000000000000000000030
:1000D00020041808000000000000000000000000DC
:1000E0000000000000000000000000000000000010
:1000F0000000000000000000000000000000000000
:10010000D8041808000000000000000000000000F3
:100110000204180804200000000000000000000095
:1001200000000000000000000000000000000000CF
:10013000600400000000000000000000000000005B
:1001400000000000000000000000000000000000AF
:10015000000000000000000000000000000000009F
:10016000000000000000000000000000000000008F
:10017000000000000000000000000000000000007F
:10018000000000000000000000000000000000006F
:10019000000000000000000000000000000000005F
:1001A000000000000000000000000000000000004F
:1001B000000000000000000000000000000000003F
:1001C000000100000010000001000000000000001D
:1001D000000001000000000000000000000000001E
:1001E000000000000000000000000000000000000F
:1001F00000000000000000000000000000000000FF
:10020000FFFFFFFFFFFFFFFFFFFFFFFFFFFFFFFFFE
:10021000FFFFFFFFFFFFFFFFFFFFFFFFFFFFFFFFEE
:10022000FFFFFFFFFFFFFFFFFFFFFFFFFFFFFFFFDE
:10023000FFFFFFFFFFFFFFFFFFFFFFFFFFFFFFFFCE
:10024000FFFFFFFFFFFFFFFFFFFFFFFFFFFFFFFFBE
:10025000FFFFFFFFFFFFFFFFFFFFFFFFFFFFFFFFAE
:10026000FFFFFFFFFFFFFFFFFFFFFFFFFFFFFFFF9E
:10027000FFFFFFFFFFFFFFFFFFFFFFFFFFFFFFFF8E
:10028000FFFFFFFFFFFFFFFFFFFFFFFFFFFFFFFF7E
:10029000FFFFFFFFFFFFFFFFFFFFFFFFFFFFFFFF6E
:1002A000FFFFFFFFFFFFFFFFFFFFFFFFFFFFFFFF5E
:1002B000FFFFFFFFFFFFFFFFFFFFFFFFFFFFFFFF4E
:1002C000FFFFFFFFFFFFFFFFFFFFFFFFFFFFFFFF3E
:1002D000FFFFFFFFFFFFFFFFFFFFFFFFFFFFFFFF2E
:1002E000FFFFFFFFFFFFFFFFFFFFFFFFFFFFFFFF1E
:1002F000FFFFFFFFFFFFFFFFFFFFFFFFFFFFFFFF0E
:10030000FFFFFFFFFFFFFFFFFFFFFFFFFFFFFFFFFD
:10031000FFFFFFFFFFFFFFFFFFFFFFFFFFFFFFFFED
:10032000FFFFFFFFFFFFFFFFFFFFFFFFFFFFFFFFDD
:10033000FFFFFFFFFFFFFFFFFFFFFFFFFFFFFFFFCD
:10034000FFFFFFFFFFFFFFFFFFFFFFFFFFFFFFFFBD
:10035000FFFFFFFFFFFFFFFFFFFFFFFFFFFFFFFFAD
:10036000FFFFFFFFFFFFFFFFFFFFFFFFFFFFFFFF9D
:10037000FFFFFFFFFFFFFFFFFFFFFFFFFFFFFFFF8D
:10038000FFFFFFFFFFFFFFFFFFFFFFFFFFFFFFFF7D
:10039000FFFFFFFFFFFFFFFFFFFFFFFFFFFFFFFF6D
:1003A000FFFFFFFFFFFFFFFFFFFFFFFFFFFFFFFF5D
:1003B000FFFFFFFFFFFFFFFFFFFFFFFFFFFFFFFF4D
:1003C000FFFFFFFFFFFFFFFFFFFFFFFFFFFFFFFF3D
:1003D000FFFFFFFFFFFFFFFFFFFFFFFFFFFFFFFF2D
:1003E000FFFFFFFFFFFFFFFFFFFFFFFFFFFFFFFF1D
:1003F000FFFFFFFFFFFFFFFFFFFFFFFFFFFFFFFF0D
:10040000FFFFFFFFFFFFFFFFFFFFFFFFFFFFFFFFFC
:10041000FFFFFFFFFFFFFFFFFFFFFFFFFFFFFFFFEC
:10042000FFFFFFFFFFFFFFFFFFFFFFFFFFFFFFFFDC
:10043000FFFFFFFFFFFFFFFFFFFFFFFFFFFFFFFFCC
:10044000FFFFFFFFFFFFFFFFFFFFFFFFFFFFFFFFBC
:10045000FFFFFFFFFFFFFFFFFFFFFFFFFFFFFFFFAC
:10046000FFFFFFFFFFFFFFFFFFFFFFFFFFFFFFFF9C
:10047000FFFFFFFFFFFFFFFFFFFFFFFFFFFFFFFF8C
:10048000FFFFFFFFFFFFFFFFFFFFFFFFFFFFFFFF7C
:10049000FFFFFFFFFFFFFFFFFFFFFFFFFFFFFFFF6C
:1004A000FFFFFFFFFFFFFFFFFFFFFFFFFFFFFFFF5C
:1004B000FFFFFFFFFFFFFFFFFFFFFFFFFFFFFFFF4C
:1004C000FFFFFFFFFFFFFFFFFFFFFFFFFFFFFFFF3C
:1004D000FFFFFFFFFFFFFFFFFFFFFFFFFFFFFFFF2C
:1004E000FFFFFFFFFFFFFFFFFFFFFFFFFFFFFFFF1C
:1004F000FFFFFFFFFFFFFFFFFFFFFFFFFFFFFFFF0C
:10050000FFFFFFFFFFFFFFFFFFFFFFFFFFFFFFFFFB
:10051000FFFFFFFFFFFFFFFFFFFFFFFFFFFFFFFFEB
:10052000FFFFFFFFFFFFFFFFFFFFFFFFFFFFFFFFDB
:10053000FFFFFFFFFFFFFFFFFFFFFFFFFFFFFFFFCB
:10054000FFFFFFFFFFFFFFFFFFFFFFFFFFFFFFFFBB
:10055000FFFFFFFFFFFFFFFFFFFFFFFFFFFFFFFFAB
:10056000FFFFFFFFFFFFFFFFFFFFFFFFFFFFFFFF9B
:10057000FFFFFFFFFFFFFFFFFFFFFFFFFFFFFFFF8B
:10058000FFFFFFFFFFFFFFFFFFFFFFFFFFFFFFFF7B
:10059000FFFFFFFFFFFFFFFFFFFFFFFFFFFFFFFF6B
:1005A000FFFFFFFFFFFFFFFFFFFFFFFFFFFFFFFF5B
:1005B000FFFFFFFFFFFFFFFFFFFFFFFFFFFFFFFF4B
:1005C000FFFFFFFFFFFFFFFFFFFFFFFFFFFFFFFF3B
:1005D000FFFFFFFFFFFFFFFFFFFFFFFFFFFFFFFF2B
:1005E000FFFFFFFFFFFFFFFFFFFFFFFFFFFFFFFF1B
:1005F000FFFFFFFFFFFFFFFFFFFFFFFFFFFFFFFF0B
:10060000FFFFFFFFFFFFFFFFFFFFFFFFFFFFFFFFFA
:10061000FFFFFFFFFFFFFFFFFFFFFFFFFFFFFFFFEA
:10062000FFFFFFFFFFFFFFFFFFFFFFFFFFFFFFFFDA
:10063000FFFFFFFFFFFFFFFFFFFFFFFFFFFFFFFFCA
:10064000FFFFFFFFFFFFFFFFFFFFFFFFFFFFFFFFBA
:10065000FFFFFFFFFFFFFFFFFFFFFFFFFFFFFFFFAA
:10066000FFFFFFFFFFFFFFFFFFFFFFFFFFFFFFFF9A
:10067000FFFFFFFFFFFFFFFFFFFFFFFFFFFFFFFF8A
:10068000FFFFFFFFFFFFFFFFFFFFFFFFFFFFFFFF7A
:10069000FFFFFFFFFFFFFFFFFFFFFFFFFFFFFFFF6A
:1006A000FFFFFFFFFFFFFFFFFFFFFFFFFFFFFFFF5A
:1006B000FFFFFFFFFFFFFFFFFFFFFFFFFFFFFFFF4A
:1006C000FFFFFFFFFFFFFFFFFFFFFFFFFFFFFFFF3A
:1006D000FFFFFFFFFFFFFFFFFFFFFFFFFFFFFFFF2A
:1006E000FFFFFFFFFFFFFFFFFFFFFFFFFFFFFFFF1A
:1006F000FFFFFFFFFFFFFFFFFFFFFFFFFFFFFFFF0A
:10070000FFFFFFFFFFFFFFFFFFFFFFFFFFFFFFFFF9
:10071000FFFFFFFFFFFFFFFFFFFFFFFFFFFFFFFFE9
:10072000FFFFFFFFFFFFFFFFFFFFFFFFFFFFFFFFD9
:10073000FFFFFFFFFFFFFFFFFFFFFFFFFFFFFFFFC9
:10074000FFFFFFFFFFFFFFFFFFFFFFFFFFFFFFFFB9
:10075000FFFFFFFFFFFFFFFFFFFFFFFFFFFFFFFFA9
:10076000FFFFFFFFFFFFFFFFFFFFFFFFFFFFFFFF99
:10077000FFFFFFFFFFFFFFFFFFFFFFFFFFFFFFFF89
:10078000FFFFFFFFFFFFFFFFFFFFFFFFFFFFFFFF79
:10079000FFFFFFFFFFFFFFFFFFFFFFFFFFFFFFFF69
:1007A000FFFFFFFFFFFFFFFFFFFFFFFFFFFFFFFF59
:1007B000FFFFFFFFFFFFFFFFFFFFFFFFFFFFFFFF49
:1007C000FFFFFFFFFFFFFFFFFFFFFFFFFFFFFFFF39
:1007D000FFFFFFFFFFFFFFFFFFFFFFFFFFFFFFFF29
:1007E000FFFFFFFFFFFFFFFFFFFFFFFFFFFFFFFF19
:1007F000FFFFFFFFFFFFFFFFFFFFFFFFFFFFFFFF09
:10080000FFFFFFFFFFFFFFFFFFFFFFFFFFFFFFFFF8
:10081000FFFFFFFFFFFFFFFFFFFFFFFFFFFFFFFFE8
:10082000FFFFFFFFFFFFFFFFFFFFFFFFFFFFFFFFD8
:10083000FFFFFFFFFFFFFFFFFFFFFFFFFFFFFFFFC8
:10084000FFFFFFFFFFFFFFFFFFFFFFFFFFFFFFFFB8
:10085000FFFFFFFFFFFFFFFFFFFFFFFFFFFFFFFFA8
:10086000FFFFFFFFFFFFFFFFFFFFFFFFFFFFFFFF98
:10087000FFFFFFFFFFFFFFFFFFFFFFFFFFFFFFFF88
:10088000FFFFFFFFFFFFFFFFFFFFFFFFFFFFFFFF78
:10089000FFFFFFFFFFFFFFFFFFFFFFFFFFFFFFFF68
:1008A000FFFFFFFFFFFFFFFFFFFFFFFFFFFFFFFF58
:1008B000FFFFFFFFFFFFFFFFFFFFFFFFFFFFFFFF48
:1008C000FFFFFFFFFFFFFFFFFFFFFFFFFFFFFFFF38
:1008D000FFFFFFFFFFFFFFFFFFFFFFFFFFFFFFFF28
:1008E000FFFFFFFFFFFFFFFFFFFFFFFFFFFFFFFF18
:1008F000FFFFFFFFFFFFFFFFFFFFFFFFFFFFFFFF08
:10090000FFFFFFFFFFFFFFFFFFFFFFFFFFFFFFFFF7
:10091000FFFFFFFFFFFFFFFFFFFFFFFFFFFFFFFFE7
:10092000FFFFFFFFFFFFFFFFFFFFFFFFFFFFFFFFD7
:10093000FFFFFFFFFFFFFFFFFFFFFFFFFFFFFFFFC7
:10094000FFFFFFFFFFFFFFFFFFFFFFFFFFFFFFFFB7
:10095000FFFFFFFFFFFFFFFFFFFFFFFFFFFFFFFFA7
:10096000FFFFFFFFFFFFFFFFFFFFFFFFFFFFFFFF97
:10097000FFFFFFFFFFFFFFFFFFFFFFFFFFFFFFFF87
:10098000FFFFFFFFFFFFFFFFFFFFFFFFFFFFFFFF77
:10099000FFFFFFFFFFFFFFFFFFFFFFFFFFFFFFFF67
:1009A000FFFFFFFFFFFFFFFFFFFFFFFFFFFFFFFF57
:1009B000FFFFFFFFFFFFFFFFFFFFFFFFFFFFFFFF47
:1009C000FFFFFFFFFFFFFFFFFFFFFFFFFFFFFFFF37
:1009D000FFFFFFFFFFFFFFFFFFFFFFFFFFFFFFFF27
:1009E000FFFFFFFFFFFFFFFFFFFFFFFFFFFFFFFF17
:1009F000FFFFFFFFFFFFFFFFFFFFFFFFFFFFFFFF07
:100A0000FFFFFFFFFFFFFFFFFFFFFFFFFFFFFFFFF6
:100A1000FFFFFFFFFFFFFFFFFFFFFFFFFFFFFFFFE6
:100A2000FFFFFFFFFFFFFFFFFFFFFFFFFFFFFFFFD6
:100A3000FFFFFFFFFFFFFFFFFFFFFFFFFFFFFFFFC6
:100A4000FFFFFFFFFFFFFFFFFFFFFFFFFFFFFFFFB6
:100A5000FFFFFFFFFFFFFFFFFFFFFFFFFFFFFFFFA6
:100A6000FFFFFFFFFFFFFFFFFFFFFFFFFFFFFFFF96
:100A7000FFFFFFFFFFFFFFFFFFFFFFFFFFFFFFFF86
:100A8000FFFFFFFFFFFFFFFFFFFFFFFFFFFFFFFF76
:100A9000FFFFFFFFFFFFFFFFFFFFFFFFFFFFFFFF66
:100AA000FFFFFFFFFFFFFFFFFFFFFFFFFFFFFFFF56
:100AB000FFFFFFFFFFFFFFFFFFFFFFFFFFFFFFFF46
:100AC000FFFFFFFFFFFFFFFFFFFFFFFFFFFFFFFF36
:100AD000FFFFFFFFFFFFFFFFFFFFFFFFFFFFFFFF26
:100AE000FFFFFFFFFFFFFFFFFFFFFFFFFFFFFFFF16
:100AF000FFFFFFFFFFFFFFFFFFFFFFFFFFFFFFFF06
:100B0000FFFFFFFFFFFFFFFFFFFFFFFFFFFFFFFFF5
:100B1000FFFFFFFFFFFFFFFFFFFFFFFFFFFFFFFFE5
:100B2000FFFFFFFFFFFFFFFFFFFFFFFFFFFFFFFFD5
:100B3000FFFFFFFFFFFFFFFFFFFFFFFFFFFFFFFFC5
:100B4000FFFFFFFFFFFFFFFFFFFFFFFFFFFFFFFFB5
:100B5000FFFFFFFFFFFFFFFFFFFFFFFFFFFFFFFFA5
:100B6000FFFFFFFFFFFFFFFFFFFFFFFFFFFFFFFF95
:100B7000FFFFFFFFFFFFFFFFFFFFFFFFFFFFFFFF85
:100B8000FFFFFFFFFFFFFFFFFFFFFFFFFFFFFFFF75
:100B9000FFFFFFFFFFFFFFFFFFFFFFFFFFFFFFFF65
:100BA000FFFFFFFFFFFFFFFFFFFFFFFFFFFFFFFF55
:100BB000FFFFFFFFFFFFFFFFFFFFFFFFFFFFFFFF45
:100BC000FFFFFFFFFFFFFFFFFFFFFFFFFFFFFFFF35
:100BD000FFFFFFFFFFFFFFFFFFFFFFFFFFFFFFFF25
:100BE000FFFFFFFFFFFFFFFFFFFFFFFFFFFFFFFF15
:100BF000FFFFFFFFFFFFFFFFFFFFFFFFFFFFFFFF05
:100C0000FFFFFFFFFFFFFFFFFFFFFFFFFFFFFFFFF4
:100C1000FFFFFFFFFFFFFFFFFFFFFFFFFFFFFFFFE4
:100C2000FFFFFFFFFFFFFFFFFFFFFFFFFFFFFFFFD4
:100C3000FFFFFFFFFFFFFFFFFFFFFFFFFFFFFFFFC4
:100C4000FFFFFFFFFFFFFFFFFFFFFFFFFFFFFFFFB4
:100C5000FFFFFFFFFFFFFFFFFFFFFFFFFFFFFFFFA4
:100C6000FFFFFFFFFFFFFFFFFFFFFFFFFFFFFFFF94
:100C7000FFFFFFFFFFFFFFFFFFFFFFFFFFFFFFFF84
:100C8000FFFFFFFFFFFFFFFFFFFFFFFFFFFFFFFF74
:100C9000FFFFFFFFFFFFFFFFFFFFFFFFFFFFFFFF64
:100CA000FFFFFFFFFFFFFFFFFFFFFFFFFFFFFFFF54
:100CB000FFFFFFFFFFFFFFFFFFFFFFFFFFFFFFFF44
:100CC000FFFFFFFFFFFFFFFFFFFFFFFFFFFFFFFF34
:100CD000FFFFFFFFFFFFFFFFFFFFFFFFFFFFFFFF24
:100CE000FFFFFFFFFFFFFFFFFFFFFFFFFFFFFFFF14
:100CF000FFFFFFFFFFFFFFFFFFFFFFFFFFFFFFFF04
:100D0000FFFFFFFFFFFFFFFFFFFFFFFFFFFFFFFFF3
:100D1000FFFFFFFFFFFFFFFFFFFFFFFFFFFFFFFFE3
:100D2000FFFFFFFFFFFFFFFFFFFFFFFFFFFFFFFFD3
:100D3000FFFFFFFFFFFFFFFFFFFFFFFFFFFFFFFFC3
:100D4000FFFFFFFFFFFFFFFFFFFFFFFFFFFFFFFFB3
:100D5000FFFFFFFFFFFFFFFFFFFFFFFFFFFFFFFFA3
:100D6000FFFFFFFFFFFFFFFFFFFFFFFFFFFFFFFF93
:100D7000FFFFFFFFFFFFFFFFFFFFFFFFFFFFFFFF83
:100D8000FFFFFFFFFFFFFFFFFFFFFFFFFFFFFFFF73
:100D9000FFFFFFFFFFFFFFFFFFFFFFFFFFFFFFFF63
:100DA000FFFFFFFFFFFFFFFFFFFFFFFFFFFFFFFF53
:100DB000FFFFFFFFFFFFFFFFFFFFFFFFFFFFFFFF43
:100DC000FFFFFFFFFFFFFFFFFFFFFFFFFFFFFFFF33
:100DD000FFFFFFFFFFFFFFFFFFFFFFFFFFFFFFFF23
:100DE000FFFFFFFFFFFFFFFFFFFFFFFFFFFFFFFF13
:100DF000FFFFFFFFFFFFFFFFFFFFFFFFFFFFFFFF03
:100E0000FFFFFFFFFFFFFFFFFFFFFFFFFFFFFFFFF2
:100E1000FFFFFFFFFFFFFFFFFFFFFFFFFFFFFFFFE2
:100E2000FFFFFFFFFFFFFFFFFFFFFFFFFFFFFFFFD2
:100E3000FFFFFFFFFFFFFFFFFFFFFFFFFFFFFFFFC2
:100E4000FFFFFFFFFFFFFFFFFFFFFFFFFFFFFFFFB2
:100E5000FFFFFFFFFFFFFFFFFFFFFFFFFFFFFFFFA2
:100E6000FFFFFFFFFFFFFFFFFFFFFFFFFFFFFFFF92
:100E7000FFFFFFFFFFFFFFFFFFFFFFFFFFFFFFFF82
:100E8000FFFFFFFFFFFFFFFFFFFFFFFFFFFFFFFF72
:100E9000FFFFFFFFFFFFFFFFFFFFFFFFFFFFFFFF62
:100EA000FFFFFFFFFFFFFFFFFFFFFFFFFFFFFFFF52
:100EB000FFFFFFFFFFFFFFFFFFFFFFFFFFFFFFFF42
:100EC000FFFFFFFFFFFFFFFFFFFFFFFFFFFFFFFF32
:100ED000FFFFFFFFFFFFFFFFFFFFFFFFFFFFFFFF22
:100EE000FFFFFFFFFFFFFFFFFFFFFFFFFFFFFFFF12
:100EF000FFFFFFFFFFFFFFFFFFFFFFFFFFFFFFFF02
:100F0000FFFFFFFFFFFFFFFFFFFFFFFFFFFFFFFFF1
:100F1000FFFFFFFFFFFFFFFFFFFFFFFFFFFFFFFFE1
:100F2000FFFFFFFFFFFFFFFFFFFFFFFFFFFFFFFFD1
:100F3000FFFFFFFFFFFFFFFFFFFFFFFFFFFFFFFFC1
:100F4000FFFFFFFFFFFFFFFFFFFFFFFFFFFFFFFFB1
:100F5000FFFFFFFFFFFFFFFFFFFFFFFFFFFFFFFFA1
:100F6000FFFFFFFFFFFFFFFFFFFFFFFFFFFFFFFF91
:100F7000FFFFFFFFFFFFFFFFFFFFFFFFFFFFFFFF81
:100F8000FFFFFFFFFFFFFFFFFFFFFFFFFFFFFFFF71
:100F9000FFFFFFFFFFFFFFFFFFFFFFFFFFFFFFFF61
:100FA000FFFFFFFFFFFFFFFFFFFFFFFFFFFFFFFF51
:100FB000FFFFFFFFFFFFFFFFFFFFFFFFFFFFFFFF41
:100FC000FFFFFFFFFFFFFFFFFFFFFFFFFFFFFFFF31
:100FD000FFFFFFFFFFFFFFFFFFFFFFFFFFFFFFFF21
:100FE000FFFFFFFFFFFFFFFFFFFFFFFFFFFFFFFF11
:100FF000FFFFFFFFFFFFFFFFFFFFFFFFFFFFFFFF01
:10100000D1002043ED15006000000000000000004A
:10101000201000600010006000D800600000000098
:101020000000006000E4000000000000FFFFFFFF80
:10103000FFFFFFFFFFFFFFFFFFFFFFFFFFFFFFFFC0
:10104000FFFFFFFFFFFFFFFFFFFFFFFFFFFFFFFFB0
:10105000FFFFFFFFFFFFFFFFFFFFFFFFFFFFFFFFA0
:10106000FFFFFFFFFFFFFFFFFFFFFFFFFFFFFFFF90
:10107000FFFFFFFFFFFFFFFFFFFFFFFFFFFFFFFF80
:10108000FFFFFFFFFFFFFFFFFFFFFFFFFFFFFFFF70
:10109000FFFFFFFFFFFFFFFFFFFFFFFFFFFFFFFF60
:1010A000FFFFFFFFFFFFFFFFFFFFFFFFFFFFFFFF50
:1010B000FFFFFFFFFFFFFFFFFFFFFFFFFFFFFFFF40
:1010C000FFFFFFFFFFFFFFFFFFFFFFFFFFFFFFFF30
:1010D000FFFFFFFFFFFFFFFFFFFFFFFFFFFFFFFF20
:1010E000FFFFFFFFFFFFFFFFFFFFFFFFFFFFFFFF10
:1010F000FFFFFFFFFFFFFFFFFFFFFFFFFFFFFFFF00
:10110000FFFFFFFFFFFFFFFFFFFFFFFFFFFFFFFFEF
:10111000FFFFFFFFFFFFFFFFFFFFFFFFFFFFFFFFDF
:10112000FFFFFFFFFFFFFFFFFFFFFFFFFFFFFFFFCF
:10113000FFFFFFFFFFFFFFFFFFFFFFFFFFFFFFFFBF
:10114000FFFFFFFFFFFFFFFFFFFFFFFFFFFFFFFFAF
:10115000FFFFFFFFFFFFFFFFFFFFFFFFFFFFFFFF9F
:10116000FFFFFFFFFFFFFFFFFFFFFFFFFFFFFFFF8F
:10117000FFFFFFFFFFFFFFFFFFFFFFFFFFFFFFFF7F
:10118000FFFFFFFFFFFFFFFFFFFFFFFFFFFFFFFF6F
:10119000FFFFFFFFFFFFFFFFFFFFFFFFFFFFFFFF5F
:1011A000FFFFFFFFFFFFFFFFFFFFFFFFFFFFFFFF4F
:1011B000FFFFFFFFFFFFFFFFFFFFFFFFFFFFFFFF3F
:1011C000FFFFFFFFFFFFFFFFFFFFFFFFFFFFFFFF2F
:1011D000FFFFFFFFFFFFFFFFFFFFFFFFFFFFFFFF1F
:1011E000FFFFFFFFFFFFFFFFFFFFFFFFFFFFFFFF0F
:1011F000FFFFFFFFFFFFFFFFFFFFFFFFFFFFFFFFFF
:10120000FFFFFFFFFFFFFFFFFFFFFFFFFFFFFFFFEE
:10121000FFFFFFFFFFFFFFFFFFFFFFFFFFFFFFFFDE
:10122000FFFFFFFFFFFFFFFFFFFFFFFFFFFFFFFFCE
:10123000FFFFFFFFFFFFFFFFFFFFFFFFFFFFFFFFBE
:10124000FFFFFFFFFFFFFFFFFFFFFFFFFFFFFFFFAE
:10125000FFFFFFFFFFFFFFFFFFFFFFFFFFFFFFFF9E
:10126000FFFFFFFFFFFFFFFFFFFFFFFFFFFFFFFF8E
:10127000FFFFFFFFFFFFFFFFFFFFFFFFFFFFFFFF7E
:10128000FFFFFFFFFFFFFFFFFFFFFFFFFFFFFFFF6E
:10129000FFFFFFFFFFFFFFFFFFFFFFFFFFFFFFFF5E
:1012A000FFFFFFFFFFFFFFFFFFFFFFFFFFFFFFFF4E
:1012B000FFFFFFFFFFFFFFFFFFFFFFFFFFFFFFFF3E
:1012C000FFFFFFFFFFFFFFFFFFFFFFFFFFFFFFFF2E
:1012D000FFFFFFFFFFFFFFFFFFFFFFFFFFFFFFFF1E
:1012E000FFFFFFFFFFFFFFFFFFFFFFFFFFFFFFFF0E
:1012F000FFFFFFFFFFFFFFFFFFFFFFFFFFFFFFFFFE
:10130000FFFFFFFFFFFFFFFFFFFFFFFFFFFFFFFFED
:10131000FFFFFFFFFFFFFFFFFFFFFFFFFFFFFFFFDD
:10132000FFFFFFFFFFFFFFFFFFFFFFFFFFFFFFFFCD
:10133000FFFFFFFFFFFFFFFFFFFFFFFFFFFFFFFFBD
:10134000FFFFFFFFFFFFFFFFFFFFFFFFFFFFFFFFAD
:10135000FFFFFFFFFFFFFFFFFFFFFFFFFFFFFFFF9D
:10136000FFFFFFFFFFFFFFFFFFFFFFFFFFFFFFFF8D
:10137000FFFFFFFFFFFFFFFFFFFFFFFFFFFFFFFF7D
:10138000FFFFFFFFFFFFFFFFFFFFFFFFFFFFFFFF6D
:10139000FFFFFFFFFFFFFFFFFFFFFFFFFFFFFFFF5D
:1013A000FFFFFFFFFFFFFFFFFFFFFFFFFFFFFFFF4D
:1013B000FFFFFFFFFFFFFFFFFFFFFFFFFFFFFFFF3D
:1013C000FFFFFFFFFFFFFFFFFFFFFFFFFFFFFFFF2D
:1013D000FFFFFFFFFFFFFFFFFFFFFFFFFFFFFFFF1D
:1013E000FFFFFFFFFFFFFFFFFFFFFFFFFFFFFFFF0D
:1013F000FFFFFFFFFFFFFFFFFFFFFFFFFFFFFFFFFD
:10140000824205D051F8043B40F8043B8242F9D8AF
:10141000704700BF044A05494FF0000342F8043BFF
:101420009142FBD8704700BFC01A002080270020DF
:1014300080B5BFF34F8F00F0BDF9534C534B0820DC
:101440005349C3F85401534AC3F800115248C3F832
:10145000F0405249FFF7D4FF514A52495248FFF732
:10146000CFFF524CFFF7D6FF4FF470004FF0E02152
:1014700000234F4AC1F8880D44F823200133B02BD4
:10148000FAD14C4B80214C4A03F8011B9342FBD10B
:101490004FF0E025494F4A4A4FF0FF31C5F8084D5B
:1014A0000026D5F8243D43F4E023C5F8243DFB692C
:1014B00023F07F0343F04003FB617B6A23F07F034B
:1014C00043F040037B629166D1661167516700F07B
:1014D00079F93C4B63223C49A3633C4BE363032310
:1014E0006A613B4AAE612B61C5F8202DD5F8FC2D11
:1014F000384B42F08072C5F8FC2D1A6842F00102A8
:101500001A605B680B6000F0E7F9334800F050FBAD
:10151000F96E324B324A41F44051F9661E60C3F80D
:101520000861C3F81861C3F82861C3F83861936B88
:10153000DB0708D442F615632A4951651365936B9E
:1015400043F001039363264A274C936843F0011349
:10155000936000F005F900F03BFB00F0EBF900F0C0
:101560002BF92368132BFCD900F07CFA2368B3F520
:10157000967FFBD300F024F900F020F900F020FB67
:1015800000F036FB30BFFDE70C0D111300800D405D
:101590001B101820389D000000000000941D006002
:1015A000C01A0020D0BA00600000002000180020FF
:1015B0009169000000E400E0A0E400E000C00F40FA
:1015C00000C00A4011810000342500201581000070
:1015D00000002020001000E00046C3230040084027
:1015E00000400D400000C05638250020054B4FF448
:1015F0002A01054A05485A641864054A99639546C4
:10160000FFF716FF00C00A40AFAAAAAA07002000F1
:10161000000007201BB9124B1B6F9B041ED400F067
:101620003F000F4B22F0604221F0604140F48910EE
:101630001867C3F88010C3F890201A6F22F4805204
:101640001A671A6F002AFCDAD3F87011054A0A40AB
:10165000C3F870211A6F22F480321A67704700BFF6
:1016600000800D40FF7F7FFFB1F5607FF0B50E4633
:101670008DB028BF4FF460760F46054672B62E4BEC
:1016800000247022186021462C4B2D481C8000F04D
:10169000A7FACFB121462A484FF0010C4A0901F0C0
:1016A0001F03013150F822400CFA03F38E4243EA43
:1016B000040340F82230F1D8284600234380013348
:1016C00000F582709E42F9D81E4C257815B162B69D
:1016D0000DB0F0BD082000F087FA1B4B80220646B3
:1016E000009302A90693194B0271056008A80293A2
:1016F00000F082FA06A9164A304600F06DFA069B01
:1017000008A8DB689847009B02A8DB689847237805
:10171000002BDCD10F4B104AC3F858210F49D020C1
:101720004FF0E023402281F84600C3F8082101234E
:10173000237062B60DB0F0BD2C1E00201C270020C7
:10174000341E002032270020BC0500207D560000FA
:101750001B100100001800208956000000E400E082
:10176000104BA020104AD96E41F4403110B4D96614
:1017700040F23764D96E41F44071D9665464906484
:10178000936C1B06FCD4094A40F23761A0235164D4
:101790009364936C13F08003FBD1054A13705DF8DA
:1017A000044B704700C00F4000400C4000800C40CC
:1017B00037270020704700BF704700BF704700BF49
:1017C00000BF704710B44FF0E023002110243248CE
:1017D000C3F8941DC3F89C4D1124C3F8A00D2F48E5
:1017E000C3F89C4D1224C3F8A00D2D48C3F89C4D9E
:1017F0002C4AC3F8A00D2C4C42F015022B48C3F81C
:101800009C4DC3F8A00D2A4C2A48C3F89C4DC3F840
:10181000A00D294CC3F89C2D2848294AC3F8A04D97
:10182000C3F89C0DC3F8A02D02F5A022254C0C3264
:101830002548C3F89C4DC3F8A02D244AC3F89C0D3D
:10184000C3F8A02D02F14062214C02322148C3F8B6
:101850009C4DC3F8A02D0A32C3F89C0DC3F8A02DEF
:1018600000BF00BF00BF00BF00BF0122C3F8942D1E
:10187000BFF34F8FBFF36F8FC3F8501FBFF34F8F6E
:10188000BFF36F8FD3F8142D5DF8044B42F4403250
:10189000C3F8142D704700BF3F0000102500080753
:1018A00009001000802700201300200021000207FB
:1018B0001400002025000813090000101600202045
:1018C00027000B1317000040180000602F000B07C3
:1018D000190000701A000080F0B4154A40274FF438
:1018E00080314FF480564FF400554FF4404443F29A
:1018F0004200136913F0020F0ED113F4005F0FD0F2
:1019000013F4805F0ED0002BF3DA13F4803F0BD179
:101910005B060BD5F0BC7047946151619061E8E7BC
:101920005561E6E75661E4E79161E2E75761E0E778
:1019300000800D403F4A03203F49F3EE095AD2F898
:1019400080304FF0000C9FED3D6A23F001039FEDC6
:101950003C5A30B4C2F88030C2F89000D1F8E010A0
:10196000384DCBB2384C39482B6007EE903A0B0D0E
:10197000C1F30B21F8EEE77A06EE903A07EE101A63
:10198000334BB8EEC77A2160F8EEE66A314937EE9C
:10199000C66A37EEC55A76EEC76A77EEE57A26EE66
:1019A000266AC3ED006A25EE265AD2F8803067EE2B
:1019B000A64AC0ED007AC6EE275A274885EE276A68
:1019C000C4EEA76A75EE875AFCEEE55A36EE076A52
:1019D00015EE904ABCEEC66A43EA045376EE877A67
:1019E000C2F8803016EE103AD2F89041FCEEE77A59
:1019F00001EA0341214317EE903AC2F89011C3F374
:101A00000B03D2F890110B431449C2F89031D2F86D
:101A1000803043F00203C2F88030114B80F840C0A0
:101A2000C1F840314FF0E023012230BCC3F8082157
:101A3000704700BF00810D4000441F400000AA42D3
:101A40000000B442202500201C2500202425002071
:101A5000282500200000FF0F00E400E0001800200F
:101A6000556B0000314B40F6617210B5C3F8202170
:101A700040F2044400F0A0F82D4A2E49D2F88030FC
:101A80002D4843F00303C2F880302C4BC1F860416D
:101A900002681A4203D1D1F8A8319A071BD0254A0F
:101AA0004FF00041244B5963D2F8403143F0020318
:101AB000C2F84031D2F840319B07FBD44FF40030DC
:101AC0004FF0E0211C4B4FF00042C1F88C0219206E
:101AD0009A6300F079F8184A4FF08040154C0021C5
:101AE00090630A20164B11604FF42072C4F8A801CD
:101AF000184600F075F84FF4800203464FF4810059
:101B000040F243111860C4F858311A640D4B0E4A64
:101B1000C4F84811C3F804224FF0E0224FF400311A
:101B20000123C2F80C11C4F8403110BD00800D40F3
:101B300000C00F4000002E4000900D40001C1E0011
:101B40000000002000180020756D000008B50E4B45
:101B50001B6E9B0700D4FBBE72B60C4B00200C4AD8
:101B6000C3F8400103F160430A49A3F55F23116400
:101B70009D46BFF34F8F4FF400130748074ADB69B8
:101B800002609B68984700BF00441F4000002E4041
:101B900000C00A400300200000802020000012EB5B
:101BA000F8B500BFF8BC08BC9E46704700000000B6
:101BB0005FF800F0615F00005FF800F0B1740000B2
:101BC0005FF800F08D9900005FF800F051620000AE
:101BD0005FF800F0816800005FF800F0255C00000D
:101BE0005FF800F0AD9800005FF800F0816600003B
:101BF0005FF800F03D6500005FF800F0F15600006E
:101C000005010000C549000065540000295D000081
:101C100020036400690063006500460072006900EB
:101C200065006E006400200076002E003000310058
:101C3000220353006900670069006C0049006E00D0
:101C400073007400720075006D0065006E00740012
:101C5000730000000403090409029500030100C099
:101C600032080B0002020201000904000001020216
:101C700001000524001001052401010104240206CD
:101C80000524060001070582031000100904010065
:101C9000020A000000070503024000000705830256
:101CA00040000009040200020103000007240100B3
:101CB0000125000624020101000624020202000997
:101CC00024030103010201000924030204010101AC
:101CD000000905040240000000000525010101097A
:101CE00005840240000000000525010103000000FA
:101CF00009029500030100C032080B000202020134
:101D00000009040000010202010005240010010581
:101D100024010101042402060524060001070582AE
:101D20000310000509040100020A00000007050372
:101D300002000200070583020002000904020002FB
:101D4000010300020724010001250006240201010D
:101D50000206240202020209240301030102010215
:101D60000924030204010101020905040200020022
:101D700000000525010101090584020002000000A0
:101D800005250101030000000A060002EF020140E0
:041D9000010000004E
:101D9400000000000000000000000000000000003F
:101DA400000000000000000000000000000000002F
:101DB400F8B54FF084439D695A6915400DD0254FFD
:101DC40001269D6195FAA5F4B4FA84F457F82430F9
:101DD40006FA04F49847A543F4D11F4B9D695A6948
:101DE40015400DD01D4F01269D6195FAA5F4B4FA56
:101DF40084F457F8243006FA04F49847A543F4D140
:101E0400174B9D695A6915400DD0164F01269D61E7
:101E140095FAA5F4B4FA84F457F8243006FA04F4D5
:101E24009847A543F4D1104B9D695A6915400DD0CC
:101E34000E4F01269D6195FAA5F4B4FA84F457F87F
:101E4400243006FA04F49847A543F4D1BFF34F8F26
:101E5400F8BD00BF7812002000400042F8120020B4
:101E6400008000427813002000C00042F8130020D4
:101E74000548064B1B1AD90F01EBA301491002D0E8
:101E8400034B03B118477047C01A0020C01A002042
:101E94000000000008B5054B1BB105490548AFF328
:101EA4000080BDE80840FFF7E3BF00BF000000006A
:101EB4004424002000E4006008B506F0E5F8064A72
:101EC40040F2DC511368C31A8B4203D9034B01213E
:101ED4001060197008BD00BF942300203A27002029
:101EE40070B5774E774B32682DED028B1A6082B055
:101EF400002800F08D800021022006F0E5FAFF2181
:101F0400714C032006F0E0FA2378002B76D06F4A58
:101F1400336812689B1AB3F5FA7FC0F09480336873
:101F24009B1AB3F5FA7F70D2694A6A4B127893F818
:101F3400B450012A93F8B54074D0F7EE008AF1EE5C
:101F4400047A93ED2C8A28EE278AB5EEC08AF1EE46
:101F540010FA64D4F7EE007AB4EE678AF1EE10FA60
:101F640037FE888A15F0010109D0DFED5B7A68EE4F
:101F7400A77AFCEEE77ACDED017A9DF80410574A72
:101F84000420336812689B1A592B98BFFF2106F06E
:101F94009BFA15F0020109D0DFED4F7A68EEA78AAB
:101FA400FCEEE87ACDED017A9DF80410052006F0E8
:101FB4008BFA14F0010109D0DFED477A68EE277A35
:101FC400FCEEE77ACDED017A9DF80410062006F0C8
:101FD4007BFA14F0020109D0DFED3F7A28EE278A5C
:101FE400FCEEC87ACDED017A9DF80410092002B008
:101FF400BDEC028BBDE8704006F066BA334B1A683C
:1020040033689B1AB3F5FA7F8ED3002323708BE7D2
:102014000446FF21022006F057FA214670E79FED9F
:10202400308A9FE72F4AD2ED008AF5EEC08AF1EE9E
:1020340010FA2AD4F7EE007AF4EE678AF1EE10FA79
:1020440077FEA88A7BE7336827499B1A5B08A1FBC4
:102054000313C3F340159B061AD4FF21042006F092
:1020640033FA2378012B26D9FF21052006F02CFA18
:102074002378022B1AD80021062006F025FA2378AB
:10208400032B8CBFFF210021B0E7DFED158A56E753
:102094000021042006F018FA0021052006F014FAA5
:1020A4000021062006F010FA00219FE7FF210620F8
:1020B40006F00AFAE3E72946052006F005FAD7E711
:1020C4003825002024240020442700202024002038
:1020D400482700205822002000007F43402400208D
:1020E4000000000080250020EBA00EEA2DE9F04F4F
:1020F4002DED108B93B0044605F0CCF9804605F025
:10210400C9F98146B8F1000F00F0C085002800F03D
:10211400B785D4ED077A94ED067ACDED017AD4ED46
:10212400087AD4ED129ACDED027AD4ED097A94F8B6
:102134006430CDED037AD4ED0A7A94F86550CDED90
:102144000C7AD4ED0B7ACDED0D7AD4ED0C7ACDED7D
:10215400047AD4ED0D7ACDED057AD4ED0E7ACDED79
:10216400067AD4ED0F7ACDED077AD4ED107ACDED61
:10217400087AD4ED117ACDED097AD4ED137ACDED48
:102184000A7AD4ED147ACDED117AD4ED157ACDED29
:102194000B7ADFEDBD7A94ED16EAB4EEE77AD4ED6E
:1021A40017EAD4ED18DAF1EE10FA00F14B86DFED00
:1021B400B77AB4EE677AF1EE10FA77FE877ACDED4E
:1021C4000E7ADFEDB17A9DED017AB4EEE77AF1EEA5
:1021D40010FA00F19686DFEDAD7AB4EE677AF1EE8F
:1021E40010FA77FE877ACDED017AFBEE047A9DED45
:1021F400027AB4EEE77AF1EE10FA00F17E86DFEDB2
:10220400A47AB4EE677AF1EE10FA77FE877ACDED10
:10221400027AFBEE047A9DED037AB4EEE77AF1EEEE
:1022240010FA00F16686DFED9A7AB4EE677AF1EE81
:1022340010FA77FE877ACDED037A9DED0C7AB5EE30
:10224400C07AF1EE10FA00F14E86F7EE007AB4EEA1
:10225400677AF1EE10FA77FE877ACDED0C7A9DED70
:102264000D7AB5EEC07AF1EE10FA00F13686F7EE8B
:10227400007AB4EE677AF1EE10FA77FE877ACDED44
:102284000D7A9DED047AB5EEC07AF1EE10FA00F104
:102294001E86F7EE007AB4EE677AF1EE10FA77FE56
:1022A400877ACDED047A9DED057AB5EEC07AF1EE2C
:1022B40010FA00F10686F7EE007AB4EE677AF1EED2
:1022C40010FA77FE877ACDED057A9DED067AB5EEA4
:1022D400C07AF1EE10FA00F1EE85F7EE007AB4EE72
:1022E400677AF1EE10FA77FE877ACDED067A9DEDE6
:1022F400077AB5EEC07AF1EE10FA00F1D685F7EE62
:10230400007AB4EE677AF1EE10FA77FE877ACDEDB3
:10231400077A9DED087AB5EEC07AF1EE10FA00F175
:10232400BE85F7EE007AB4EE677AF1EE10FA77FE26
:10233400877ACDED087AF7EE007A9DED097AB4EE4E
:10234400E77AF1EE10FA00F1A685DFED527AB4EEE9
:10235400677AF1EE10FA77FE877ACDED097AF2EE1C
:10236400047AF4EEE79AF1EE10FA00F19085DFEDCD
:10237400497AF4EE679AF1EE10FA77FEA99A9DED88
:102384000A7AB5EEC07AF1EE10FA00F17A85F3EE2E
:10239400087AB4EE677AF1EE10FA77FE877ACDED1B
:1023A4000A7A9DED117AB5EEC07AF1EE10FA00F1D9
:1023B4006285F7EE007AB4EE677AF1EE10FA77FEF2
:1023C400877ACDED117A9DED0B7AB5EEC07AF1EEF8
:1023D40010FA00F14A85F7EE007AB4EE677AF1EE6E
:1023E40010FA77FE877ACDED0B7AB5EEC0EAF1EEFE
:1023F40010FA00F13685F7EE007AB4EE67EAF1EEF2
:1024040010FA37FE8EEAF5EEC0EAF1EE10FA00F1AA
:102414002485F7EE007AF4EE67EAF1EE10FA77FE1F
:10242400AEEAF5EEC0DAF1EE10FA00F11285F7EE3D
:10243400007AF4EE67DAF1EE10FA77FEADDA002BEB
:10244400DFED157AB7EE00FA9FED140A9FED14DA6A
:10245400F0EE00CA07FE800A09F1020607F07CFDCF
:102464007FEE407A002DB0EE4DAA08F1020594EDFE
:10247400289A08F581779FED0BCADFED0BBA4DFE64
:102484008DDACDED0F7AECE2000048C20000FE4286
:102494000000074300004843821804BADCE6B6B8DB
:1024A4000000000000008A420000DC437B14AE3EC2
:1024B4001F852B3FBC74933C00BFF63B3D0AD73EBF
:1024C400EC51B8BEEC51B83EB81E053FAE47613E74
:1024D400B6F37D3F295C0F3FEC51383F0000344395
:1024E400B81E053E007C9E46DB0F494000442C4745
:1024F40094F8B610E1B95FED137A9DED117AB4EE5C
:10250400E77AF1EE10FA00F185845FED177AB4EE04
:10251400E77AF1EE10FA00F19184B5EEC09AF1EE8B
:1025240010FACCBF0121002141EA4B0184F8B41018
:10253400B5EEC06AF1EE10FA28DD94F8B71001BBCD
:10254400DDED117A1FED277A7FEE677A94F8B410E7
:10255400F4EEC77AF1EE10FA00F158841FED2C7AEC
:10256400F4EEC77AF1EE10FA00F16584B5EEC09A84
:10257400F1EE10FA4CBF0121002141EA4A0184F82E
:10258400B510F5EEC06AF1EE10FA10DCB4EEE66AAE
:102594001FED387AF1EE10FA54BFF0EE4B7AF0EEFC
:1025A4006A7A77EEC97AA7EE879A84ED289AD4EDF1
:1025B400298A9DED0F7AF4EEED8A5FED417A84F875
:1025C400B63084F8B720F1EE10FAF5EEC06A58BFC1
:1025D400F0EE477A3DEEE87AF1EE10FAE7EE278A5C
:1025E400FFEE007A7FFE277AC4ED298AB5EEC06A31
:1025F400BFEE007AF1EE10FA3FFE077AB4EEE66A17
:102604005FED526A77EEC77A1FED536ABFEE007A28
:10261400F1EE10FA67EEA67A5FED566AA8EE2C7A10
:1026240058BFF0EE466AB9EE006A77EEA67A5FED1F
:102634005A6AE7EE267A1FED5B7AF1EE006AE9EE5C
:10264400077AB0EE4F7AAEEE267A67EE277AF4EE8A
:10265400C67AF1EE10FA00F1BC83F4EEE67AF1EEFC
:1026640010FA00F3C083F3EE0B6A27EEA77AF2EEBA
:10267400025AB0EE666AA7EE256A37EE267A27EE8E
:10268400277A87EE068ADDED067ADDED026A94ED9F
:102694002A7AD4ED2B5A67EEAA7A1FED736A38EEC4
:1026A400477A84ED2A8AF2EE080AE7EEA96ADDED9C
:1026B400087AA5EE867A67EE897AB0EE000A67EEAC
:1026C400A9FADDED0B7A84ED2B7A37EE487A76EEB3
:1026D400EF6AA7EE278A76EECC6AC6EEA00A07F068
:1026E400AFFCF2EE046A20EE2B7AB4EEE67AF1EE59
:1026F40010FA00F16B835FED856AB4EE667AF1EE51
:1027040010FA36FE877ADDED077AF2EE080ADDED7F
:10271400036AB0EE000A27EE8B6A8DED007AE6EECE
:10272400296A7FEEA67A77EECC7AC7EEA00A07F084
:1027340087FC9DED007AF2EE047A20EE2B6AB4EE6B
:10274400E76AF1EE10FA00F13E835FED9A7AB4EE97
:10275400676AF1EE10FA37FE866AF0EEC95A5FED49
:10276400A36A5FEDA37AE5EEA67ADDED096A67EE6A
:10277400A6FAF4EECFFAF1EE10FA00F121835FED40
:10278400A96AF4EE66FAF1EE10FA76FEAFFAF2EE0A
:10279400046A5FEDAD5AB0EE485AB4EEE67AABEE99
:1027A400255AF1EE10FA00F104835FEDB26AB4EE3B
:1027B400E67AF1EE10FA00F30F831FEDB50A8DED02
:1027C400106A27EE007A1FEDB70A8DED005A87EEE6
:1027D400000A07F015FE9DED005A9DED106A60EEAB
:1027E400002A72EECF5A35EEA53A80EE2F7A94ED98
:1027F4001BBAD4ED1C3A94ED1D4AA36EC4ED1D3AE8
:10280400F9EE004A84ED1A5AE36677EE0F5A75EE34
:10281400A25ACFEE256A63EE665A27EE263A3FEEB9
:10282400477A23EE4BBA37EE227AA5EE03BA66EE68
:10283400C76AA5EEA3BAA6EE84BAB4EEE4BAF1EE82
:1028440010FA00F1B382B1EE007AB4EE47BAF1EEB9
:1028540010FA37FE0BBAB2EE047A5FEDDF6A84ED4C
:102864001CBAAAEEA68AB4EEC76AF1EE10FA00F119
:1028740054821FEDE47AB4EEC76AF1EE10FA00F365
:10288400B8821FEDE70A1FEDE77A26EE000A80EE14
:10289400070A07F0B5FD60EE003A33EECF6A36EE74
:1028A400066A80EE2F7AD4ED1F7A94ED204AD4ED97
:1028B400214AA36F84ED214AB9EE005A84ED1E8AA1
:1028C400E36777EE0F5A75EEA35ACFEE256A67EEEB
:1028D400265A26EE666A3FEE477A65EEE77A37EEC9
:1028E400237AE8EE257A66EEC76AE6EE047AE6EE27
:1028F400A47AF4EEC57AF1EE10FA00F10B82B1EE8F
:10290400007AF4EE477AF1EE10FA77FE277A77EE42
:102914008B6AC4ED207AB6EE007A9DED0A6AA6EEC3
:10292400C7BAE6EEC77A2BEE2EBA67EEAE7AA6EEFB
:1029340087BAE6EE877AB0EE4F7AF9EE006AAEEE29
:102944002C7A27EE067A27EE0BBAB4EEE6BAF1EE4D
:1029540010FA00F1DC81F1EE006AB4EEE6BAF1EEB1
:1029640010FA00F34382B3EE0B6A6BEE0B6AB2EE1D
:10297400025AF0EE465AE6EE855A76EE866A26EE5E
:102984008B6AC6EE256AD4ED235A9FEDEA6A68EE97
:10299400A66A67EE277A94ED227AC4ED226A36EEAF
:1029A400C77AF9EE006AA5EE867AF4EEE67AF1EEDD
:1029B40010FA84ED237A00F1A781F1EE006AF4EEB7
:1029C400E67AF1EE10FA00F31B82B3EE0B6A67EEBF
:1029D400A76AB2EE025AF0EE465AE6EE855A76EE51
:1029E400866A66EEA77AC7EEA56AD4ED247A47F61E
:1029F400FF7094ED255ADFEDCF5ACF4968EEA66AF1
:102A0400B0EEC76A76EEE77AC4ED246ADFEDCB6AEE
:102A1400E5EE257A27EE267ABDEEC77A67EEA66A3A
:102A2400C4ED257A17EE103AB0EEE77A8342FDEE54
:102A3400E67AA8BF034617EE902A76EE077A8B4211
:102A4400B8BF0B4682423DEE27DAA8BF024625F8FE
:102A5400023F8A42B8BF0A46BD4226F8022F00F060
:102A6400208194F8B4B0DFEDB67A1BF0010FDFEDEE
:102A7400B56A9FEDB57A4AFE277A1BF0020F4AFE2B
:102A8400266A77EEA67A1BF0040F0AFE077A77EE21
:102A9400877AF4EECF7AF1EE10FA00F38081FFEE3C
:102AA40000AA9DED0C7AE7EEACAA27EE2A6A94F808
:102AB400B5A09FEDA38A1AF0010F9FEDA27A0AFE3A
:102AC400088A1AF0020F0AFE077A38EE078A1AF00B
:102AD400040F9FED9D7A0AFE077A38EE078AB4EE5A
:102AE400CF8AF1EE10FA00F35381BFEE00BA9DEDE8
:102AF4000D7AA8EE2CBA67EE0B6A9DED0E7A38EECD
:102B0400278ADDED017AF2EE080AA9EE867AE9EE6B
:102B1400A67ADDED046AB0EE000A66EE896AA6EED6
:102B2400A97A37EE4C7AC7EE200AB6EE007A28EE80
:102B3400078A9DED057A27EE097AE7EE297AF0EE09
:102B440067FA07F07DFA60EE2B8A9FED807AF4EE47
:102B5400C78AF1EE10FA00F1EA809FED7D7AF4EE77
:102B6400478AF1EE10FA77FE288A7FEECC7AF2EEED
:102B7400080AB0EE000AC7EEA00A07F061FADFED1A
:102B8400737A20EE2B0AB4EEE70AF1EE10FA00F1A4
:102B9400CB80DFED6F7AB4EEE70AF1EE10FA00F3C2
:102BA4003281DFED6C7A80EE277ADFED6A6AC8EE57
:102BB400A67AD4ED266AF1EE005A77EEA67AD4ED21
:102BC400276A37EE267ABBFE676A77EEC67AF6EE98
:102BD400006ABBFE476A37EE467AC4ED267ABBFE2E
:102BE400676A77EEC67A84ED277ABBFE476A37EECA
:102BF400467A77EEE67AB0EE4F6A37EE667AF0EE12
:102C0400E77AF0EE4F6AB0EEC77AE7EEE56AA7EE30
:102C1400656AF5EEC06AF1EE10FAB5EEC06ACCBF93
:102C240001230023F1EE10FAB4EEE66ACCBF0122D0
:102C34000022F1EE10FAF5EEC06A4CBF012000202C
:102C4400F1EE10FA3FF754ACB5EEC06AF1EE10FAAB
:102C54003FF773ACD4ED298A0023F4EEE8DAA4F844
:102C6400B630F1EE10FA00F3D8807DEEE87A9DEDEF
:102C74000F7AE7EE278AFFEE007AC4ED298AB5E4DD
:102C8400B8F1000F02D0404604F05AFCB9F1000F2D
:102C940035D0484613B0BDEC108BBDE8F04F04F0BE
:102CA4004FBC00224146204604F072FC01224946F2
:102CB400204604F06DFC404604F042FC484604F013
:102CC4003FFCDFED257A2DEE27DAB5EEC0DAF1EE22
:102CD40010FA00F1BB80F7EE007AB4EE67DAF1EE99
:102CE40010FA37FE8DDAD4ED2C6A9FED1C7A3DEE96
:102CF40066DAD4ED2C7AEDEE077AC4ED2C7A13B0B3
:102D0400BDEC108BBDE8F08FDFED196A6DE6DFEDE9
:102D1400186A38E6F0EE457AF9E59FED126ADFEDC0
:102D2400123A9FED120ABCE59FED0D7A3DE7F0EEF5
:102D3400478A1AE752B87E3F0080FFFF00FEFF4635
:102D4400986E123F986E923E986E123E0AD7A33C3C
:102D5400000A9B4600442C470000803BEC51383E5F
:102D6400977AF334F7FFFFBF103A0835F9BE3A3AC1
:102D7400A0BF80BF16A4F64216A47A426A4EFD4054
:102D8400A0BF803F6666E63E00BFF63B0000000041
:102D9400B7EE00BADDED0D6AB0EE4B8AADE6F7EEA4
:102DA40000AA9DED0C6AF0EE6A7A80E6B0EE64BA91
:102DB40051E51FED143A5FED142A1FED140A14E5D2
:102DC400F7EE00FAE3E4B0EE676AC6E4B0EE667AC2
:102DD40099E41FED198A56E41FED1A3A5FED1A2A99
:102DE4001FED1A0A01E51FED1A8A4CE45FED1C6A17
:102DF400C9E51FED206A5FED203A1FED200A50E57A
:102E04005FED216AF1E51FED217ACEE680F0010144
:102E1400FFF7B3BB0146FFF787BB3DEEE87A5FEDF2
:102E2400267AE7EE278AFFEE007AB0EE677AC4EDE1
:102E3400298AFFF7E3BBC909FFF79FBB4FEADA1101
:102E4400FFF772BBCDED0E7AFFF7BBB91FED31DA98
:102E540049E75FED32DAFFF7F2BA5FED34EAFFF7E4
:102E6400E0BA1FED36EAFFF7CEBA5FED387ACDED62
:102E74000B7AFFF7BABA5FED3B7ACDED117AFFF723
:102E8400A2BA5FED3E7ACDED0A7AFFF78ABAF0EE88
:102E9400679AFFF774BACDED097AFFF760BA5FED70
:102EA400457ACDED087AFFF746BA5FED487ACDED65
:102EB400077AFFF72EBA5FED4B7ACDED067AFFF76E
:102EC40016BA5FED4E7ACDED057AFFF7FEB95FEDE8
:102ED400517ACDED047AFFF7E6B95FED547ACDED82
:102EE4000D7AFFF7CEB95FED577ACDED0C7AFFF787
:102EF400B6B9CDED037AFFF7A0B9CDED027AFFF7AD
:102F040088B9CDED017AFFF770B900BFB5EEC00AFC
:102F140010B5F1EE10FA2DED028B82B000F1F380C2
:102F2400F7EE007AB4EEE70AF1EE10FA00F3D4807B
:102F34009FEDA47ADFEDA46AE0EE076AF5EEC06ABD
:102F4400F1EE10FA40F13781DFEDA06AA04B9FED5E
:102F5400A17A93ED006AB4EEE66AF1EE10FAC0F2DB
:102F6400FB80DFED9D5AA0EE077ADFED9C7ADFED62
:102F74009C6A9FED9C8AE0EE257AA0EE268AB5EE47
:102F8400C07A83ED006AF1EE10FA40F10B819FEDF7
:102F94008F7A954BD3ED006AF4EEC76AF1EE10FA1E
:102FA40066FE876AF5EEC07AC3ED006AF1EE10FAA8
:102FB40040F1C680DFED857A8C4B402493ED007A96
:102FC400F4EEC77AF1EE10FA88BFB0EE677A83EDBB
:102FD400007A05F059F807EE900A85494FF0E0228F
:102FE400F8EE677A91F8B43091F8B5C0C2F8884128
:102FF40077EE887AFCEEE77ACDED017A9DF804004D
:1030040000EB00125B3A5A40C0EBC003D2B200EBB3
:10301400830381F8B420013A5A33D2B283EA0C0311
:10302400FD2ADBB281F8B53003D980F0B60281F80D
:10303400B420013BDBB2FD2B04D9430083F06903C8
:1030440081F8B530D1ED277A05EE900ADFED696A93
:1030540010F0010FF8EEE55A91ED267A77EEA67A94
:103064009FED656A9FED655A37EE067ADFED644A97
:10307400E5EE857AD1ED286A9FED625A9FED626A8A
:10308400A5EEA47AFFEE005A05FE066A76EE866A7D
:10309400BBFE676A77EEC67AF4EEE56ABBFE475A72
:1030A40037EE457AC1ED277AF1EE10FA81ED267AF2
:1030B4004FD4F7EE007AF4EE676AF1EE10FA77FE79
:1030C400A66A4FF0E0234022C1ED286AC3F8082124
:1030D40002B0BDEC028B10BD3D4A92ED007AB4EE15
:1030E400E77AF1EE10FA58DA3F4B9FED488A93EDF8
:1030F400007AC2ED007AB4EEE77AF1EE10FA1FDA44
:10310400F0EE676A4EE7324B9FED2F7AD3ED007AEB
:10311400F4EEC77AF1EE10FA2FDA9FED328ADFED82
:103124002F7ADFED2C6A83ED007A2F4B93ED007A32
:10313400B4EEE67AF1EE10FABFF63EAFC3ED006AE4
:10314400B7EE007AF4EE477AF1EE10FA77FE277ABA
:1031540032E7F0EE656AB4E79FED1F6AA0EE077AE6
:10316400DFED1E7ADFED1E5A9FED1E8AE0EE067A31
:10317400B0EE666AA0EE258A01E71B4BDFED156A07
:10318400D3ED007A9FED178AF4EEE67ADFED137A39
:10319400F1EE10FABFF610AF04E7F0EE676A9FEDA8
:1031A4001B8AC2E7F7EE006AB4EE667AF1EE10FA13
:1031B40036FE877AEDE6F4EE676AF1EE10FA77FEF2
:1031C400A66AC3E69A99593F3333B33E0000000020
:1031D400BC230020CDCC0C3F295C8F3EEC51383F02
:1031E4000000274300007442AC230020B0230020D9
:1031F4005822002083C08A3E8B6CE73D0AD7A33B4C
:10320400A69B443B713D8ABE52B89E3E0000644377
:10321400B5EEC00AF1EE10FA00F18480F7EE006A10
:10322400B4EEE60AF1EE10FA50DCDFED935ADFED6E
:10323400937AB0EE656AA0EE276AB5EEC06AF1EE45
:1032440010FA5CD5DFED8E6A9FED8E7ADFED8E7A13
:10325400A0EE267A9FED8D6AE0EE257A8C4BD3EDB5
:10326400006AF4EEC66AF1EE10FAB5EEC07A66FEB4
:10327400866AC3ED006AF1EE10FA37D59FED837AC2
:10328400844BD3ED006AF4EEC76AF1EE10FAF5EE62
:10329400C07A66FE876AC3ED006AF1EE10FA4AD47A
:1032A400B7EE007AF4EE477AF1EE10FA77FE277A59
:1032B400794B93ED007AF4EEC77AF1EE10FA88BFF9
:1032C400B0EE677A83ED007AC0BB7047B0EE660A51
:1032D400DFED727A9FED727A6D4B93ED006AF4EE36
:1032E400C66AF1EE10FA01D9C3ED006AF7EE006A7E
:1032F400B4EE667AF1EE10FA36FE877AC0E7B4EEE1
:10330400E66AF1EE10FA40F3AB809FED5D5AB0EE41
:10331400666A9FED5C7ADFED5C7AA0EE057AE0EEFA
:10332400257A9BE7DFED587A9FED567ADFED526AF6
:103334009FED560AD0E7DFED557AB9E710B5DFED1A
:10334400597A40242DED028B9FED578A82B0A0EE6E
:10335400278A04F099FE07EE900A54494FF0E022C0
:10336400F8EE677A91F8B43091F8B5C0C2F88841A4
:1033740077EE887AFCEEE77ACDED017A9DF80400C9
:1033840000EB00125B3A5A40C0EBC003D2B200EB30
:10339400830381F8B420013A5A33D2B283EA0C038E
:1033A400FD2ADBB281F8B53003D980F0B60281F88A
:1033B400B420013BDBB2FD2B49D8D1ED277A05EED1
:1033C400900ADFED3B6A10F0010FF8EEE55A91ED3B
:1033D400267A77EEA67A9FED376A9FED375A37EE55
:1033E400067ADFED364AE5EE857AD1ED286A9FED5F
:1033F400345A9FED346AA5EEA47AFFEE005A05FE16
:10340400066A76EE866ABBFE676A77EEC67AF4EEE3
:10341400E56ABBFE475A37EE457AC1ED277AF1EEED
:1034240010FA81ED267A18D4F7EE007AF4EE676A82
:10343400F1EE10FA77FEA66A4FF0E0234022C1EDC8
:10344400286AC3F8082102B0BDEC028B10BD43000A
:1034540083F0690381F8B530AFE7F0EE656AEBE716
:10346400DFED076A9FED077ADFED077AA0EE267A93
:10347400E0EE257AF2E600BF3D0AD73EE17A143F3A
:103484007B14AE3EEC51383E8FC2753E0000000006
:103494000C240020BC230020AC230020C2F5283FCC
:1034A400B81E053F00000B4300009E425822002036
:1034B40083C08A3E8B6CE73D0AD7A33BA69B443B63
:1034C400713D8ABE52B89E3EDFED995AB4EEE50ACC
:1034D40010B5F1EE10FA2DED028B82B000F1DD8013
:1034E400F7EE006A934BB4EEE60AF1EE10FA00F33D
:1034F400C880DFED917A9FED917A93ED006AA0EE9A
:10350400277AB4EEC60AF1EE10FAB4EEE57A88BF73
:10351400B0EE406AF1EE10FA40F1E480DFED886A23
:10352400B0EE657ADFED877AE0EE267A864A83ED9F
:10353400006AD2ED006AF4EE476AF1EE10FAF5EE95
:10354400C07A26FE877A82ED007AF1EE10FA40F115
:10355400BD80DFED777A7D4B4024DFED7D6A93ED0E
:10356400007A9FED7C8AF4EEC77AA0EE268AF1EE0B
:1035740010FA88BFB0EE677A83ED007A04F084FD18
:1035840007EE900A74494FF0E022F8EE677A91F85A
:10359400B43091F8B5C0C2F8884177EE887AFCEE71
:1035A400E77ACDED017A9DF8040000EB00125B3A56
:1035B4005A40C0EBC003D2B200EB830381F8B420BD
:1035C400013A5A33D2B283EA0C03FD2ADBB281F802
:1035D400B53003D980F0B60281F8B420013BDBB2E8
:1035E400FD2B04D9430083F0690381F8B530D1ED94
:1035F400277A05EE900ADFED596A10F0010FF8EE14
:10360400E55A91ED267A77EEA67A9FED556A9FEDFD
:10361400555A37EE067ADFED544AE5EE857AD1ED58
:10362400286A9FED525A9FED526AA5EEA47AFFEEE6
:10363400005A05FE066A76EE866ABBFE676A77EE76
:10364400C67AF4EEE56ABBFE475A37EE457AC1ED19
:10365400277AF1EE10FA81ED267A40D4F7EE007A5B
:10366400F4EE676AF1EE10FA77FEA66A4FF0E023F3
:103674004022C1ED286AC3F8082102B0BDEC028BD8
:1036840010BDD3ED007AF4EEE67ADFED3A7AF1EE8E
:1036940010FA10DAB0EE667A36E0264B93ED007A33
:1036A400B5EEC07AF1EE10FA2ADADFED267ADFED14
:1036B400236AC3ED005A244B93ED007AB4EEE67A04
:1036C400F1EE10FABFF647AFC3ED006AB7EE007A29
:1036D400F4EE477AF1EE10FA77FE277A3BE7F0EE44
:1036E400656AC3E7B4EEE67AF1EE10FA19DDDFEDB0
:1036F400145AB0EE667ADFED137AE0EE257A15E718
:10370400DFED107ADFED0D6A0F4A83ED007A92ED5A
:10371400007AF4EEC76AF1EE10FAD7D9C2ED006A66
:10372400D4E7DFED076ADFED077AE0EE267AFDE6FF
:1037340000000000342400206666263F3333B33E85
:103744007B14AE3EEC51383E382400200C2400207B
:1037540000002D4300002C425822002083C08A3EE2
:103764008B6CE73D0AD7A33BA69B443B713D8ABEC5
:1037740052B89E3EB81E053FDFED356AB7EE007ABB
:10378400DFED347AE0EE267A2DE9F04781460E46E5
:1037940090461F46F4EEC77AF1EE10FA54D49FED2A
:1037A4002E7AF4EEC77AF1EE10FA2FDCFCEEE77A0B
:1037B40017EE905A2D0605F0FE454FEA094433787A
:1037C40004F4FE045BBB3B788BBB2C4349F2090A2F
:1037D40044EA0A0005F0E2FE204B93F900404C4411
:1037E40084F307044C4509D045EA044040EA0A0042
:1037F40005F0D4FE0123089A14703B70184B012283
:103804001B683270C8F80030BDE8F0874FEA0944FD
:1038140033784FF0FE4504F4FE04002BD3D048F275
:103824000800204305F0BAFE3B78002BCDD0089B5E
:1038340048F208001B781B0403F4FE03184305F048
:10384400ADFE00233B70C0E74FF08075B5E700BFC5
:103854000000A442000034420000FE424A27002037
:1038640038250020F8B5254C237833B1244D254A5A
:103874002B6812689B1A2A2B0AD8234C237833B15D
:103884001F4B224A1B6812689B1A2A2B15D8F8BDB5
:103894001F4E00271F4805F081FE337827700BBBAD
:1038A400194C23782BB1194A2B6812689B1A2A2BBE
:1038B40003D8BDE8F84005F079BE174D0026174837
:1038C40005F06CFE2B782670002BF2D0144B48F2D6
:1038D40008001B781B0403F4FE03184305F05EFE86
:1038E4002E70E6E70F4B48F208001B781B0403F424
:1038F400FE03184305F052FE3770D1E73827002045
:1039040038250020982300203C270020A4230020F1
:1039140039270020088024003D2700200880250046
:10392400CD140020CC14002030B583B08DED010AF5
:1039340004F0AAFB154A03469DED010A0120146810
:1039440013601C1BFFF764FC114B124A234493427F
:1039540001D903B030BD104B1049A3FB0423104D13
:10396400104A1B092C6810480B601723046013705D
:1039740004F08AFB0D4B02464FF60F001A6005F067
:103984000DFE03B0BDE8304005F010BEC02300209A
:10399400BFF2FCFF7EB92A00ABAAAAAAC423002066
:1039A400382500203E270020B8230020C82300200B
:1039B40007EE901ADFED246AB7EE007AA0F1140343
:1039C400B8EE676ADBB2C6EE267AF4EE477AF1EE19
:1039D40010FA77FE277A052B13D85BB31B4A4FEAFC
:1039E400830C02EB8302C2ED007A194A0120D05401
:1039F4001848194A6044624400681060174AD15458
:103A040070471A38C0B2052813D8C0B1144B4FEA16
:103A1400800C03EB8003C3ED007A0D4B01221A5492
:103A24000C4A0D4B6244634412681A600B4B034406
:103A3400997170470A4A9C46C2ED007AD5E7034B58
:103A44008446C3ED007AE8E70000FE4284140020B7
:103A540088240020A824002090240020781400202A
:103A64009C140020514A5249136808681B1A112BF0
:103A740040F29B8013682DE9F04F4E4D0024DFF88F
:103A840040914FF4A016DFF834B1AF1FC84620466A
:103A94002DED028BDFED488A83B00B60002C65D0DE
:103AA400D8ED007A9BED008A67EEA87AF5EEC07A2D
:103AB400F1EE10FA66D4F4EEE87AF1EE10FA6ADC6C
:103AC400FCEEE77ACDED017A9DF804A05346395D0A
:103AD400FF2905D0591A0029B8BF494201290BDD35
:103AE4001B064BF20B0003F0FE433343184305F06F
:103AF40055FD012007F804A068EE287AF5EEC07A97
:103B0400F1EE10FA41D4F4EEE87AF1EE10FA3FDC6B
:103B1400FCEEE77ACDED017A9DF804A053462978AE
:103B2400FF2905D0591A0029B8BF494201290DDDE2
:103B34001B0606F5C0214BF20B0003F0FE430B43BA
:103B4400184305F02BFD012085F800A00134013550
:103B540006F5803608F10408062C0BF1040B9DD100
:103B6400E0B903B0BDEC028BBDE8F08F134B99EDC7
:103B7400008AD3ED007A67EEA87AF5EEC07AF1EE0A
:103B840010FA98D500239A46A1E700239A46C6E77F
:103B94007F239A46C3E77F239A4698E703B0BDEC98
:103BA400028BBDE8F04F05F001BD704738250020B9
:103BB400842400207E1400200000FE429C14002077
:103BC4008414002070B5854A854E116833685B1AE9
:103BD400052B2DED068B40F2CE8033685B25814C9E
:103BE4009FED818ADFED81AA9FED81AADFED819AA5
:103BF4009FED819ADFED818A13600A21206803F02A
:103C0400B7FB20EAE073B0F5FA6F227B636040F300
:103C14009A8007EE903A9FED7A7ADFED7A6AF8EEB1
:103C2400E77A77EEC77A87EEA67AB5EEC07AF1EE38
:103C340010FA00F1C680F7EE007AB4EEE77AF1EEFE
:103C440010FA00F3B980DFED707AB4EE677AF1EE22
:103C540010FA98BFB0EE677AD4ED027A637B37EE40
:103C6400677AE7EE087AC4ED027A002B7BD13368D9
:103C7400236104F009FA28444FF0E0234022C1B242
:103C84006248C3F8882101EB011390F8B42090F83E
:103C9400B5C05B3B5340DBB280F8B430013BDAB2D1
:103CA400C1EBC103FD2A01EB830303F15A0383EA49
:103CB4000C03DBB280F8B53003D981F0B60280F88A
:103CC400B420013BDBB2FD2B7ED890ED267A06EEC4
:103CD400901AD0ED277A11F0010FF8EEE65A9FED15
:103CE4004C6A37EE2A7AD0ED286A77EEA97A06FE76
:103CF400286ABFEE005AA5EE8A7AE5EE897A76EE56
:103D0400866AF4EEC56AFBFE475A37EE657ABBFE57
:103D1400676A77EEC67AF1EE10FA80ED267AC0ED86
:103D2400277A57D4F7EE007AF4EE676AF1EE10FAC8
:103D340077FEA66A4FF0E0234022C0ED286AC3F85C
:103D4400082101230FE0B0F5966F17DAD4ED027A5B
:103D540000239FED307ADFED306A37EE677AE7EEC5
:103D6400267AC4ED027A2535637323731434EDB2D5
:103D7400CA2D7FF442AFBDEC068B70BD07EE903ABE
:103D84009FED1F7ADFED1F6AF8EEE77A77EEC77AC8
:103D940087EEA67AB5EEC07AF1EE10FA0FD4F7EEFC
:103DA400007AB4EEE77AF1EE10FA03DC002A7FF42D
:103DB4004AAFCBE7002AC9D0B0EE677A4CE7002AB5
:103DC400C4D09FED117A47E74B0083F0690380F874
:103DD400B5307AE7F0EE456AACE700BF7C250020F9
:103DE40038250020402500203D0AD73E8B6CE73D56
:103DF400A69B443B83C08A3E0AD7A33B52B89E3E4F
:103E040000C0DA45008022440AD7A33E582200208D
:103E1400713D8ABE00000000AE47613E70B485B0BB
:103E2400DFED687A684A694B01A9F0EE675A1678A3
:103E3400B0EE671A03F13C0C08469FED653ADFEDDE
:103E4400653A9FED654ADFED654ADFED651A9FED42
:103E5400652ADFED652ADFED650ACDED017ACDED4A
:103E6400027ACDED037A1A7B002A4AD0604D1C6990
:103E74002A68121B07EE102AB8EE477A37EE437A07
:103E8400C7EE237AF5EEC07AF1EE10FA00F18680DF
:103E9400B7EE007AF4EEC77AF1EE10FA00F38980F7
:103EA4009FED547A67EE877A77EEA26A2A68121B2E
:103EB40007EE102AB8EE477A37EE447A87EE246A82
:103EC400B5EEC06AF1EE10FA70D4B7EE007AB4EE33
:103ED400476AF1EE10FA37FE066A93ED025A25EEB0
:103EE400267AB5EEC07AF1EE10FA5CD4F7EE006AE9
:103EF400B4EE667AF1EE10FA36FE877AAEBB80ED48
:103F0400007A143304306345ADD13B4B01F10C020C
:103F14009FED3A5A9FED3A6AD3ED007AB1EC017AFB
:103F2400B4EEE77A37EE677AF1EE10FA75FE066AB8
:103F3400E7EE267A8A42E3EC017AEDD1314BDFEDEC
:103F4400326AD3ED007A9FED317AF4EEE57A75EEBC
:103F5400E75AF1EE10FA58BFB0EE667AE5EE877ACA
:103F6400C3ED007A05B070BC7047E6EE217AE5EE49
:103F7400027AF5EEC07AF1EE10FA1FD4B7EE007AA9
:103F8400F4EE477AF1EE10FA77FE277AF4EEE57A4A
:103F9400F1EE10FA88BFF0EE675AB2E7F0EE626A0B
:103FA400F0EE417A82E79FED077AA7E79FED056A75
:103FB40093E7F0EE606ADFED0F7A77E7DFED017AE1
:103FC400E4E700BF0000000048270020402500204F
:103FD4000000E14300802245000096440000614552
:103FE4009A99193FCDCC4C3EE17A143FD7A3903F28
:103FF40038250020CDCC0C3F4C220020B81E853E35
:10400400EC51383D842500204260E53C8FC2F53DEB
:104014002DE9F04FB24E0746B24D0E20B14634465C
:1040240005F105082DED048BB7EE008A85B09FEDF0
:10403400AE9ADFEDAE8A11E0F4EE487AF1EE10FAB2
:1040440078FE277A94ED007AA84577EEC77AA7EE32
:10405400A87AA4EC017A13D015F8010F03F07CFDC3
:1040640007EE900AB8EEE77AC7EE097A78EE677A37
:10407400F5EEC07AF1EE10FADED5DFED9D7AE1E7D8
:104084009C4B1A78002A40F016819B4A1770012233
:104094001A70DFF8C4A20124DFF8C0B20025DFEDF6
:1040A400978A9FED978ADFF8B882964A1AF8013BFF
:1040B4007BB1D6ED007A9BED007A77EEC77AF0EE0D
:1040C400E77AF4EEC87AF1EE10FA37D400230AF84E
:1040D400013C15F0FF0126D1012F24D08A4B196829
:1040E400D8F800305B1AB3F5E16F80F0D980F6EEB2
:1040F400007A99ED000A30EE670A20EE280A06F0ED
:10410400B9FB18286FF017037E4AA8BF18209842FD
:10411400B8BF18467D4B18700134013504360BF1D5
:10412400040BE4B2C2E77A4B002F00F0B5800029FB
:1041340008BF134603EB850331681960062CEBD1E5
:10414400162003F009FD07EE900ADFED676AF8EE2A
:10415400E77A9FED676A87EEA67AB4EEC67AF1EE47
:1041640010FA00F18481F7EE006A6A4C9FED6A6AE6
:10417400B4EEE67AF1EE10FA00F3F480D4ED007AAE
:10418400DFED666A77EE675A654BB4EEE67A654D05
:1041940083ED007AE5EE867A2B78F1EE10FAC4ED21
:1041A400007A40F38081002B40F0EE805E4ED8F818
:1041B400003032689B1A122B40F2E680F4EE477A04
:1041C400F1EE10FA98BFF0EE477AF5EEC07AF1EE10
:1041D40010FA00F18381B7EE007AF4EEC77AF1EEBB
:1041E40010FA00F38481DFED516A9FED510AA7EEC6
:1041F400A60AB5EEC00AF1EE10FA40F17D81DFEDBA
:104204003C7A4C4BD8F8002093ED007A8DED030AEC
:10421400B4EEE77AF1EE10FA27FE277A83ED007AFE
:10422400454B1A60FEF772FE444B25209DED030AB0
:104234000093434A434B4449FFF79EFAD4ED007A76
:104244009FED427A9DED030A67EE877AF5EEC07A18
:10425400F1EE10FA00F14981F4EEC77AF1EE10FAAA
:1042640000F34881FCEEE77A394817EE903A1B06D2
:1042740003F0FE4318438DED030A05F08FF905F0B2
:1042840095F99DED030AFFF74FFBD8F80030D4ED04
:10429400007A336001237AE0002918BF134649E706
:1042A4002C4B1968D8F800305B1AB3F5E16FFFF4B2
:1042B4001EAF174B3EE7104A1378BB423FF4E9AEFA
:1042C400254B074D17704FF00132244C1A609A8029
:1042D4000FCD0FC495E8030084E80300D9E600BFBE
:1042E400A82400208005002000F07F459A99993D7C
:1042F400000000004927002043270020000040421E
:10430400BC74933C84140020282400204A270020F5
:104314009C140020B42300200AD7A33C8FC2F53C90
:10432400A82300203B270020A0230020CDCC0C3F55
:104334006666E63E1024002014240020CD140020DC
:10434400A42300203D2700203C2700200000FE423B
:104354000BB04A00B82300208824002090240020B9
:1043640038250020D4ED007AB0EE667A664A674DAF
:10437400C2ED006A76EEE76A2B78E6EE867AC4ED43
:10438400007A002B3FF412AFD4ED007A01239FEDA5
:10439400607A2B7067EE877AF5EEC07AF1EE10FA48
:1043A40063D4F4EEC77AF1EE10FA7ADCFCEEE77A25
:1043B400CDED037A9DF80C50564FD8F800303A688A
:1043C4009B1A122B4CD9544E3378FF2B05D0EB1A81
:1043D400002BB8BF5B42012B42DD2B064F4803F094
:1043E400FE43184305F0DAF8F6EE006AD4ED007ADD
:1043F400BFEE007A77EEE67A77EEA77AF4EEC77A24
:10440400F1EE10FA6FD4B7EE007AF4EEC77AF1EE5B
:1044140010FA61DC9FED427A4EF20E0067EE877A65
:10442400FDEEE77A17EE903A1BB203F30D0303F5A2
:1044340000531A04DB1102F4FE0242EA0363184338
:1044440005F0ACF84DF20D002B0403F4FE03184301
:1044540005F0A4F805F0AAF8D8F8003035703B60F0
:1044640005B0BDEC048BBDE8F08F0025A4E72D4C0E
:10447400DFED2D6AD4ED007A9FED2C7A76EE675A43
:10448400214B224D83ED006AE5EEA67A2B78F4EEFB
:10449400C77AC4ED007AF1EE10FA14DDB0EE467A74
:1044A40081E67F2588E7DFED216AF4EEE67AF1EE16
:1044B40010FA3FF778AEDFED1E6AB4EEE67AF1EE5D
:1044C40010FA7FF564AF9FED1B7AF4EE477AF1EEB4
:1044D40010FA48BF00235AE71748B1E7DFED177A0F
:1044E400B0EE670A8DE61648AAE70C48C3E6F0EE7C
:1044F400477AF5E71348BEE6B4EEC70AF1EE10FAC0
:1045040077FE007A7DE600BFA82300203B27002029
:104514000000FE429C230020CE1400200BB04A0071
:1045240000F8FF45B42300200AD7A33CCDCC4C3D72
:10453400BC74933C295C0F3D0EE07F7F6666E63ECB
:104544000EE001000BB04A7FF0B5C34CC34D2DED16
:10455400088BDFEDC39A85B09FEDC2AA9FEDC29A86
:104564009FEDC2BADFEDC2AA9FEDC28A002005F01A
:10457400C3F8002800F08880BF4B26681B78BF482A
:10458400BF49F82BBF4A00780978166061D09A1D9C
:10459400D2B2012A40F23E81FC2B00F04981902BDB
:1045A40000F0C681802B00F00782B02BDED1A0F191
:1045B40014030B2B40F217824A28D7D107EE901A26
:1045C400F8EEE77A87EEA97AB4EECA7AF1EE10FA39
:1045D400CCDDF7EE007AAC4BAC4967EE094A93EDBB
:1045E400006A27EE0B5AB4EEE77AD1ED006AA84AC6
:1045F40067EE2A5AF1EE10FA77FE877AB4EEE76A8C
:1046040092ED007AF1EE10FAF4EEE64A26FE276AFD
:1046140083ED006A2368F1EE10FAB4EEC75A2B60FA
:104624009C4B88BFF0EE646AF1EE10FAD3ED007A89
:10463400C1ED006AF4EEE75A88BFB0EE457AF1EEB8
:1046440010FA82ED007A88BFF0EE657AC3ED007A45
:104654008CE7914A00212368166890489B1B2768C1
:104664008F4EB3F5E16F1760017080F05A81337893
:104674000133DBB2172B00F23D810020337005F0CB
:104684003BF800287FF478AF72B6864A137810702E
:10469400DBB262B6002B00F0AE807B4B9FED826AEA
:1046A40093ED007A814AB4EEC67A2168D2ED007A9D
:1046B4002960F1EE10FAF4EEC67A27FE067A83ED4D
:1046C400007AF1EE10FA67FE867AC2ED007A03F002
:1046D400DBFC07EE900A9FED767A4FF0E023F8EECC
:1046E400677A40227349C3F8882177EE877A91F874
:1046F400B42091F8B560FCEEE77ACDED037A9DF82D
:104704000C0000EB00135B3B5340DBB281F8B43088
:10471400013BDAB2C0EBC003FD2A00EB830303F1D3
:104724005A0383EA0603DBB281F8B53003D980F07B
:10473400B60281F8B420013BDBB2FD2B04D943005F
:1047440083F0690381F8B530D1ED277A05EE900A3C
:10475400DFED596A10F0010FF8EEE55A91ED267A73
:1047640077EEA67A9FED556A9FED555A37EE067A95
:10477400DFED544AE5EE857AD1ED286A9FED525A71
:104784009FED526AA5EEA47AFFEE005A05FE066A72
:1047940076EE866ABBFE676A77EEC67AF4EEE56A61
:1047A400BBFE475A37EE457AC1ED277AF1EE10FA8F
:1047B40081ED267A00F11481F7EE007AF4EE676A4F
:1047C400F1EE10FA77FEA66AC1ED286A4FF0E023F5
:1047D40040223F499FED340A2420C3F808213D4B71
:1047E4003D4A00913D49FEF7C7FF04F0DFFE9FED0F
:1047F4002E0AFFF799F823682A689B1AB42B05D967
:10480400374B1B7813B9204B00221A6005B0BDEC5E
:10481400088BF0BD206800231F49B0EE490A1F4AE7
:104824001F4E0860012013703370FEF7F1FC9DE603
:1048340021680023184A1A4E11602A4F28492A4831
:104844000B70FF21294A33703B700F4B80ED008AB7
:10485400117083ED008A89E6382500201424002095
:104864000000FE420AD7233DCDCC0C3FCDCCCC3E3C
:104874003333333F000000005C2700205A27002018
:104884005B27002040240020102400203424002032
:1048940038240020AC2300202824002041270020B5
:1048A400452700203A270020AE47613FBC23002063
:1048B40014AE4A435822002083C08A3E8B6CE73DE5
:1048C4000AD7A33BA69B443B713D8ABE52B89E3E89
:1048D400CC140020392700209823002038270020FA
:1048E40046270020472700202C240020CA1400203B
:1048F400EC51383F00231FED027A22680120337007
:10490400B0EE470A3B4B2A60D3ED007AF4EEC77A47
:10491400F1EE10FA67FE877AC3ED007AFEF778FCB1
:1049240024E6B0EE490A01203170FEF771FC9EE6E0
:10493400002941D007EE901A9FED2F7ADFED2F8AE0
:10494400F8EEE77A2E4E2F4B3070C7EEA96A2E4E42
:10495400216830702D482268E6EE878AC3ED008A0C
:104964000123F5EEC08A03702948F1EE10FA0370B2
:10497400284B1960284B1A6038D4B7EE007AF4EE4D
:10498400C78AF1EE10FA37FE287A1A4BB0EE680A9D
:104994002268D3ED007A2A60F4EEC77AF1EE10FAB9
:1049A40067FE877AC3ED007AFEF78EFDB0EE680AE3
:1049B4000120FEF72DFCD9E5114B1A78824204D070
:1049C400114A127882427FF4D1AD00220F490A7055
:1049D4000F490A700B4A82ED008AFF221A70C5E55E
:1049E400F0EE656AF0E6FEF7E3FFBFE5B0EE487A65
:1049F400CBE700BF102400206666263F3333B33E66
:104A0400CA1400202C240020CF14002047270020A3
:104A1400462700203C24002030240020134A38B5C7
:104A2400134B12681B689B1AB3F5E16F0ED3114C3C
:104A3400237853B1104D2B683BB103F025FB0F4A8B
:104A440029681368C01A884204D238BD094B002271
:104A54001A7038BD0B444FF60F00136004F09EFD2E
:104A640004F0A4FD2378013B237038BD28240020E2
:104A7400382500203E270020C4230020C82300201E
:104A8400394A3A4938B5096813685B1AB3F5E16FD6
:104A940007D2374B00221A7003F0F6FA354B186030
:104AA40038BD354913680A689B1AB3F5E16FF0D332
:104AB400324BD3ED007AF5EEC07AF1EE10FA38D429
:104AC400B7EE007AF4EEC77AF1EE10FA49DC67EE3D
:104AD400A77ADFED2B5A9FED2B7AB3EE086ADFED50
:104AE4002A6A42F22833A7EEA57A284A67EE067AA4
:104AF40086EEA77AFCEEC77A17EE904A944228BF56
:104B040014469C4238BF1C46194B1A78B2B1194D51
:104B140004E02B6004F042FD04F048FD03F0B4FA15
:104B24002B6802464FF60F00D21A2344A242F0D259
:104B340038BD0F4B164C1A78002AE8D101221A709E
:104B440003F0A2FA0B4B02464FF60F201A6004F052
:104B540025FD4FF60F0004F021FDBDE8384004F0B8
:104B640025BD42F6B004CFE73825002028240020D4
:104B7400412700201C240020B82300209C1400207E
:104B840000004C4300001042C0E1644C701101006D
:104B9400440F010070B542F2107104460020B04D7C
:104BA400B04E2DED068B02F0A3FF07EE900A9FEDA9
:104BB400AE8A42F21071F8EEE77A9FEDAC9A9FED5F
:104BC400ACAA0020DFEDAB9A87EE887ADFEDAA8AE3
:104BD400F0EE497AE7EE0A7AC5ED007A02F088FF32
:104BE40007EE900A42F210710020F8EEE77A87EEA1
:104BF400887AF0EE497AE7EE0A7AC5ED017A02F096
:104C040077FF07EE900A42F210710020F8EEE77A7F
:104C140087EE887AF0EE497AE7EE297AC5ED027AD2
:104C240002F066FF07EE900A42F210710020F8EEDF
:104C3400E77A87EE887AA7EE299A85ED039A02F03F
:104C440057FF07EE100ADFED8D6A42F21071B8EEDD
:104C5400C77ADFED8B7A002087EE086AE6EE267AC3
:104C6400C5ED047A02F044FF07EE100ADFED856A11
:104C740042F21071B8EEC77ADFED837A002087EE36
:104C8400086AE6EE267AC5ED057A02F031FF07EEF2
:104C9400100ADFED7E6A42F21071B8EEC77ADFEDDA
:104CA4007C7A002087EE086AE6EE267AC6ED017A61
:104CB40002F01EFF07EE900A9FED767A42F2107121
:104CC400F8EEE77A0020C7EE886AF0EE687AE6EE3E
:104CD400877AC6ED027A02F00BFF07EE900A9FED89
:104CE4006E7A42F21071F8EEE77A0020C7EE886A15
:104CF400F0EE687AE6EE877AC6ED037A02F0F8FE03
:104D040007EE900A42F210710020B8EEE77AC7EE7F
:104D1400087A77EEA87AC6ED047A02F0E9FE07EE87
:104D2400100ADFED5E6AB8EEC77ADFED5D7A87EED2
:104D3400086AE6EE267AC6ED057A002C40F0CC80AF
:104D4400584B4FF00132584E1A609A80574D0FCE8F
:104D54000FC596E8030085E80300FF21012002F057
:104D6400C7FE4FF0E023C0B240225149C3F8882166
:104D740000EB001291F8B4305B3A91F8B5505A4008
:104D8400C0EBC003D2B200EB830381F8B420013A34
:104D94005A33D2B26B40FD2ADBB281F8B53003D965
:104DA40080F0B60281F8B420013BDBB2FD2B04D9BC
:104DB400430083F0690381F8B530D1ED277A05EE1D
:104DC400900ADFED3C6A10F0010FF8EEE55A91ED20
:104DD400267A77EEA67A9FED386A9FED385A37EE39
:104DE400067ADFED374AE5EE857AD1ED286A9FED44
:104DF400355A9FED356AA5EEA47AFFEE005A05FEFA
:104E0400066A76EE866ABBFE676A77EEC67AF4EEC9
:104E1400E56ABBFE475A37EE457AC1ED277AF1EED3
:104E240010FA81ED267A18D4F7EE007AF4EE676A68
:104E3400F1EE10FA77FEA66A244B4FF0E020244AE4
:104E440040250134C0F8085114701A68214BC1ED93
:104E5400286A1A60BDEC068B70BDF0EE656AEBE75C
:104E6400841400209C14002000401C460AD7233DD3
:104E74001E856B3FD7A3703F000000003433733F9F
:104E84008FC2F53C6766663F0AD7A33D90C2753F63
:104E94000AD7A33C1F856B3F48E17A3F6666663FAD
:104EA400CDCCCC3D88240020A824002090240020D0
:104EB4005822002083C08A3E8B6CE73D0AD7A33B6F
:104EC400A69B443B713D8ABE52B89E3E38250020C5
:104ED400442700202024002042F21071002002F018
:104EE40007FE07EE900A42F210710020B8EEE77A4E
:104EF400C7EE087A77EEA87AC5ED007A02F0F8FDDD
:104F040007EE900A42F210710020B8EEE77AC7EE7D
:104F1400087A77EEA87AC5ED017A02F0E9FD07EE8A
:104F2400900A42F210710020B8EEE77AC7EE087AD0
:104F340077EEA87AC5ED027A02F0DAFD07EE900A60
:104F440042F210710020B8EEE77AC7EE087A77EEE5
:104F5400A87AC5ED037A02F0CBFD07EE900A42F27F
:104F640010710020B8EEE77AC7EE087A77EEA87AD7
:104F7400C5ED047A02F0BCFD07EE900A42F210710E
:104F84000020B8EEE77AC7EE087A77EEA87AC5ED86
:104F9400057A02F0ADFD07EE100A42F2107100200E
:104FA400B8EEC77AC7EE087A77EEA87AC6ED017A2A
:104FB40002F09EFD07EE100A42F210710020B8EED6
:104FC400C77AC7EE087A77EEA87AC6ED027A02F0BD
:104FD4008FFD07EE100A42F210710020B8EEC77A76
:104FE400C7EE087A77EEA87AC6ED037A02F080FD60
:104FF40007EE100A42F210710020B8EEC77AC7EE2D
:10500400087A77EEA87AC6ED047A02F071FD07EE0D
:10501400900AB8EEE77AC7EE087A77EEA87AC6ED7A
:10502400057A8DE638B5FF210120F14C40252DEDA0
:10503400028B02F05DFD94F8B430C0B24FF0E02171
:1050440000EB0012C1F8885194F8B5105B3A5A404D
:10505400C0EBC003D2B200EB830384F8B420013A5E
:105064005A33D2B24B40FD2ADBB284F8B53003D9AF
:1050740080F0B60284F8B420013BDBB2FD2B04D9E6
:10508400430083F0690384F8B530D4ED277A05EE44
:10509400900ADFEDD86A10F0010FF8EEE55A94EDAE
:1050A400267A77EEA67A9FEDD46A9FEDD45A37EE2E
:1050B400067ADFEDD34AE5EE857AD4ED286A9FEDD2
:1050C400D15A9FEDD16AA5EEA47AFFEE005A05FEEF
:1050D400066A76EE866ABBFE676A77EEC67AF4EEF7
:1050E400E56ABBFE475A37EE457AC4ED277AF1EEFE
:1050F40010FA84ED267A00F1D781F7EE007AF4EE07
:10510400676AF1EE10FA77FEA66A4FF0E0234022B8
:10511400BE4D42F21071C3F80821002095ED028AB9
:10512400C4ED286A02F0E4FC07EE900A9FEDB85A39
:105134009FEDB86AB8EEE77ADFEDB77ADFEDB76ACC
:10514400C7EE055AE5EE867A78EE277AF4EEE67A2B
:10515400F1EE10FA00F1BD819FEDB17AF4EE477AD9
:10516400F1EE10FA77FE277AC5ED027A42F2107159
:10517400002095ED038A02F0BBFC07EE900A9FED38
:10518400A45AB8EEE77A9FEDA36ADFEDA67ADFEDC5
:10519400A36AC7EE055AE5EE867A78EE277AF4EE2E
:1051A400E67AF1EE10FA00F191819FED9D7AF4EE2A
:1051B400477AF1EE10FA77FE277A9FED9B7A42F256
:1051C400107195ED048A0020C5ED037AB4EEC78A08
:1051D400F1EE10FA28FE078A02F08AFC07EE100AA4
:1051E4009FED8B5A9FED916AB8EEC77ADFED907A06
:1051F400DFED906AC7EE055AE5EE867A78EE277AF7
:10520400F4EEE67AF1EE10FA00F15D819FED8A7A10
:10521400F4EE477AF1EE10FA77FE277A9FED877A5B
:1052240042F2107195ED058A0020C5ED047AB4EEC2
:10523400C78AF1EE10FA28FE078A02F059FC07EE3D
:10524400100A9FED735A9FED7E6AB8EEC77ADFEDC0
:105254007D7ADFED7D6AC7EE055AE5EE867A78EE53
:10526400277AF4EEE67AF1EE10FA00F129819FED47
:10527400777AF4EE477AF1EE10FA77FE277A744CD7
:1052840042F210719FED737A002094ED028AC5ED0D
:10529400057AB4EEC78AF1EE10FA28FE078A02F006
:1052A40027FC07EE100A9FED5A5A9FED6B6AB8EE81
:1052B400C77ADFED6A7ADFED6A6AC7EE055AE5EE72
:1052C400867A78EE277AF4EEE67AF1EE10FA00F1B7
:1052D400F4809FED647AF4EE477AF1EE10FA77FEEB
:1052E400277A9FED5C7A42F2107194ED038A0020D4
:1052F400C4ED027AB4EEC78AF1EE10FA28FE078AEA
:1053040002F0F6FB07EE100A9FED415A9FED526A38
:10531400B8EEC77ADFED517ADFED516AC7EE055A70
:10532400E5EE867A78EE277AF4EEE67AF1EE10FA74
:1053340000F1C0809FED4C7AF4EE477AF1EE10FA5A
:1053440077FE277A9FED407A42F2107194ED058A38
:105354000020C4ED037AB4EEC78AF1EE10FA28FEF9
:10536400078A02F0C5FB07EE100A9FED295A9FED4C
:105374003F6AB8EEC77ADFED397ADFED3D6AC7EEF2
:10538400055AE5EE867A78EE277AF4EEE67AF1EEBF
:1053940010FA00F18C809FED347AF4EE477AF1EE46
:1053A40010FA77FE277A3349DFED274A91ED006A38
:1053B400314AB4EEE46A314BD2ED006A93ED007ADF
:1053C400F1EE10FADFED2E5AF4EEE46A2D482E4D7C
:1053D40026FE246AC4ED057AF1EE10FA4FF00104BA
:1053E400B4EEE57A81ED006A2C7066FEA46A4DE0A5
:1053F4005822002083C08A3E8B6CE73D0AD7A33B2A
:10540400A69B443B713D8ABE52B89E3E8414002044
:1054140000401C46295C8F3D8FC2F5BC0AD7A33DD2
:10542400EC51783F0AD723BDCDCC4C3ECCCC4C3D7F
:105434000AD7A3BC0AD7233E3333733FAE47613E3A
:10544400EB51383D8FC275BCEC51383E48E17A3F90
:105454009C140020CDCCCC3D90C2753DCDCCCCBCB1
:105464000AD7233D1F856B3F8FC2753FB81E853D0C
:10547400295C0F3EBC230020AC2300200C24002018
:105484008FC2F53D38250020442700200468F1EE42
:1054940010FA1148C2ED006A046027FE257A83EDF4
:1054A400007ABDEC028B38BDF0EE656A2DE6F0EEB5
:1054B400667A78E7F0EE667A44E7F0EE667A10E70B
:1054C400F0EE667ADBE6F0EE667AA7E6F0EE667A50
:1054D40073E6F0EE667A47E62024002038B502F041
:1054E400D3FD1730524C4FF0E021C2B2402594F85E
:1054F400B430C1F8885102EB021194F8B5005B395D
:105504005940C2EBC203C9B202EB830384F8B4105E
:1055140001395A33C9B24340FD29DBB284F8B530AE
:1055240003D982F0B60184F8B410013BDBB2FD2B41
:1055340004D9530083F0690384F8B530D4ED277A95
:1055440005EE902ADFED3B6A12F0010FF8EEE55A02
:1055540094ED267A77EEA67A9FED376A9FED375A57
:1055640037EE067ADFED364AE5EE857AD4ED286A21
:105574009FED345A9FED346AA5EEA47AFFEE005AEB
:1055840005FE066A76EE866ABBFE676A77EEC67A21
:10559400F4EEE56ABBFE475A37EE457AC4ED277A46
:1055A400F1EE10FA84ED267A3ED4F7EE007AF4EEAA
:1055B400676AF1EE10FA77FEA66A24494FF0E023F9
:1055C400DFED234A402091ED006A224AB4EEE46AFA
:1055D4009FED215A92ED007AC3F808011F4BF1EEBA
:1055E40010FAB4EEC57ADFED1E5AD3ED007A26FE2A
:1055F400246A1C48F1EE10FA1B4DF4EEE57AC4ED72
:10560400286A4FF0010481ED006A27FE057A82EDD5
:10561400007AF1EE10FA2C700468144867FEA57A3B
:10562400C3ED007A046038BDF0EE656AC5E700BFDB
:105634005822002083C08A3E8B6CE73D0AD7A33BE7
:10564400A69B443B713D8ABE52B89E3EBC230020BB
:10565400CDCCCC3DAC2300200AD7A33D0C240020A4
:105664008FC2753D382500204427002020240020C7
:10567400F8B52B4B2B4A1B78D2ED2C7ABBB12A4AB6
:105684009FED2A7AD2ED006AF4EEC76AF1EE10FAC1
:1056940034DD9FED277AF4EEC77AF1EE10FA2DDCB3
:1056A400012B40F2145208BF4FF4D27208E09FED70
:1056B400207AF4EEC77AF1EE10FA1FDC40F21452AD
:1056C4001C4C1D4D236829685B1A9A4215D21B4E47
:1056D400236832689B1AB3F52F7F0ED9184F3B7895
:1056E4000133DBB20B2B3B7013D8042B0ED8FFF71E
:1056F400F5FE226823682A603360F8BD0D4A002055
:105704000D4B0F49126808701A60F8BDFFF78AFC48
:10571400EFE70020FFF73EFA00233B70E9E700BF04
:10572400482700205822002080250020EC51383ED4
:105734006F12033C38250020EC23002010270020A2
:105744005E27002070B50446082002F0F1FC2F4AC1
:10575400B0FA80F3014615785B099D4247D02C4D81
:10576400137028682B4A10602A68121A162A15D951
:10577400294E32789A420FD0337000293BD0274B00
:105784001B7853B92046FFF705FA254A4FF0FF313D
:105794003378C2E90011916023B970BD1E4B1B78A8
:1057A400002BFAD03CB11F4A116842F210722B68E8
:1057B4005B1A934227D8194B1A78002AEDD1194A5B
:1057C400296812688A1AB2F5E16FE6D9164A29687F
:1057D4001078002815BF002401240420032014702D
:1057E4000124124A1C70124B1070196070BD094AD2
:1057F400074D1068B8E72B680A4A1360074B197005
:10580400002CD1D1DCE706F053F900BF4227002079
:1058140038250020F0230020402700203F270020C7
:1058240078140020F4230020482700204427002077
:1058340020240020094A0A4B92ED000A03F13C019E
:105844001A7B3AB1D3ED027AB4EEE70AF1EE10FA1C
:1058540020FE270A14338B42F2D17047B023002074
:105864004025002010B55022E94904462DED108B47
:1058740086B002F033FDE74B1B78002B00F0698300
:10588400E54AB3EE084A9FEDE57ABFEE006A127866
:10589400E34B06EE902ADFEDE37AD3ED004AF8EE0F
:1058A400666AE14B64EEA77ADFEDE05A93ED005AA5
:1058B40076EEC76ADE4BF4EEC57A93ED007A86EE97
:1058C400842AF1EE10FA76EEA56A88BFB0EE675A24
:1058D400B4EEC62AF1EE10FA00F14F84F7EE007A26
:1058E400B4EEE72AF1EE10FA00F3BC84F3EE025AA8
:1058F400DFEDEF7AB2EE0E6A62EE255A22EE066A08
:1059040022EE272ACDED015A8DED026AC94AB1EE85
:10591400046AC94BF2EE0C3AD2ED002AB1EE004A09
:1059240093ED003AF1EE0C5A62EE867AC34B197885
:10593400E3EE237AE5EE067AE4EE847AE7EE257A5E
:1059440077EEA66A002940F02883BD4BDFEDBD5AEF
:10595400D3ED003A9FEDBC6AE5EE253ADFEDE07A3F
:10596400E4EE863AE7EE273AF5EEC03AF1EE10FAA5
:1059740000F13984F7EE007AF4EEE73AF1EE10FA2A
:1059840000F3E284B3EE026A9FEDB01A9FEDB0BA61
:10599400DFEDC7EA23EE811ADFEDAE7A23EE866AE5
:1059A40023EE8BBA63EEAEEA63EEA73A8DED036A9B
:1059B400DFEDA97A93ED014AA5EE274ADFEDA77A38
:1059C400A4EEA74ADFEDC27AA7EE274AB5EEC04A95
:1059D400F1EE10FA00F1FC83F7EE007AB4EEE74A38
:1059E400F1EE10FA00F36A84DFED9D7ADFED9DAAF3
:1059F40064EE27FADFED97BA9FED9BEA64EE2AAADC
:105A0400DFED9A7A64EE2BBA24EE0EEA24EE274AEE
:105A1400DFEDA47AD3ED025AE5EE275ADFED947A4E
:105A2400E4EEA75ADFED937AE7EE275AF5EEC05A73
:105A3400F1EE10FA00F1AD83F7EE007AF4EEE75AD6
:105A4400F1EE10FA00F31A84B3EE08AA9FED776A18
:105A5400DFED9A9A9FEDA4CAB0EE469ADFED94CAA0
:105A640025EE8AAA9FED7ADA65EEA99ADFED7EDA51
:105A740025EE8CCADFED807A65EEACCA25EE8DDAB0
:105A84008DED056A65EEADDA8DED046A65EEA75A13
:105A9400F0EE468AB0EE468AB0EE460AF0EE461ABA
:105AA400764B9FED77FAD3ED007A9FED767AD3EDBE
:105AB400020AA7EE8F7A9FED74FA744A77EE267A7B
:105AC400F2EE086AB8EE007A77EE817AB3EE021A43
:105AD400E5EE017AE4EEA67AFAEE006AE0EE8F6A69
:105AE4009FED6BFAD3ED030AC4ED007AA0EE8F7A32
:105AF400D3ED010AB3EE0FFA77EECF7AB3EE08FADC
:105B0400A3EE4F7A9FED63FAE0EE8F7A9FED62FA8F
:105B1400DDED040AE3EE0F6AB2EE02FAE2EE8F6AFA
:105B240076EEA96ADDED039A76EEA06AF2EE0A0A31
:105B3400A2EEA07ADDED050A37EE4A7A37EE207A36
:105B4400F2EE040AA5EE417A92ED051AE1EE0F7A1F
:105B5400E3EE607A77EEE97AF3EE069AE5EE296AE7
:105B6400F3EE009AE5EE697AE4EEA96AE4EEE07AEF
:105B7400DDED010A76EEA06AC4ED026AC4ED017A95
:105B8400F2EE0C7AA4EEE77ADDED027A37EE677A6C
:105B9400D2ED007A7FEEA77A84ED037AF5EEC07A2F
:105BA400F1EE10FA00F1AD82B7EE007AF4EE477A26
:105BB400F1EE10FA77FE277AC4ED047AD2ED017A79
:105BC4007AEEA77AF5EEC07AF1EE10FA00F19F8230
:105BD400B7EE007AF4EE477AF1EE10FA77FE277A00
:105BE400C4ED057AD2ED027A7BEE277A77EEA17ABC
:105BF400F5EEC07AF1EE10FA00F18682B7EE007A83
:105C0400F4EE477AF1EE10FA77FE277A72E000BFDD
:105C1400F004002047270020CF1400200000704229
:105C24000C240020EC51383FAC230020000000007D
:105C34003824002034240020BC23002048270020DE
:105C44004C220020CDCC0C3F5C8FC23E00000042B1
:105C54008FC2753ECDCC4C3E1F856B3FA4703D3F3B
:105C64000AD7A33EB81E853E000050426666E63E53
:105C7400B81E053F52B81E3F295C8F3E8414002095
:105C84000000EC42000008C20000E8429C1400201E
:105C94000000F4420000944200000842AE47613F15
:105CA4000AD7A33D85EB513FEC51383FCDCC4C3D59
:105CB400EC51383E0000FA42000000430000184254
:105CC400000058420000204200002842CDCC4C4045
:105CD40014AE473FEC51383E0AD7233E8FC2F53D00
:105CE4003D0AD73E9A99993EAE47613E3333B33E5F
:105CF4006666263FC4ED067AD2ED037A7BEEA77A78
:105D040077EE807AF5EEC07AF1EE10FA00F10B82AC
:105D1400B7EE007AF4EE477AF1EE10FA77FE277ABE
:105D240092ED047A5FED236AC4ED077A5FED247A7D
:105D3400E7EE267A77EE8C7AF5EEC07AF1EE10FA79
:105D440000F1EE81F7EE006AF4EE667AF1EE10FAF5
:105D540076FEA77AF7EE006A5FED2E0AC4ED087AA4
:105D64005FED227A36EEC70AE0EE207A77EEAC7A5F
:105D7400F5EEC07AF1EE10FA00F1CF81F4EE667A16
:105D8400F1EE10FA76FEA77A5FED390AD3ED046AD4
:105D9400C4ED097A5FED3B7AE6EEA07A5FED3C0A4A
:105DA400E3EE207A77EE8D7A77EEA17AF5EEC07A7B
:105DB400F1EE10FA00F1AE81F7EE001AF4EE617A1A
:105DC400F1EE10FA71FEA77AF1EE001A5FED470AC0
:105DD40037EE044AC4ED0A7A21EE010AB0EE617A84
:105DE400F3EE0C7A34EE6E4AA0EE207A5FED4E0AA2
:105DF400B3EE000AE6EEA07A5FED500AA2EEA07AB6
:105E04005FED510AE3EE207A5FED520A37EE2D7A08
:105E140077EE8E7A37EE087A77EEA87AE5EE207A76
:105E2400D3ED050AE0EE801AC4ED0C7A5FED577AE3
:105E3400A4EEA74AF0EE477A34EE024A1FED5E2A3A
:105E4400E5EE027AB5EEC04AF1EE10FAC4ED0B7A33
:105E54005FED627AE5EE271AC4ED0D1A00F10081B8
:105E6400F7EE007AB4EE674AF1EE10FA37FE844A90
:105E74001FED695A1FED697A5FED697AA6EE857A9E
:105E840084ED0E4A37EE237A37EE097AA4EEA77A28
:105E9400B5EEC07AF1EE10FA00F1DF80F7EE007A89
:105EA400B4EE677AF1EE10FA37FE877A5FED756A21
:105EB4005FED753AF0EE667A1FED764A1FED765A7D
:105EC40084ED0F7AE0EEA37AE1EE047AE3EE057A4C
:105ED400E2EEA67A77EEA57A77EE867AE4EEA67AF3
:105EE400F5EEC07AF1EE10FA00F1B480B7EE007A64
:105EF400F4EE477AF1EE10FA77FE277A1FED857AF1
:105F0400C4ED107AF0EE477A5FED876AE1EE267A07
:105F1400F5EEC07AF1EE10FA00F19980B7EE007A4E
:105F2400F4EE477AF1EE10FA77FE277A0129C4EDF0
:105F3400117A0CBF0123002384F84C3000F09380C5
:105F44004FF07E52E34B20461A6006B0BDEC108B36
:105F540010BDE149DFEDE17AD1ED004AE04A64EE9B
:105F6400A77AE04B92ED005A93ED007AF4EEC57AED
:105F74009FEDDD2AF1EE10FA06D8F0EE426A8DEDBF
:105F8400022A8DED012AC1E4B0EE675A8DED022A92
:105F9400F0EE426A8DED012AB8E4012940F02F8128
:105FA400D24AF3EE040A9FEDD27A92ED006AD14B05
:105FB40026EE076AD3ED007AB4EEE76AF1EE10FA42
:105FC40040F2B880F3EE007ADFEDDC1A9FEDCA0AE6
:105FD40026EE207A9FEDC98A66EE211A66EE277AAC
:105FE400DFEDC78A9FEDD79A26EE000A26EE088ACF
:105FF400DFEDBD5A66EE288ACDED057A26EE099AC4
:10600400DFEDC07A8DED047A26EE276ACDED035AD2
:10601400F0EE653AF0EE65EAB0EE654AB0EE65EA98
:10602400F0EE65DAB0EE65DAF0EE65CAB0EE65CA98
:10603400F0EE65BAB0EE65BAF0EE65AAF0EE65FA78
:10604400B0EE65AAF0EE659AB0EE651A28E5DFEDCC
:10605400A67A6BE7DFEDA47A50E79FEDA37A25E7F4
:106064009FEDA14A04E7FFF7E5FBA74B1B78002B44
:106074005CD1DFED9D5AA54920469E4AD1ED007AB8
:106084009FED965AB4EE670AD2ED006A914B66EE24
:10609400856A9FED9F6AF1EE10FA93ED007ADFEDC9
:1060A4009D4A9FED9D5A60FE277AF4EEE75AF1EE81
:1060B40010FA88BFF0EE657AF4EEE76AF1EE10FAB2
:1060C40088BFF0EE667AB4EEE77A77EEC77AF1EE3F
:1060D40010FA54BFF0EE646AF0EE466AA7EEA67AB0
:1060E400B4EEC57A83ED007A84ED127AF1EE10FAFB
:1060F4004CBF0123002384F84D3006B0BDEC108B57
:1061040010BDDFED797A57E5DFED777AF2E5DFED63
:10611400767A65E5DFED747A56E6DFED737A33E679
:10612400DFED717A16E6DFED707AF9E57B4BD3ED9E
:10613400005AA0E7B3EE007ADFED801A27EEA06ADA
:106144009FED6D0A9FED6D8A67EEA11A27EE877A9F
:10615400DFED6B8A9FED7B9A27EE800A8DED046A52
:1061640027EE888A67EEA88ADFED5F5A27EE899AC0
:106174009FED646A8DED057A46E7FAEE0E7A9FED9F
:10618400682ACDED027AFBEE027ACDED017AFFF7B3
:10619400BDBB9FED556AF0EE465A8DED056AB0EE33
:1061A400469A8DED046AF0EE468AB0EE468AF0EE29
:1061B40046DAB0EE46DAF0EE46CAB0EE46CAB0EEC3
:1061C400460AF0EE461AB0EE46AAF0EE469A67E4A6
:1061D4009FED454AB0EE44EAF0EE44BAF0EE44AA2C
:1061E400F0EE44FA14E4DFED403AF0EE63EACDED6C
:1061F400033AB0EE63BAB0EE631AFFF7D9BB9FED72
:106204003A6AF0EE465A8DED056AB0EE469A8DED87
:10621400046AF0EE463A8DED036AF0EE46EAB0EE1B
:10622400464AF0EE468AB0EE46EAB0EE468AF0EE12
:1062340046DAB0EE46DAF0EE46CAB0EE46CAB0EE42
:10624400460AF0EE46BAF0EE461AB0EE46BAF0EE62
:1062540046AAF0EE46FAB0EE46AAF0EE469AB0EE42
:10626400461A1DE4F2EE0E7A9FED342ACDED027A41
:10627400F3EE027ACDED017AFFF748BB9FED1A6A7F
:10628400B3EE08AADFED275AB0EE469ADFED26DA20
:10629400F0EE468A9FED2BDAB0EE468ADFED27CA90
:1062A400B0EE460A9FED17CAF0EE461ADFED1F9ACC
:1062B4008DED056A8DED046AFFF7F2BB9FED144A7C
:1062C4009FED19EADFED1CBADFED19AADFED19FA2B
:1062D400FFF79EBB802500200C240020EC51383FA2
:1062E400AC2300203824002000000000B02300204C
:1062F4007B142E3F84250020295C0F3E0000784249
:1063040000003042AE47613E4627002010240020A2
:106314006666E63E295C0F3D6F12033B2C24002089
:10632400EC5138BE295C8F3E0000504200001842F8
:10633400B81E853E0AD7A33ECDCC4C3EEC51383E28
:10634400000000428FC2753EF3EE027A5FED063A1A
:106354005FED06EA1FED05BA1FED071ACDED037ACE
:10636400FFF726BB3B493C4A0B6810681B1A032BFA
:106374006ED9DFED3A6A0B6839483A499FED3A4ADB
:10638400DFED3A7A90ED006A9FED397A26EE276ABE
:10639400DFED384A30B4384D384C95ED005A13606F
:1063A40025EE265AD4ED005A354AD1ED006A65EE41
:1063B400875A344BB4EEC45A66EEA76A92ED007A5B
:1063C400D3ED007A27EE247A85ED005A67EEA47A9D
:1063D400C4ED005AF1EE10FA80ED006AC1ED006AD6
:1063E40082ED007AC3ED007A03D54FF0000CC5F8B6
:1063F40000C09FED1D5AF4EEC55AF1EE10FA01D516
:1064040000252560DFED185AB4EEE56AF1EE10FAC6
:1064140001D5002404609FED146AF4EEC66AF1EE1F
:1064240010FA01D500200860DFED0F6AB4EEE67AB9
:10643400F1EE10FA01D5002111609FED0B7AF4EE14
:10644400C77AF1EE10FA01D500221A6030BC704709
:10645400704700BF3825002018240020F6287C3F10
:1064640038240020AC2300206F12833AD7A3703F56
:10647400A4707D3F6666663FBC2300203424002060
:106484000C240020B0230020F0B5022101207C4C14
:106494007C4E7D4D2DED028B95B0B7EE008A01F058
:1064A40059FE02210820DFED798A01F053FE002114
:1064B4000A2001F04FFE01F0E7FD754B03227549F8
:1064C40018600A2001F080FE0121022001F042FE42
:1064D4000121032001F03EFE0121042001F03AFED7
:1064E4000121052001F036FE0121062001F032FED3
:1064F4000121092001F02EFE0C2001F085FB012072
:1065040001F0B2FB082002F0FDF80E2001F024FB9C
:10651400074601F0B9FD80EA0740671D01F0E2FA81
:106524004FF0FF315C4800F0B1FE4FF0FF315B48A3
:1065340000F0ACFE5A484FF0FF3100F0A7FE0E20E9
:106544000DE0F4EE487AF1EE10FA78FE277ABC42B8
:10655400E6EC017AE5EC017A18D014F8010F01F0A9
:10656400FBFA07EE900AB8EEE77AC7EE287A78EEDF
:10657400677AF5EEC07AF1EE10FAE2D5DFED497AEA
:10658400BC42E6EC017AE5EC017AE6D1162001F092
:10659400E3FA07EE900ADFED3D6AB8EEE77AC7EE5C
:1065A400267AF5EEC07AF1EE10FA64D4B7EE007AEA
:1065B400F4EEC77AF1EE10FA59DC9FED3B7AF4EE73
:1065C400C77AF1EE10FACCBF012200223748002529
:1065D40037494FF0E026374B4027C0ED007AC1ED34
:1065E400007A30213448354C1A7005F065FA344B82
:1065F4006846A566C4F89830324BA567C4F89C3049
:1066040046F6B6136567A4F8B4300023C4F8845082
:10661400C4F8A030C4E91B55C4E91F55FFF722F99B
:106624005022694604F11800C6F8887101F056FE3C
:106634000220FF21C6F8087101F046FF2946032015
:1066440001F042FF2946042001F03EFF29460520BF
:1066540001F03AFF2946062001F036FF14210920F3
:1066640015B0BDEC028BBDE8F04001F02DBFF0EE9B
:10667400477A0122AAE70022DFED0A7AA6E700BFE3
:1066840080050020A82400208414002000F07F4509
:106694009423002029010000102300203C23002023
:1066A40068230020000000008FC2F53CB4230020C2
:1066B400A82300203B27002000002020582200208F
:1066C400AE47E13DAE47213F70B5012094B001F0E3
:1066D4002FFDA0F10104FDF775FA4FF0E025B4FA9F
:1066E40084F4FDF79BFB402664092046FDF790FCEB
:1066F400FDF72AFFFDF7B6F8FEF790F9FEF7C0F9AB
:10670400FDF7B0F92046FFF71DF86846FFF7AAF831
:10671400502269460C48C5F8886101F0DFFDC5F8D0
:106724000861FEF7A5FFFFF71DFE084B084A1B682A
:1067340012689B1A0B2B05D9204614B0BDE8704093
:10674400FBF7CEBB14B070BD7022002038250020AA
:106754002424002030B5172283B00B21834800F095
:1067640055FD00220B21824800F050FD18220B2118
:10677400804800F04BFD8049804B002280480C6823
:106784001A611A811860DA60002C00F0EC8022464D
:1067940011465269002AFBD14B617A4D00207A4A96
:1067A4004FF08241DD614FF07E555A641D66774D8E
:1067B400774ADD625D63774D9A6400221D60764DF1
:1067C400D9649D61754D76491D62764D1A655D6289
:1067D400754D9A669D62754DDA661D63744D1A6730
:1067E4009D63744D5A67DD63734D9A671D64734DE1
:1067F400DA675D65724DC3F880209D65714DC3F8FD
:106804008420586098725861A3F86400DD65C3F869
:106814008820C3F88C20C3F89020C3F89420C3F8D0
:106824009820C3F89C20C3F8A020C3F8A420C3F880
:10683400A820C3F8AC20C3F8B02046F6B6120872FC
:10684400C3F8B420022201F11803C8604A720B6134
:10685400C1E9060023466469002CFBD15A4A5961F8
:106864004C604C618C720A604D4800F037FC57480C
:1068740000F0BEFE4A4B224600944049534800F0C3
:106884002BFF534A5349514803F060FB524800F030
:10689400AFFE0122514D424B009238494E4800F060
:1068A4001BFF4B4A4B494C4803F050FB4C4B2868A8
:1068B40000222E49186128689A6058622D489C81EC
:1068C400986228689C6198632868DA611A631C845A
:1068D400DC629C86434AC3E9001443490860296882
:1068E40042482C6811600460414A28682968204C99
:1068F400116029683F4A5C6111603F4B29683F4A37
:10690400186011602B683E4A286813603D492A6864
:106914003D4B08601A6028683C492A683C4B086073
:106924001A6028683B4B2A683B491A602A683B4B2B
:1069340008601A6001F0A8FB2C68394B2A681C60B7
:10694400384B39491A602A68384B08601A6001F0DC
:106954009BFB374B2C68186036492A68364B0C6011
:106964001A6003B030BD1C460B6016E710230020EC
:106974003C23002068230020301E002058220020E1
:10698400A0050020000078C10000F841E63F143F54
:106994000000C842AC050020E17ACA417B141642CB
:1069A400CC2300209A9991426519023F0B24883E1A
:1069B4001B9EBE3E3CBD123FEEEB803E5C8FC23E52
:1069C4003D0AD73E5C8F423FB80500205C2400207E
:1069D4004C0E0020FD5900007024002038250020B2
:1069E40040250020242400207C250020F0230020C2
:1069F4001424002030240020F4230020302500201B
:106A0400EC2300201027002018240020202400203C
:106A1400A0230020402400203C240020282400201F
:106A240098230020A42300201C240020B823002045
:106A3400C82300209C23002084240020AD4BAE4AB0
:106A440018682DE9F04FAD4C91B01979089403689A
:106A5400D17704F58062934209920ED2A84B1B7839
:106A6400002B00F0288109994FF0E023402208917F
:106A740001F580610991C3F80822A24B1968A24B61
:106A84000C911868A14B0D901A88A14B0A921C888E
:106A94000B94002900F0DC81002800F04D819D4B0F
:106AA4009D4D1A4423449D4E01EB42029C4C00EB45
:106AB40043039C49D5F800B00E950392089D9A4A69
:106AC40002939A4B5768D6F800A0D3F80080D3F805
:106AD4000490D1F800E04B68D4F808C0886805F148
:106AE40010010F9605F5826516686268246807959B
:106AF400354601972746019C5E46CDF814A0C24650
:106B040004941031039C06954D4634F902BFABEB57
:106B140006080394029CA8EB0A09049E34F902AF08
:106B2400A9EB05050294059C2F44AAEB0405069CD9
:106B34003A442C1B94443A440194A41BA6440CEB01
:106B440002043A444FEA2C1C734421F820CC184424
:106B54007344C6180011734421F81E0CA0182411A4
:106B64003A4421F81C4C02EB000C9C1900117344AC
:106B7400361121F8180C1819241121F81A6C21F86F
:106B8400164C4FEA2C1421F8144C041121F8124C21
:106B9400079C8C42AFD10F993C46019FC1F800A0DD
:106BA4000E99C1F800B05E490C605E4CC4E9013036
:106BB4005D4BC4F800E0C3E900575C4BC3E90089AE
:106BC4000A9B40330A930B9B4033C1E9012C0B937E
:106BD400BFF34F8F4FF0E02308990998CA43C3F8D5
:106BE400701F2031024481420891C2F3421251D2F3
:106BF4006AB3012A23D0022A1CD0032A15D0042AFE
:106C04000ED0052A07D0062A40F01C81089AC3F842
:106C1400702F20320892089AC3F8702F20320892FD
:106C2400089AC3F8702F20320892089AC3F8702F7C
:106C340020320892089AC3F8702F20320892089ADA
:106C44000999C3F8702F20328A42089222D2089AF6
:106C540002F12001C3F8702F4032C3F8701FC3F84B
:106C6400702F01F14002C3F8702F01F16002C3F8E4
:106C7400702F01F18002C3F8702F01F1A002C3F854
:106C8400702F01F1C002C3F8702F01F1E0020999DD
:106C94008A42DDD3BFF34F8FBFF36F8F0A9B7F2BE5
:106CA4001CD81A4A13800B9B7F2B09D8184A1380CF
:106CB40011B0BDE8F08F04F5006308920993DCE697
:106CC4000024134B0D981C8000F03AFC184B1A68F2
:106CD4001C600D4B1A6011B0BDE8F08F0B4B002403
:106CE4000C981C8000F02CFC124B1A681C60054B9D
:106CF4001A60D8E7C81E002000800E40C030202053
:106D040034270020B81E0020C01E00201E270020AB
:106D140020270020010000801C1F0020201F0020CD
:106D2400EC1E0020041F0020341F0020241F00201C
:106D3400C41E0020BC1E00200C9A002A00F088808B
:106D44008A4800260A998A4BD0F800800E900B449A
:106D54008848894902EB430BD0E900CE08988D6836
:106D6400D1E9002300F1100100F582600290C246CF
:106D7400BBF90280E1467746A8EB0A0C0BF102004E
:106D840021F80E6CC246ACEB090E019021F80A6C96
:106D94000846AEEB070721F8066C21F8026CE146C1
:106DA4003A4477461344EC181344019D05F1020B51
:106DB400E5181344241121F8104C5C1913442D11C7
:106DC40021F80C5C1D19241121F8084C2C1121F810
:106DD400044C0199B1F90280A8EB0A0CACEB090E42
:106DE400AEEB07073A441344EC181344E518134474
:106DF400241120F8104B5C192D11134400F11001DB
:106E040020F80E6C20F80C5C1D19241120F80A6C73
:106E140020F8066C20F8084C2C1120F8026C20F89D
:106E2400044C02988842A2D10E99C1F800805249BC
:106E3400C1E900234F4B8D60C3E900CE0A9B403368
:106E44000A93C5E6089AC3F8702F20320892DDE64B
:106E54000D9A002A00F0828048480B99444BD0F8E0
:106E640000E00B440F904648464902EB430A0C9E4F
:106E74008D68D346D0E9007C0898D1E9002300F15D
:106E8400100100F582600290F246B946BBF902E0B7
:106E94000BF10207E04621F8106C0197AEEB0A07EC
:106EA40021F80C6CF246A7EB090CB946019F01F1DD
:106EB4001000ACEB080821F8086C21F8046C07F109
:106EC400020B4244E04620311344EC181344E51805
:106ED4001344241121F82E4CEC1813442D1121F8DD
:106EE4002A5C1D19241121F8264C2C1121F8224C5E
:106EF400B7F902E020F8106CAEEB0A0721F81C6C1D
:106F040021F8186CA7EB090C21F8146CACEB0808F9
:106F140042441344EC181344E5181344241120F894
:106F24000E4CEC182D11134420F80A5C1D19241181
:106F340020F8064C2C1120F8024C02988142A3D16F
:106F44000F99C1F800E00F49C1E900230C4B8D6093
:106F5400C3E9007C0B9B40330B9339E64FF480620A
:106F64000D99089804F06AFB32E600BF1C1F00204C
:106F7400010000802C1F0020F81E0020201F00208C
:106F84003C1F0020101F002038B50021044600F0EB
:106F940023FB88B172B61C4A1368002B2BD01B4903
:106FA4000D68002D2CD0156008600021184A11804E
:106FB40062B6184600F0C4FA0121204600F00CFB2A
:106FC40098B172B6134A136883B113490C6854B16B
:106FD40014600024114A0860148062B61846BDE8A3
:106FE400384000F0ADBA086062B638BD0B49106095
:106FF4000B8062B638BD064910600B8062B6DBE7D1
:10700400086062B6D8E700BFB81E0020BC1E00208E
:107014001E270020C01E0020C41E002020270020A0
:1070240010B5044600F052FC204610BD38B5234C80
:10703400002342F210724FF40C61E06F40F44020E0
:10704400E0671C2004F030FDE3691D4923F440632C
:107054001C481D4A43F40063E361A36A19401B4BB7
:1070640041F0CE01A16241680A4042F4002242602C
:107074009A68002A20DB1649032000224FF480344A
:10708400C1F828014FF08E45C1F824011148124976
:107094001A66DA601D615C619861D961C3F8E02009
:1070A400C3F88C204FF0E062C3F89020C3F89440FA
:1070B400C3F89800C3F89C1038BD00BF00C00F404F
:1070C40000FEFFFF00C00A40F8FFF7FF0040384011
:1070D40000801F40130F0100000F0F0F10B5364C36
:1070E4004FF400620021204604F0A8FA334801213D
:1070F40000F088FB00233249324A0B601360FFF72B
:1071040095FF2346BFF34F8F04F5006204F120007E
:107114004FF0E021824234BF0122402204EB4212AC
:10712400C1F8703F20339342FAD1BFF34F8FBFF3BE
:107134006F8F224A0320244B2449C3F880014FF463
:10714400806013681C600224D8829C60A4F6020448
:10715400D8830620596000211279DC601C4C988386
:1071640002F110001C61996199821A4C1A4B43F880
:10717400204002F01F04194B012003EB5213A040DE
:1071840014B29B0018601648164B40F82410164998
:1071940040F82410A0F580401449C276D3F8882022
:1071A40042F00042C3F888209A681143996000F0C5
:1071B40007FB0F4B187010BDC0302020C81E0020E4
:1071C400B81E0020C01E002000801F4002000101E4
:1071D40020403840AD4C00000018002040380038F2
:1071E40000C00E40004038401400008001000090B0
:1071F40034270020024A0349034802F0A7BE00BF17
:107204004C0E002091520000C81E0020F8B5282919
:107214001B4B4FF49B770D46164604464FF0010175
:10722400C0E902732CBF4FF0FF330123282A44F630
:10723400206228BF4FF0FF3302610360284600F04C
:1072440089FF3046002100F085FF2846002100F028
:1072540045FF0C4B2A0103EB05159958EA68C4E96C
:107264000721320103EB061698586FF07042064B63
:10727400F1681B6862606361C4E909102046F8BDC7
:1072840050C46201CC0500203825002001617047FC
:10729400F0B472B6856A3249D0E90736C6F8883048
:1072A4006B68426A23EA02036B606B68426A1343A9
:1072B4006B602C4B476AC5F888704C681A682A4B77
:1072C400A3FB0232920C02EB820252004B681B1B9E
:1072D4009A42FBD86B6823EA07036B60C369C6F85C
:1072E400843062B6D0E90954C168A3682B4283692B
:1072F40005D006E001338361A2682A4201D1994294
:10730400F8D8994223D372B6D0E90923046AC3F8A2
:10731400842059680A435A60416AC3F884105A6841
:1073240022EA01025A60C369C4F8883062B6D0E91F
:107334000945C168AB681C42836904D10BE08361D1
:10734400AA68224207D0994203F10103F7D86FF0EB
:107354000100F0BC70479942F9D90120F0BC704794
:10736400001000E03C0E002083DE1B430000000000
:1073740070B500240D468461002936D003680646A2
:10738400A34239DB30460134FFF782FF0028E4B220
:107394002DDBA542F6D11C49B36970680A688342A3
:1073A400D6E904548CBFA3EB000CA0EB030C121B16
:1073B400AA4215D907EE900AB8EE677A9FED106BD2
:1073C400B7EEC77A27EE067BBDEEC77B17EE102A11
:1073D400624505D96FF070420968104672607161A8
:1073E400834207D20020736070BD084670BD6FF001
:1073F400010070BD181A70BD4FF0FF3070BD00BFA2
:107404009A9999999999B93F382500204FF0E0232A
:107414004022C3F808227047F8B5144B144D1C6879
:107424006E689CB1237A20466BB123686F681B6831
:1074340098476B68E188DB1BC3F38F12B1EB931F92
:10744400A28038BFE2806469002CEBD1084B094A62
:107454005B6810889B1B084CC3F38F11B0EB931F20
:10746400218038BF1180BFF34F8FF8BD301E00203C
:10747400001000E01A27002018270020036818478E
:107484000B680360704700BF0B680360704700BF60
:10749400704700BF30B472B6244D254C2A8804F1DD
:1074A400700104EB82038B423CD204F16F01501C47
:1074B400C91A00EB910002E00132824232D09C46AC
:1074C40053F8041B0029F7D0B1FA81F04FF00043C0
:1074D400C34021EA0301CCF8001001B90132154B75
:1074E4002A801A88013291B2198062B6ACEB040C7E
:1074F40041F67C73C0EB00644FEAAC0CC0EB841023
:1075040001240CEB8C1C03EBCC1303EB80030A4823
:107514000068C4541844094B1C88944230BC38BFDA
:107524001980704762B6002030BC70471C270020C9
:10753400341E0020142700202C1E002016270020B3
:10754400428872B60378012B03D9013B037062B6FB
:107554007047D14353090B484FF0004201F01F011B
:10756400CA4050F823100A430749B1F800C040F854
:1075740023209C45054A88BF0B801388013B138058
:1075840062B67047341E00201C27002014270020F8
:10759400C36813B91DE0DB68E3B1187A9042FAD1ED
:1075A40010B4586893F809C0006950F82C4054B1DD
:1075B400DB682BB1187A9042F3D0DB68002BF9D149
:1075C4005DF8044B704740F82C10087801300870BF
:1075D400EEE77047704700BF437A8B4206D90369D0
:1075E400002253F8210043F82120704700207047FF
:1075F40000220449C0E90022028102740A6808607A
:10760400C2607047A41E0020037CFBB903680146D6
:10761400FBB14368EBB1427A5B7A9A421CD230B434
:1076240072B62B4B1C68ECB1E368C3B1486801E047
:10763400DB68A3B15A688242FAD193F809C04A7A46
:107644009445F5D162B6042030BC7047012062B67F
:107654007047032062B67047022062B670476469BF
:10766400002CE1D11B4C236843B1994202D10BE0B9
:10767400994207D01A46DB68002BF9D1052062B67F
:1076840030BC704702F10C040D68E868E8B1C368C7
:107694001BB908E0DA683AB1134681421846F9D1B9
:1076A40062B60620D0E70346D960CB680020236089
:1076B4000123C860AA7A2B721A44AA724A68947A7F
:1076C40013721C4494720B74D9E7E960EDE700BFB0
:1076D400301E0020A41E002010B5047C9DF808E094
:1076E4000CB1012010BD027280F809E0C0E900135A
:1076F400BDE81040FFF788BF38B5037C002B36D0B7
:1077040043680446427A5B7A9A4238D272B6016878
:10771400CB68002B2DD0984233D01A46DB689C42AC
:107724002AD0002BF9D16268607A136953F82000DB
:1077340048B1FFF705FF72B662680025607A1369E5
:10774400216843F820508B7A013BDBB28B7203B97A
:107754000B72937A013BDBB2937203B913720A4B37
:1077640000201A6820741C60E26062B638BD0120F3
:1077740038BD62B6032038BDE368D360D3E7022086
:1077840038BDC368CB60CEE7A41E002010B5044604
:10779400FFF7B2FF094A136843B19C4202D108E0E3
:1077A4009C4205D01A46DB68002BF9D1204610BD57
:1077B4000C32E3682046136010BD00BFA41E0020F5
:1077C4000C4B1A789AB90C4A0C4910B4C2F85811E7
:1077D4000B48D02401224FF0E02180F84640402499
:1077E4001046C1F808415DF8044B1A707047002038
:1077F400704700BF3227002000180020895600007F
:1078040000E400E070B472B621B9036813B10279E0
:107814000F2A45D9294C2188002341FA03F212F09A
:10782400010208D00133102BF7D162B60022037194
:10783400026070BC70474FF0010C0CFA03FC41EA83
:107844000C01218062B61E4D5FFA83FC1D4940F293
:10785400824680F804C0EC6F194483F0030344F0BB
:10786400C0044901EC67A5F59F35174CA5F5807553
:10787400266084F81AC084F81EC084F818C084F8FE
:107884001FC00160C1E90022C1E90222C1E904224A
:10789400C1E906225A5D42F0C0025A5570BC7047D5
:1078A400064C218841FA02F5ED07B5D5054D15447E
:1078B400B3EB451FB0D162B6BBE700BF222700205F
:1078C40000C00F408074000200800E4003790F2B2B
:1078D40011D8094A937672B60849012290F804C077
:1078E4000B8802FA0CF223EA02030B8062B6102220
:1078F400002302710360704700800E40222700209D
:10790400704700BF704700BF704700BF704700BF9B
:1079140070B51A4C1A4D2368AB4202D0194AD1688B
:1079240029BBA369AB4202D0164AD169C9B9236BFA
:10793400AB4202D0134AD16A69B9A36CAB4209D0F5
:10794400104AD16B31B101211B680F48D163BDE8E6
:107954007040184770BD01211B680C48D1629847DC
:10796400EBE701211B680A48D1619847DFE7012151
:107974001B6804F10800D1609847D2E7C01A0020C0
:107984008805002000410840101B0020F81A002040
:10799400E01A002038B5064CA4F1600554F8083C00
:1079A4002046183CDB689847AC42F7D138BD00BF8D
:1079B400101B002003682DE9F041044688B01746E7
:1079C400002B4BD000229A600122DA60304D04A8CB
:1079D400DFF8E0801D4451F8083B2D1102935B68E9
:1079E40005EB45069847F60006F1080058F80630FE
:1079F4004044DB6801909847264A04A9DDE9010365
:107A0400029248F806309B689847029B04A8DB68FA
:107A140098472368032220481F609A601F4A2379ED
:107A24001F4C535513785178C0F828428B4228BF15
:107A34000B469178D2788B4228BF0B46934228BFDD
:107A44001346184C4FF0E0224FF08061012084F877
:107A54007A30C2F80C1108B0BDE8F081124AD36E36
:107A640043F44053D3660122104B1A60104A134664
:107A74000260403298680028A8D0103393422360F3
:107A8400F8D100231846236008B0BDE8F08100BF98
:107A940000BFF7BF8805002000180020400E00201A
:107AA400815B000000E400E000C00F40004008409B
:107AB40000410840C01A002010B4064B0020064CB8
:107AC400064A1C609C611C639C6405495DF8044B78
:107AD40002F03CBAC01A0020880500204C0E002099
:107AE400055C000008B1014B18607047281E002097
:107AF400884200DB704730B4124C091A2368EBB19A
:107B0400114A124D82FB032CDA179C44C2EB2C421F
:107B140044F2A71C05FB12330D4D05FB02F20CFBCE
:107B24000322002A0CDA6FF0004313442360B3FBF2
:107B3400F1F201FB123330BC18447047054BF5E7F2
:107B44001346F3E7281E00205F0B4E831DF301004C
:107B5400ECF4FFFF42CE0C1F1C2849D8F8B5254F82
:107B640004463B78E3B9244B1B5DFF2B29D0234A01
:107B740002EB041291680A6802F44050B0F5805F89
:107B840030D01C061FD41E4C2360236AD80704D4AB
:107B940002F0F8F8236AD907FAD5194B586AF8BDE8
:107BA400174D184E01E002F0EDF8AB6C1B06FAD449
:107BB400B36C13F08003F6D13B700F4B1B5DFF2BAE
:107BC400D5D10020F8BD0F4C03F07F032360236A56
:107BD400DA0704D402F0D6F8236ADB07FAD5094B96
:107BE400586AF8BD22F480521C060A60EBD4CAE736
:107BF4000020704737270020D8080020CC0500203B
:107C040000400C4000800C40082830B422D00A28E0
:107C14000CBF4FF405714FF44671104C104D636C5A
:107C2400626C2B400F4802F003021A43636C03F0AA
:107C3400E00313430B436364436C426C2B4002F038
:107C440003021A43436C03F0E0031343194330BCAB
:107C5400416470474FF44071DFE700BF00400C40BF
:107C640000FCFFFF00800C4010B41F4C1F281F496C
:107C7400A36C23F02003A364626C8B6C22F4404257
:107C840023F020038B644B6C23F4404312D942F459
:107C9400404243F4404362644B641349134A8B6C7F
:107CA4005DF8044B43F020038B64936C43F0200392
:107CB400936470470F2808D942F4004243F4004308
:107CC40009480A4942644B64E7E7072804D942F4A7
:107CD400804243F48043F3E7032862644B64DCD8B6
:107CE4005DF8044B704700BF00400C4000800C401E
:107CF400A249A34B88422DE9F047A24C5E699A69D8
:107D0400D4F80C801BD9A04B984240F20281C31ACC
:107D14009E491B0AA1FB031340F22761DB0903EB15
:107D2400830303EB830303F2E2438B4228BF0B4636
:107D3400A3F54877964BA3FB0737FF0804E0954F5C
:107D4400B8428CBF0E2706278D4908F01F09D1F8C9
:107D54008030B94543F0C003C1F880300CD228F01C
:107D64001F08A1F5F82148EA0708C1F80C800B6840
:107D7400002BFCDA08F01F0916F0007324D18649A1
:107D84000C698649A14300F0EA8082F480513446AC
:107D94004FF4805514F0605F04D026F060561E4303
:107DA400774B5E6111F4405F07D022F4405274496E
:107DB4002A438A618B6C1A07FCD446F00076704A19
:107DC4005661936C9B06FCD4754CA04200F2CE80A5
:107DD4004FF0010C0146634603FB011203F1010E4F
:107DE4000CF10105A24218D8BEF1080F4FF00103AF
:107DF40040F08D80BCF1040F00F291800A18A24279
:107E040000F2A48005FB00F1AC4603F1010E03FB74
:107E140001120CF10105A242E6D90CF1FF318C02EA
:107E240086EA81215F4810445F4A90427FD9DFF897
:107E3400A4A16C225D48584DB0FBFEF0D5F800E0DB
:107E4400B0FBFCF0DFF890C10EEA0C0CD44509D06D
:107E540042F400524FF4805CC5F800C02A602A68DE
:107E6400002AFCDA464A156905F007059D4203D04D
:107E74001361936CDD03FCD411F4E05F09D026F4A4
:107E8400E05604F4E0543E4A26435661936C990745
:107E9400FCD44749474A014491423CD8464BC9095E
:107EA400A3FB0131090B4B1E1B0286EA030212F4E9
:107EB400407F06D026F4407603F44073304A3343BF
:107EC40053612F4A536923F000735361936C9B06EB
:107ED400FCD43A4B4F45A3FB00234FF0FF324FEA4B
:107EE4009343B0FBF1F1B2FBF3F3354A1060354A2A
:107EF4001160354A136008D228F01F08214A48EA65
:107F04000707D7601368002BFCDABDE8F0877346D7
:107F140062E7122718E74FF440730421C5E70CF118
:107F2400FF31204807238C02104486EA8121274A26
:107F3400DFF8A8A0A2FB0020020D2548362A38BF8E
:107F4400362202FB00F042EA0A0A74E74FEA8C2464
:107F5400002386EA8C214FF0010EAC4662E71D46F1
:107F640086F0C05411464FF0C05313E700244FF07D
:107F7400010C024631462346E64653E700A4781F27
:107F840000C00F40000008400046C32323B24C0049
:107F94001F85EB5100366E0100800D40403000809B
:107FA400FFB19F26808D5B00FF7EF64D00643F4D40
:107FB4007FD1F0087F17B42C9F10E50083DE1B43AC
:107FC4003C0E0020380E00202C250020819F5E16D8
:107FD400001BB7006C2000807F30018000200080EF
:107FE40000B970472DE9F84F01218146214C224DFB
:107FF400224E54E8003F2A68306844E80013002BFE
:10800400F7D11F494B684FF47A7BDFF878A01B1A2D
:1080140001270BFB02F8DAF80020A3FB02325A45D1
:1080240094BF9044D84454E8003F2A68306844E838
:108034000073002BF7D14B68DAF800C01B1A0BFB56
:1080440002F2A3FB0C3CBCF57A7F94BF624402F5B8
:108054007A72A2EB0802B2F57A7F06D3B9F101096C
:1080640008F57A78DFD1BDE8F88F01F08BFE04497A
:10807400D9E700BF3C250020382500203425002006
:10808400001000E02C25002030B40F4B4FF0010C01
:108094000E4D0F4C53E8002F2868216843E800C2B6
:1080A400002AF7D10B4B5B680B4A5B1A4FF47A71C9
:1080B400126801FB00F0A3FB023230BC8A4294BF79
:1080C40080184018704700BF3C2500203825002048
:1080D40034250020001000E02C250020272816D885
:1080E4000201104B03EB00109B5810B4C2685C688B
:1080F400144205D061B95DF8044BC3F88820704779
:10810400836851B1084A5DF8044B1A6070477047A0
:108114005DF8044BC3F884207047044A5DF8044BAF
:108124001A607047CC05002038F001003830010097
:1081340027280BD8064B020103EB00109A58C3689A
:1081440092681A4214BF0120002070470020704733
:10815400CC050020272829D8164B0201012903EB5E
:1081640000109A5810B45368C4680ED004290CD077
:1081740023EA040353608368A9B1022917D00329B1
:108184000CBF0D4A0D4A1A6007E0234301295360CE
:10819400836808D040F638021A60436815225DF8F7
:1081A400044B1A60704738221A60F6E77047044A95
:1081B4001A60F2E7CC0500203830010038000100D5
:1081C40038F00100704700BF272858D80001F0B4E8
:1081D400344C354D2358AB4256D049D8B3F1844F73
:1081E4004BD0A5F58045AB4240D1304D2044304EB4
:1081F400304CC4F8B462D0E901C4C0684FF0E02642
:108204004FF00057042AC6F810712FD85E6926EA89
:1082140000065E614FF00506CCF80060266846F45F
:10822400803626605C6824EA00045C60224C54F8C2
:10823400224090FAA0F2B2FA82F245F822106FEAD4
:1082440000011DD0DD690F2A01EA0501D9611DDC99
:1082540052000325D968944005FA02F221EA020289
:108264002243DA6098615A6902435A61F0BC70474C
:10827400124DAB42FAD1124DB8E7124DB6E7704732
:10828400DA690243DA61EDE70F4DAFE7103A0325EF
:1082940019695200944005FA02F221EA02022243CB
:1082A4001A61DFE7CC05002000800042F8120020AC
:1082B40021000000001800204005002000C00042FA
:1082C400F8130020781200207813002008B5FEF778
:1082D400DBF8FEF7F9F901F055FDFAE7844641EAC7
:1082E400000313F003036DD1403A41D351F8043B2A
:1082F40040F8043B51F8043B40F8043B51F8043B7C
:1083040040F8043B51F8043B40F8043B51F8043B6B
:1083140040F8043B51F8043B40F8043B51F8043B5B
:1083240040F8043B51F8043B40F8043B51F8043B4B
:1083340040F8043B51F8043B40F8043B51F8043B3B
:1083440040F8043B51F8043B40F8043B51F8043B2B
:1083540040F8043B51F8043B40F8043B51F8043B1B
:1083640040F8043B51F8043B40F8043B403ABDD28A
:10837400303211D351F8043B40F8043B51F8043B2C
:1083840040F8043B51F8043B40F8043B51F8043BEB
:1083940040F8043B103AEDD20C3205D351F8043BBB
:1083A40040F8043B043AF9D2043208D0D2071CBF87
:1083B40011F8013B00F8013B01D30B8803806046B0
:1083C400704700BF082A13D38B078DD010F0030326
:1083D4008AD0C3F10403D21ADB071CBF11F8013B96
:1083E40000F8013B80D331F8023B20F8023B7BE7E5
:1083F400043AD9D3013A11F8013B00F8013BF9D210
:108404000B7803704B7843708B78837060467047A9
:1084140002F050BE4FF0010C0CFA01FC01EB4101DB
:1084240000EB411170B5B1F80EE01FFA8CF5254C44
:108434001FFA8EFE24782E010EFB033306F0F0069D
:10844400E340B0F888417345A4B228BF734634436F
:10845400012AA0F888410DD0022A28D0C2B10CF01C
:108464000F02B0F888C11FFA8CFC4CEA020CA0F889
:1084740088C170BD9BB20CF00F022D02CB82B0F804
:10848400803105F470659BB22B43A0F88031E8E796
:10849400AEEB030E0CF00F021FFA8EFEA1F80AE0F9
:1084A400B0F880319BB21343A0F88031D9E79BB276
:1084B4000CF00F02CB83B0F880319BB21E43A0F8BE
:1084C4008061CEE7CB14002027284BD8F8B52A4D7D
:1084D400044615F8202005EB8005012A2DD0022A38
:1084E4003FD16B78C3F3011003283ED0234A02EB3B
:1084F400803203F0030C224889B2634602EB4C1C21
:108504000678BCF806E05801BCF810301FFA8EFE5D
:10851400CEF1011E1EFA83F303F1FF3E0EFB01F1BF
:10852400F1408E4523D95B1AC3F101039BB289B292
:108534000244ACF8063011820DE06A78C2F30113EC
:10854400032B10D00F4800EB83308BB202F00301F1
:10855400AA78FFF75FFF0C4BEA7803EB04135B6820
:108564001A60F8BD70470948EFE7094AC1E7991E48
:108574004FF6FF73DBE700BFF408002000C01D4086
:10858400CB14002000C03D40CC05002000803E40BC
:1085940000801E4000230F2248F2B82C194610B563
:1085A4004FF470444FF4806EA0F88C414FF4604453
:1085B400A0F88E210A46A0F89031B0F888319BB219
:1085C40043F0F003A0F8883101EB4103013100EBE3
:1085D400431304299C80A3F806E05A841A865A801F
:1085E4005A81A3F80EC05A82DA825A83DA83EBD115
:1085F400B0F888319BB243F00F03A0F88831B0F88B
:1086040088319BB243F47063A0F8883110BD00BF79
:10861400374B384A996F384841F47F0170B59967F0
:1086240041F20106D3F8801045F6C05543F2260402
:108634000A43C3F88020FFF7ADFF00F58040FFF741
:10864400A9FF00F58040FFF7A5FF00F58040FFF784
:10865400A1FF0022A0F503104FF00F0E114600EB0E
:1086640042134FEA421C01329981042A5981A3F82A
:108674000EE09E82DD8020F80C1019829C81EED1E0
:1086840000221E484FF00F0E41F20106114645F636
:10869400C05543F2260400EB42134FEA421C013258
:1086A4009981042A5981A3F80EE09E82DD8020F886
:1086B4000C1019829C81EED1002211480F2641F240
:1086C4000105114645F6C05443F2260E00EB421351
:1086D4004FEA421C01329981042A5981DE819D822C
:1086E400DC8020F80C101982A3F80CE0EED170BDE8
:1086F40000C00F40000003FC00C03D4000001E40CD
:1087040000401E4010280346044A28BF1023107856
:10871400012B38BF01231370704700BFCB14002016
:1087240072B6EFF30583524CC4F884301EF0040F84
:108734000CBFEFF30882EFF309824FF0E0234D4EB4
:108744004D4DD3F8280DD3F82C1DC4E92201D3F8DC
:10875400341DD3F8383DC4E924139369C4F8983020
:10876400D369C4F89C3000F0BFF884ED280A01F006
:10877400DBFB0B214FF0FF32C4F8A4000B46C4F816
:1087840080103E49301D5A40202402F00103013C70
:1087940001FB03F383EA5202F7D1A84202D07368C3
:1087A4000646EFE7324BC3F8A820BFF34F8F4FF0D4
:1087B400E0233049324AC3F8701FC3F8702FBFF367
:1087C4004F8FBFF36F8F2F4A02252F48D36E2F4947
:1087D40043F44053D3660560D3692D4823F07F03E7
:1087E40043F04003D3610B6883423DD8264D0021FA
:1087F4004FF0E0234FF0FF3229600126C5F808113D
:108804002449C5F80011C5F80861C3F88021C3F8EC
:108814008421C3F88821C3F88C21C3F8902101E096
:1088240000F070F9D5F80C31002BF9D00134C5F8FB
:108834000C614F2CF4D9184B022018494FF0004218
:10884400C1F840015A63D5F80C313BB914481549B5
:108854000D4A0163D2F80C31002BFAD04FF0E0231B
:10886400114AC3F80C2DFEE7FFF742FABEE700BF3A
:1088740000FF272080FF2720A8FF27202083B8EDB2
:10888400A0FF272000C00F40004008403C0E0020FD
:10889400803DCD0B009F240000900D4000002E4031
:1088A40000800F40F100AD0B0400FA050A490A6884
:1088B40038B108B513180948834204D810460B6030
:1088C40008BD1046704702F023FF0C234FF0FF321F
:1088D4000360104608BD00BF480E00200000282099
:1088E40030BFFDE7FFF71CBF124AD2F880305B07A8
:1088F400FBD5D2F880301048C3F30B230F4990ED19
:10890400007A07EE903A91ED006AB8EE477A0C4A85
:10891400F8EEE77A0B4BD2ED006A77EEC77A93ED67
:10892400007AB8EE477A67EE867A87EEA60A37EEC3
:10893400400A704700810D401C250020242500209A
:108944002825002020250020836BF0B41BB1536838
:1089540043F40043536072B6446B3CB31A4B226039
:10896400D3F8B0410C421DD1184E776804E0746806
:10897400E41BB4F5166F0BD2D3F8404144F48044A1
:10898400C3F84041D3F8B851D3F840416404EED55C
:108994000D4007D10C4CC0E90225D4F8B0310B438B
:1089A400C4F8B031426362B6F0BC7047064DC0E90A
:1089B4000224D5F8B0310B43C5F8B03102634263E9
:1089C40062B6F0BC704700BF00002E40001000E00B
:1089D40070B5056B9DB106462A46002403E0126873
:1089E4000134012A0CD0536813F08003F7D03263AA
:1089F4002CB12846B36B2D689847013CF9D170BD62
:108A0400C6E90C33F4E700BF30B4D9B91F4C204B8E
:108A14000021204A01254FF0011099601D60C4E92E
:108A2400023180245C60C2F8BC01D2F8B0311A482B
:108A34002B43C2F8B0310160D2F8B031002BFBD126
:108A440030BC70470904154B104C012541F08001DE
:108A54009860104A596000F580511D60D96000F596
:108A64000051A364196100F5405100F5804059613B
:108A740000219861E164D2F8B03143F48033C2F844
:108A8400B031D2F8B031002BFBD1C0E70000002098
:108A9400201B002000002E4000240020401B00204A
:108AA40010B472B60A4C01220A49237802FA00F083
:108AB40018432070D1F848311A0605D48022134394
:108AC400C1F84421C1F8483162B65DF8044B7047DF
:108AD4004F27002000002E40084901220B7802FA9B
:108AE40000F023EA0000087030B9054AD2F8483192
:108AF40023F08003C2F84831704700BF4F2700209D
:108B040000002E402DE9F04F9C4C83B0D4F8446112
:108B1400F107C4F844616AD5D4F8AC31002B61D0B4
:108B2400DFF88482964DDFF878B208F5805ADFF8D2
:108B34007C92944FC4F8AC31D5E90A20D4F8403182
:108B440043F40053C4F84031D4F840319B04F5D5C4
:108B5400D4F8403123F40053C4F840314FF00113EA
:108B6400C4F8B431D4F8B43113F00113FAD191B28A
:108B740040F2816CCBF80030614500F2D980B1F548
:108B8400D06F80F06181B1F5817F00F08F8140F278
:108B9400AB8040F2023C614500F0B281B1F5A06FB8
:108BA40040F0C1807849EB648B600123A9640B60B9
:108BB40080234B604FF00113C4F8BC31D4F8B031BA
:108BC40043F48033C4F8B031D4F8B031002BFBD176
:108BD400130C5B0643F08073C4F85431D4F8AC3101
:108BE400002BA7D1654AD2F8BC31002B4AD17206BA
:108BF40016D5624BD3F8AC21C3F8AC21D3F8BC2111
:108C0400C3F8BC21D3F8B041002CFBD14FF0FF32A4
:108C1400C3F8B421D3F8843101F026F85B4B1C600F
:108C2400F40103D55A4B1B6803B19847B00103D52F
:108C3400584B1B6803B19847710708D54F4BD3F8BD
:108C4400843113F400731AD0534B01221A704B4B26
:108C5400D3F848311A060FD533060DD54F4A137889
:108C64002BB1013BDBB21370002B00F0428203B046
:108C7400BDE8F04F00F09ABC03B0BDE8F08F464A5F
:108C84001370E4E74649C2F8BC310868034240F077
:108C940061813E4A14681C40A9D05FEA144810D090
:108CA400374D4FF0010998FAA8F7B7FA87F705EBA3
:108CB400C71009FA07F74030FFF78AFE38EA0708B9
:108CC400F1D1A4B2002C92D02D4D4FF0010894FAAA
:108CD400A4F7B7FA87F705EBC71008FA07F7FFF709
:108CE40077FEBC43F3D182E7802900F0A780822974
:108CF40019D183B210F0780015D103F07F0257F830
:108D04002210284A1080180600F1C081CB0701D533
:108D14000123137002212348FFF776FE5EE7010C5E
:108D2400072900F045814FF00113C4F8C03155E71D
:108D340042F2210C6145F2D03AD942F22123994200
:108D440068D042F221339942EDD10F4B00229A6050
:108D5400EA640122AB641A6080225A604FF0011366
:108D6400C4F8BC31D4F8B03143F48033C4F8B03122
:108D7400D4F8B031002BFBD130E700BF00002E4007
:108D840000000020C0012E40201B002004240020ED
:108D9400082700200C270020572700205D270020EB
:108DA40000240020C0240020F8230020401B0020C1
:108DB400B1F5086F3AD0B1F5106FB4D1B548C2F32C
:108DC40007424FF0C81100930270B34AC4F8C82197
:108DD400C4F8CC11C4F8D01100F048FF00F07CFBBB
:108DE400AE4A0121009BAA64116080219360516006
:108DF4004FF00112EB64C4F8BC21D4F8B02142F462
:108E04008032C4F8B021CBF80030D4F8B031002B54
:108E1400FBD1E3E680B2002897D1A14BC2F307420D
:108E24001968A04B1960A04B1A708EE7994B012169
:108E34009E481B780370FFF7E7FDCFE69B480221AD
:108E44000380FFF7E1FDC9E6994B596800293FF417
:108E54006AAF4FEA124E82B204E019690C3300295A
:108E64003FF461AFB3F800C0F445F6D1B3F802C0E3
:108E74009445F2D14FEA1E22032A00F0D8801A89C1
:108E8400000C824228BF0246BEF5007F40F0D48029
:108E9400884B89491878894B0092002818BF1946D5
:108EA4008748FFF71BFA864B009ADAE010F0780F38
:108EB40083B27FF438AF03F07F0213F0800F57F8CA
:108EC400223014BF23F4803323F0010347F8223007
:108ED4000022724BEA649A600122AB641A60802219
:108EE4005A604FF00113C4F8BC31D4F8B03143F4E4
:108EF4008033C4F8B031D4F8B031002BFBD16DE627
:108F040010F0780F83B27FF40EAF03F07F0213F0FA
:108F1400800F57F8223014BF43F4803343F0010329
:108F240047F8223000225D4BEA649A600122AB6468
:108F34001A6080225A604FF00113C4F8BC31D4F88F
:108F4400B03143F48033C4F8B031D4F8B031002BDD
:108F5400FBD143E6002008605A490C88486842F275
:108F640021018C427FF495AE80B200287FF491AE4B
:108F74005549564C03C9A18086284FEA1141206007
:108F8400A1717FF486AE72B65148017841F00801B0
:108F94000170D2F848110D0605D480200143C2F8AF
:108FA4004401C2F8481162B64A4A5021117070E671
:108FB400EB6001234349C9F80030474B0A60C9F804
:108FC4000430464B4860C9F81030C5F80890C9E928
:108FD400028AD4F8B02142F00102C4F8B02103F5AA
:108FE400805203F50053C9F81420C9F81830D4F896
:108FF400B031002BFBD1294AEB6493600123AA64AE
:10900400136048F2800353604FF00113C4F8BC317D
:10901400D4F8B03143F48033C4F8B0314FF4803322
:10902400CBF80030D4F8B031002BFBD1D6E5000CDE
:109034000A78824228BF0246BEF5E06F50D11D4B2C
:109044001D4893F800C01D491D4BBCF1000F18BF0B
:10905400014600921846FFF741F907210346417083
:10906400009A23F01F011344BFF34F8F4FF0E02009
:10907400C0F8701F20318B42FAD8BFF34F8FBFF373
:109084006F8F0F481146FFF7BFFCA7E5C9033FF5F3
:109094003FAE3FE6562700200200CC00201B0020F4
:1090A400382500209025002055270020C0240020CA
:1090B400AC0C002057270020581C0060F01C0060F6
:1090C400C0382020201E0020F823002088250020FE
:1090D4004F2700205D27002080000700F843002070
:1090E400064B1846CDE90023FFF7F8F8DDE9002325
:1090F400B7E70320FFF7F0FC02F0DAFCC0382020C9
:109104002DE9F0471F46831E022B01D9BDE8F087E5
:10911400DFF84C9015460C463C2209EBC018064675
:109124004FEAC01A002108F10400240402F086FA70
:10913400B5FA85F20123520944EA427449F80A4017
:10914400C8F83870C8F80830002FDFD0034AB3409D
:1091540011680B431360BDE8F08700BF04240020AE
:10916400000000202DE9F0470D46811E022901D997
:10917400BDE8F087C701DFF84C90924604464037BB
:109184003C2200211E4609EB07082D0408F10400C7
:1091940002F054FABAFA8AF2520945EA427249F8DC
:1091A40007200122C8F83860C8F80820002EDFD054
:1091B400034B10341968A2400A431A60BDE8F087D3
:1091C400042400200000002012048160C36101F522
:1091D400405342F0800210B40124426001F5005271
:1091E400046001F5805401F58041C46081615DF83B
:1091F400044BC0E904237047831E0A46022B00D99E
:109204007047064B00F110014FF0010C03EBC01046
:109214000CFA01F14030FFF797BB00BF00000020BB
:10922400831E0A46022B00D970470121024B81405C
:1092340003EBC010FFF788BB0000002040687047B4
:10924400124A134BD2F8200220F07F40984210B506
:1092540084B002D200EB800040000E4C01A90A2227
:1092640000F030FE01A90023204611F8012B013340
:109274003AB10A2B20F8022FF7D11623237004B039
:1092840010BD5B00DBB2237004B010BD00441F406E
:1092940080969800B414002038B50C4B04460C4D4D
:1092A4001B68298843B1B1F5917F09D24B1C9BB24D
:1092B400084A2B80545438BDB1F5917FF6D338BD9C
:1092C40000220448984700210123F1E7D02500201B
:1092D40030270020E4250020F8B5144C4FF0E02599
:1092E400134E4FF4003204EB4024124F06EB4016A9
:1092F4000346C5F88C2121463A883046FFF764FFBF
:109304003B882344BFF34F8FC5F85C4F2034A342FE
:10931400FAD8BFF34F8FBFF36F8F04203146FFF7A6
:109324007FFF4FF40033C5F80C31F8BD60392020BD
:10933400601B00202427002042684FF6FC71114B6B
:10934400C2F30E42C0691B889B1A0B4017D00E490A
:1093540030B40E4C0E4D227821F810300021013229
:1093640025F81010062A94BFD1B20A462170094983
:109374000C6823440B60084B985430BC7047FFF7CB
:10938400ABBF00BF24270020D02400204B2700209F
:10939400EC240020C8240020082500202DE9F04FEB
:1093A4000123DFF828A1DFF828B183B0414E9AF8F1
:1093B4000020414D414F8BF8003005EB42153388B6
:1093C400D7F80080CDE90002002B6DD13C4CDFF8CA
:1093D40004912846FFF732FF10F080005DD03B680F
:1093E400A3EB0803282B04D90123237003B0BDE8A1
:1093F400F08F2378002BF9D199F80030002BF5D0A9
:1094040000F0C0FC3388002BE3D02E4A9AF80010F9
:109414001288D01A043B2C4C9BB22044338000EBBE
:109424004120009E4902C0F8006C93BB04F54064DF
:1094340028460C442146FFF7C7FEBFF34F8F04F1C3
:10944400200204F50073934234BF012310234FF02C
:10945400E02204EB4313C2F8704F20349C42FAD14B
:10946400BFF34F8FBFF36F8F04202946FFF7C4FE6D
:10947400019B02200133032B94BFDBB200238AF843
:109484000030FFF729FB00238BF8003003B0BDE860
:10949400F08F0220FFF704FBF5E70A4B9AF800105F
:1094A4001A8820701346B5E7064A01991288D01A23
:1094B400B0E700BF28270020201D00203825002009
:1094C400502700202C27002060392020512700201D
:1094D4005327002056270020214B70B51B78002B02
:1094E4003BD04FF400731E461E4980221E4D0024BB
:1094F4000B8000211D482B8002F0A0F81C4A214655
:109504001C4B1470C0221C481C8002F097F81B4AA4
:1095140031461B4B042094609C60C2E90044194A04
:10952400C3E900441470184B184A1C70184B14609B
:109534002246FFF7E5FD2346224629880420FFF74B
:1095440011FE20460134FFF7C7FE062CF9D1002393
:109554001049114A0B70137070BD40231E46C3E7B7
:1095640057270020242700202C270020201D00201E
:109574005127002028270020601B0020D024002031
:10958400EC2400204B2700204D270020C824002075
:10959400A97500005027002053270020024B1B7898
:1095A4000BB1FFF7FBBE7047562700202DE9F843A7
:1095B400214B1D7815B9214E33880BB9BDE8F883CA
:1095C400DFF888801E4A98F800701E4C02EB471999
:1095D4001D4A04EB4724128848462146D21A2B46DA
:1095E400FFF7F2FDBFF34F8F04F1200204F500737F
:1095F400934234BF012310234FF0E02204EB4313C2
:10960400C2F8704F20349C42FAD1BFF34F8FBFF39E
:109614006F8F013749460420FFF7EEFD032F4FF00B
:1096240000034FF0020098BFFDB2338088F8005069
:10963400BDE8F843FFF750BA53270020282700203D
:10964400201D0020604520202C27002051270020C9
:10965400F8B54FF400324FF0E023204CC3F88C21CE
:109664001F4B227819788A422ED0D3B21D4A1E4F3E
:1096740001331E491E4E072B28BF0023D05C37F848
:10968400102001EB40218D580432316892B2043924
:1096940027F810203160174931F81010914207D98A
:1096A4004FF0E0234FF400322846C3F80C21F8BDF4
:1096B400DBB22370FFF710FE4FF0E0234FF40032CB
:1096C4002846C3F80C21F8BD00254FF0E0234FF4E1
:1096D40000322846C3F80C21F8BD00BF4D270020F6
:1096E4004B27002008250020EC240020603920208E
:1096F400C8240020D0240020F8B50646FFF7A8FFB0
:1097040090B1C0F3031300F00F059C4A0446070A06
:109714001370A5F10803062B08D807F00F030133D3
:10972400002E45D0B34243D00020F8BDAB1EF8B2A2
:10973400012B19D9F72818BFF02801D9052D13D00A
:10974400042D00F085816B1F022B40F245810F2D03
:10975400EAD1F72808D8F02803D0894B1B88002BBE
:10976400E2D0FFF799FDDFE7F1380E28DCD801A33A
:1097740053F820F0597B00006B7B0000897B0000CC
:109784009979000099790000977B0000997900008D
:10979400A57B000099790000D17A0000077B0000C6
:1097A400EB7A000099790000237B00003F7B0000E6
:1097B400082DC4F3033217D1082A15D1714880212A
:1097C400714A0768C4F30746DDB21170240E1FB155
:1097D400314628462246B8476C4B01206C491D701F
:1097E4006C4B0E701C70F8BD092D14D1092A12D1CE
:1097F400220E654900F0B4809020C4F30746DDB220
:109804000870D4B264490F68002FE5D0224631466F
:109814002846B847E0E70A2D05D10A2A03D15F4854
:10982400A021594ACDE70B2D05D10B2A03D15C4861
:10983400B021554AC5E70C2D40F08A800C2A40F02F
:109844008780584AC02050491268C4F30746DDB2E5
:109854000870240E002ABFD0314628469047BBE743
:10986400514B1B68002B00F00A81C4F3074698474C
:10987400454B240E00251F70AEE74C4B1B68002B94
:10988400F3D14B4B1B68002B00F0ED80FC20C4F39C
:1098940007469847ECE7474B1B68002BE5D1444B40
:1098A4001B68002B00F0DF80FB20C4F307469847B9
:1098B400DEE7414B1B68002BD7D13D4B1B68002BC7
:1098C40000F0D180FE20C4F307469847D0E73B4B15
:1098D4001B68002BC9D1364BC4F307461B68002B09
:1098E400C6D0FF209847C3E7354BC4F307461B682F
:1098F400002BBDD030469847BAE7324B1A68002A8D
:1099040000F0B180630CC4F30640260C03F47E53CC
:10991400F6B218439047ABE72B4BC4F307461B68DA
:10992400002BE7D1A4E7294BC4F307461B68002B9F
:109934009DD19DE7264B1B68002B96D11C4B1B68C1
:10994400002B00F09080F820C4F3074698478FE777
:109954000D2D62D10D2A60D11E4AD0200A4973E729
:109964008020DDB2C4F30746087006490F68002F53
:109974007CD0314628461446B8472DE758270020A6
:1099840030270020A82500205C270020592700202C
:109994005A2700205B270020AC250020E02500206A
:1099A400A4250020B4250020C4250020C8250020BB
:1099B400B8250020A025002094250020D4250020CF
:1099C400D8250020BC250020C0250020DC2500204F
:1099D4009C25002098250020FFF75EFC052D08D06B
:1099E400C4F30740FFF758FC072D02D1200EFFF700
:1099F40053FC2B4B2B4819882B4A0170080A2B4C1B
:109A0400107000202A4A1880F023246813707CB355
:109A140001222848A0470120F8BD0E2D7FF484AE12
:109A24000E2A7FF481AE244AE0202149126808708E
:109A340072B3610CC4F30640DDB201F47E51260C0E
:109A4400240E01432846F6B2A1F500519047C3E61F
:109A5400FFF722FCC4F30740FFF71EFC200EFFF7BC
:109A64001BFC0020F8BDC4F3074601E73C46B3E6FF
:109A7400124B1B688BB10F4898470120F8BD104B5F
:109A84001B68002BEFD0FA20C4F307469847EFE693
:109A9400C4F30746DDB2240E9EE60120F8BD00BFE4
:109AA400302700205A2700205B270020D0250020E3
:109AB4005C270020E4250020B0250020CC250020D0
:109AC400B8250020F8B5144C4FF0E025134E4FF4A0
:109AD400003204EB4024124F06EB40160346C5F84F
:109AE4008C2121463A883046FFF76EFB3B8823449D
:109AF400BFF34F8FC5F85C4F2034A342FAD8BFF3AD
:109B04004F8FBFF36F8F03203146FFF789FB4FF46C
:109B14000033C5F80C31F8BD604D2020201C002016
:109B240026270020244B2DE9F0411C884368C56991
:109B3400C3F30E43E41A002C24DD204920480A789C
:109B44000078D3B21F4E82421F4807D010F803801A
:109B540036F81870C7F50072944218D90133002200
:109B640026F81540082B194E88BF134626F81520F1
:109B740098BFDAB2C554164B0A701A6814441C60B4
:109B8400BDE8F0812846BDE8F041FFF79BBF07EB35
:109B94004820104922462744084401EB4521FEF79A
:109BA4009DFB0B4A284626F8187013682344BDE829
:109BB400F0411360FFF786BF262700204C270020C2
:109BC4004E270020DC24002010250020F82400204B
:109BD400CC240020604D20201D4B1A78002A36D159
:109BE40002F0FF031B4A12788AB32DE9F0411A4DA3
:109BF4002A8852B3194EC2F50068194F3278194CAD
:109C040007EB421704EBC224424638462146FFF7CD
:109C1400DBFA04EB0802BFF34F8F4FF0E023C3F8E5
:109C2400704F2034A242FAD8BFF34F8FBFF36F8F27
:109C340003203946FFF7E0FA33780133DBB2032B14
:109C440088BF0023337000232B80BDE8F081704768
:109C540054270020562700202A27002052270020BE
:109C6400A01D0020605D2020704700BF2D4B002107
:109C740080222D4870B51B7800242C4D8B422C4E2D
:109C84000CBF40234FF400732B80338001F0D6FCCB
:109C9400284A2146284B14704FF4807227481C80B0
:109CA40001F0CCFC264A1021264B0220C2E90044D4
:109CB400C2E90244244AC3E900441470234AC3E9B4
:109CC4000244234B1C70234614602246FFF74AFAD1
:109CD4002246318803201F4BFFF712FA2346012244
:109CE40029880320FFF73EFA20460134FFF7EAFEF5
:109CF400082CF9D1184B00214A221848184C04604A
:109D0400C3F88410C3F88020D3F84821154942F0E1
:109D14008072C3F8482121B1134A137843F0010338
:109D2400137070BD57270020A01D00202E2700208F
:109D340026270020522700202A270020201C00204C
:109D4400DC240020F82400204C270020CC24002010
:109D54004E270020957D000000002E40082700209B
:109D6400497E0000000000005F270020044B10B56E
:109D74001C680CB1204610BD00F004F8204610BD4C
:109D8400CC2400202DE9F8432D4B1E7866B12D4FCD
:109D94003B784BB90123F1073B7043D4B20726D477
:109DA40000233B70730701D4BDE8F883264B1A687F
:109DB400002AF9D0EFF30582002AF5D1EFF31085DC
:109DC40072B61868002834D0204C2178002930D18C
:109DD4000122227042691A60002A2ED0916105B9CD
:109DE40062B600258368457798472570DCE7DFF87D
:109DF400648098F80030002BD2D00025DFF858900A
:109E04002B4659F823400135236820461B6998479F
:109E140010B163699B68984798F80020EBB29A42A6
:109E2400EFD8BDE7FFF7A2FF0028B7D0AFF300805B
:109E3400B4E7002DB8D162B6B6E7054B1A60CEE799
:109E44005F27002036270020A81E0020332700208B
:109E5400B41E002035270020D01E002070B5EFF37B
:109E6400108272B60C4C206880B10C4E00254369F8
:109E7400236073B19D6102B962B6836845779847E0
:109E8400EFF3108272B620680028F0D102B962B6EE
:109E940070BD3360EFE700BFB01E0020AC1E002091
:109EA400FFF7DCBF0449054A4968054B196013688C
:109EB40001331360704700BF001000E03825002014
:109EC4003425002001F1FF3C70B56646002400E013
:109ED4000134B0FBF2F502FB1503092B03F1370E35
:109EE40003F130035FFA8EFE98BF5FFA83FE90425F
:109EF400284606F801EFEBD2631C0022C818CA54A6
:109F04007CB162461CF8015F10F8016DA1EB0C03F3
:109F140002328CF80060013B521A057023449A42C5
:109F2400EFDB084670BD00BF074A506A936A1946C2
:109F34008446506A936A9942F9D18445F7D1DB0B80
:109F440043EA4040704700BF00400D4003460846C6
:109F5400194601F0C5BB00BF10EE103A40F22A4189
:109F6400C3F30A528A42B7EEC03A32D8B7EE000BB6
:109F74002D4B93ED4A2B93ED481BB0EE417BA2EEA3
:109F8400037B17EE100A37EE417B00F01F0203EB50
:109F9400C20130B492EE037B93ED4C4B53F8324044
:109FA4004D6893ED4E6B93ED505BA4EE076B27EE7B
:109FB400074B00210A1905EBC033A5EE070B43EC50
:109FC400172BA6EE040B30BC20EE070BB7EEC00B2C
:109FD400704713F5000F20D0B2F5FF6F1AD2DFEDF2
:109FE400137AB4EEE70AF1EE10FA10DCDFED107A22
:109FF400B4EEE70AF1EE10FA12D4DFED0E7AB4EE05
:10A00400E70AF1EE10FAB1D5002000F0CBB9002038
:10A0140000F0CEB930EE000A70479FED070A704792
:10A02400002000F0B9B900BF800200201772B142CD
:10A03400B4F1CFC2CF8ECEC20000000000000000F9
:10A0440030B410EE103A2DED028BA3F5000110EEA2
:10A05400902AB1F1FE4F10EE104A82B04FEA42014D
:10A064007CD201F1FF3C6FF08070844580F0F78072
:10A07400002004F1404303F54D03C3F3C342DB0D59
:10A08400DB05E11ADB1507EE903AB14B03EB021244
:10A0940092ED003B04EE101AB7EEE06AB7EEC44A44
:10A0A400BFEE000BA3EE040B93ED443B20EE001B2C
:10A0B40093ED464B93ED402BA0EE034B93ED425BA7
:10A0C40093ED483BA0EE025B21EE012B92ED028B57
:10A0D400B8EEE77B37EE087BA0EE037BA1EE047BB2
:10A0E400A5EE027B26EE077B17EE903A48F2BF01FD
:10A0F400C3F3CF338B4250D2B7EE000B954B93EDA5
:10A10400402B37EE023B13EE102A33EE423B02F0B3
:10A114001F01821803EBC10093ED424B37EE437BE2
:10A1240053F83140456893ED446B93ED465BA7EEDD
:10A13400046B27EE074B0023181905EBC231A7EE79
:10A14400050B41EC170BA6EE040B20EE070BB7EE44
:10A15400C00B02B0BDEC028B30BC70474D1E6FF0DB
:10A164008070854280F0CE8059004D1E854280F07B
:10A174009280002B55DB0020B4F5000FBFF479AFBB
:10A18400DFED757A07EE103A67EE277A17EE904AFC
:10A1940024F00044A4F138646BE79FED656BB4EEE2
:10A1A400C67BF1EE10FA15DC9FED636BB4EEC67B53
:10A1B400F1EE10FA20DD4FF04C5388B10193DDED40
:10A1C400016ABFEE006A76EE666AF4EE466AF1EE64
:10A1D40010FA11D002B0BDEC028B30BC00F0E8B82C
:10A1E4000093DDED006AB7EE006A76EE866AF4EE5F
:10A1F400466AF1EE10FAEDD19FED516BB4EEC67BD9
:10A20400F1EE10FA57D99FED506BB4EEC67BF1EE28
:10A2140010FA7FF571AF02B0BDEC028B30BC00F0D8
:10A22400C1B8C2F3C7517E2911DD962954DC01203F
:10A23400C1F1960100FA01F1481E104207D1114202
:10A2440014BF01200020000424F0004494E700EE31
:10A25400103A02B0BDEC028B30BC00F0C1B800294A
:10A2640052D0B3F17E5F2CD06400B4F17F4F2ED86E
:10A27400B1F17F4F2BD1B4F1FE4F4BD0B4F1FE4F6F
:10A284006FEA020234BF00240124D20F94424CD05E
:10A294009FED320A5DE7002B20EE000A1EDB002052
:10A2A40000293AD1002ABFF654AF02B0BDEC028BAC
:10A2B40030BC00F083B802B0BDEC028B30BC00F0BF
:10A2C4006BB882F48002520012F5000F22D907EE17
:10A2D400903A37EEA00A3CE70020B5E7C2F3C75333
:10A2E400A3F17F001728DAD8C3F19600012303FAFB
:10A2F40000F0441E1442D2D11040D1D0B1EE400A35
:10A304001846CDE70029AFD184F48002520012F53B
:10A31400000FDCD8B7EE000A1BE7002ABFF619AF1E
:10A32400F7EE007A87EE800A13E720EEA00A10E722
:10A3340071D5D1FFFFFF5F40E2AAA3FFFFFF5F409B
:10A344000000000000C062C00000000000A062C065
:10A35400C8030020800200200000004B0000000021
:10A3640010B582B08DED010A044601F0D1F99DEDDE
:10A37400010A046002B010BD30B1F1EE407A27EE5C
:10A38400800A2220FFF7ECBFF0EE407A27EE800A25
:10A394002220FFF7E5BF00BF9FED010AFFF7ECBFE6
:10A3A400000000109FED010AFFF7E6BF0000201A2D
:10A3B4009FED010AFFF7E0BF000000709FED070A60
:10A3C400FFEE007AB7EE007A00284FF0220047FE35
:10A3D400277A87EE800AFFF7C3BF00BF00000000A2
:10A3E40070EE407AB4EE400A87EEA77AF1EE10FAE6
:10A3F400B0EE470A02D62120FFF7B2BF704700BF74
:10A4040010EE103A114A23F00043934218DDB3F1E1
:10A41400FF4F02DB30EE400A704700B583B0684658
:10A4240000F0F8F8400000F00200DDED010A9DEDB7
:10A43400000AC0F1010000F00DF803B05DF804FB60
:10A44400DFED030A012000F005B800BFDA0F493F31
:10A454000000000008B510EE103A23F00042B2F1FB
:10A46400465FF0EE407A0FDABDEEC07A17EE101AAE
:10A47400F9B9431C134300F09F80012803D0BFEEB9
:10A48400007A87EE270A08BD50498A4211DB9FED06
:10A49400507ADFED506A002BBCBFF1EE600AF1EE9A
:10A4A400407A77EE677A36EEE07ADFED4B0A77EEA4
:10A4B400277A67EEA76ADFED494ADFED495A9FED37
:10A4C400495A9FED496A414926EEA67A8A42E7EE47
:10A4D400245AA7EE056ADFED454A9FED455AE5EE9D
:10A4E400874AA6EE075ADFED435A9FED436AE4EE2E
:10A4F400875AA5EE076ADFED414A9FED415AE5EE22
:10A50400874AA6EE075A9FED3F6ADFED3F5AA4EE55
:10A51400876AE5EE075AB0EE467AA5EEA67A27EEEC
:10A52400A65AB0EE606AA7EE056ADFED384AE6EE99
:10A53400260AE5EE240A37EEA00A1FDA0128A2D083
:10A54400BFEE007AC7EE006A314B10EE102A1A40B3
:10A5540006EE102A16EE902A76EE677A134000EE85
:10A56400103AB7EE007A70EEE70AF0EE477AE6EEBC
:10A57400007AE0EE807AA7EEA60A08BD07EE100A7C
:10A58400B8EEC77A60EE006A30EE070A9B1786EED3
:10A59400806A03F00203C3F10103F0EE005A36EEC1
:10A5A400606A06EE903A77EEC67AF8EEE66AA7EEAF
:10A5B400E57A26EE870A08BD00F090F9B7EE007A36
:10A5C400F0EE407A87EE270A08BD00BF40A12C3F79
:10A5D400DA0F493F68212233000000005FAE9BB7C9
:10A5E40045F4A3388453D9377AC09538C8261A3A23
:10A5F400B937813916696B3B48DEBE3AA427B33CB0
:10A604001F37113C8988083ED10D5D3DABAAAA3E97
:10A6140000F0FFFF70B510EE103A884A23F00044B2
:10A62400944286B0054670DD854A944210EE106A65
:10A6340022DC002BDFED837A834A24F00F04B0EE92
:10A64400407A40F3E280944270EE677A09BFDFED0E
:10A654007F6A9FED7F7A9FED7F7A77EEE67A01201D
:10A6640077EEC76A77EEE67AC5ED006A77EEC77AC9
:10A67400C5ED017A06B070BD774A944254DDB4F159
:10A68400FF4F49DAE215863AA4EBC25307EE903A3B
:10A69400BDEEE77ADFED716AB8EEC77A77EEC77A76
:10A6A4008DED037A67EEA67ABDEEE77AB8EEC77A47
:10A6B40077EEC77A8DED047A67EEA67AF5EE407AE6
:10A6C400F1EE10FACDED057A40F08E80B5EE407AC9
:10A6D400F1EE10FA14BF0223012361490191022112
:10A6E400009103A8294600F001F9002EC2DA95ED85
:10A6F400007AD5ED017AB1EE477AF1EE677A85ED0D
:10A70400007AC5ED017A4042B4E7002285ED000AE3
:10A714004260002006B070BD70EE407A0020C5EDA6
:10A72400017AC5ED007AA5E700F0D8F89FED4D7ADF
:10A734009FED446AF6EE007AE0EE077A9FED447AE4
:10A74400FDEEE77A17EE900AF8EEE76A1F28A6EE08
:10A75400C60A66EE877AB1EE666A1EDC424A411E7C
:10A7640024F0FF0352F82120934216D030EE677A8A
:10A7740085ED007A30EE470A002E30EE670A85ED4B
:10A78400010ABFF677AFB1EE477AB1EE400A85ED24
:10A79400007A85ED010A40426CE730EE677AE215F3
:10A7A40017EE103AC3F3C753C3EBD453082BDFDDC2
:10A7B4009FED267A9FED275AF0EE405AE6EE075AAF
:10A7C40070EE657AE6EE077AD6EE857A35EEE77AAC
:10A7D40017EE103AC3F3C753D21A192A06DCB0EEA7
:10A7E400650A85ED007AC5E7032376E79FED1F7AB6
:10A7F4009FED1F5AB0EE650AA6EE070A75EEC07A01
:10A80400E6EE077AD6EE857AB0E7944270EE277AC0
:10A8140009BFDFED0E6A9FED0E7A9FED0E7A77EE9B
:10A82400A67A4FF0FF3077EE876A77EEE67AC5EDC9
:10A83400006A77EE877AC5ED017A1BE7D80F493FA6
:10A84400E3CB1640800FC93FD00FC93F00443537D2
:10A854004344353708A3852E800F494300008043C5
:10A864009409002084F9223F5808002000A3852E73
:10A8740032318D2410EE101AC1F3C7520029A2F10F
:10A884007F0CB4BF4FF0FF300120BCF11E0F0FDC72
:10A89400BCF1000F1DDBC1F31603BCF1160F43F42A
:10A8A40000030ADD963A03FA02F202FB00F0704755
:10A8B400FDEEC07A17EE900A70474FF4800242FA18
:10A8C4000CF21A44CCF1170C22FA0CF202FB00F041
:10A8D4007047BCF1FF3F18BF0020704710EE103ADC
:10A8E40023F0004300EE103A704700BF2DE9F04F0B
:10A8F4002DED048BDBB01C4603930691A04B6899A5
:10A90400089253F82150111D824604F1FF38C0F219
:10A914009882D31E48BF131DDB1002930133DB0062
:10A924000793DDE907239B1A0593029B15EB0801A6
:10A93400A3EB080316D401319FED927A6998194468
:10A944001EAA002BA4BF50F8234007EE904A03F13F
:10A954000103ACBFF8EEE77AF0EE477A8B42E2EC03
:10A96400017AEED1002DC0F2DB82039B1EAA02EB1A
:10A97400830446AE4FEA830C4046EF180AEB83018A
:10A98400B8F1000FDFED7F7A09DB22465346F3EC82
:10A99400016A32ED017A8B42E6EE877AF7D1013013
:10A9A400B842E6EC017A04F10404E9D10AAF07EBFA
:10A9B4008503043B9FED759ADFED738A0598049334
:10A9C4000AEB0C0407EB850946AE00955AAB03EB82
:10A9D4008503002D13ED140A4FEA850B16DD06EBF3
:10A9E40085033A4660EE097AB0EE407AFDEEE77AE6
:10A9F40073ED016AF8EEE77AB342A7EEE87A37EE30
:10AA0400A60ABDEEC77AA2EC017AEBD1019000F060
:10AA1400DFFAB0EE408AB4EE000A28EE000A00F035
:10AA240091FAF2EE007AA0EE678A01980028FDEE12
:10AA3400C89AF8EEE97A38EE678A76DD05F1FF3ECA
:10AA4400C0F1080357F82E2042FA03FC0CFA03F372
:10AA5400D31AC0F1070119EE902A47F82E300B41A2
:10AA64006244002B09EE902A67DCB5EE408AF1EED1
:10AA740010FA40F0BE80009A05F1FF3B5A450EDC07
:10AA84004FEA850C07EB850200219E4652F8043DEF
:10AA94004A4541EA0301F9D1002940F0F180009BC5
:10AAA400013B57F82330002B40F0E680049B4FF025
:10AAB400010C53F8042D0CF1010C002AF9D06B1C85
:10AAC400AC449E460299039A01EB030B0BF1804BB5
:10AAD40069992A440BF1FF3B06EB83051EAB01EB9E
:10AAE4008B0B03EB8201DBED017A9FED267AF8EE06
:10AAF400E77AB8F1000F0BF1040BC1ED007A0A46B6
:10AB040001F1040109DB534601E072ED017AF3EC33
:10AB1400016AA342A6EEA77AF7D10EF1010EE6452B
:10AB2400A5EC017ADFDD654650E740F09B806B1EA3
:10AB340057F82330DB11002B97DD19EE902A002DF6
:10AB440002F1010209EE902A40F39181396800294B
:10AB54007ED1012D26D03A464FF0010C52F8041F45
:10AB6400002979D00CF10102C1F58071954247F8B2
:10AB74002C1016DD57F82210BB4407EB82020AE0C2
:10AB84004C08002000000000000080430000803BCF
:10AB94000000C93F1168C1F1FF0142F8041B5A4586
:10ABA400F8D1012100280CDD012800F041810228A0
:10ABB40007D105F1FF3C57F82C2002F03F0247F87B
:10ABC4002C20022B7FF451AFB7EE000A30EE488AF6
:10ABD40000293FF44AAF0993019000F0F9F938EEE7
:10ABE400408A099B0198B5EE408AF1EE10FA3FF4D1
:10ABF40042AF9846DDE90732B0EE480A981A01954B
:10AC0400009D00F0E5F91FED207A019BB4EEC70A20
:10AC1400F1EE10FAC0F255815FED247A059A60EEE8
:10AC2400277A0832FDEEE77A0592F8EEE77A03F127
:10AC3400010BA7EEC70AFDEEE77ABDEEC00A10EEDF
:10AC4400102A47F8232017EE903A47F82B302BE0D0
:10AC540001224FF0000C87E70CF1010CAC457FF4A6
:10AC64007DAF9FE7F6EE007AB4EEE78AF1EE10FAD4
:10AC740080F2EC800023F8E66B1C9E469C4621E79C
:10AC8400059B009DA3F1080257F82B300592F0466E
:10AC940053B9ACF104033B4453F8041D0BF1FF3BDF
:10ACA400083A0029F8D005920598B7EE000A00F09A
:10ACB4008FF9BBF1000FC0F229810BF1010646AAFE
:10ACC4001FED4E7A4FEA860C07EB860302EB8602F1
:10ACD40073ED017AF8EEE77ABB4267EE807A20EEF4
:10ACE400070A62ED017AF3D1ACF1040346AA002D00
:10ACF4001FED596A02EB03044FF0000022DB8F4979
:10AD0400DFED8F7AB0EE467A2246002303E09842C4
:10AD140008DBB1EC017AF2EC016A01339D42E6EE04
:10AD2400877AF4DA5AAB03EB8003584543ED287A6B
:10AD34004FEA800100F10102A4F1040405D0002DC2
:10AD44001046DCDADFED7E7AECE7689A022A1DDC35
:10AD5400002A00F38E8010D132ABDFED797A9C4467
:10AD64003CED017A634577EE877AF9D143460BB11E
:10AD7400F1EE677A069BC3ED007A19EE903A03F080
:10AD840007005BB0BDEC048BBDE8F08F689A032A22
:10AD9400F3D1BBF1000F00F0CB8032A813ED287A79
:10ADA40000EB8B020BF1804372ED017AF0EE476AFF
:10ADB40037EE277A904277EEC77A82ED007A77EE03
:10ADC400A67AC2ED017AEFD1BBF1010F40F3B08056
:10ADD40001F5B4720DEB020111ED287A9A0033A942
:10ADE40000EB830373ED017AF0EE476A37EE277ABE
:10ADF400994277EEC77A83ED007A77EEA67AC3EDAF
:10AE0400017AEFD1131DDFED4E7A0344083033EDA0
:10AE1400017A984277EE877AF9D14346002B58D1CC
:10AE24000699329A339B0A604B60C1ED027AA4E71B
:10AE340005F1FF3C57F82C2002F07F0247F82C2044
:10AE4400BFE608230793002302936AE519EE903ABC
:10AE5400002D03F1010309EE903AC8BF02233FF726
:10AE640075AEF7EE007A37EEC88A0223FDE50021BD
:10AE740098E632ABDFED327A03EB860636ED017AE3
:10AE8400B34277EE877AF9D143469DED327A93BB8C
:10AE9400069BBBF1000FC3ED007A77EE677A0CDDF9
:10AEA40033AA0123B2EC017A01339B4577EE877A0A
:10AEB400F8DA43460BB1F1EE677A069BC3ED017AEB
:10AEC4005BE7BDEEC00A9B4610EE102A47F823202C
:10AED400EAE6DDED326A9DED337A069BF1EE666AB1
:10AEE400B1EE477AF1EE677AC3ED006A83ED017A39
:10AEF400C3ED027A41E7069BF1EE676ABBF1000FEE
:10AF040077EE677AC3ED006ACADCD4E7689B022B4C
:10AF14000ADC002B0FDC7FF430AFDFED097A25E784
:10AF2400039B4FEA830C41E5689B032B7FF425AF19
:10AF3400DFED037A71E7DFED027AA5E7580500201B
:10AF44000000000010EE102AC2F3C7537F3B162BFB
:10AF540022F000412ADC002B10EE100A18DB1949FC
:10AF640019410A4221D0DFED187A70EE277AF5EE06
:10AF7400C07AF1EE10FA18DD002A04DA4FF4000268
:10AF840042FA03F3184420EA010300EE103A704732
:10AF9400DFED0D7A70EE277AF5EEC07AF1EE10FA55
:10AFA40003DD002A08DB9FED090A7047B1F1FF4F6A
:10AFB400FBD330EE000A7047FFEE007A002900FE52
:10AFC400270A7047FFFF7F00CAF2497100000000A2
:10AFD40010EE103A33F0004110EE102A27D0B1F1F0
:10AFE400FF4F21D213F0FF4F22D1DFED2B7A2B4AF2
:10AFF40060EE277A904217EE903A33DB4CF2503CE5
:10B00400C3F3C751604517EE902AA1F1190115DD6C
:10B01400DFED237ADFED236AB0EE677A002B67FE5B
:10B02400A67A27EE870A704730EE000A7047704709
:10B034004CF2503C60454FEAD151E9DC0144FE2911
:10B04400E6DC002915DC11F1160F19DB193122F0A9
:10B05400FF4242EAC15207EE902A9FED130A27EEFF
:10B06400800A7047DFED117A07EE103A27EE270ABF
:10B07400704722F0FF4242EAC15300EE103A704793
:10B08400DFED0A7ADFED0A6AB0EE677A002B67FE1D
:10B09400A67A27EE870A70470000004CB03CFFFFF9
:10B0A400CAF24971CAF249F1000000336042A20DAC
:10B0B4006042A28D024B0146186800F003B800BF3D
:10B0C400601200202DE9F04F01F10B06162E83B01B
:10B0D400044624D8102900F2BA8000F0A3FA1026FE
:10B0E40018220220B54F3A44A2F1080153688B425A
:10B0F40000F0BA805A68D96822F003021A449D68A5
:10B10400E9608D60516841F001012046516003F10E
:10B11400080500F08DFA284603B0BDE8F08F36F03C
:10B12400070600F19480B14200F2918000F07AFAAF
:10B13400B6F5FC7FC0F09A81730A00F08F80042B6F
:10B1440000F26F81B30903F1390003F1380CC30035
:10B154009A4F3B44A3F108055B689D4206D10CE07D
:10B16400002980F22781DB689D4206D05A6822F0CC
:10B174000302911B0F29F3DD60463D69DFF850C2DD
:10B1840065457CD06A6822F00302931B0F2B00F301
:10B194007B81002BC7E904CC80F26C81B2F5007F7F
:10B1A40080F01A81D308796801334FEA521E0122D4
:10B1B40002FA0EF20A4357F833E0C5F808E007EB49
:10B1C400C3010839E9607A6047F83350CEF80C506F
:10B1D400831001219940914257D8114206D120F0A1
:10B1E40003004900114200F10400FAD007EBC00942
:10B1F4004D468646D5F80C80454508D11DE1002B07
:10B2040080F22481D8F80C80454500F01681D8F8E6
:10B21400042022F00302931B0F2BF0DD2046D8E913
:10B22400025408EB060146F00106C8F80460EC601D
:10B23400A56043F00104C7E90411C1E902CC4C60E4
:10B2440048F8023000F0F4F908F1080502E00C2394
:10B2540023600025284603B0BDE8F08F4FF4007347
:10B2640040204FF03F0C73E7D3689A4208BF023086
:10B274007FF440AF3D69DFF858C1654582D17A68F3
:10B284008310012199409142A7D9BD686B6823F0CE
:10B2940003094E4503D8A9EB06030F2B7ADCDFF82C
:10B2A40034B1474BDBF800201B680132334405EB13
:10B2B400090A00F0338103F580530F3323F47F68C8
:10B2C40028F00F084146204600F010FA411C0246BF
:10B2D40000F0F380824500F2EE803A4B1968414455
:10B2E4001960084600F04E81DBF80010019301312B
:10B2F4001BBFA2EB0A010918CBF80020196012F059
:10B30400070B00F01781CBF108010A44CBF58051FB
:10B3140090440831A1EB0801C1F30B0A51462046C1
:10B32400009200F0E3F9421CDDE9002300F04F81B4
:10B33400801A00EB0A081968BA6048F00100514409
:10B34400BD425060196000F02981B9F10F0F40F23D
:10B3540027816868A9F10C0C2CF0070C00F001009F
:10B3640040EA0C0068604FF0050E05EB0C00BCF1E0
:10B374000F0FC0E901EE00F2328150681546124BFE
:10B384001A688A4238BF1960104B1A688A4238BF5B
:10B39400196094E0AA1943F0010346F001066E60B7
:10B3A4002046BA60536000F043F90835284603B0DC
:10B3B400BDE8F08FD9681A44A1E600BF500E002002
:10B3C40010210020E0200020082100200C21002072
:10B3D400580E002058120020B2F5206F4FEA522375
:10B3E40063D3142B00F2B78003F15C01C9005B3313
:10B3F40007EB010E7958AEF1080E8E4500F09180EE
:10B404004B6823F00303934202D989688E45F7D130
:10B41400D1F80CE07A68C5E9021ECEF80850CD6078
:10B42400D6E6142B59D9542B00F29D80330B03F12B
:10B434006F0003F16E0CC3008AE60EF1010E1EF0DC
:10B44400030F05F108057FF4D5AE51E042444546AB
:10B454005368D8F80C1043F00103536055F8083FC3
:10B464002046D9608B6000F0E3F8F3E6F00806F1BB
:10B47400080237E62A442046536843F00103536028
:10B48400083500F0D5F8E5E6A919204646F001068E
:10B4940043F001046E60C7E90411C1E902CC4C60B9
:10B4A400AB5000F0C5F80835D4E6930903F139012F
:10B4B400C90038339CE7BD425FD0BD68686820F09E
:10B4C40003084645A8EB060302D80F2B3FF762AFEB
:10B4D400204600F0ADF80025BCE603F15C0003F162
:10B4E4005B0CC30034E659F808394B4540F09680AC
:10B4F40010F0030F00F1FF30F5D17B6823EA01035C
:10B504007B60490099423FF6C0AE19B9BDE64900D7
:10B514000EF1040E1942FAD0704667E603F11008E2
:10B52400D0E69A104FF001087B6808FA02F21A4339
:10B534007A6070E702EB08014942C1F30B0A5146F5
:10B544002046009200F0D2F8431CDDE900237FF48A
:10B55400EFAEDA46EFE6542B25D8130B03F16F0157
:10B56400C9006E3344E7B3F5AA7F25D8F30B03F182
:10B57400780003F1770CC300EAE5294B18684044CE
:10B584001860B1E6CAF30B0CBCF1000F7FF4ACAE4B
:10B59400BD68C84448F001006860F0E61546EEE670
:10B5A4000123536094E7B3F5AA7F23D8D30B03F1A7
:10B5B4007801C90077331BE740F25452934223D8F1
:10B5C400B30C03F17D0003F17C0CC300C0E5ABF1C7
:10B5D400080BD844A8EB02084FF0000AABE605F1CB
:10B5E40008012046009300F055F9BD68009B686887
:10B5F4001968C4E640F254518B420BD8930C03F102
:10B604007D01C9007C33F3E64FF47E737F204FF055
:10B614007E0C9DE54FF47E717E23E9E67B6870E73E
:10B62400E0200020014800F09DB800BFDC2000208D
:10B63400014800F099B800BFDC200020830730B532
:10B6440048D0541E002A3FD0CAB2034601E0013C50
:10B654003AD303F8012B9D07F9D1032C2DD9CDB290
:10B6640045EA05250F2C45EA054536D9A4F1100213
:10B6740022F00F0C03F1200EE6444FEA121C03F1F2
:10B68400100242E9045542E9025510327245F8D1DC
:10B694000CF1010214F00C0F03EB021204F00F0C76
:10B6A40013D0ACF1040323F003030433134442F82E
:10B6B400045B9342FBD10CF003042CB1C9B21C44CB
:10B6C40003F8011B9C42FBD130BD64461346002C99
:10B6D400F4D1F9E703461446BFE71A46A446E0E767
:10B6E40013460A460146022000F040B838B5074D1B
:10B6F4000022044608462A60FDF7D8F8431C00D00F
:10B7040038BD2B68002BFBD0236038BD08240020F3
:10B71400014B1868704700BF6012002070B50D4ED1
:10B724000D4D761BB61006D0002455F8043B0134A9
:10B734009847A642F9D1094E094D761B00F0B0F99D
:10B74400B61006D0002455F8043B01349847A642AD
:10B75400F9D170BD001C0060001C0060101C00606A
:10B76400001C0060704700BF704700BF2DE9F04720
:10B77400DFF87CA00646DAF8000098460F469146AA
:10B78400FFF7F0FF184B1C6824B365681F2D24DCF9
:10B794005EB96B1C0235DAF80000636044F825706A
:10B7A400FFF7E2FF0020BDE8F08704EB85010123E9
:10B7B400C1F88890D4F88821AB401A43022EC4F80B
:10B7C4008821C1F80881E4D1D4F88C211A43C4F843
:10B7D4008C21DEE7054C1C60D7E7DAF80000FFF7A0
:10B7E400C3FF4FF0FF30DEE7441F0020481F002056
:10B7F400440E0020F8B5244F0C460646FFF712FF0E
:10B80400BB685D68C4F57E610F3125F003054B19F3
:10B8140023F47F6323F00F03A3F58054B4F5805F12
:10B8240007DB00213046FFF761FFBB682B449842D9
:10B8340004D03046FFF7FCFE0020F8BD61423046DC
:10B84400FFF754FF01300DD0104ABB682D1B45F0A3
:10B8540001055D60136830461B1B1360FFF7E8FEAB
:10B864000120F8BD00213046FFF740FFBA68831A73
:10B874000F2BDEDD43F001035360054B03491B68C6
:10B88400C01A0860D5E700BF500E0020E020002059
:10B8940058120020002961D0F8B50C460646FFF77F
:10B8A400C1FE54F8042C7B4FA4F1080522F00101D9
:10B8B40005EB010CB868DCF80430604523F00303A1
:10B8C40000F08B80D207CCF8043032D454F8082C22
:10B8D400AD1A1144AA6807F1080082426AD00CEB41
:10B8E4000304D4F804E0EC68D4601EF0010FA260F5
:10B8F40000F0978041F001036B60CCF80010B1F5C3
:10B90400007F35D27868CB080122490901338A4087
:10B91400024357F833107A6007EBC302083AC5E9CB
:10B92400021247F83350CD603046BDE8F840FFF7C7
:10B934007FBE0CEB03025268D00710D4194407F100
:10B944000800DCF80830834273D0DCF80C20DA609D
:10B95400936041F001036B606950D0E7704741F098
:10B964000103B1F5007F44F8043CCCF80010C9D3BE
:10B97400B1F5206F4FEA512348D28B0903F1390006
:10B9840003F13802C300F818FB580838984259D01C
:10B994005A6822F003028A4202D99B689842F7D17E
:10B9A400D868C5E902308560DD603046BDE8F840FE
:10B9B400FFF73EBE0CEB03025268D20763D40B447C
:10B9C400DCE90212CA60916043F001026A60304609
:10B9D400EB50BDE8F840FFF72BBE0B44D10707D46A
:10B9E40054F8082CAD1A1344D5E90212CA609160C8
:10B9F40043F001026A60284ABD6012689A4293D8F3
:10BA0400264B30461968FFF7F5FE8DE7142B0AD94B
:10BA1400542B1FD80B0B03F16F0003F16E02C3000C
:10BA2400B1E719448DE703F15C0003F15B02C30045
:10BA3400A9E741F00103C7E90455C5E902006B60B9
:10BA4400695071E779689210012404FA02F20A43FA
:10BA54007A60A6E7B3F5AA7F06D8CB0B03F178008A
:10BA640003F17702C3008EE740F25452934206D8A2
:10BA74008B0C03F17D0003F17C02C30083E74FF4D8
:10BA84007E737E227FE741F001036B60CCF80010E7
:10BA94004AE700BF500E00205C1200201021002055
:10BAA4005FF800F0A11B00605FF800F0151600605D
:10BAB4005FF800F04D1B00605FF800F0691600604D
:04BAC400F8B500BF12
:08BAC80088E4FF7F010000008B
:10BAD0000000000000000000000000000000000066
:10BAE0000000000000000000000000000000000056
:10BAF0000000000000000000000000000000000046
:10BB00000000000000000000000000000000000035
:10BB10000000000000000000000000000000000025
:10BB20000000000000000000000000000000000015
:10BB30000000000000000000000000000000000005
:10BB400000000000000000000000000000000000F5
:10BB500000000000000000000000000000000000E5
:10BB600000000000000000000000000000000000D5
:10BB700000000000000000000000000000000000C5
:10BB800000000000000000000000000000000000B5
:10BB900000000000000000000000000000000000A5
:10BBA0000000000000000000000000000000000095
:10BBB0000000000000000000000000000000000085
:10BBC0000000000000000000000000000000000075
:10BBD0000000000000000000000000000000000065
:10BBE0000000000000000000000000000000000055
:10BBF0000000000000000000000000000000000045
:10BC00000000000000000000000000000000000034
:10BC10000000000000000000000000000000000024
:10BC20000000000000000000000000000000000014
:10BC30000000000000000000000000000000000004
:10BC400000000000000000000000000000000000F4
:10BC500000000000000000000000000000000000E4
:10BC600000000000000000000000000000000000D4
:10BC700000000000000000000000000000000000C4
:10BC800000000000000000000000000000000000B4
:10BC900000000000000000000000000000000000A4
:10BCA0000000000000000000000000000000000094
:10BCB0000000000000000000000000000000000084
:10BCC0000000000000000000000000000000000074
:10BCD0000000000000000000000000000000000064
:10BCE0000000000000000000000000000000000054
:10BCF0000000000000000000000000000000000044
:10BD00000000000000000000000000000000000033
:10BD10000000000000000000000000000000000023
:10BD20000000000000000000000000000000000013
:10BD30000000000000000000000000000000000003
:10BD400000000000000000000000000000000000F3
:10BD5000000000000000F03F748515D3B0D9EF3F1C
:10BD60000F89F96C58B5EF3F515B12D00193EF3F4B
:10BD70007B517D3CB872EF3FAAB968318754EF3FE1
:10BD80003862756E7A38EF3FE1DE1FF59D1EEF3F9A
:10BD900015B7310AFE06EF3FCBA93A37A7F1EE3FC0
:10BDA0002234124CA6DEEE3F2D89616008CEEE3FB4
:10BDB000272A36D5DABFEE3F824F9D562BB4EE3F91
:10BDC000295448DD07ABEE3F85553AB07EA4EE3FDF
:10BDD000CD3B7F669EA0EE3F745FECE8759FEE3F23
:10BDE0008701EB7314A1EE3F13CE4C9989A5EE3F6A
:10BDF000DBA02A42E5ACEE3FE5C5CDB037B7EE3F5C
:10BE000090F0A38291C4EE3F5D253EB203D5EE3F94
:10BE1000ADD35A999FE8EE3F475EFBF276FFEE3FC7
:10BE20009C5285DD9B19EF3F6990EFDC2037EF3F97
:10BE300087A4FBDC1858EF3F5F9B7B33977CEF3F79
:10BE4000DA90A4A2AFA4EF3F40456E5B76D0EF3FFF
:10BE5000000000000000E8429423914BF86AAC3FD8
:10BE6000F3C4FA50CEBFCE3FD6520CFF422EE63F6F
:10BE70000000000000003843FE822B654715474054
:10BE80009423914BF86ABC3EF3C4FA50CEBF2E3FC8
:10BE9000D6520CFF422E963FBEF3F879EC61F63F86
:10BEA0001930965BC6FEDEBF3D88AF4AED71F53FA7
:10BEB000A4FCD432680BDBBFB010F0F03995F43F2E
:10BEC0007BB71F0A8B41D7BF8503B8B095C9F33F35
:10BED0007BCF6D1AE99DD3BFA564880C190DF33F84
:10BEE00031B6F2F39B1DD0BFA08E0B7B225EF23FDA
:10BEF000F07A3B1B1D7CC9BF3F341A4A4ABBF13F55
:10BF00009F3CAF93E3F9C2BFBAE58AF05823F13FF3
:10BF10005C8D78BFCB60B9BFA70099413F95F03FDA
:10BF2000CE5F47B69D6FAABF000000000000F03F43
:10BF30000000000000000000AC479AFD8C60EE3F5E
:10BF40003DF5249FCA38B33FA06A021FB3A4EC3F5B
:10BF5000BA913854A976C43FE6FC6A573620EB3FC5
:10BF6000D2E4C44A0B84CE3F2DAAA163D1C2E93FDB
:10BF70001C65C6F04506D43FED417803E686E83FF0
:10BF8000F89F1B2C9C8ED83F624853F5DC67E73F37
:10BF9000CC7BB14EA4E0DC3F0B6E49C91676D23F94
:10BFA0007AC675A06919D7BFDDBAA76C0AC7DE3F8C
:10BFB000C8F6BE484715E7BF2BB82A654715F73FB7
:10BFC000E17ACA41000078C17B1416429A999142E5
:10BFD0006519023FE63F143F0B24883EE63F143FBD
:10BFE0001B9EBE3E3CBD123FEEEB803E0000F84182
:10BFF0000000C84200000041000000005C8FC23E0B
:10C000003D0AD73E5C8F423F0000803F00000000A9
:10C01000000000000100000003000000020000001A
:10C02000000000000000C93F0000F0390000DA37CE
:10C030000000A2330000842E0000502B0000C22715
:10C040000000D0220000C41F0000C61B00004417DF
:10C050000E0F101112130000715B0000755B0000E1
:10C06000795B00007D5B0000000000000000000024
:10C07000516B000000000000000000005D030000A4
:10C080000000000000000000F9510000ED56000023
:10C09000F1560000F9560000015700000000004270
:10C0A000C8801F40B8821F40080000000000004206
:10C0B000C4801F40B4821F400400000000C0004242
:10C0C00024801F4014821F401000000000C0004266
:10C0D00028801F4018821F402000000000C000423E
:10C0E0002C801F401C821F404000000000C0004206
:10C0F00034801F4024821F400001000000400042A5
:10C1000064811F4054831F4000040000004000422F
:10C1100080811F4070831F400000020000400042E9
:10C120007C811F406C831F400000010000400042E2
:10C1300068811F4058831F400008000000400042F3
:10C140003C811F402C831F40010000000040004242
:10C1500044811F4034831F4004000000004000421F
:10C1600040811F4030831F40020000000040004219
:10C1700048811F4038831F40080000000000004233
:10C1800004811F40F4821F400000040000000042B0
:10C1900008811F40F8821F40000008000000004294
:10C1A00018811F4008831F400000800000000042EB
:10C1B00014811F4004831F40000040000000004223
:10C1C00000811F40F0821F4000000200000000427A
:10C1D000FC801F40EC821F40000001000000004274
:10C1E00024811F4014831F4000000004000000420F
:10C1F00028811F4018831F400000000800000042F3
:10C200001C811F400C831F40000000010000004201
:10C2100020811F4010831F400000000200000042E8
:10C22000EC801F40DC821F40001000000000004234
:10C23000F0801F40E0821F4000200000000000420C
:10C2400034811F4024831F40000000400000004252
:10C2500038811F4028831F4000000080008000427A
:10C2600094801F4084821F400000040000C00042F0
:10C2700090801F4080821F400000008000800042AC
:10C28000A8801F4098821F4000008000008000426C
:10C29000A4801F4094821F400000400000400042E4
:10C2A0006C811F405C831F400010000000C00042F2
:10C2B00030801F4020821F4080000000008000422C
:10C2C000C8811F40B8831F400080000000800042EA
:10C2D000C4811F40B4831F40004000000080004222
:10C2E000C0811F40B0831F4000200000008000423A
:10C2F000BC811F40AC831F40001000000080004242
:10C30000D0811F40C0831F40000002000080004217
:10C31000CC811F40BC831F400000010004000000CE
:10C320000700000009000000000FC93F000F49404E
:10C3300000CB9640000FC9400053FB4000CB164194
:10C3400000ED2F41000F49410031624100537B4114
:10C35000003A8A4100CB9641005CA34100EDAF4119
:10C36000007EBC41000FC94100A0D5410031E2412F
:10C3700000C2EE410053FB4100F20342003A0A4280
:10C380000083104200CB164200141D42005C234281
:10C3900000A5294200ED2F4200363642007E3C4285
:10C3A00000C74242000F494207080C0B06050F0068
:10C3B0000D0E0102838407080C0B06050F000D0EFD
:10C3C0000102838401010004010000040132010123
:10C3D00001320201011001010111010101120102EA
:10C3E000010302060103010601120202020000011C
:10C3F00002020001020100010210000102220001FC
:10C4000002230001000000000000000002210001E2
:10C4100002200001000000000000000001300101C6
:10C4200001310101010200040103000400000000C9
:10C4300000000000012102010121010100000000B3
:10C4400000000000000000000110020101010201D3
:10C4500001010101010002010100010101020201CB
:10C4600001020101A2000000F900000083000000A9
:10C470006E0000004E0000004400000015000000A7
:10C4800029000000FC000000270000005700000009
:10C49000D1000000F500000034000000DD000000C5
:10C4A000C0000000DB0000006200000095000000FA
:10C4B000990000003C0000004300000090000000D4
:10C4C00041000000FE000000510000006300000079
:10C4D000AB000000DE000000BB000000C500000053
:10C4E00061000000B7000000240000006E000000A2
:10C4F0003A000000420000004D000000D2000000A1
:10C50000E000000006000000490000002E000000CE
:10C51000EA00000009000000D100000092000000C5
:10C520001C000000FE0000001D000000EB000000E9
:10C530001C000000B100000029000000A70000005E
:10C540003E000000E800000082000000350000000E
:10C55000F50000002E000000BB00000044000000B9
:10C5600084000000E90000009C0000007000000052
:10C5700026000000B40000005F0000007E00000004
:10C58000410000003900000091000000D6000000CA
:10C590003900000083000000530000003900000053
:10C5A000F40000009C000000840000005F00000018
:10C5B0008B000000BD000000F90000002800000012
:10C5C0003B0000001F000000F80000009700000082
:10C5D000FF000000DE0000000500000098000000E1
:10C5E0000F000000EF0000002F000000110000000D
:10C5F0008B0000005A0000000A0000006D000000DF
:10C600001F0000006D000000360000007E000000EA
:10C61000CF00000027000000CB0000000900000050
:10C62000B70000004F000000460000003F0000007F
:10C63000660000009E0000005F000000EA000000AD
:10C640002D0000007500000027000000BA00000067
:10C65000C7000000EB000000E5000000F100000052
:10C660007B0000003D0000000700000039000000D2
:10C67000F70000008A000000520000009200000055
:10C68000EA0000006B000000FB0000005F000000FB
:10C69000B10000001F0000008D0000005D000000E0
:10C6A00008000000560000000300000030000000F9
:10C6B00046000000FC0000007B0000006B00000052
:10C6C000AB000000F0000000CF000000BC00000044
:10C6D000200000009A000000F40000003600000076
:10C6E0001D000000A9000000E30000009100000010
:10C6F000610000005E000000E60000001B0000007A
:10C70000080000006500000099000000850000009E
:10C710005F00000014000000A0000000680000009E
:10C72000400000008D000000FF000000D800000065
:10C73000800000004D000000730000002700000092
:10C740003100000006000000060000001500000097
:10C7500056000000CA00000073000000A80000009E
:10C76000C900000060000000E20000007B00000043
:10C77000C00000008C0000006B0000000001000001
:10C78000641200201200000000060000881D0060F6
:10C790000A00000000020000F01C0060950000008C
:10C7A00000070000581C0060950000000003000016
:10C7B000541C00600000000001030904301C0060EC
:10C7C0000000000002030904101C006000000000CB
:10C7D00003030904B414002000000000000000005E
:10C7E00000000000000000000000000014210020F4
:10C7F0007C210020E4210020000000000000000057
:10C800000000000000000000000000000000000028
:10C810000000000000000000000000000000000018
:10C820000000000000000000000000000000000008
:10C8300000000000000000000000000000000000F8
:10C8400000000000000000000000000000000000E8
:10C8500000000000000000000000000000000000D8
:10C8600000000000000000000000000000000000C8
:10C8700000000000000000000000000000000000B8
:10C8800001000000000000000E33CDAB34126DE655
:10C89000ECDE05000B0000000000000000000000BE
:10C8A0000000000000000000000000000000000088
:10C8B0000000000000000000000000000000000078
:10C8C0000000000000000000000000000000000068
:10C8D0000000000000000000000000000000000058
:10C8E0000000000000000000000000000000000048
:10C8F0000000000000000000000000000000000038
:10C9000000000000000000000029DE07007B9A17ED
:10C91000FFFFFFFFD8200020607D202000000000E6
:10C920000000000000000000500E0020500E00200B
:10C93000580E0020580E0020600E0020600E0020CF
:10C94000680E0020680E0020700E0020700E00207F
:10C95000780E0020780E0020800E0020800E00202F
:10C96000880E0020880E0020900E0020900E0020DF
:10C97000980E0020980E0020A00E0020A00E00208F
:10C98000A80E0020A80E0020B00E0020B00E00203F
:10C99000B80E0020B80E0020C00E0020C00E0020EF
:10C9A000C80E0020C80E0020D00E0020D00E00209F
:10C9B000D80E0020D80E0020E00E0020E00E00204F
:10C9C000E80E0020E80E0020F00E0020F00E0020FF
:10C9D000F80E0020F80E0020000F0020000F0020AD
:10C9E000080F0020080F0020100F0020100F00205B
:10C9F000180F0020180F0020200F0020200F00200B
:10CA0000280F0020280F0020300F0020300F0020BA
:10CA1000380F0020380F0020400F0020400F00206A
:10CA2000480F0020480F0020500F0020500F00201A
:10CA3000580F0020580F0020600F0020600F0020CA
:10CA4000680F0020680F0020700F0020700F00207A
:10CA5000780F0020780F0020800F0020800F00202A
:10CA6000880F0020880F0020900F0020900F0020DA
:10CA7000980F0020980F0020A00F0020A00F00208A
:10CA8000A80F0020A80F0020B00F0020B00F00203A
:10CA9000B80F0020B80F0020C00F0020C00F0020EA
:10CAA000C80F0020C80F0020D00F0020D00F00209A
:10CAB000D80F0020D80F0020E00F0020E00F00204A
:10CAC000E80F0020E80F0020F00F0020F00F0020FA
:10CAD000F80F0020F80F00200010002000100020A8
:10CAE0000810002008100020101000201010002056
:10CAF0001810002018100020201000202010002006
:10CB000028100020281000203010002030100020B5
:10CB10003810002038100020401000204010002065
:10CB20004810002048100020501000205010002015
:10CB300058100020581000206010002060100020C5
:10CB40006810002068100020701000207010002075
:10CB50007810002078100020801000208010002025
:10CB600088100020881000209010002090100020D5
:10CB70009810002098100020A0100020A010002085
:10CB8000A8100020A8100020B0100020B010002035
:10CB9000B8100020B8100020C0100020C0100020E5
:10CBA000C8100020C8100020D0100020D010002095
:10CBB000D8100020D8100020E0100020E010002045
:10CBC000E8100020E8100020F0100020F0100020F5
:10CBD000F8100020F81000200011002000110020A3
:10CBE0000811002008110020101100201011002051
:10CBF0001811002018110020201100202011002001
:10CC000028110020281100203011002030110020B0
:10CC10003811002038110020401100204011002060
:10CC20004811002048110020501100205011002010
:10CC300058110020581100206011002060110020C0
:10CC40006811002068110020701100207011002070
:10CC50007811002078110020801100208011002020
:10CC600088110020881100209011002090110020D0
:10CC70009811002098110020A0110020A011002080
:10CC8000A8110020A8110020B0110020B011002030
:10CC9000B8110020B8110020C0110020C0110020E0
:10CCA000C8110020C8110020D0110020D011002090
:10CCB000D8110020D8110020E0110020E011002040
:10CCC000E8110020E8110020F0110020F0110020F0
:10CCD000F8110020F811002000120020001200209E
:10CCE000081200200812002010120020101200204C
:10CCF00018120020181200202012002020120020FC
:10CD000028120020281200203012002030120020AB
:10CD1000381200203812002040120020401200205B
:10CD20004812002048120020FFFFFFFF0000020011
:10CD3000180D002012010002EF020140C0168B0402
:10CD400001030102030100003564000035640000A6
:10CD5000356400003564000035640000356400006F
:10CD6000356400003564000035640000356400005F
:10CD7000356400003564000035640000356400004F
:10CD8000356400003564000035640000356400003F
:10CD9000356400003564000035640000356400002F
:10CDA000356400003564000035640000356400001F
:10CDB000356400003564000035640000356400000F
:10CDC00035640000356400003564000035640000FF
:10CDD00035640000356400003564000035640000EF
:10CDE00035640000356400003564000035640000DF
:10CDF00035640000356400003564000035640000CF
:10CE000035640000356400003564000035640000BE
:10CE100035640000356400003564000035640000AE
:10CE2000356400003564000035640000356400009E
:10CE3000356400003564000035640000356400008E
:10CE4000356400003564000035640000356400007E
:10CE5000356400003564000035640000356400006E
:10CE6000356400003564000035640000356400005E
:10CE7000356400003564000035640000356400004E
:10CE8000356400003564000035640000356400003E
:10CE9000356400003564000035640000356400002E
:10CEA000356400003564000035640000356400001E
:10CEB000356400003564000035640000356400000E
:10CEC00035640000356400003564000035640000FE
:10CED00035640000356400003564000035640000EE
:10CEE00035640000356400003564000035640000DE
:10CEF00035640000356400003564000035640000CE
:10CF000035640000356400003564000035640000BD
:10CF100035640000356400003564000035640000AD
:10CF2000356400003564000035640000356400009D
:10CF3000356400003564000035640000356400008D
:10CF40003564000035640000FFFFFFFFFFFFFFFFB7
:10CF5000FFFFFFFF3D0AD73E5C8FC23E5C8FC23EA3
:10CF6000E17A143F0000003F0AD7233F5C8F023F65
:10CF7000E17A143F713D8A3EE17A143FD7A3F03E37
:10CF80000000403F0C030000000000000000000013
:10CF900000000000000000000000FF08FFFFFF3C51
:10CFA0000000000000000000000000000000000081
:10CFB0000000000000000000000000000000000071
:10CFC0000000000000000000000000000000000061
:10CFD0000000000000000000000000000000000051
:10CFE0000000000000000000000000000000000041
:10CFF0000000000000000000000000000000000031
:10D000000000000000000000000000000000000020
:10D010000000000000000000000000000000000010
:10D020000000000000000000000000000000000000
:10D0300000000000000000000000000000000000F0
:10D0400000000000000000000000000000000000E0
:10D0500000000000000000000000000000000000D0
:10D0600000000000000000000000000000000000C0
:10D0700000000000000000000000000000000000B0
:10D0800000000000000000000000000000000000A0
:10D090000000000000000000000000000000000090
:10D0A0000000000000000000000000000000000080
:10D0B0000000000000000000000000000000000070
:10D0C0000000000000000000000000000000000060
:10D0D0000000000000000000000000000000000050
:10D0E0000000000000000000000000000000000040
:10D0F0000000000000000000000000000000000030
:10D10000000000000000000000000000000000001F
:10D11000000000000000000000000000000000000F
:10D1200000000000000000000000000000000000FF
:10D1300000000000000000000000000000000000EF
:10D1400000000000000000000000000000000000DF
:10D1500000000000000000000000000000000000CF
:10D1600000000000000000000000000000000000BF
:10D1700000000000000000000000000000000000AF
:10D18000000000000000000000000000000000009F
:10D19000000000000000000000000000000000008F
:10D1A000000000000000000000000000000000007F
:10D1B000000000000000000000000000000000006F
:10D1C000000000000000000000000000000000005F
:10D1D000000000000000000000000000000000004F
:10D1E000000000000000000000000000000000003F
:10D1F000000000000000000000000000000000002F
:10D20000000000000000000000000000000000001E
:10D21000000000000000000000000000000000000E
:10D2200000000000000000000000000000000000FE
:10D2300000000000000000000000000000000000EE
:10D2400000000000000000000000000000000000DE
:10D2500000000000000000000000000000000000CE
:10D2600000000000000000000000000000000000BE
:10D2700000000000000000000000000000000000AE
:10D28000000000000000000000000000000000009E
:10D29000000000000000000000000000000000008E
:10D2A000000000000000000000000000000000007E
:10D2B000000000000000000000000000000000006E
:10D2C000000000000000000000000000000000005E
:10D2D000000000000000000000000000000000004E
:10D2E000000000000000000000000000000000003E
:10D2F000000000000000000000000000000000002E
:10D30000000000000000000000000000000000001D
:10D31000000000000000000000000000000000000D
:10D3200000000000000000000000000000000000FD
:10D3300000000000000000000000000000000000ED
:10D3400000000000000000000000000000000000DD
:10D3500000000000000000000000000000000000CD
:10D3600000000000000000000000000000000000BD
:10D3700000000000000000000000000000000000AD
:10D38000000000000000000000000000000000009D
:10D39000000000000000000000000000000000008D
:10D3A000000000000000000000000000000000007D
:10D3B000000000000000000000000000000000006D
:10D3C000000000000000000000000000000000005D
:10D3D000000000000000000000000000000000004D
:10D3E000000000000000000000000000000000003D
:10D3F000000000000000000000000000000000002D
:10D40000000000000000000000000000000000001C
:10D41000000000000000000000000000000000000C
:10D4200000000000000000000000000000000000FC
:10D4300000000000000000000000000000000000EC
:10D4400000000000000000000000000000000000DC
:10D4500000000000000000000000000000000000CC
:10D4600000000000000000000000000000000000BC
:10D4700000000000000000000000000000000000AC
:10D48000000000000000000000000000000000009C
:10D49000000000000000000000000000000000008C
:10D4A000000000000000000000000000000000007C
:10D4B000000000000000000000000000000000006C
:10D4C000000000000000000000000000000000005C
:10D4D000000000000000000000000000000000004C
:10D4E000000000000000000000000000000000003C
:10D4F000000000000000000000000000000000002C
:10D50000000000000000000000000000000000001B
:10D51000000000000000000000000000000000000B
:10D5200000000000000000000000000000000000FB
:10D5300000000000000000000000000000000000EB
:10D5400000000000000000000000000000000000DB
:10D5500000000000000000000000000000000000CB
:10D5600000000000000000000000000000000000BB
:10D5700000000000000000000000000000000000AB
:10D58000000000000000000000000000000000009B
:10D59000FFFFFFFFFFFFFFFFFFFFFFFFFFFFFFFF9B
:10D5A000FFFFFFFFFFFFFFFFFFFFFFFFFFFFFFFF8B
:10D5B000FFFFFFFFFFFFFFFFFFFFFFFFFFFFFFFF7B
:10D5C000FFFFFFFFFFFFFFFFFFFFFFFFFFFFFFFF6B
:10D5D000FFFFFFFFFFFFFFFFFFFFFFFFFFFFFFFF5B
:10D5E000FFFFFFFFFFFFFFFFFFFFFFFFFFFFFFFF4B
:10D5F000FFFFFFFFFFFFFFFFFFFFFFFFFFFFFFFF3B
:10D60000FFFFFFFFFFFFFFFFFFFFFFFFFFFFFFFF2A
:10D61000FFFFFFFFFFFFFFFFFFFFFFFFFFFFFFFF1A
:10D62000FFFFFFFFFFFFFFFFFFFFFFFFFFFFFFFF0A
:10D63000FFFFFFFFFFFFFFFFFFFFFFFFFFFFFFFFFA
:10D64000FFFFFFFFFFFFFFFFFFFFFFFFFFFFFFFFEA
:10D65000FFFFFFFFFFFFFFFFFFFFFFFFFFFFFFFFDA
:10D66000FFFFFFFFFFFFFFFFFFFFFFFFFFFFFFFFCA
:10D67000FFFFFFFFFFFFFFFFFFFFFFFFFFFFFFFFBA
:10D68000FFFFFFFFFFFFFFFFFFFFFFFFFFFFFFFFAA
:10D69000FFFFFFFFFFFFFFFFFFFFFFFFFFFFFFFF9A
:10D6A000FFFFFFFFFFFFFFFFFFFFFFFFFFFFFFFF8A
:10D6B000FFFFFFFFFFFFFFFFFFFFFFFFFFFFFFFF7A
:10D6C000FFFFFFFFFFFFFFFFFFFFFFFFFFFFFFFF6A
:10D6D000FFFFFFFFFFFFFFFFFFFFFFFFFFFFFFFF5A
:10D6E000FFFFFFFFFFFFFFFFFFFFFFFFFFFFFFFF4A
:10D6F000FFFFFFFFFFFFFFFFFFFFFFFFFFFFFFFF3A
:10D70000FFFFFFFFFFFFFFFFFFFFFFFFFFFFFFFF29
:10D71000FFFFFFFFFFFFFFFFFFFFFFFFFFFFFFFF19
:10D72000FFFFFFFFFFFFFFFFFFFFFFFFFFFFFFFF09
:10D73000FFFFFFFFFFFFFFFFFFFFFFFFFFFFFFFFF9
:10D74000FFFFFFFFFFFFFFFFFFFFFFFFFFFFFFFFE9
:10D75000FFFFFFFFFFFFFFFFFFFFFFFFFFFFFFFFD9
:10D76000FFFFFFFFFFFFFFFFFFFFFFFFFFFFFFFFC9
:10D77000FFFFFFFFFFFFFFFFFFFFFFFFFFFFFFFFB9
:10D78000FFFFFFFFFFFFFFFFFFFFFFFFFFFFFFFFA9
:10D79000FFFFFFFFFFFFFFFFFFFFFFFFFFFFFFFF99
:10D7A000FFFFFFFFFFFFFFFFFFFFFFFFFFFFFFFF89
:10D7B000FFFFFFFFFFFFFFFFFFFFFFFFFFFFFFFF79
:10D7C000FFFFFFFFFFFFFFFFFFFFFFFFFFFFFFFF69
:10D7D000FFFFFFFFFFFFFFFFFFFFFFFFFFFFFFFF59
:10D7E000FFFFFFFFFFFFFFFFFFFFFFFFFFFFFFFF49
:10D7F000FFFFFFFFFFFFFFFFFFFFFFFFFFFFFFFF39
:10D800000000000000000000000000000000000018
:10D810000000000000000000000000000000000008
:10D8200000000000000000000000000000000000F8
:10D8300000000000000000000000000000000000E8
:10D8400000000000000000000000000000000000D8
:10D8500000000000000000000000000000000000C8
:10D8600000000000000000000000000000000000B8
:10D8700000000000000000000000000000000000A8
:10D880000000000000000000000000000000000098
:10D890000000000000000000000000000000000088
:10D8A0000000000000000000000000000000000078
:10D8B0000000000000000000000000000000000068
:10D8C0000000000000000000000000000000000058
:10D8D0000000000000000000000000000000000048
:10D8E0000000000000000000000000000000000038
:10D8F0000000000000000000000000000000000028
:10D900000000000000000000000000000000000017
:10D910000000000000000000000000000000000007
:10D9200000000000000000000000000000000000F7
:10D9300000000000000000000000000000000000E7
:10D9400000000000000000000000000000000000D7
:10D9500000000000000000000000000000000000C7
:10D9600000000000000000000000000000000000B7
:10D9700000000000000000000000000000000000A7
:10D980000000000000000000000000000000000097
:10D990000000000000000000000000000000000087
:10D9A0000000000000000000000000000000000077
:10D9B0000000000000000000000000000000000067
:10D9C0000000000000000000000000000000000057
:10D9D0000000000000000000000000000000000047
:10D9E0000000000000000000000000000000000037
:10D9F0000000000000000000000000000000000027
:10DA00000000000000000000000000000000000016
:10DA10000000000000000000000000000000000006
:10DA200000000000000000000000000000000000F6
:10DA300000000000000000000000000000000000E6
:10DA400000000000000000000000000000000000D6
:10DA500000000000000000000000000000000000C6
:10DA600000000000000000000000000000000000B6
:10DA700000000000000000000000000000000000A6
:10DA80000000000000000000000000000000000096
:10DA90000000000000000000000000000000000086
:10DAA0000000000000000000000000000000000076
:10DAB0000000000000000000000000000000000066
:10DAC0000000000000000000000000000000000056
:10DAD0000000000000000000000000000000000046
:10DAE0000000000000000000000000000000000036
:10DAF0000000000000000000000000000000000026
:10DB00000000000000000000000000000000000015
:10DB10000000000000000000000000000000000005
:10DB200000000000000000000000000000000000F5
:10DB300000000000000000000000000000000000E5
:10DB400000000000000000000000000000000000D5
:10DB500000000000000000000000000000000000C5
:10DB600000000000000000000000000000000000B5
:10DB700000000000000000000000000000000000A5
:10DB80000000000000000000000000000000000095
:10DB90000000000000000000000000000000000085
:10DBA0000000000000000000000000000000000075
:10DBB0000000000000000000000000000000000065
:10DBC0000000000000000000000000000000000055
:10DBD0000000000000000000000000000000000045
:10DBE0000000000000000000000000000000000035
:10DBF0000000000000000000000000000000000025
:10DC00000000000000000000000000000000000014
:10DC10000000000000000000000000000000000004
:10DC200000000000000000000000000000000000F4
:10DC300000000000000000000000000000000000E4
:10DC400000000000000000000000000000000000D4
:10DC500000000000000000000000000000000000C4
:10DC600000000000000000000000000000000000B4
:10DC700000000000000000000000000000000000A4
:10DC80000000000000000000000000000000000094
:10DC90000000000000000000000000000000000084
:10DCA0000000000000000000000000000000000074
:10DCB0000000000000000000000000000000000064
:10DCC0000000000000000000000000000000000054
:10DCD0000000000000000000000000000000000044
:10DCE0000000000000000000000000000000000034
:10DCF0000000000000000000000000000000000024
:10DD00000000000000000000000000000000000013
:10DD10000000000000000000000000000000000003
:10DD200000000000000000000000000000000000F3
:10DD300000000000000000000000000000000000E3
:10DD400000000000000000000000000000000000D3
:10DD500000000000000000000000000000000000C3
:10DD600000000000000000000000000000000000B3
:10DD700000000000000000000000000000000000A3
:10DD80000000000000000000000000000000000093
:10DD90000000000000000000000000000000000083
:10DDA0000000000000000000000000000000000073
:10DDB0000000000000000000000000000000000063
:10DDC0000000000000000000000000000000000053
:10DDD0000000000000000000000000000000000043
:10DDE0000000000000000000000000000000000033
:10DDF0000000000000000000000000000000000023
:10DE00000000000000000000000000000000000012
:10DE10000000000000000000000000000000000002
:10DE200000000000000000000000000000000000F2
:10DE300000000000000000000000000000000000E2
:10DE400000000000000000000000000000000000D2
:10DE500000000000000000000000000000000000C2
:10DE600000000000000000000000000000000000B2
:10DE700000000000000000000000000000000000A2
:10DE80000000000000000000000000000000000092
:10DE90000000000000000000000000000000000082
:10DEA0000000000000000000000000000000000072
:10DEB0000000000000000000000000000000000062
:10DEC0000000000000000000000000000000000052
:10DED0000000000000000000000000000000000042
:10DEE0000000000000000000000000000000000032
:10DEF0000000000000000000000000000000000022
:10DF00000000000000000000000000000000000011
:10DF10000000000000000000000000000000000001
:10DF200000000000000000000000000000000000F1
:10DF300000000000000000000000000000000000E1
:10DF400000000000000000000000000000000000D1
:10DF500000000000000000000000000000000000C1
:10DF600000000000000000000000000000000000B1
:10DF700000000000000000000000000000000000A1
:10DF80000000000000000000000000000000000091
:10DF90000000000000000000000000000000000081
:10DFA0000000000000000000000000000000000071
:10DFB0000000000000000000000000000000000061
:10DFC0000000000000000000000000000000000051
:10DFD0000000000000000000000000000000000041
:10DFE0000000000000000000000000000000000031
:10DFF0000000000000000000000000000000000021
:10E000000000000000000000000000000000000010
:10E010000000000000000000000000000000000000
:10E0200000000000000000000000000000000000F0
:10E0300000000000000000000000000000000000E0
:10E0400000000000000000000000000000000000D0
:10E0500000000000000000000000000000000000C0
:10E0600000000000000000000000000000000000B0
:10E0700000000000000000000000000000000000A0
:10E080000000000000000000000000000000000090
:10E090000000000000000000000000000000000080
:10E0A0000000000000000000000000000000000070
:10E0B0000000000000000000000000000000000060
:10E0C0000000000000000000000000000000000050
:10E0D0000000000000000000000000000000000040
:10E0E0000000000000000000000000000000000030
:10E0F0000000000000000000000000000000000020
:10E10000000000000000000000000000000000000F
:10E1100000000000000000000000000000000000FF
:10E1200000000000000000000000000000000000EF
:10E1300000000000000000000000000000000000DF
:10E1400000000000000000000000000000000000CF
:10E1500000000000000000000000000000000000BF
:10E1600000000000000000000000000000000000AF
:10E17000000000000000000000000000000000009F
:10E18000000000000000000000000000000000008F
:10E19000000000000000000000000000000000007F
:10E1A000000000000000000000000000000000006F
:10E1B000000000000000000000000000000000005F
:10E1C000000000000000000000000000000000004F
:10E1D000000000000000000000000000000000003F
:10E1E000000000000000000000000000000000002F
:10E1F000000000000000000000000000000000001F
:10E20000000000000000000000000000000000000E
:10E2100000000000000000000000000000000000FE
:10E2200000000000000000000000000000000000EE
:10E2300000000000000000000000000000000000DE
:10E2400000000000000000000000000000000000CE
:10E2500000000000000000000000000000000000BE
:10E2600000000000000000000000000000000000AE
:10E27000000000000000000000000000000000009E
:10E28000000000000000000000000000000000008E
:10E29000000000000000000000000000000000007E
:10E2A000000000000000000000000000000000006E
:10E2B000000000000000000000000000000000005E
:10E2C000000000000000000000000000000000004E
:10E2D000000000000000000000000000000000003E
:10E2E000000000000000000000000000000000002E
:10E2F000000000000000000000000000000000001E
:10E30000000000000000000000000000000000000D
:10E3100000000000000000000000000000000000FD
:10E3200000000000000000000000000000000000ED
:10E3300000000000000000000000000000000000DD
:10E3400000000000000000000000000000000000CD
:10E3500000000000000000000000000000000000BD
:10E3600000000000000000000000000000000000AD
:10E37000000000000000000000000000000000009D
:10E38000000000000000000000000000000000008D
:10E39000000000000000000000000000000000007D
:10E3A000000000000000000000000000000000006D
:10E3B000000000000000000000000000000000005D
:10E3C000000000000000000000000000000000004D
:10E3D000000000000000000000000000000000003D
:10E3E000000000000000000000000000000000002D
:10E3F000000000000000000000000000000000001D
:040000056000100087
:00000001FF
