:0200000460009A
:100000004643464200000156000000000103030081
:1000100000000000000000000000000000000000E0
:1000200000000000000000000000000000000000D0
:1000300000000000000000000000000000000000C0
:1000400000000000010408000000000000000000A3
:100050000000200000000000000000000000000080
:100060000000000000000000000000000000000090
:100070000000000000000000000000000000000080
:10008000EB04180A063204260000000000000000FD
:10009000050404240000000000000000000000002F
:1000A0000000000000000000000000000000000050
:1000B0000604000000000000000000000000000036
:1000C0000000000000000000000000000000000030
:1000D00020041808000000000000000000000000DC
:1000E0000000000000000000000000000000000010
:1000F0000000000000000000000000000000000000
:10010000D8041808000000000000000000000000F3
:100110000204180804200000000000000000000095
:1001200000000000000000000000000000000000CF
:10013000600400000000000000000000000000005B
:1001400000000000000000000000000000000000AF
:10015000000000000000000000000000000000009F
:10016000000000000000000000000000000000008F
:10017000000000000000000000000000000000007F
:10018000000000000000000000000000000000006F
:10019000000000000000000000000000000000005F
:1001A000000000000000000000000000000000004F
:1001B000000000000000000000000000000000003F
:1001C000000100000010000001000000000000001D
:1001D000000001000000000000000000000000001E
:1001E000000000000000000000000000000000000F
:1001F00000000000000000000000000000000000FF
:10020000FFFFFFFFFFFFFFFFFFFFFFFFFFFFFFFFFE
:10021000FFFFFFFFFFFFFFFFFFFFFFFFFFFFFFFFEE
:10022000FFFFFFFFFFFFFFFFFFFFFFFFFFFFFFFFDE
:10023000FFFFFFFFFFFFFFFFFFFFFFFFFFFFFFFFCE
:10024000FFFFFFFFFFFFFFFFFFFFFFFFFFFFFFFFBE
:10025000FFFFFFFFFFFFFFFFFFFFFFFFFFFFFFFFAE
:10026000FFFFFFFFFFFFFFFFFFFFFFFFFFFFFFFF9E
:10027000FFFFFFFFFFFFFFFFFFFFFFFFFFFFFFFF8E
:10028000FFFFFFFFFFFFFFFFFFFFFFFFFFFFFFFF7E
:10029000FFFFFFFFFFFFFFFFFFFFFFFFFFFFFFFF6E
:1002A000FFFFFFFFFFFFFFFFFFFFFFFFFFFFFFFF5E
:1002B000FFFFFFFFFFFFFFFFFFFFFFFFFFFFFFFF4E
:1002C000FFFFFFFFFFFFFFFFFFFFFFFFFFFFFFFF3E
:1002D000FFFFFFFFFFFFFFFFFFFFFFFFFFFFFFFF2E
:1002E000FFFFFFFFFFFFFFFFFFFFFFFFFFFFFFFF1E
:1002F000FFFFFFFFFFFFFFFFFFFFFFFFFFFFFFFF0E
:10030000FFFFFFFFFFFFFFFFFFFFFFFFFFFFFFFFFD
:10031000FFFFFFFFFFFFFFFFFFFFFFFFFFFFFFFFED
:10032000FFFFFFFFFFFFFFFFFFFFFFFFFFFFFFFFDD
:10033000FFFFFFFFFFFFFFFFFFFFFFFFFFFFFFFFCD
:10034000FFFFFFFFFFFFFFFFFFFFFFFFFFFFFFFFBD
:10035000FFFFFFFFFFFFFFFFFFFFFFFFFFFFFFFFAD
:10036000FFFFFFFFFFFFFFFFFFFFFFFFFFFFFFFF9D
:10037000FFFFFFFFFFFFFFFFFFFFFFFFFFFFFFFF8D
:10038000FFFFFFFFFFFFFFFFFFFFFFFFFFFFFFFF7D
:10039000FFFFFFFFFFFFFFFFFFFFFFFFFFFFFFFF6D
:1003A000FFFFFFFFFFFFFFFFFFFFFFFFFFFFFFFF5D
:1003B000FFFFFFFFFFFFFFFFFFFFFFFFFFFFFFFF4D
:1003C000FFFFFFFFFFFFFFFFFFFFFFFFFFFFFFFF3D
:1003D000FFFFFFFFFFFFFFFFFFFFFFFFFFFFFFFF2D
:1003E000FFFFFFFFFFFFFFFFFFFFFFFFFFFFFFFF1D
:1003F000FFFFFFFFFFFFFFFFFFFFFFFFFFFFFFFF0D
:10040000FFFFFFFFFFFFFFFFFFFFFFFFFFFFFFFFFC
:10041000FFFFFFFFFFFFFFFFFFFFFFFFFFFFFFFFEC
:10042000FFFFFFFFFFFFFFFFFFFFFFFFFFFFFFFFDC
:10043000FFFFFFFFFFFFFFFFFFFFFFFFFFFFFFFFCC
:10044000FFFFFFFFFFFFFFFFFFFFFFFFFFFFFFFFBC
:10045000FFFFFFFFFFFFFFFFFFFFFFFFFFFFFFFFAC
:10046000FFFFFFFFFFFFFFFFFFFFFFFFFFFFFFFF9C
:10047000FFFFFFFFFFFFFFFFFFFFFFFFFFFFFFFF8C
:10048000FFFFFFFFFFFFFFFFFFFFFFFFFFFFFFFF7C
:10049000FFFFFFFFFFFFFFFFFFFFFFFFFFFFFFFF6C
:1004A000FFFFFFFFFFFFFFFFFFFFFFFFFFFFFFFF5C
:1004B000FFFFFFFFFFFFFFFFFFFFFFFFFFFFFFFF4C
:1004C000FFFFFFFFFFFFFFFFFFFFFFFFFFFFFFFF3C
:1004D000FFFFFFFFFFFFFFFFFFFFFFFFFFFFFFFF2C
:1004E000FFFFFFFFFFFFFFFFFFFFFFFFFFFFFFFF1C
:1004F000FFFFFFFFFFFFFFFFFFFFFFFFFFFFFFFF0C
:10050000FFFFFFFFFFFFFFFFFFFFFFFFFFFFFFFFFB
:10051000FFFFFFFFFFFFFFFFFFFFFFFFFFFFFFFFEB
:10052000FFFFFFFFFFFFFFFFFFFFFFFFFFFFFFFFDB
:10053000FFFFFFFFFFFFFFFFFFFFFFFFFFFFFFFFCB
:10054000FFFFFFFFFFFFFFFFFFFFFFFFFFFFFFFFBB
:10055000FFFFFFFFFFFFFFFFFFFFFFFFFFFFFFFFAB
:10056000FFFFFFFFFFFFFFFFFFFFFFFFFFFFFFFF9B
:10057000FFFFFFFFFFFFFFFFFFFFFFFFFFFFFFFF8B
:10058000FFFFFFFFFFFFFFFFFFFFFFFFFFFFFFFF7B
:10059000FFFFFFFFFFFFFFFFFFFFFFFFFFFFFFFF6B
:1005A000FFFFFFFFFFFFFFFFFFFFFFFFFFFFFFFF5B
:1005B000FFFFFFFFFFFFFFFFFFFFFFFFFFFFFFFF4B
:1005C000FFFFFFFFFFFFFFFFFFFFFFFFFFFFFFFF3B
:1005D000FFFFFFFFFFFFFFFFFFFFFFFFFFFFFFFF2B
:1005E000FFFFFFFFFFFFFFFFFFFFFFFFFFFFFFFF1B
:1005F000FFFFFFFFFFFFFFFFFFFFFFFFFFFFFFFF0B
:10060000FFFFFFFFFFFFFFFFFFFFFFFFFFFFFFFFFA
:10061000FFFFFFFFFFFFFFFFFFFFFFFFFFFFFFFFEA
:10062000FFFFFFFFFFFFFFFFFFFFFFFFFFFFFFFFDA
:10063000FFFFFFFFFFFFFFFFFFFFFFFFFFFFFFFFCA
:10064000FFFFFFFFFFFFFFFFFFFFFFFFFFFFFFFFBA
:10065000FFFFFFFFFFFFFFFFFFFFFFFFFFFFFFFFAA
:10066000FFFFFFFFFFFFFFFFFFFFFFFFFFFFFFFF9A
:10067000FFFFFFFFFFFFFFFFFFFFFFFFFFFFFFFF8A
:10068000FFFFFFFFFFFFFFFFFFFFFFFFFFFFFFFF7A
:10069000FFFFFFFFFFFFFFFFFFFFFFFFFFFFFFFF6A
:1006A000FFFFFFFFFFFFFFFFFFFFFFFFFFFFFFFF5A
:1006B000FFFFFFFFFFFFFFFFFFFFFFFFFFFFFFFF4A
:1006C000FFFFFFFFFFFFFFFFFFFFFFFFFFFFFFFF3A
:1006D000FFFFFFFFFFFFFFFFFFFFFFFFFFFFFFFF2A
:1006E000FFFFFFFFFFFFFFFFFFFFFFFFFFFFFFFF1A
:1006F000FFFFFFFFFFFFFFFFFFFFFFFFFFFFFFFF0A
:10070000FFFFFFFFFFFFFFFFFFFFFFFFFFFFFFFFF9
:10071000FFFFFFFFFFFFFFFFFFFFFFFFFFFFFFFFE9
:10072000FFFFFFFFFFFFFFFFFFFFFFFFFFFFFFFFD9
:10073000FFFFFFFFFFFFFFFFFFFFFFFFFFFFFFFFC9
:10074000FFFFFFFFFFFFFFFFFFFFFFFFFFFFFFFFB9
:10075000FFFFFFFFFFFFFFFFFFFFFFFFFFFFFFFFA9
:10076000FFFFFFFFFFFFFFFFFFFFFFFFFFFFFFFF99
:10077000FFFFFFFFFFFFFFFFFFFFFFFFFFFFFFFF89
:10078000FFFFFFFFFFFFFFFFFFFFFFFFFFFFFFFF79
:10079000FFFFFFFFFFFFFFFFFFFFFFFFFFFFFFFF69
:1007A000FFFFFFFFFFFFFFFFFFFFFFFFFFFFFFFF59
:1007B000FFFFFFFFFFFFFFFFFFFFFFFFFFFFFFFF49
:1007C000FFFFFFFFFFFFFFFFFFFFFFFFFFFFFFFF39
:1007D000FFFFFFFFFFFFFFFFFFFFFFFFFFFFFFFF29
:1007E000FFFFFFFFFFFFFFFFFFFFFFFFFFFFFFFF19
:1007F000FFFFFFFFFFFFFFFFFFFFFFFFFFFFFFFF09
:10080000FFFFFFFFFFFFFFFFFFFFFFFFFFFFFFFFF8
:10081000FFFFFFFFFFFFFFFFFFFFFFFFFFFFFFFFE8
:10082000FFFFFFFFFFFFFFFFFFFFFFFFFFFFFFFFD8
:10083000FFFFFFFFFFFFFFFFFFFFFFFFFFFFFFFFC8
:10084000FFFFFFFFFFFFFFFFFFFFFFFFFFFFFFFFB8
:10085000FFFFFFFFFFFFFFFFFFFFFFFFFFFFFFFFA8
:10086000FFFFFFFFFFFFFFFFFFFFFFFFFFFFFFFF98
:10087000FFFFFFFFFFFFFFFFFFFFFFFFFFFFFFFF88
:10088000FFFFFFFFFFFFFFFFFFFFFFFFFFFFFFFF78
:10089000FFFFFFFFFFFFFFFFFFFFFFFFFFFFFFFF68
:1008A000FFFFFFFFFFFFFFFFFFFFFFFFFFFFFFFF58
:1008B000FFFFFFFFFFFFFFFFFFFFFFFFFFFFFFFF48
:1008C000FFFFFFFFFFFFFFFFFFFFFFFFFFFFFFFF38
:1008D000FFFFFFFFFFFFFFFFFFFFFFFFFFFFFFFF28
:1008E000FFFFFFFFFFFFFFFFFFFFFFFFFFFFFFFF18
:1008F000FFFFFFFFFFFFFFFFFFFFFFFFFFFFFFFF08
:10090000FFFFFFFFFFFFFFFFFFFFFFFFFFFFFFFFF7
:10091000FFFFFFFFFFFFFFFFFFFFFFFFFFFFFFFFE7
:10092000FFFFFFFFFFFFFFFFFFFFFFFFFFFFFFFFD7
:10093000FFFFFFFFFFFFFFFFFFFFFFFFFFFFFFFFC7
:10094000FFFFFFFFFFFFFFFFFFFFFFFFFFFFFFFFB7
:10095000FFFFFFFFFFFFFFFFFFFFFFFFFFFFFFFFA7
:10096000FFFFFFFFFFFFFFFFFFFFFFFFFFFFFFFF97
:10097000FFFFFFFFFFFFFFFFFFFFFFFFFFFFFFFF87
:10098000FFFFFFFFFFFFFFFFFFFFFFFFFFFFFFFF77
:10099000FFFFFFFFFFFFFFFFFFFFFFFFFFFFFFFF67
:1009A000FFFFFFFFFFFFFFFFFFFFFFFFFFFFFFFF57
:1009B000FFFFFFFFFFFFFFFFFFFFFFFFFFFFFFFF47
:1009C000FFFFFFFFFFFFFFFFFFFFFFFFFFFFFFFF37
:1009D000FFFFFFFFFFFFFFFFFFFFFFFFFFFFFFFF27
:1009E000FFFFFFFFFFFFFFFFFFFFFFFFFFFFFFFF17
:1009F000FFFFFFFFFFFFFFFFFFFFFFFFFFFFFFFF07
:100A0000FFFFFFFFFFFFFFFFFFFFFFFFFFFFFFFFF6
:100A1000FFFFFFFFFFFFFFFFFFFFFFFFFFFFFFFFE6
:100A2000FFFFFFFFFFFFFFFFFFFFFFFFFFFFFFFFD6
:100A3000FFFFFFFFFFFFFFFFFFFFFFFFFFFFFFFFC6
:100A4000FFFFFFFFFFFFFFFFFFFFFFFFFFFFFFFFB6
:100A5000FFFFFFFFFFFFFFFFFFFFFFFFFFFFFFFFA6
:100A6000FFFFFFFFFFFFFFFFFFFFFFFFFFFFFFFF96
:100A7000FFFFFFFFFFFFFFFFFFFFFFFFFFFFFFFF86
:100A8000FFFFFFFFFFFFFFFFFFFFFFFFFFFFFFFF76
:100A9000FFFFFFFFFFFFFFFFFFFFFFFFFFFFFFFF66
:100AA000FFFFFFFFFFFFFFFFFFFFFFFFFFFFFFFF56
:100AB000FFFFFFFFFFFFFFFFFFFFFFFFFFFFFFFF46
:100AC000FFFFFFFFFFFFFFFFFFFFFFFFFFFFFFFF36
:100AD000FFFFFFFFFFFFFFFFFFFFFFFFFFFFFFFF26
:100AE000FFFFFFFFFFFFFFFFFFFFFFFFFFFFFFFF16
:100AF000FFFFFFFFFFFFFFFFFFFFFFFFFFFFFFFF06
:100B0000FFFFFFFFFFFFFFFFFFFFFFFFFFFFFFFFF5
:100B1000FFFFFFFFFFFFFFFFFFFFFFFFFFFFFFFFE5
:100B2000FFFFFFFFFFFFFFFFFFFFFFFFFFFFFFFFD5
:100B3000FFFFFFFFFFFFFFFFFFFFFFFFFFFFFFFFC5
:100B4000FFFFFFFFFFFFFFFFFFFFFFFFFFFFFFFFB5
:100B5000FFFFFFFFFFFFFFFFFFFFFFFFFFFFFFFFA5
:100B6000FFFFFFFFFFFFFFFFFFFFFFFFFFFFFFFF95
:100B7000FFFFFFFFFFFFFFFFFFFFFFFFFFFFFFFF85
:100B8000FFFFFFFFFFFFFFFFFFFFFFFFFFFFFFFF75
:100B9000FFFFFFFFFFFFFFFFFFFFFFFFFFFFFFFF65
:100BA000FFFFFFFFFFFFFFFFFFFFFFFFFFFFFFFF55
:100BB000FFFFFFFFFFFFFFFFFFFFFFFFFFFFFFFF45
:100BC000FFFFFFFFFFFFFFFFFFFFFFFFFFFFFFFF35
:100BD000FFFFFFFFFFFFFFFFFFFFFFFFFFFFFFFF25
:100BE000FFFFFFFFFFFFFFFFFFFFFFFFFFFFFFFF15
:100BF000FFFFFFFFFFFFFFFFFFFFFFFFFFFFFFFF05
:100C0000FFFFFFFFFFFFFFFFFFFFFFFFFFFFFFFFF4
:100C1000FFFFFFFFFFFFFFFFFFFFFFFFFFFFFFFFE4
:100C2000FFFFFFFFFFFFFFFFFFFFFFFFFFFFFFFFD4
:100C3000FFFFFFFFFFFFFFFFFFFFFFFFFFFFFFFFC4
:100C4000FFFFFFFFFFFFFFFFFFFFFFFFFFFFFFFFB4
:100C5000FFFFFFFFFFFFFFFFFFFFFFFFFFFFFFFFA4
:100C6000FFFFFFFFFFFFFFFFFFFFFFFFFFFFFFFF94
:100C7000FFFFFFFFFFFFFFFFFFFFFFFFFFFFFFFF84
:100C8000FFFFFFFFFFFFFFFFFFFFFFFFFFFFFFFF74
:100C9000FFFFFFFFFFFFFFFFFFFFFFFFFFFFFFFF64
:100CA000FFFFFFFFFFFFFFFFFFFFFFFFFFFFFFFF54
:100CB000FFFFFFFFFFFFFFFFFFFFFFFFFFFFFFFF44
:100CC000FFFFFFFFFFFFFFFFFFFFFFFFFFFFFFFF34
:100CD000FFFFFFFFFFFFFFFFFFFFFFFFFFFFFFFF24
:100CE000FFFFFFFFFFFFFFFFFFFFFFFFFFFFFFFF14
:100CF000FFFFFFFFFFFFFFFFFFFFFFFFFFFFFFFF04
:100D0000FFFFFFFFFFFFFFFFFFFFFFFFFFFFFFFFF3
:100D1000FFFFFFFFFFFFFFFFFFFFFFFFFFFFFFFFE3
:100D2000FFFFFFFFFFFFFFFFFFFFFFFFFFFFFFFFD3
:100D3000FFFFFFFFFFFFFFFFFFFFFFFFFFFFFFFFC3
:100D4000FFFFFFFFFFFFFFFFFFFFFFFFFFFFFFFFB3
:100D5000FFFFFFFFFFFFFFFFFFFFFFFFFFFFFFFFA3
:100D6000FFFFFFFFFFFFFFFFFFFFFFFFFFFFFFFF93
:100D7000FFFFFFFFFFFFFFFFFFFFFFFFFFFFFFFF83
:100D8000FFFFFFFFFFFFFFFFFFFFFFFFFFFFFFFF73
:100D9000FFFFFFFFFFFFFFFFFFFFFFFFFFFFFFFF63
:100DA000FFFFFFFFFFFFFFFFFFFFFFFFFFFFFFFF53
:100DB000FFFFFFFFFFFFFFFFFFFFFFFFFFFFFFFF43
:100DC000FFFFFFFFFFFFFFFFFFFFFFFFFFFFFFFF33
:100DD000FFFFFFFFFFFFFFFFFFFFFFFFFFFFFFFF23
:100DE000FFFFFFFFFFFFFFFFFFFFFFFFFFFFFFFF13
:100DF000FFFFFFFFFFFFFFFFFFFFFFFFFFFFFFFF03
:100E0000FFFFFFFFFFFFFFFFFFFFFFFFFFFFFFFFF2
:100E1000FFFFFFFFFFFFFFFFFFFFFFFFFFFFFFFFE2
:100E2000FFFFFFFFFFFFFFFFFFFFFFFFFFFFFFFFD2
:100E3000FFFFFFFFFFFFFFFFFFFFFFFFFFFFFFFFC2
:100E4000FFFFFFFFFFFFFFFFFFFFFFFFFFFFFFFFB2
:100E5000FFFFFFFFFFFFFFFFFFFFFFFFFFFFFFFFA2
:100E6000FFFFFFFFFFFFFFFFFFFFFFFFFFFFFFFF92
:100E7000FFFFFFFFFFFFFFFFFFFFFFFFFFFFFFFF82
:100E8000FFFFFFFFFFFFFFFFFFFFFFFFFFFFFFFF72
:100E9000FFFFFFFFFFFFFFFFFFFFFFFFFFFFFFFF62
:100EA000FFFFFFFFFFFFFFFFFFFFFFFFFFFFFFFF52
:100EB000FFFFFFFFFFFFFFFFFFFFFFFFFFFFFFFF42
:100EC000FFFFFFFFFFFFFFFFFFFFFFFFFFFFFFFF32
:100ED000FFFFFFFFFFFFFFFFFFFFFFFFFFFFFFFF22
:100EE000FFFFFFFFFFFFFFFFFFFFFFFFFFFFFFFF12
:100EF000FFFFFFFFFFFFFFFFFFFFFFFFFFFFFFFF02
:100F0000FFFFFFFFFFFFFFFFFFFFFFFFFFFFFFFFF1
:100F1000FFFFFFFFFFFFFFFFFFFFFFFFFFFFFFFFE1
:100F2000FFFFFFFFFFFFFFFFFFFFFFFFFFFFFFFFD1
:100F3000FFFFFFFFFFFFFFFFFFFFFFFFFFFFFFFFC1
:100F4000FFFFFFFFFFFFFFFFFFFFFFFFFFFFFFFFB1
:100F5000FFFFFFFFFFFFFFFFFFFFFFFFFFFFFFFFA1
:100F6000FFFFFFFFFFFFFFFFFFFFFFFFFFFFFFFF91
:100F7000FFFFFFFFFFFFFFFFFFFFFFFFFFFFFFFF81
:100F8000FFFFFFFFFFFFFFFFFFFFFFFFFFFFFFFF71
:100F9000FFFFFFFFFFFFFFFFFFFFFFFFFFFFFFFF61
:100FA000FFFFFFFFFFFFFFFFFFFFFFFFFFFFFFFF51
:100FB000FFFFFFFFFFFFFFFFFFFFFFFFFFFFFFFF41
:100FC000FFFFFFFFFFFFFFFFFFFFFFFFFFFFFFFF31
:100FD000FFFFFFFFFFFFFFFFFFFFFFFFFFFFFFFF21
:100FE000FFFFFFFFFFFFFFFFFFFFFFFFFFFFFFFF11
:100FF000FFFFFFFFFFFFFFFFFFFFFFFFFFFFFFFF01
:10100000D1002043ED15006000000000000000004A
:10101000201000600010006000B4006000000000BC
:101020000000006000C0000000000000FFFFFFFFA4
:10103000FFFFFFFFFFFFFFFFFFFFFFFFFFFFFFFFC0
:10104000FFFFFFFFFFFFFFFFFFFFFFFFFFFFFFFFB0
:10105000FFFFFFFFFFFFFFFFFFFFFFFFFFFFFFFFA0
:10106000FFFFFFFFFFFFFFFFFFFFFFFFFFFFFFFF90
:10107000FFFFFFFFFFFFFFFFFFFFFFFFFFFFFFFF80
:10108000FFFFFFFFFFFFFFFFFFFFFFFFFFFFFFFF70
:10109000FFFFFFFFFFFFFFFFFFFFFFFFFFFFFFFF60
:1010A000FFFFFFFFFFFFFFFFFFFFFFFFFFFFFFFF50
:1010B000FFFFFFFFFFFFFFFFFFFFFFFFFFFFFFFF40
:1010C000FFFFFFFFFFFFFFFFFFFFFFFFFFFFFFFF30
:1010D000FFFFFFFFFFFFFFFFFFFFFFFFFFFFFFFF20
:1010E000FFFFFFFFFFFFFFFFFFFFFFFFFFFFFFFF10
:1010F000FFFFFFFFFFFFFFFFFFFFFFFFFFFFFFFF00
:10110000FFFFFFFFFFFFFFFFFFFFFFFFFFFFFFFFEF
:10111000FFFFFFFFFFFFFFFFFFFFFFFFFFFFFFFFDF
:10112000FFFFFFFFFFFFFFFFFFFFFFFFFFFFFFFFCF
:10113000FFFFFFFFFFFFFFFFFFFFFFFFFFFFFFFFBF
:10114000FFFFFFFFFFFFFFFFFFFFFFFFFFFFFFFFAF
:10115000FFFFFFFFFFFFFFFFFFFFFFFFFFFFFFFF9F
:10116000FFFFFFFFFFFFFFFFFFFFFFFFFFFFFFFF8F
:10117000FFFFFFFFFFFFFFFFFFFFFFFFFFFFFFFF7F
:10118000FFFFFFFFFFFFFFFFFFFFFFFFFFFFFFFF6F
:10119000FFFFFFFFFFFFFFFFFFFFFFFFFFFFFFFF5F
:1011A000FFFFFFFFFFFFFFFFFFFFFFFFFFFFFFFF4F
:1011B000FFFFFFFFFFFFFFFFFFFFFFFFFFFFFFFF3F
:1011C000FFFFFFFFFFFFFFFFFFFFFFFFFFFFFFFF2F
:1011D000FFFFFFFFFFFFFFFFFFFFFFFFFFFFFFFF1F
:1011E000FFFFFFFFFFFFFFFFFFFFFFFFFFFFFFFF0F
:1011F000FFFFFFFFFFFFFFFFFFFFFFFFFFFFFFFFFF
:10120000FFFFFFFFFFFFFFFFFFFFFFFFFFFFFFFFEE
:10121000FFFFFFFFFFFFFFFFFFFFFFFFFFFFFFFFDE
:10122000FFFFFFFFFFFFFFFFFFFFFFFFFFFFFFFFCE
:10123000FFFFFFFFFFFFFFFFFFFFFFFFFFFFFFFFBE
:10124000FFFFFFFFFFFFFFFFFFFFFFFFFFFFFFFFAE
:10125000FFFFFFFFFFFFFFFFFFFFFFFFFFFFFFFF9E
:10126000FFFFFFFFFFFFFFFFFFFFFFFFFFFFFFFF8E
:10127000FFFFFFFFFFFFFFFFFFFFFFFFFFFFFFFF7E
:10128000FFFFFFFFFFFFFFFFFFFFFFFFFFFFFFFF6E
:10129000FFFFFFFFFFFFFFFFFFFFFFFFFFFFFFFF5E
:1012A000FFFFFFFFFFFFFFFFFFFFFFFFFFFFFFFF4E
:1012B000FFFFFFFFFFFFFFFFFFFFFFFFFFFFFFFF3E
:1012C000FFFFFFFFFFFFFFFFFFFFFFFFFFFFFFFF2E
:1012D000FFFFFFFFFFFFFFFFFFFFFFFFFFFFFFFF1E
:1012E000FFFFFFFFFFFFFFFFFFFFFFFFFFFFFFFF0E
:1012F000FFFFFFFFFFFFFFFFFFFFFFFFFFFFFFFFFE
:10130000FFFFFFFFFFFFFFFFFFFFFFFFFFFFFFFFED
:10131000FFFFFFFFFFFFFFFFFFFFFFFFFFFFFFFFDD
:10132000FFFFFFFFFFFFFFFFFFFFFFFFFFFFFFFFCD
:10133000FFFFFFFFFFFFFFFFFFFFFFFFFFFFFFFFBD
:10134000FFFFFFFFFFFFFFFFFFFFFFFFFFFFFFFFAD
:10135000FFFFFFFFFFFFFFFFFFFFFFFFFFFFFFFF9D
:10136000FFFFFFFFFFFFFFFFFFFFFFFFFFFFFFFF8D
:10137000FFFFFFFFFFFFFFFFFFFFFFFFFFFFFFFF7D
:10138000FFFFFFFFFFFFFFFFFFFFFFFFFFFFFFFF6D
:10139000FFFFFFFFFFFFFFFFFFFFFFFFFFFFFFFF5D
:1013A000FFFFFFFFFFFFFFFFFFFFFFFFFFFFFFFF4D
:1013B000FFFFFFFFFFFFFFFFFFFFFFFFFFFFFFFF3D
:1013C000FFFFFFFFFFFFFFFFFFFFFFFFFFFFFFFF2D
:1013D000FFFFFFFFFFFFFFFFFFFFFFFFFFFFFFFF1D
:1013E000FFFFFFFFFFFFFFFFFFFFFFFFFFFFFFFF0D
:1013F000FFFFFFFFFFFFFFFFFFFFFFFFFFFFFFFFFD
:10140000824205D051F8043B40F8043B8242F9D8AF
:10141000704700BF044A05494FF0000342F8043BFF
:101420009142FBD8704700BFC016002020EA002080
:1014300080B5BFF34F8F00F0BDF9534C534B0820DC
:101440005349C3F85401534AC3F800115248C3F832
:10145000F0405249FFF7D4FF514A52495248FFF732
:10146000CFFF524CFFF7D6FF4FF470004FF0E02152
:1014700000234F4AC1F8880D44F823200133B02BD4
:10148000FAD14C4B80214C4A03F8011B9342FBD10B
:101490004FF0E025494F4A4A4FF0FF31C5F8084D5B
:1014A0000026D5F8243D43F4E023C5F8243DFB692C
:1014B00023F07F0343F04003FB617B6A23F07F034B
:1014C00043F040037B629166D1661167516700F07B
:1014D00079F93C4B63223C49A3633C4BE363032310
:1014E0006A613B4AAE612B61C5F8202DD5F8FC2D11
:1014F000384B42F08072C5F8FC2D1A6842F00102A8
:101500001A605B680B6000F0E7F9334800F058FBA5
:10151000F96E324B324A41F44051F9661E60C3F80D
:101520000861C3F81861C3F82861C3F83861936B88
:10153000DB0708D442F615632A4951651365936B9E
:1015400043F001039363264A274C936843F0011349
:10155000936000F005F900F043FB00F0EBF900F0B8
:101560002BF92368132BFCD900F07CFA2368B3F520
:10157000967FFBD300F024F900F020F900F024FB63
:1015800000F036FB30BFFDE70C0D111300800D405D
:101590001B101820E87C000000000000941D006073
:1015A000C0160020809A0060000000200014002077
:1015B000414F000000E400E0A0E400E000C00F4064
:1015C00000C00A40C16600000CE80020C5660000AB
:1015D00000002020001000E00046C3230040084027
:1015E00000400D400000C05610E80020054B4FF4AD
:1015F0002A01054A05485A641864054A99639546C4
:10160000FFF716FF00C00A40ABAAAAAA07002000F5
:10161000008007201BB9124B1B6F9B041ED400F0E7
:101620003F000F4B22F0604221F0604140F48910EE
:101630001867C3F88010C3F890201A6F22F4805204
:101640001A671A6F002AFCDAD3F87011054A0A40AB
:10165000C3F870211A6F22F480321A67704700BFF6
:1016600000800D40FF7F7FFFB1F5607FF0B50E4633
:101670008DB028BF4FF460760F46054672B62E4BEC
:1016800000247022186021462C4B2D481C8000F04D
:1016900093FACFB121462A484FF0010C4A0901F0D4
:1016A0001F03013150F822400CFA03F38E4243EA43
:1016B000040340F82230F1D8284600234380013348
:1016C00000F582709E42F9D81E4C257815B162B69D
:1016D0000DB0F0BD082000F06BFA1B4B80220646CF
:1016E000009302A90693194B0271056008A80293A2
:1016F00000F072FA06A9164A304600F075FA069B09
:1017000008A8DB689847009B02A8DB689847237805
:10171000002BDCD10F4B104AC3F858210F49D020C1
:101720004FF0E023402281F84600C3F8082101234E
:10173000237062B60DB0F0BD2C1A0020A8E900207D
:10174000341A0020BEE90020980600202D3C00003D
:101750001B10010000140020393C000000E400E0F0
:10176000104BA020104AD96E41F4403110B4D96614
:1017700040F23764D96E41F44071D9665464906484
:10178000936C1B06FCD4094A40F23761A0235164D4
:101790009364936C13F08003FBD1054A13705DF8DA
:1017A000044B704700C00F4000400C4000800C40CC
:1017B000C4E90020704700BF704700BF704700BFFA
:1017C00000BF704710B44FF0E023002110243248CE
:1017D000C3F8941DC3F89C4D1124C3F8A00D2F48E5
:1017E000C3F89C4D1224C3F8A00D2D48C3F89C4D9E
:1017F0002C4AC3F8A00D2C4C42F015022B48C3F81C
:101800009C4DC3F8A00D2A4C2A48C3F89C4DC3F840
:10181000A00D294CC3F89C2D2848294AC3F8A04D97
:10182000C3F89C0DC3F8A02D02F5A022254C0C3264
:101830002548C3F89C4DC3F8A02D244AC3F89C0D3D
:10184000C3F8A02D02F14062214C02322148C3F8B6
:101850009C4DC3F8A02D0A32C3F89C0DC3F8A02DEF
:1018600000BF00BF00BF00BF00BF0122C3F8942D1E
:10187000BFF34F8FBFF36F8FC3F8501FBFF34F8F6E
:10188000BFF36F8FD3F8142D5DF8044B42F4403250
:10189000C3F8142D704700BF3F0000102500080753
:1018A0000900100020EA0020130020002100020798
:1018B0001400002025000813090000101600202045
:1018C00027000B1317000040180000602F000B07C3
:1018D000190000701A000080F0B4154A40274FF438
:1018E00080314FF480564FF400554FF4404443F29A
:1018F0004200136913F0020F0ED113F4005F0FD0F2
:1019000013F4805F0ED0002BF3DA13F4803F0BD179
:101910005B060BD5F0BC7047946151619061E8E7BC
:101920005561E6E75661E4E79161E2E75761E0E778
:1019300000800D403F4A03203F49F3EE095AD2F898
:1019400080304FF0000C9FED3D6A23F001039FEDC6
:101950003C5A30B4C2F88030C2F89000D1F8E010A0
:10196000384DCBB2384C39482B6007EE903A0B0D0E
:10197000C1F30B21F8EEE77A06EE903A07EE101A63
:10198000334BB8EEC77A2160F8EEE66A314937EE9C
:10199000C66A37EEC55A76EEC76A77EEE57A26EE66
:1019A000266AC3ED006A25EE265AD2F8803067EE2B
:1019B000A64AC0ED007AC6EE275A274885EE276A68
:1019C000C4EEA76A75EE875AFCEEE55A36EE076A52
:1019D00015EE904ABCEEC66A43EA045376EE877A67
:1019E000C2F8803016EE103AD2F89041FCEEE77A59
:1019F00001EA0341214317EE903AC2F89011C3F374
:101A00000B03D2F890110B431449C2F89031D2F86D
:101A1000803043F00203C2F88030114B80F840C0A0
:101A2000C1F840314FF0E023012230BCC3F8082157
:101A3000704700BF00810D4000441F400000AA42D3
:101A40000000B442F4E70020F0E70020F8E70020AF
:101A5000FCE700200000FF0F00E400E0001400207D
:101A600005510000314B40F6617210B5C3F82021DA
:101A700040F2044400F0C0F82D4A2E49D2F88030DC
:101A80002D4843F00303C2F880302C4BC1F860416D
:101A900002681A4203D1D1F8A8319A071BD0254A0F
:101AA0004FF00041244B5963D2F8403143F0020318
:101AB000C2F84031D2F840319B07FBD44FF40030DC
:101AC0004FF0E0211C4B4FF00042C1F88C0219206E
:101AD0009A6300F07DF8184A4FF08040154C0021C1
:101AE00090630A20164B11604FF42072C4F8A801CD
:101AF000184600F061F84FF4800203464FF481006D
:101B000040F243111860C4F858311A640D4B0E4A64
:101B1000C4F84811C3F804224FF0E0224FF400311A
:101B20000123C2F80C11C4F8403110BD00800D40F3
:101B300000C00F4000002E4000900D40001C1E0011
:101B400000000020001400202553000008B50E4BB3
:101B50001B6E9B0700D4FBBE72B60C4B00200C4AD8
:101B6000C3F8400103F160430A49A3F55F23116400
:101B70009D46BFF34F8F4FF400130748074ADB69B8
:101B800002609B68984700BF00441F4000002E4041
:101B900000C00A400300200000802020000012EB5B
:101BA000F8B500BFF8BC08BC9E46704700000000B6
:101BB0005FF800F0314C00005FF800F05D78000045
:101BC0005FF800F0114500005FF800F03D7900007B
:101BD0005FF800F0014800005FF800F0A13C000051
:101BE0005FF800F0314E00005FF800F0D5410000D2
:101BF0005FF800F0ED4A00005FF800F0615A000065
:101C000005010000BD2F0000DD390000D9420000B1
:101C100020036400690063006500460072006900EB
:101C200065006E006400200076002E003000310058
:101C3000220353006900670069006C0049006E00D0
:101C400073007400720075006D0065006E00740012
:101C5000730000000403090409029500030100C099
:101C600032080B0002020201000904000001020216
:101C700001000524001001052401010104240206CD
:101C80000524060001070582031000100904010065
:101C9000020A000000070503024000000705830256
:101CA00040000009040200020103000007240100B3
:101CB0000125000624020101000624020202000997
:101CC00024030103010201000924030204010101AC
:101CD000000905040240000000000525010101097A
:101CE00005840240000000000525010103000000FA
:101CF00009029500030100C032080B000202020134
:101D00000009040000010202010005240010010581
:101D100024010101042402060524060001070582AE
:101D20000310000509040100020A00000007050372
:101D300002000200070583020002000904020002FB
:101D4000010300020724010001250006240201010D
:101D50000206240202020209240301030102010215
:101D60000924030204010101020905040200020022
:101D700000000525010101090584020002000000A0
:101D800005250101030000000A060002EF020140E0
:041D9000010000004E
:101D9400000000000000000000000000000000003F
:101DA400000000000000000000000000000000002F
:101DB400F8B54FF084439D695A6915400DD0254FFD
:101DC40001269D6195FAA5F4B4FA84F457F82430F9
:101DD40006FA04F49847A543F4D11F4B9D695A6948
:101DE40015400DD01D4F01269D6195FAA5F4B4FA56
:101DF40084F457F8243006FA04F49847A543F4D140
:101E0400174B9D695A6915400DD0164F01269D61E7
:101E140095FAA5F4B4FA84F457F8243006FA04F4D5
:101E24009847A543F4D1104B9D695A6915400DD0CC
:101E34000E4F01269D6195FAA5F4B4FA84F457F87F
:101E4400243006FA04F49847A543F4D1BFF34F8F26
:101E5400F8BD00BF801000200040004200110020A7
:101E6400008000428011002000C0004200120020C7
:101E74000548064B1B1AD90F01EBA301491002D0E8
:101E8400034B03B118477047C0160020C01600204A
:101E94000000000008B5054B1BB105490548AFF328
:101EA4000080BDE80840FFF7E3BF00BF000000006A
:101EB40000E7002000C0006010B504F0BDFB0B4A31
:101EC4001368C31AB3F57A7F0FD3094C217801F054
:101ED400FF0309B11368C31A06490B6001230649BD
:101EE400237010600B6801330B6010BDF81E0020D6
:101EF400C7E90020FC1E0020001F00205D4B00F1FC
:101F04008002B7EE007ADFED5C7A9C46F0EE084A78
:101F14009FED5A5ADFED5A5A9FED5A6ADFED5A6A1D
:101F24002DE9F04F03F1300B03F1480700F15C0396
:101F34008146654600F1500A044600F1680600F146
:101F4400A80E4FF000082DED028B83B09FED4F8A51
:101F540000930192BCE80F000FC4BCE80F000FC44B
:101F64009CE80F0084E80F004FF08071C9ED0D7AF2
:101F740089ED0E7AC9F83C1089ED0C8AC9E91088FC
:101F84009BE80700C9E912888AE8070005F13C01CB
:101F9400009B07C983E807000FCF0FC697E803002B
:101FA400019B86E8030005F1600107C983E8070087
:101FB4000FCD89ED290A89F89480C9F8A080C9E970
:101FC4002388C9E92688AEE80F000FCDAEE80F00DC
:101FD4009CE80F008EE80F0041464FF4804209F55B
:101FE4008E7089ED387AC9ED394AC9ED367AC9ED72
:101FF400377A89ED3A5AC9ED3B5A89ED3C6A89ED45
:102004003D8A89ED3E8A89ED3F8A89ED408A89EDD2
:10201400418AC9ED426A89ED438A89ED448A89ED92
:10202400458A89ED468A07F0E1FA09F58043184AA2
:1020340048461849C3F81C21174A83ED488AC3F857
:10204400342146F6B61283ED498A83ED4A8A83ED3C
:102054004B8A83ED4C8A83F83881A3F85421C3E971
:102064004F18C3E95188C3E9538803B0BDEC028B10
:10207400BDE8F08FD00500200000DC4277BE7F3F32
:10208400CDCCCC3D9A99193F7593D83E0000000001
:102094000000484371AB32098C68059B38B500F5E4
:1020A4008045C36C0446D5F84C21934204D00022E9
:1020B400C5F84C3185F83821A26CD5F848319A42DC
:1020C40035D089490023C5F8482104F58E70C4F839
:1020D400EC108649864AC4F8F01046F6B611C4F8E6
:1020E4000431C4F80031C4F8F830C4F8F430C4F84A
:1020F400FC30C4F81831C4F81431C4F808214FF482
:102104008042C4F81031C4F80C31A5F854110021F0
:10211400C5F83031C5F82C31C5F82831C5F824315B
:10212400C5F8203107F062FA002385F83831636C72
:10213400D5F84421934245D194F83C30002B00F06B
:10214400AE80D4ED0D7AB1EE0C7AD4ED016AB8EE1E
:10215400080AC4ED367AA6EE870A06F047FAD4EDEB
:10216400050A84ED380AF5EEC00AF1EE10FA00F122
:10217400AD80F7EE007AF4EE670AF1EE10FA77FE1E
:10218400A00A9FED5C0A06F09BFAD4ED096A9FED64
:102194005A7ABFEE006ADFED597A26EE877AD4EDDB
:1021A400295A9FED575AE6EE877A20EE050A84ED08
:1021B400390A67EEA57A86EE270A06F0A5F984EDBA
:1021C4003A0A38BDD4ED0E6A9FED4E7ADFED4E7AB1
:1021D400C5F84431E6EE877AF5EEC07AF1EE10FAEE
:1021E40077DBB7EE007AF4EE477AF1EE10FA77FE79
:1021F400277A002294F84130C4ED407AC4ED417A44
:10220400C4F8EC20002B97D1D4ED085AB7EE007A2D
:102214009FED3E6ADFED3E7AD4ED456AE5EE867ABF
:1022240077EEA67AF4EEC77AC4ED457AF1EE10FAA9
:1022340052DB77EEC77AB622C4ED457A95F854316D
:10224400534095F85521DFED335A03F0070182F02E
:10225400690285F8543107EE101A85F85521D4ED3A
:10226400427AB8EEC77A9FED2C6ADFED2C6AE7EE6E
:10227400257A77EEC67AF4EEE67AF1EE10FA2FDBE1
:102284009FED277AF4EE477AF1EE10FA77FE277A7B
:1022940094F83C30C4ED427A002B7FF452AFF3EE55
:1022A400087A94ED006ADFED1F6AB2EE080A9FED2A
:1022B4001E7AE6EE267A77EEC77A87EE800A06F073
:1022C40095F9DFED1A7A60EE277A3CE7DFED180A1C
:1022D40057E7DFED177A8CE795F854313922AFE7E9
:1022E400F0EE667AD4E700BFCDCCCC3D9A99193F85
:1022F4007593D83E0000E14433333340BC74133C3F
:102304002CF6A73E9A99193FCDCCCC3ECDCC4C3F70
:102314009A99193E7F6ABC3C0AD7A33D0AD7233C4D
:10232400A4707D3F0000A84200008A420000DC4304
:10233400000000002DE9F04FDFED8B6A0C460646E5
:1023440001F1A80301F1D8022DED108B89B0F3EC53
:10235400017A13ED2B7A934237EE677AE7EE267A09
:1023640043ED017AF3D104F5804594F84320D4ED8C
:1023740030AABFEE00AAD5F83C319FED7C7A83EAFF
:10238400433383EA534383EA4313C5F83C311B0ABE
:1023940007EE903AF8EEE77AA7EE87AA8DED01AA48
:1023A4001AB1DFED737A6AEEA7AAD4ED317AF1EEB1
:1023B400006A9FED704AB7EE006A67EEA77A95ED62
:1023C400477AD4ED345AF1EE0C4A94ED469ABFEEB6
:1023D40000FAE7EE846A9FED685A69EE257AD5F82B
:1023E4005081F0EE465A94F84230002BE7EEA45A9E
:1023F40007EE908A76EEC76A06FE0FFAF8EEE77AE1
:10240400A6EE857AC6EE25DA85ED477A77EEC77AA9
:10241400F5EEC07AF1EE10FA03D59FED587A77EE17
:10242400877ABDEEE77A94F83EA017EE102AB8EE4C
:10243400C77A531C04EB820277EEC77AC3F30B030B
:1024440092ED478A04EB830393ED477A37EE487A9B
:10245400A7EE878ABAF1000F54D0D4ED41EA9FED7C
:1024640048BAD4ED296A6EEE8B7AD4ED3BCA94F85F
:102474003F9095F85421CDED037A94F841B0D4ED12
:10248400407ACDED027AD5F840710137C5F8407134
:1024940017F01F0740F09E80BBF1000F40F09B80B7
:1024A400DFED387AB7EE006AD4ED32BA9FED367AB2
:1024B400D4ED425AABEEA77ADFED347A36EE656A94
:1024C40068EE277A27EE257AE7EE067A9FED337ACF
:1024D400F4EEC77AF1EE10FAC0F2D6849FED2C7AAE
:1024E400F4EEC77AF1EE10FA00F3FA84B0EE006A63
:1024F4009FED287ABFEE00CAA7EE86CA2CEE07CA63
:1025040000F0C6BC94F83F90B9F1000F00F06A8265
:1025140094F84030002B40F0A084D4ED296AB7EE43
:10252400007AD4ED395A94ED3F6AC5EEA67A77EE77
:10253400867AF4EEC77AC4ED3F7AF1EE10FA80F2AF
:10254400D484D4ED407AD4ED41EA9FED0DBACDEDBB
:10255400027A6EEE8B7AD4ED3BCA95F8542194F846
:1025640041B0CDED037A8EE7A69BC43A0100003456
:102574009A99B93F00007A4517B7513A000080454F
:10258400B6F37D3FAE47E13E33336340BC74933CC6
:1025940077BE7F3F295C8F3D00803B466F12833AB4
:1025A4003333B33E6666263FDB0FC9409A99193E22
:1025B4009A99193FCDCCCC3ECDCCCCBEA69BC43B86
:1025C400DB0F4940CDCC0C3F6666E63E6F12833B81
:1025D400000000000027D4ED437AD4ED32BACDEDEB
:1025E400057AB6EE087A94ED0C6AF7EE007AE6EE18
:1025F400077A94ED366AB2EE007A67EE867AF4EEE4
:10260400C77AF1EE10FAC0F217821FED1D7AF4EECC
:10261400477AF1EE10FA77FE277A94ED377AF1EEE5
:10262400005A1FED226A77EEC77AA7EE867A94EDF8
:102634003E6A6DEEAA7A67EE867A87EE266A84EDA4
:10264400377A94ED3C7AF7EE006AE7EEA56AD4EDAA
:10265400387A66EE277AE6EE86CAF5EEC07AF1EEAF
:1026640010FAC0F2E6815FED2D6AF4EE667AF1EEBF
:1026740010FA76FEA77AF7EE006A94ED3D6AB0EEA2
:10268400005A2AEE866AF0EE665AF4EEE6CAE6EEE0
:10269400055AF1EE10FAA5EEA77AC0F2C083012321
:1026A400F7EE007AB4EEE77AF1EE10FAC0F2AF83F7
:1026B4000121FBFE477AFBFE6C6A7CEEE6CA77EEEC
:1026C400676AF6EE007AB1EE005AC4ED3BCAC4ED77
:1026D4003C6A7CEEE75A76EEE77AF0EEE55AB0EE25
:1026E400E77AF7EE007AB0EE67DAB0EE67CAA5EEE5
:1026F400C5DAA7EE45CABBF1000F40F08B81002B71
:1027040000F08581B4EECCDA95F85501C0F34010A1
:10271400F1EE10FACCBF01230023434043EA420305
:10272400DAB285F8542189B1DDED057AC2F3C0012E
:1027340095F85501B4EEE78AF1EE10FACCBF012307
:1027440000234B4043EA400385F8553102F0070269
:10275400F0EE0C5A5FED6EFA07EE902AB8EEE77AC7
:10276400C7EE257AB7EE007A77EEC78A94ED447AFD
:102774005FED747A68EEAFFAE7EE27FAC4ED44FA37
:10278400B0EE080A1FED78EA28EE2AAA6BEEAFFA3B
:1027940026EE000A2AEE0FFAA6EE8E0A06F020F9BB
:1027A400B1EE0C6AD4ED2C9A2CEE8EEA5FED817AB0
:1027B400B0EE40BAE9EE867AB0EE4E0AA7EE8B0A86
:1027C400F1EE007AAFEE270AF0EE007AAFEEA70A38
:1027D40006F006F9B4EECCDA5FED8B7AB0EE40CABF
:1027E4001FED8C6A68EEA77A1FED8D4AF1EE10FAA0
:1027F40036FE046A77EE868AD4ED2D7A94ED2E6A3D
:10280400CDED047ABAF1000F00F08082F0EE46FAC2
:102814006FEEAF3A5FED977AB6EE084AE3EE847A4C
:10282400F4EEE7CAF1EE10FA40F16D821FED9C0A56
:102834008DED076A2CEE800ACDED067A80EE270A2C
:1028440006F0CEF8DDED067A9DED047A8EEE274A89
:10285400F0EE40CAF1EE0C7AB7EE000AA7EE270AB2
:1028640024EE000A06F0BCF82CEE800A9DED076AFF
:1028740039EEA97AB7EE004AB4EEC47AF1EE10FA52
:1028840000F1968237EE447A30EE680AF0EE687A08
:10289400E7EE007A9DED037A2FEE2DFA5FEDB74A4D
:1028A400B0EE044A84ED417A1FEDB97ADDED016A98
:1028B4002CEE077AA6EEA47AF8EE084AE7EE2E7A12
:1028C400EFEE047AF4EEE47AF1EE10FA80F200828C
:1028D400F1EE6AAAFFEE004A7AEE0C7AB8EE087AB4
:1028E400F4EEC77AF1EE10FAC0F2EF81B0EE087A96
:1028F400F4EEC77AF1EE10FA00F3A282B3EE0B7A8B
:10290400F2EE025AB0EE475A67EEA55AA7EEA75A5E
:10291400A7EEA57A67EE857AC7EE875AC4ED3D5ACD
:10292400B6EE007AB0EE4B0AF8EE087AAAEE870A01
:10293400B4EEE70AF1EE10FAC0F2C481F0EE087AC0
:10294400B4EEE70AF1EE10FA00F37782F3EE0B7AB5
:10295400F2EE026AF0EE675A60EE266AE0EE005A82
:10296400E0EE267A20EE250AB0EE677AC0EE077A0A
:10297400C4ED3E7ABAF1000F61D094F83D30002BDB
:1029840000F08281F7EE007ADDED026A1FEDF17A44
:102994001FEDF15A77EEE65AE5EE876AF4EEC56A62
:1029A400C4ED406AF1EE10FAC0F28382F4EEE76AF5
:1029B400F1EE10FA61DDDFEDDE5AF0EE676A9FEDAD
:1029C400DD6A6FEEA55A95ED487A9FEDDB5A74EEF9
:1029D400C74AAFEEA56A36EE056AA4EE867A85ED9F
:1029E400487A69E0D4ED41EA9FEDE8BAD4ED296A6A
:1029F4006EEE8B7AD4ED3BCA95F8542194F841B02D
:102A0400CDED037AD4ED407ACDED027A3BE5002991
:102A14007FF48AAE02F00702B0EE0C5AD4ED44FA09
:102A240007EE102AB8EEC77AC7EE055A75EEE78AA4
:102A3400A6E6DFEDDD7A1EE6F0EE477AEDE5D4EDAD
:102A44003A6ADDED027A67EEA66AC4ED406AB9F12E
:102A5400000F04D194F83D30002B00F02181F5EEF5
:102A6400C06AF1EE10FAC0F22781F7EE007AF4EEB4
:102A7400676AF1EE10FA77FEA66A9FEDAD5ADFEDB4
:102A8400AD5A2FEE855ADFEDAC7A95ED487AE5EE36
:102A94002F5A74EEC74AE5EEA67AA4EEA77AF7EEAB
:102AA400007A85ED487ABAF1000F05D137EEC66A8F
:102AB400DFEDA25AE6EE257A26EE877A9FEDA05A3C
:102AC400B8EE086A67EE275AF0EE657AEFEE057AFB
:102AD400F4EEC67AF1EE10FAC0F2F180B0EE087AA4
:102AE400F4EEC77AF1EE10FA00F3A481B3EE0B7A98
:102AF400B2EE025AF0EE474A27EE855AE7EEA74AAD
:102B0400A7EE857A67EEA47AB0EE476A87EE867AF6
:102B1400BBF1000F03D104EB880383ED477A08F17E
:102B24000103D4ED357AF7EE004A9FED867AC3F3BC
:102B34000B0327EE888AF0EE653A9FED893AC5F8D3
:102B4400503103F2B573E7EEC74A9FED912AC3F300
:102B54000B0328EE268A95ED4B6A04EB8303D5ED2F
:102B6400491AE8EE033A9FED784A93ED471AB8EE16
:102B7400083A95ED4C7A67EE817A9FED745AD5ED5B
:102B84004A2A67EEA67AC5ED4B3A33EEC66A67EE7B
:102B9400827AA1EE846AE4EEA57A66EE056A85ED92
:102BA400496A37EEC77AC5ED4C7AF4EEC36AF0EEA3
:102BB400477AF1EE10FAE2EE847AC5ED4A7AC0F271
:102BC400B180B0EE087AF4EEC76AF1EE10FA00F3C1
:102BD4003F81B3EE0B7ADFED645AB2EE026AB0EED7
:102BE400475A26EE866AA6EEA65AA6EE867A66EEC0
:102BF400856A86EE876A26EE256AB0EEC67ADFED30
:102C0400535AF8EE086A67EEA57AF4EEE67AF1EE26
:102C140010FAC0F28280F0EE086AF4EEE67AF1EE81
:102C240010FA00F31081F3EE0B6ADFED4F4AB2EEB7
:102C3400025AB0EE664A27EE855AA7EEA74AE7EE97
:102C4400856A67EE847AF0EE665AC7EEA56A66EE88
:102C5400A47AF0EEE76A37EE267AC6ED017AF6EE4C
:102C6400005ADFED3B6AF0EE497A304686ED006AA1
:102C74003772D7EE257AA7EEA69A84ED469A09B064
:102C8400BDEC108BBDE8F08FD4ED3A6ADDED027A2D
:102C940067EEA66AC4ED406AB9F1000F7FF4DFAEB7
:102CA400DFED407A66EEA76AF5EEC06AC4ED406ACD
:102CB400F1EE10FABFF6D9AEDFED3B6ADDE6BFEE0A
:102CC400007A25E7FFEE007A52E6FFEE005A25E689
:102CD400B0EE087AF4EEC77AF1EE10FA00F3A780AA
:102CE400B3EE0B7AF2EE024AB0EE474A67EEA44A1C
:102CF400A7EEA74AA7EEA47A67EE847AC7EE874ABE
:102D04006AEEA4AAE8E59FED280AB1E5DFED117AA1
:102D1400DFED11FAE6EE27FA7AE5DFED136ADFED6F
:102D24000F7A98E79FED107A9FED0C6A67E700BF72
:102D34006666263F8FC2753CA69BC43A3333B33EC6
:102D44006666C63F6666E63E52B87E3FCDCCAC3F73
:102D54006F12033A3D0A573F0AD7233E14AE47BFCA
:102D64003333333F9A99993E14AE473FC3128FBD14
:102D74007B146E3F6666263F8FC2753CA69BC43AA1
:102D8400C3128F3D9A99193FCDCCCC3EB6F37D3F0B
:102D9400CDCC4C3F9A99193E7F6ABC3C0AD7A33DDF
:102DA4000AD7233CA4707D3F00000000B6F37D3FAA
:102DB400B2EE043A5FED163AF0EE447ADDED046AC1
:102DC4006CEE233AE6EE837A1FED1A3AEDEE033AFF
:102DD400B6EE003A63EEA73ADDED057AEBEEA73ADC
:102DE400F5EE007AE3EEA77AF1EE003AFBFE672AED
:102DF40077EEE27A77EEC37AF0EEE77AA7EEE34A6B
:102E040078EEC43AF0EE447AE3EE877A42E5B5EE22
:102E1400C07AF1EE10FA4CBF0121002149E4F5EE2D
:102E2400C0CAF1EE10FA4CBF0123002338E4F7EED8
:102E3400004A51E5B7EE007A6AE6F7EE007A97E5C4
:102E4400F7EE005A6AE55FED386AF0EE667A02E75B
:102E54001FED3B7AB0EE476AD1E6D4ED41EA9946DC
:102E64001FED36BAD4ED296A6EEE8B7AD4ED3BCAE7
:102E740095F8542194F841B0CDED037AD4ED407A1D
:102E8400CDED027AFFF7FFBAF0EE477A1FED49CA9B
:102E940094ED436A5F461FED4A7A4FF0000BC4ED90
:102EA400427AA6EE07CA8DED05CA84ED43CAFFF740
:102EB40098BB1FED504AF0EE456A5FED515A2FEE74
:102EC400844A1FED526A95ED487AEFEE845A74EE07
:102ED400C74AA5EE856AA4EE867A85ED487AEBE5C5
:102EE400F0EE477A1FED5ACAD2E7BBFE677A77EE57
:102EF400C77AC4ED3F7A95F83831002B43D1D5F821
:102F040034315FED607A83EA43335FED61EA83EA4B
:102F1400534383EA4313C5F8343103F00303023304
:102F240085F8383194ED0E7AE7EE27EAF5EEC0EA3B
:102F3400F1EE10FA2FDBF7EE007AF4EEE7EAF1EEA9
:102F440010FA00F383801FED6FBA6EEE8B7ACDED2D
:102F5400037A5FED6BCA94F841B0C4ED40EAC4ED66
:102F640041EAC4ED3BCABBF1000F1BD0D5F8403198
:102F7400D94695F854215F460133CDED02EAC5F8F0
:102F84004031FFF728BB013BDBB285F83831002B19
:102F9400B5D0FFF7D6BA5FED7C7AF0EE67EACDEDF7
:102FA400037AD6E794ED085AB7EE007A5FED885AB3
:102FB4005FED887A94ED456AE5EE257A77EE867AB8
:102FC400F4EEC77AC4ED457AF1EE10FA4BDB77EEF6
:102FD400C77AB623C4ED457A95F854215A4095F83A
:102FE40055311FED935A83F0690385F854215FED41
:102FF400955A85F8553102F00703D4ED427A07EE6D
:10300400103A1FED996AB8EEC77AE7EE057A77EEC3
:10301400E57AF4EEC67AF1EE10FA21DB1FED9F7A21
:10302400F4EE477AF1EE10FA77FE277AD5F84031BC
:10303400C4ED427A01335FEDA4CACDED02EAD806AD
:10304400C5F8403109D04F46FFF7C5BA1FEDA97A3C
:10305400F0EE67EA8DED037A7BE7CB46FFF720BA03
:10306400F0EE467AE2E795F854213923B6E700BF3B
:103074002DE9F04F2DED0C8BAFB0019002F0E2FC86
:103084000446039002F0DEFC0290002C00F0328231
:10309400002800F02A82019A02F5404797F86E341E
:1030A400002B00F067814CF2BB484CF28049134678
:1030B4009FEDD59A904491444CF2BE42DFEDD38A01
:1030C4009FEDD38A03F158059A1805AE9246A422BF
:1030D40007F58661304603F0D9FB98F80730002BDA
:1030E40000F0F28199ED0C0A18F8013F002B40F032
:1030F400E98198F803308DF8513007F59363A5F111
:103104003004A4221B68314620468DED120A0B932D
:1031140007F29C431B680C9307F594631B680D939B
:1031240007F595631B68099307F2AC431B6810937A
:1031340007F2A4431B680893D9F848301693D9F8CA
:103144000C300E9301238DF8503003F09FFBB7EE43
:10315400007A204609E0F4EE477AF1EE10FA77FEA1
:10316400277AAC4244ED017A0CD0F4EC017AF5EE06
:10317400C07AF1EE10FAEEDADFEDA67AAC4244ED55
:10318400017AF2D144F25815FEF788FFC24509F1DD
:10319400040925449BD1019A97F86E3402F128085A
:1031A400029A9FED9C9A941C039902F58172F0EEA9
:1031B400499A9FED99BA8D1CDFED98AAA246DFEDDE
:1031C40098BA9FED98AA0092002B50D14146304600
:1031D400FFF7B0F89DF81C309DED057ADDED067A19
:1031E4001BB1019A936901339361B0EEC76AF0EEA3
:1031F400E76AB4EECA7AF1EE10FAC0F2B080DFEDFD
:103204008A5AB4EEE57AF1EE10FA00F3F680DFEDB7
:10321400875A27EE257ABDEEC77A17EE103A1BB20D
:10322400F4EECA7A25F8023FF1EE10FAC0F2A0805B
:103234009FED7D7AF4EEC77AF1EE10FA00F3E080A8
:103244009FED7A7A67EE877AFDEEE77A17EE903A89
:103254001BB22AF8023F79EE869A009B39EE269A31
:10326400534500F00A8197F86E34002BAED09FEDE1
:10327400698AC1464FF0010B0024F0EE488A9FEDA5
:103284006CDADFED6CCA9FED6CCA49463046FFF735
:1032940051F8002C00F09D80012C00F0DF809DEDA2
:1032A400057ABBF1030FDDED067AE7EE2C8AA7EE73
:1032B4008C8A40F09A809FED617AF8EE087A68EE85
:1032C400878AF4EEE78AF1EE10FAC0F2C280F0EEDB
:1032D400087AF4EEE78AF1EE10FA00F3C480F3EE14
:1032E4000B7AB2EE027AF0EE676A28EE877AE8EE9D
:1032F400A86AE8EE877A68EEA68A88EEA77AB0EE26
:10330400C76ADFED4E6AF8EE087A28EE268AB4EE34
:10331400E78AF1EE10FAC0F29780F0EE087AB4EE84
:10332400E78AF1EE10FA00F3A380F3EE0B7AF2EEE3
:10333400025AB4EECA7AB0EE675A68EE255AF1EE34
:1033440010FAA8EE085AE8EE257A28EE058AF0EE7F
:10335400676AC8EE267AF0EEE76ABFF650AFF4EE7D
:10336400CA7A374B25F8023FF1EE10FABFF660AF88
:10337400334B6EE7019CA42207F58661009304F1A8
:103384002808404603F082FAB7EE007A424604F178
:103394005801009B09E0F4EE477AF1EE10FA77FE4B
:1033A400277A8A4242ED017A0CD0F2EC017AF5EEEA
:1033B400C07AF1EE10FAEEDADFED167A8A4242EDC7
:1033C400017AF2D14046009305AEFEF767FE009BFA
:1033D400E6E6F0EE4B7AF0EE6A6A9DED056A9DED45
:1033E400067AE6EE268AA7EE278A09F58249013491
:1033F4000BF1010B09F1580947E747F66F530FE743
:1034040047F66F5325E700BF0000A84200008A4238
:103414000000DC43000000005E8FC23E85EB513F9C
:10342400806AFC3E48E17ABF48E17A3F00FEFF46ED
:10343400F4FD343F5C8FC23E86EB513FCDCC0C3F54
:103444009182FFFF0000003CF7EE006AFFEE007A75
:10345400CFE6B7EE006ABFEE007A52E7F0EE6B7A81
:10346400F0EE4D6AB9E7B7EE006AB0EE467A48E787
:10347400F7EE006AF0EE667ABBE65FED0E7A0022A4
:10348400019C69EEA79A039E29EE279AD4F8343159
:1034940031462046C4ED079A84ED089A636202F02F
:1034A4004FFB029D01222046294602F049FB30468B
:1034B40002F01EFB28462FB0BDEC0C8BBDE8F04F8C
:1034C40002F016BB012316E6F3EE087A99ED007AB2
:1034D400B2EE080AE7EE097A77EEE87A87EE800A18
:1034E40005F084F820EE080AFEE5039B13B11846A4
:1034F40002F0FEFA029B3BB118462FB0BDEC0C8BD8
:10350400BDE8F04F02F0F4BA2FB0BDEC0C8BBDE86F
:10351400F08F00BF0000000010B582B003F08CF8FB
:10352400B7498B68002B00F0888003EB4302B54C4D
:1035340002F57A72A24238BF22460C7894B14968E7
:10354400411A91420ED8B04A92F83F20002A7FD106
:10355400AE4B00229FEDA67B98601A7183ED067B2B
:1035640002B010BDAA498B68002B68D1A54A0C781B
:103574001CB14968411A9142E5D9A34B93F83F2005
:10358400002A00F0B580A34A1278002A40F0B080E7
:10359400A14AD3ED050AD379002B40F0AB8093798F
:1035A400002B40F0A780994CD4ED037AF4EE670A1F
:1035B400F1EE10FA40F0E18094ED047A2379002BC7
:1035C40000F0CA80A368B7EEC77AB3EE081BA06008
:1035D400C31AB7EE003B06EE103A27EE017BB8EEB5
:1035E400466B94ED084B9FED842B84ED087B26EE0F
:1035F400046B94ED065B86EE027B37EE057BB4EE3E
:10360400C37B84ED067BF1EE10FAA9D4FCEEC76B04
:1036140023684FF60F00013BB8EE665B16EE902A66
:10362400134437EE457B236084ED067B04F08EFA69
:1036340002B0BDE8104004F091BA724A7DE703EB92
:103644004302704C02F57A72A24238BF22468EE7DA
:10365400704A1278002A7FF47BAF002B3FF478AFD6
:1036640007EE903A694ADFED6D6AF8EE677A1379EE
:1036740086EEA77A002B5ED093689060C31A06EE9C
:10368400103AB7EEC77AB3EE081BB8EE466BB7EE46
:10369400003B27EE017B92ED084B9FED572B82ED0B
:1036A400087B26EE046B92ED065B86EE027B37EE1A
:1036B400057BB4EEC37B82ED067BF1EE10FA3FF599
:1036C4004FAFFCEEC76B13684FF60F00013BB8EE2B
:1036D400665B16EE901A0B4437EE457B136082ED61
:1036E400067B04F033FA02B0BDE8104004F036BAA9
:1036F400D3ED050A454CD4ED037AF4EE607AF1EE8D
:1037040010FA0FD0F5EEC00AC4ED030AF1EE10FA78
:1037140048D4F7EE007AF4EEE70AF1EE10FA44DD4D
:103724003F4B2361002200230021A0602171C4E9E2
:10373400062302B010BDB3EE085B0123B7EEC77ACF
:103744009060137127EE057B9FED296B82ED087B5A
:1037540082ED066B02B010BDB3EE086B0022B7EE2B
:10376400C77A00230121A06027EE067B2171C4E9FA
:10377400062384ED087B02B010BDF5EEC00AC4ED4B
:10378400030AF1EE10FA2AD4F7EE007AF4EEE70A0F
:10379400F1EE10FA16DDDFED237AB0EE677AC4EDB0
:1037A400047A0BE7204B2361BCE79FED200A0190CC
:1037B40004F086FFDFED1E7A019820EE270A84EDDF
:1037C400040AAFE79FED190A019004F079FFDFEDD9
:1037D400187A019820EE277A84ED047AEEE6DFED7C
:1037E400147AB0EE677AC4ED047AE7E6AFF30080AA
:1037F40000000000000000000000000080842E4152
:10380400D81E002040771B0088120020180C0020CE
:10381400EC1E0020CCE9002054E40020002474496C
:103824005D9F13445D9F13442CF6A73E0000E144C2
:103834002CF6A73E2DE9F843134C0E20134E4FF0FF
:103844000108134D04F11809124F2DED028BF7EE08
:10385400008A9FED118A01E017F8010F02F054FC71
:1038640007EE900A05F8018BB8EEE77AC7EE087AFE
:1038740078EEE77AE4EC017A4C45E6EC017AEBD198
:10388400BDEC028BBDE8F88368E7002050E7002018
:103894004CE400205C06002000C07F44B5EEC00A62
:1038A400F1EE10FA12DBF7EE007A114B93F83E209A
:1038B400B4EE670AF1EE10FA37FE800A6AB1022804
:1038C40010D803EB800080ED140A7047084B9FED7D
:1038D400090A93F83E20002AF1D103EB800080ED21
:1038E400000A704703EB800383ED140A704700BF9E
:1038F400881200200000000010B50446082002F0E1
:10390400EFFE0C4BB0FA80F01A784009824205D0E1
:10391400094A0A49187010780C6010BD064A1178DB
:103924008142FAD0054B1B68E31A152B94BF084655
:10393400107010BDCAE90020C8E900202C1F002027
:1039440038B5314A0123314C137084F8403094F86F
:103954003E502F4B1960002D38D02E4B9B795BBB0A
:103964002D4B98420CD002F067FE2C4A9368002B32
:1039740041D12B4B117819B15268801A98421BD946
:10398400D5B1012294F83E3084F83F20ABB12549EB
:103994000B78981808702449A1FB030101F0FE007C
:1039A40000EB510121485B1A0270DBB2263354F854
:1039B4002320013244F8232038BD636C4FF07E503D
:1039C4001A490133A0630A70636438BD037923B1D3
:1039D400013BDBB20371002BBFD10368012583EAED
:1039E400433383EA534383EA431303F0030203603C
:1039F400931C0371B1E703EB4303094903F57A739D
:103A04008B4238BF0B46B5E7C6E900208812002078
:103A140024E4002054E40020D01E0020D81E0020FE
:103A240040771B00D5E90020ABAAAAAACBE9002065
:103A34002DE9F041BE4C2DED048B04F124069FEDDD
:103A4400BD9ADFEDBD9ADFEDBD8A9FEDBD8A0020F2
:103A540004F02AF9002841D0BA4BBB491B78BB4A71
:103A6400F82B0978157800F08D80A3F1FA02052A65
:103A740050D8DFE802F03C37034F4F030025276896
:103A84004FF400723046294687F83F50257405F0FC
:103A9400ADFD8022FF21AE4805F0A8FDBA6CAD490A
:103AA40040F2011C0132AC48CB6CBA640133AB4A1E
:103AB400BD8705710020A7F88C5087F88E50A7F8B1
:103AC400925087F89450257684F82050A4F804C0C6
:103AD4001571CB6404F0E8F80028BDD1BDEC048B6B
:103AE400BDE8F0812368012283F83F20AFE79949BC
:103AF4004FF0010C00232768CA6C974D9748624425
:103B040087F83FC02374237684F820302B71037127
:103B1400CA649CE7924A1778012F98D1902B6AD0F7
:103B2400802B00F0C680B02B91D1A1F114085FFA6C
:103B340088F00B2840F25F81782900F0A0817B296E
:103B440085D14FF400720021304605F04FFD8022EC
:103B5400FF217F4805F04AFD002322687D499387B1
:103B6400A2F88C3082F88E30A2F8923082F8943029
:103B740040F20112237684F820308B6CA28001334A
:103B84008B6464E70122237C76491344764D0868EC
:103B9400DBB221682A70172BA271A06081F8402043
:103BA40001D8237453E7002291F83F302274002B8C
:103BB4003FF44DAFE379002B7FF449AF91F83E30E9
:103BC400002B58D04FF07E538B6394F8A8325A1CC4
:103BD40084F8A822654AA2FB030202F0FE0000EB6F
:103BE40052029B1ADBB201EB8301D1F89830013306
:103BF400C1F898302BE75B4B1B68002D00F02B813C
:103C0400D4F80080E36098F83E30E77188F840709B
:103C1400002B00F0AF8088F83F7007EE901A94F8FC
:103C2400A832B2EE080A514AF8EE677A2144A2FBA0
:103C34000302581C77EEE87A84F8A80202F0FE002A
:103C440000EB520287EE800A9B1ADDB281F82852FB
:103C540004F0CCFC20EE080A08EB8503A84483EDAD
:103C6400200A88F8927088F88C70D3F89820013272
:103C7400C3F89820EBE694F8203033B1013BDBB273
:103C840084F82030002B7FF4E2AEE36983EA433307
:103C940083EA534383EA431303F00302E361931C6F
:103CA4004FF07E5284F820304B6C8A6301334B64AE
:103CB400CDE6276897F83E0078B1214491F8283280
:103CC400022B3FF6C4AE3B44002283F88C2083F8D9
:103CD4009220FF2381F82832B9E604EB81014FF0EA
:103CE400FF3503464862224951F8042F824201D924
:103CF4001D4610460133802BF6D1EB43DB0F87F8CA
:103D04003D3087F83C306B1C3FF4A1AE07EE905A6F
:103D1400F8EEE77AB2EE080A77EEE87A87EE800AE0
:103D240004F064FC20EE080A87ED0D0A8FE600BF5C
:103D340054E400200000FE4200C07F4400008A4298
:103D44000000DC43E1E90020DFE90020E0E9002095
:103D54007CE6002088120020D01E0020E41E0020F3
:103D6400DEE9002010E80020CCE90020ABAAAAAAD2
:103D740074E40020237E2BB1013BDBB22376002BBD
:103D84007FF465AE636907EE901AB2EE080A012269
:103D940083EA4333F8EE677A04EB810183EA534301
:103DA40077EEE87A83EA4313636103F0030387EE53
:103DB400800A02332376D4F8243288F83F20013372
:103DC4004B62C4F8243204F011FC07EE905AD8F880
:103DD400443020EE080A40F20112B8EEE77A0133CB
:103DE400A8F83C2088ED0D0AC7EE097AC8F84430DB
:103DF400C8ED0E7A2BE607EE905A454DA5FB082533
:103E0400B8EEE70AAD0880EE090A05EB4505FFF7B1
:103E140045FD404AA8EB45053F4B505D4FF0FF324E
:103E240043F8282002F070F907EE900A3B4BB8EEF5
:103E3400E77AF7EE007A03EB8503C7EE296A77EE9B
:103E4400E67AC3ED007A364B03EB8503C3ED007AC3
:103E5400344B5F55FBE5276897F83E30002B39D08B
:103E6400214491F82832022B3FF6F1AD3B4483F80C
:103E74008C5083F89250FF2381F82832E7E500271D
:103E840025684FF400723046394685F83F70277430
:103E940005F0ACFB8022FF21234805F0A7FB40F28C
:103EA4000113224AA380AB6CAF870133A5F88C7051
:103EB40085F88E70AB641E4BA5F892701F711D4B74
:103EC40085F894701F71D36C2776013384F82070C1
:103ED400D364BCE504EB81014FF0FF302B464D6207
:103EE400154951F8042FAA4201D918461546013341
:103EF400802BF6D1C343421C4FEAD37387F83D307D
:103F040087F83C303FF4A3AD07EE900A00E700BF0A
:103F1400ABAAAAAA5C06002020E7002068E70020DC
:103F240050E700204CE400207CE6002088120020AA
:103F3400D01E0020E41E002074E4002010B50C4CB8
:103F44002378FF2B0BD01B0448F2080003F4FE0374
:103F5400184303F0FBFD03F001FEFF232370054A21
:103F640000200549054B926908701A6010BD00BF16
:103F740043130020401F0020CBE9002004E8002068
:103F840038B5134C23793BB9637923B10023114A23
:103F940063711380937038BD0F4D00222B7822710A
:103FA400FF2B07D10D4A00200D490E4B9269087072
:103FB4001A60E9E71B0448F2080003F4FE031843FF
:103FC40003F0C4FD03F0CAFDFF232B70EAE700BF32
:103FD40054E400208412002043130020401F0020DA
:103FE400CBE9002004E8002070B56A4C82B0054695
:103FF400FFF7C6FFFFF790FA2378FF2B04D0664A39
:104004001268AA1A002A6CDA644E654BB269196800
:10401400914204D01A60634B93F83F2002BB624B79
:104024001A7842BBFFF704FDFFF7AAFFFFF774FA03
:104034005E4A1368EB1A182B60D85D4A1368EB1AB2
:10404400092B0BD95B4E00241560324652F8043B11
:10405400002B80F2868001340C2CF7D102B070BDA5
:1040640093F83E20002ADAD193F84030002BD6D1C1
:104074004D4B01221A7050490A68AA1A312AD1D923
:1040840022780D600021FF2A197061D1454BF3EEAF
:10409400087ADFED4A5AF2EE086A93ED005A96ED7B
:1040A400097AE5EE257A93ED086A27EE067AE7EEBB
:1040B400267AF5EEC07AF1EE10FA3DDB9FED407AF8
:1040C400F4EEC77AF1EE10FA60DCFCEEE77A3D48D4
:1040D400CDED017A9DF804301A0402F4FE02104377
:1040E4002CE01B0448F2080003F4FE03184303F019
:1040F4002DFD03F033FDFF23237085E7324BDFED05
:10410400307A93ED000A156020EE270A04F0BAFD18
:104114002E4902460B68C31A002BB8BF5B42012B21
:104124008BDD03062A480A6003F0FE43184303F0BC
:104134000DFD03F013FD80E722480023237003F0F4
:1041440005FD03F00BFD144B05F123021A6069E72A
:10415400120448F2080002F4FE02104303F0F6FCD5
:1041640094E704F114021B064BF20B00D2B203F0E5
:10417400FE4343EA0243184303F0E8FC03F0EEFC79
:104184004FF0FF3346F8243002B070BD11487F234E
:10419400D4E700BF4313002018E70020401F00208D
:1041A40004E8002088120020CBE9002020E400204D
:1041B40030E4002020E700202CE400200000A84286
:1041C4000000FE4209900064041F002080120020B9
:1041D4000BB04A0009907F6470B5102186B0514835
:1041E40005F036FC0A2001F0E7FF042002F014F881
:1041F400082002F05FFD0221012003AE02F082FAE2
:1042040002210820344602F07DFA00210A200DF133
:10421400110502F077FA1620002102F073FA424ADF
:1042240040F6061302200392ADF8103001E014F8B2
:10423400010F012102F066FAA542F8D13B4B344646
:1042440093E8070086E8070054F8040B4FF0FF31A9
:10425400019001F0D7FA0821019801F0D5FA06ABD4
:104264009C42F1D1FF2130223148402505F0BEF9AE
:10427400012002F035FA03462E4A0820A3F1010377
:10428400B3FA83F35B09137002F02AFA2A49B0FAED
:1042940080F02A4B0C684009294A2A4918700C609E
:1042A4001070FFF7C7FA032227490A2002F064FAC4
:1042B400162001F029FF044602F0BEF9044420460A
:1042C40001F0E8FE214822496040224A6140224B25
:1042D400012882EA040283EA0403204C38BF012047
:1042E4000129206038BF01210020012A207138BF34
:1042F40001221B4C012B216038BF01231949207175
:104304004FF0E0244A61A4220876CB6181F82000B2
:104314001549C4F88851154802F0B8FAC4F8085190
:1043240006B070BD00002020020304053C060020F6
:1043340020E70020D1E9002010E80020CAE900208D
:10434400C8E900202C1F0020290100003AF54FA5E0
:104354007F520E5185AE67BB72F36E3CD01E0020B7
:10436400E41E002054E400208812002070E30020A2
:104374002DE9F04F5F4D2DED068BADB0FFF758FBE7
:104384005D4AAB791468002B46D0AB68E31AB3F5E9
:10439400E16F48D90023EA79AB712B74002A00F04D
:1043A4005E83EB68E31AB3F5E16F00F2CE832B680A
:1043B400012283F84020514E377802F03DF9504BEA
:1043C4009B68002B00F0268203EB43034D4A03F560
:1043D4007A73934238BF134649490A781AB14A6836
:1043E400801A984214D902F027F9474A9368002B9F
:1043F40000F0428203EB4303424903F57A738B4294
:1044040038BF0B461178C9B15268801A984215D842
:10441400012737703D4E1BE0EB79002BC1D12A6890
:1044240082F84030C7E7EB79002BC0D0EB68E31A81
:10443400B3F5E16FBBD90023EB71B8E70023337008
:10444400002F00F06981AF79002F00F0E8822F4E31
:1044540086F84070FFF794FD0120DFF8E49002F045
:104464003FF9A0F101082A4B2046B8FA88F81F78D2
:10447400FFF742FA4FEA581899F800300090434584
:1044840005D0244B89F800801C60FFF7D3F9012F75
:10449400009B00F06881002B00F068811E4A002315
:1044A40014601E4A13701E4A137099F80030002BD2
:1044B40040F05C811B4A1368E31A022B40F2BB8074
:1044C400DFF880A00AEE904A174B0E2014600025F6
:1044D4005446DFED1F8A9FED158A9A469FED149A84
:1044E400DFED149A9FED14AA144FDFF85CB0DFF8E7
:1044F4005C8055E054E4002010E80020C6E9002068
:10450400D81E002040771B00EC1E002088120020DB
:10451400C8E9002008E80020281F0020C9E900207D
:10452400C3E9002018E400205C0600209A99193E93
:10453400295C0F3D6F12833B0000FE4268E70020B8
:10454400D1E90020D81200204CE4002050E70020DC
:1045540000C07F4498ED007A77EEC77AF0EEE77AF0
:10456400F4EEC97AF1EE10FA03DD00230BF8013CF6
:10457400009B99F8001081BB96F83E10E8B2002920
:1045840000F0D180022DD4ED007A00F37381002B6A
:1045940000F083820135043408F104081AF8010F8D
:1045A40001F0B2FD07EE900A97ED000AB8EEE77A43
:1045B4001BF8013BF7EE007AC7EE286A77EEE67A3D
:1045C40037EEC07AA7EE080AA7EC010A002BC1D186
:1045D40099F80010009B0029CED0A91D96F83E2022
:1045E400C8B2002A00F0A08006EB850CDCED1A7A34
:1045F400002B00F0A0800135043408F10408062DD6
:10460400CCD116201AEE904A01F07EFD07EE900AF6
:104614001FED316AF8EEE77AB34BDFEDB46A87EE4B
:10462400867AD3ED007A37EE677AE7EE267AC3ED21
:10463400007AC6ED0C7A72B6AD4B0022AD48AE4995
:104644001D68006809681A6062B6002D40F01A817E
:104654001620AA4F01F058FD07EE900ADFEDA86A74
:10466400F8EEE77A3D7887EEA67A002D00F0ED802B
:10467400DFEDA47AB4EEE77AF1EE10FACCBF0125AF
:104684000025A14A3D701368E31A022B05D99F4BFC
:104694001B68E31A952B00F2048296F83E3003ADB2
:1046A400002B40F0CC809A4B1A780AB1994A1278C0
:1046B40086F841205A780AB1964A52789B7886F84F
:1046C40042200BB1934B9B78934A86F8433013688E
:1046D400E31A132B00F24881FFF7AAF98F4B4FF02E
:1046E400E02440271868FFF77FFCA4228C49284661
:1046F40002F0CCF896F83D30A4222946C4F888711B
:1047040088488DF8493002F0C1F8C4F808712DB01A
:10471400BDEC068BBDE8F08FAF79002F7FF497AE28
:104724007F4EEF7994E6294606EB810CDCED007AA6
:10473400002B7FF460AF70EE677AF0EEE77AF4EE68
:10474400E97AF1EE10FA7FF756AF0191FFF7A6F878
:1047540017ED010A20EE0A0A04F094FA724B01994B
:1047640043F8210047E7002B40F07A82009B83F056
:104774000103DBB2002B3FF49DAE002F3FF49AAE51
:104784006A4B1B78002B7FF495AE694B1B68E31AC8
:10479400182B7FF68FAEF36C002701332F7685F844
:1047A4002070F364634B1F70634B1F71634B1F7165
:1047B40099F80030002B40F0F5811D46DFED608A4A
:1047C4009FED608A584F40F2B731322001F068FC07
:1047D40007EE900AE8B20135F8EEE77A87EEA87A98
:1047E400B0EE470AFFF75AF827EE080A04F04AFA2F
:1047F4000C2D47F8040BE6D1FFF71CF8736C524AF2
:10480400013373644FF07E53B363012386F83F3062
:1048140013704FE64D4BDFE5BAF5E16FC0F2BF818F
:10482400002A40F081813B4A0121D15596F83E206F
:10483400002A3FF439AF0022374487F88F20002341
:1048440086F8413086F842303EE7DFED417AB4EE37
:10485400E77AF1EE10FA7FF714AFDFF8048101F084
:10486400EBFED8F80030C01AB0F57A7F80F077817B
:10487400012506E72946BBE61178344B00293FF4AD
:10488400DDADC1E5334F3B78002B00F05581BB68AB
:104894005BB103EB430303F57A722C4B9A4238BFA6
:1048A4001A467B68C31A9A420CD311B9294B59682A
:1048B400411AA1F57A72284B9A4240F24381274B60
:1048C400994202D90023234A9360224A0123013DDD
:1048D400194F50601370013D21463846FFF730F8F8
:1048E4006B1CF8D1B4E600BF041F00200AD7233D97
:1048F400001F0020F81E0020FC1E0020C5E9002037
:1049040000C07F44BC74933C34E4002008E80020D9
:104914001CE700208412002028E4002010E8002076
:104924008812002070E3002020E70020C9E900205D
:10493400281F0020CCE90020D01E0020E41E002007
:1049440000007A440000FE42CBE9002040771B00BF
:104954008FC2F53CD81E002018293101002D3101E9
:104964001CE4002000007F4399F80010022014602A
:1049740081F001011FED058A01F088FE99F800100D
:10498400032001F083FEA14B04201B68E31AA04C12
:104994003C2B34BFFF21002102F06EF89D4B052013
:1049A400D3ED007A67EE887AFDEEE77A17EE901A77
:1049B40002F062F89FED987AD4ED077A67EE877A71
:1049C400F5EEC07AF1EE10FA1EDA0021062002F0AC
:1049D40053F8D4ED087A9FED907A67EE877AF5EE76
:1049E400C07AF1EE10FA5ADB9FED8C7AF4EEC77AB6
:1049F400F1EE10FA00F3AF80FDEEE77A17EE901AAD
:104A0400092002F039F867E6F4EEC87AF1EE10FAFC
:104A140000F3A380FDEEE77A17EE901AD6E7EF795C
:104A2400002F7FF414AD4FF4007239467C4E7D485C
:104A340004F0DCFD8022FF217B4804F0D7FDB36C39
:104A44005A1C2B689F87A3F88C7083F88E70A3F888
:104A5400927083F894700123B2642B7161E62E681E
:104A640086F840204FF4007200216E4804F0BEFD29
:104A74008022FF216C4804F0B9FD0023A6F88C3095
:104A840086F88E30A6F8923086F89430B3870123E6
:104A94002B71B36C0133B3648DE429464BE60021DA
:104AA400AEE7624803ADDFF8B081077814607B1C81
:104AB4005F4AA8FB031C0CF4FF7101EB5C015B1A59
:104AC400037007CA85E80700FEF726FD2CAB0A2110
:104AD40003EB870353F8A40C00F022FF8246FEF791
:104AE400A7FFFEF719FD534BBAF5486FDA5D7FF661
:104AF40093AE0121D955BAB94F4AD25DA2B196F805
:104B04003E20002A79D0A8FB07384C4B197008F0D6
:104B1400FE0303EB5803FB1ADBB2263356F82310CB
:104B2400013146F8231087E696F83E20002A3FF428
:104B3400BBAD414BDA5D7FE6A1F57A72404B9A42F8
:104B44003FF6C3AE3F4B9960BFE600232E68EB717E
:104B540086F8403086E7FF2152E7FF2136E701F06F
:104B64006BFD394AC8F80000137883B191680029B5
:104B740036D001EB4101DFF8E4C0536801F57A71E6
:104B8400C31A614538BF614699422BD2956001250D
:104B9400506021462D481570FEF7D2FE71E50022C3
:104BA400DA5540E639464FF400721E4804F01EFD03
:104BB4008022FF211C4804F019FDB36C5A1C2B6899
:104BC4009F87A3F88C7083F88E70A3F8927083F893
:104BD400947040F20113B264AB80FFF7D1F90DE693
:104BE4005368C31AA3F57A7519498D4203D9194933
:104BF4008B42CCD900239360C9E7726C0132726492
:104C04004FF07E52B2630D4A11704DE52CE4002042
:104C1400401F0020041F00200000164400007F43B2
:104C24008812002078E400207CE60020D3E90020EC
:104C34003C0600201CE7002084120020CBE9002061
:104C440058731B00D81E0020EC1E0020E41E002018
:104C540018293101002D3101ABAAAAAA40771B0003
:104C640099F80030002B41D1314A92F80080B8F114
:104C7400000F7FF41FAC2F4B40F6B7311B68E31ACB
:104C84008B4248D996F83E3041462B4883F00103C5
:104C940086F83E30012313704FF4007204F0A6FC32
:104CA4008022FF21254804F0A1FCF36C85F81880CC
:104CB400591CB36C85F820805A1C2B68A3F83C80DF
:104CC400A3F88C8083F88E80A3F8928083F8948074
:104CD40040F20113AB801A4B83F80480194BC6E9E8
:104CE400122183F80480FFF74BF93FE5164B1A783D
:104CF400002A7FF43BAD0F4A42F20F711268A21AE8
:104D04008A427FF633AD012209491A700A70FFF70F
:104D140015F904F0A1FE009A82F00102D2B2002A31
:104D24003FF4C8AB002F7FF433ADFFF7C3BB00BF24
:104D3400C9E90020281F002078E400207CE6002038
:104D4400D01E0020E41E0020C3E900202DE9F04F0E
:104D5400172283B00B217B4800F014FD00220B21A5
:104D6400794800F00FFD18220B217848784C00F0A8
:104D740009FD0025774B784904F12400774AE36163
:104D840062614FF400722574257684F82050C4E9DA
:104D94000015C4E90255294604F028FC8022FF21AD
:104DA40004F50A70C4F8245284F8A85204F01EFCD6
:104DB4006B4B6C4A6C491C68116015611581D56098
:104DC400002C00F0BB80234619465B69002BFBD105
:104DD4004A6100260025654B4FF0020B9661136073
:104DE400D561566115625660556296729FED600AF0
:104DF4006048614FFDF782F89FED5D0A5F4807F553
:104E04008668FDF77BF89FED5A0A5D48FDF776F852
:104E140007F58C635B494FF07E521D6007F26443D3
:104E2400DFF88C9107F5936C196007F58D63C7F86B
:104E340074641A60C7F87864C7F87C64524DB9E8A2
:104E44000F00A8E80F00B9E80F00A8E80F0099E8E0
:104E54000F0009F1100A09F1280E88E80F004FF03D
:104E64008073C7F87064C7F86C3407F590639AE8E8
:104E7400070083E8070009F11C0393E8070007F221
:104E84008C4383E80700BEE80F00ACE80F009EE8FF
:104E9400030009F140038CE8030093E8070007F5D9
:104EA4009663C7F8BC64C7F8C06483E8070005F1DB
:104EB400180387F8C46485F809B0C7F8C864C7F84C
:104EC400CC64C7F8D0642B612E72EE60C5E9066627
:104ED40023466469002CFBD12C4A5D612A602A4870
:104EE4006C606C61AC7200F0B5FB294800F058FEB0
:104EF400254B22461B490094254800F0C5FE254A4F
:104F04002549234803F0FAFA244800F049FE012217
:104F14001D4B00921349214800F0B6FE1D4A1E495C
:104F24001E4803F0EBFA1E4A1E4B1F481F4914711A
:104F340010601C71196003B0BDE8F08F14461A604C
:104F440047E700BF4C1E0020781E0020A41E00204E
:104F540054E4002072F36E3C8812002085AE67BBD7
:104F6400301A0020401F00207C0600208806002004
:104F740000442C47681F002040DF0020C060002050
:104F840018A200200000DC42081F00209406002024
:104F940038E40020540C0020AD3F000088E70020D6
:104FA400D01E0020E41E00203AF54FA57F520E517A
:104FB400D0050020AD4BAE4A18682DE9F04FAD4C3A
:104FC40091B0197908940368D17704F5806293420B
:104FD40009920ED2A84B1B78002B00F02881099966
:104FE4004FF0E0234022089101F580610991C3F854
:104FF4000822A24B1968A24B0C911868A14B0D9082
:105004001A88A14B0A921C880B94002900F0DC81B9
:10501400002800F04D819D4B9D4D1A4423449D4E24
:1050240001EB42029C4C00EB43039C49D5F800B0D1
:105034000E950392089D9A4A02939A4B5768D6F8A4
:1050440000A0D3F80080D3F80490D1F800E04B68B6
:10505400D4F808C0886805F110010F9605F582653B
:105064001668626824680795354601972746019CAF
:105074005E46CDF814A0C24604941031039C0695F4
:105084004D4634F902BFABEB06080394029CA8EB2F
:105094000A09049E34F902AFA9EB05050294059CA4
:1050A4002F44AAEB0405069C3A442C1B94443A442E
:1050B4000194A41BA6440CEB02043A444FEA2C1CB2
:1050C400734421F820CC18447344C6180011734467
:1050D40021F81E0CA01824113A4421F81C4C02EBB0
:1050E400000C9C1900117344361121F8180C18197E
:1050F400241121F81A6C21F8164C4FEA2C1421F8CB
:10510400144C041121F8124C079C8C42AFD10F9916
:105114003C46019FC1F800A00E99C1F800B05E4959
:105124000C605E4CC4E901305D4BC4F800E0C3E997
:1051340000575C4BC3E900890A9B40330A930B9BDD
:105144004033C1E9012C0B93BFF34F8F4FF0E023A1
:1051540008990998CA43C3F8701F20310244814258
:105164000891C2F3421251D26AB3012A23D0022A0F
:105174001CD0032A15D0042A0ED0052A07D0062AEB
:1051840040F01C81089AC3F8702F20320892089AC4
:10519400C3F8702F20320892089AC3F8702F203277
:1051A4000892089AC3F8702F20320892089AC3F81C
:1051B400702F20320892089A0999C3F8702F203270
:1051C4008A42089222D2089A02F12001C3F8702F71
:1051D4004032C3F8701FC3F8702F01F14002C3F8C6
:1051E400702F01F16002C3F8702F01F18002C3F83F
:1051F400702F01F1A002C3F8702F01F1C002C3F8AF
:10520400702F01F1E00209998A42DDD3BFF34F8F79
:10521400BFF36F8F0A9B7F2B1CD81A4A13800B9BFA
:105224007F2B09D8184A138011B0BDE8F08F04F51C
:10523400006308920993DCE60024134B0D981C804C
:1052440000F056FC184B1A681C600D4B1A6011B024
:10525400BDE8F08F0B4B00240C981C8000F048FC38
:10526400124B1A681C60054B1A60D8E7C81A002054
:1052740000800E4040102020C0E90020B81A002011
:10528400C01A0020AAE90020ACE900200100008037
:105294001C1B0020201B0020EC1A0020041B0020F3
:1052A400341B0020241B0020C41A0020BC1A002038
:1052B4000C9A002A00F088808A4800260A998A4BB2
:1052C400D0F800800E900B448848894902EB430BC8
:1052D400D0E900CE08988D68D1E9002300F11001CF
:1052E40000F582600290C246BBF90280E14677462F
:1052F400A8EB0A0C0BF1020021F80E6CC246ACEBD1
:10530400090E019021F80A6C0846AEEB070721F854
:10531400066C21F8026CE1463A4477461344EC18D3
:105324001344019D05F1020BE5181344241121F8DF
:10533400104C5C1913442D1121F80C5C1D19241117
:1053440021F8084C2C1121F8044C0199B1F9028080
:10535400A8EB0A0CACEB090EAEEB07073A44134476
:10536400EC181344E5181344241120F8104B5C196D
:105374002D11134400F1100120F80E6C20F80C5C80
:105384001D19241120F80A6C20F8066C20F8084C2A
:105394002C1120F8026C20F8044C02988842A2D107
:1053A4000E99C1F800805249C1E900234F4B8D602A
:1053B400C3E900CE0A9B40330A93C5E6089AC3F8B2
:1053C400702F20320892DDE60D9A002A00F08280C8
:1053D40048480B99444BD0F800E00B440F904648E2
:1053E400464902EB430A0C9E8D68D346D0E9007C03
:1053F4000898D1E9002300F1100100F582600290C1
:10540400F246B946BBF902E00BF10207E04621F887
:10541400106C0197AEEB0A0721F80C6CF246A7EB6F
:10542400090CB946019F01F11000ACEB080821F802
:10543400086C21F8046C07F1020B4244E046203169
:105444001344EC181344E5181344241121F82E4C8A
:10545400EC1813442D1121F82A5C1D19241121F88C
:10546400264C2C1121F8224CB7F902E020F8106CDC
:10547400AEEB0A0721F81C6C21F8186CA7EB090C99
:1054840021F8146CACEB080842441344EC181344A0
:10549400E5181344241120F80E4CEC182D11134474
:1054A40020F80A5C1D19241120F8064C2C1120F850
:1054B400024C02988142A3D10F99C1F800E00F4930
:1054C400C1E900230C4B8D60C3E9007C0B9B403386
:1054D4000B9339E64FF480620D99089804F086F82E
:1054E40032E600BF1C1B0020010000802C1B0020A2
:1054F400F81A0020201B00203C1B0020101B002059
:1055040038B50021044600F03FFB88B172B61C4A4E
:105514001368002B2BD01B490D68002D2CD015606F
:1055240008600021184A118062B6184600F0E0FABB
:105534000121204600F028FB98B172B6134A136883
:1055440083B113490C6854B114600024114A0860F3
:10555400148062B61846BDE8384000F0C9BA086045
:1055640062B638BD0B4910600B8062B638BD06497F
:1055740010600B8062B6DBE7086062B6D8E700BF54
:10558400B81A0020BC1A0020AAE90020C01A002082
:10559400C41A0020ACE9002010B5044600F06EFCEB
:1055A400204610BD38B5234C002342F210724FF44C
:1055B4000C61E06F40F44020E0671C2004F054FAD2
:1055C400E3691D4923F440631C481D4A43F4006306
:1055D400E361A36A19401B4B41F0CE01A16241680B
:1055E4000A4042F4002242609A68002A20DB1649ED
:1055F400032000224FF48034C1F828014FF08E4577
:10560400C1F82401114812491A66DA601D615C610F
:105614009861D961C3F8E020C3F88C204FF0E062B0
:10562400C3F89020C3F89440C3F89800C3F89C10C2
:1056340038BD00BF00C00F4000FEFFFF00C00A409D
:10564400F8FFF7FF0040384000801F40130F0100AF
:10565400000F0F0F10B5364C4FF4006200212046A6
:1056640003F0C4FF3348012100F0A4FB00233249B6
:10567400324A0B601360FFF795FF2346BFF34F8F49
:1056840004F5006204F120004FF0E021824234BFAF
:105694000122402204EB4212C1F8703F20339342AE
:1056A400FAD1BFF34F8FBFF36F8F224A0320244BED
:1056B4002449C3F880014FF4806013681C600224FD
:1056C400D8829C60A4F60204D88306205960002185
:1056D4001279DC601C4C988302F110001C61996102
:1056E40099821A4C1A4B43F8204002F01F04194BBC
:1056F400012003EB5213A04014B29B00186016481B
:10570400164B40F82410164940F82410A0F58040A8
:105714001449C276D3F8882042F00042C3F88820A6
:105724009A681143996000F023FB0F4B187010BD69
:1057340040102020C81A0020B81A0020C01A0020E7
:1057440000801F4002000101204038402532000043
:10575400001400204038003800C00E40004038409B
:105764001400008001000090C0E90020024A0349AF
:10577400034802F0C3BE00BF540C002009380000E7
:10578400C81A0020F8B528291B4B4FF49B770D4607
:10579400164604464FF00101C0E902732CBF4FF0D6
:1057A400FF330123282A44F6206228BF4FF0FF3339
:1057B40002610360284600F0A5FF3046002100F096
:1057C400A1FF2846002100F061FF0C4B2A0103EBE6
:1057D40005159958EA68C4E90721320103EB061656
:1057E40098586FF07042064BF1681B686260636101
:1057F400C4E909102046F8BD50C46201080700201E
:1058040010E800200161704707EE901A9FED0A6AC4
:10581400DFED0A6AB8EE677AD0ED027AF8EE677ABD
:1058240067EE877A67EE867A87EEA67ABCEEC77A49
:1058340080ED037A704700BF180D0F4E0024744B9F
:10584400F0B472B6856A3249D0E90736C6F88830B2
:105854006B68426A23EA02036B606B68426A134313
:105864006B602C4B476AC5F888704C681A682A4BE1
:10587400A3FB0232920C02EB820252004B681B1B08
:105884009A42FBD86B6823EA07036B60C369C6F8C6
:10589400843062B6D0E90954C168A3682B42836995
:1058A40005D006E001338361A2682A4201D19942FE
:1058B400F8D8994223D372B6D0E90923046AC3F80D
:1058C400842059680A435A60416AC3F884105A68AC
:1058D40022EA01025A60C369C4F8883062B6D0E98A
:1058E4000945C168AB681C42836904D10BE083613C
:1058F400AA68224207D0994203F10103F7D86FF056
:105904000100F0BC70479942F9D90120F0BC7047FE
:10591400001000E0440C002083DE1B430000000064
:1059240070B500240D468461002936D0036806460C
:10593400A34239DB30460134FFF782FF0028E4B28A
:105944002DDBA542F6D11C49B36970680A6883420D
:10595400D6E904548CBFA3EB000CA0EB030C121B80
:10596400AA4215D907EE900AB8EE677A9FED106B3C
:10597400B7EEC77A27EE067BBDEEC77B17EE102A7B
:10598400624505D96FF07042096810467260716112
:10599400834207D20020736070BD084670BD6FF06B
:1059A400010070BD181A70BD4FF0FF3070BD00BF0C
:1059B4009A9999999999B93F10E800204FF0E023FA
:1059C4004022C3F808227047F8B5144B144D1C68E4
:1059D4006E689CB1237A20466BB123686F681B689C
:1059E40098476B68E188DB1BC3F38F12B1EB931FFD
:1059F400A28038BFE2806469002CEBD1084B094ACD
:105A04005B6810889B1B084CC3F38F11B0EB931F8A
:105A1400218038BF1180BFF34F8FF8BD301A0020AA
:105A2400001000E0A6E90020A4E90020036818475C
:105A34000B680360704700BF0B680360704700BFCA
:105A4400704700BF30B472B6244D254C2A8804F147
:105A5400700104EB82038B423CD204F16F01501CB1
:105A6400C91A00EB910002E00132824232D09C4616
:105A740053F8041B0029F7D0B1FA81F04FF000432A
:105A8400C34021EA0301CCF8001001B90132154BDF
:105A94002A801A88013291B2198062B6ACEB040CE8
:105AA40041F67C73C0EB00644FEAAC0CC0EB84108D
:105AB40001240CEB8C1C03EBCC1303EB80030A488E
:105AC4000068C4541844094B1C88944230BC38BF45
:105AD4001980704762B6002030BC7047A8E90020E6
:105AE400341A0020A0E900202C1A0020A2E900208A
:105AF400428872B60378012B03D9013B037062B666
:105B04007047D14353090B484FF0004201F01F0185
:105B1400CA4050F823100A430749B1F800C040F8BE
:105B240023209C45054A88BF0B801388013B1380C2
:105B340062B67047341A0020A8E90020A0E90020CA
:105B4400C36813B91DE0DB68E3B1187A9042FAD157
:105B540010B4586893F809C0006950F82C4054B147
:105B6400DB682BB1187A9042F3D0DB68002BF9D1B3
:105B74005DF8044B704740F82C1008780130087029
:105B8400EEE77047704700BF437A8B4206D903693A
:105B9400002253F8210043F8212070470020704769
:105BA40000220449C0E90022028102740A680860E4
:105BB400C2607047A41A0020037CFBB90368014645
:105BC400FBB14368EBB1427A5B7A9A421CD230B49F
:105BD40072B62B4B1C68ECB1E368C3B1486801E0B2
:105BE400DB68A3B15A688242FAD193F809C04A7AB1
:105BF4009445F5D162B6042030BC7047012062B6EA
:105C04007047032062B67047022062B67047646929
:105C1400002CE1D11B4C236843B1994202D10BE023
:105C2400994207D01A46DB68002BF9D1052062B6E9
:105C340030BC704702F10C040D68E868E8B1C36831
:105C44001BB908E0DA683AB1134681421846F9D123
:105C540062B60620D0E70346D960CB6800202360F3
:105C64000123C860AA7A2B721A44AA724A68947AE9
:105C740013721C4494720B74D9E7E960EDE700BF1A
:105C8400301A0020A41A002010B5047C9DF808E006
:105C94000CB1012010BD027280F809E0C0E90013C4
:105CA400BDE81040FFF788BF38B5037C002B36D021
:105CB40043680446427A5B7A9A4238D272B60168E3
:105CC400CB68002B2DD0984233D01A46DB689C4217
:105CD4002AD0002BF9D16268607A136953F8200046
:105CE40048B1FFF705FF72B662680025607A136950
:105CF400216843F820508B7A013BDBB28B7203B9E5
:105D04000B72937A013BDBB2937203B913720A4BA1
:105D140000201A6820741C60E26062B638BD01205D
:105D240038BD62B6032038BDE368D360D3E70220F0
:105D340038BDC368CB60CEE7A41A002010B5044672
:105D4400FFF7B2FF094A136843B19C4202D108E04D
:105D54009C4205D01A46DB68002BF9D1204610BDC1
:105D64000C32E3682046136010BD00BFA41A002063
:105D74000C4B1A789AB90C4A0C4910B4C2F8581151
:105D84000B48D02401224FF0E02180F84640402403
:105D94001046C1F808415DF8044B1A7070470020A2
:105DA400704700BFBEE9002000140020393C000009
:105DB40000E400E070B472B621B9036813B102794B
:105DC4000F2A45D9294C2188002341FA03F212F005
:105DD400010208D00133102BF7D162B600220371FF
:105DE400026070BC70474FF0010C0CFA03FC41EAEE
:105DF4000C01218062B61E4D5FFA83FC1D4940F2FE
:105E0400824680F804C0EC6F194483F0030344F025
:105E1400C0044901EC67A5F59F35174CA5F58075BD
:105E2400266084F81AC084F81EC084F818C084F868
:105E34001FC00160C1E90022C1E90222C1E90422B4
:105E4400C1E906225A5D42F0C0025A5570BC70473F
:105E5400064C218841FA02F5ED07B5D5054D1544E8
:105E6400B3EB451FB0D162B6BBE700BFAEE900207B
:105E740000C00F408074000200800E4003790F2B95
:105E840011D8094A937672B60849012290F804C0E1
:105E94000B8802FA0CF223EA02030B8062B610228A
:105EA400002302710360704700800E40AEE90020B9
:105EB400704700BF704700BF704700BF704700BF06
:105EC40070B51A4C1A4D2368AB4202D0194AD168F6
:105ED40029BBA369AB4202D0164AD169C9B9236B65
:105EE400AB4202D0134AD16A69B9A36CAB4209D060
:105EF400104AD16B31B101211B680F48D163BDE851
:105F04007040184770BD01211B680C48D162984746
:105F1400EBE701211B680A48D1619847DFE70121BB
:105F24001B6804F10800D1609847D2E7C01600202E
:105F3400640600200041084010170020F8160020D5
:105F4400E016002038B5064CA4F1600554F8083C6E
:105F54002046183CDB689847AC42F7D138BD00BFF7
:105F64001017002003682DE9F041044688B0174655
:105F7400002B4BD000229A600122DA60304D04A835
:105F8400DFF8E0801D4451F8083B2D1102935B6853
:105F940005EB45069847F60006F1080058F8063068
:105FA4004044DB6801909847264A04A9DDE90103CF
:105FB400029248F806309B689847029B04A8DB6865
:105FC40098472368032220481F609A601F4A237958
:105FD4001F4C535513785178C0F828428B4228BF80
:105FE4000B469178D2788B4228BF0B46934228BF48
:105FF4001346184C4FF0E0224FF08061012084F8E2
:106004007A30C2F80C1108B0BDE8F081124AD36EA0
:1060140043F44053D3660122104B1A60104A1346CE
:106024000260403298680028A8D01033934223605D
:10603400F8D100231846236008B0BDE8F08100BF02
:1060440000BFF7BF6406002000140020480C0020A5
:106054003141000000E400E000C00F40004008406F
:1060640000410840C016002010B4064B0020064C26
:10607400064A1C609C611C639C6405495DF8044BE2
:1060840002F03CBAC016002064060020540C002024
:10609400B541000008B1014B18607047281A002070
:1060A400884200DB704730B4124C091A2368EBB104
:1060B400114A124D82FB032CDA179C44C2EB2C428A
:1060C40044F2A71C05FB12330D4D05FB02F20CFB39
:1060D4000322002A0CDA6FF0004313442360B3FB5D
:1060E400F1F201FB123330BC18447047054BF5E75D
:1060F4001346F3E7281A00205F0B4E831DF30100BB
:10610400ECF4FFFF42CE0C1F1C2849D8F8B5254FEC
:1061140004463B78E3B9244B1B5DFF2B29D0234A6B
:1061240002EB041291680A6802F44050B0F5805FF3
:1061340030D01C061FD41E4C2360236AD80704D415
:1061440002F0F8F8236AD907FAD5194B586AF8BD52
:10615400174D184E01E002F0EDF8AB6C1B06FAD4B3
:10616400B36C13F08003F6D13B700F4B1B5DFF2B18
:10617400D5D10020F8BD0F4C03F07F032360236AC0
:10618400DA0704D402F0D6F8236ADB07FAD5094B00
:10619400586AF8BD22F480521C060A60EBD4CAE7A0
:1061A40000207047C4E90020880900200807002067
:1061B40000400C4000800C40082830B422D00A284B
:1061C4000CBF4FF405714FF44671104C104D636CC5
:1061D400626C2B400F4802F003021A43636C03F015
:1061E400E00313430B436364436C426C2B4002F0A3
:1061F40003021A43436C03F0E0031343194330BC16
:10620400416470474FF44071DFE700BF00400C4029
:1062140000FCFFFF00800C4010B41F4C1F281F49D6
:10622400A36C23F02003A364626C8B6C22F44042C1
:1062340023F020038B644B6C23F4404312D942F4C3
:10624400404243F4404362644B641349134A8B6CE9
:106254005DF8044B43F020038B64936C43F02003FC
:10626400936470470F2808D942F4004243F4004372
:1062740009480A4942644B64E7E7072804D942F411
:10628400804243F48043F3E7032862644B64DCD820
:106294005DF8044B704700BF00400C4000800C4088
:1062A400A249A34B88422DE9F047A24C5E699A6942
:1062B400D4F80C801BD9A04B984240F20281C31A37
:1062C4009E491B0AA1FB031340F22761DB0903EB80
:1062D400830303EB830303F2E2438B4228BF0B46A1
:1062E400A3F54877964BA3FB0737FF0804E0954FC7
:1062F400B8428CBF0E2706278D4908F01F09D1F834
:106304008030B94543F0C003C1F880300CD228F086
:106314001F08A1F5F82148EA0708C1F80C800B68AA
:10632400002BFCDA08F01F0916F0007324D186490B
:106334000C698649A14300F0EA8082F48051344616
:106344004FF4805514F0605F04D026F060561E436D
:10635400774B5E6111F4405F07D022F440527449D8
:106364002A438A618B6C1A07FCD446F00076704A83
:106374005661936C9B06FCD4754CA04200F2CE800F
:106384004FF0010C0146634603FB011203F1010EB9
:106394000CF10105A24218D8BEF1080F4FF0010319
:1063A40040F08D80BCF1040F00F291800A18A242E3
:1063B40000F2A48005FB00F1AC4603F1010E03FBDF
:1063C40001120CF10105A242E6D90CF1FF318C0255
:1063D40086EA81215F4810445F4A90427FD9DFF802
:1063E400A4A16C225D48584DB0FBFEF0D5F800E046
:1063F400B0FBFCF0DFF890C10EEA0C0CD44509D0D8
:1064040042F400524FF4805CC5F800C02A602A6848
:10641400002AFCDA464A156905F007059D4203D0B7
:106424001361936CDD03FCD411F4E05F09D026F40E
:10643400E05604F4E0543E4A26435661936C9907AF
:10644400FCD44749474A014491423CD8464BC909C8
:10645400A3FB0131090B4B1E1B0286EA030212F453
:10646400407F06D026F4407603F44073304A334329
:1064740053612F4A536923F000735361936C9B0655
:10648400FCD43A4B4F45A3FB00234FF0FF324FEAB5
:106494009343B0FBF1F1B2FBF3F3354A1060354A94
:1064A4001160354A136008D228F01F08214A48EACF
:1064B4000707D7601368002BFCDABDE8F087734642
:1064C40062E7122718E74FF440730421C5E70CF183
:1064D400FF31204807238C02104486EA8121274A91
:1064E400DFF8A8A0A2FB0020020D2548362A38BFF9
:1064F400362202FB00F042EA0A0A74E74FEA8C24CF
:10650400002386EA8C214FF0010EAC4662E71D465B
:1065140086F0C05411464FF0C05313E700244FF0E7
:10652400010C024631462346E64653E700A4781F91
:1065340000C00F40000008400046C32323B24C00B3
:106544001F85EB5100366E0100800D404030008005
:10655400FFB19F26808D5B00FF7EF64D00643F4DAA
:106564007FD1F0087F17B42C9F10E50083DE1B4316
:10657400440C0020400C002000E80020819F5E169F
:10658400001BB7006C2000807F3001800020008059
:1065940000B970472DE9F84F01218146214C224D65
:1065A400224E54E8003F2A68306844E80013002B68
:1065B400F7D11F494B684FF47A7BDFF878A01B1A98
:1065C40001270BFB02F8DAF80020A3FB02325A453C
:1065D40094BF9044D84454E8003F2A68306844E8A3
:1065E4000073002BF7D14B68DAF800C01B1A0BFBC1
:1065F40002F2A3FB0C3CBCF57A7F94BF624402F523
:106604007A72A2EB0802B2F57A7F06D3B9F10109D6
:1066140008F57A78DFD1BDE8F88F01F08BFE0449E4
:10662400D9E700BF14E8002010E800200CE800209F
:10663400001000E000E8002030B40F4B4FF0010CD4
:106644000E4D0F4C53E8002F2868216843E800C220
:10665400002AF7D10B4B5B680B4A5B1A4FF47A7133
:10666400126801FB00F0A3FB023230BC8A4294BFE3
:1066740080184018704700BF14E8002010E800207C
:106684000CE80020001000E000E80020272816D8BD
:106694000201104B03EB00109B5810B4C2685C68F5
:1066A400144205D061B95DF8044BC3F888207047E3
:1066B400836851B1084A5DF8044B1A60704770470B
:1066C4005DF8044BC3F884207047044A5DF8044B1A
:1066D4001A6070470807002038F0010038300100C4
:1066E40027280BD8064B020103EB00109A58C36805
:1066F40092681A4214BF012000207047002070479E
:1067040008070020272829D8164B0201012903EB8A
:1067140000109A5810B45368C4680ED004290CD0E1
:1067240023EA040353608368A9B1022917D003291B
:106734000CBF0D4A0D4A1A6007E023430129536038
:10674400836808D040F638021A60436815225DF861
:10675400044B1A60704738221A60F6E77047044AFF
:106764001A60F2E708070020383001003800010001
:1067740038F00100704700BF272858D80001F0B452
:10678400344C354D2358AB4256D049D8B3F1844FDD
:106794004BD0A5F58045AB4240D1304D2044304E1E
:1067A400304CC4F8B462D0E901C4C0684FF0E026AC
:1067B4004FF00057042AC6F810712FD85E6926EAF4
:1067C40000065E614FF00506CCF80060266846F4CA
:1067D400803626605C6824EA00045C60224C54F82D
:1067E400224090FAA0F2B2FA82F245F822106FEA3F
:1067F40000011DD0DD690F2A01EA0501D9611DDC04
:1068040052000325D968944005FA02F221EA0202F3
:106814002243DA6098615A6902435A61F0BC7047B6
:10682400124DAB42FAD1124DB8E7124DB6E770479C
:10683400DA690243DA61EDE70F4DAFE7103A032559
:1068440019695200944005FA02F221EA0202224335
:106854001A61DFE7080700200080004200110020D1
:1068640021000000001400204806002000C000425F
:1068740000120020801000208011002008B5FDF7D0
:10688400ABFCFDF775FD01F055FDFAE7844641EADE
:10689400000313F003036DD1403A41D351F8043B94
:1068A40040F8043B51F8043B40F8043B51F8043BE6
:1068B40040F8043B51F8043B40F8043B51F8043BD6
:1068C40040F8043B51F8043B40F8043B51F8043BC6
:1068D40040F8043B51F8043B40F8043B51F8043BB6
:1068E40040F8043B51F8043B40F8043B51F8043BA6
:1068F40040F8043B51F8043B40F8043B51F8043B96
:1069040040F8043B51F8043B40F8043B51F8043B85
:1069140040F8043B51F8043B40F8043B403ABDD2F4
:10692400303211D351F8043B40F8043B51F8043B96
:1069340040F8043B51F8043B40F8043B51F8043B55
:1069440040F8043B103AEDD20C3205D351F8043B25
:1069540040F8043B043AF9D2043208D0D2071CBFF1
:1069640011F8013B00F8013B01D30B88038060461A
:10697400704700BF082A13D38B078DD010F0030390
:106984008AD0C3F10403D21ADB071CBF11F8013B00
:1069940000F8013B80D331F8023B20F8023B7BE74F
:1069A400043AD9D3013A11F8013B00F8013BF9D27A
:1069B4000B7803704B7843708B7883706046704714
:1069C40002F050BB4FF0010C0CFA01FC01EB410149
:1069D40000EB411170B5B1F80EE01FFA8CF5254CAF
:1069E4001FFA8EFE24782E010EFB033306F0F00608
:1069F400E340B0F888417345A4B228BF73463443DA
:106A0400012AA0F888410DD0022A28D0C2B10CF086
:106A14000F02B0F888C11FFA8CFC4CEA020CA0F8F3
:106A240088C170BD9BB20CF00F022D02CB82B0F86E
:106A3400803105F470659BB22B43A0F88031E8E700
:106A4400AEEB030E0CF00F021FFA8EFEA1F80AE063
:106A5400B0F880319BB21343A0F88031D9E79BB2E0
:106A64000CF00F02CB83B0F880319BB21E43A0F828
:106A74008061CEE74213002027284BD8F8B52A4D71
:106A8400044615F8202005EB8005012A2DD0022AA2
:106A94003FD16B78C3F3011003283ED0234A02EBA5
:106AA400803203F0030C224889B2634602EB4C1C8B
:106AB4000678BCF806E05801BCF810301FFA8EFEC8
:106AC400CEF1011E1EFA83F303F1FF3E0EFB01F12A
:106AD400F1408E4523D95B1AC3F101039BB289B2FD
:106AE4000244ACF8063011820DE06A78C2F3011357
:106AF400032B10D00F4800EB83308BB202F003015C
:106B0400AA78FFF75FFF0C4BEA7803EB04135B688A
:106B14001A60F8BD70470948EFE7094AC1E7991EB2
:106B24004FF6FF73DBE700BFA409002000C01D403F
:106B34004213002000C03D400807002000803E4072
:106B440000801E4000230F2248F2B82C194610B5CD
:106B54004FF470444FF4806EA0F88C414FF46044BD
:106B6400A0F88E210A46A0F89031B0F888319BB283
:106B740043F0F003A0F8883101EB4103013100EB4D
:106B8400431304299C80A3F806E05A841A865A8089
:106B94005A81A3F80EC05A82DA825A83DA83EBD17F
:106BA400B0F888319BB243F00F03A0F88831B0F8F5
:106BB40088319BB243F47063A0F8883110BD00BFE4
:106BC400374B384A996F384841F47F0170B599675B
:106BD40041F20106D3F8801045F6C05543F226046D
:106BE4000A43C3F88020FFF7ADFF00F58040FFF7AC
:106BF400A9FF00F58040FFF7A5FF00F58040FFF7EF
:106C0400A1FF0022A0F503104FF00F0E114600EB78
:106C140042134FEA421C01329981042A5981A3F894
:106C24000EE09E82DD8020F80C1019829C81EED14A
:106C340000221E484FF00F0E41F20106114645F6A0
:106C4400C05543F2260400EB42134FEA421C0132C2
:106C54009981042A5981A3F80EE09E82DD8020F8F0
:106C64000C1019829C81EED1002211480F2641F2AA
:106C74000105114645F6C05443F2260E00EB4213BB
:106C84004FEA421C01329981042A5981DE819D8296
:106C9400DC8020F80C101982A3F80CE0EED170BD52
:106CA40000C00F40000003FC00C03D4000001E4037
:106CB40000401E4010280346044A28BF10231078C1
:106CC400012B38BF01231370704700BF421300200B
:106CD40072B6EFF30583524CC4F884301EF0040FEF
:106CE4000CBFEFF30882EFF309824FF0E0234D4E1F
:106CF4004D4DD3F8280DD3F82C1DC4E92201D3F847
:106D0400341DD3F8383DC4E924139369C4F898308A
:106D1400D369C4F89C3000F0BFF884ED280A01F070
:106D2400DBFB0B214FF0FF32C4F8A4000B46C4F880
:106D340080103E49301D5A40202402F00103013CDA
:106D440001FB03F383EA5202F7D1A84202D073682D
:106D54000646EFE7324BC3F8A820BFF34F8F4FF03E
:106D6400E0233049324AC3F8701FC3F8702FBFF3D1
:106D74004F8FBFF36F8F2F4A02252F48D36E2F49B1
:106D840043F44053D3660560D3692D4823F07F0351
:106D940043F04003D3610B6883423DD8264D002164
:106DA4004FF0E0234FF0FF3229600126C5F80811A7
:106DB4002449C5F80011C5F80861C3F88021C3F857
:106DC4008421C3F88821C3F88C21C3F8902101E001
:106DD40000F070F9D5F80C31002BF9D00134C5F866
:106DE4000C614F2CF4D9184B022018494FF0004283
:106DF400C1F840015A63D5F80C313BB91448154920
:106E04000D4A0163D2F80C31002BFAD04FF0E02385
:106E1400114AC3F80C2DFEE7FFF742FABEE700BFA4
:106E240000FF272080FF2720A8FF27202083B8ED1C
:106E3400A0FF272000C00F4000400840440C002061
:106E4400803DCD0B009F240000900D4000002E409B
:106E540000800F40F100AD0B0400FA050A490A68EE
:106E640038B108B513180948834204D810460B609A
:106E740008BD1046704702F023FC0C234FF0FF328C
:106E84000360104608BD00BF500C002000002820FD
:106E940030BFFDE7FFF71CBF124AD2F880305B0712
:106EA400FBD5D2F880301048C3F30B230F4990ED83
:106EB400007A07EE903A91ED006AB8EE477A0C4AF0
:106EC400F8EEE77A0B4BD2ED006A77EEC77A93EDD2
:106ED400007AB8EE477A67EE867A87EEA60A37EE2E
:106EE400400A704700810D40F0E70020F8E70020D9
:106EF400FCE70020F4E70020836BF0B41BB1536877
:106F040043F40043536072B6446B3CB31A4B2260A3
:106F1400D3F8B0410C421DD1184E776804E0746870
:106F2400E41BB4F5166F0BD2D3F8404144F480440B
:106F3400C3F84041D3F8B851D3F840416404EED5C6
:106F44000D4007D10C4CC0E90225D4F8B0310B43F5
:106F5400C4F8B031426362B6F0BC7047064DC0E974
:106F64000224D5F8B0310B43C5F8B0310263426353
:106F740062B6F0BC704700BF00002E40001000E075
:106F840070B5056B9DB106462A46002403E01268DD
:106F94000134012A0CD0536813F08003F7D0326314
:106FA4002CB12846B36B2D689847013CF9D170BDCC
:106FB400C6E90C33F4E700BF30B4D9B91F4C204BF9
:106FC4000021204A01254FF0011099601D60C4E999
:106FD400023180245C60C2F8BC01D2F8B0311A4896
:106FE4002B43C2F8B0310160D2F8B031002BFBD191
:106FF40030BC70470904154B104C012541F0800149
:107004009860104A596000F580511D60D96000F500
:107014000051A364196100F5405100F580405961A5
:1070240000219861E164D2F8B03143F48033C2F8AE
:10703400B031D2F8B031002BFBD1C0E70000002002
:107044002017002000002E40381F00204017002089
:1070540010B472B60A4C01220A49237802FA00F0ED
:1070640018432070D1F848311A0605D480221343FE
:10707400C1F84421C1F8483162B65DF8044B704749
:10708400D2E9002000002E40084901220B7802FAC0
:1070940000F023EA0000087030B9054AD2F84831FC
:1070A40023F08003C2F84831704700BFD2E90020C2
:1070B40000002E402DE9F04F9C4C83B0D4F844617D
:1070C400F107C4F844616AD5D4F8AC31002B61D01F
:1070D400DFF88482964DDFF878B208F5805ADFF83D
:1070E4007C92944FC4F8AC31D5E90A20D4F84031ED
:1070F40043F40053C4F84031D4F840319B04F5D52F
:10710400D4F8403123F40053C4F840314FF0011354
:10711400C4F8B431D4F8B43113F00113FAD191B2F4
:1071240040F2816CCBF80030614500F2D980B1F5B2
:10713400D06F80F06181B1F5817F00F08F8140F2E2
:10714400AB8040F2023C614500F0B281B1F5A06F22
:1071540040F0C1807849EB648B600123A9640B6023
:1071640080234B604FF00113C4F8BC31D4F8B03124
:1071740043F48033C4F8B031D4F8B031002BFBD1E0
:10718400130C5B0643F08073C4F85431D4F8AC316B
:10719400002BA7D1654AD2F8BC31002B4AD1720624
:1071A40016D5624BD3F8AC21C3F8AC21D3F8BC217B
:1071B400C3F8BC21D3F8B041002CFBD14FF0FF320F
:1071C400C3F8B421D3F8843101F026F85B4B1C607A
:1071D400F40103D55A4B1B6803B19847B00103D59A
:1071E400584B1B6803B19847710708D54F4BD3F828
:1071F400843113F400731AD0534B01221A704B4B91
:10720400D3F848311A060FD533060DD54F4A1378F3
:107214002BB1013BDBB21370002B00F0428203B0B0
:10722400BDE8F04F00F09ABC03B0BDE8F08F464AC9
:107234001370E4E74649C2F8BC310868034240F0E1
:1072440061813E4A14681C40A9D05FEA144810D0FA
:10725400374D4FF0010998FAA8F7B7FA87F705EB0D
:10726400C71009FA07F74030FFF78AFE38EA070823
:10727400F1D1A4B2002C92D02D4D4FF0010894FA14
:10728400A4F7B7FA87F705EBC71008FA07F7FFF773
:1072940077FEBC43F3D182E7802900F0A7808229DE
:1072A40019D183B210F0780015D103F07F0257F89A
:1072B4002210284A1080180600F1C081CB0701D59E
:1072C4000123137002212348FFF776FE5EE7010CC9
:1072D400072900F045814FF00113C4F8C03155E788
:1072E40042F2210C6145F2D03AD942F2212399426B
:1072F40068D042F221339942EDD10F4B00229A60BB
:10730400EA640122AB641A6080225A604FF00113D0
:10731400C4F8BC31D4F8B03143F48033C4F8B0318C
:10732400D4F8B031002BFBD130E700BF00002E4071
:1073340000000020C0012E40201700203C1F002028
:1073440098E900209CE90020DCE90020E2E9002023
:10735400381F002080E70020301F00204017002045
:10736400B1F5086F3AD0B1F5106FB4D1B548C2F396
:1073740007424FF0C81100930270B34AC4F8C82101
:10738400C4F8CC11C4F8D01100F048FF00F07CFB25
:10739400AE4A0121009BAA64116080219360516070
:1073A4004FF00112EB64C4F8BC21D4F8B02142F4CC
:1073B4008032C4F8B021CBF80030D4F8B031002BBF
:1073C400FBD1E3E680B2002897D1A14BC2F3074278
:1073D4001968A04B1960A04B1A708EE7994B0121D4
:1073E4009E481B780370FFF7E7FDCFE69B48022118
:1073F4000380FFF7E1FDC9E6994B596800293FF482
:107404006AAF4FEA124E82B204E019690C330029C4
:107414003FF461AFB3F800C0F445F6D1B3F802C04D
:107424009445F2D14FEA1E22032A00F0D8801A892B
:10743400000C824228BF0246BEF5007F40F0D48093
:10744400884B89491878894B0092002818BF19463F
:107454008748FFF71BFA864B009ADAE010F0780FA2
:1074640083B27FF438AF03F07F0213F0800F57F834
:10747400223014BF23F4803323F0010347F8223071
:107484000022724BEA649A600122AB641A60802283
:107494005A604FF00113C4F8BC31D4F8B03143F44E
:1074A4008033C4F8B031D4F8B031002BFBD16DE691
:1074B40010F0780F83B27FF40EAF03F07F0213F065
:1074C400800F57F8223014BF43F4803343F0010394
:1074D40047F8223000225D4BEA649A600122AB64D3
:1074E4001A6080225A604FF00113C4F8BC31D4F8FA
:1074F400B03143F48033C4F8B031D4F8B031002B48
:10750400FBD143E6002008605A490C88486842F2DF
:1075140021018C427FF495AE80B200287FF491AEB5
:107524005549564C03C9A18086284FEA1141206071
:10753400A1717FF486AE72B65148017841F008011A
:107544000170D2F848110D0605D480200143C2F819
:107554004401C2F8481162B64A4A5021117070E6DB
:10756400EB6001234349C9F80030474B0A60C9F86E
:107574000430464B4860C9F81030C5F80890C9E992
:10758400028AD4F8B02142F00102C4F8B02103F514
:10759400805203F50053C9F81420C9F81830D4F800
:1075A400B031002BFBD1294AEB6493600123AA6418
:1075B400136048F2800353604FF00113C4F8BC31E8
:1075C400D4F8B03143F48033C4F8B0314FF480338D
:1075D400CBF80030D4F8B031002BFBD1D6E5000C49
:1075E4000A78824228BF0246BEF5E06F50D11D4B97
:1075F4001D4893F800C01D491D4BBCF1000F18BF76
:10760400014600921846FFF741F9072103464170ED
:10761400009A23F01F011344BFF34F8F4FF0E02073
:10762400C0F8701F20318B42FAD8BFF34F8FBFF3DD
:107634006F8F0F481146FFF7BFFCA7E5C9033FF55D
:107644003FAE3FE6DBE900200200CC00201700201B
:1076540010E8002020E80020DAE9002080E700207C
:10766400440A0020DCE90020581C0060F01C006083
:1076740040182020201A0020301F002018E8002085
:10768400D2E90020E2E9002080000700303F00201A
:10769400064B1846CDE90023FFF7F8F8DDE900238F
:1076A400B7E70320FFF7F0FC02F0D6F940182020DA
:1076B4002DE9F0471F46831E022B01D9BDE8F08750
:1076C400DFF84C9015460C463C2209EBC0180646E0
:1076D4004FEAC01A002108F10400240401F086FFD7
:1076E400B5FA85F20123520944EA427449F80A4082
:1076F400C8F83870C8F80830002FDFD0034AB34008
:1077040011680B431360BDE8F08700BF3C1F0020E5
:10771400000000202DE9F0470D46811E022901D901
:10772400BDE8F087C701DFF84C9092460446403725
:107734003C2200211E4609EB07082D0408F1040031
:1077440001F054FFBAFA8AF2520945EA427249F842
:1077540007200122C8F83860C8F80820002EDFD0BE
:10776400034B10341968A2400A431A60BDE8F0873D
:107774003C1F00200000002012048160C36101F559
:10778400405342F0800210B40124426001F50052DB
:10779400046001F5805401F58041C46081615DF8A5
:1077A400044BC0E904237047831E0A46022B00D908
:1077B4007047064B00F110014FF0010C03EBC010B1
:1077C4000CFA01F14030FFF797BB00BF0000002026
:1077D400831E0A46022B00D970470121024B8140C7
:1077E40003EBC010FFF788BB00000020406870471F
:1077F400124A134BD2F8200220F07F40984210B571
:1078040084B002D200EB800040000E4C01A90A2291
:1078140000F030FE01A90023204611F8012B0133AA
:107824003AB10A2B20F8022FF7D11623237004B0A3
:1078340010BD5B00DBB2237004B010BD00441F40D8
:10784400809698002C13002038B50C4B04460C4D40
:107854001B68298843B1B1F5917F09D24B1C9BB2B7
:10786400084A2B80545438BDB1F5917FF6D338BD06
:1078740000220448984700210123F1E760E8002032
:10788400BCE9002074E80020F8B5144C4FF0E02562
:10789400134E4FF4003204EB4024124F06EB401613
:1078A4000346C5F88C2121463A883046FFF764FF29
:1078B4003B882344BFF34F8FC5F85C4F2034A34269
:1078C400FAD8BFF34F8FBFF36F8F04203146FFF711
:1078D4007FFF4FF40033C5F80C31F8BDE0182020C9
:1078E40060170020B0E9002042684FF6FC71114B8C
:1078F400C2F30E42C0691B889B1A0B4017D00E4975
:1079040030B40E4C0E4D227821F810300021013293
:1079140025F81010062A94BFD1B20A4621700949ED
:107924000C6823440B60084B985430BC7047FFF735
:10793400ABBF00BFB0E90020A4E70020CDE90020E0
:10794400C0E700209CE70020DCE700202DE9F04F91
:107954000123DFF828A1DFF828B183B0414E9AF85B
:107964000020414D414F8BF8003005EB4215338820
:10797400D7F80080CDE90002002B6DD13C4CDFF834
:1079840004912846FFF732FF10F080005DD03B6879
:10799400A3EB0803282B04D90123237003B0BDE80B
:1079A400F08F2378002BF9D199F80030002BF5D013
:1079B40000F0C0FC3388002BE3D02E4A9AF8001064
:1079C4001288D01A043B2C4C9BB22044338000EB29
:1079D4004120009E4902C0F8006C93BB04F540644A
:1079E40028460C442146FFF7C7FEBFF34F8F04F12E
:1079F400200204F50073934234BF012310234FF097
:107A0400E02204EB4313C2F8704F20349C42FAD1B5
:107A1400BFF34F8FBFF36F8F04202946FFF7C4FED7
:107A2400019B02200133032B94BFDBB200238AF8AD
:107A34000030FFF729FB00238BF8003003B0BDE8CA
:107A4400F08F0220FFF704FBF5E70A4B9AF80010C9
:107A54001A8820701346B5E7064A01991288D01A8D
:107A6400B0E700BFB4E900202019002010E800208E
:107A7400D4E90020B8E90020E0182020D6E900204D
:107A8400D8E90020DBE90020214B70B51B78002BDE
:107A94003BD04FF400731E461E4980221E4D002425
:107AA4000B8000211D482B8001F0A0FD1C4A2146BB
:107AB4001C4B1470C0221C481C8001F097FD1B4A0B
:107AC40031461B4B042094609C60C2E90044194A6F
:107AD400C3E900441470184B184A1C70184B146006
:107AE4002246FFF7E5FD2346224629880420FFF7B6
:107AF40011FE20460134FFF7C7FE062CF9D10023FE
:107B04001049114A0B70137070BD40231E46C3E721
:107B1400DCE90020B0E90020B8E9002020190020A9
:107B2400D6E90020B4E9002060170020A4E7002073
:107B3400C0E70020CDE90020CFE900209CE7002029
:107B4400595B0000D4E90020D8E90020024B1B78DF
:107B54000BB1FFF7FBBE7047DBE900202DE9F843CA
:107B6400214B1D7815B9214E33880BB9BDE8F88334
:107B7400DFF888801E4A98F800701E4C02EB471903
:107B84001D4A04EB4724128848462146D21A2B4644
:107B9400FFF7F2FDBFF34F8F04F1200204F50073E9
:107BA400934234BF012310234FF0E02204EB43132C
:107BB400C2F8704F20349C42FAD1BFF34F8FBFF309
:107BC4006F8F013749460420FFF7EEFD032F4FF076
:107BD40000034FF0020098BFFDB2338088F80050D4
:107BE400BDE8F843FFF750BAD8E90020B4E9002013
:107BF40020190020E0242020B8E90020D6E9002044
:107C0400F8B54FF400324FF0E023204CC3F88C2138
:107C14001F4B227819788A422ED0D3B21D4A1E4FA8
:107C240001331E491E4E072B28BF0023D05C37F8B2
:107C3400102001EB40218D580432316892B204398E
:107C440027F810203160174931F81010914207D9F4
:107C54004FF0E0234FF400322846C3F80C21F8BD5E
:107C6400DBB22370FFF710FE4FF0E0234FF4003235
:107C74002846C3F80C21F8BD00254FF0E0234FF44B
:107C840000322846C3F80C21F8BD00BFCFE900201C
:107C9400CDE90020DCE70020C0E70020E018202028
:107CA4009CE70020A4E70020F8B50646FFF7A8FFEC
:107CB40090B1C0F3031300F00F059C4A0446070A71
:107CC4001370A5F10803062B08D807F00F0301333E
:107CD400002E45D0B34243D00020F8BDAB1EF8B20D
:107CE400012B19D9F72818BFF02801D9052D13D075
:107CF400042D00F085816B1F022B40F245810F2D6E
:107D0400EAD1F72808D8F02803D0894B1B88002B28
:107D1400E2D0FFF799FDDFE7F1380E28DCD801A3A4
:107D240053F820F0096100001B6100003961000074
:107D3400495F0000495F000047610000495F00009F
:107D440055610000495F000081600000B7600000D9
:107D54009B600000495F0000D3600000EF600000FA
:107D6400082DC4F3033217D1082A15D17148802194
:107D7400714A0768C4F30746DDB21170240E1FB1BF
:107D8400314628462246B8476C4B01206C491D7089
:107D94006C4B0E701C70F8BD092D14D1092A12D138
:107DA400220E654900F0B4809020C4F30746DDB28A
:107DB4000870D4B264490F68002FE5D022463146DA
:107DC4002846B847E0E70A2D05D10A2A03D15F48BF
:107DD400A021594ACDE70B2D05D10B2A03D15C48CC
:107DE400B021554AC5E70C2D40F08A800C2A40F09A
:107DF4008780584AC02050491268C4F30746DDB250
:107E04000870240E002ABFD0314628469047BBE7AD
:107E1400514B1B68002B00F00A81C4F307469847B6
:107E2400454B240E00251F70AEE74C4B1B68002BFE
:107E3400F3D14B4B1B68002B00F0ED80FC20C4F306
:107E440007469847ECE7474B1B68002BE5D1444BAA
:107E54001B68002B00F0DF80FB20C4F30746984723
:107E6400DEE7414B1B68002BD7D13D4B1B68002B31
:107E740000F0D180FE20C4F307469847D0E73B4B7F
:107E84001B68002BC9D1364BC4F307461B68002B73
:107E9400C6D0FF209847C3E7354BC4F307461B6899
:107EA400002BBDD030469847BAE7324B1A68002AF7
:107EB40000F0B180630CC4F30640260C03F47E5337
:107EC400F6B218439047ABE72B4BC4F307461B6845
:107ED400002BE7D1A4E7294BC4F307461B68002B0A
:107EE4009DD19DE7264B1B68002B96D11C4B1B682C
:107EF400002B00F09080F820C4F3074698478FE7E2
:107F04000D2D62D10D2A60D11E4AD0200A4973E793
:107F14008020DDB2C4F30746087006490F68002FBD
:107F24007CD0314628461446B8472DE7DDE90020C9
:107F3400BCE9002038E80020E1E90020DEE9002067
:107F4400DFE90020E0E900203CE8002070E80020A0
:107F540034E8002044E8002054E8002058E80020D9
:107F640048E8002030E8002024E8002064E80020ED
:107F740068E800204CE8002050E800206CE800206D
:107F84002CE8002028E80020FFF75EFC052D08D02F
:107F9400C4F30740FFF758FC072D02D1200EFFF76A
:107FA40053FC2B4B2B4819882B4A0170080A2B4C85
:107FB400107000202A4A1880F023246813707CB3C0
:107FC40001222848A0470120F8BD0E2D7FF484AE7D
:107FD4000E2A7FF481AE244AE020214912680870F9
:107FE40072B3610CC4F30640DDB201F47E51260C79
:107FF400240E01432846F6B2A1F500519047C3E68A
:10800400FFF722FCC4F30740FFF71EFC200EFFF726
:108014001BFC0020F8BDC4F3074601E73C46B3E669
:10802400124B1B688BB10F4898470120F8BD104BC9
:108034001B68002BEFD0FA20C4F307469847EFE6FD
:10804400C4F30746DDB2240E9EE60120F8BD00BF4E
:10805400BCE90020DFE90020E0E9002060E800201E
:10806400E1E9002074E8002040E800205CE80020FA
:1080740048E80020F8B5144C4FF0E025134E4FF4B7
:10808400003204EB4024124F06EB40160346C5F8B9
:108094008C2121463A883046FFF76EFB3B88234407
:1080A400BFF34F8FC5F85C4F2034A342FAD8BFF317
:1080B4004F8FBFF36F8F03203146FFF789FB4FF4D7
:1080C4000033C5F80C31F8BDE02C20202018002026
:1080D400B2E90020244B2DE9F0411C884368C569AE
:1080E400C3F30E43E41A002C24DD204920480A7807
:1080F4000078D3B21F4E82421F4807D010F8038085
:1081040036F81870C7F50072944218D9013300226A
:1081140026F81540082B194E88BF134626F815205B
:1081240098BFDAB2C554164B0A701A6814441C601E
:10813400BDE8F0812846BDE8F041FFF79BBF07EB9F
:108144004820104922462744084401EB4521FEF704
:108154009DFB0B4A284626F8187013682344BDE893
:10816400F0411360FFF786BFB2E90020CEE900209A
:10817400D0E90020B0E70020E4E70020CCE70020AD
:10818400A0E70020E02C20201D4B1A78002A36D1CD
:1081940002F0FF031B4A12788AB32DE9F0411A4D0D
:1081A4002A8852B3194EC2F50068194F3278194C17
:1081B40007EB421704EBC224424638462146FFF738
:1081C400DBFA04EB0802BFF34F8F4FF0E023C3F850
:1081D400704F2034A242FAD8BFF34F8FBFF36F8F92
:1081E40003203946FFF7E0FA33780133DBB2032B7F
:1081F40088BF0023337000232B80BDE8F0817047D3
:10820400D9E90020DBE90020B6E90020D7E9002005
:10821400A0190020E03C2020704700BF2D4B002116
:1082240080222D4870B51B7800242C4D8B422C4E97
:108234000CBF40234FF400732B80338001F0D6F938
:10824400284A2146284B14704FF4807227481C801A
:1082540001F0CCF9264A1021264B0220C2E9004441
:10826400C2E90244244AC3E900441470234AC3E91E
:108274000244234B1C70234614602246FFF74AFA3B
:108284002246318803201F4BFFF712FA23460122AE
:1082940029880320FFF73EFA20460134FFF7EAFE5F
:1082A400082CF9D1184B00214A221848184C0460B4
:1082B400C3F88410C3F88020D3F84821154942F04C
:1082C4008072C3F8482121B1134A137843F00103A3
:1082D400137070BDDCE90020A0190020BAE9002069
:1082E400B2E90020D7E90020B6E9002020180020D8
:1082F400B0E70020CCE70020CEE90020A0E7002072
:10830400D0E900204563000000002E4098E90020D9
:10831400F963000000000000E3E90020044B10B5FD
:108324001C680CB1204610BD00F004F8204610BDB6
:10833400A0E700202DE9F8432D4B1E7866B12D4FA0
:108344003B784BB90123F1073B7043D4B20726D4E1
:1083540000233B70730701D4BDE8F883264B1A68E9
:10836400002AF9D0EFF30582002AF5D1EFF3108546
:1083740072B61868002834D0204C2178002930D1F6
:108384000122227042691A60002A2ED0916105B937
:1083940062B600258368457798472570DCE7DFF8E7
:1083A400648098F80030002BD2D00025DFF8589074
:1083B4002B4659F823400135236820461B6998470A
:1083C40010B163699B68984798F80020EBB29A4211
:1083D400EFD8BDE7FFF7A2FF0028B7D0AFF30080C6
:1083E400B4E7002DB8D162B6B6E7054B1A60CEE704
:1083F400E3E90020C2E90020A81A0020BFE9002018
:10840400B41A0020C1E90020D01A002070B5EFF39F
:10841400108272B60C4C206880B10C4E0025436962
:10842400236073B19D6102B962B68368457798474A
:10843400EFF3108272B620680028F0D102B962B658
:1084440070BD3360EFE700BFB01A0020AC1A002003
:10845400FFF7DCBF0449054A4968054B19601368F6
:1084640001331360704700BF001000E010E80020E3
:108474000CE8002001F1FF3C70B56646002400E0E2
:108484000134B0FBF2F502FB1503092B03F1370E9F
:1084940003F130035FFA8EFE98BF5FFA83FE9042C9
:1084A400284606F801EFEBD2631C0022C818CA5410
:1084B4007CB162461CF8015F10F8016DA1EB0C035E
:1084C40002328CF80060013B521A057023449A4230
:1084D400EFDB084670BD00BF074A506A936A19462D
:1084E4008446506A936A9942F9D18445F7D1DB0BEB
:1084F40043EA4040704700BF00400D400346084631
:10850400194601F0C5B800BF10EE103A40F22A41F6
:10851400C3F30A528A42B7EEC03A32D8B7EE000B20
:108524002D4B93ED4A2B93ED481BB0EE417BA2EE0D
:10853400037B17EE100A37EE417B00F01F0203EBBA
:10854400C20130B492EE037B93ED4C4B53F83240AE
:108554004D6893ED4E6B93ED505BA4EE076B27EEE5
:10856400074B00210A1905EBC033A5EE070B43ECBA
:10857400172BA6EE040B30BC20EE070BB7EEC00B96
:10858400704713F5000F20D0B2F5FF6F1AD2DFED5C
:10859400137AB4EEE70AF1EE10FA10DCDFED107A8C
:1085A400B4EEE70AF1EE10FA12D4DFED0E7AB4EE6F
:1085B400E70AF1EE10FAB1D5002000F035BB002037
:1085C40000F038BB30EE000A70479FED070A704791
:1085D400002000F023BB00BF800200201772B142CC
:1085E400B4F1CFC2CF8ECEC20000000010EE103A1C
:1085F400C3F30A52B2F5866FB7EEC07A2ED2B7EE45
:10860400000B2A4B93ED402B32EE073B13EE100A7E
:1086140033EE423B00F01F0203EBC20130B437EEED
:10862400437B93ED424B53F832404D6893ED446BDA
:1086340093ED465BA4EE076B27EE074B00210A1966
:1086440005EBC033A5EE070B43EC172BA6EE040B8A
:1086540030BC20EE070BB7EEC00B704713F5000FCC
:108664001ED0B2F5FF6F18D2B5EEC00AF1EE10FAC3
:1086740010DCDFED0F6AB4EEE60AF1EE10FA12D95F
:10868400DFED0C6AB4EEE60AF1EE10FAB7D500207D
:1086940000F0CABA002000F0CDBA30EE000A7047EC
:1086A4009FED050A7047002000F0B8BA8002002050
:1086B400000016C3000015C3000000000000000005
:1086C40030B410EE103A2DED028BA3F5000110EE3C
:1086D400902AB1F1FE4F10EE104A82B04FEA4201E7
:1086E4007CD201F1FF3C6FF08070844580F0F7800C
:1086F400002004F1404303F54D03C3F3C342DB0DF3
:10870400DB05E11ADB1507EE903AB14B03EB0212DD
:1087140092ED003B04EE101AB7EEE06AB7EEC44ADD
:10872400BFEE000BA3EE040B93ED443B20EE001BC5
:1087340093ED464B93ED402BA0EE034B93ED425B40
:1087440093ED483BA0EE025B21EE012B92ED028BF0
:10875400B8EEE77B37EE087BA0EE037BA1EE047B4B
:10876400A5EE027B26EE077B17EE903A48F2BF0196
:10877400C3F3CF338B4250D2B7EE000B954B93ED3E
:10878400402B37EE023B13EE102A33EE423B02F04D
:108794001F01821803EBC10093ED424B37EE437B7C
:1087A40053F83140456893ED446B93ED465BA7EE77
:1087B400046B27EE074B0023181905EBC231A7EE13
:1087C400050B41EC170BA6EE040B20EE070BB7EEDE
:1087D400C00B02B0BDEC028B30BC70474D1E6FF075
:1087E4008070854280F0CE8059004D1E854280F015
:1087F4009280002B55DB0020B4F5000FBFF479AF55
:10880400DFED757A07EE103A67EE277A17EE904A95
:1088140024F00044A4F138646BE79FED656BB4EE7B
:10882400C67BF1EE10FA15DC9FED636BB4EEC67BEC
:10883400F1EE10FA20DD4FF04C5388B10193DDEDD9
:10884400016ABFEE006A76EE666AF4EE466AF1EEFD
:1088540010FA11D002B0BDEC028B30BC00F0EAB9C2
:108864000093DDED006AB7EE006A76EE866AF4EEF8
:10887400466AF1EE10FAEDD19FED516BB4EEC67B72
:10888400F1EE10FA57D99FED506BB4EEC67BF1EEC2
:1088940010FA7FF571AF02B0BDEC028B30BC00F072
:1088A400C3B9C2F3C7517E2911DD962954DC0120D6
:1088B400C1F1960100FA01F1481E104207D111429C
:1088C40014BF01200020000424F0004494E700EECB
:1088D400103A02B0BDEC028B30BC00F0C3B90029E1
:1088E40052D0B3F17E5F2CD06400B4F17F4F2ED808
:1088F400B1F17F4F2BD1B4F1FE4F4BD0B4F1FE4F09
:108904006FEA020234BF00240124D20F94424CD0F7
:108914009FED320A5DE7002B20EE000A1EDB0020EB
:1089240000293AD1002ABFF654AF02B0BDEC028B45
:1089340030BC00F085B902B0BDEC028B30BC00F055
:108944006DB982F48002520012F5000F22D907EEAD
:10895400903A37EEA00A3CE70020B5E7C2F3C753CC
:10896400A3F17F001728DAD8C3F19600012303FA94
:1089740000F0441E1442D2D11040D1D0B1EE400ACE
:108984001846CDE70029AFD184F48002520012F5D5
:10899400000FDCD8B7EE000A1BE7002ABFF619AFB8
:1089A400F7EE007A87EE800A13E720EEA00A10E7BC
:1089B40071D5D1FFFFFF5F40E2AAA3FFFFFF5F4035
:1089C4000000000000C062C00000000000A062C0FF
:1089D400C8030020800200200000004B00000000BB
:1089E40030B510EE104AC4F30A53B3F57D7FB7EEE9
:1089F400C06A83B01BD226EE065BB3F5667F6ED3E6
:108A040026EE052B25EE021B734B93ED1A3B93EDDB
:108A1400187B93ED164BA5EE037BA2EE046BB0EE30
:108A2400460BA7EE010BB7EEC00B03B030BD40F20E
:108A34002E4293425ED8684991ED087B26EE077B6F
:108A4400FDEEC77B91ED0A5B17EE903A03F5000348
:108A54001B1613F0020F07EE903A01F1700208BFE3
:108A64000A46D807B8EEE77BA7EE456B26EE067BF1
:108A74001BD403F0030301EBC30192ED1A4B91EDF8
:108A8400002B92ED185B26EE026B92ED163BA7EEDF
:108A9400045B26EE074B27EE047BA4EE036BA5EEE6
:108AA400076BB7EEC60B03B030BD92ED142B27EE67
:108AB400075B92ED126B92ED0E3BA7EE026B92ED0B
:108AC4000C0B92ED104BA7EE030B27EE057BA5EEE6
:108AD400040BA6EE070BB7EEC00B03B030BD220D9E
:108AE40012F4FF6FDFD1B7EEC55B00EE104A8DEDD7
:108AF400015AD8E7B3F5FF6F4BD2384BC4F3836206
:108B040003EB820053F822200569C4F31603C4F36F
:108B1400C25143F400038B40016A03FB02F2A3FB3E
:108B24000110E3FB050202F100518D0F01F04041F9
:108B3400511A00F069FA2A4B9FED257B05EBD4749A
:108B440041EC160B14F0020FA3F1700208BF134698
:108B5400E90726EE077B27EE076B1FD404F0030416
:108B640002EBC40293ED1A4B92ED002B93ED185BCC
:108B740027EE027B93ED163BA6EE045B27EE064B35
:108B840026EE046BA4EE037BA5EE067BB7EEC70BC3
:108B940089E703B0BDE8304000F064B893ED142BCE
:108BA40026EE065B93ED127B93ED0E3BA6EE027B65
:108BB40093ED0C0B93ED104BA6EE030B26EE056B19
:108BC400A5EE040BA7EE060BB7EEC00B6BE700BFD8
:108BD400182D4454FB21193CF0040020A806002061
:108BE4006005002010B582B08DED010A044600F046
:108BF40067FD9DED010A046002B010BD30B1F1EED5
:108C0400407A27EE800A2220FFF7ECBFF0EE407A8C
:108C140027EE800A2220FFF7E5BF00BF9FED010A7F
:108C2400FFF7ECBF000000109FED010AFFF7E6BF5D
:108C34000000201A9FED010AFFF7E0BF000000705A
:108C44009FED070AFFEE007AB7EE007A00284FF096
:108C5400220047FE277A87EE800AFFF7C3BF00BFD2
:108C64000000000070EE407AB4EE400A87EEA77A66
:108C7400F1EE10FAB0EE470A02D62120FFF7B2BF98
:108C8400704700BF10EE101AC1F3C7520029A2F1B9
:108C94007F0CB4BF4FF0FF300120BCF11E0F0FDC7E
:108CA400BCF1000F1DDBC1F31603BCF1160F43F436
:108CB40000030ADD963A03FA02F202FB00F0704761
:108CC400FDEEC07A17EE900A70474FF4800242FA24
:108CD4000CF21A44CCF1170C22FA0CF202FB00F04D
:108CE4007047BCF1FF3F18BF0020704781F000417E
:108CF40002E000BF83F0004330B54FEA41044FEA7D
:108D0400430594EA050F08BF90EA020F1FBF54EA17
:108D1400000C55EA020C7FEA645C7FEA655C00F0B3
:108D2400E2804FEA5454D4EB5555B8BF6D420CDD84
:108D34002C4480EA020281EA030382EA000083EA07
:108D4400010180EA020281EA0303362D88BF30BDA7
:108D540011F0004F4FEA01314FF4801C4CEA1131FD
:108D640002D0404261EB410113F0004F4FEA03335C
:108D74004CEA133302D0524263EB430394EA050FE7
:108D840000F0A780A4F10104D5F1200E0DDB02FA56
:108D94000EFC22FA05F2801841F1000103FA0EF2EA
:108DA400801843FA05F359410EE0A5F120050EF1B0
:108DB400200E012A03FA0EFC28BF4CF0020C43FAE1
:108DC40005F3C01851EBE37101F0004507D54FF0EE
:108DD400000EDCF1000C7EEB00006EEB0101B1F53E
:108DE400801F1BD3B1F5001F0CD349085FEA300084
:108DF4004FEA3C0C04F101044FEA445212F5800F8F
:108E040080F09A80BCF1004F08BF5FEA500C50F12B
:108E1400000041EB045141EA050130BD5FEA4C0C0E
:108E2400404141EB0101013C28BFB1F5801FE9D26B
:108E340091F0000F04BF01460020B1FA81F308BF8E
:108E44002033A3F10B03B3F120020CDA0C3208DD5A
:108E540002F1140CC2F10C0201FA0CF021FA02F135
:108E64000CE002F11402D8BFC2F1200C01FA02F1A5
:108E740020FA0CFCDCBF41EA0C019040E41AA2BFCA
:108E840001EB0451294330BD6FEA04041F3C1CDA92
:108E94000C340EDC04F11404C4F1200220FA04F0B2
:108EA40001FA02F340EA030021FA04F345EA03015C
:108EB40030BDC4F10C04C4F1200220FA02F001FA1E
:108EC40004F340EA0300294630BD21FA04F02946A0
:108ED40030BD94F0000F83F4801306BF81F4801139
:108EE4000134013D4EE77FEA645C18BF7FEA655CAC
:108EF40029D094EA050F08BF90EA020F05D054EA7E
:108F0400000C04BF1946104630BD91EA030F1EBF82
:108F14000021002030BD5FEA545C05D14000494186
:108F240028BF41F0004130BD14F580043CBF01F579
:108F3400801130BD01F0004545F0FE4141F470015F
:108F44004FF0000030BD7FEA645C1ABF194610463A
:108F54007FEA655C1CBF0B46024650EA013406BF3B
:108F640052EA033591EA030F41F4002130BD00BFFA
:108F740090F0000F04BF0021704730B54FF48064B7
:108F840004F132044FF000054FF0000150E700BF38
:108F940090F0000F04BF0021704730B54FF4806497
:108FA40004F1320410F0004548BF40424FF0000184
:108FB4003EE700BF42004FEAE2014FEA31014FEAC7
:108FC40002701FBF12F07F4393F07F4F81F0605116
:108FD400704732F07F4208BF704793F07F4F04BF61
:108FE40041F40021704730B54FF4607401F000453E
:108FF40021F000411CE700BF50EA010208BF70479E
:1090040030B54FF000050AE050EA010208BF70478E
:1090140030B511F0004502D5404261EB41014FF4F7
:10902400806404F132045FEA915C3FF4D8AE4FF0FF
:1090340003025FEADC0C18BF03325FEADC0C18BFE2
:10904400033202EBDC02C2F1200300FA03FC20FA33
:1090540002F001FA03FE40EA0E0021FA02F1144480
:10906400BDE600BF024B0146186800F003B800BF1C
:10907400681000202DE9F04F01F10B06162E83B085
:10908400044624D8102900F2BA8000F0A3FA10266E
:1090940018220220B54F3A44A2F1080153688B42CA
:1090A40000F0BA805A68D96822F003021A449D6815
:1090B400E9608D60516841F001012046516003F17F
:1090C400080500F08DFA284603B0BDE8F08F36F0AD
:1090D400070600F19480B14200F2918000F07AFA20
:1090E400B6F5FC7FC0F09A81730A00F08F80042BE0
:1090F40000F26F81B30903F1390003F1380CC300A6
:109104009A4F3B44A3F108055B689D4206D10CE0ED
:10911400002980F22781DB689D4206D05A6822F03C
:109124000302911B0F29F3DD60463D69DFF850C24D
:1091340065457CD06A6822F00302931B0F2B00F371
:109144007B81002BC7E904CC80F26C81B2F5007FEF
:1091540080F01A81D308796801334FEA521E012244
:1091640002FA0EF20A4357F833E0C5F808E007EBB9
:10917400C3010839E9607A6047F83350CEF80C50DF
:10918400831001219940914257D8114206D120F011
:1091940003004900114200F10400FAD007EBC009B2
:1091A4004D468646D5F80C80454508D11DE1002B77
:1091B40080F22481D8F80C80454500F01681D8F857
:1091C400042022F00302931B0F2BF0DD2046D8E984
:1091D400025408EB060146F00106C8F80460EC608E
:1091E400A56043F00104C7E90411C1E902CC4C6055
:1091F40048F8023000F0F4F908F1080502E00C2305
:1092040023600025284603B0BDE8F08F4FF40073B7
:1092140040204FF03F0C73E7D3689A4208BF0230F6
:109224007FF440AF3D69DFF858C1654582D17A6863
:109234008310012199409142A7D9BD686B6823F03E
:1092440003094E4503D8A9EB06030F2B7ADCDFF89C
:1092540034B1474BDBF800201B680132334405EB83
:10926400090A00F0338103F580530F3323F47F6838
:1092740028F00F084146204600F010FA411C02462F
:1092840000F0F380824500F2EE803A4B19684144C5
:109294001960084600F04E81DBF80010019301319B
:1092A4001BBFA2EB0A010918CBF80020196012F0C9
:1092B400070B00F01781CBF108010A44CBF580516C
:1092C40090440831A1EB0801C1F30B0A5146204632
:1092D400009200F0E3F9421CDDE9002300F04F8125
:1092E400801A00EB0A081968BA6048F0010051447A
:1092F400BD425060196000F02981B9F10F0F40F2AE
:1093040027816868A9F10C0C2CF0070C00F001000F
:1093140040EA0C0068604FF0050E05EB0C00BCF150
:109324000F0FC0E901EE00F2328150681546124B6E
:109334001A688A4238BF1960104B1A688A4238BFCB
:10934400196094E0AA1943F0010346F001066E6027
:109354002046BA60536000F043F90835284603B04C
:10936400BDE8F08FD9681A44A1E600BF580C00206C
:10937400101D0020E01C0020081D00200C1D0020F2
:10938400600C002060100020B2F5206F4FEA5223D9
:1093940063D3142B00F2B78003F15C01C9005B3383
:1093A40007EB010E7958AEF1080E8E4500F091805E
:1093B4004B6823F00303934202D989688E45F7D1A1
:1093C400D1F80CE07A68C5E9021ECEF80850CD60E9
:1093D400D6E6142B59D9542B00F29D80330B03F19C
:1093E4006F0003F16E0CC3008AE60EF1010E1EF04D
:1093F400030F05F108057FF4D5AE51E0424445461C
:109404005368D8F80C1043F00103536055F8083F33
:109414002046D9608B6000F0E3F8F3E6F00806F12B
:10942400080237E62A442046536843F00103536098
:10943400083500F0D5F8E5E6A919204646F00106FE
:1094440043F001046E60C7E90411C1E902CC4C6029
:10945400AB5000F0C5F80835D4E6930903F139019F
:10946400C90038339CE7BD425FD0BD68686820F00E
:1094740003084645A8EB060302D80F2B3FF762AF5B
:10948400204600F0ADF80025BCE603F15C0003F1D2
:109494005B0CC30034E659F808394B4540F096801C
:1094A40010F0030F00F1FF30F5D17B6823EA0103CC
:1094B4007B60490099423FF6C0AE19B9BDE6490048
:1094C4000EF1040E1942FAD0704667E603F1100853
:1094D400D0E69A104FF001087B6808FA02F21A43AA
:1094E4007A6070E702EB08014942C1F30B0A514666
:1094F4002046009200F0D2F8431CDDE900237FF4FB
:10950400EFAEDA46EFE6542B25D8130B03F16F01C7
:10951400C9006E3344E7B3F5AA7F25D8F30B03F1F2
:10952400780003F1770CC300EAE5294B186840443E
:109534001860B1E6CAF30B0CBCF1000F7FF4ACAEBB
:10954400BD68C84448F001006860F0E61546EEE6E0
:109554000123536094E7B3F5AA7F23D8D30B03F117
:109564007801C90077331BE740F25452934223D861
:10957400B30C03F17D0003F17C0CC300C0E5ABF137
:10958400080BD844A8EB02084FF0000AABE605F13B
:1095940008012046009300F055F9BD68009B6868F7
:1095A4001968C4E640F254518B420BD8930C03F172
:1095B4007D01C9007C33F3E64FF47E737F204FF0C6
:1095C4007E0C9DE54FF47E717E23E9E67B6870E7AF
:1095D400E01C0020014800F09DB800BFDC1C002006
:1095E400014800F099B800BFDC1C0020830730B5A7
:1095F40048D0541E002A3FD0CAB2034601E0013CC1
:109604003AD303F8012B9D07F9D1032C2DD9CDB200
:1096140045EA05250F2C45EA054536D9A4F1100283
:1096240022F00F0C03F1200EE6444FEA121C03F162
:10963400100242E9045542E9025510327245F8D14C
:109644000CF1010214F00C0F03EB021204F00F0CE6
:1096540013D0ACF1040323F003030433134442F89E
:10966400045B9342FBD10CF003042CB1C9B21C443B
:1096740003F8011B9C42FBD130BD64461346002C09
:10968400F4D1F9E703461446BFE71A46A446E0E7D7
:1096940013460A460146022000F040B838B5074D8B
:1096A4000022044608462A60FDF7D8FB431C00D07C
:1096B40038BD2B68002BFBD0236038BD14E4002098
:1096C400014B1868704700BF6810002070B50D4E3C
:1096D4000D4D761BB61006D0002455F8043B01341A
:1096E4009847A642F9D1094E094D761B00F0B8F906
:1096F400B61006D0002455F8043B01349847A6421E
:10970400F9D170BD001C0060001C0060101C0060DA
:10971400001C0060704700BF704700BF2DE9F04790
:10972400DFF87CA00646DAF8000098460F4691461A
:10973400FFF7F0FF184B1C6824B365681F2D24DC69
:109744005EB96B1C0235DAF80000636044F82570DA
:10975400FFF7E2FF0020BDE8F08704EB8501012359
:10976400C1F88890D4F88821AB401A43022EC4F87B
:109774008821C1F80881E4D1D4F88C211A43C4F8B3
:109784008C21DEE7054C1C60D7E7DAF80000FFF710
:10979400C3FF4FF0FF30DEE7441B0020481B0020CE
:1097A4004C0C0020F8B5244F0C460646FFF712FF78
:1097B400BB685D68C4F57E610F3125F003054B1964
:1097C40023F47F6323F00F03A3F58054B4F5805F83
:1097D40007DB00213046FFF761FFBB682B4498424A
:1097E40004D03046FFF7FCFE0020F8BD614230464D
:1097F400FFF754FF01300DD0104ABB682D1B45F014
:1098040001055D60136830461B1B1360FFF7E8FE1B
:109814000120F8BD00213046FFF740FFBA68831AE3
:109824000F2BDEDD43F001035360054B03491B6836
:10983400C01A0860D5E700BF580C0020E01C0020C7
:1098440060100020002961D0F8B50C460646FFF7E9
:10985400C1FE54F8042C7B4FA4F1080522F0010149
:1098640005EB010CB868DCF80430604523F0030311
:1098740000F08B80D207CCF8043032D454F8082C92
:10988400AD1A1144AA6807F1080082426AD00CEBB1
:109894000304D4F804E0EC68D4601EF0010FA26065
:1098A40000F0978041F001036B60CCF80010B1F533
:1098B400007F35D27868CB080122490901338A40F8
:1098C400024357F833107A6007EBC302083AC5E93C
:1098D400021247F83350CD603046BDE8F840FFF738
:1098E4007FBE0CEB03025268D00710D4194407F171
:1098F4000800DCF80830834273D0DCF80C20DA600E
:10990400936041F001036B606950D0E7704741F008
:109914000103B1F5007F44F8043CCCF80010C9D32E
:10992400B1F5206F4FEA512348D28B0903F1390076
:1099340003F13802C300F818FB580838984259D08C
:109944005A6822F003028A4202D99B689842F7D1EE
:10995400D868C5E902308560DD603046BDE8F8406E
:10996400FFF73EBE0CEB03025268D20763D40B44EC
:10997400DCE90212CA60916043F001026A60304679
:10998400EB50BDE8F840FFF72BBE0B44D10707D4DA
:1099940054F8082CAD1A1344D5E90212CA60916038
:1099A40043F001026A60284ABD6012689A4293D863
:1099B400264B30461968FFF7F5FE8DE7142B0AD9BC
:1099C400542B1FD80B0B03F16F0003F16E02C3007D
:1099D400B1E719448DE703F15C0003F15B02C300B6
:1099E400A9E741F00103C7E90455C5E902006B602A
:1099F400695071E779689210012404FA02F20A436B
:109A04007A60A6E7B3F5AA7F06D8CB0B03F17800FA
:109A140003F17702C3008EE740F25452934206D812
:109A24008B0C03F17D0003F17C02C30083E74FF448
:109A34007E737E227FE741F001036B60CCF8001057
:109A44004AE700BF580C002064100020101D0020BD
:109A54005FF800F0691600605FF800F04D1B0060CD
:109A64005FF800F0A11B00605FF800F015160060BD
:049A7400F8B500BF82
:089A780088EAFF7F01000000F5
:109A800000000000000000000000000000000000D6
:109A900000000000000000000000000000000000C6
:109AA00000000000000000000000000000000000B6
:109AB00000000000000000000000000000000000A6
:109AC0000000000000000000000000000000000096
:109AD0000000000000000000000000000000000086
:109AE0000000000000000000000000000000000076
:109AF0000000000000000000000000000000000066
:109B00000000000000000000000000000000000055
:109B10000000000000000000000000000000000045
:109B20000000000000000000000000000000000035
:109B30000000000000000000000000000000000025
:109B40000000000000000000000000000000000015
:109B50000000000000000000000000000000000005
:109B600000000000000000000000000000000000F5
:109B700000000000000000000000000000000000E5
:109B800000000000000000000000000000000000D5
:109B900000000000000000000000000000000000C5
:109BA00000000000000000000000000000000000B5
:109BB00000000000000000000000000000000000A5
:109BC0000000000000000000000000000000000095
:109BD0000000000000000000000000000000000085
:109BE0000000000000000000000000000000000075
:109BF0000000000000000000000000000000000065
:109C00000000000000000000000000000000000054
:109C10000000000000000000000000000000000044
:109C20000000000000000000000000000000000034
:109C30000000000000000000000000000000000024
:109C40000000000000000000000000000000000014
:109C50000000000000000000000000000000000004
:109C600000000000000000000000000000000000F4
:109C700000000000000000000000000000000000E4
:109C800000000000000000000000000000000000D4
:109C900000000000000000000000000000000000C4
:109CA00000000000000000000000000000000000B4
:109CB00000000000000000000000000000000000A4
:109CC0000000000000000000000000000000000094
:109CD0000000000000000000000000000000000084
:109CE0000000000000000000000000000000000074
:109CF0000000000000000000000000000000000064
:109D0000000000000000F03F748515D3B0D9EF3F8C
:109D10000F89F96C58B5EF3F515B12D00193EF3FBB
:109D20007B517D3CB872EF3FAAB968318754EF3F51
:109D30003862756E7A38EF3FE1DE1FF59D1EEF3F0A
:109D400015B7310AFE06EF3FCBA93A37A7F1EE3F30
:109D50002234124CA6DEEE3F2D89616008CEEE3F24
:109D6000272A36D5DABFEE3F824F9D562BB4EE3F01
:109D7000295448DD07ABEE3F85553AB07EA4EE3F4F
:109D8000CD3B7F669EA0EE3F745FECE8759FEE3F93
:109D90008701EB7314A1EE3F13CE4C9989A5EE3FDA
:109DA000DBA02A42E5ACEE3FE5C5CDB037B7EE3FCC
:109DB00090F0A38291C4EE3F5D253EB203D5EE3F05
:109DC000ADD35A999FE8EE3F475EFBF276FFEE3F38
:109DD0009C5285DD9B19EF3F6990EFDC2037EF3F08
:109DE00087A4FBDC1858EF3F5F9B7B33977CEF3FEA
:109DF000DA90A4A2AFA4EF3F40456E5B76D0EF3F70
:109E0000000000000000E8429423914BF86AAC3F48
:109E1000F3C4FA50CEBFCE3FD6520CFF422EE63FDF
:109E20000000000000003843FE822B6547154740C4
:109E30009423914BF86ABC3EF3C4FA50CEBF2E3F38
:109E4000D6520CFF422E963FBEF3F879EC61F63FF6
:109E50001930965BC6FEDEBF3D88AF4AED71F53F17
:109E6000A4FCD432680BDBBFB010F0F03995F43F9E
:109E70007BB71F0A8B41D7BF8503B8B095C9F33FA5
:109E80007BCF6D1AE99DD3BFA564880C190DF33FF4
:109E900031B6F2F39B1DD0BFA08E0B7B225EF23F4A
:109EA000F07A3B1B1D7CC9BF3F341A4A4ABBF13FC5
:109EB0009F3CAF93E3F9C2BFBAE58AF05823F13F64
:109EC0005C8D78BFCB60B9BFA70099413F95F03F4B
:109ED000CE5F47B69D6FAABF000000000000F03FB4
:109EE0000000000000000000AC479AFD8C60EE3FCF
:109EF0003DF5249FCA38B33FA06A021FB3A4EC3FCC
:109F0000BA913854A976C43FE6FC6A573620EB3F35
:109F1000D2E4C44A0B84CE3F2DAAA163D1C2E93F4B
:109F20001C65C6F04506D43FED417803E686E83F60
:109F3000F89F1B2C9C8ED83F624853F5DC67E73FA7
:109F4000CC7BB14EA4E0DC3F0B6E49C91676D23F04
:109F50007AC675A06919D7BFDDBAA76C0AC7DE3FFC
:109F6000C8F6BE484715E7BF2BB82A654715F73F27
:109F7000000000000000F03F000000000000F0BF03
:109F8000000000000000F0BF000000000000F03FF3
:109F900083C8C96D305F6441182D4454FB21F93FDB
:109FA000000000000000F03F1C620CFDFFFFDFBF5F
:109FB000198F06E15355A53F9D359AE887C056BFD6
:109FC000C3F87B024393F93E03A695595455C5BF88
:109FD000C40B23057610813F24CF7437EB9429BF3F
:109FE000000000000000F03F000000000000F0BF93
:109FF000000000000000F0BF000000000000F03F83
:10A0000083C8C96D305F6441182D4454FB21F93F6A
:10A01000000000000000F0BF1C620CFDFFFFDF3FEE
:10A02000198F06E15355A5BF9D359AE887C0563F65
:10A03000C3F87B024393F9BE03A695595455C5BF97
:10A04000C40B23057610813F24CF7437EB9429BFCE
:10A05000CDCCCC3ECDCCCC3E6666E63E0AD7A33E08
:10A060006666E63E5C8FC23E3D0AD73E3333B33E62
:10A070003333B33ECDCCCC3ECDCC0C3FCDCC0C3F1E
:10A080005C8FC23E0000003F52B81E3FCDCCCC3E9C
:10A09000CDCCCC3ECDCCCC3E3D0AD73E3333B33EC7
:10A0A0003333B33E0AD7A33E6666E63ECDCC0C3FC3
:10A0B0000000DC420000DC420000DC424C1E0020BC
:10A0C000781E0020A41E00200000000001000000F7
:10A0D0000300000002000000000000000E0F10113D
:10A0E0001213000021410000254100002941000019
:10A0F0002D410000000000000000000001510000A0
:10A100000000000000000000E1120000000000005C
:10A1100000000000713700009D3C0000A13C0000E1
:10A12000A93C0000B13C0000A2000000F9A2000020
:10A1300083F9A2006E83F9A24E6E83F9444E6E83BA
:10A1400015444E6E2915444EFC29154427FC29154B
:10A150005727FC29D15727FCF5D1572734F5D1577C
:10A16000DD34F5D1C0DD34F5DBC0DD3462DBC0DDCC
:10A170009562DBC0999562DB3C999562433C999569
:10A1800090433C994190433C00000042C8801F40EE
:10A19000B8821F400800000000000042C4801F4039
:10A1A000B4821F400400000000C0004224801F4011
:10A1B00014821F401000000000C0004228801F4091
:10A1C00018821F402000000000C000422C801F4069
:10A1D0001C821F404000000000C0004234801F402D
:10A1E00024821F40000100000040004264811F40A3
:10A1F00054831F40000400000040004280811F4043
:10A2000070831F4000000200004000427C811F401C
:10A210006C831F40000001000040004268811F4025
:10A2200058831F4000080000004000423C811F404E
:10A230002C831F40010000000040004244811F4069
:10A2400034831F40040000000040004240811F4052
:10A2500030831F40020000000040004248811F4040
:10A2600038831F40080000000000004204811F40A6
:10A27000F4821F40000004000000004208811F40DB
:10A28000F8821F40000008000000004218811F40B3
:10A2900008831F40000080000000004214811F401E
:10A2A00004831F40000040000000004200811F4066
:10A2B000F0821F400000020000000042FC801F40AE
:10A2C000EC821F40000001000000004224811F407A
:10A2D00014831F40000000040000004228811F403A
:10A2E00018831F4000000008000000421C811F402E
:10A2F0000C831F40000000010000004220811F402D
:10A3000010831F400000000200000042EC801F404C
:10A31000DC821F400010000000000042F0801F405F
:10A32000E0821F40002000000000004234811F40F6
:10A3300024831F40000000400000004238811F407D
:10A3400028831F40000000800080004294801F404E
:10A3500084821F400000040000C0004290801F4023
:10A3600080821F400000008000800042A8801F40C3
:10A3700098821F400000800000800042A4801F409F
:10A3800094821F4000004000004000426C811F404A
:10A390005C831F400010000000C0004230801F405E
:10A3A00020821F408000000000800042C8811F40C2
:10A3B000B8831F400080000000800042C4811F401D
:10A3C000B4831F400040000000800042C0811F4055
:10A3D000B0831F400020000000800042BC811F406D
:10A3E000AC831F400010000000800042D0811F405D
:10A3F000C0831F400000020000800042CC811F404B
:10A40000BC831F400000010007080C0B06050F006D
:10A410000D0E0102838407080C0B06050F000D0EBC
:10A4200001028384010100040100000401320101E2
:10A4300001320201011001010111010101120102A9
:10A4400001030206010301060112020202000001DB
:10A4500002020001020100010210000102220001BB
:10A4600002230001000000000000000002210001A2
:10A470000220000100000000000000000130010186
:10A480000131010101020004010300040000000089
:10A490000000000001210201012101010000000073
:10A4A0000000000000000000011002010101020193
:10A4B000010101010100020101000101010202018B
:10A4C00001020101000100006C10002012000000D8
:10A4D00000060000881D00600A0000000002000065
:10A4E000F01C00609500000000070000581C006090
:10A4F0009500000000030000541C006000000000F4
:10A5000001030904B00A002000000000020309044E
:10A51000D40A002000000000030309042C130020CB
:10A52000000000000000000000000000000000002B
:10A53000220353006900670069006C0049006E0047
:10A5400073007400720075006D0065006E00740089
:10A55000730000002003640069006300650046008A
:10A560007200690065006E006400200076002E0015
:10A57000300031000000000000000000141D002029
:10A580007C1D0020E41D00200000000000000000F1
:10A5900000000000000000000000000000000000BB
:10A5A00000000000000000000000000000000000AB
:10A5B000000000000000000000000000000000009B
:10A5C000000000000000000000000000000000008B
:10A5D000000000000000000000000000000000007B
:10A5E000000000000000000000000000000000006B
:10A5F000000000000000000000000000000000005B
:10A60000000000000000000000000000000000004A
:10A6100001000000000000000E33CDAB34126DE6E7
:10A62000ECDE05000B000000000000000000000050
:10A63000000000000000000000000000000000001A
:10A64000000000000000000000000000000000000A
:10A6500000000000000000000000000000000000FA
:10A6600000000000000000000000000000000000EA
:10A6700000000000000000000000000000000000DA
:10A6800000000000000000000000000000000000CA
:10A6900000000000000000000000000000000000BA
:10A6A00000000000000080BF00000000000000006B
:10A6B000000000000000000000000000000000009A
:10A6C0000029DE07007B9A17FFFFFFFFD81C002040
:10A6D000E05C2020000000000000000000000000FE
:10A6E000580C0020580C0020600C0020600C00204A
:10A6F000680C0020680C0020700C0020700C0020FA
:10A70000780C0020780C0020800C0020800C0020A9
:10A71000880C0020880C0020900C0020900C002059
:10A72000980C0020980C0020A00C0020A00C002009
:10A73000A80C0020A80C0020B00C0020B00C0020B9
:10A74000B80C0020B80C0020C00C0020C00C002069
:10A75000C80C0020C80C0020D00C0020D00C002019
:10A76000D80C0020D80C0020E00C0020E00C0020C9
:10A77000E80C0020E80C0020F00C0020F00C002079
:10A78000F80C0020F80C0020000D0020000D002027
:10A79000080D0020080D0020100D0020100D0020D5
:10A7A000180D0020180D0020200D0020200D002085
:10A7B000280D0020280D0020300D0020300D002035
:10A7C000380D0020380D0020400D0020400D0020E5
:10A7D000480D0020480D0020500D0020500D002095
:10A7E000580D0020580D0020600D0020600D002045
:10A7F000680D0020680D0020700D0020700D0020F5
:10A80000780D0020780D0020800D0020800D0020A4
:10A81000880D0020880D0020900D0020900D002054
:10A82000980D0020980D0020A00D0020A00D002004
:10A83000A80D0020A80D0020B00D0020B00D0020B4
:10A84000B80D0020B80D0020C00D0020C00D002064
:10A85000C80D0020C80D0020D00D0020D00D002014
:10A86000D80D0020D80D0020E00D0020E00D0020C4
:10A87000E80D0020E80D0020F00D0020F00D002074
:10A88000F80D0020F80D0020000E0020000E002022
:10A89000080E0020080E0020100E0020100E0020D0
:10A8A000180E0020180E0020200E0020200E002080
:10A8B000280E0020280E0020300E0020300E002030
:10A8C000380E0020380E0020400E0020400E0020E0
:10A8D000480E0020480E0020500E0020500E002090
:10A8E000580E0020580E0020600E0020600E002040
:10A8F000680E0020680E0020700E0020700E0020F0
:10A90000780E0020780E0020800E0020800E00209F
:10A91000880E0020880E0020900E0020900E00204F
:10A92000980E0020980E0020A00E0020A00E0020FF
:10A93000A80E0020A80E0020B00E0020B00E0020AF
:10A94000B80E0020B80E0020C00E0020C00E00205F
:10A95000C80E0020C80E0020D00E0020D00E00200F
:10A96000D80E0020D80E0020E00E0020E00E0020BF
:10A97000E80E0020E80E0020F00E0020F00E00206F
:10A98000F80E0020F80E0020000F0020000F00201D
:10A99000080F0020080F0020100F0020100F0020CB
:10A9A000180F0020180F0020200F0020200F00207B
:10A9B000280F0020280F0020300F0020300F00202B
:10A9C000380F0020380F0020400F0020400F0020DB
:10A9D000480F0020480F0020500F0020500F00208B
:10A9E000580F0020580F0020600F0020600F00203B
:10A9F000680F0020680F0020700F0020700F0020EB
:10AA0000780F0020780F0020800F0020800F00209A
:10AA1000880F0020880F0020900F0020900F00204A
:10AA2000980F0020980F0020A00F0020A00F0020FA
:10AA3000A80F0020A80F0020B00F0020B00F0020AA
:10AA4000B80F0020B80F0020C00F0020C00F00205A
:10AA5000C80F0020C80F0020D00F0020D00F00200A
:10AA6000D80F0020D80F0020E00F0020E00F0020BA
:10AA7000E80F0020E80F0020F00F0020F00F00206A
:10AA8000F80F0020F80F0020001000200010002018
:10AA900008100020081000201010002010100020C6
:10AAA0001810002018100020201000202010002076
:10AAB0002810002028100020301000203010002026
:10AAC00038100020381000204010002040100020D6
:10AAD0004810002048100020501000205010002086
:10AAE000FFFFFFFF00000200F80A00201201000231
:10AAF000EF020140C0168B040103010203010000B4
:10AB0000E5490000E5490000E5490000E54900008D
:10AB1000E5490000E5490000E5490000E54900007D
:10AB2000E5490000E5490000E5490000E54900006D
:10AB3000E5490000E5490000E5490000E54900005D
:10AB4000E5490000E5490000E5490000E54900004D
:10AB5000E5490000E5490000E5490000E54900003D
:10AB6000E5490000E5490000E5490000E54900002D
:10AB7000E5490000E5490000E5490000E54900001D
:10AB8000E5490000E5490000E5490000E54900000D
:10AB9000E5490000E5490000E5490000E5490000FD
:10ABA000E5490000E5490000E5490000E5490000ED
:10ABB000E5490000E5490000E5490000E5490000DD
:10ABC000E5490000E5490000E5490000E5490000CD
:10ABD000E5490000E5490000E5490000E5490000BD
:10ABE000E5490000E5490000E5490000E5490000AD
:10ABF000E5490000E5490000E5490000E54900009D
:10AC0000E5490000E5490000E5490000E54900008C
:10AC1000E5490000E5490000E5490000E54900007C
:10AC2000E5490000E5490000E5490000E54900006C
:10AC3000E5490000E5490000E5490000E54900005C
:10AC4000E5490000E5490000E5490000E54900004C
:10AC5000E5490000E5490000E5490000E54900003C
:10AC6000E5490000E5490000E5490000E54900002C
:10AC7000E5490000E5490000E5490000E54900001C
:10AC8000E5490000E5490000E5490000E54900000C
:10AC9000E5490000E5490000E5490000E5490000FC
:10ACA000E5490000E5490000E5490000E5490000EC
:10ACB000E5490000E5490000E5490000E5490000DC
:10ACC000E5490000E5490000E5490000E5490000CC
:10ACD000E5490000E5490000E5490000E5490000BC
:10ACE000E5490000E5490000E5490000E5490000AC
:10ACF000E5490000E5490000E5490000E54900009C
:10AD0000FFFFFFFF01010100CDCCCC3ECDCCCC3EFE
:10AD10006666E63E0AD7A33E6666E63E5C8FC23EA6
:10AD20003D0AD73E3333B33E3333B33ECDCCCC3E76
:10AD3000CDCC0C3FCDCC0C3F000000000000DC422D
:10AD40000000803F00000001000000000000000043
:10AD500000000000000000005C8FC23E0000003FC9
:10AD600052B81E3FCDCCCC3ECDCCCC3ECDCCCC3E93
:10AD70003D0AD73E3333B33E3333B33E0AD7A33E07
:10AD80006666E63ECDCC0C3F0000DC420000DC42B3
:10AD90000000DC4200000000000000000000000095
:10ADA0000000000000000000000000000C03000094
:10ADB0000000000000000000000000000000000093
:10ADC000000008FF0000000000000000000000007C
:10ADD0000000000000000000000000000000000073
:10ADE0000000000000000000000000000000000063
:10ADF0000000000000000000000000000000000053
:10AE00000000000000000000000000000000000042
:10AE10000000000000000000000000000000000032
:10AE20000000000000000000000000000000000022
:10AE30000000000000000000000000000000000012
:10AE40000000000000000000000000000000000002
:10AE500000000000000000000000000000000000F2
:10AE600000000000000000000000000000000000E2
:10AE700000000000000000000000000000000000D2
:10AE800000000000000000000000000000000000C2
:10AE900000000000000000000000000000000000B2
:10AEA00000000000000000000000000000000000A2
:10AEB0000000000000000000000000000000000092
:10AEC0000000000000000000000000000000000082
:10AED0000000000000000000000000000000000072
:10AEE0000000000000000000000000000000000062
:10AEF0000000000000000000000000000000000052
:10AF00000000000000000000000000000000000041
:10AF10000000000000000000000000000000000031
:10AF20000000000000000000000000000000000021
:10AF30000000000000000000000000000000000011
:10AF40000000000000000000000000000000000001
:10AF500000000000000000000000000000000000F1
:10AF600000000000000000000000000000000000E1
:10AF700000000000000000000000000000000000D1
:10AF800000000000000000000000000000000000C1
:10AF900000000000000000000000000000000000B1
:10AFA00000000000000000000000000000000000A1
:10AFB0000000000000000000000000000000000091
:10AFC0000000000000000000000000000000000081
:10AFD0000000000000000000000000000000000071
:10AFE0000000000000000000000000000000000061
:10AFF0000000000000000000000000000000000051
:10B000000000000000000000000000000000000040
:10B010000000000000000000000000000000000030
:10B020000000000000000000000000000000000020
:10B030000000000000000000000000000000000010
:10B040000000000000000000000000000000000000
:10B0500000000000000000000000000000000000F0
:10B0600000000000000000000000000000000000E0
:10B0700000000000000000000000000000000000D0
:10B0800000000000000000000000000000000000C0
:10B0900000000000000000000000000000000000B0
:10B0A00000000000000000000000000000000000A0
:10B0B0000000000000000000000000000000000090
:10B0C0000000000000000000000000000000000080
:10B0D0000000000000000000000000000000000070
:10B0E0000000000000000000000000000000000060
:10B0F0000000000000000000000000000000000050
:10B10000000000000000000000000000000000003F
:10B11000000000000000000000000000000000002F
:10B12000000000000000000000000000000000001F
:10B13000000000000000000000000000000000000F
:10B14000FFFFFFFFFFFFFFFFFFFFFFFFFFFFFFFF0F
:10B15000FFFFFFFFFFFFFFFFFFFFFFFFFFFFFFFFFF
:10B16000FFFFFFFFFFFFFFFFFFFFFFFFFFFFFFFFEF
:10B17000FFFFFFFFFFFFFFFFFFFFFFFFFFFFFFFFDF
:10B18000FFFFFFFFFFFFFFFFFFFFFFFFFFFFFFFFCF
:10B19000FFFFFFFFFFFFFFFFFFFFFFFFFFFFFFFFBF
:10B1A000FFFFFFFFFFFFFFFFFFFFFFFFFFFFFFFFAF
:10B1B000FFFFFFFFFFFFFFFFFFFFFFFFFFFFFFFF9F
:10B1C000FFFFFFFFFFFFFFFFFFFFFFFFFFFFFFFF8F
:10B1D000FFFFFFFFFFFFFFFFFFFFFFFFFFFFFFFF7F
:10B1E000FFFFFFFFFFFFFFFFFFFFFFFFFFFFFFFF6F
:10B1F000FFFFFFFFFFFFFFFFFFFFFFFFFFFFFFFF5F
:10B20000FFFFFFFFFFFFFFFFFFFFFFFFFFFFFFFF4E
:10B21000FFFFFFFFFFFFFFFFFFFFFFFFFFFFFFFF3E
:10B22000FFFFFFFFFFFFFFFFFFFFFFFFFFFFFFFF2E
:10B23000FFFFFFFFFFFFFFFFFFFFFFFFFFFFFFFF1E
:10B24000FFFFFFFFFFFFFFFFFFFFFFFFFFFFFFFF0E
:10B25000FFFFFFFFFFFFFFFFFFFFFFFFFFFFFFFFFE
:10B26000FFFFFFFFFFFFFFFFFFFFFFFFFFFFFFFFEE
:10B27000FFFFFFFFFFFFFFFFFFFFFFFFFFFFFFFFDE
:10B28000FFFFFFFFFFFFFFFFFFFFFFFFFFFFFFFFCE
:10B29000FFFFFFFFFFFFFFFFFFFFFFFFFFFFFFFFBE
:10B2A000FFFFFFFFFFFFFFFFFFFFFFFFFFFFFFFFAE
:10B2B000FFFFFFFFFFFFFFFFFFFFFFFFFFFFFFFF9E
:10B2C000FFFFFFFFFFFFFFFFFFFFFFFFFFFFFFFF8E
:10B2D000FFFFFFFFFFFFFFFFFFFFFFFFFFFFFFFF7E
:10B2E000FFFFFFFFFFFFFFFFFFFFFFFFFFFFFFFF6E
:10B2F000FFFFFFFFFFFFFFFFFFFFFFFFFFFFFFFF5E
:10B30000FFFFFFFFFFFFFFFFFFFFFFFFFFFFFFFF4D
:10B31000FFFFFFFFFFFFFFFFFFFFFFFFFFFFFFFF3D
:10B32000FFFFFFFFFFFFFFFFFFFFFFFFFFFFFFFF2D
:10B33000FFFFFFFFFFFFFFFFFFFFFFFFFFFFFFFF1D
:10B34000FFFFFFFFFFFFFFFFFFFFFFFFFFFFFFFF0D
:10B35000FFFFFFFFFFFFFFFFFFFFFFFFFFFFFFFFFD
:10B36000FFFFFFFFFFFFFFFFFFFFFFFFFFFFFFFFED
:10B37000FFFFFFFFFFFFFFFFFFFFFFFFFFFFFFFFDD
:10B38000FFFFFFFFFFFFFFFFFFFFFFFFFFFFFFFFCD
:10B39000FFFFFFFFFFFFFFFFFFFFFFFFFFFFFFFFBD
:10B3A000FFFFFFFFFFFFFFFFFFFFFFFFFFFFFFFFAD
:10B3B000FFFFFFFFFFFFFFFFFFFFFFFFFFFFFFFF9D
:10B3C000FFFFFFFFFFFFFFFFFFFFFFFFFFFFFFFF8D
:10B3D000FFFFFFFFFFFFFFFFFFFFFFFFFFFFFFFF7D
:10B3E000FFFFFFFFFFFFFFFFFFFFFFFFFFFFFFFF6D
:10B3F000FFFFFFFFFFFFFFFFFFFFFFFFFFFFFFFF5D
:10B40000000000000000000000000000000000003C
:10B41000000000000000000000000000000000002C
:10B42000000000000000000000000000000000001C
:10B43000000000000000000000000000000000000C
:10B4400000000000000000000000000000000000FC
:10B4500000000000000000000000000000000000EC
:10B4600000000000000000000000000000000000DC
:10B4700000000000000000000000000000000000CC
:10B4800000000000000000000000000000000000BC
:10B4900000000000000000000000000000000000AC
:10B4A000000000000000000000000000000000009C
:10B4B000000000000000000000000000000000008C
:10B4C000000000000000000000000000000000007C
:10B4D000000000000000000000000000000000006C
:10B4E000000000000000000000000000000000005C
:10B4F000000000000000000000000000000000004C
:10B50000000000000000000000000000000000003B
:10B51000000000000000000000000000000000002B
:10B52000000000000000000000000000000000001B
:10B53000000000000000000000000000000000000B
:10B5400000000000000000000000000000000000FB
:10B5500000000000000000000000000000000000EB
:10B5600000000000000000000000000000000000DB
:10B5700000000000000000000000000000000000CB
:10B5800000000000000000000000000000000000BB
:10B5900000000000000000000000000000000000AB
:10B5A000000000000000000000000000000000009B
:10B5B000000000000000000000000000000000008B
:10B5C000000000000000000000000000000000007B
:10B5D000000000000000000000000000000000006B
:10B5E000000000000000000000000000000000005B
:10B5F000000000000000000000000000000000004B
:10B60000000000000000000000000000000000003A
:10B61000000000000000000000000000000000002A
:10B62000000000000000000000000000000000001A
:10B63000000000000000000000000000000000000A
:10B6400000000000000000000000000000000000FA
:10B6500000000000000000000000000000000000EA
:10B6600000000000000000000000000000000000DA
:10B6700000000000000000000000000000000000CA
:10B6800000000000000000000000000000000000BA
:10B6900000000000000000000000000000000000AA
:10B6A000000000000000000000000000000000009A
:10B6B000000000000000000000000000000000008A
:10B6C000000000000000000000000000000000007A
:10B6D000000000000000000000000000000000006A
:10B6E000000000000000000000000000000000005A
:10B6F000000000000000000000000000000000004A
:10B700000000000000000000000000000000000039
:10B710000000000000000000000000000000000029
:10B720000000000000000000000000000000000019
:10B730000000000000000000000000000000000009
:10B7400000000000000000000000000000000000F9
:10B7500000000000000000000000000000000000E9
:10B7600000000000000000000000000000000000D9
:10B7700000000000000000000000000000000000C9
:10B7800000000000000000000000000000000000B9
:10B7900000000000000000000000000000000000A9
:10B7A0000000000000000000000000000000000099
:10B7B0000000000000000000000000000000000089
:10B7C0000000000000000000000000000000000079
:10B7D0000000000000000000000000000000000069
:10B7E0000000000000000000000000000000000059
:10B7F0000000000000000000000000000000000049
:10B800000000000000000000000000000000000038
:10B810000000000000000000000000000000000028
:10B820000000000000000000000000000000000018
:10B830000000000000000000000000000000000008
:10B8400000000000000000000000000000000000F8
:10B8500000000000000000000000000000000000E8
:10B8600000000000000000000000000000000000D8
:10B8700000000000000000000000000000000000C8
:10B8800000000000000000000000000000000000B8
:10B8900000000000000000000000000000000000A8
:10B8A0000000000000000000000000000000000098
:10B8B0000000000000000000000000000000000088
:10B8C0000000000000000000000000000000000078
:10B8D0000000000000000000000000000000000068
:10B8E0000000000000000000000000000000000058
:10B8F0000000000000000000000000000000000048
:10B900000000000000000000000000000000000037
:10B910000000000000000000000000000000000027
:10B920000000000000000000000000000000000017
:10B930000000000000000000000000000000000007
:10B9400000000000000000000000000000000000F7
:10B9500000000000000000000000000000000000E7
:10B9600000000000000000000000000000000000D7
:10B9700000000000000000000000000000000000C7
:10B9800000000000000000000000000000000000B7
:10B9900000000000000000000000000000000000A7
:10B9A0000000000000000000000000000000000097
:10B9B0000000000000000000000000000000000087
:10B9C0000000000000000000000000000000000077
:10B9D0000000000000000000000000000000000067
:10B9E0000000000000000000000000000000000057
:10B9F0000000000000000000000000000000000047
:10BA00000000000000000000000000000000000036
:10BA10000000000000000000000000000000000026
:10BA20000000000000000000000000000000000016
:10BA30000000000000000000000000000000000006
:10BA400000000000000000000000000000000000F6
:10BA500000000000000000000000000000000000E6
:10BA600000000000000000000000000000000000D6
:10BA700000000000000000000000000000000000C6
:10BA800000000000000000000000000000000000B6
:10BA900000000000000000000000000000000000A6
:10BAA0000000000000000000000000000000000096
:10BAB0000000000000000000000000000000000086
:10BAC0000000000000000000000000000000000076
:10BAD0000000000000000000000000000000000066
:10BAE0000000000000000000000000000000000056
:10BAF0000000000000000000000000000000000046
:10BB00000000000000000000000000000000000035
:10BB10000000000000000000000000000000000025
:10BB20000000000000000000000000000000000015
:10BB30000000000000000000000000000000000005
:10BB400000000000000000000000000000000000F5
:10BB500000000000000000000000000000000000E5
:10BB600000000000000000000000000000000000D5
:10BB700000000000000000000000000000000000C5
:10BB800000000000000000000000000000000000B5
:10BB900000000000000000000000000000000000A5
:10BBA0000000000000000000000000000000000095
:10BBB0000000000000000000000000000000000085
:10BBC0000000000000000000000000000000000075
:10BBD0000000000000000000000000000000000065
:10BBE0000000000000000000000000000000000055
:10BBF0000000000000000000000000000000000045
:10BC00000000000000000000000000000000000034
:10BC10000000000000000000000000000000000024
:10BC20000000000000000000000000000000000014
:10BC30000000000000000000000000000000000004
:10BC400000000000000000000000000000000000F4
:10BC500000000000000000000000000000000000E4
:10BC600000000000000000000000000000000000D4
:10BC700000000000000000000000000000000000C4
:10BC800000000000000000000000000000000000B4
:10BC900000000000000000000000000000000000A4
:10BCA0000000000000000000000000000000000094
:10BCB0000000000000000000000000000000000084
:10BCC0000000000000000000000000000000000074
:10BCD0000000000000000000000000000000000064
:10BCE0000000000000000000000000000000000054
:10BCF0000000000000000000000000000000000044
:10BD00000000000000000000000000000000000033
:10BD10000000000000000000000000000000000023
:10BD20000000000000000000000000000000000013
:10BD30000000000000000000000000000000000003
:10BD400000000000000000000000000000000000F3
:10BD500000000000000000000000000000000000E3
:10BD600000000000000000000000000000000000D3
:10BD700000000000000000000000000000000000C3
:10BD800000000000000000000000000000000000B3
:10BD900000000000000000000000000000000000A3
:10BDA0000000000000000000000000000000000093
:10BDB0000000000000000000000000000000000083
:10BDC0000000000000000000000000000000000073
:10BDD0000000000000000000000000000000000063
:10BDE0000000000000000000000000000000000053
:10BDF0000000000000000000000000000000000043
:10BE00000000000000000000000000000000000032
:10BE10000000000000000000000000000000000022
:10BE20000000000000000000000000000000000012
:10BE30000000000000000000000000000000000002
:10BE400000000000000000000000000000000000F2
:10BE500000000000000000000000000000000000E2
:10BE600000000000000000000000000000000000D2
:10BE700000000000000000000000000000000000C2
:10BE800000000000000000000000000000000000B2
:10BE900000000000000000000000000000000000A2
:10BEA0000000000000000000000000000000000092
:10BEB0000000000000000000000000000000000082
:10BEC0000000000000000000000000000000000072
:10BED0000000000000000000000000000000000062
:10BEE0000000000000000000000000000000000052
:10BEF0000000000000000000000000000000000042
:10BF00000000000000000000000000000000000031
:10BF10000000000000000000000000000000000021
:10BF20000000000000000000000000000000000011
:10BF30000000000000000000000000000000000001
:10BF400000000000000000000000000000000000F1
:10BF500000000000000000000000000000000000E1
:10BF600000000000000000000000000000000000D1
:10BF700000000000000000000000000000000000C1
:10BF800000000000000000000000000000000000B1
:10BF900000000000000000000000000000000000A1
:10BFA0000000000000000000000000000000000091
:10BFB0000000000000000000000000000000000081
:10BFC0000000000000000000000000000000000071
:10BFD0000000000000000000000000000000000061
:10BFE0000000000000000000000000000000000051
:10BFF0000000000000000000000000000000000041
:040000056000100087
:00000001FF
