:0200000460009A
:100000004643464200000156000000000103030081
:1000100000000000000000000000000000000000E0
:1000200000000000000000000000000000000000D0
:1000300000000000000000000000000000000000C0
:1000400000000000010408000000000000000000A3
:100050000000200000000000000000000000000080
:100060000000000000000000000000000000000090
:100070000000000000000000000000000000000080
:10008000EB04180A063204260000000000000000FD
:10009000050404240000000000000000000000002F
:1000A0000000000000000000000000000000000050
:1000B0000604000000000000000000000000000036
:1000C0000000000000000000000000000000000030
:1000D00020041808000000000000000000000000DC
:1000E0000000000000000000000000000000000010
:1000F0000000000000000000000000000000000000
:10010000D8041808000000000000000000000000F3
:100110000204180804200000000000000000000095
:1001200000000000000000000000000000000000CF
:10013000600400000000000000000000000000005B
:1001400000000000000000000000000000000000AF
:10015000000000000000000000000000000000009F
:10016000000000000000000000000000000000008F
:10017000000000000000000000000000000000007F
:10018000000000000000000000000000000000006F
:10019000000000000000000000000000000000005F
:1001A000000000000000000000000000000000004F
:1001B000000000000000000000000000000000003F
:1001C000000100000010000001000000000000001D
:1001D000000001000000000000000000000000001E
:1001E000000000000000000000000000000000000F
:1001F00000000000000000000000000000000000FF
:10020000FFFFFFFFFFFFFFFFFFFFFFFFFFFFFFFFFE
:10021000FFFFFFFFFFFFFFFFFFFFFFFFFFFFFFFFEE
:10022000FFFFFFFFFFFFFFFFFFFFFFFFFFFFFFFFDE
:10023000FFFFFFFFFFFFFFFFFFFFFFFFFFFFFFFFCE
:10024000FFFFFFFFFFFFFFFFFFFFFFFFFFFFFFFFBE
:10025000FFFFFFFFFFFFFFFFFFFFFFFFFFFFFFFFAE
:10026000FFFFFFFFFFFFFFFFFFFFFFFFFFFFFFFF9E
:10027000FFFFFFFFFFFFFFFFFFFFFFFFFFFFFFFF8E
:10028000FFFFFFFFFFFFFFFFFFFFFFFFFFFFFFFF7E
:10029000FFFFFFFFFFFFFFFFFFFFFFFFFFFFFFFF6E
:1002A000FFFFFFFFFFFFFFFFFFFFFFFFFFFFFFFF5E
:1002B000FFFFFFFFFFFFFFFFFFFFFFFFFFFFFFFF4E
:1002C000FFFFFFFFFFFFFFFFFFFFFFFFFFFFFFFF3E
:1002D000FFFFFFFFFFFFFFFFFFFFFFFFFFFFFFFF2E
:1002E000FFFFFFFFFFFFFFFFFFFFFFFFFFFFFFFF1E
:1002F000FFFFFFFFFFFFFFFFFFFFFFFFFFFFFFFF0E
:10030000FFFFFFFFFFFFFFFFFFFFFFFFFFFFFFFFFD
:10031000FFFFFFFFFFFFFFFFFFFFFFFFFFFFFFFFED
:10032000FFFFFFFFFFFFFFFFFFFFFFFFFFFFFFFFDD
:10033000FFFFFFFFFFFFFFFFFFFFFFFFFFFFFFFFCD
:10034000FFFFFFFFFFFFFFFFFFFFFFFFFFFFFFFFBD
:10035000FFFFFFFFFFFFFFFFFFFFFFFFFFFFFFFFAD
:10036000FFFFFFFFFFFFFFFFFFFFFFFFFFFFFFFF9D
:10037000FFFFFFFFFFFFFFFFFFFFFFFFFFFFFFFF8D
:10038000FFFFFFFFFFFFFFFFFFFFFFFFFFFFFFFF7D
:10039000FFFFFFFFFFFFFFFFFFFFFFFFFFFFFFFF6D
:1003A000FFFFFFFFFFFFFFFFFFFFFFFFFFFFFFFF5D
:1003B000FFFFFFFFFFFFFFFFFFFFFFFFFFFFFFFF4D
:1003C000FFFFFFFFFFFFFFFFFFFFFFFFFFFFFFFF3D
:1003D000FFFFFFFFFFFFFFFFFFFFFFFFFFFFFFFF2D
:1003E000FFFFFFFFFFFFFFFFFFFFFFFFFFFFFFFF1D
:1003F000FFFFFFFFFFFFFFFFFFFFFFFFFFFFFFFF0D
:10040000FFFFFFFFFFFFFFFFFFFFFFFFFFFFFFFFFC
:10041000FFFFFFFFFFFFFFFFFFFFFFFFFFFFFFFFEC
:10042000FFFFFFFFFFFFFFFFFFFFFFFFFFFFFFFFDC
:10043000FFFFFFFFFFFFFFFFFFFFFFFFFFFFFFFFCC
:10044000FFFFFFFFFFFFFFFFFFFFFFFFFFFFFFFFBC
:10045000FFFFFFFFFFFFFFFFFFFFFFFFFFFFFFFFAC
:10046000FFFFFFFFFFFFFFFFFFFFFFFFFFFFFFFF9C
:10047000FFFFFFFFFFFFFFFFFFFFFFFFFFFFFFFF8C
:10048000FFFFFFFFFFFFFFFFFFFFFFFFFFFFFFFF7C
:10049000FFFFFFFFFFFFFFFFFFFFFFFFFFFFFFFF6C
:1004A000FFFFFFFFFFFFFFFFFFFFFFFFFFFFFFFF5C
:1004B000FFFFFFFFFFFFFFFFFFFFFFFFFFFFFFFF4C
:1004C000FFFFFFFFFFFFFFFFFFFFFFFFFFFFFFFF3C
:1004D000FFFFFFFFFFFFFFFFFFFFFFFFFFFFFFFF2C
:1004E000FFFFFFFFFFFFFFFFFFFFFFFFFFFFFFFF1C
:1004F000FFFFFFFFFFFFFFFFFFFFFFFFFFFFFFFF0C
:10050000FFFFFFFFFFFFFFFFFFFFFFFFFFFFFFFFFB
:10051000FFFFFFFFFFFFFFFFFFFFFFFFFFFFFFFFEB
:10052000FFFFFFFFFFFFFFFFFFFFFFFFFFFFFFFFDB
:10053000FFFFFFFFFFFFFFFFFFFFFFFFFFFFFFFFCB
:10054000FFFFFFFFFFFFFFFFFFFFFFFFFFFFFFFFBB
:10055000FFFFFFFFFFFFFFFFFFFFFFFFFFFFFFFFAB
:10056000FFFFFFFFFFFFFFFFFFFFFFFFFFFFFFFF9B
:10057000FFFFFFFFFFFFFFFFFFFFFFFFFFFFFFFF8B
:10058000FFFFFFFFFFFFFFFFFFFFFFFFFFFFFFFF7B
:10059000FFFFFFFFFFFFFFFFFFFFFFFFFFFFFFFF6B
:1005A000FFFFFFFFFFFFFFFFFFFFFFFFFFFFFFFF5B
:1005B000FFFFFFFFFFFFFFFFFFFFFFFFFFFFFFFF4B
:1005C000FFFFFFFFFFFFFFFFFFFFFFFFFFFFFFFF3B
:1005D000FFFFFFFFFFFFFFFFFFFFFFFFFFFFFFFF2B
:1005E000FFFFFFFFFFFFFFFFFFFFFFFFFFFFFFFF1B
:1005F000FFFFFFFFFFFFFFFFFFFFFFFFFFFFFFFF0B
:10060000FFFFFFFFFFFFFFFFFFFFFFFFFFFFFFFFFA
:10061000FFFFFFFFFFFFFFFFFFFFFFFFFFFFFFFFEA
:10062000FFFFFFFFFFFFFFFFFFFFFFFFFFFFFFFFDA
:10063000FFFFFFFFFFFFFFFFFFFFFFFFFFFFFFFFCA
:10064000FFFFFFFFFFFFFFFFFFFFFFFFFFFFFFFFBA
:10065000FFFFFFFFFFFFFFFFFFFFFFFFFFFFFFFFAA
:10066000FFFFFFFFFFFFFFFFFFFFFFFFFFFFFFFF9A
:10067000FFFFFFFFFFFFFFFFFFFFFFFFFFFFFFFF8A
:10068000FFFFFFFFFFFFFFFFFFFFFFFFFFFFFFFF7A
:10069000FFFFFFFFFFFFFFFFFFFFFFFFFFFFFFFF6A
:1006A000FFFFFFFFFFFFFFFFFFFFFFFFFFFFFFFF5A
:1006B000FFFFFFFFFFFFFFFFFFFFFFFFFFFFFFFF4A
:1006C000FFFFFFFFFFFFFFFFFFFFFFFFFFFFFFFF3A
:1006D000FFFFFFFFFFFFFFFFFFFFFFFFFFFFFFFF2A
:1006E000FFFFFFFFFFFFFFFFFFFFFFFFFFFFFFFF1A
:1006F000FFFFFFFFFFFFFFFFFFFFFFFFFFFFFFFF0A
:10070000FFFFFFFFFFFFFFFFFFFFFFFFFFFFFFFFF9
:10071000FFFFFFFFFFFFFFFFFFFFFFFFFFFFFFFFE9
:10072000FFFFFFFFFFFFFFFFFFFFFFFFFFFFFFFFD9
:10073000FFFFFFFFFFFFFFFFFFFFFFFFFFFFFFFFC9
:10074000FFFFFFFFFFFFFFFFFFFFFFFFFFFFFFFFB9
:10075000FFFFFFFFFFFFFFFFFFFFFFFFFFFFFFFFA9
:10076000FFFFFFFFFFFFFFFFFFFFFFFFFFFFFFFF99
:10077000FFFFFFFFFFFFFFFFFFFFFFFFFFFFFFFF89
:10078000FFFFFFFFFFFFFFFFFFFFFFFFFFFFFFFF79
:10079000FFFFFFFFFFFFFFFFFFFFFFFFFFFFFFFF69
:1007A000FFFFFFFFFFFFFFFFFFFFFFFFFFFFFFFF59
:1007B000FFFFFFFFFFFFFFFFFFFFFFFFFFFFFFFF49
:1007C000FFFFFFFFFFFFFFFFFFFFFFFFFFFFFFFF39
:1007D000FFFFFFFFFFFFFFFFFFFFFFFFFFFFFFFF29
:1007E000FFFFFFFFFFFFFFFFFFFFFFFFFFFFFFFF19
:1007F000FFFFFFFFFFFFFFFFFFFFFFFFFFFFFFFF09
:10080000FFFFFFFFFFFFFFFFFFFFFFFFFFFFFFFFF8
:10081000FFFFFFFFFFFFFFFFFFFFFFFFFFFFFFFFE8
:10082000FFFFFFFFFFFFFFFFFFFFFFFFFFFFFFFFD8
:10083000FFFFFFFFFFFFFFFFFFFFFFFFFFFFFFFFC8
:10084000FFFFFFFFFFFFFFFFFFFFFFFFFFFFFFFFB8
:10085000FFFFFFFFFFFFFFFFFFFFFFFFFFFFFFFFA8
:10086000FFFFFFFFFFFFFFFFFFFFFFFFFFFFFFFF98
:10087000FFFFFFFFFFFFFFFFFFFFFFFFFFFFFFFF88
:10088000FFFFFFFFFFFFFFFFFFFFFFFFFFFFFFFF78
:10089000FFFFFFFFFFFFFFFFFFFFFFFFFFFFFFFF68
:1008A000FFFFFFFFFFFFFFFFFFFFFFFFFFFFFFFF58
:1008B000FFFFFFFFFFFFFFFFFFFFFFFFFFFFFFFF48
:1008C000FFFFFFFFFFFFFFFFFFFFFFFFFFFFFFFF38
:1008D000FFFFFFFFFFFFFFFFFFFFFFFFFFFFFFFF28
:1008E000FFFFFFFFFFFFFFFFFFFFFFFFFFFFFFFF18
:1008F000FFFFFFFFFFFFFFFFFFFFFFFFFFFFFFFF08
:10090000FFFFFFFFFFFFFFFFFFFFFFFFFFFFFFFFF7
:10091000FFFFFFFFFFFFFFFFFFFFFFFFFFFFFFFFE7
:10092000FFFFFFFFFFFFFFFFFFFFFFFFFFFFFFFFD7
:10093000FFFFFFFFFFFFFFFFFFFFFFFFFFFFFFFFC7
:10094000FFFFFFFFFFFFFFFFFFFFFFFFFFFFFFFFB7
:10095000FFFFFFFFFFFFFFFFFFFFFFFFFFFFFFFFA7
:10096000FFFFFFFFFFFFFFFFFFFFFFFFFFFFFFFF97
:10097000FFFFFFFFFFFFFFFFFFFFFFFFFFFFFFFF87
:10098000FFFFFFFFFFFFFFFFFFFFFFFFFFFFFFFF77
:10099000FFFFFFFFFFFFFFFFFFFFFFFFFFFFFFFF67
:1009A000FFFFFFFFFFFFFFFFFFFFFFFFFFFFFFFF57
:1009B000FFFFFFFFFFFFFFFFFFFFFFFFFFFFFFFF47
:1009C000FFFFFFFFFFFFFFFFFFFFFFFFFFFFFFFF37
:1009D000FFFFFFFFFFFFFFFFFFFFFFFFFFFFFFFF27
:1009E000FFFFFFFFFFFFFFFFFFFFFFFFFFFFFFFF17
:1009F000FFFFFFFFFFFFFFFFFFFFFFFFFFFFFFFF07
:100A0000FFFFFFFFFFFFFFFFFFFFFFFFFFFFFFFFF6
:100A1000FFFFFFFFFFFFFFFFFFFFFFFFFFFFFFFFE6
:100A2000FFFFFFFFFFFFFFFFFFFFFFFFFFFFFFFFD6
:100A3000FFFFFFFFFFFFFFFFFFFFFFFFFFFFFFFFC6
:100A4000FFFFFFFFFFFFFFFFFFFFFFFFFFFFFFFFB6
:100A5000FFFFFFFFFFFFFFFFFFFFFFFFFFFFFFFFA6
:100A6000FFFFFFFFFFFFFFFFFFFFFFFFFFFFFFFF96
:100A7000FFFFFFFFFFFFFFFFFFFFFFFFFFFFFFFF86
:100A8000FFFFFFFFFFFFFFFFFFFFFFFFFFFFFFFF76
:100A9000FFFFFFFFFFFFFFFFFFFFFFFFFFFFFFFF66
:100AA000FFFFFFFFFFFFFFFFFFFFFFFFFFFFFFFF56
:100AB000FFFFFFFFFFFFFFFFFFFFFFFFFFFFFFFF46
:100AC000FFFFFFFFFFFFFFFFFFFFFFFFFFFFFFFF36
:100AD000FFFFFFFFFFFFFFFFFFFFFFFFFFFFFFFF26
:100AE000FFFFFFFFFFFFFFFFFFFFFFFFFFFFFFFF16
:100AF000FFFFFFFFFFFFFFFFFFFFFFFFFFFFFFFF06
:100B0000FFFFFFFFFFFFFFFFFFFFFFFFFFFFFFFFF5
:100B1000FFFFFFFFFFFFFFFFFFFFFFFFFFFFFFFFE5
:100B2000FFFFFFFFFFFFFFFFFFFFFFFFFFFFFFFFD5
:100B3000FFFFFFFFFFFFFFFFFFFFFFFFFFFFFFFFC5
:100B4000FFFFFFFFFFFFFFFFFFFFFFFFFFFFFFFFB5
:100B5000FFFFFFFFFFFFFFFFFFFFFFFFFFFFFFFFA5
:100B6000FFFFFFFFFFFFFFFFFFFFFFFFFFFFFFFF95
:100B7000FFFFFFFFFFFFFFFFFFFFFFFFFFFFFFFF85
:100B8000FFFFFFFFFFFFFFFFFFFFFFFFFFFFFFFF75
:100B9000FFFFFFFFFFFFFFFFFFFFFFFFFFFFFFFF65
:100BA000FFFFFFFFFFFFFFFFFFFFFFFFFFFFFFFF55
:100BB000FFFFFFFFFFFFFFFFFFFFFFFFFFFFFFFF45
:100BC000FFFFFFFFFFFFFFFFFFFFFFFFFFFFFFFF35
:100BD000FFFFFFFFFFFFFFFFFFFFFFFFFFFFFFFF25
:100BE000FFFFFFFFFFFFFFFFFFFFFFFFFFFFFFFF15
:100BF000FFFFFFFFFFFFFFFFFFFFFFFFFFFFFFFF05
:100C0000FFFFFFFFFFFFFFFFFFFFFFFFFFFFFFFFF4
:100C1000FFFFFFFFFFFFFFFFFFFFFFFFFFFFFFFFE4
:100C2000FFFFFFFFFFFFFFFFFFFFFFFFFFFFFFFFD4
:100C3000FFFFFFFFFFFFFFFFFFFFFFFFFFFFFFFFC4
:100C4000FFFFFFFFFFFFFFFFFFFFFFFFFFFFFFFFB4
:100C5000FFFFFFFFFFFFFFFFFFFFFFFFFFFFFFFFA4
:100C6000FFFFFFFFFFFFFFFFFFFFFFFFFFFFFFFF94
:100C7000FFFFFFFFFFFFFFFFFFFFFFFFFFFFFFFF84
:100C8000FFFFFFFFFFFFFFFFFFFFFFFFFFFFFFFF74
:100C9000FFFFFFFFFFFFFFFFFFFFFFFFFFFFFFFF64
:100CA000FFFFFFFFFFFFFFFFFFFFFFFFFFFFFFFF54
:100CB000FFFFFFFFFFFFFFFFFFFFFFFFFFFFFFFF44
:100CC000FFFFFFFFFFFFFFFFFFFFFFFFFFFFFFFF34
:100CD000FFFFFFFFFFFFFFFFFFFFFFFFFFFFFFFF24
:100CE000FFFFFFFFFFFFFFFFFFFFFFFFFFFFFFFF14
:100CF000FFFFFFFFFFFFFFFFFFFFFFFFFFFFFFFF04
:100D0000FFFFFFFFFFFFFFFFFFFFFFFFFFFFFFFFF3
:100D1000FFFFFFFFFFFFFFFFFFFFFFFFFFFFFFFFE3
:100D2000FFFFFFFFFFFFFFFFFFFFFFFFFFFFFFFFD3
:100D3000FFFFFFFFFFFFFFFFFFFFFFFFFFFFFFFFC3
:100D4000FFFFFFFFFFFFFFFFFFFFFFFFFFFFFFFFB3
:100D5000FFFFFFFFFFFFFFFFFFFFFFFFFFFFFFFFA3
:100D6000FFFFFFFFFFFFFFFFFFFFFFFFFFFFFFFF93
:100D7000FFFFFFFFFFFFFFFFFFFFFFFFFFFFFFFF83
:100D8000FFFFFFFFFFFFFFFFFFFFFFFFFFFFFFFF73
:100D9000FFFFFFFFFFFFFFFFFFFFFFFFFFFFFFFF63
:100DA000FFFFFFFFFFFFFFFFFFFFFFFFFFFFFFFF53
:100DB000FFFFFFFFFFFFFFFFFFFFFFFFFFFFFFFF43
:100DC000FFFFFFFFFFFFFFFFFFFFFFFFFFFFFFFF33
:100DD000FFFFFFFFFFFFFFFFFFFFFFFFFFFFFFFF23
:100DE000FFFFFFFFFFFFFFFFFFFFFFFFFFFFFFFF13
:100DF000FFFFFFFFFFFFFFFFFFFFFFFFFFFFFFFF03
:100E0000FFFFFFFFFFFFFFFFFFFFFFFFFFFFFFFFF2
:100E1000FFFFFFFFFFFFFFFFFFFFFFFFFFFFFFFFE2
:100E2000FFFFFFFFFFFFFFFFFFFFFFFFFFFFFFFFD2
:100E3000FFFFFFFFFFFFFFFFFFFFFFFFFFFFFFFFC2
:100E4000FFFFFFFFFFFFFFFFFFFFFFFFFFFFFFFFB2
:100E5000FFFFFFFFFFFFFFFFFFFFFFFFFFFFFFFFA2
:100E6000FFFFFFFFFFFFFFFFFFFFFFFFFFFFFFFF92
:100E7000FFFFFFFFFFFFFFFFFFFFFFFFFFFFFFFF82
:100E8000FFFFFFFFFFFFFFFFFFFFFFFFFFFFFFFF72
:100E9000FFFFFFFFFFFFFFFFFFFFFFFFFFFFFFFF62
:100EA000FFFFFFFFFFFFFFFFFFFFFFFFFFFFFFFF52
:100EB000FFFFFFFFFFFFFFFFFFFFFFFFFFFFFFFF42
:100EC000FFFFFFFFFFFFFFFFFFFFFFFFFFFFFFFF32
:100ED000FFFFFFFFFFFFFFFFFFFFFFFFFFFFFFFF22
:100EE000FFFFFFFFFFFFFFFFFFFFFFFFFFFFFFFF12
:100EF000FFFFFFFFFFFFFFFFFFFFFFFFFFFFFFFF02
:100F0000FFFFFFFFFFFFFFFFFFFFFFFFFFFFFFFFF1
:100F1000FFFFFFFFFFFFFFFFFFFFFFFFFFFFFFFFE1
:100F2000FFFFFFFFFFFFFFFFFFFFFFFFFFFFFFFFD1
:100F3000FFFFFFFFFFFFFFFFFFFFFFFFFFFFFFFFC1
:100F4000FFFFFFFFFFFFFFFFFFFFFFFFFFFFFFFFB1
:100F5000FFFFFFFFFFFFFFFFFFFFFFFFFFFFFFFFA1
:100F6000FFFFFFFFFFFFFFFFFFFFFFFFFFFFFFFF91
:100F7000FFFFFFFFFFFFFFFFFFFFFFFFFFFFFFFF81
:100F8000FFFFFFFFFFFFFFFFFFFFFFFFFFFFFFFF71
:100F9000FFFFFFFFFFFFFFFFFFFFFFFFFFFFFFFF61
:100FA000FFFFFFFFFFFFFFFFFFFFFFFFFFFFFFFF51
:100FB000FFFFFFFFFFFFFFFFFFFFFFFFFFFFFFFF41
:100FC000FFFFFFFFFFFFFFFFFFFFFFFFFFFFFFFF31
:100FD000FFFFFFFFFFFFFFFFFFFFFFFFFFFFFFFF21
:100FE000FFFFFFFFFFFFFFFFFFFFFFFFFFFFFFFF11
:100FF000FFFFFFFFFFFFFFFFFFFFFFFFFFFFFFFF01
:10100000D1002043ED15006000000000000000004A
:10101000201000600010006000F000600000000080
:101020000000006000FC000000000000FFFFFFFF68
:10103000FFFFFFFFFFFFFFFFFFFFFFFFFFFFFFFFC0
:10104000FFFFFFFFFFFFFFFFFFFFFFFFFFFFFFFFB0
:10105000FFFFFFFFFFFFFFFFFFFFFFFFFFFFFFFFA0
:10106000FFFFFFFFFFFFFFFFFFFFFFFFFFFFFFFF90
:10107000FFFFFFFFFFFFFFFFFFFFFFFFFFFFFFFF80
:10108000FFFFFFFFFFFFFFFFFFFFFFFFFFFFFFFF70
:10109000FFFFFFFFFFFFFFFFFFFFFFFFFFFFFFFF60
:1010A000FFFFFFFFFFFFFFFFFFFFFFFFFFFFFFFF50
:1010B000FFFFFFFFFFFFFFFFFFFFFFFFFFFFFFFF40
:1010C000FFFFFFFFFFFFFFFFFFFFFFFFFFFFFFFF30
:1010D000FFFFFFFFFFFFFFFFFFFFFFFFFFFFFFFF20
:1010E000FFFFFFFFFFFFFFFFFFFFFFFFFFFFFFFF10
:1010F000FFFFFFFFFFFFFFFFFFFFFFFFFFFFFFFF00
:10110000FFFFFFFFFFFFFFFFFFFFFFFFFFFFFFFFEF
:10111000FFFFFFFFFFFFFFFFFFFFFFFFFFFFFFFFDF
:10112000FFFFFFFFFFFFFFFFFFFFFFFFFFFFFFFFCF
:10113000FFFFFFFFFFFFFFFFFFFFFFFFFFFFFFFFBF
:10114000FFFFFFFFFFFFFFFFFFFFFFFFFFFFFFFFAF
:10115000FFFFFFFFFFFFFFFFFFFFFFFFFFFFFFFF9F
:10116000FFFFFFFFFFFFFFFFFFFFFFFFFFFFFFFF8F
:10117000FFFFFFFFFFFFFFFFFFFFFFFFFFFFFFFF7F
:10118000FFFFFFFFFFFFFFFFFFFFFFFFFFFFFFFF6F
:10119000FFFFFFFFFFFFFFFFFFFFFFFFFFFFFFFF5F
:1011A000FFFFFFFFFFFFFFFFFFFFFFFFFFFFFFFF4F
:1011B000FFFFFFFFFFFFFFFFFFFFFFFFFFFFFFFF3F
:1011C000FFFFFFFFFFFFFFFFFFFFFFFFFFFFFFFF2F
:1011D000FFFFFFFFFFFFFFFFFFFFFFFFFFFFFFFF1F
:1011E000FFFFFFFFFFFFFFFFFFFFFFFFFFFFFFFF0F
:1011F000FFFFFFFFFFFFFFFFFFFFFFFFFFFFFFFFFF
:10120000FFFFFFFFFFFFFFFFFFFFFFFFFFFFFFFFEE
:10121000FFFFFFFFFFFFFFFFFFFFFFFFFFFFFFFFDE
:10122000FFFFFFFFFFFFFFFFFFFFFFFFFFFFFFFFCE
:10123000FFFFFFFFFFFFFFFFFFFFFFFFFFFFFFFFBE
:10124000FFFFFFFFFFFFFFFFFFFFFFFFFFFFFFFFAE
:10125000FFFFFFFFFFFFFFFFFFFFFFFFFFFFFFFF9E
:10126000FFFFFFFFFFFFFFFFFFFFFFFFFFFFFFFF8E
:10127000FFFFFFFFFFFFFFFFFFFFFFFFFFFFFFFF7E
:10128000FFFFFFFFFFFFFFFFFFFFFFFFFFFFFFFF6E
:10129000FFFFFFFFFFFFFFFFFFFFFFFFFFFFFFFF5E
:1012A000FFFFFFFFFFFFFFFFFFFFFFFFFFFFFFFF4E
:1012B000FFFFFFFFFFFFFFFFFFFFFFFFFFFFFFFF3E
:1012C000FFFFFFFFFFFFFFFFFFFFFFFFFFFFFFFF2E
:1012D000FFFFFFFFFFFFFFFFFFFFFFFFFFFFFFFF1E
:1012E000FFFFFFFFFFFFFFFFFFFFFFFFFFFFFFFF0E
:1012F000FFFFFFFFFFFFFFFFFFFFFFFFFFFFFFFFFE
:10130000FFFFFFFFFFFFFFFFFFFFFFFFFFFFFFFFED
:10131000FFFFFFFFFFFFFFFFFFFFFFFFFFFFFFFFDD
:10132000FFFFFFFFFFFFFFFFFFFFFFFFFFFFFFFFCD
:10133000FFFFFFFFFFFFFFFFFFFFFFFFFFFFFFFFBD
:10134000FFFFFFFFFFFFFFFFFFFFFFFFFFFFFFFFAD
:10135000FFFFFFFFFFFFFFFFFFFFFFFFFFFFFFFF9D
:10136000FFFFFFFFFFFFFFFFFFFFFFFFFFFFFFFF8D
:10137000FFFFFFFFFFFFFFFFFFFFFFFFFFFFFFFF7D
:10138000FFFFFFFFFFFFFFFFFFFFFFFFFFFFFFFF6D
:10139000FFFFFFFFFFFFFFFFFFFFFFFFFFFFFFFF5D
:1013A000FFFFFFFFFFFFFFFFFFFFFFFFFFFFFFFF4D
:1013B000FFFFFFFFFFFFFFFFFFFFFFFFFFFFFFFF3D
:1013C000FFFFFFFFFFFFFFFFFFFFFFFFFFFFFFFF2D
:1013D000FFFFFFFFFFFFFFFFFFFFFFFFFFFFFFFF1D
:1013E000FFFFFFFFFFFFFFFFFFFFFFFFFFFFFFFF0D
:1013F000FFFFFFFFFFFFFFFFFFFFFFFFFFFFFFFFFD
:10140000824205D051F8043B40F8043B8242F9D8AF
:10141000704700BF044A05494FF0000342F8043BFF
:101420009142FBD8704700BFC01A0020E06700203F
:1014300080B5BFF34F8F00F0BDF9534C534B0820DC
:101440005349C3F85401534AC3F800115248C3F832
:10145000F0405249FFF7D4FF514A52495248FFF732
:10146000CFFF524CFFF7D6FF4FF470004FF0E02152
:1014700000234F4AC1F8880D44F823200133B02BD4
:10148000FAD14C4B80214C4A03F8011B9342FBD10B
:101490004FF0E025494F4A4A4FF0FF31C5F8084D5B
:1014A0000026D5F8243D43F4E023C5F8243DFB692C
:1014B00023F07F0343F04003FB617B6A23F07F034B
:1014C00043F040037B629166D1661167516700F07B
:1014D00079F93C4B63223C49A3633C4BE363032310
:1014E0006A613B4AAE612B61C5F8202DD5F8FC2D11
:1014F000384B42F08072C5F8FC2D1A6842F00102A8
:101500001A605B680B6000F0E7F9334800F074FB89
:10151000F96E324B324A41F44051F9661E60C3F80D
:101520000861C3F81861C3F82861C3F83861936B88
:10153000DB0708D442F615632A4951651365936B9E
:1015400043F001039363264A274C936843F0011349
:10155000936000F005F900F03BFB00F0EBF900F0C0
:101560002BF92368132BFCD900F07CFA2368B3F520
:10157000967FFBD300F024F900F020F900F024FB63
:1015800000F032FB30BFFDE70C0D111300800D4061
:101590001B101820C8B3000000000000941D00605C
:1015A000C01A002060D10060000000200018002058
:1015B000B17E000000E400E0A0E400E000C00F40C5
:1015C00000C00A4031960000746500203596000086
:1015D00000002020001000E00046C3230040084027
:1015E00000400D400000C05678650020054B4FF4C8
:1015F0002A01054A05485A641864054A99639546C4
:10160000FFF716FF00C00A40AFAAAAAA07002000F1
:10161000000007201BB9124B1B6F9B041ED400F067
:101620003F000F4B22F0604221F0604140F48910EE
:101630001867C3F88010C3F890201A6F22F4805204
:101640001A671A6F002AFCDAD3F87011054A0A40AB
:10165000C3F870211A6F22F480321A67704700BFF6
:1016600000800D40FF7F7FFFB1F5607FF0B50E4633
:101670008DB028BF4FF460760F46054672B62E4BEC
:1016800000247022186021462C4B2D481C8000F04D
:101690008FFACFB121462A484FF0010C4A0901F0D8
:1016A0001F03013150F822400CFA03F38E4243EA43
:1016B000040340F82230F1D8284600234380013348
:1016C00000F582709E42F9D81E4C257815B162B69D
:1016D0000DB0F0BD082000F08BFA1B4B80220646AF
:1016E000009302A90693194B0271056008A80293A2
:1016F00000F066FA06A9164A304600F071FA069B19
:1017000008A8DB689847009B02A8DB689847237805
:10171000002BDCD10F4B104AC3F858210F49D020C1
:101720004FF0E023402281F84600C3F8082101234E
:10173000237062B60DB0F0BD2C1E00205C67002047
:10174000341E002072670020DC0500209D6B000025
:101750001B10010000180020A96B000000E400E04D
:10176000104BA020104AD96E41F4403110B4D96614
:1017700040F23764D96E41F44071D9665464906484
:10178000936C1B06FCD4094A40F23761A0235164D4
:101790009364936C13F08003FBD1054A13705DF8DA
:1017A000044B704700C00F4000400C4000800C40CC
:1017B00077670020704700BF704700BF704700BFC9
:1017C00000BF704710B44FF0E023002110243248CE
:1017D000C3F8941DC3F89C4D1124C3F8A00D2F48E5
:1017E000C3F89C4D1224C3F8A00D2D48C3F89C4D9E
:1017F0002C4AC3F8A00D2C4C42F015022B48C3F81C
:101800009C4DC3F8A00D2A4C2A48C3F89C4DC3F840
:10181000A00D294CC3F89C2D2848294AC3F8A04D97
:10182000C3F89C0DC3F8A02D02F5A022254C0C3264
:101830002548C3F89C4DC3F8A02D244AC3F89C0D3D
:10184000C3F8A02D02F14062214C02322148C3F8B6
:101850009C4DC3F8A02D0A32C3F89C0DC3F8A02DEF
:1018600000BF00BF00BF00BF00BF0122C3F8942D1E
:10187000BFF34F8FBFF36F8FC3F8501FBFF34F8F6E
:10188000BFF36F8FD3F8142D5DF8044B42F4403250
:10189000C3F8142D704700BF3F0000102500080753
:1018A00009001000E067002013002000210002075B
:1018B0001400002025000813090000101600202045
:1018C00027000B1317000040180000602F000B07C3
:1018D000190000701A000080F0B4154A40274FF438
:1018E00080314FF480564FF400554FF4404443F29A
:1018F0004200136913F0020F0ED113F4005F0FD0F2
:1019000013F4805F0ED0002BF3DA13F4803F0BD179
:101910005B060BD5F0BC7047946151619061E8E7BC
:101920005561E6E75661E4E79161E2E75761E0E778
:1019300000800D403F4A03203F49F3EE095AD2F898
:1019400080304FF0000C9FED3D6A23F001039FEDC6
:101950003C5A30B4C2F88030C2F89000D1F8E010A0
:10196000384DCBB2384C39482B6007EE903A0B0D0E
:10197000C1F30B21F8EEE77A06EE903A07EE101A63
:10198000334BB8EEC77A2160F8EEE66A314937EE9C
:10199000C66A37EEC55A76EEC76A77EEE57A26EE66
:1019A000266AC3ED006A25EE265AD2F8803067EE2B
:1019B000A64AC0ED007AC6EE275A274885EE276A68
:1019C000C4EEA76A75EE875AFCEEE55A36EE076A52
:1019D00015EE904ABCEEC66A43EA045376EE877A67
:1019E000C2F8803016EE103AD2F89041FCEEE77A59
:1019F00001EA0341214317EE903AC2F89011C3F374
:101A00000B03D2F890110B431449C2F89031D2F86D
:101A1000803043F00203C2F88030114B80F840C0A0
:101A2000C1F840314FF0E023012230BCC3F8082157
:101A3000704700BF00810D4000441F400000AA42D3
:101A40000000B442606500205C65002064650020F1
:101A5000686500200000FF0F00E400E0001800208F
:101A600075800000314B40F6617210B5C3F820213B
:101A700040F2044400F0B0F82D4A2E49D2F88030EC
:101A80002D4843F00303C2F880302C4BC1F860416D
:101A900002681A4203D1D1F8A8319A071BD0254A0F
:101AA0004FF00041244B5963D2F8403143F0020318
:101AB000C2F84031D2F840319B07FBD44FF40030DC
:101AC0004FF0E0211C4B4FF00042C1F88C0219206E
:101AD0009A6300F071F8184A4FF08040154C0021CD
:101AE00090630A20164B11604FF42072C4F8A801CD
:101AF000184600F05DF84FF4800203464FF4810071
:101B000040F243111860C4F858311A640D4B0E4A64
:101B1000C4F84811C3F804224FF0E0224FF400311A
:101B20000123C2F80C11C4F8403110BD00800D40F3
:101B300000C00F4000002E4000900D40001C1E0011
:101B400000000020001800209582000008B50E4B10
:101B50001B6E9B0700D4FBBE72B60C4B00200C4AD8
:101B6000C3F8400103F160430A49A3F55F23116400
:101B70009D46BFF34F8F4FF400130748074ADB69B8
:101B800002609B68984700BF00441F4000002E4041
:101B900000C00A400300200000802020000012EB5B
:101BA000F8B500BFF8BC08BC9E46704700000000B6
:101BB0005FF800F035AF00005FF800F071770000CB
:101BC0005FF800F0116C00005FF800F015B0000045
:101BD0005FF800F0A17D00005FF800F0D1890000FF
:101BE0005FF800F0457100005FF800F05D7A0000DA
:101BF0005FF800F0A17B00005FF800F08174000046
:101C0000050100007D5E000085690000497200004A
:101C100020036400690063006500460072006900EB
:101C200065006E006400200076002E003000310058
:101C3000220353006900670069006C0049006E00D0
:101C400073007400720075006D0065006E00740012
:101C5000730000000403090409029500030100C099
:101C600032080B0002020201000904000001020216
:101C700001000524001001052401010104240206CD
:101C80000524060001070582031000100904010065
:101C9000020A000000070503024000000705830256
:101CA00040000009040200020103000007240100B3
:101CB0000125000624020101000624020202000997
:101CC00024030103010201000924030204010101AC
:101CD000000905040240000000000525010101097A
:101CE00005840240000000000525010103000000FA
:101CF00009029500030100C032080B000202020134
:101D00000009040000010202010005240010010581
:101D100024010101042402060524060001070582AE
:101D20000310000509040100020A00000007050372
:101D300002000200070583020002000904020002FB
:101D4000010300020724010001250006240201010D
:101D50000206240202020209240301030102010215
:101D60000924030204010101020905040200020022
:101D700000000525010101090584020002000000A0
:101D800005250101030000000A060002EF020140E0
:041D9000010000004E
:101D9400000000000000000000000000000000003F
:101DA400000000000000000000000000000000002F
:101DB400F8B54FF084439D695A6915400DD0254FFD
:101DC40001269D6195FAA5F4B4FA84F457F82430F9
:101DD40006FA04F49847A543F4D11F4B9D695A6948
:101DE40015400DD01D4F01269D6195FAA5F4B4FA56
:101DF40084F457F8243006FA04F49847A543F4D140
:101E0400174B9D695A6915400DD0164F01269D61E7
:101E140095FAA5F4B4FA84F457F8243006FA04F4D5
:101E24009847A543F4D1104B9D695A6915400DD0CC
:101E34000E4F01269D6195FAA5F4B4FA84F457F87F
:101E4400243006FA04F49847A543F4D1BFF34F8F26
:101E5400F8BD00BF98120020004000421813002073
:101E6400008000429813002000C000421814002093
:101E74000548064B1B1AD90F01EBA301491002D0E8
:101E8400034B03B118477047C01A0020C01A002042
:101E94000000000008B5054B1BB105490548AFF328
:101EA4000080BDE80840FFF7E3BF00BF000000006A
:101EB4008464002000FC006008B507F075FB064A46
:101EC40040F2DC511368C31A8B4203D9034B01213E
:101ED4001060197008BD00BFD06300207A6700202D
:101EE40070B5774E774B32682DED028B1A6082B055
:101EF400002800F08D800021022007F075FDFF21ED
:101F0400714C032007F070FD2378002B76D06F4AC4
:101F1400336812689B1AB3F5FA7FC0F09480336873
:101F24009B1AB3F5FA7F70D2694A6A4B127893F818
:101F3400CC50012A93F8CD4074D0F7EE008AF1EE2C
:101F4400047A93ED328A28EE278AB5EEC08AF1EE40
:101F540010FA64D4F7EE007AB4EE678AF1EE10FA60
:101F640037FE888A15F0010109D0DFED5B7A68EE4F
:101F7400A77AFCEEE77ACDED017A9DF80410574A72
:101F84000420336812689B1A592B98BFFF2107F06D
:101F94002BFD15F0020109D0DFED4F7A68EEA78A18
:101FA400FCEEE87ACDED017A9DF80410052007F0E7
:101FB4001BFD14F0010109D0DFED477A68EE277AA2
:101FC400FCEEE77ACDED017A9DF80410062007F0C7
:101FD4000BFD14F0020109D0DFED3F7A28EE278AC9
:101FE400FCEEC87ACDED017A9DF80410092002B008
:101FF400BDEC028BBDE8704007F0F6BC334B1A68A9
:1020040033689B1AB3F5FA7F8ED3002323708BE7D2
:102014000446FF21022007F0E7FC214670E79FED0C
:10202400308A9FE72F4AD2ED008AF5EEC08AF1EE9E
:1020340010FA2AD4F7EE007AF4EE678AF1EE10FA79
:1020440077FEA88A7BE7336827499B1A5B08A1FBC4
:102054000313C3F340159B061AD4FF21042007F091
:10206400C3FC2378012B26D9FF21052007F0BCFCF3
:102074002378022B1AD80021062007F0B5FC237818
:10208400032B8CBFFF210021B0E7DFED158A56E753
:102094000021042007F0A8FC0021052007F0A4FC7F
:1020A4000021062007F0A0FC00219FE7FF21062065
:1020B40007F09AFCE3E72946052007F095FCD7E7EB
:1020C4007865002064640020866700206064002036
:1020D4008A6700205822002000007F43806400208B
:1020E40000000000C0650020EBA00EEA93ED136A27
:1020F400B5EEC06A2DE9F043F1EE10FA2DED028B36
:1021040000F1CA82F7EE007AB4EEE76AF1EE10FA53
:1021140000F3A682DFEDF07ADFEDF05A9FEDF04A8E
:10212400E6EE275A26EE044A00F5804E9FEDED5A5E
:10213400D1ED002AF7EE006AD0ED2E7AB1EE0E7AD8
:10214400DEED364AFFEE001A67EE857A9FEDE62A49
:1021540066EE244AD3ED123AB0EE625A4FF0050C03
:10216400B8EE001AB0EE003AA4EE825AB0EE662A37
:10217400A3EE872AF0EEC54A25EE277A27EE247AC5
:10218400A5EE027AB4EEE67AF1EE10FA40F3788224
:1021940033EE477A0CF1FF3C1CF0FF0CF2D1DEED7C
:1021A400356AF9EE004A9FEDD13A23EEA65A25EEA0
:1021B400035A37EE057AB4EEE47AF1EE10FA00F140
:1021C4006882F1EE004AB4EEE47AF1EE10FA00F31C
:1021D400918267EE071AF3EE0B4AB2EE021A31EE61
:1021E400A43AE1EE814A23EE077A87EE243A9FED82
:1021F400C01A4FF0050C66EEC64AD2ED006AB7EE7F
:10220400006ABFEE007AE4EE816AF8EE001AF0EE9E
:10221400004A67EEE67AB0EEE61A67EE817AE6EEF9
:10222400827AF4EEC67AF1EE10FA40F3208274EE6C
:10223400E77A0CF1FF3C1CF0FF0CF2D177EE857AC3
:10224400B9EE007AF4EEC77AF1EE10FA00F14382A7
:10225400B1EE007AF4EEC77AF1EE10FA00F341829F
:1022640027EEA76AB3EE0B7AB2EE025A76EE076A4D
:10227400A6EE057A66EEA77AC7EE876ADFED9D7A49
:1022840063EEA77AF5EEC07AF1EE10FA00F120823F
:102294009FED997AF4EE477AF1EE10FA77FE277AF9
:1022A40033EE626A9FED935AB0EE627AA6EE277A15
:1022B40081ED007AD3ED127A92ED007A67EE857A99
:1022C400F5EEC07AF1EE10FA00F1FF819FED8A6A13
:1022D400F4EE467AF1EE10FA76FE277A76EEC76AC5
:1022E4009FED866A9FED865AA6EEA77A82ED007A64
:1022F400D3ED147A27EEA77AF0EE467AE7EE057A64
:10230400F4EEC67AF1EE10FA00F1DC819FED7D7AED
:10231400F4EE477AF1EE10FA77FE277A91ED007A1F
:10232400B0EE006ADEED374AF3EE086AD3ED173AF1
:1023340037EE647ADFED740A93ED168AA3EEA06A91
:102344009EED385AE7EE274A9FED677A9EED391ADB
:1023540063EE873A9FED6D3ADEED3B1A9EED3A2A25
:10236400DEED3C2ACEED374A92ED007A9FED680A05
:1023740037EE457AE8EE006AA7EE275A8EED385A12
:1023840091ED007A37EE417AA1EE837A8EED3B7AB5
:1023940037EE647AD2ED007A77EEC27AE3EE874ABA
:1023A4009FED577AE2EE837A9FED5A3ACEED3C7A6E
:1023B40077EEC57A0C68A3EEA75ACEF8E440FDEE9A
:1023C400C67A1468D3ED153ACEF8E84017EE904A71
:1023D400B0F8CCC0FDEEE67A9FED4F6A04F1010837
:1023E4009CFA9CFC34EA240728BF47461FFA8CFC5D
:1023F4001FFA88F817EE906A7F10BEF8D040DFED20
:10240400477A7F42E3EE877ABCFBF8F508FB15C5F3
:102414008CEA5C1C77EE847A17FA85F5BCFBF8F934
:1024240008FB19CCF5EEC07A17FA8CFCA71B002E1A
:102434003D44B8BF0136F1EE10FAC5F30A0500EBCE
:102444008505D5ED342A05F5005595ED342AA4F11A
:102454001105A5EB6605AC44CCF30A0C00EB8C0C1F
:102464009CED347A0CF5005CDCED346A23EE477A9B
:1024740066EE836AA2EE067AE2EE866A00F11F81B6
:102484009FED276AF4EE467AF1EE10FA76FE277A8B
:10249400B0EE646AB9EE004AA7EE276AB4EEC46AE5
:1024A400F1EE10FA00F10881B1EE004AB4EEC46A0C
:1024B400F1EE10FA00F3128166EE062AB3EE0B4A2F
:1024C400B2EE022A32EE843AA2EE824A23EE066A81
:1024D40086EE043A32E000BF8FC2753E8FC2753D6E
:1024E400AE47613ECDCC0C3F6666E63EEC51383ECD
:1024F4005C8FC23E85EB513F1F856B3FA69BC43B5F
:102504001F85EB3E8FC2F53E00000244B6F37D3FCB
:102514000000F444295C8F3EEC51383F0AD7233D38
:10252400A4703D3F9999993EAE47613E8FC2753D77
:1025340000000000A0BF80BFA0BF803F00EB84006C
:1025440080ED343AB0EE456AA6EEA76AF9EE007A59
:10255400B4EEE76AF1EE10FA00F1AB80F1EE007A26
:10256400B4EEE76AF1EE10FA00F3C18026EE063A03
:10257400F3EE0B7AF2EE022A33EE274AE3EE227AE6
:1025840024EE064A84EE276A00F50050013480EDFB
:10259400346AC4F30A0476EEE46AAEF8D040B0EECE
:1025A400646AF9EE007AA3EEA66AB4EEE76AF1EE85
:1025B40010FA7BD4F1EE007AB4EEE76AF1EE10FA89
:1025C40000F3928066EE064AF3EE0B7AB2EE024A0C
:1025D40074EEA76AE4EE847A26EE866AC6EE276A6B
:1025E400C1ED006A93ED156A37EE457AF0EE457A4F
:1025F400F9EE006AE6EE077AF4EEE67AF1EE10FA06
:1026040051D4B1EE007AF4EEC77AF1EE10FA74DC2C
:1026140027EEA76AB3EE0B7AB2EE025A76EE076A99
:10262400A6EE057A66EEA76AC6EE877AC2ED007A50
:102634009EED357AD1ED006ADEED367A76EEC76A24
:10264400BDEC028BA6EEA57A8EED357A92ED007A7A
:1026540037EE677AE7EE257ACEED367ABDE8F08379
:10266400B0EE676A5FED515A1FED514A5CE5F4EE36
:10267400C77AF1EE10FA7FF5E1AD71EEE77AD8E5AD
:10268400B4EEE17AF1EE10FA7FF589AD31EE477AD6
:1026940080E51FED583AAAE51FED5B4A5FED5D5AF0
:1026A400B0EE446A40E55FED5D7ABFE75FED5F6AD7
:1026B40096E71FED606A67E71FED623A3EE75FED5C
:1026C400647AE5E6F0EE467A28E65FED677A05E699
:1026D4005FED697AE4E55FED696ACFE51FED6A3A7B
:1026E4002CE75FED6B6AC9E55FED6D6A78E71FED76
:1026F4006E6A49E71FED703A79E55FED717A95E707
:102704009FEDEB7AD0ED007AF4EEC77AF1EE10FA91
:1027140000F1BF819FEDE77AF4EE477AF1EE10FA0B
:1027240077FE277A90ED017ADFEDE16AC0ED007A59
:10273400B4EEE67AF1EE10FA00F10082DFEDDD7A14
:10274400B4EE677AF1EE10FA37FE877AFBEE046A8C
:10275400D0ED027A80ED017AF4EEE67AF1EE10FA29
:1027640000F1E9819FEDD47AF4EE477AF1EE10FAA4
:1027740077FE277AFBEE046A90ED037AC0ED027AC5
:10278400B4EEE67AF1EE10FA00F1D281DFEDCA7A06
:10279400B4EE677AF1EE10FA37FE877AD0ED047A58
:1027A40080ED037AF5EEC07AF1EE10FA00F1BD8106
:1027B400B7EE007AF4EE477AF1EE10FA77FE277A54
:1027C40090ED057AC0ED047AB5EEC07AF1EE10FA18
:1027D40000F1A881F7EE007AB4EE677AF1EE10FA10
:1027E40037FE877AD0ED067A80ED057AF5EEC07A69
:1027F400F1EE10FA00F19381B7EE007AF4EE477A25
:10280400F1EE10FA77FE277A90ED077AC0ED067A9A
:10281400B5EEC07AF1EE10FA00F17E81F7EE007A9F
:10282400B4EE677AF1EE10FA37FE877AD0ED087AC3
:1028340080ED077AF5EEC07AF1EE10FA00F16981C5
:10284400B7EE007AF4EE477AF1EE10FA77FE277AC3
:1028540090ED097AC0ED087AB5EEC07AF1EE10FA7F
:1028640000F15481F7EE007AB4EE677AF1EE10FAD3
:1028740037FE877AD0ED0A7A80ED097AF5EEC07AD0
:10288400F1EE10FA00F13F81B7EE007AF4EE477AE8
:10289400F1EE10FA77FE277AF7EE006A90ED0B7AE4
:1028A400C0ED0A7AB4EEE67AF1EE10FA00F128816E
:1028B400DFED827AB4EE677AF1EE10FA37FE877AAA
:1028C400F2EE046AD0ED0C7A80ED0B7AF4EEE67A3F
:1028D400F1EE10FA00F111819FED787AF4EE477A67
:1028E400F1EE10FA77FE277A90ED0D7AC0ED0C7AAE
:1028F400B5EEC07AF1EE10FA00F1FC80F3EE087A3E
:10290400B4EE677AF1EE10FA37FE877AD0ED0E7ADC
:1029140080ED0D7AF5EEC07AF1EE10FA00F1E78061
:10292400B7EE007AF4EE477AF1EE10FA77FE277AE2
:1029340090ED0F7AC0ED0E7AB5EEC07AF1EE10FA92
:1029440000F1D280F7EE007AB4EE677AF1EE10FA75
:1029540037FE877AD0ED107A80ED0F7AF5EEC07AE3
:10296400F1EE10FA00F1BD80B7EE007AF4EE477A8A
:10297400F1EE10FA77FE277A90ED117AC0ED107A15
:10298400B5EEC07AF1EE10FA00F1A880F7EE007A05
:10299400B4EE677AF1EE10FA37FE877AD0ED127A48
:1029A40080ED117AF5EEC07AF1EE10FA00F1938021
:1029B400B7EE007AF4EE477AF1EE10FA77FE277A52
:1029C40090ED137AC0ED127AB5EEC07AF1EE10FAFA
:1029D4007ED4F7EE007AB4EE677AF1EE10FA37FEA1
:1029E400877AD0ED147A80ED137AF5EEC07AF1EEA1
:1029F40010FA6AD4B7EE007AF4EE477AF1EE10FAE0
:102A040077FE277A90ED157AC0ED147AB5EEC07A88
:102A1400F1EE10FA56D4F7EE007AB4EE677AF1EEDE
:102A240010FA37FE877AD0ED167A80ED157AF5EE36
:102A3400C07AF1EE10FA37D4B7EE007AF4EE477AA2
:102A4400F1EE10FA77FE277A90ED177AC0ED167A38
:102A5400B5EEC07AF1EE10FA23D4F7EE007AB4EEB4
:102A6400677AF1EE10FA37FE877AD0ED187A80EDA6
:102A7400177AF5EEC07AF1EE10FA0DD4B7EE007ABB
:102A8400F4EE477AF1EE10FA77FE277AC0ED187A61
:102A94007047F0EE477A45E6DFED097AC0ED187A23
:102AA40070479FED077AE0E7DFED057ACCE700BFDA
:102AB400000048C20000FE420000074300004843F3
:102AC400000000001FED027AADE75FED037A99E79D
:102AD4001FED057A85E75FED067A71E71FED087A49
:102AE4005CE75FED097A47E71FED0B7A32E75FEDAC
:102AF4000C7A1DE71FED0E7A08E7F0EE667AF3E62E
:102B0400B0EE667ADCE65FED127AC5E61FED147A64
:102B1400B0E65FED157A9BE61FED177A86E65FED6A
:102B2400187A71E61FED1A7A5CE65FED1B7A47E6C8
:102B3400B0EE667A32E6F0EE667A1BE6B0EE667ABE
:102B440004E600BF2DE9F04F2DED108BA1B0044633
:102B540005F030FF0546039005F02CFF0290002D90
:102B640000F07085002800F06885682204F11801DF
:102B740006A8F7EE008A06F041FE06A8FFF7C0FD9E
:102B84009DF87C30DFED0E7A002B9FED0E0A9FED51
:102B94000EAA07FE800ADFED0DBA08F06DFC78EE90
:102BA400C07A039BF0EE4A9A029A9FED09BA9E1CE2
:102BB40002F1020803F58179CDED007A3EE300BF0E
:102BC400821804BADCE6B6B800000000986E123F22
:102BD400986E923E00BFF63B3D0AD73EEC51B83E9C
:102BE400EC51B8BEB81E053FAE47613EB6F37D3F1B
:102BF4000000F8420000044300008A420000DC4365
:102C0400295C0F3FEC51383F00003443B81E053EA9
:102C1400007C9E46DB0F494000442C47DDED1E7AC4
:102C240094ED2F9ABFEE007AF0EE006A5FED171A6A
:102C3400B4EEE79A1FED181AF0EE472A5FED194A31
:102C44005FED190AB1EE004AF1EE10FA1FED1B2AEE
:102C5400F5EEC05A1FED1C3AECEEA62ADDED16CABD
:102C640077EEC96ADDED007AB0EE686A58BFF0EE1F
:102C7400671AF1EE10FAB5EEC05AACEE846A78FE2B
:102C8400877AF9EE003AF1EE10FAB4EEE55AA6EEC0
:102C9400A19A38FE877A77EEC77AF1EE10FA67EEDA
:102CA400817A54BFB0EE607AB0EE647A84ED2F9AE4
:102CB40077EE877AE2EE827AE8EE037A66EE277A96
:102CC400F4EEE37AF1EE10FA00F16285F4EEC47AE0
:102CD400F1EE10FA00F3918627EEA76AB3EE0B7AB1
:102CE400F2EE025A76EE076AA6EE257A66EEA77A27
:102CF400C7EE87EADDED0E5A9DED080A9DED107AC8
:102D04009DED0F6A6DEE255AD4ED307A28EE077AE0
:102D1400DDED096A2DEE866AD4ED314AAEEE250A60
:102D24001FED4E5A7EEEE77ADDED155AEEEE066A99
:102D3400C4ED30EAB3EE02FAE4EE857AAEEE470A69
:102D4400EEEE076A37EEEE6AC4ED317AB4EECF0ADE
:102D5400E5EE86EAF0EE40FAF1EE10FAF0EE66AA3D
:102D64001FDA85EA9B0383F02B0303EB830203EB57
:102D7400C20303EB8303C3F3460242EAC313DBB289
:102D8400192B00F23387F1EE087AB4EEE70AF1EE7C
:102D940010FA00F17087B4EECF0AF1EE10FA00F3E6
:102DA4008D87F3EE027AF4EEE7AAF1EE10FA21DA57
:102DB4008BEA950282F0C70202EB820302EBC302A4
:102DC40002EB8202C2F3460343EAC213DBB2192BBD
:102DD40000F22A87F1EE087AF4EEE7AAF1EE10FA8F
:102DE40000F18A85F3EE027AF4EEE7AAF1EE10FA26
:102DF40000F382855FED827AF4EEE7FAF1EE10FAE1
:102E040021D98BEA550383F0390303EB830203EBE7
:102E1400C20303EB8303C3F3460242EAC313DBB2E8
:102E2400192B00F2C1865FED8E7AF4EEE7FAF1EE2B
:102E340010FA00F1F8845FED917AF4EEE7FAF1EE1E
:102E440010FA00F3F0845FED967AF4EEE7AAF1EE5F
:102E540010FA21D985EA5B0383F0630303EB830251
:102E640003EBC20303EB8303C3F3460242EAC31337
:102E7400DBB2192B00F228865FEDA37AF4EEE7AA01
:102E8400F1EE10FA00F1EB845FEDA67AF4EEE7AA16
:102E9400F1EE10FA00F3E3845FEDA97AF2EE080A8A
:102EA400B0EE000A7FEEE77AC7EEA00A08F07CFBDA
:102EB4001FEDAE6AB2EE047A20EE06CAB4EEC7CABB
:102EC400F1EE10FA00F1A8841FEDAF7AB4EE47CA10
:102ED400F1EE10FA37FE0CCA1FEDB97AF2EE080AC9
:102EE400B0EE000A3AEEC77AC7EE200A08F05CFB9F
:102EF4005FEDBE6AB2EE047A20EE26FAB4EEC7FAAB
:102F0400F1EE10FA00F137841FEDBF7AB4EE47FA00
:102F1400F1EE10FA37FE0FFAB0EEC88A5FEDC86A18
:102F24001FEDC87A9DED11EAA8EE267A2EEE07EA87
:102F3400B4EEE8EAF1EE10FA00F138841FEDCE7A2F
:102F4400B4EE47EAF1EE10FA37FE0EEAB2EE047A76
:102F54005FEDD26AF0EE6EFAB4EEC7CAEDEEA6FAF1
:102F6400F1EE10FA00F1EC831FEDD77AB4EEC7CA84
:102F7400F1EE10FA00F32D851FEDDA7A1FEDDA0A6F
:102F84002CEE077A87EE000A08F0EEFCC0EE0E7A0B
:102F9400BFEE007AA0EE007A77EE076A77EEA85AC1
:102FA40038EEE76AE0EE005AA0EE006A88EEA57AF1
:102FB40067EE877A66EE874A27EE067AB1EE678A6D
:102FC40094ED215AB9EE006AD4ED226A28EE058AFE
:102FD400D4ED235AD4F88030C4ED236AAFEEA78A27
:102FE400C4ED20FAC4F88430A6EEE48AA5EEC78ABC
:102FF400B4EEC68AF1EE10FA00F19F83F1EE007A86
:10300400B4EE678AF1EE10FA37FE888AF2EE047A9B
:103014009FEDEB7A84ED228AEDEE07EAB4EEE7FA4F
:10302400F1EE10FA00F18283DFEDE67AB4EEE7FA0E
:10303400F1EE10FA00F3D984DFEDE37A9FEDED0AA7
:103044006FEE277A87EE800A08F08EFC60EE006A45
:1030540036EEE86A36EE066A80EE0E7AD4ED257A0C
:10306400D4ED264AD4ED273AD4F89030C4ED274A5B
:10307400B9EE004AC4ED24EAC4F8943037EE285A75
:1030840078EEC75A35EE265A75EEA65AC8EE856A0A
:1030940027EE267A26EE666A66EEE56A67EE677ABA
:1030A400EEEE877AE6EE247AE6EEA37AF4EEC47ABC
:1030B400F1EE10FA00F16983B1EE007AF4EE477A8A
:1030C400F1EE10FA77FE277A77EE885ADDED176A6B
:1030D400B6EE006A9DED137AF0EE003AC4ED267A5E
:1030E400F0EE684AA5EEC68AB0EE674AECEEA34A53
:1030F400B9EE005AA5EEC64A26EE888A67EE247A0F
:10310400A5EE868A66EE846AE5EE866A27EE888AEC
:10311400B4EEC58AF1EE10FA00F13483B1EE007A10
:10312400B4EEC78AF1EE10FA00F34F8428EE085A81
:10313400B3EE0B7AF2EE024A75EE075AA5EE247A44
:1031440065EE885AB0EE476A85EE867A67EEA67A0F
:10315400F9EE006A29EE077AF4EEE67A8DED047A48
:10316400F1EE10FA00F10B83B1EE007AF4EEC77AB7
:10317400F1EE10FA00F3458427EEA76AB3EE0B7A5A
:10318400F2EE025A76EE076AA6EE257A66EEA76A92
:10319400C6EE877A06AB05AA04A9204669EE277A0B
:1031A400CDED057AFEF7A2FF94ED286A47F6FF708D
:1031B400DDED045AD4ED2A6A9DED057A35EEC66A32
:1031C40094ED294A9FED815A77EE666AD4ED2B4A35
:1031D400A4EE056ADFED7E7AE4EE856A84ED2A7A50
:1031E4007C49C4ED285A26EE277A84ED296A66EED6
:1031F400A77AC4ED2B6AF0EEC65ABDEEC77AFDEE8F
:10320400E77AB0EEE65A17EE102A17EE903A8242A9
:1032140075EE857AA8BF024683423AEE27AAA8BF74
:1032240003468A42B8BF0A468B4226F8022FB8BF2B
:103234000B46B14528F8023F00F00E8294F8CC50BA
:1032440015F0010F09FEAB7A15F0020F49FE8B7AD7
:1032540037EE277A15F0040FDFED5F7A49FEA77A7F
:1032640037EE277AB4EEE87AF1EE10FA00F394829E
:10327400F0EE007ABFEE00DAA7EE27DA94F8CDA0DC
:103284001AF0010F49FEAB7A1AF0020F49FE8B6A5D
:1032940077EEA67A1AF0040FDFED4F6A49FEA66AAC
:1032A40077EEA67AF4EEE87AF1EE10FA00F379827A
:1032B400F0EE006AFFEE00DAE7EEA6DA9DED0A5AB8
:1032C40077EE877A9DED12EAF3EE02EA2DEE055AC7
:1032D4009DED068A94ED2E9A85EA0A079DED0C6A07
:1032E400A5EE0E8ADDED0B5A29EE066A9DED070A5E
:1032F4006DEEA55ADDED0D6AB6EE005A29EE267A7A
:10330400AEEE250AAEEE068A67EE85CAAEEE070A71
:10331400B4EEEE8AF1EE10FAB0EE40FA1DDA87F060
:103324004D0202EB820302EBC30202EB8202C2F300
:10333400460343EAC213DBB2192B00F26683F1EEB3
:10334400087AB4EEE78AF1EE10FA00F1A084B4EE44
:10335400EE8AF1EE10FA00F3B484F3EE027AB4EEDE
:10336400E7FAF1EE10FA1FDA87F0910303EB830218
:1033740003EBC20303EB8303C3F3460242EAC31322
:10338400DBB2192B00F2C283F1EE087AB4EEE7FA4D
:10339400F1EE10FA00F1BC82F3EE027AB4EEE7FA31
:1033A400F1EE10FA00F3B482DFED0C7A4FEA4A0230
:1033B400B4EEE78A4FFA82FBF1EE10FA52D931E00B
:1033C400B81E053E007C9E46DB0F494052B87E3F46
:1033D40000FEFF460080FFFF986E123E0000F84298
:1033E4000000044300008A420000DC430AD7A33CE7
:1033F400000A9B4600442C47BC74933C0000803B6D
:10340400EC51383E7B14AE3E1F852B3F00442C47C5
:10341400977AF334F9BE3A3A103A0835F7FFFFBF0A
:10342400A0BF80BF6A40D2B202EB820002EBC002AE
:1034340002EB8202C2F3460040EAC212D2B2192A57
:1034440000F200835FED1B7AB4EEE78AF1EE10FA26
:1034540000F171825FED1E7AB4EEE78AF1EE10FAA4
:1034640000F369825FED237A6A004FFA8AF7B4EEBB
:10347400E7FA55B2F1EE10FA20D98AEA0202D2B282
:1034840002EB820102EBC10202EB8202C2F34601AB
:1034940041EAC212D2B2192A00F2F5825FED317A02
:1034A400B4EEE7FAF1EE10FA00F164825FED347ADB
:1034B400B4EEE7FAF1EE10FA00F35C825FED377ACE
:1034C400F2EE080AB0EE000A78EE677AC7EEA00AB8
:1034D40008F06AF81FED3C7A5FED3C7A20EE078A2B
:1034E400B4EEE78AF1EE10FA00F19A815FED407ACA
:1034F400B4EE678AF1EE10FA37FE888A5FED477AF8
:10350400F2EE080AB0EE000A7FEE677AC7EEA00A70
:1035140008F04AF81FED4C7A5FED4C7A20EE070A6A
:10352400B4EEE70AF1EE10FA00F1F9805FED507A9B
:103534005FED506AB4EEE70AF1EE10FA00F3508240
:1035440088EE267AC0EE267A94ED2C6AD4ED2D6AA4
:1035540037EE067A77EEA67AF6EE005AFBFE476A55
:1035640037EE667AFBFE676A77EEE67AF1EE004A9A
:10357400BBFE476A37EE466AFBFE676A84ED2C7A27
:1035840077EEE66AC4ED2D7A36EE657AB0EE685AC7
:1035940076EEE57AB0EEC77AF0EE685AF0EEE77AA6
:1035A400E7EE645AA7EEE45AF5EEC05AF1EE10FACB
:1035B400B5EEC05ACCBF01210021F1EE10FAF5EEB0
:1035C400C05ACCBF01220022F1EE10FA79DD94F842
:1035D400CE00002800F0F380B5EEC05A94F8CC5029
:1035E400F1EE10FA40F30D8194F8CF00002874D066
:1035F400914294F8CDB000F08F80B4EEE55A1FEDFF
:10360400827AB0EE498AF1EE10FA54BFF0EE6D7A88
:10361400F0EE4D7A77EEC97AA7EE878A84ED2E8A8A
:103624009DF87D3084F8CE1084F8CF20002B3FF431
:10363400F5AAF0EE697AFFF7F3BA039B13B11846C3
:1036440005F00EFA029BBBB3184621B0BDEC108BFB
:10365400BDE8F04F05F004BA039E0022204631462F
:1036640005F026FA029D01222046294605F020FA9B
:10367400304605F0F5F9284605F0F2F95FEDA17A38
:103684002AEE27AAB5EEC0AAF1EE10FA00F13083B3
:10369400F7EE007AB4EE67AAF1EE10FA37FE8AAAC2
:1036A400D4ED326A1FEDAA7A3AEE66AAD4ED327AE4
:1036B400EAEE077AC4ED327A21B0BDEC108BBDE896
:1036C400F08FB5EEC05AF1EE10FA40F3CD8294F8C3
:1036D400CF0094F8CC5000288AD1DDED147A1FED88
:1036E400B77A78EEE77AF4EEC77AF1EE10FA00F1E1
:1036F400DE821FEDBB7AF4EEC77AF1EE10FA59D4EC
:10370400B5EEC09AF1EE10FA56D45FFA8BFB9142F3
:1037140084F8CDB07FF471AF94ED2E8A80E75FED2D
:10372400C56A5FEDC57A88EE267A0DE71FEDC56A96
:103734005FEDC76A1FEDC90A8EE4B0EE468A65E400
:103744001FEDCC7A1FEDCC6A5FEDCC6AC7EE0E7A22
:1037540077EEA85A38EEE77A75EE865A37EE067A8F
:1037640088EEA56A67EE867A66EE264A27EE067A22
:10377400B1EE678A24E4B0EE47FAFFF7CDBB5FED04
:10378400D87A07E51FEDDA7AE0E4F0EE447A9BE4B8
:103794005FEDDDEAFFF7AEBAB7EE00DAB0EE4D7AD0
:1037A4006CE5F7EE00DAF0EE6D7A87E5B7EE00EA45
:1037B400FFF7CCBB2B06A8D54BF0010BA5E7DDED3D
:1037C400147A9FEDE27AF4EEC77AF1EE10FA1BD484
:1037D4009FEDDF7AF4EEC77AF1EE10FA00F174820D
:1037E400B5EEC09AF1EE10FACCBF0127002787B9D5
:1037F400B5EEC05AEDB284F8CC50F1EE10FA3FF7B2
:10380400F3AE94F8CDB0F8E6B4EEE55AF1EE10FA62
:10381400EED545F00105EBE7B0EE47CAFFF75CBB18
:10382400B0EE678A6AE6F0EE67FADFEDD77AF4EE77
:10383400E7AAF1EE10FA3FF60DABDFEDC67AF2EE31
:10384400080AB0EE000A7FEEE77AC7EEA00A07F096
:10385400ABFE9FEDC17A20EE07CAFFF73DBB9FED9B
:10386400BDFAB2EE087A9FEDBCEAB0EE000A7FEE34
:10387400CF0A8DED017AF0EE67AAF2EE04FAC0EEFB
:10388400870A07F091FE9DED017A20EE0ECAB4EE90
:10389400EFCAF1EE10FA7FF517AB7AEECF0AB0EE6D
:1038A400000AB0EEC88AC0EE870A07F07DFEDFED9D
:1038B400AB6ADFEDAB7A9DED117AE8EE267A20EE65
:1038C4000EFA27EE27EAB4EEE8EAF1EE10FA00F178
:1038D400FD81DFEDA47AB0EE6FCAF0EE6EFA9FEDD3
:1038E400AC7AB4EEE7EAEDEE87FAF1EE10FAC8BF6F
:1038F400B0EE67EAFFF740BBF0EE67AADFEDA27A0D
:10390400F4EEE7FAF1EE10FA3FF67BAAFFF7C4BA39
:10391400B0EE67FADFED9C7A4FEA4A02B4EEE78A2A
:103924004FFA82FBF1EE10FA3FF67CAD6D004FFAD0
:103934008AF76DB2C2E5B0EE678ADFED937A6A006A
:10394400B4EEE7FA4FFA8AF755B2F1EE10FA3FF601
:1039540094ADDFED807AF2EE080AB0EE000A78EE5C
:10396400677AC7EEA00A07F01FFEDFED7B7A20EE30
:10397400278AC3E5DFED77FAB2EE08CADFED76EA0F
:10398400B0EE000A78EE6F0AB0EE67FAC0EE8C0A69
:1039940007F00AFE9FED747A20EE2E8AB4EEC78AF1
:1039A400F1EE10FA7FF5A2AD7FEE6F0AB0EE000AD9
:1039B400C0EE8C0A07F0F8FDDFED6C6A9FED6C7ABF
:1039C40020EE2E0AC0EE267ABEE59FED6A7AFFF756
:1039D400BDBB9FED697A9FED696ADFED696AB5E663
:1039E40088EE267ADFED677AAEE59FED656ADFED56
:1039F400636A9FED610AFFF72FBBDFED5EEAFFF715
:103A040079B9DFED5C7AFFF7C5BB3EEEC80AF0EE8C
:103A14006E0A07F0A3FDB5EEC00AF2EE027AF1EEEB
:103A240010FA48BF30EE2E0AB4EEE70AF1EE10FAAF
:103A340003DDF3EE027A37EEC00AF3EE027A30EEDB
:103A4400278A8AE49FED500AF3EE020A38EE400A10
:103A540007F084FDB5EEC00AF1EE10FA03D5F3EEDB
:103A6400027A30EE270AF2EE027AB4EEE70AF1EEB9
:103A740010FA03DDF3EE027A37EEC00ADFED437A83
:103A840030EE278AEEE49FED400AF3EE020A3FEEA1
:103A9400400A07F063FDB5EEC00AF1EE10FA03D553
:103AA400F3EE027A30EE270AF2EE027AB4EEE70A77
:103AB400F1EE10FA03DDF3EE027A37EEC00ADFED21
:103AC400337A30EE27FAF9E49FED2F0AF3EE020A77
:103AD4003AEEC00A07F042FDB5EEC00AF1EE10FA64
:103AE40003D5F3EE027A30EE270AF2EE027AB4EE50
:103AF400E70AF1EE10FA03DDF3EE027A37EEC00ABC
:103B0400DFED227A70EE27AAFFF7C6B9F3EE02EAD8
:103B14003EEECF0AF0EE6E0A07F020FDB5EEC00AC5
:103B2400F2EE027AF1EE10FA48BF30EE2E0AB4EE4D
:103B3400E70AF1EE10FA03DDF3EE027A37EEC00A7B
:103B4400F3EE027A30EE27FA2EE400BF7B14AE3E89
:103B54001F852B3F00008A420000DC43295C0F3F95
:103B6400EC51383F000034430AD7A33C00442C47AF
:103B7400977AF334A0BF803F6A4EFD4016A47A4280
:103B840016A4F6426666E63E0000F8420000E642ED
:103B9400B81E053EB3A27F3F48D1FFBFEB9C3ABAA3
:103BA400EB9C3A3A000000001FED090AF3EE020A0A
:103BB4003FEEC00A07F0D2FCB5EEC00AF1EE10FAEF
:103BC40003D5F3EE027A30EE270AF2EE027AB4EE6F
:103BD400E70AF1EE10FA03DDF3EE027A37EEC00ADB
:103BE4005FED167A70EE27FAFFF72DB93FEE400A23
:103BF400F0EE4F0A07F0B2FCB5EEC00AF2EE027A1C
:103C0400F1EE10FA48BF30EE0F0AB4EEE70AF1EE17
:103C140010FA03DDF3EE027A37EEC00AF3EE027A0D
:103C240070EE27FAFFF7BDB8B3EE02EA3EEE6A0A79
:103C3400F0EE4E0A07F092FCB5EEC00AF2EE027AFC
:103C4400F1EE10FA48BF30EE0E0AB4EEE70AF1EED8
:103C540010FA03DDF3EE027A37EEC00AF3EE027ACD
:103C640070EE27AAFFF7C6B894ED2E8A94F8CC50CC
:103C740094F8CDB0D4E4F0EE67FAF3EE027AF4EE01
:103C8400E7AAF1EE10FAFFF693A8FFF7DCB8B0EE5E
:103C9400678AF3EE027AB4EEE7FAF1EE10FAFFF671
:103CA40063AB4FEA4A034FFA83FBFFF7DBBBB4EE87
:103CB400E55AF1EE10FA3FF528AD7DE5F0EE4FFA46
:103CC400DBE7B0EE6E8AE4E7FF0F90E5F0EE6EFA04
:103CD4005FED517AB7EE00EA1FED527A5FED524A7A
:103CE400EDEEA7FA1FED538A5FED537AFFF768B93B
:103CF4001FED54AAD4E400BFB5EEC00A10B5F1EE2E
:103D040010FA2DED028B82B000F1F380F7EE007A09
:103D1400B4EEE70AF1EE10FA00F3D4809FEDA47A32
:103D2400DFEDA46AE0EE076AF5EEC06AF1EE10FA80
:103D340040F13781DFEDA06AA04B9FEDA17A93EDAE
:103D4400006AB4EEE66AF1EE10FAC0F2FB80DFED31
:103D54009D5AA0EE077ADFED9C7ADFED9C6A9FED19
:103D64009C8AE0EE257AA0EE268AB5EEC07A83ED31
:103D7400006AF1EE10FA40F10B819FED8F7A954BBA
:103D8400D3ED006AF4EEC76AF1EE10FA66FE876AB4
:103D9400F5EEC07AC3ED006AF1EE10FA40F1C68088
:103DA400DFED857A8C4B402493ED007AF4EEC77AEC
:103DB400F1EE10FA88BFB0EE677A83ED007A05F071
:103DC400F3FB07EE900A85494FF0E022F8EE677A9C
:103DD40091F8CC3091F8CDC0C2F8884177EE887A5A
:103DE400FCEEE77ACDED017A9DF8040000EB0012B9
:103DF4005B3A5A40C0EBC003D2B200EB830381F8B4
:103E0400CC20013A5A33D2B283EA0C03FD2ADBB246
:103E140081F8CD3003D980F0B60281F8CC20013B83
:103E2400DBB2FD2B04D9430083F0690381F8CD3064
:103E3400D1ED2D7A05EE900ADFED696A10F0010FDD
:103E4400F8EEE55A91ED2C7A77EEA67A9FED656A45
:103E54009FED655A37EE067ADFED644AE5EE857A22
:103E6400D1ED2E6A9FED625A9FED626AA5EEA47AA7
:103E7400FFEE005A05FE066A76EE866ABBFE676AA6
:103E840077EEC67AF4EEE56ABBFE475A37EE457A1A
:103E9400C1ED2D7AF1EE10FA81ED2C7A4FD4F7EEC4
:103EA400007AF4EE676AF1EE10FA77FEA66A4FF034
:103EB400E0234022C1ED2E6AC3F8082102B0BDEC14
:103EC400028B10BD3D4A92ED007AB4EEE77AF1EE32
:103ED40010FA58DA3F4B9FED488A93ED007AC2ED11
:103EE400007AB4EEE77AF1EE10FA1FDAF0EE676AC0
:103EF4004EE7324B9FED2F7AD3ED007AF4EEC77A7A
:103F0400F1EE10FA2FDA9FED328ADFED2F7ADFED32
:103F14002C6A83ED007A2F4B93ED007AB4EEE67AA7
:103F2400F1EE10FABFF63EAFC3ED006AB7EE007AC9
:103F3400F4EE477AF1EE10FA77FE277A32E7F0EEE4
:103F4400656AB4E79FED1F6AA0EE077ADFED1E7A7B
:103F5400DFED1E5A9FED1E8AE0EE067AB0EE666A29
:103F6400A0EE258A01E71B4BDFED156AD3ED007A3D
:103F74009FED178AF4EEE67ADFED137AF1EE10FA8C
:103F8400BFF610AF04E7F0EE676A9FED1B8AC2E745
:103F9400F7EE006AB4EE667AF1EE10FA36FE877A2E
:103FA400EDE6F4EE676AF1EE10FA77FEA66AC3E670
:103FB4009A99593F3333B33E00000000F863002060
:103FC400CDCC0C3F295C8F3EEC51383F0000274399
:103FD40000007442E8630020EC63002058220020B3
:103FE40083C08A3E8B6CE73D0AD7A33BA69B443B28
:103FF400713D8ABE52B89E3E00006443B5EEC00ACD
:10400400F1EE10FA00F18480F7EE006AB4EEE60AED
:10401400F1EE10FA50DCDFED935ADFED937AB0EE57
:10402400656AA0EE276AB5EEC06AF1EE10FA5CD5B7
:10403400DFED8E6A9FED8E7ADFED8E7AA0EE267A22
:104044009FED8D6AE0EE257A8C4BD3ED006AF4EE99
:10405400C66AF1EE10FAB5EEC07A66FE866AC3ED62
:10406400006AF1EE10FA37D59FED837A844BD3EDD5
:10407400006AF4EEC76AF1EE10FAF5EEC07A66FE55
:10408400876AC3ED006AF1EE10FA4AD4B7EE007AFB
:10409400F4EE477AF1EE10FA77FE277A794B93ED36
:1040A400007AF4EEC77AF1EE10FA88BFB0EE677AC0
:1040B40083ED007AC0BB7047B0EE660ADFED727A1A
:1040C4009FED727A6D4B93ED006AF4EEC66AF1EEE1
:1040D40010FA01D9C3ED006AF7EE006AB4EE667A0D
:1040E400F1EE10FA36FE877AC0E7B4EEE66AF1EE36
:1040F40010FA40F3AB809FED5D5AB0EE666A9FED17
:104104005C7ADFED5C7AA0EE057AE0EE257A9BE737
:10411400DFED587A9FED567ADFED526A9FED560A2D
:10412400D0E7DFED557AB9E710B5DFED597A4024D1
:104134002DED028B9FED578A82B0A0EE278A05F001
:1041440033FA07EE900A54494FF0E022F8EE677A0A
:1041540091F8CC3091F8CDC0C2F8884177EE887AD6
:10416400FCEEE77ACDED017A9DF8040000EB001235
:104174005B3A5A40C0EBC003D2B200EB830381F830
:10418400CC20013A5A33D2B283EA0C03FD2ADBB2C3
:1041940081F8CD3003D980F0B60281F8CC20013B00
:1041A400DBB2FD2B49D8D1ED2D7A05EE900ADFED77
:1041B4003B6A10F0010FF8EEE55A91ED2C7A77EE98
:1041C400A67A9FED376A9FED375A37EE067ADFED10
:1041D400364AE5EE857AD1ED2E6A9FED345A9FED8D
:1041E400346AA5EEA47AFFEE005A05FE066A76EE5E
:1041F400866ABBFE676A77EEC67AF4EEE56ABBFEB2
:10420400475A37EE457AC1ED2D7AF1EE10FA81ED79
:104214002C7A18D4F7EE007AF4EE676AF1EE10FA0D
:1042240077FEA66A4FF0E0234022C1ED2E6AC3F860
:10423400082102B0BDEC028B10BD430083F069037A
:1042440081F8CD30AFE7F0EE656AEBE7DFED076AA2
:104254009FED077ADFED077AA0EE267AE0EE257A65
:10426400F2E600BF3D0AD73EE17A143F7B14AE3E2E
:10427400EC51383E8FC2753E0000000048640020B7
:10428400F8630020E8630020C2F5283FB81E053F0C
:1042940000000B4300009E425822002083C08A3E47
:1042A4008B6CE73D0AD7A33BA69B443B713D8ABE7A
:1042B40052B89E3EDFED995AB4EEE50A10B5F1EE20
:1042C40010FA2DED028B82B000F1DD80F7EE006A6A
:1042D400934BB4EEE60AF1EE10FA00F3C880DFED7A
:1042E400917A9FED917A93ED006AA0EE277AB4EE6D
:1042F400C60AF1EE10FAB4EEE57A88BFB0EE406A71
:10430400F1EE10FA40F1E480DFED886AB0EE657AF0
:10431400DFED877AE0EE267A864A83ED006AD2EDF5
:10432400006AF4EE476AF1EE10FAF5EEC07A26FE62
:10433400877A82ED007AF1EE10FA40F1BD80DFED6C
:10434400777A7D4B4024DFED7D6A93ED007A9FED13
:104354007C8AF4EEC77AA0EE268AF1EE10FA88BFC2
:10436400B0EE677A83ED007A05F01EF907EE900A45
:1043740074494FF0E022F8EE677A91F8CC3091F866
:10438400CDC0C2F8884177EE887AFCEEE77ACDEDAD
:10439400017A9DF8040000EB00125B3A5A40C0EB2E
:1043A400C003D2B200EB830381F8CC20013A5A3324
:1043B400D2B283EA0C03FD2ADBB281F8CD3003D9F3
:1043C40080F0B60281F8CC20013BDBB2FD2B04D98E
:1043D400430083F0690381F8CD30D1ED2D7A05EEE9
:1043E400900ADFED596A10F0010FF8EEE55A91EDED
:1043F4002C7A77EEA67A9FED556A9FED555A37EEE3
:10440400067ADFED544AE5EE857AD1ED2E6A9FED0A
:10441400525A9FED526AA5EEA47AFFEE005A05FEA9
:10442400066A76EE866ABBFE676A77EEC67AF4EEB3
:10443400E56ABBFE475A37EE457AC1ED2D7AF1EEB7
:1044440010FA81ED2C7A40D4F7EE007AF4EE676A24
:10445400F1EE10FA77FEA66A4FF0E0234022C1ED98
:104464002E6AC3F8082102B0BDEC028B10BDD3ED57
:10447400007AF4EEE67ADFED3A7AF1EE10FA10DA29
:10448400B0EE667A36E0264B93ED007AB5EEC07A4C
:10449400F1EE10FA2ADADFED267ADFED236AC3EDB6
:1044A400005A244B93ED007AB4EEE67AF1EE10FA5A
:1044B400BFF647AFC3ED006AB7EE007AF4EE477A71
:1044C400F1EE10FA77FE277A3BE7F0EE656AC3E770
:1044D400B4EEE67AF1EE10FA19DDDFED145AB0EE1F
:1044E400667ADFED137AE0EE257A15E7DFED107AD0
:1044F400DFED0D6A0F4A83ED007A92ED007AF4EE57
:10450400C76AF1EE10FAD7D9C2ED006AD4E7DFED3D
:10451400076ADFED077AE0EE267AFDE60000000088
:10452400746400206666263F3333B33E7B14AE3E8C
:10453400EC51383E786400204864002000002D438C
:1045440000002C425822002083C08A3E8B6CE73D39
:104554000AD7A33BA69B443B713D8ABE52B89E3EFC
:10456400B81E053FDFED356AB7EE007ADFED347A29
:10457400E0EE267A2DE9F04781460E4690461F4626
:10458400F4EEC77AF1EE10FA54D49FED2E7AF4EEDD
:10459400C77AF1EE10FA2FDCFCEEE77A17EE905AA8
:1045A4002D0605F0FE454FEA0944337804F4FE0471
:1045B4005BBB3B788BBB2C4349F2090A44EA0A00F3
:1045C40006F07CFA204B93F900404C4484F3070432
:1045D4004C4509D045EA044040EA0A0006F06EFA68
:1045E4000123089A14703B70184B01221B68327027
:1045F400C8F80030BDE8F0874FEA094433784FF03B
:10460400FE4504F4FE04002BD3D048F208002043F6
:1046140006F054FA3B78002BCDD0089B48F20800F2
:104624001B781B0403F4FE03184306F047FA002327
:104634003B70C0E74FF08075B5E700BF0000A442AF
:10464400000034420000FE428C67002078650020A0
:10465400F8B5254C237833B1244D254A2B681268CC
:104664009B1A2A2B0AD8234C237833B11F4B224A96
:104674001B6812689B1A2A2B15D8F8BD1F4E0027F9
:104684001F4806F01BFA337827700BBB194C2378AC
:104694002BB1194A2B6812689B1A2A2B03D8BDE840
:1046A400F84006F013BA174D0026174806F006FA2C
:1046B4002B782670002BF2D0144B48F208001B789C
:1046C4001B0403F4FE03184306F0F8F92E70E6E722
:1046D4000F4B48F208001B781B0403F4FE03184335
:1046E40006F0ECF93770D1E7786700207865002090
:1046F400D46300207C670020E063002079670020F9
:10470400088024007D67002008802500ED14002027
:10471400EC14002070B582B08DED010A04F044FF62
:104724001C4A03469DED010A0120146813601C1BFA
:10473400FFF764FC184B194A2344934201D902B091
:1047440070BD174B174A1D6811681E68164B6D1A09
:104754001660A3FB04131548154A17211B09154CB1
:104764001170036004F020FF134BB5F5486F186017
:1047740001D223782BB94FF60F2006F09FF90123BD
:1047840023704FF60F0006F099F902B0BDE87040AF
:1047940006F09CB9FC630020BFF2FCFF7EB92A003E
:1047A40078650020F4630020ABAAAAAA0064002064
:1047B4007E6700207F6700200464002007EE901AC3
:1047C400DFED246AB7EE007AA0F11403B8EE676A4D
:1047D400DBB2C6EE267AF4EE477AF1EE10FA77FEF3
:1047E400277A052B13D85BB31B4A4FEA830C02EBE1
:1047F4008302C2ED007A194A0120D0541848194A9C
:104804006044624400681060174AD15470471A38F3
:10481400C0B2052813D8C0B1144B4FEA800C03EB87
:104824008003C3ED007A0D4B01221A540C4A0D4B40
:104834006244634412681A600B4B034499717047D5
:104844000A4A9C46C2ED007AD5E7034B8446C3ED81
:10485400007AE8E70000FE42A4140020C8640020A7
:10486400E8640020D064002098140020BC140020C8
:10487400514A5249136808681B1A112B40F29B8055
:1048840013682DE9F04F4E4D0024DFF840914FF4AA
:10489400A016DFF834B1AF1FC84620462DED028BB9
:1048A400DFED488A83B00B60002C65D0D8ED007A28
:1048B4009BED008A67EEA87AF5EEC07AF1EE10FA65
:1048C40066D4F4EEE87AF1EE10FA6ADCFCEEE77AEC
:1048D400CDED017A9DF804A05346395DFF2905D03A
:1048E400591A0029B8BF494201290BDD1B064BF2B6
:1048F4000B0003F0FE433343184306F0DFF80120B6
:1049040007F804A068EE287AF5EEC07AF1EE10FA02
:1049140041D4F4EEE87AF1EE10FA3FDCFCEEE77AEB
:10492400CDED017A9DF804A053462978FF2905D0DE
:10493400591A0029B8BF494201290DDD1B0606F5A5
:10494400C0214BF20B0003F0FE430B43184306F067
:10495400B5F8012085F800A00134013506F580364C
:1049640008F10408062C0BF1040B9DD1E0B903B047
:10497400BDEC028BBDE8F08F134B99ED008AD3EDAB
:10498400007A67EEA87AF5EEC07AF1EE10FA98D5BF
:1049940000239A46A1E700239A46C6E77F239A4656
:1049A400C3E77F239A4698E703B0BDEC028BBDE8CA
:1049B400F04F06F08BB8704778650020C46400207F
:1049C4009E1400200000FE42BC140020A414002009
:1049D40070B5854A854E116833685B1A052B2DED39
:1049E400068B40F2CE8033685B25814C9FED818A33
:1049F400DFED81AA9FED81AADFED819A9FED819A77
:104A0400DFED818A13600A21206803F041FF20EA68
:104A1400E073B0F5FA6F227B636040F39A8007EE8F
:104A2400903A9FED7A7ADFED7A6AF8EEE77A77EEDC
:104A3400C77A87EEA67AB5EEC07AF1EE10FA00F1E5
:104A4400C680F7EE007AB4EEE77AF1EE10FA00F3DE
:104A5400B980DFED707AB4EE677AF1EE10FA98BFA0
:104A6400B0EE677AD4ED027A637B37EE677AE7EECD
:104A7400087AC4ED027A002B7BD13368236104F0F9
:104A840093FD28444FF0E0234022C1B26248C3F8AA
:104A9400882101EB011390F8CC2090F8CDC05B3B4A
:104AA4005340DBB280F8CC30013BDAB2C1EBC10336
:104AB400FD2A01EB830303F15A0383EA0C03DBB2FF
:104AC40080F8CD3003D981F0B60280F8CC20013BC8
:104AD400DBB2FD2B7ED890ED2C7A06EE901AD0ED49
:104AE4002D7A11F0010FF8EEE65A9FED4C6A37EE7D
:104AF4002A7AD0ED2E6A77EEA97A06FE286ABFEEEE
:104B0400005AA5EE8A7AE5EE897A76EE866AF4EEA4
:104B1400C56AFBFE475A37EE657ABBFE676A77EED5
:104B2400C67AF1EE10FA80ED2C7AC0ED2D7A57D4C6
:104B3400F7EE007AF4EE676AF1EE10FA77FEA66AF1
:104B44004FF0E0234022C0ED2E6AC3F80821012370
:104B54000FE0B0F5966F17DAD4ED027A00239FEDDB
:104B6400307ADFED306A37EE677AE7EE267AC4ED05
:104B7400027A2535637323731434EDB2CA2D7FF49E
:104B840042AFBDEC068B70BD07EE903A9FED1F7AE5
:104B9400DFED1F6AF8EEE77A77EEC77A87EEA67A3A
:104BA400B5EEC07AF1EE10FA0FD4F7EE007AB4EE57
:104BB400E77AF1EE10FA03DC002A7FF44AAFCBE780
:104BC400002AC9D0B0EE677A4CE7002AC4D09FED22
:104BD400117A47E74B0083F0690380F8CD307AE718
:104BE400F0EE456AACE700BFBC65002078650020A4
:104BF400806500203D0AD73E8B6CE73DA69B443B75
:104C040083C08A3E0AD7A33B52B89E3E00C0DA4511
:104C1400008022440AD7A33E58220020713D8ABE58
:104C240000000000AE47613E70B485B0DFED687AE5
:104C3400684A694B01A9F0EE675A1678B0EE671A14
:104C440003F13C0C08469FED653ADFED653A9FEDB4
:104C5400654ADFED654ADFED651A9FED652ADFEDF4
:104C6400652ADFED650ACDED017ACDED027ACDED51
:104C7400037A1A7B002A4AD0604D1C692A68121BE9
:104C840007EE102AB8EE477A37EE437AC7EE237A56
:104C9400F5EEC07AF1EE10FA00F18680B7EE007AF4
:104CA400F4EEC77AF1EE10FA00F389809FED547A9E
:104CB40067EE877A77EEA26A2A68121B07EE102A3B
:104CC400B8EE477A37EE447A87EE246AB5EEC06AC6
:104CD400F1EE10FA70D4B7EE007AB4EE476AF1EE52
:104CE40010FA37FE066A93ED025A25EE267AB5EEDF
:104CF400C07AF1EE10FA5CD4F7EE006AB4EE667A8C
:104D0400F1EE10FA36FE877AAEBB80ED007A1433EA
:104D140004306345ADD13B4B01F10C029FED3A5A8F
:104D24009FED3A6AD3ED007AB1EC017AB4EEE77AFA
:104D340037EE677AF1EE10FA75FE066AE7EE267A28
:104D44008A42E3EC017AEDD1314BDFED326AD3EDE7
:104D5400007A9FED317AF4EEE57A75EEE75AF1EEDA
:104D640010FA58BFB0EE667AE5EE877AC3ED007AA2
:104D740005B070BC7047E6EE217AE5EE027AF5EEF6
:104D8400C07AF1EE10FA1FD4B7EE007AF4EE477A47
:104D9400F1EE10FA77FE277AF4EEE57AF1EE10FAE6
:104DA40088BFF0EE675AB2E7F0EE626AF0EE417A3D
:104DB40082E79FED077AA7E79FED056A93E7F0EE98
:104DC400606ADFED0F7A77E7DFED017AE4E700BF91
:104DD400000000008A670020806500200000E14395
:104DE4000080224500009644000061459A99193FCD
:104DF400CDCC4C3EE17A143FD7A3903F7865002098
:104E0400CDCC0C3F4C220020B81E853EEC51383DE1
:104E1400C46500204260E53C8FC2F53D2DE9F04FAA
:104E2400B24E0746B24D0E20B146344605F1050890
:104E34002DED048BB7EE008A85B09FEDAE9ADFEDC1
:104E4400AE8A11E0F4EE487AF1EE10FA78FE277A91
:104E540094ED007AA84577EEC77AA7EEA87AA4EC79
:104E6400017A13D015F8010F04F006F907EE900A41
:104E7400B8EEE77AC7EE097A78EE677AF5EEC07A8B
:104E8400F1EE10FADED5DFED9D7AE1E79C4B1A785E
:104E9400002A40F016819B4A177001221A70DFF82D
:104EA400C4A20124DFF8C0B20025DFED978A9FED8C
:104EB400978ADFF8B882964A1AF8013B7BB1D6ED9F
:104EC400007A9BED007A77EEC77AF0EEE77AF4EE9B
:104ED400C87AF1EE10FA37D400230AF8013C15F031
:104EE400FF0126D1012F24D08A4B1968D8F800304D
:104EF4005B1AB3F5486F80F0D980F6EE007A99ED2D
:104F0400000A30EE670A20EE280A06F0F7FF182898
:104F14006FF017037E4AA8BF18209842B8BF1846FE
:104F24007D4B18700134013504360BF1040BE4B2E7
:104F3400C2E77A4B002F00F0B580002908BF134662
:104F440003EB850331681960062CEBD1162004F0BD
:104F540093F807EE900ADFED676AF8EEE77A9FEDC3
:104F6400676A87EEA67AB4EEC67AF1EE10FA00F11B
:104F74008481F7EE006A6A4C9FED6A6AB4EEE67AC1
:104F8400F1EE10FA00F3F480D4ED007ADFED666AF6
:104F940077EE675A654BB4EEE67A654D83ED007A99
:104FA400E5EE867A2B78F1EE10FAC4ED007A40F340
:104FB4008081002B40F0EE805E4ED8F800303268DD
:104FC4009B1A122B40F2E680F4EE477AF1EE10FAC7
:104FD40098BFF0EE477AF5EEC07AF1EE10FA00F1E0
:104FE4008381B7EE007AF4EEC77AF1EE10FA00F39B
:104FF4008481DFED516A9FED510AA7EEA60AB5EE52
:10500400C00AF1EE10FA40F17D81DFED3C7A4C4BA1
:10501400D8F8002093ED007A8DED030AB4EEE77A18
:10502400F1EE10FA27FE277A83ED007A454B1A60D9
:10503400FEF762FE444B25209DED030A0093434A8C
:10504400434B4449FFF78EFAD4ED007A9FED427A40
:105054009DED030A67EE877AF5EEC07AF1EE10FA59
:1050640000F14981F4EEC77AF1EE10FA00F34881B9
:10507400FCEEE77A394817EE903A1B0603F0FE433C
:1050840018438DED030A05F019FD05F01FFD9DED94
:10509400030AFFF73FFBD8F80030D4ED007A336001
:1050A40001237AE0002918BF134649E72C4B1968FD
:1050B400D8F800305B1AB3F5486FFFF41EAF174BF6
:1050C4003EE7104A1378BB423FF4E9AE254B074D47
:1050D40017704FF00132244C1A609A800FCD0FC420
:1050E40095E8030084E80300D9E600BFE8640020E3
:1050F400A005002000F07F459A99993D000000002A
:105104008B6700208567002000004042BC74933CFC
:10511400A4140020686400208C670020BC140020C4
:10512400F06300200AD7A33C8FC2F53CE46300205F
:105134007B670020DC630020CDCC0C3F6666E63E36
:105144004C64002050640020ED140020E063002033
:105154007D6700207C6700200000FE420BB04A00FF
:10516400F4630020C8640020D06400207865002027
:10517400D4ED007AB0EE667A664A674DC2ED006AF5
:1051840076EEE76A2B78E6EE867AC4ED007A002B99
:105194003FF412AFD4ED007A01239FED607A2B70B7
:1051A40067EE877AF5EEC07AF1EE10FA63D4F4EE86
:1051B400C77AF1EE10FA7ADCFCEEE77ACDED037AE9
:1051C4009DF80C50564FD8F800303A689B1A122BB1
:1051D4004CD9544E3378FF2B05D0EB1A002BB8BFB3
:1051E4005B42012B42DD2B064F4803F0FE4318437C
:1051F40005F064FCF6EE006AD4ED007ABFEE007AA6
:1052040077EEE67A77EEA77AF4EEC77AF1EE10FA43
:105214006FD4B7EE007AF4EEC77AF1EE10FA61DCDF
:105224009FED427A4EF20E0067EE877AFDEEE77A42
:1052340017EE903A1BB203F30D0303F500531A045F
:10524400DB1102F4FE0242EA0363184305F036FC64
:105254004DF20D002B0403F4FE03184305F02EFC5D
:1052640005F034FCD8F8003035703B6005B0BDEC77
:10527400048BBDE8F08F0025A4E72D4CDFED2D6AEB
:10528400D4ED007A9FED2C7A76EE675A214B224DAD
:1052940083ED006AE5EEA67A2B78F4EEC77AC4EDC6
:1052A400007AF1EE10FA14DDB0EE467A81E67F253D
:1052B40088E7DFED216AF4EEE67AF1EE10FA3FF7C3
:1052C40078AEDFED1E6AB4EEE67AF1EE10FA7FF501
:1052D40064AF9FED1B7AF4EE477AF1EE10FA48BF03
:1052E40000235AE71748B1E7DFED177AB0EE670AF3
:1052F4008DE61648AAE70C48C3E6F0EE477AF5E7D0
:105304001348BEE6B4EEC70AF1EE10FA77FE007A4F
:105314007DE600BFE46300207B6700200000FE42BE
:10532400D8630020EE1400200BB04A0000F8FF45BB
:10533400F06300200AD7A33CCDCC4C3DBC74933C15
:10534400295C0F3D0EE07F7F6666E63E0EE00100BD
:105354000BB04A7FF0B5C34CC34D2DED088BDFED88
:10536400C39A85B09FEDC2AA9FEDC29A9FEDC2BABF
:10537400DFEDC2AA9FEDC28A002005F04DFC002893
:1053840000F08880BF4B26681B78BF48BF49F82BC4
:10539400BF4A00780978166061D09A1DD2B2012AFA
:1053A40040F23E81FC2B00F04981902B00F0C68135
:1053B400802B00F00782B02BDED1A0F114030B2B5D
:1053C40040F217824A28D7D107EE901AF8EEE77A0E
:1053D40087EEA97AB4EECA7AF1EE10FACCDDF7EED4
:1053E400007AAC4BAC4967EE094A93ED006A27EEAC
:1053F4000B5AB4EEE77AD1ED006AA84A67EE2A5A4E
:10540400F1EE10FA77FE877AB4EEE76A92ED007A4D
:10541400F1EE10FAF4EEE64A26FE276A83ED006AFE
:105424002368F1EE10FAB4EEC75A2B609C4B88BF88
:10543400F0EE646AF1EE10FAD3ED007AC1ED006A81
:10544400F4EEE75A88BFB0EE457AF1EE10FA82ED39
:10545400007A88BFF0EE657AC3ED007A8CE7914A52
:1054640000212368166890489B1B27688F4EB3F56C
:10547400486F1760017080F05A8133780133DBB2D2
:10548400172B00F23D810020337005F0C5FB002886
:105494007FF478AF72B6864A13781070DBB262B6C6
:1054A400002B00F0AE807B4B9FED826A93ED007A77
:1054B400814AB4EEC67A2168D2ED007A2960F1EE11
:1054C40010FAF4EEC67A27FE067A83ED007AF1EE3E
:1054D40010FA67FE867AC2ED007A04F065F807EEEA
:1054E400900A9FED767A4FF0E023F8EE677A402237
:1054F4007349C3F8882177EE877A91F8CC2091F824
:10550400CD60FCEEE77ACDED037A9DF80C0000EB5C
:1055140000135B3B5340DBB281F8CC30013BDAB281
:10552400C0EBC003FD2A00EB830303F15A0383EAB3
:105534000603DBB281F8CD3003D980F0B60281F8DE
:10554400CC20013BDBB2FD2B04D9430083F069037B
:1055540081F8CD30D1ED2D7A05EE900ADFED596A50
:1055640010F0010FF8EEE55A91ED2C7A77EEA67A59
:105574009FED556A9FED555A37EE067ADFED544A92
:10558400E5EE857AD1ED2E6A9FED525A9FED526A6F
:10559400A5EEA47AFFEE005A05FE066A76EE866A48
:1055A400BBFE676A77EEC67AF4EEE56ABBFE475A3D
:1055B40037EE457AC1ED2D7AF1EE10FA81ED2C7AB1
:1055C40000F11481F7EE007AF4EE676AF1EE10FA56
:1055D40077FEA66AC1ED2E6A4FF0E02340223F49D0
:1055E4009FED340A2420C3F808213D4B3D4A009125
:1055F4003D49FEF7B7FF05F069FA9FED2E0AFFF764
:1056040089F823682A689B1AB42B05D9374B1B7871
:1056140013B9204B00221A6005B0BDEC088BF0BD15
:10562400206800231F49B0EE490A1F4A1F4E086034
:10563400012013703370FEF7E1FC9DE6216800231E
:10564400184A1A4E11602A4F28492A480B70FF2124
:10565400294A33703B700F4B80ED008A117083ED43
:10566400008A89E678650020506400200000FE422C
:105674000AD7233DCDCC0C3FCDCCCC3E3333333F86
:10568400000000009E6700209C6700209D670020AA
:10569400806400204C64002074640020786400203E
:1056A400E863002068640020836700208767002087
:1056B4007A670020AE47613FF863002014AE4A4386
:1056C4005822002083C08A3E8B6CE73D0AD7A33B57
:1056D400A69B443B713D8ABE52B89E3EEC1400200A
:1056E40079670020D4630020786700208867002051
:1056F400896700206C640020EA140020EC51383FD4
:1057040000231FED027A226801203370B0EE470AAD
:105714003B4B2A60D3ED007AF4EEC77AF1EE10FA2F
:1057240067FE877AC3ED007AFEF768FC24E6B0EEE4
:10573400490A01203170FEF761FC9EE6002941D040
:1057440007EE901A9FED2F7ADFED2F8AF8EEE77AB5
:105754002E4E2F4B3070C7EEA96A2E4E2168307042
:105764002D482268E6EE878AC3ED008A0123F5EE10
:10577400C08A03702948F1EE10FA0370284B1960AF
:10578400284B1A6038D4B7EE007AF4EEC78AF1EEEB
:1057940010FA37FE287A1A4BB0EE680A2268D3ED65
:1057A400007A2A60F4EEC77AF1EE10FA67FE877A7F
:1057B400C3ED007AFEF77EFDB0EE680A0120FEF725
:1057C4001DFCD9E5114B1A78824204D0114A127893
:1057D40082427FF4D1AD00220F490A700F490A704A
:1057E4000B4A82ED008AFF221A70C5E5F0EE656A65
:1057F400F0E6FEF7E3FFBFE5B0EE487ACBE700BF83
:105804004C6400206666263F3333B33EEA1400201E
:105814006C640020EF140020896700208867002052
:105824007C64002070640020194A1A4938B509685C
:1058340013685B1AB3F5486F18D3174913680A68DD
:105844009B1AB3F5486F02D3144B00221A70144C00
:10585400237853B1134D2B683BB103F0A5FE124AD4
:1058640029681368C01A884206D238BD00230C493F
:105874000A4A0B70137038BD0B444FF60F001360C7
:1058840005F01CF905F022F92378013B237038BD9B
:105894007865002068640020F46300207F6700209E
:1058A4007E6700200064002004640020B44AB549E7
:1058B400136809685B1AB3F5486F2DE9F0412DEDC3
:1058C400088B0ED20024B04B1C7003F06DFEAF4960
:1058D400AF4AB04B086014701C60BDEC088BBDE887
:1058E400F081AD4913680A689B1AB3F5486FE9D390
:1058F400AA4FD7ED007AF5EEC07AF1EE10FA00F176
:10590400B580B7EE007AF4EEC77AF1EE10FA00F340
:10591400F08167EEA77A9FEDA26A9FEDA27ADFED90
:10592400A26AA7EE867AA14AA14BC6EE877AFCEE5C
:10593400E77A17EE908A904528BF9046984538BF7D
:105944009846914B1A78002A00F09780914E33685C
:10595400002B00F047818D4C8D4D9FED9BAADFED10
:105964009B9A9FED9B9ADFED93AA0DE013444FF6AB
:105974000F00236005F0A2F805F0A8F82B78013396
:10598400DBB2172B2B7007D803F00EFE22683368A6
:10599400801A8342EAD9A0E7B0EE698A97ED057AC6
:1059A400D7ED037A0023A7EE0A8A2B70A7EE898A23
:1059B400B5EEC08AF1EE10FA00F18181DFED857A4F
:1059C400B4EE678AF1EE10FA37FE888A42F210715B
:1059D400002003F01DFB07EE900A9FED7FBAF0EE66
:1059E400006AB8EEE77A6421FFEE007A0020F7EE51
:1059F400008A87EE0B6AE6EE267AE7EE888A03F0E1
:105A040007FBB3EE067AF2EE007AE8EE077AFDEED3
:105A1400E77A17EE903A9842C0F257819FED6F7A79
:105A240007EE908AF4EEC78AF8EEE77AF1EE10FA00
:105A340000F142819FED6A7AF4EE478AF1EE10FAA2
:105A440077FE288A67EEA87A5B4AFCEEE77A17EEBF
:105A5400903A934240F22D81584A934200F24C818D
:105A6400574AA2FB03231B0933608DE7464BDFF83B
:105A740054811A78002A7FF469AF01249FED538A78
:105A84001C7003F091FD97ED056ADFED4F6A97ED09
:105A9400037AA6EE268ADFED4E7A3C4A3C4B106030
:105AA4001C70A7EE278AB5EEC08AF1EE10FA00F159
:105AB4004581DFED487AB4EE678AF1EE10FA37FEDD
:105AC400888A42F21071002003F0A2FA07EE900ACD
:105AD4009FED419AF0EE006AB8EEE77A6421FFEE9A
:105AE400007A0020F7EE008A87EE096AE6EE267A4D
:105AF400E7EE888A03F08CFAB3EE067AF2EE007AC7
:105B0400E8EE077AFDEEE77A17EE903A9842C0F293
:105B140018819FED327A07EE908AF4EEC78AF8EE88
:105B2400E77AF1EE10FA00F106819FED2D7AF4EE9A
:105B3400478AF1EE10FA77FE288A67EEA87A1E4AA1
:105B4400FCEEE77A17EE903A934240F2F1801B4A5A
:105B5400934200F20C811A4AA2FB03231B090D4A4B
:105B64004FF60F20136004F0A9FF4FF60F0004F066
:105B7400A5FFBDEC088BBDE8F04104F0A7BF00BF52
:105B84007865002068640020836700205C6400203E
:105B94008267002058640020F4630020BC140020B5
:105BA40000004C4300001042C0E1644C80A2190084
:105BB400C04B030000000000BF4B030097A2190074
:105BC400ABAAAAAA6A6E19008FC2F53E8FC2F53D30
:105BD4000AD7233E14AE473F00401C46713D0A3F9E
:105BE400F628DC3F97ED056A5FED096A1FED098A27
:105BF40097ED037AA6EE268A5FED0B7AA7EE278A45
:105C0400B5EEC08AF1EE10FA5CD45FED0E7AB4EE14
:105C1400678AF1EE10FA37FE888A42F2107100208A
:105C240003F0F6F907EE900A1FED159AF0EE006AFC
:105C3400B8EEE77A6421FFEE007A0020F7EE008ADE
:105C440087EE096AE6EE267AE7EE888A03F0E0F941
:105C5400B3EE067AF2EE007AE8EE077AFDEEE77A22
:105C640017EE903A98424FDB1FED247A07EE908AA4
:105C7400F4EEC78AF8EEE77AF1EE10FA41D41FED9C
:105C8400287AF4EE478AF1EE10FA77FE288A67EE56
:105C9400A87A384AFCEEE77A17EE903A93422DD967
:105CA400354A934261D8354AA2FB03231B0933606A
:105CB40051E642F22833D7E6F0EE478AC2E6B0EE68
:105CC4006A8A83E69FED2E8AA7E742F210710020CC
:105CD40003F09EF907EE900ADFED2A6AB8EEE77A40
:105CE400DFED297A87EE0B6AE6EE267A68EEA78A5C
:105CF40094E6DFF89C8024E6244BB5E642F2283390
:105D0400D5E7F0EE478AC2E742F21071002003F0B3
:105D14007FF907EE100ADFED1B6AB8EEC77ADFEDF4
:105D24001A7A87EE096AE6EE267A68EEA78A9BE776
:105D340042F2283313E7F0EE478AFEE69FED108A1D
:105D4400BFE642F21071002003F062F907EE100A78
:105D5400DFED0C6AB8EEC77ADFED0B7A87EE096ADD
:105D6400E6EE267A68EEA78AD3E6084B9FE7074B50
:105D7400F5E600BFBF4B030097A21900ABAAAAAA7D
:105D84000000000085EB513FC3F5283F701101006E
:105D940090D0030070B542F2107104460020B94E51
:105DA400B94D2DED088B03F033F907EE900A9FED02
:105DB400B78A42F21071F8EEE77A9FEDB59A9FED3B
:105DC400B5BA0020DFEDB4AA87EE887ADFEDB39A86
:105DD4009FEDB3AADFEDB38AF0EE497AE7EE0B7AD2
:105DE400C6ED007A03F014F907EE900A42F210713E
:105DF4000020F8EEE77A87EE887AF0EE497AE7EE4B
:105E04000B7AC6ED017A03F003F907EE900A42F229
:105E140010710020F8EEE77A87EE887AF0EE497A7E
:105E2400E7EE2A7AC6ED027A03F0F2F807EE900A5A
:105E340042F210710020F8EEE77A87EE887AA7EE36
:105E44002A9A86ED039A03F0E3F807EE100ADFEDD1
:105E5400966A42F21071B8EEC77ADFED947A0020A8
:105E640087EE086AE6EE267AC6ED047A03F0D0F8E7
:105E740007EE100ADFED8E6A42F21071B8EEC77AAF
:105E8400DFED8C7A002087EE086AE6EE267AC6ED0E
:105E9400057A03F0BDF807EE900A42F21071002073
:105EA400F8EEE77A87EE887AF0EE697AE7EE0A7A16
:105EB400C5ED007A03F0ACF807EE900A42F21071D7
:105EC4000020F8EEE77A87EE887AE7EE0A9AC5EDC5
:105ED400019A03F09DF807EE900A9FED777A42F25B
:105EE4001071F8EEE77A0020C7EE886AF0EE687A5F
:105EF400E6EE877AC5ED027A03F08AF807EE900A97
:105F04009FED6E7A42F21071F8EEE77A0020C7EE48
:105F1400886AF0EE687AE6EE877AC5ED037A03F0D4
:105F240077F807EE900A42F210710020B8EEE77A93
:105F3400C7EE087A77EEA87AC5ED047A03F068F81C
:105F440007EE100ADFED5E6AB8EEC77ADFED5D7A20
:105F540087EE086AE6EE267AC5ED057A002C40F055
:105F6400CD80594B4FF00132584E1A609A80584DEB
:105F74000FCE0FC596E8030085E80300FF2101203A
:105F840003F046F84FF0E023C0B240225149C3F871
:105F9400882100EB001291F8CC305B3A91F8CD5097
:105FA4005A40C0EBC003D2B200EB830381F8CC208B
:105FB400013A5A33D2B26B40FD2ADBB281F8CD30BC
:105FC40003D980F0B60281F8CC20013BDBB2FD2B73
:105FD40004D9430083F0690381F8CD30D1ED2D7AE3
:105FE40005EE900ADFED3C6A10F0010FF8EEE55A79
:105FF40091ED2C7A77EEA67A9FED386A9FED385AA8
:1060040037EE067ADFED374AE5EE857AD1ED2E6A72
:106014009FED355A9FED356AA5EEA47AFFEE005A3E
:1060240005FE066A76EE866ABBFE676A77EEC67A76
:10603400F4EEE56ABBFE475A37EE457AC1ED2D7A98
:10604400F1EE10FA81ED2C7A18D4F7EE007AF4EE22
:10605400676AF1EE10FA77FEA66A254B4FF0E0204E
:10606400244A40250134C0F8085114701A68224BA0
:10607400C1ED2E6A1A60BDEC088B70BDF0EE656A46
:10608400EBE700BFA4140020BC14002000401C4611
:106094000AD7233D1E856B3FD7A3703F0AD7A33C85
:1060A40090C2753F000000003433733F8FC2F53C4B
:1060B4006766663F0AD7A33D1F856B3F48E17A3F79
:1060C4006666663FCDCCCC3DC8640020E864002001
:1060D400D06400205822002083C08A3E8B6CE73DA8
:1060E4000AD7A33BA69B443B713D8ABE52B89E3E51
:1060F40078650020866700206064002042F21071F9
:10610400002002F085FF07EE900A42F21071002091
:10611400B8EEE77AC7EE087A77EEA87AC6ED007A89
:1061240002F076FF07EE900A42F210710020B8EEFA
:10613400E77AC7EE087A77EEA87AC6ED017A02F01C
:1061440067FF07EE900A42F210710020B8EEE77A7A
:10615400C7EE087A77EEA87AC6ED027A02F058FF05
:1061640007EE900A42F210710020B8EEE77AC7EE0B
:10617400087A77EEA87AC6ED037A02F049FF07EEB3
:10618400900A42F210710020B8EEE77AC7EE087A5E
:1061940077EEA87AC6ED047A02F03AFF07EE900A89
:1061A40042F210710020B8EEE77AC7EE087A77EE73
:1061B400A87AC6ED057A02F02BFF07EE100A42F228
:1061C40010710020B8EEC77AC7EE087A77EEA87A85
:1061D400C5ED007A02F01CFF07EE100A42F21071BE
:1061E4000020B8EEC77AC7EE087A77EEA87AC5ED34
:1061F400017A02F00DFF07EE100A42F2107100203E
:10620400B8EEC77AC7EE087A77EEA87AC5ED027AB7
:1062140002F0FEFE07EE100A42F210710020B8EE02
:10622400C77AC7EE087A77EEA87AC5ED037A02F04A
:10623400EFFE07EE100A42F210710020B8EEC77AA2
:10624400C7EE087A77EEA87AC5ED047A02F0E0FE8C
:1062540007EE900AB8EEE77AC7EE087A77EEA87AE6
:10626400C5ED057A7DE600BF38B5FF210120F14C6C
:1062740040252DED028B02F0CBFE94F8CC30C0B259
:106284004FF0E02100EB0012C1F8885194F8CD10D2
:106294005B3A5A40C0EBC003D2B200EB830384F8EC
:1062A400CC20013A5A33D2B24B40FD2ADBB284F8F7
:1062B400CD3003D980F0B60284F8CC20013BDBB2A8
:1062C400FD2B04D9430083F0690384F8CD30D4ED69
:1062D4002D7A05EE900ADFEDD86A10F0010FF8EE82
:1062E400E55A94ED2C7A77EEA67A9FEDD46A9FED69
:1062F400D45A37EE067ADFEDD34AE5EE857AD4ED4B
:106304002E6A9FEDD15A9FEDD16AA5EEA47AFFEED5
:10631400005A05FE066A76EE866ABBFE676A77EE69
:10632400C67AF4EEE56ABBFE475A37EE457AC4ED09
:106334002D7AF1EE10FA84ED2C7A00F1D781F7EE84
:10634400007AF4EE676AF1EE10FA77FEA66A4FF06F
:10635400E0234022BE4D42F21071C3F80821002010
:1063640095ED028AC4ED2E6A02F052FE07EE900A01
:106374009FEDB85A9FEDB86AB8EEE77ADFEDB77AC9
:10638400DFEDB76AC7EE055AE5EE867A78EE277A2E
:10639400F4EEE67AF1EE10FA00F1BD819FEDB17AE8
:1063A400F4EE477AF1EE10FA77FE277AC5ED027A19
:1063B40042F21071002095ED038A02F029FE07EEE7
:1063C400900A9FEDA45AB8EEE77A9FEDA36ADFED39
:1063D400A67ADFEDA36AC7EE055AE5EE867A78EE73
:1063E400277AF4EEE67AF1EE10FA00F191819FED4E
:1063F4009D7AF4EE477AF1EE10FA77FE277A9FED54
:106404009B7A42F2107195ED048A0020C5ED037A5F
:10641400B4EEC78AF1EE10FA28FE078A02F0F8FDFE
:1064240007EE100A9FED8B5A9FED916AB8EEC77A7A
:10643400DFED907ADFED906AC7EE055AE5EE867AD5
:1064440078EE277AF4EEE67AF1EE10FA00F15D8147
:106454009FED8A7AF4EE477AF1EE10FA77FE277A06
:106464009FED877A42F2107195ED058A0020C5ED03
:10647400047AB4EEC78AF1EE10FA28FE078A02F015
:10648400C7FD07EE100A9FED735A9FED7E6AB8EEC2
:10649400C77ADFED7D7ADFED7D6AC7EE055AE5EE5A
:1064A400867A78EE277AF4EEE67AF1EE10FA00F1C5
:1064B40029819FED777AF4EE477AF1EE10FA77FEB0
:1064C400277A744C42F210719FED737A002094ED98
:1064D400028AC5ED057AB4EEC78AF1EE10FA28FEF9
:1064E400078A02F095FD07EE100A9FED5A5A9FEDB8
:1064F4006B6AB8EEC77ADFED6A7ADFED6A6AC7EED7
:10650400055AE5EE867A78EE277AF4EEE67AF1EE2D
:1065140010FA00F1F4809FED647AF4EE477AF1EE1C
:1065240010FA77FE277A9FED5C7A42F2107194EDAF
:10653400038A0020C4ED027AB4EEC78AF1EE10FAA1
:1065440028FE078A02F064FD07EE100A9FED415A07
:106554009FED526AB8EEC77ADFED517ADFED516AEA
:10656400C7EE055AE5EE867A78EE277AF4EEE67AF7
:10657400F1EE10FA00F1C0809FED4C7AF4EE477A08
:10658400F1EE10FA77FE277A9FED407A42F210710D
:1065940094ED058A0020C4ED037AB4EEC78AF1EEC7
:1065A40010FA28FE078A02F033FD07EE100A9FED69
:1065B400295A9FED3F6AB8EEC77ADFED397ADFEDED
:1065C4003D6AC7EE055AE5EE867A78EE277AF4EE50
:1065D400E67AF1EE10FA00F18C809FED347AF4EE55
:1065E400477AF1EE10FA77FE277A3349DFED274A2E
:1065F40091ED006A314AB4EEE46A314BD2ED006A9F
:1066040093ED007AF1EE10FADFED2E5AF4EEE46A1F
:106614002D482E4D26FE246AC4ED057AF1EE10FABB
:106624004FF00104B4EEE57A81ED006A2C7066FE49
:10663400A46A4DE05822002083C08A3E8B6CE73D5B
:106644000AD7A33BA69B443B713D8ABE52B89E3EEB
:10665400A414002000401C46295C8F3D8FC2F5BC69
:106664000AD7A33DEC51783F0AD723BDCDCC4C3E8D
:10667400CCCC4C3D0AD7A3BC0AD7233E3333733F5B
:10668400AE47613EEB51383D8FC275BCEC51383E8C
:1066940048E17A3FBC140020CDCCCC3D90C2753D7E
:1066A400CDCCCCBC0AD7233D1F856B3F8FC2753F31
:1066B400B81E853D295C0F3EF8630020E863002086
:1066C400486400208FC2F53D78650020866700206D
:1066D4000468F1EE10FA1148C2ED006A046027FE66
:1066E400257A83ED007ABDEC028B38BDF0EE656A45
:1066F4002DE6F0EE667A78E7F0EE667A44E7F0EE9F
:10670400667A10E7F0EE667ADBE6F0EE667AA7E6E4
:10671400F0EE667A73E6F0EE667A47E6606400208F
:1067240038B502F041FF1730524C4FF0E021C2B2AD
:10673400402594F8CC30C1F8885102EB021194F84A
:10674400CD005B395940C2EBC203C9B202EB8303EB
:1067540084F8CC1001395A33C9B24340FD29DBB265
:1067640084F8CD3003D982F0B60184F8CC10013B13
:10677400DBB2FD2B04D9530083F0690384F8CD30D8
:10678400D4ED2D7A05EE902ADFED3B6A12F0010F6D
:10679400F8EEE55A94ED2C7A77EEA67A9FED376AF7
:1067A4009FED375A37EE067ADFED364AE5EE857A05
:1067B400D4ED2E6A9FED345A9FED346AA5EEA47A87
:1067C400FFEE005A05FE066A76EE866ABBFE676A2D
:1067D40077EEC67AF4EEE56ABBFE475A37EE457AA1
:1067E400C4ED2D7AF1EE10FA84ED2C7A3ED4F7EE56
:1067F400007AF4EE676AF1EE10FA77FEA66A24498D
:106804004FF0E023DFED234A402091ED006A224A55
:10681400B4EEE46A9FED215A92ED007AC3F80801C0
:106824001F4BF1EE10FAB4EEC57ADFED1E5AD3ED2C
:10683400007A26FE246A1C48F1EE10FA1B4DF4EE91
:10684400E57AC4ED2E6A4FF0010481ED006A27FE5B
:10685400057A82ED007AF1EE10FA2C70046814487F
:1068640067FEA57AC3ED007A046038BDF0EE656A70
:10687400C5E700BF5822002083C08A3E8B6CE73DE9
:106884000AD7A33BA69B443B713D8ABE52B89E3EA9
:10689400F8630020CDCCCC3DE86300200AD7A33DAB
:1068A400486400208FC2753D78650020866700200B
:1068B40060640020F8B52B4B2B4A1B78D2ED327A5A
:1068C400BBB12A4A9FED2A7AD2ED006AF4EEC76A78
:1068D400F1EE10FA34DD9FED277AF4EEC77AF1EE8B
:1068E40010FA2DDC012B40F2145208BF4FF4D2727F
:1068F40008E09FED207AF4EEC77AF1EE10FA1FDC7F
:1069040040F214521C4C1D4D236829685B1A9A42AC
:1069140015D21B4E236832689B1AB3F52F7F0ED90C
:10692400184F3B780133DBB20B2B3B7013D8042B8D
:106934000ED8FFF7F5FE226823682A603360F8BD9D
:106944000D4A00200D4B0F49126808701A60F8BDFB
:10695400FFF78AFCEFE70020FFF71CFA00233B70E7
:10696400E9E700BF8A67002058220020C0650020A4
:10697400EC51383E6F12033C7865002028640020F7
:1069840050670020A067002070B50446082002F07C
:106994005FFE2F4AB0FA80F3014615785B099D42E9
:1069A40047D02C4D137028682B4A10602A68121A9D
:1069B400162A15D9294E32789A420FD033700029FD
:1069C4003BD0274B1B7853B92046FFF7E3F9254A00
:1069D4004FF0FF313378C2E90011916023B970BDE3
:1069E4001E4B1B78002BFAD03CB11F4A116842F2AF
:1069F40010722B685B1A934227D8194B1A78002A15
:106A0400EDD1194A296812688A1AB2F5E16FE6D9FC
:106A1400164A29681078002815BF00240124042090
:106A2400032014700124124A1C70124B1070196058
:106A340070BD094A074D1068B8E72B680A4A13600D
:106A4400074B1970002CD1D1DCE706F075FB00BFB1
:106A540084670020786500202C6400208167002072
:106A64008067002098140020306400208A6700208A
:106A74008667002060640020094A0A4B92ED000AF0
:106A840003F13C011A7B3AB1D3ED027AB4EEE70A82
:106A9400F1EE10FA20FE270A14338B42F2D170472C
:106AA400EC6300208065002010B56822EF4904469D
:106AB4002DED108B8CB002F0A1FEED4B1B78002B5A
:106AC40000F02B84EB4AB3EE085A9FEDEB4ABFEE7D
:106AD400007A1278E94B06EE102ADFEDE97AD3ED5D
:106AE400004AB8EE466AE74B64EEA77ADFEDE66A41
:106AF400D3ED005A36EE446AE44BF4EEE57AD3ED76
:106B0400001AC6EE052AF1EE10FA36EE266A88BFA0
:106B1400F0EE675AF4EEC72AF1EE10FA00F173852D
:106B2400F7EE007AF4EEE72AF1EE10FA00F3EA85C4
:106B3400B3EE02CA9FEDD67AF2EE0ECADFEDD57A35
:106B440022EE877A22EE8CCA62EEACCA62EEA72AE3
:106B54008DED017AD04AB1EE047AD04BB2EE0C4AF4
:106B640092ED002AB1EE005AD3ED003AF1EE0C6A30
:106B740062EE077ACA4B1A78E3EE847AE5EE877AF6
:106B8400E4EE857AE1EEA67A37EE866A002A40F0D2
:106B9400EE83C44BDFEDEA6AD3ED00BA9FEDC27A0F
:106BA400B0EE6B3ADFEDC17AA5EEA63AA4EE873AD1
:106BB400A1EEA73AB5EEC03AF1EE10FA00F15B850A
:106BC400F7EE007AB3EE02DAB4EEE73AF1EE10FA39
:106BD40000F3DC85DFEDAE7A23EE0DDADFEDB40AE7
:106BE40063EE277A9FEDB37A63EE200A23EE077AE9
:106BF400CDED037ADFEDB07A8DED027A23EE273AFC
:106C040093ED01BADFEDAD7AB0EE4B7AA5EEA77A3B
:106C1400DFEDBC7AA4EEA77ADFEDC67AA1EEA77AFF
:106C2400B5EEC07AF1EE10FA00F11985F7EE007AAC
:106C3400B4EEE77AF1EE10FA00F39885DFED9E7A70
:106C4400DFED9FEA67EE277A9FED9EFA67EE2EEA64
:106C540027EE0FFACDED047ADFED9B7A67EE277A03
:106C6400CDED057ADFED997A27EE277AD3ED02AAE6
:106C7400DFED977AB0EE6A4AA5EEA74ADFED957A82
:106C8400A4EEA74ADFED947AA1EEA74AB5EEC04A76
:106C9400F1EE10FA00F1C384F7EE007AB4EEE74A9D
:106CA400F1EE10FA00F33A85DFEDA77AB3EE08EAC5
:106CB4009FED755A64EE277ADFED99DA24EE0EEA39
:106CC4008DED0B5A64EE2DDA8DED0A5ACDED067A70
:106CD400B0EE45AADFED6E7AF0EE459AB0EE451AB5
:106CE40064EE277AB0EE459AF0EE458ACDED077A48
:106CF400DFED707A64EE277ACDED087ADFED727AF3
:106D040064EE277ACDED097ADFED747A24EE274A12
:106D1400734BB3EE028A9FED730AD3ED00FADFEDF5
:106D2400726AEFEE806A93ED020ADFED70FA76EE96
:106D3400867ABAEE006AF8EE006A77EEA07ADFEDA2
:106D44006C0AA0EE206AD3ED030AE5EE887AE0EE41
:106D5400AF6AF2EE08FAE4EEAF7AF3EE08FAE3EE85
:106D6400EF6ADFED64FAA3EEAF6AC4ED007AF3EEE6
:106D74000FFA77EEEF7AF2EE02FAA2EE2F6A36EE0F
:106D84002D6A36EE286AF2EE0A8AE2EE286ADFED10
:106D94005A8A76EECE6A76EE896AB3EE069AE5EE04
:106DA400C86A93ED018AA5EE896AE8EE287AF2EEC4
:106DB400048AB3EE009AA4EE896AE3EEE87A36EE2A
:106DC4000C6A77EECD7A84ED026AE5EEC97AE4EED8
:106DD400E87AC4ED017AF2EE0C7AE4EEE76ADFEDCC
:106DE400477A76EEEC6AC4ED036ADFED526AE8EEA8
:106DF400267A77EEAE7AF5EEC07AF1EE10FA00F16B
:106E04006C83F7EE006AF4EE667AF1EE10FA76FE21
:106E1400A77AD3ED046A9FED3B6AC4ED047ADFEDF3
:106E24001D7AE6EE867A77EE8F7AF5EEC07AF1EE89
:106E340010FA00F15883B7EE006AF4EE467AF1EEE8
:106E440010FA76FE277A9FED316AC4ED057ADFEDFC
:106E54002E7AE6EE867A9DED026A77EE867A77EEF2
:106E6400817AF5EEC07AF1EE10FA71E0F0040020B8
:106E740089670020EF14002000007042486400205D
:106E8400EC51383FE86300200000000078640020E3
:106E9400EC51383E8FC2F53D74640020F863002045
:106EA4008A6700204C2200205C8FC23E3D0AD73EF8
:106EB400000000428FC2753ECDCC4C3E1F856B3F17
:106EC4000AD7A33EB81E853E000050426666E63EE1
:106ED40085EB513FB81E053F52B81E3F295C8F3EDB
:106EE400A41400200000EC42000008C20000F44298
:106EF4000000E8420000084200009442CDCCCC3DA2
:106F04007B142E3FA4703D3F0AD7A33D3333333F58
:106F1400EC51383FCDCC4C3D0000AC420000004366
:106F2400000018420000584200002842000020429D
:106F3400CDCC4C4014AE473FEC51383E0AD7233EEB
:106F4400CDCC0C3F8FC2F53DAE47613E3333B33EEB
:106F540000F1C682B7EE006AF4EE467AF1EE10FA5A
:106F640076FE277A1FED1A6AC4ED067A5FED1A7A67
:106F7400E8EE067A9DED046A77EE867A77EEA97AD2
:106F8400F5EEC07AF1EE10FA00F1B982B7EE006ABC
:106F9400F4EE467AF1EE10FA76FE277A1FED276AB0
:106FA400C4ED077A5FED287AE0EE067A9DED066A75
:106FB40077EE867AF5EEC07AF1EE10FA00F19C8253
:106FC400B7EE006AF4EE467AF1EE10FA76FE277A0E
:106FD4001FED326AC4ED087A5FED267AE0EE867A18
:106FE4009DED076A77EE867AF5EEC07AF1EE10FA37
:106FF40000F17F82B7EE006AF4EE467AF1EE10FA01
:1070040076FE277A1FED3E6AC4ED097A5FED3F7A7A
:10701400E6EE867A1FED386AE3EE867A9DED086A1D
:1070240077EE867A77EE817AF5EEC07AF1EE10FA91
:1070340000F15C82B7EE006AF4EE467AF1EE10FAE3
:1070440076FE277A36EE877AC4ED0A7ADDED037A86
:10705400F1EE000A1FED500AB3EE0C6A37EE677AC0
:10706400D3ED057AB0EE601A27EEA78AA8EE001ACF
:107074001FED560AA6EE806A1FED570AA2EE001A0B
:107084009DED090A31EE001A1FED5A0AA3EE806A3B
:107094009DED050A31EE0A1A36EE006A9DED0A0AE4
:1070A40036EE006AB3EE000AE7EE800A1FED5E0AD0
:1070B400A4EE807A9DED010A37EE007A1FED660A90
:1070C400A5EE801AB5EEC07AF1EE10FA84ED0B1A33
:1070D4001FED6A1AA5EE816A84ED0C6A1FED6C6AD5
:1070E400E5EE860AC4ED0D0A00F15F82B7EE006A90
:1070F400B4EE467AF1EE10FA36FE077A1FED736AA3
:1071040084ED0E7A1FED747AA6EE867A9DED0B6AF5
:107114005FED766A37EE037A37EE067AA4EEA67A46
:10712400B5EEC07AF1EE10FA00F13C82F7EE006A97
:10713400B4EE667AF1EE10FA36FE877A1FED806AB5
:107144005FED806A67EE867A84ED0F7A1FED826ABE
:1071540037EEA67AA3EE867AA2EE267A37EE047A82
:1071640037EE057AA4EEA67AB5EEC07AF1EE10FAFF
:1071740000F11582F7EE006AB4EE667AF1EE10FAC9
:1071840036FE877A1FED8F6AE44B77EE867ADFED61
:10719400E46A93ED056A84ED107AE6EE267AF5EE5C
:1071A400C07AF1EE10FA00F1F781B7EE007AF4EE4E
:1071B400477AF1EE10FA77FE277A9FEDDA5A93EDCB
:1071C400007ADFEDD96AABEE857AC4ED117AA5EECB
:1071D400A67AB5EEC07AF1EE10FA00F19C81F7EED2
:1071E400007AB4EE677AF1EE10FA37FE877A9FEDF3
:1071F400CF5AD3ED016ADFEDCA7AEBEE056A84ED6E
:10720400127AE1EEA76AF5EEC06AF1EE10FA00F127
:107214007F81F7EE007AF4EE676AF1EE10FA77FEFA
:10722400A66ADFEDC37A93ED027AC249AAEEA77A81
:107234009FEDC15AD1ED007AC4ED136AA7EE857AA9
:10724400B5EEC07AF1EE10FA00F15F81F7EE006A54
:10725400B4EE667AF1EE10FA36FE877A9FEDB74AFD
:10726400D3ED036A9FEDB65AE5EE846A84ED147A91
:10727400E4EE856AF5EEC06AF1EE10FA00F142819F
:10728400B7EE007AF4EE476AF1EE10FA77FE266A5A
:1072940093ED047ADFEDAB5A32EE877AC4ED156ACA
:1072A400A7EEA57AB5EEC07AF1EE10FA00F1C3802C
:1072B400F7EE007AB4EE677AF1EE10FA37FE877AC9
:1072C400F0EE467ADFED985ADFED9F6A84ED167A88
:1072D400E3EEA57AE4EEA67AF5EEC07AF1EE10FAC2
:1072E40000F1A680B7EE007AF4EE477AF1EE10FAD8
:1072F40077FE277A012AC4ED177A0CBF01230023F5
:1073040084F8643000F09A804FF07E528F4B204610
:107314001A600CB0BDEC108B10BD8D49DFED8D7A79
:10732400D1ED004A8C4A64EEA77A8C4BD2ED005A18
:10733400D3ED001AF4EEE57ADFED962AF1EE10FAB9
:1073440009D8F0EE62CACDED012AB0EE62CAB0EE01
:10735400626AFFF7FFBBF0EE675ACDED012AF0EE4B
:1073640062CAB0EE62CAB0EE626AFFF7F3BB012AEA
:1073740040F08D817A49F3EE048A9FED7A7AB3EE78
:10738400009A91ED005A784B25EE075AD3ED007A16
:10739400764BB4EEE75AF1EE10FA40F20D81DFEDD0
:1073A400747A65EE288A9FED5F1A25EE099A65EED8
:1073B400277ADFED709A9FED70AA25EE011A65EE2B
:1073C400299AD3ED00BACDED0A7A25EE0AAADFEDAB
:1073D4006B7A93ED01BA65EE277AD3ED02AA9FED9D
:1073E4006D4ACDED0B7ADFED667A25EE275A8DEDE9
:1073F400034AB0EE443A8DED054AB0EE447A8DED81
:10740400094AB0EE44FA8DED084AF0EE44EA8DEDF7
:10741400074AB0EE44EA8DED064AF0EE44DA8DED0B
:10742400044AB0EE44DA8DED024AF0EE440A6FE409
:10743400DFED587A5EE79FED577A41E7FFF71CFBD3
:10744400504B1B78002B40F0B380DFED525A4E496D
:107454002046454AD1ED007A9FED3E5AB4EE670AC4
:10746400D2ED006A394B66EE856A9FED486AF1EE0B
:1074740010FA93ED007ADFED2C4A9FED455A60FE39
:10748400277AF4EEE75AF1EE10FA88BFF0EE657A47
:10749400F4EEE76AF1EE10FA88BFF0EE667AB4EE25
:1074A400E77A77EEC77AF1EE10FA54BFF0EE646A29
:1074B400F0EE466AA7EEA67AB4EEC57A83ED007ABA
:1074C40084ED187AF1EE10FA4CBF0123002384F8FE
:1074D40065300CB0BDEC108B10BDDFED2E7A98E456
:1074E400DFED2C7A3EE5DFED2B7AACE4DFED297A93
:1074F400A8E5DFED287A85E5DFED267A68E5DFED9E
:10750400257A4BE5DFED236AC2E69FED227AA5E6F4
:10751400DFED206A85E69FED1F7A68E6BC14002043
:10752400CDCCCC3DEC51383E295C0F3D0AD7233EEF
:107534008FC2F53DF0630020CDCCCC3CAE47613D1D
:10754400EC51383D0AD7233D8FC2F53CC06500207D
:1075540048640020EC51383FE86300207864002040
:10756400EC6300207B142E3FC46500204C220020D5
:1075740000003042295C0F3E000078428FC2753E05
:10758400AE47613E886700204C6400206666E63E94
:107594006F12033B000000005FED027A0DE61FED61
:1075A400037AEFE51FED057AC8E51FED067AA5E538
:1075B4007D4BD3ED005A4AE79FED7C7A67EEA88AAB
:1075C4009FED7B1A27EE899A27EE877ADFED799A69
:1075D4009FED79AA27EE811A67EEA99AD3ED00BA36
:1075E4008DED0A7A27EE8AAA9FED747A93ED01BA9B
:1075F40027EE877AD3ED02AA9FED714A9FED715A67
:107604008DED0B7AF1E6DFED707AFAEE0ECABBEE81
:1076140002CADFED6E2ACDED017AFFF79BBA9FED2A
:10762400685AB0EE454A8DED0B5AB0EE45AA8DED81
:107634000A5AF0EE459A8DED095AB0EE451A8DEDD1
:10764400085AB0EE459A8DED075AB0EE45EA8DED35
:10765400065AF0EE458AF0EE45DAFFF759BB9FED86
:10766400587AB0EE47FA8DED057AF0EE47EA8DEDE3
:10767400047AFFF7FBBA9FED523AB0EE43DA8DED90
:10768400033AF0EE430A8DED023AFFF7B9BA9FEDE3
:107694004C5A4F4BB0EE454A8DED0B5AB0EE453A7D
:1076A400D3ED00BAB0EE457A93ED01BAB0EE45AA37
:1076B400D3ED02AAF0EE459A8DED035AB0EE451AC9
:1076C4008DED0A5AB0EE45FA8DED055AF0EE45EA15
:1076D4008DED095AB0EE459A8DED085AB0EE45EAA3
:1076E4008DED075AF0EE458A8DED065AF0EE45DA37
:1076F4008DED045AB0EE45DA8DED025AF0EE450AEE
:10770400FFF706BBDFED2A7AF2EE0ECAB3EE02CA29
:10771400DFED302ACDED017AFFF71CBADFED2E7ACA
:10772400B3EE08EA9FED265ACDED097ADFED237A10
:10773400B0EE45AAF0EE459A9FED284ACDED087AC1
:10774400B0EE451ADFED1A7AB0EE459AF0EE458AAE
:10775400DFED23DACDED077ADFED1A7A8DED0B5AE2
:107764008DED0A5ACDED067AFFF7D2BADFED1A7A1B
:107774009FED1C7ACDED057ADFED1B7A9FED1BFAA8
:10778400DFED1BEACDED047AFFF770BADFED087A7E
:107794009FED153ACDED037ADFED087ADFED150A9A
:1077A400CDED027AFFF72CBA6C6400200000304261
:1077B400EC51383E295C0F3E000078428FC2753E82
:1077C40000000000AE47613EEC5138BE8FC2F5BDEB
:1077D4004C2200208FC2F53D00005042295C8F3EB0
:1077E400000018426666E63ECDCC4C3EB81E853E8F
:1077F4000AD7A33E000000424149424A0B68106880
:107804001B1A032B7BD940489FED407A90ED006A08
:10781400DFED3F7A3F4B26EE076A09681B7830B4E8
:107824003D4C1160D4ED005A80ED006A65EEA75A14
:10783400C4ED005A002B5BD0384B9FED395A394ABE
:10784400DFED396AD3ED007A92ED007A374D67EEB9
:10785400857ADFED374A27EE057A364995ED005AE9
:10786400B4EEE46A9FED304A66EE856A91ED005A03
:10787400F1EE10FAC3ED007A25EE045A82ED007A97
:10788400C5ED006A81ED005A03D54FF0000CC0F835
:1078940000C09FED276AF4EEC65AF1EE10FA01D546
:1078A400002020609FED226AF4EEC67AF1EE10FA11
:1078B40001D500201860DFED1E7AB4EEE77AF1EE10
:1078C40010FA01D500231360DFED197AF4EEE76AAC
:1078D400F1EE10FA01D500232B60DFED157AB4EE3A
:1078E400E75AF1EE10FA01D500230B6030BC704763
:1078F4000A4B9FED115A0B4ADFED106AA2E770475D
:107904007865002054640020F8630020F6287C3F4A
:10791400A4707D3F8A67002074640020786400208E
:10792400D7A3703FE86300206666663F4864002082
:107934006F12833AEC630020355E7A3FE17A743F3C
:10794400F0B5022101207C4C7C4E7D4D2DED028B47
:107954009BB0B7EE008A01F08DFE02210820DFED16
:10796400798A01F087FE00210A2001F083FE01F0EC
:107974001BFE754B0322754918600A2001F0B4FE02
:107984000121022001F076FE0121032001F072FEA4
:107994000121042001F06EFE0121052001F06AFEA0
:1079A4000121062001F066FE0121092001F062FE9A
:1079B4000C2001F0B9FB012001F0E6FB082002F0E5
:1079C40031F90E2001F058FB074601F0EDFD80EA85
:1079D4000740671D01F016FB4FF0FF315C4800F0D3
:1079E400E5FE4FF0FF315B4800F0E0FE5A484FF0EF
:1079F400FF3100F0DBFE0E200DE0F4EE487AF1EEEC
:107A040010FA78FE277ABC42E6EC017AE5EC017ABA
:107A140018D014F8010F01F02FFB07EE900AB8EE0E
:107A2400E77AC7EE287A78EE677AF5EEC07AF1EE57
:107A340010FAE2D5DFED497ABC42E6EC017AE5ECD6
:107A4400017AE6D1162001F017FB07EE900ADFED6C
:107A54003D6AB8EEE77AC7EE267AF5EEC07AF1EE23
:107A640010FA65D4B7EE007AF4EEC77AF1EE10FAA4
:107A74005ADC9FED3B7AF4EEC77AF1EE10FACCBFF4
:107A84000122002237483021374B4FF0E026374C93
:107A94004027C0ED007A3648C4ED007A00241A70FD
:107AA40005F042FB334B68463349A3F18005C5F822
:107AB400B010C3E90044C3E90244C3E90444C3E980
:107AC40006442E4BC5F8B43046F6B613A5F8CC30B0
:107AD4000023C5F8B830FEF7E7FF6822694605F1D0
:107AE4001800C6F8887101F089FE0220FF21C6F84B
:107AF400087101F079FF2146032001F075FF21464A
:107B0400042001F071FF2146052001F06DFF21469C
:107B1400062001F069FF142109201BB0BDEC028B83
:107B2400BDE8F04001F060BFF0EE477A0122A9E71A
:107B34000022DFED0A7AA5E7A0050020E864002012
:107B4400A414002000F07F45D06300202901000028
:107B54004C63002078630020A46300200000000030
:107B64008FC2F53CE46300207B670020F0630020B3
:107B740000002020D8220020AE47E13DAE47213F3F
:107B840070B501209AB001F063FDA0F10104FCF787
:107B94001FFF4FF0E025B4FA84F4FDF745F84026C2
:107BA40064092046FDF73AF9FDF7D4FBFCF750FDD4
:107BB400FDF73AFEFDF77AFEFCF75AFE2046FEF783
:107BC400E3FE6846FEF770FF682269460C48C5F874
:107BD400886101F013FEC5F80861FEF76BFEFFF73C
:107BE4000BFE084B084A1B6812689B1A0B2B05D91D
:107BF40020461AB0BDE87040FAF772B91AB070BDE9
:107C040070220020786500206464002070B517227B
:107C140082B00B219A4800F089FD00220B2199487B
:107C240000F084FD18220B21974800F07FFD97494E
:107C3400974B002297480C681A611A811860DA6021
:107C4400002C00F01981224611465269002AFBD10A
:107C54004B6191490025914A002619609049DA62E6
:107C6400996190495A634FF0824299638E49DA646C
:107C740059658E498E4A19628E49DA6359628E4972
:107C84008E4A99628E491A644FF07C5219638D4969
:107C94009A664FF07E5299648B488C49D8619A67F2
:107CA40046F6B61299658A488A495864D9653146B8
:107CB4005E609E725E611D651D665D66DD661D67A4
:107CC4005D67A3F87C60C3F88050C3F88450824891
:107CD400C3F88850C3F8CC204FF40052C3F88C503A
:107CE400C3F89050C3F89450C3F89850C3F89C500C
:107CF400C3F8A050C3F8A450C3F8A850C3F8AC50BC
:107D0400C3F8B050C3F8B450C3F8B850C3F8BC506B
:107D1400C3F8C050C3F8C450C3F8C85004F0D2FF2D
:107D24004FF4005231466D4804F0CCFF6C4A6D4B61
:107D34000221A2F8D060C2F8D450C2F8D850C2F8D8
:107D4400DC50C2F8E050C2F8E450C2F8E850C2F87F
:107D5400EC50C2F8F05003F118021E72DE609E610E
:107D64005972DE611A6122466469002CFBD15E49B6
:107D740053615C605C619C7219605A4800F03EFC7F
:107D84005A4800F0C5FE574B2246009440495748D4
:107D940000F032FF564A5749544803F067FB5648EF
:107DA40000F0B6FE0122554D4E4B00923849524820
:107DB40000F022FF4E4A4F494F4803F057FB504B07
:107DC400286800222E49186128689A6058622E4853
:107DD4009C81986228689C6198632868DA611A63B8
:107DE4001C84DC629C86474AC3E900144649086047
:107DF400296846482C6811600460454A2868296847
:107E0400204C11602968434A5C611160424B296827
:107E1400424A186011602B68414A2868136041493E
:107E24002A68414B08601A60286840492A68404B18
:107E340008601A6028683F4B2A683F491A602A681C
:107E44003E4B08601A6001F0AFFB2C683C4B2A687B
:107E54001C603C4B3C491A602A683C4B08601A6021
:107E640001F0A2FB3A4B2C6818603A492A683A4B55
:107E74000C601A6002B070BD1C460B60E9E600BFDE
:107E84004C63002078630020A4630020301E00208F
:107E940058220020C0050020CC050020E63F143FF6
:107EA400E17ACA411B9EBE3E5C8FC23E7B141642E1
:107EB4003CBD123F9A9991426519023FEEEB803E18
:107EC4000B24883E0000C842000078C13D0AD73E1A
:107ED4000000F8415C8F423F282300202843002003
:107EE4005862002008640020D80500209C6400200B
:107EF4006C0E00201D6F0000B06400207865002027
:107F04008065002064640020BC6500202C6400208F
:107F140050640020706400203064002070650020EC
:107F2400286400205067002054640020606400200E
:107F3400DC630020806400207C64002068640020EE
:107F4400D4630020E06300205C640020F46300201C
:107F540004640020D8630020C4640020AD4BAE4A02
:107F640018682DE9F04FAD4C91B019790894036865
:107F7400D17704F58062934209920ED2A84B1B7804
:107F8400002B00F0288109994FF0E023402208914A
:107F940001F580610991C3F80822A24B1968A24B2C
:107FA4000C911868A14B0D901A88A14B0A921C8859
:107FB4000B94002900F0DC81002800F04D819D4BDA
:107FC4009D4D1A4423449D4E01EB42029C4C00EB10
:107FD40043039C49D5F800B00E950392089D9A4A34
:107FE40002939A4B5768D6F800A0D3F80080D3F8D0
:107FF4000490D1F800E04B68D4F808C0886805F113
:1080040010010F9605F58265166862682468079565
:10801400354601972746019C5E46CDF814A0C2461A
:1080240004941031039C06954D4634F902BFABEB22
:1080340006080394029CA8EB0A09049E34F902AFD3
:10804400A9EB05050294059C2F44AAEB0405069CA4
:108054003A442C1B94443A440194A41BA6440CEBCC
:1080640002043A444FEA2C1C734421F820CC1844EF
:108074007344C6180011734421F81E0CA01824116F
:108084003A4421F81C4C02EB000C9C190011734477
:10809400361121F8180C1819241121F81A6C21F83A
:1080A400164C4FEA2C1421F8144C041121F8124CEC
:1080B400079C8C42AFD10F993C46019FC1F800A0A8
:1080C4000E99C1F800B05E490C605E4CC4E9013001
:1080D4005D4BC4F800E0C3E900575C4BC3E9008979
:1080E4000A9B40330A930B9B4033C1E9012C0B9349
:1080F400BFF34F8F4FF0E02308990998CA43C3F8A0
:10810400701F2031024481420891C2F3421251D2BD
:108114006AB3012A23D0022A1CD0032A15D0042AC8
:108124000ED0052A07D0062A40F01C81089AC3F80D
:10813400702F20320892089AC3F8702F20320892C8
:10814400089AC3F8702F20320892089AC3F8702F47
:1081540020320892089AC3F8702F20320892089AA5
:108164000999C3F8702F20328A42089222D2089AC1
:1081740002F12001C3F8702F4032C3F8701FC3F816
:10818400702F01F14002C3F8702F01F16002C3F8AF
:10819400702F01F18002C3F8702F01F1A002C3F81F
:1081A400702F01F1C002C3F8702F01F1E0020999A8
:1081B4008A42DDD3BFF34F8FBFF36F8F0A9B7F2BB0
:1081C4001CD81A4A13800B9B7F2B09D8184A13809A
:1081D40011B0BDE8F08F04F5006308920993DCE662
:1081E4000024134B0D981C8000F03AFC184B1A68BD
:1081F4001C600D4B1A6011B0BDE8F08F0B4B0024CE
:108204000C981C8000F02CFC124B1A681C60054B67
:108214001A60D8E7C81E002000800E40C03020201D
:1082240074670020B81E0020C01E00205E67002076
:1082340060670020010000801C1F0020201F002018
:10824400EC1E0020041F0020341F0020241F0020E7
:10825400C41E0020BC1E00200C9A002A00F0888056
:108264008A4800260A998A4BD0F800800E900B4465
:108274008848894902EB430BD0E900CE08988D6801
:10828400D1E9002300F1100100F582600290C2469A
:10829400BBF90280E1467746A8EB0A0C0BF1020019
:1082A40021F80E6CC246ACEB090E019021F80A6C61
:1082B4000846AEEB070721F8066C21F8026CE1468C
:1082C4003A4477461344EC181344019D05F1020B1C
:1082D400E5181344241121F8104C5C1913442D1192
:1082E40021F80C5C1D19241121F8084C2C1121F8DB
:1082F400044C0199B1F90280A8EB0A0CACEB090E0D
:10830400AEEB07073A441344EC181344E51813443E
:10831400241120F8104B5C192D11134400F11001A5
:1083240020F80E6C20F80C5C1D19241120F80A6C3E
:1083340020F8066C20F8084C2C1120F8026C20F868
:10834400044C02988842A2D10E99C1F80080524987
:10835400C1E900234F4B8D60C3E900CE0A9B403333
:108364000A93C5E6089AC3F8702F20320892DDE616
:108374000D9A002A00F0828048480B99444BD0F8AB
:1083840000E00B440F904648464902EB430A0C9E1A
:108394008D68D346D0E9007C0898D1E9002300F128
:1083A400100100F582600290F246B946BBF902E082
:1083B4000BF10207E04621F8106C0197AEEB0A07B7
:1083C40021F80C6CF246A7EB090CB946019F01F1A8
:1083D4001000ACEB080821F8086C21F8046C07F1D4
:1083E400020B4244E04620311344EC181344E518D0
:1083F4001344241121F82E4CEC1813442D1121F8A8
:108404002A5C1D19241121F8264C2C1121F8224C28
:10841400B7F902E020F8106CAEEB0A0721F81C6CE7
:1084240021F8186CA7EB090C21F8146CACEB0808C4
:1084340042441344EC181344E5181344241120F85F
:108444000E4CEC182D11134420F80A5C1D1924114C
:1084540020F8064C2C1120F8024C02988142A3D13A
:108464000F99C1F800E00F49C1E900230C4B8D605E
:10847400C3E9007C0B9B40330B9339E64FF48062D5
:108484000D99089804F01EFC32E600BF1C1F002062
:10849400010000802C1F0020F81E0020201F002057
:1084A4003C1F0020101F002038B50021044600F0B6
:1084B40023FB88B172B61C4A1368002B2BD01B49CE
:1084C4000D68002D2CD0156008600021184A118019
:1084D40062B6184600F0C4FA0121204600F00CFBF5
:1084E40098B172B6134A136883B113490C6854B136
:1084F40014600024114A0860148062B61846BDE86E
:10850400384000F0ADBA086062B638BD0B4910605F
:108514000B8062B638BD064910600B8062B6DBE79B
:10852400086062B6D8E700BFB81E0020BC1E002059
:108534005E670020C01E0020C41E0020606700206B
:1085440010B5044600F052FC204610BD38B5234C4B
:10855400002342F210724FF40C61E06F40F44020AB
:10856400E0671C2004F0E4FDE3691D4923F4406343
:108574001C481D4A43F40063E361A36A19401B4B82
:1085840041F0CE01A16241680A4042F400224260F7
:108594009A68002A20DB1649032000224FF4803415
:1085A400C1F828014FF08E45C1F824011148124941
:1085B4001A66DA601D615C619861D961C3F8E020D4
:1085C400C3F88C204FF0E062C3F89020C3F89440C5
:1085D400C3F89800C3F89C1038BD00BF00C00F401A
:1085E40000FEFFFF00C00A40F8FFF7FF00403840DC
:1085F40000801F40130F0100000F0F0F10B5364C01
:108604004FF400620021204604F05CFB3348012152
:1086140000F088FB00233249324A0B601360FFF7F5
:1086240095FF2346BFF34F8F04F5006204F1200049
:108634004FF0E021824234BF0122402204EB421277
:10864400C1F8703F20339342FAD1BFF34F8FBFF389
:108654006F8F224A0320244B2449C3F880014FF42E
:10866400806013681C600224D8829C60A4F6020413
:10867400D8830620596000211279DC601C4C988351
:1086840002F110001C61996199821A4C1A4B43F84B
:10869400204002F01F04194B012003EB5213A040A9
:1086A40014B29B0018601648164B40F82410164963
:1086B40040F82410A0F580401449C276D3F88820ED
:1086C40042F00042C3F888209A681143996000F090
:1086D40007FB0F4B187010BDC0302020C81E0020AF
:1086E400B81E0020C01E002000801F4002000101AF
:1086F40020403840CD610000001800204038003888
:1087040000C00E400040384014000080010000907A
:1087140074670020024A0349034802F0A7BE00BF61
:108724006C0E0020B1670000C81E0020F8B528298F
:108734001B4B4FF49B770D46164604464FF0010140
:10874400C0E902732CBF4FF0FF330123282A44F6FB
:10875400206228BF4FF0FF3302610360284600F017
:1087640089FF3046002100F085FF2846002100F0F3
:1087740045FF0C4B2A0103EB05159958EA68C4E937
:108784000721320103EB061698586FF07042064B2E
:10879400F1681B6862606361C4E909102046F8BD92
:1087A40050C46201EC050020786500200161704727
:1087B400F0B472B6856A3249D0E90736C6F8883013
:1087C4006B68426A23EA02036B606B68426A134374
:1087D4006B602C4B476AC5F888704C681A682A4B42
:1087E400A3FB0232920C02EB820252004B681B1B69
:1087F4009A42FBD86B6823EA07036B60C369C6F827
:10880400843062B6D0E90954C168A3682B428369F5
:1088140005D006E001338361A2682A4201D199425E
:10882400F8D8994223D372B6D0E90923046AC3F86D
:10883400842059680A435A60416AC3F884105A680C
:1088440022EA01025A60C369C4F8883062B6D0E9EA
:108854000945C168AB681C42836904D10BE083619C
:10886400AA68224207D0994203F10103F7D86FF0B6
:108874000100F0BC70479942F9D90120F0BC70475F
:10888400001000E05C0E002083DE1B4300000000AB
:1088940070B500240D468461002936D0036806466D
:1088A400A34239DB30460134FFF782FF0028E4B2EB
:1088B4002DDBA542F6D11C49B36970680A6883426E
:1088C400D6E904548CBFA3EB000CA0EB030C121BE1
:1088D400AA4215D907EE900AB8EE677A9FED106B9D
:1088E400B7EEC77A27EE067BBDEEC77B17EE102ADC
:1088F400624505D96FF07042096810467260716173
:10890400834207D20020736070BD084670BD6FF0CB
:10891400010070BD181A70BD4FF0FF3070BD00BF6C
:108924009A9999999999B93F786500204FF0E02375
:108934004022C3F808227047F8B5144B144D1C6844
:108944006E689CB1237A20466BB123686F681B68FC
:1089540098476B68E188DB1BC3F38F12B1EB931F5D
:10896400A28038BFE2806469002CEBD1084B094A2D
:108974005B6810889B1B084CC3F38F11B0EB931FEB
:10898400218038BF1180BFF34F8FF8BD301E002007
:10899400001000E05A670020586700200368184759
:1089A4000B680360704700BF0B680360704700BF2B
:1089B400704700BF30B472B6244D254C2A8804F1A8
:1089C400700104EB82038B423CD204F16F01501C12
:1089D400C91A00EB910002E00132824232D09C4677
:1089E40053F8041B0029F7D0B1FA81F04FF000438B
:1089F400C34021EA0301CCF8001001B90132154B40
:108A04002A801A88013291B2198062B6ACEB040C48
:108A140041F67C73C0EB00644FEAAC0CC0EB8410ED
:108A240001240CEB8C1C03EBCC1303EB80030A48EE
:108A34000068C4541844094B1C88944230BC38BFA5
:108A44001980704762B6002030BC70475C67002014
:108A5400341E0020546700202C1E0020566700207E
:108A6400428872B60378012B03D9013B037062B6C6
:108A74007047D14353090B484FF0004201F01F01E6
:108A8400CA4050F823100A430749B1F800C040F81F
:108A940023209C45054A88BF0B801388013B138023
:108AA40062B67047341E00205C67002054670020C3
:108AB400C36813B91DE0DB68E3B1187A9042FAD1B8
:108AC40010B4586893F809C0006950F82C4054B1A8
:108AD400DB682BB1187A9042F3D0DB68002BF9D114
:108AE4005DF8044B704740F82C100878013008708A
:108AF400EEE77047704700BF437A8B4206D903699B
:108B0400002253F8210043F82120704700207047C9
:108B140000220449C0E90022028102740A68086044
:108B2400C2607047A41E0020037CFBB903680146A1
:108B3400FBB14368EBB1427A5B7A9A421CD230B4FF
:108B440072B62B4B1C68ECB1E368C3B1486801E012
:108B5400DB68A3B15A688242FAD193F809C04A7A11
:108B64009445F5D162B6042030BC7047012062B64A
:108B74007047032062B67047022062B6704764698A
:108B8400002CE1D11B4C236843B1994202D10BE084
:108B9400994207D01A46DB68002BF9D1052062B64A
:108BA40030BC704702F10C040D68E868E8B1C36892
:108BB4001BB908E0DA683AB1134681421846F9D184
:108BC40062B60620D0E70346D960CB680020236054
:108BD4000123C860AA7A2B721A44AA724A68947A4A
:108BE40013721C4494720B74D9E7E960EDE700BF7B
:108BF400301E0020A41E002010B5047C9DF808E05F
:108C04000CB1012010BD027280F809E0C0E9001324
:108C1400BDE81040FFF788BF38B5037C002B36D081
:108C240043680446427A5B7A9A4238D272B6016843
:108C3400CB68002B2DD0984233D01A46DB689C4277
:108C44002AD0002BF9D16268607A136953F82000A6
:108C540048B1FFF705FF72B662680025607A1369B0
:108C6400216843F820508B7A013BDBB28B7203B945
:108C74000B72937A013BDBB2937203B913720A4B02
:108C840000201A6820741C60E26062B638BD0120BE
:108C940038BD62B6032038BDE368D360D3E7022051
:108CA40038BDC368CB60CEE7A41E002010B50446CF
:108CB400FFF7B2FF094A136843B19C4202D108E0AE
:108CC4009C4205D01A46DB68002BF9D1204610BD22
:108CD4000C32E3682046136010BD00BFA41E0020C0
:108CE4000C4B1A789AB90C4A0C4910B4C2F85811B2
:108CF4000B48D02401224FF0E02180F84640402464
:108D04001046C1F808415DF8044B1A707047002002
:108D1400704700BF7267002000180020A96B000094
:108D240000E400E070B472B621B9036813B10279AB
:108D34000F2A45D9294C2188002341FA03F212F065
:108D4400010208D00133102BF7D162B6002203715F
:108D5400026070BC70474FF0010C0CFA03FC41EA4E
:108D64000C01218062B61E4D5FFA83FC1D4940F25E
:108D7400824680F804C0EC6F194483F0030344F086
:108D8400C0044901EC67A5F59F35174CA5F580751E
:108D9400266084F81AC084F81EC084F818C084F8C9
:108DA4001FC00160C1E90022C1E90222C1E9042215
:108DB400C1E906225A5D42F0C0025A5570BC7047A0
:108DC400064C218841FA02F5ED07B5D5054D154449
:108DD400B3EB451FB0D162B6BBE700BF62670020AA
:108DE40000C00F408074000200800E4003790F2BF6
:108DF40011D8094A937672B60849012290F804C042
:108E04000B8802FA0CF223EA02030B8062B61022EA
:108E1400002302710360704700800E4062670020E7
:108E2400704700BF704700BF704700BF704700BF66
:108E340070B51A4C1A4D2368AB4202D0194AD16856
:108E440029BBA369AB4202D0164AD169C9B9236BC5
:108E5400AB4202D0134AD16A69B9A36CAB4209D0C0
:108E6400104AD16B31B101211B680F48D163BDE8B1
:108E74007040184770BD01211B680C48D1629847A7
:108E8400EBE701211B680A48D1619847DFE701211C
:108E94001B6804F10800D1609847D2E7C01A00208B
:108EA400A805002000410840101B0020F81A0020EB
:108EB400E01A002038B5064CA4F1600554F8083CCB
:108EC4002046183CDB689847AC42F7D138BD00BF58
:108ED400101B002003682DE9F041044688B01746B2
:108EE400002B4BD000229A600122DA60304D04A896
:108EF400DFF8E0801D4451F8083B2D1102935B68B4
:108F040005EB45069847F60006F1080058F80630C8
:108F14004044DB6801909847264A04A9DDE901032F
:108F2400029248F806309B689847029B04A8DB68C5
:108F340098472368032220481F609A601F4A2379B8
:108F44001F4C535513785178C0F828428B4228BFE0
:108F54000B469178D2788B4228BF0B46934228BFA8
:108F64001346184C4FF0E0224FF08061012084F842
:108F74007A30C2F80C1108B0BDE8F081124AD36E01
:108F840043F44053D3660122104B1A60104A13462F
:108F94000260403298680028A8D0103393422360BE
:108FA400F8D100231846236008B0BDE8F08100BF63
:108FB40000BFF7BFA805002000180020600E0020A5
:108FC400A170000000E400E000C00F400040084031
:108FD40000410840C01A002010B4064B0020064C83
:108FE400064A1C609C611C639C6405495DF8044B43
:108FF40002F03CBAC01A0020A80500206C0E002024
:109004002571000008B1014B18607047281E00202C
:10901400884200DB704730B4124C091A2368EBB164
:10902400114A124D82FB032CDA179C44C2EB2C42EA
:1090340044F2A71C05FB12330D4D05FB02F20CFB99
:109044000322002A0CDA6FF0004313442360B3FBBD
:10905400F1F201FB123330BC18447047054BF5E7BD
:109064001346F3E7281E00205F0B4E831DF3010017
:10907400ECF4FFFF42CE0C1F1C2849D8F8B5254F4D
:1090840004463B78E3B9244B1B5DFF2B29D0234ACC
:1090940002EB041291680A6802F44050B0F5805F54
:1090A40030D01C061FD41E4C2360236AD80704D476
:1090B40002F0F8F8236AD907FAD5194B586AF8BDB3
:1090C400174D184E01E002F0EDF8AB6C1B06FAD414
:1090D400B36C13F08003F6D13B700F4B1B5DFF2B79
:1090E400D5D10020F8BD0F4C03F07F032360236A21
:1090F400DA0704D402F0D6F8236ADB07FAD5094B61
:10910400586AF8BD22F480521C060A60EBD4CAE700
:109114000020704777670020F8080020EC05002045
:1091240000400C4000800C40082830B422D00A28AB
:109134000CBF4FF405714FF44671104C104D636C25
:10914400626C2B400F4802F003021A43636C03F075
:10915400E00313430B436364436C426C2B4002F003
:1091640003021A43436C03F0E0031343194330BC76
:10917400416470474FF44071DFE700BF00400C408A
:1091840000FCFFFF00800C4010B41F4C1F281F4937
:10919400A36C23F02003A364626C8B6C22F4404222
:1091A40023F020038B644B6C23F4404312D942F424
:1091B400404243F4404362644B641349134A8B6C4A
:1091C4005DF8044B43F020038B64936C43F020035D
:1091D400936470470F2808D942F4004243F40043D3
:1091E40009480A4942644B64E7E7072804D942F472
:1091F400804243F48043F3E7032862644B64DCD881
:109204005DF8044B704700BF00400C4000800C40E8
:10921400A249A34B88422DE9F047A24C5E699A69A2
:10922400D4F80C801BD9A04B984240F20281C31A97
:109234009E491B0AA1FB031340F22761DB0903EBE0
:10924400830303EB830303F2E2438B4228BF0B4601
:10925400A3F54877964BA3FB0737FF0804E0954F27
:10926400B8428CBF0E2706278D4908F01F09D1F894
:109274008030B94543F0C003C1F880300CD228F0E7
:109284001F08A1F5F82148EA0708C1F80C800B680B
:10929400002BFCDA08F01F0916F0007324D186496C
:1092A4000C698649A14300F0EA8082F48051344677
:1092B4004FF4805514F0605F04D026F060561E43CE
:1092C400774B5E6111F4405F07D022F44052744939
:1092D4002A438A618B6C1A07FCD446F00076704AE4
:1092E4005661936C9B06FCD4754CA04200F2CE8070
:1092F4004FF0010C0146634603FB011203F1010E1A
:109304000CF10105A24218D8BEF1080F4FF0010379
:1093140040F08D80BCF1040F00F291800A18A24243
:1093240000F2A48005FB00F1AC4603F1010E03FB3F
:1093340001120CF10105A242E6D90CF1FF318C02B5
:1093440086EA81215F4810445F4A90427FD9DFF862
:10935400A4A16C225D48584DB0FBFEF0D5F800E0A6
:10936400B0FBFCF0DFF890C10EEA0C0CD44509D038
:1093740042F400524FF4805CC5F800C02A602A68A9
:10938400002AFCDA464A156905F007059D4203D018
:109394001361936CDD03FCD411F4E05F09D026F46F
:1093A400E05604F4E0543E4A26435661936C990710
:1093B400FCD44749474A014491423CD8464BC90929
:1093C400A3FB0131090B4B1E1B0286EA030212F4B4
:1093D400407F06D026F4407603F44073304A33438A
:1093E40053612F4A536923F000735361936C9B06B6
:1093F400FCD43A4B4F45A3FB00234FF0FF324FEA16
:109404009343B0FBF1F1B2FBF3F3354A1060354AF4
:109414001160354A136008D228F01F08214A48EA2F
:109424000707D7601368002BFCDABDE8F0877346A2
:1094340062E7122718E74FF440730421C5E70CF1E3
:10944400FF31204807238C02104486EA8121274AF1
:10945400DFF8A8A0A2FB0020020D2548362A38BF59
:10946400362202FB00F042EA0A0A74E74FEA8C242F
:10947400002386EA8C214FF0010EAC4662E71D46BC
:1094840086F0C05411464FF0C05313E700244FF048
:10949400010C024631462346E64653E700A4781FF2
:1094A40000C00F40000008400046C32323B24C0014
:1094B4001F85EB5100366E0100800D404030008066
:1094C400FFB19F26808D5B00FF7EF64D00643F4D0B
:1094D4007FD1F0087F17B42C9F10E50083DE1B4377
:1094E4005C0E0020580E00206C650020819F5E16E3
:1094F400001BB7006C2000807F30018000200080BA
:1095040000B970472DE9F84F01218146214C224DC5
:10951400224E54E8003F2A68306844E80013002BC8
:10952400F7D11F494B684FF47A7BDFF878A01B1AF8
:1095340001270BFB02F8DAF80020A3FB02325A459C
:1095440094BF9044D84454E8003F2A68306844E803
:109554000073002BF7D14B68DAF800C01B1A0BFB21
:1095640002F2A3FB0C3CBCF57A7F94BF624402F583
:109574007A72A2EB0802B2F57A7F06D3B9F1010937
:1095840008F57A78DFD1BDE8F88F01F08BFE044945
:10959400D9E700BF7C650020786500207465002051
:1095A400001000E06C65002030B40F4B4FF0010C4C
:1095B4000E4D0F4C53E8002F2868216843E800C281
:1095C400002AF7D10B4B5B680B4A5B1A4FF47A7194
:1095D400126801FB00F0A3FB023230BC8A4294BF44
:1095E40080184018704700BF7C6500207865002013
:1095F40074650020001000E06C650020272816D850
:109604000201104B03EB00109B5810B4C2685C6855
:10961400144205D061B95DF8044BC3F88820704743
:10962400836851B1084A5DF8044B1A60704770476B
:109634005DF8044BC3F884207047044A5DF8044B7A
:109644001A607047EC05002038F001003830010042
:1096540027280BD8064B020103EB00109A58C36865
:1096640092681A4214BF01200020704700207047FE
:10967400EC050020272829D8164B0201012903EB09
:1096840000109A5810B45368C4680ED004290CD042
:1096940023EA040353608368A9B1022917D003297C
:1096A4000CBF0D4A0D4A1A6007E023430129536099
:1096B400836808D040F638021A60436815225DF8C2
:1096C400044B1A60704738221A60F6E77047044A60
:1096D4001A60F2E7EC050020383001003800010080
:1096E40038F00100704700BF272858D80001F0B4B3
:1096F400344C354D2358AB4256D049D8B3F1844F3E
:109704004BD0A5F58045AB4240D1304D2044304E7E
:10971400304CC4F8B462D0E901C4C0684FF0E0260C
:109724004FF00057042AC6F810712FD85E6926EA54
:1097340000065E614FF00506CCF80060266846F42A
:10974400803626605C6824EA00045C60224C54F88D
:10975400224090FAA0F2B2FA82F245F822106FEA9F
:1097640000011DD0DD690F2A01EA0501D9611DDC64
:1097740052000325D968944005FA02F221EA020254
:109784002243DA6098615A6902435A61F0BC704717
:10979400124DAB42FAD1124DB8E7124DB6E77047FD
:1097A400DA690243DA61EDE70F4DAFE7103A0325BA
:1097B40019695200944005FA02F221EA0202224396
:1097C4001A61DFE7EC050020008000421813002036
:1097D40021000000001800205805002000C00042AD
:1097E40018140020981200209813002008B5FEF7E2
:1097F400A7F8FEF7C5F901F055FDFAE7844641EAFA
:10980400000313F003036DD1403A41D351F8043BF4
:1098140040F8043B51F8043B40F8043B51F8043B46
:1098240040F8043B51F8043B40F8043B51F8043B36
:1098340040F8043B51F8043B40F8043B51F8043B26
:1098440040F8043B51F8043B40F8043B51F8043B16
:1098540040F8043B51F8043B40F8043B51F8043B06
:1098640040F8043B51F8043B40F8043B51F8043BF6
:1098740040F8043B51F8043B40F8043B51F8043BE6
:1098840040F8043B51F8043B40F8043B403ABDD255
:10989400303211D351F8043B40F8043B51F8043BF7
:1098A40040F8043B51F8043B40F8043B51F8043BB6
:1098B40040F8043B103AEDD20C3205D351F8043B86
:1098C40040F8043B043AF9D2043208D0D2071CBF52
:1098D40011F8013B00F8013B01D30B88038060467B
:1098E400704700BF082A13D38B078DD010F00303F1
:1098F4008AD0C3F10403D21ADB071CBF11F8013B61
:1099040000F8013B80D331F8023B20F8023B7BE7AF
:10991400043AD9D3013A11F8013B00F8013BF9D2DA
:109924000B7803704B7843708B7883706046704774
:1099340002F004BF4FF0010C0CFA01FC01EB4101F1
:1099440000EB411170B5B1F80EE01FFA8CF5254C0F
:109954001FFA8EFE24782E010EFB033306F0F00668
:10996400E340B0F888417345A4B228BF734634433A
:10997400012AA0F888410DD0022A28D0C2B10CF0E7
:109984000F02B0F888C11FFA8CFC4CEA020CA0F854
:1099940088C170BD9BB20CF00F022D02CB82B0F8CF
:1099A400803105F470659BB22B43A0F88031E8E761
:1099B400AEEB030E0CF00F021FFA8EFEA1F80AE0C4
:1099C400B0F880319BB21343A0F88031D9E79BB241
:1099D4000CF00F02CB83B0F880319BB21E43A0F889
:1099E4008061CEE7EB14002027284BD8F8B52A4D28
:1099F400044615F8202005EB8005012A2DD0022A03
:109A04003FD16B78C3F3011003283ED0234A02EB05
:109A1400803203F0030C224889B2634602EB4C1CEB
:109A24000678BCF806E05801BCF810301FFA8EFE28
:109A3400CEF1011E1EFA83F303F1FF3E0EFB01F18A
:109A4400F1408E4523D95B1AC3F101039BB289B25D
:109A54000244ACF8063011820DE06A78C2F30113B7
:109A6400032B10D00F4800EB83308BB202F00301BC
:109A7400AA78FFF75FFF0C4BEA7803EB04135B68EB
:109A84001A60F8BD70470948EFE7094AC1E7991E13
:109A94004FF6FF73DBE700BF1409002000C01D4030
:109AA400EB14002000C03D40EC05002000803E4047
:109AB40000801E4000230F2248F2B82C194610B52E
:109AC4004FF470444FF4806EA0F88C414FF460441E
:109AD400A0F88E210A46A0F89031B0F888319BB2E4
:109AE40043F0F003A0F8883101EB4103013100EBAE
:109AF400431304299C80A3F806E05A841A865A80EA
:109B04005A81A3F80EC05A82DA825A83DA83EBD1DF
:109B1400B0F888319BB243F00F03A0F88831B0F855
:109B240088319BB243F47063A0F8883110BD00BF44
:109B3400374B384A996F384841F47F0170B59967BB
:109B440041F20106D3F8801045F6C05543F22604CD
:109B54000A43C3F88020FFF7ADFF00F58040FFF70C
:109B6400A9FF00F58040FFF7A5FF00F58040FFF74F
:109B7400A1FF0022A0F503104FF00F0E114600EBD9
:109B840042134FEA421C01329981042A5981A3F8F5
:109B94000EE09E82DD8020F80C1019829C81EED1AB
:109BA40000221E484FF00F0E41F20106114645F601
:109BB400C05543F2260400EB42134FEA421C013223
:109BC4009981042A5981A3F80EE09E82DD8020F851
:109BD4000C1019829C81EED1002211480F2641F20B
:109BE4000105114645F6C05443F2260E00EB42131C
:109BF4004FEA421C01329981042A5981DE819D82F7
:109C0400DC8020F80C101982A3F80CE0EED170BDB2
:109C140000C00F40000003FC00C03D4000001E4097
:109C240000401E4010280346044A28BF1023107821
:109C3400012B38BF01231370704700BFEB140020C1
:109C440072B6EFF30583524CC4F884301EF0040F4F
:109C54000CBFEFF30882EFF309824FF0E0234D4E7F
:109C64004D4DD3F8280DD3F82C1DC4E92201D3F8A7
:109C7400341DD3F8383DC4E924139369C4F89830EB
:109C8400D369C4F89C3000F0BFF884ED280A01F0D1
:109C9400DBFB0B214FF0FF32C4F8A4000B46C4F8E1
:109CA40080103E49301D5A40202402F00103013C3B
:109CB40001FB03F383EA5202F7D1A84202D073688E
:109CC4000646EFE7324BC3F8A820BFF34F8F4FF09F
:109CD400E0233049324AC3F8701FC3F8702FBFF332
:109CE4004F8FBFF36F8F2F4A02252F48D36E2F4912
:109CF40043F44053D3660560D3692D4823F07F03B2
:109D040043F04003D3610B6883423DD8264D0021C4
:109D14004FF0E0234FF0FF3229600126C5F8081107
:109D24002449C5F80011C5F80861C3F88021C3F8B7
:109D34008421C3F88821C3F88C21C3F8902101E061
:109D440000F070F9D5F80C31002BF9D00134C5F8C6
:109D54000C614F2CF4D9184B022018494FF00042E3
:109D6400C1F840015A63D5F80C313BB91448154980
:109D74000D4A0163D2F80C31002BFAD04FF0E023E6
:109D8400114AC3F80C2DFEE7FFF742FABEE700BF05
:109D940000FF272080FF2720A8FF27202083B8ED7D
:109DA400A0FF272000C00F40004008405C0E0020A8
:109DB400803DCD0B009F240000900D4000002E40FC
:109DC40000800F40F100AD0B0400FA050A490A684F
:109DD40038B108B513180948834204D810460B60FB
:109DE40008BD1046704702F0D7FF0C234FF0FF3236
:109DF4000360104608BD00BF680E00200000282044
:109E040030BFFDE7FFF71CBF124AD2F880305B0772
:109E1400FBD5D2F880301048C3F30B230F4990EDE3
:109E2400007A07EE903A91ED006AB8EE477A0C4A50
:109E3400F8EEE77A0B4BD2ED006A77EEC77A93ED32
:109E4400007AB8EE477A67EE867A87EEA60A37EE8E
:109E5400400A704700810D405C6500206465002065
:109E64006865002060650020836BF0B41BB1536803
:109E740043F40043536072B6446B3CB31A4B226004
:109E8400D3F8B0410C421DD1184E776804E07468D1
:109E9400E41BB4F5166F0BD2D3F8404144F480446C
:109EA400C3F84041D3F8B851D3F840416404EED527
:109EB4000D4007D10C4CC0E90225D4F8B0310B4356
:109EC400C4F8B031426362B6F0BC7047064DC0E9D5
:109ED4000224D5F8B0310B43C5F8B03102634263B4
:109EE40062B6F0BC704700BF00002E40001000E0D6
:109EF40070B5056B9DB106462A46002403E012683E
:109F04000134012A0CD0536813F08003F7D0326374
:109F14002CB12846B36B2D689847013CF9D170BD2C
:109F2400C6E90C33F4E700BF30B4D9B91F4C204B59
:109F34000021204A01254FF0011099601D60C4E9F9
:109F4400023180245C60C2F8BC01D2F8B0311A48F6
:109F54002B43C2F8B0310160D2F8B031002BFBD1F1
:109F640030BC70470904154B104C012541F08001A9
:109F74009860104A596000F580511D60D96000F561
:109F84000051A364196100F5405100F58040596106
:109F940000219861E164D2F8B03143F48033C2F80F
:109FA400B031D2F8B031002BFBD1C0E70000002063
:109FB400201B002000002E403C640020401B002099
:109FC40010B472B60A4C01220A49237802FA00F04E
:109FD40018432070D1F848311A0605D4802213435F
:109FE400C1F84421C1F8483162B65DF8044B7047AA
:109FF4009167002000002E40084901220B7802FAE4
:10A0040000F023EA0000087030B9054AD2F848315C
:10A0140023F08003C2F84831704700BF91670020E5
:10A0240000002E402DE9F04F9C4C83B0D4F84461DD
:10A03400F107C4F844616AD5D4F8AC31002B61D07F
:10A04400DFF88482964DDFF878B208F5805ADFF89D
:10A054007C92944FC4F8AC31D5E90A20D4F840314D
:10A0640043F40053C4F84031D4F840319B04F5D58F
:10A07400D4F8403123F40053C4F840314FF00113B5
:10A08400C4F8B431D4F8B43113F00113FAD191B255
:10A0940040F2816CCBF80030614500F2D980B1F513
:10A0A400D06F80F06181B1F5817F00F08F8140F243
:10A0B400AB8040F2023C614500F0B281B1F5A06F83
:10A0C40040F0C1807849EB648B600123A9640B6084
:10A0D40080234B604FF00113C4F8BC31D4F8B03185
:10A0E40043F48033C4F8B031D4F8B031002BFBD141
:10A0F400130C5B0643F08073C4F85431D4F8AC31CC
:10A10400002BA7D1654AD2F8BC31002B4AD1720684
:10A1140016D5624BD3F8AC21C3F8AC21D3F8BC21DB
:10A12400C3F8BC21D3F8B041002CFBD14FF0FF326F
:10A13400C3F8B421D3F8843101F026F85B4B1C60DA
:10A14400F40103D55A4B1B6803B19847B00103D5FA
:10A15400584B1B6803B19847710708D54F4BD3F888
:10A16400843113F400731AD0534B01221A704B4BF1
:10A17400D3F848311A060FD533060DD54F4A137854
:10A184002BB1013BDBB21370002B00F0428203B011
:10A19400BDE8F04F00F09ABC03B0BDE8F08F464A2A
:10A1A4001370E4E74649C2F8BC310868034240F042
:10A1B40061813E4A14681C40A9D05FEA144810D05B
:10A1C400374D4FF0010998FAA8F7B7FA87F705EB6E
:10A1D400C71009FA07F74030FFF78AFE38EA070884
:10A1E400F1D1A4B2002C92D02D4D4FF0010894FA75
:10A1F400A4F7B7FA87F705EBC71008FA07F7FFF7D4
:10A2040077FEBC43F3D182E7802900F0A78082293E
:10A2140019D183B210F0780015D103F07F0257F8FA
:10A224002210284A1080180600F1C081CB0701D5FE
:10A234000123137002212348FFF776FE5EE7010C29
:10A24400072900F045814FF00113C4F8C03155E7E8
:10A2540042F2210C6145F2D03AD942F221239942CB
:10A2640068D042F221339942EDD10F4B00229A601B
:10A27400EA640122AB641A6080225A604FF0011331
:10A28400C4F8BC31D4F8B03143F48033C4F8B031ED
:10A29400D4F8B031002BFBD130E700BF00002E40D2
:10A2A40000000020C0012E40201B0020406400203C
:10A2B400486700204C670020996700209F670020B2
:10A2C4003C6400200065002034640020401B002012
:10A2D400B1F5086F3AD0B1F5106FB4D1B548C2F3F7
:10A2E40007424FF0C81100930270B34AC4F8C82162
:10A2F400C4F8CC11C4F8D01100F048FF00F07CFB86
:10A30400AE4A0121009BAA641160802193605160D0
:10A314004FF00112EB64C4F8BC21D4F8B02142F42C
:10A324008032C4F8B021CBF80030D4F8B031002B1F
:10A33400FBD1E3E680B2002897D1A14BC2F30742D8
:10A344001968A04B1960A04B1A708EE7994B012134
:10A354009E481B780370FFF7E7FDCFE69B48022178
:10A364000380FFF7E1FDC9E6994B596800293FF4E2
:10A374006AAF4FEA124E82B204E019690C33002925
:10A384003FF461AFB3F800C0F445F6D1B3F802C0AE
:10A394009445F2D14FEA1E22032A00F0D8801A898C
:10A3A400000C824228BF0246BEF5007F40F0D480F4
:10A3B400884B89491878894B0092002818BF1946A0
:10A3C4008748FFF71BFA864B009ADAE010F0780F03
:10A3D40083B27FF438AF03F07F0213F0800F57F895
:10A3E400223014BF23F4803323F0010347F82230D2
:10A3F4000022724BEA649A600122AB641A608022E4
:10A404005A604FF00113C4F8BC31D4F8B03143F4AE
:10A414008033C4F8B031D4F8B031002BFBD16DE6F1
:10A4240010F0780F83B27FF40EAF03F07F0213F0C5
:10A43400800F57F8223014BF43F4803343F00103F4
:10A4440047F8223000225D4BEA649A600122AB6433
:10A454001A6080225A604FF00113C4F8BC31D4F85A
:10A46400B03143F48033C4F8B031D4F8B031002BA8
:10A47400FBD143E6002008605A490C88486842F240
:10A4840021018C427FF495AE80B200287FF491AE16
:10A494005549564C03C9A18086284FEA11412060D2
:10A4A400A1717FF486AE72B65148017841F008017B
:10A4B4000170D2F848110D0605D480200143C2F87A
:10A4C4004401C2F8481162B64A4A5021117070E63C
:10A4D400EB6001234349C9F80030474B0A60C9F8CF
:10A4E4000430464B4860C9F81030C5F80890C9E9F3
:10A4F400028AD4F8B02142F00102C4F8B02103F575
:10A50400805203F50053C9F81420C9F81830D4F860
:10A51400B031002BFBD1294AEB6493600123AA6478
:10A52400136048F2800353604FF00113C4F8BC3148
:10A53400D4F8B03143F48033C4F8B0314FF48033ED
:10A54400CBF80030D4F8B031002BFBD1D6E5000CA9
:10A554000A78824228BF0246BEF5E06F50D11D4BF7
:10A564001D4893F800C01D491D4BBCF1000F18BFD6
:10A57400014600921846FFF741F90721034641704E
:10A58400009A23F01F011344BFF34F8F4FF0E020D4
:10A59400C0F8701F20318B42FAD8BFF34F8FBFF33E
:10A5A4006F8F0F481146FFF7BFFCA7E5C9033FF5BE
:10A5B4003FAE3FE6986700200200CC00201B00203D
:10A5C40078650020D0650020976700200065002092
:10A5D400CC0C002099670020581C0060F01C00601F
:10A5E400C0382020201E002034640020C8650020CC
:10A5F400916700209F6700208000070034840020BA
:10A60400064B1846CDE90023FFF7F8F8DDE90023EF
:10A61400B7E70320FFF7F0FC02F08EFDC0382020DE
:10A624002DE9F0471F46831E022B01D9BDE8F087B0
:10A63400DFF84C9015460C463C2209EBC018064640
:10A644004FEAC01A002108F10400240402F03AFB86
:10A65400B5FA85F20123520944EA427449F80A40E2
:10A66400C8F83870C8F80830002FDFD0034AB34068
:10A6740011680B431360BDE8F08700BF40640020FD
:10A68400000000202DE9F0470D46811E022901D962
:10A69400BDE8F087C701DFF84C9092460446403786
:10A6A4003C2200211E4609EB07082D0408F1040092
:10A6B40002F008FBBAFA8AF2520945EA427249F8F2
:10A6C40007200122C8F83860C8F80820002EDFD01F
:10A6D400034B10341968A2400A431A60BDE8F0879E
:10A6E400406400200000002012048160C36101F571
:10A6F400405342F0800210B40124426001F500523C
:10A70400046001F5805401F58041C46081615DF805
:10A71400044BC0E904237047831E0A46022B00D968
:10A724007047064B00F110014FF0010C03EBC01011
:10A734000CFA01F14030FFF797BB00BF0000002086
:10A74400831E0A46022B00D970470121024B814027
:10A7540003EBC010FFF788BB00000020406870477F
:10A76400124A134BD2F8200220F07F40984210B5D1
:10A7740084B002D200EB800040000E4C01A90A22F2
:10A7840000F030FE01A90023204611F8012B01330B
:10A794003AB10A2B20F8022FF7D11623237004B004
:10A7A40010BD5B00DBB2237004B010BD00441F4039
:10A7B40080969800D414002038B50C4B04460C4DF8
:10A7C4001B68298843B1B1F5917F09D24B1C9BB218
:10A7D400084A2B80545438BDB1F5917FF6D338BD67
:10A7E40000220448984700210123F1E71066002065
:10A7F4007067002024660020F8B5144C4FF0E02563
:10A80400134E4FF4003204EB4024124F06EB401673
:10A814000346C5F88C2121463A883046FFF764FF89
:10A824003B882344BFF34F8FC5F85C4F2034A342C9
:10A83400FAD8BFF34F8FBFF36F8F04203146FFF771
:10A844007FFF4FF40033C5F80C31F8BD6039202088
:10A85400601B00206467002042684FF6FC71114BB6
:10A86400C2F30E42C0691B889B1A0B4017D00E49D5
:10A8740030B40E4C0E4D227821F8103000210132F4
:10A8840025F81010062A94BFD1B20A46217009494E
:10A894000C6823440B60084B985430BC7047FFF796
:10A8A400ABBF00BF64670020106500208D670020E7
:10A8B4002C65002008650020486500202DE9F04F34
:10A8C4000123DFF828A1DFF828B183B0414E9AF8BC
:10A8D4000020414D414F8BF8003005EB4215338881
:10A8E400D7F80080CDE90002002B6DD13C4CDFF895
:10A8F40004912846FFF732FF10F080005DD03B68DA
:10A90400A3EB0803282B04D90123237003B0BDE86B
:10A91400F08F2378002BF9D199F80030002BF5D073
:10A9240000F0C0FC3388002BE3D02E4A9AF80010C4
:10A934001288D01A043B2C4C9BB22044338000EB89
:10A944004120009E4902C0F8006C93BB04F54064AA
:10A9540028460C442146FFF7C7FEBFF34F8F04F18E
:10A96400200204F50073934234BF012310234FF0F7
:10A97400E02204EB4313C2F8704F20349C42FAD116
:10A98400BFF34F8FBFF36F8F04202946FFF7C4FE38
:10A99400019B02200133032B94BFDBB200238AF80E
:10A9A4000030FFF729FB00238BF8003003B0BDE82B
:10A9B400F08F0220FFF704FBF5E70A4B9AF800102A
:10A9C4001A8820701346B5E7064A01991288D01AEE
:10A9D400B0E700BF68670020201D002078650020D4
:10A9E400926700206C670020603920209367002064
:10A9F4009567002098670020214B70B51B78002BC9
:10AA04003BD04FF400731E461E4980221E4D002485
:10AA14000B8000211D482B8002F054F91C4A21466A
:10AA24001C4B1470C0221C481C8002F04BF91B4ABA
:10AA340031461B4B042094609C60C2E90044194ACF
:10AA4400C3E900441470184B184A1C70184B146066
:10AA54002246FFF7E5FD2346224629880420FFF716
:10AA640011FE20460134FFF7C7FE062CF9D100235E
:10AA74001049114A0B70137070BD40231E46C3E782
:10AA840099670020646700206C670020201D002067
:10AA94009367002068670020601B00201065002079
:10AAA4002C6500208D6700208F670020086500203A
:10AAB400C98A00009267002095670020024B1B782A
:10AAC4000BB1FFF7FBBE7047986700202DE9F843F0
:10AAD400214B1D7815B9214E33880BB9BDE8F88395
:10AAE400DFF888801E4A98F800701E4C02EB471964
:10AAF4001D4A04EB4724128848462146D21A2B46A5
:10AB0400FFF7F2FDBFF34F8F04F1200204F5007349
:10AB1400934234BF012310234FF0E02204EB43138C
:10AB2400C2F8704F20349C42FAD1BFF34F8FBFF369
:10AB34006F8F013749460420FFF7EEFD032F4FF0D6
:10AB440000034FF0020098BFFDB2338088F8005034
:10AB5400BDE8F843FFF750BA956700206867002006
:10AB6400201D0020604520206C6700209367002092
:10AB7400F8B54FF400324FF0E023204CC3F88C2199
:10AB84001F4B227819788A422ED0D3B21D4A1E4F09
:10AB940001331E491E4E072B28BF0023D05C37F813
:10ABA400102001EB40218D580432316892B20439EF
:10ABB40027F810203160174931F81010914207D955
:10ABC4004FF0E0234FF400322846C3F80C21F8BDBF
:10ABD400DBB22370FFF710FE4FF0E0234FF4003296
:10ABE4002846C3F80C21F8BD00254FF0E0234FF4AC
:10ABF40000322846C3F80C21F8BD00BF8F6700203F
:10AC04008D670020486500202C65002060392020D5
:10AC14000865002010650020F8B50646FFF7A8FF78
:10AC240090B1C0F3031300F00F059C4A0446070AD1
:10AC34001370A5F10803062B08D807F00F0301339E
:10AC4400002E45D0B34243D00020F8BDAB1EF8B26D
:10AC5400012B19D9F72818BFF02801D9052D13D0D5
:10AC6400042D00F085816B1F022B40F245810F2DCE
:10AC7400EAD1F72808D8F02803D0894B1B88002B89
:10AC8400E2D0FFF799FDDFE7F1380E28DCD801A305
:10AC940053F820F0799000008B900000A9900000F8
:10ACA400B98E0000B98E0000B7900000B98E000084
:10ACB400C5900000B98E0000F18F000027900000BD
:10ACC4000B900000B98E0000439000005F900000DC
:10ACD400082DC4F3033217D1082A15D171488021F5
:10ACE400714A0768C4F30746DDB21170240E1FB120
:10ACF400314628462246B8476C4B01206C491D70EA
:10AD04006C4B0E701C70F8BD092D14D1092A12D198
:10AD1400220E654900F0B4809020C4F30746DDB2EA
:10AD24000870D4B264490F68002FE5D0224631463A
:10AD34002846B847E0E70A2D05D10A2A03D15F481F
:10AD4400A021594ACDE70B2D05D10B2A03D15C482C
:10AD5400B021554AC5E70C2D40F08A800C2A40F0FA
:10AD64008780584AC02050491268C4F30746DDB2B0
:10AD74000870240E002ABFD0314628469047BBE70E
:10AD8400514B1B68002B00F00A81C4F30746984717
:10AD9400454B240E00251F70AEE74C4B1B68002B5F
:10ADA400F3D14B4B1B68002B00F0ED80FC20C4F367
:10ADB40007469847ECE7474B1B68002BE5D1444B0B
:10ADC4001B68002B00F0DF80FB20C4F30746984784
:10ADD400DEE7414B1B68002BD7D13D4B1B68002B92
:10ADE40000F0D180FE20C4F307469847D0E73B4BE0
:10ADF4001B68002BC9D1364BC4F307461B68002BD4
:10AE0400C6D0FF209847C3E7354BC4F307461B68F9
:10AE1400002BBDD030469847BAE7324B1A68002A57
:10AE240000F0B180630CC4F30640260C03F47E5397
:10AE3400F6B218439047ABE72B4BC4F307461B68A5
:10AE4400002BE7D1A4E7294BC4F307461B68002B6A
:10AE54009DD19DE7264B1B68002B96D11C4B1B688C
:10AE6400002B00F09080F820C4F3074698478FE742
:10AE74000D2D62D10D2A60D11E4AD0200A4973E7F4
:10AE84008020DDB2C4F30746087006490F68002F1E
:10AE94007CD0314628461446B8472DE79A670020EF
:10AEA40070670020E86500209E6700209B670020F3
:10AEB4009C6700209D670020EC6500202066002030
:10AEC400E4650020F4650020046600200866002084
:10AED400F8650020E0650020D46500201466002099
:10AEE40018660020FC650020006600201C66002017
:10AEF400DC650020D8650020FFF75EFC052D08D036
:10AF0400C4F30740FFF758FC072D02D1200EFFF7CA
:10AF140053FC2B4B2B4819882B4A0170080A2B4CE5
:10AF2400107000202A4A1880F023246813707CB320
:10AF340001222848A0470120F8BD0E2D7FF484AEDD
:10AF44000E2A7FF481AE244AE02021491268087059
:10AF540072B3610CC4F30640DDB201F47E51260CD9
:10AF6400240E01432846F6B2A1F500519047C3E6EA
:10AF7400FFF722FCC4F30740FFF71EFC200EFFF787
:10AF84001BFC0020F8BDC4F3074601E73C46B3E6CA
:10AF9400124B1B688BB10F4898470120F8BD104B2A
:10AFA4001B68002BEFD0FA20C4F307469847EFE65E
:10AFB400C4F30746DDB2240E9EE60120F8BD00BFAF
:10AFC400706700209C6700209D67002010660020A9
:10AFD4009E67002024660020F06500200C66002097
:10AFE400F8650020F8B5144C4FF0E025134E4FF4EB
:10AFF400003204EB4024124F06EB40160346C5F81A
:10B004008C2121463A883046FFF76EFB3B88234467
:10B01400BFF34F8FC5F85C4F2034A342FAD8BFF377
:10B024004F8FBFF36F8F03203146FFF789FB4FF437
:10B034000033C5F80C31F8BD604D2020201C0020E1
:10B0440066670020244B2DE9F0411C884368C569DC
:10B05400C3F30E43E41A002C24DD204920480A7867
:10B064000078D3B21F4E82421F4807D010F80380E5
:10B0740036F81870C7F50072944218D901330022CB
:10B0840026F81540082B194E88BF134626F81520BC
:10B0940098BFDAB2C554164B0A701A6814441C607F
:10B0A400BDE8F0812846BDE8F041FFF79BBF07EB00
:10B0B4004820104922462744084401EB4521FEF765
:10B0C4009DFB0B4A284626F8187013682344BDE8F4
:10B0D400F0411360FFF786BF666700208E6700208B
:10B0E400906700201C650020506500203865002012
:10B0F4000C650020604D20201D4B1A78002A36D1A3
:10B1040002F0FF031B4A12788AB32DE9F0411A4D6D
:10B114002A8852B3194EC2F50068194F3278194C77
:10B1240007EB421704EBC224424638462146FFF798
:10B13400DBFA04EB0802BFF34F8F4FF0E023C3F8B0
:10B14400704F2034A242FAD8BFF34F8FBFF36F8FF2
:10B1540003203946FFF7E0FA33780133DBB2032BDF
:10B1640088BF0023337000232B80BDE8F081704733
:10B1740096670020986700206A6700209467002083
:10B18400A01D0020605D2020704700BF2D4B0021D2
:10B1940080222D4870B51B7800242C4D8B422C4EF8
:10B1A4000CBF40234FF400732B80338001F08AFDE1
:10B1B400284A2146284B14704FF4807227481C807B
:10B1C40001F080FD264A1021264B0220C2E90044EA
:10B1D400C2E90244244AC3E900441470234AC3E97F
:10B1E4000244234B1C70234614602246FFF74AFA9C
:10B1F4002246318803201F4BFFF712FA234601220F
:10B2040029880320FFF73EFA20460134FFF7EAFEBF
:10B21400082CF9D1184B00214A221848184C046014
:10B22400C3F88410C3F88020D3F84821154942F0AC
:10B234008072C3F8482121B1134A137843F0010303
:10B24400137070BD99670020A01D00206E67002058
:10B2540066670020946700206A670020201C002095
:10B264001C650020386500208E6700200C650020D6
:10B2740090670020B592000000002E40486700202F
:10B284006993000000000000A1670020044B10B582
:10B294001C680CB1204610BD00F004F8204610BD17
:10B2A4000C6500202DE9F8432D4B1E7866B12D4F17
:10B2B4003B784BB90123F1073B7043D4B20726D442
:10B2C40000233B70730701D4BDE8F883264B1A684A
:10B2D400002AF9D0EFF30582002AF5D1EFF31085A7
:10B2E40072B61868002834D0204C2178002930D157
:10B2F4000122227042691A60002A2ED0916105B998
:10B3040062B600258368457798472570DCE7DFF847
:10B31400648098F80030002BD2D00025DFF85890D4
:10B324002B4659F823400135236820461B6998476A
:10B3340010B163699B68984798F80020EBB29A4271
:10B34400EFD8BDE7FFF7A2FF0028B7D0AFF3008026
:10B35400B4E7002DB8D162B6B6E7054B1A60CEE764
:10B36400A167002076670020A81E002073670020D4
:10B37400B41E002075670020D01E002070B5EFF3C6
:10B38400108272B60C4C206880B10C4E00254369C3
:10B39400236073B19D6102B962B6836845779847AB
:10B3A400EFF3108272B620680028F0D102B962B6B9
:10B3B40070BD3360EFE700BFB01E0020AC1E00205C
:10B3C400FFF7DCBF0449054A4968054B1960136857
:10B3D40001331360704700BF001000E0786500205F
:10B3E4007465002001F1FF3C70B56646002400E05E
:10B3F4000134B0FBF2F502FB1503092B03F1370E00
:10B4040003F130035FFA8EFE98BF5FFA83FE904229
:10B41400284606F801EFEBD2631C0022C818CA5470
:10B424007CB162461CF8015F10F8016DA1EB0C03BE
:10B4340002328CF80060013B521A057023449A4290
:10B44400EFDB084670BD00BF074A506A936A19468D
:10B454008446506A936A9942F9D18445F7D1DB0B4B
:10B4640043EA4040704700BF00400D400346084691
:10B47400194601F079BC00BF10EE103A40F22A419F
:10B48400C3F30A528A42B7EEC03A32D8B7EE000B81
:10B494002D4B93ED4A2B93ED481BB0EE417BA2EE6E
:10B4A400037B17EE100A37EE417B00F01F0203EB1B
:10B4B400C20130B492EE037B93ED4C4B53F832400F
:10B4C4004D6893ED4E6B93ED505BA4EE076B27EE46
:10B4D400074B00210A1905EBC033A5EE070B43EC1B
:10B4E400172BA6EE040B30BC20EE070BB7EEC00BF7
:10B4F400704713F5000F20D0B2F5FF6F1AD2DFEDBD
:10B50400137AB4EEE70AF1EE10FA10DCDFED107AEC
:10B51400B4EEE70AF1EE10FA12D4DFED0E7AB4EECF
:10B52400E70AF1EE10FAB1D5002000F0EFB90020DF
:10B5340000F0F2B930EE000A70479FED070A704739
:10B54400002000F0DDB900BF800200201772B14274
:10B55400B4F1CFC2CF8ECEC20000000008B52DEDED
:10B56400028BF0EE408AB0EE608A00F007FBF4EE46
:10B57400488AF1EE10FA06D6DFED098AB4EE688A3D
:10B58400F1EE10FA02D0BDEC028B08BD01F004FC10
:10B5940088EEA80ABDEC028B2123036008BD00BF1E
:10B5A400000000000000000030B410EE103A2DED51
:10B5B400028BA3F5000110EE902AB1F1FE4F10EEBC
:10B5C400104A82B04FEA42017CD201F1FF3C6FF095
:10B5D4008070844580F0F780002004F1404303F537
:10B5E4004D03C3F3C342DB0DDB05E11ADB1507EEA4
:10B5F400903AB14B03EB021292ED003B04EE101AA9
:10B60400B7EEE06AB7EEC44ABFEE000BA3EE040B3C
:10B6140093ED443B20EE001B93ED464B93ED402B02
:10B62400A0EE034B93ED425B93ED483BA0EE025B2F
:10B6340021EE012B92ED028BB8EEE77B37EE087B0F
:10B64400A0EE037BA1EE047BA5EE027B26EE077B36
:10B6540017EE903A48F2BF01C3F3CF338B4250D276
:10B66400B7EE000B954B93ED402B37EE023B13EEF8
:10B67400102A33EE423B02F01F01821803EBC10093
:10B6840093ED424B37EE437B53F83140456893EDDD
:10B69400446B93ED465BA7EE046B27EE074B002348
:10B6A400181905EBC231A7EE050B41EC170BA6EEFA
:10B6B400040B20EE070BB7EEC00B02B0BDEC028BFF
:10B6C40030BC70474D1E6FF08070854280F0CE8094
:10B6D40059004D1E854280F09280002B55DB0020DE
:10B6E400B4F5000FBFF479AFDFED757A07EE103AC9
:10B6F40067EE277A17EE904A24F00044A4F13864E8
:10B704006BE79FED656BB4EEC67BF1EE10FA15DCCA
:10B714009FED636BB4EEC67BF1EE10FA20DD4FF0C3
:10B724004C5388B10193DDED016ABFEE006A76EEF9
:10B73400666AF4EE466AF1EE10FA11D002B0BDEC7E
:10B74400028B30BC00F0E8B80093DDED006AB7EE80
:10B75400006A76EE866AF4EE466AF1EE10FAEDD1EE
:10B764009FED516BB4EEC67BF1EE10FA57D99FED05
:10B77400506BB4EEC67BF1EE10FA7FF571AF02B0F8
:10B78400BDEC028B30BC00F0C1B8C2F3C7517E29B6
:10B7940011DD962954DC0120C1F1960100FA01F172
:10B7A400481E104207D1114214BF0120002000049A
:10B7B40024F0004494E700EE103A02B0BDEC028B92
:10B7C40030BC00F0C1B8002952D0B3F17E5F2CD058
:10B7D4006400B4F17F4F2ED8B1F17F4F2BD1B4F177
:10B7E400FE4F4BD0B4F1FE4F6FEA020234BF002487
:10B7F4000124D20F94424CD09FED320A5DE7002B16
:10B8040020EE000A1EDB002000293AD1002ABFF6F0
:10B8140054AF02B0BDEC028B30BC00F083B802B070
:10B82400BDEC028B30BC00F06BB882F48002520095
:10B8340012F5000F22D907EE903A37EEA00A3CE742
:10B844000020B5E7C2F3C753A3F17F001728DAD865
:10B85400C3F19600012303FA00F0441E1442D2D12E
:10B864001040D1D0B1EE400A1846CDE70029AFD13F
:10B8740084F48002520012F5000FDCD8B7EE000AFF
:10B884001BE7002ABFF619AFF7EE007A87EE800AAD
:10B8940013E720EEA00A10E771D5D1FFFFFF5F4048
:10B8A400E2AAA3FFFFFF5F400000000000C062C0E7
:10B8B4000000000000A062C0C80300208002002035
:10B8C4000000004B0000000010B582B08DED010AAD
:10B8D400044601F061FA9DED010A046002B010BD56
:10B8E40030B1F1EE407A27EE800A2220FFF7ECBF58
:10B8F400F0EE407A27EE800A2220FFF7E5BF00BF72
:10B904009FED010AFFF7ECBF000000109FED010A54
:10B91400FFF7E6BF0000201A9FED010AFFF7E0BF22
:10B92400000000709FED070AFFEE007AB7EE007A80
:10B9340000284FF0220047FE277A87EE800AFFF79F
:10B94400C3BF00BF0000000070EE407AB4EE400AAE
:10B9540087EEA77AF1EE10FAB0EE470A02D621205C
:10B96400FFF7B2BF704700BF10EE103A114A23F040
:10B974000043934218DDB3F1FF4F02DB30EE400A7F
:10B98400704700B583B0684600F088F9400000F0C5
:10B994000200DDED010A9DED000AC0F1010000F096
:10B9A4000DF803B05DF804FBDFED030A012000F09D
:10B9B40005B800BFDA0F493F0000000008B510EEDB
:10B9C400103A23F00042B2F1465FF0EE407A0FDA0B
:10B9D400BDEEC07A17EE101AF9B9431C134300F0F8
:10B9E4009F80012803D0BFEE007A87EE270A08BDA6
:10B9F40050498A4211DB9FED507ADFED506A002BEB
:10BA0400BCBFF1EE600AF1EE407A77EE677A36EE6B
:10BA1400E07ADFED4B0A77EE277A67EEA76ADFED6F
:10BA2400494ADFED495A9FED495A9FED496A414918
:10BA340026EEA67A8A42E7EE245AA7EE056ADFEDDF
:10BA4400454A9FED455AE5EE874AA6EE075ADFEDD3
:10BA5400435A9FED436AE4EE875AA5EE076ADFED89
:10BA6400414A9FED415AE5EE874AA6EE075A9FEDFB
:10BA74003F6ADFED3F5AA4EE876AE5EE075AB0EE5F
:10BA8400467AA5EEA67A27EEA65AB0EE606AA7EE2D
:10BA9400056ADFED384AE6EE260AE5EE240A37EEBB
:10BAA400A00A1FDA0128A2D0BFEE007AC7EE006A0E
:10BAB400314B10EE102A1A4006EE102A16EE902A88
:10BAC40076EE677A134000EE103AB7EE007A70EE25
:10BAD400E70AF0EE477AE6EE007AE0EE807AA7EE27
:10BAE400A60A08BD07EE100AB8EEC77A60EE006A2F
:10BAF40030EE070A9B1786EE806A03F00203C3F157
:10BB04000103F0EE005A36EE606A06EE903A77EEE4
:10BB1400C67AF8EEE66AA7EEE57A26EE870A08BD4D
:10BB240000F020FAB7EE007AF0EE407A87EE270AAA
:10BB340008BD00BF40A12C3FDA0F493F68212233E2
:10BB4400000000005FAE9BB745F4A3388453D93797
:10BB54007AC09538C8261A3AB937813916696B3BC9
:10BB640048DEBE3AA427B33C1F37113C8988083EFF
:10BB7400D10D5D3DABAAAA3E00F0FFFF30B583B006
:10BB8400CDED010A019D35F0004041D010EE10EAE0
:10BB94002EF00041B1F1FF4F3ADAB0F1FF4F37DC3C
:10BBA40081423BDB0EF000443AD01EF0FF4F56D1E9
:10BBB4000B02002B6FF07D0204DD5B00002B02F111
:10BBC400FF32FADC15F0FF4F58D103026FF07D0C01
:10BBD40003D45B000CF1FF3CFBD512F17E0F47DB75
:10BBE400CEF3160E4EF400031CF17E0F3ADBC5F3C0
:10BBF400160141F40000B2EB0C0204D117E00FD09F
:10BC04004B00013A13D0191A0029F8DA5B00F8E75F
:10BC1400DDED017A60EE277A87EEA70A03B030BD26
:10BC24001D4B03EB547393ED000A03B030BD181A97
:10BC340058BF03461BB9F3E75B000CF1FF3CB3F5B7
:10BC4400000FF9DB1CF17E0F1DDBA3F500030CF1E3
:10BC54007F0C234343EACC5300EE103ADEE7CA15C7
:10BC64007F3AAFE76FF07D01A1EB0C018840C2E79A
:10BC74006FF07D039B1A01FA03F3B5E74FEAE05C2A
:10BC8400ACF17F0CA9E76FF07D02A2EB0C0213412B
:10BC9400234300EE103AC1E79805002070B510EE7A
:10BCA400103A884A23F00044944286B0054670DD79
:10BCB400854A944210EE106A22DC002BDFED837A71
:10BCC400834A24F00F04B0EE407A40F3E2809442B9
:10BCD40070EE677A09BFDFED7F6A9FED7F7A9FED93
:10BCE4007F7A77EEE67A012077EEC76A77EEE67A16
:10BCF400C5ED006A77EEC77AC5ED017A06B070BD6E
:10BD0400774A944254DDB4F1FF4F49DAE215863A9A
:10BD1400A4EBC25307EE903ABDEEE77ADFED716A09
:10BD2400B8EEC77A77EEC77A8DED037A67EEA67A16
:10BD3400BDEEE77AB8EEC77A77EEC77A8DED047A6E
:10BD440067EEA67AF5EE407AF1EE10FACDED057ABB
:10BD540040F08E80B5EE407AF1EE10FA14BF022363
:10BD64000123614901910221009103A8294600F0B1
:10BD740001F9002EC2DA95ED007AD5ED017AB1EE23
:10BD8400477AF1EE677A85ED007AC5ED017A404293
:10BD9400B4E7002285ED000A4260002006B070BDC1
:10BDA40070EE407A0020C5ED017AC5ED007AA5E772
:10BDB40000F0D8F89FED4D7A9FED446AF6EE007AD4
:10BDC400E0EE077A9FED447AFDEEE77A17EE900AEB
:10BDD400F8EEE76A1F28A6EEC60A66EE877AB1EE89
:10BDE400666A1EDC424A411E24F0FF0352F82120F9
:10BDF400934216D030EE677A85ED007A30EE470A2A
:10BE0400002E30EE670A85ED010ABFF677AFB1EE7A
:10BE1400477AB1EE400A85ED007A85ED010A404289
:10BE24006CE730EE677AE21517EE103AC3F3C753A6
:10BE3400C3EBD453082BDFDD9FED267A9FED275A01
:10BE4400F0EE405AE6EE075A70EE657AE6EE077AAF
:10BE5400D6EE857A35EEE77A17EE103AC3F3C75378
:10BE6400D21A192A06DCB0EE650A85ED007AC5E718
:10BE7400032376E79FED1F7A9FED1F5AB0EE650A04
:10BE8400A6EE070A75EEC07AE6EE077AD6EE857A54
:10BE9400B0E7944270EE277A09BFDFED0E6A9FED9A
:10BEA4000E7A9FED0E7A77EEA67A4FF0FF3077EE9A
:10BEB400876A77EEE67AC5ED006A77EE877AC5ED94
:10BEC400017A1BE7D80F493FE3CB1640800FC93FE7
:10BED400D00FC93F004435374344353708A3852E76
:10BEE400800F494300008043B409002084F9223FB5
:10BEF4007808002000A3852E32318D2410EE101A0C
:10BF0400C1F3C7520029A2F17F0CB4BF4FF0FF3038
:10BF14000120BCF11E0F0FDCBCF1000F1DDBC1F3CF
:10BF24001603BCF1160F43F400030ADD963A03FA34
:10BF340002F202FB00F07047FDEEC07A17EE900AA1
:10BF440070474FF4800242FA0CF21A44CCF1170CF9
:10BF540022FA0CF202FB00F07047BCF1FF3F18BF5D
:10BF64000020704710EE103A23F0004300EE103A20
:10BF7400704700BF2DE9F04F2DED048BDBB01C465C
:10BF840003930691A04B6899089253F82150111D10
:10BF9400824604F1FF38C0F29882D31E48BF131DB5
:10BFA400DB1002930133DB000793DDE907239B1ABF
:10BFB4000593029B15EB0801A3EB080316D401318A
:10BFC4009FED927A699819441EAA002BA4BF50F8D9
:10BFD400234007EE904A03F10103ACBFF8EEE77A81
:10BFE400F0EE477A8B42E2EC017AEED1002DC0F2FA
:10BFF400DB82039B1EAA02EB830446AE4FEA830C4A
:10C004004046EF180AEB8301B8F1000FDFED7F7AA9
:10C0140009DB22465346F3EC016A32ED017A8B4286
:10C02400E6EE877AF7D10130B842E6EC017A04F102
:10C034000404E9D10AAF07EB8503043B9FED759A2D
:10C04400DFED738A059804930AEB0C0407EB85096A
:10C0540046AE00955AAB03EB8503002D13ED140A8D
:10C064004FEA850B16DD06EB85033A4660EE097A46
:10C07400B0EE407AFDEEE77A73ED016AF8EEE77A06
:10C08400B342A7EEE87A37EEA60ABDEEC77AA2EC71
:10C09400017AEBD1019000F0DFFAB0EE408AB4EE01
:10C0A400000A28EE000A00F091FAF2EE007AA0EEFF
:10C0B400678A01980028FDEEC89AF8EEE97A38EE0E
:10C0C400678A76DD05F1FF3EC0F1080357F82E209C
:10C0D40042FA03FC0CFA03F3D31AC0F1070119EE78
:10C0E400902A47F82E300B416244002B09EE902A27
:10C0F40067DCB5EE408AF1EE10FA40F0BE80009A9B
:10C1040005F1FF3B5A450EDC4FEA850C07EB85022F
:10C1140000219E4652F8043D4A4541EA0301F9D103
:10C12400002940F0F180009B013B57F82330002B9D
:10C1340040F0E680049B4FF0010C53F8042D0CF101
:10C14400010C002AF9D06B1CAC449E460299039A58
:10C1540001EB030B0BF1804B69992A440BF1FF3B74
:10C1640006EB83051EAB01EB8B0B03EB8201DBEDCE
:10C17400017A9FED267AF8EEE77AB8F1000F0BF119
:10C18400040BC1ED007A0A4601F1040109DB5346B0
:10C1940001E072ED017AF3EC016AA342A6EEA77AFC
:10C1A400F7D10EF1010EE645A5EC017ADFDD654617
:10C1B40050E740F09B806B1E57F82330DB11002BB7
:10C1C40097DD19EE902A002D02F1010209EE902A62
:10C1D40040F39181396800297ED1012D26D03A4659
:10C1E4004FF0010C52F8041F002979D00CF1010220
:10C1F400C1F58071954247F82C1016DD57F82210CE
:10C20400BB4407EB82020AE06C0800200000000037
:10C21400000080430000803B0000C93F1168C1F169
:10C22400FF0142F8041B5A45F8D1012100280CDD16
:10C23400012800F04181022807D105F1FF3C57F89D
:10C244002C2002F03F0247F82C20022B7FF451AF40
:10C25400B7EE000A30EE488A00293FF44AAF09934A
:10C26400019000F0F9F938EE408A099B0198B5EE87
:10C27400408AF1EE10FA3FF442AF9846DDE9073206
:10C28400B0EE480A981A0195009D00F0E5F91FEDFB
:10C29400207A019BB4EEC70AF1EE10FAC0F2558180
:10C2A4005FED247A059A60EE277A0832FDEEE77A8C
:10C2B4000592F8EEE77A03F1010BA7EEC70AFDEE4B
:10C2C400E77ABDEEC00A10EE102A47F8232017EED5
:10C2D400903A47F82B302BE001224FF0000C87E70F
:10C2E4000CF1010CAC457FF47DAF9FE7F6EE007ACC
:10C2F400B4EEE78AF1EE10FA80F2EC800023F8E65F
:10C304006B1C9E469C4621E7059B009DA3F10802F9
:10C3140057F82B300592F04653B9ACF104033B4473
:10C3240053F8041D0BF1FF3B083A0029F8D005929D
:10C334000598B7EE000A00F08FF9BBF1000FC0F2C8
:10C3440029810BF1010646AA1FED4E7A4FEA860CAD
:10C3540007EB860302EB860273ED017AF8EEE77AC7
:10C36400BB4267EE807A20EE070A62ED017AF3D1D0
:10C37400ACF1040346AA002D1FED596A02EB030435
:10C384004FF0000022DB8F49DFED8F7AB0EE467A62
:10C394002246002303E0984208DBB1EC017AF2EC78
:10C3A400016A01339D42E6EE877AF4DA5AAB03EB75
:10C3B4008003584543ED287A4FEA800100F10102D9
:10C3C400A4F1040405D0002D1046DCDADFED7E7AFA
:10C3D400ECE7689A022A1DDC002A00F38E8010D153
:10C3E40032ABDFED797A9C443CED017A634577EE1C
:10C3F400877AF9D143460BB1F1EE677A069BC3ED18
:10C40400007A19EE903A03F007005BB0BDEC048BA0
:10C41400BDE8F08F689A032AF3D1BBF1000F00F056
:10C42400CB8032A813ED287A00EB8B020BF180430A
:10C4340072ED017AF0EE476A37EE277A904277EE92
:10C44400C77A82ED007A77EEA67AC2ED017AEFD14F
:10C45400BBF1010F40F3B08001F5B4720DEB0201A2
:10C4640011ED287A9A0033A900EB830373ED017A66
:10C47400F0EE476A37EE277A994277EEC77A83ED72
:10C48400007A77EEA67AC3ED017AEFD1131DDFEDC2
:10C494004E7A0344083033ED017A984277EE877A76
:10C4A400F9D14346002B58D10699329A339B0A603E
:10C4B4004B60C1ED027AA4E705F1FF3C57F82C204C
:10C4C40002F07F0247F82C20BFE6082307930023DD
:10C4D40002936AE519EE903A002D03F1010309EE87
:10C4E400903AC8BF02233FF775AEF7EE007A37EEF5
:10C4F400C88A0223FDE5002198E632ABDFED327AEB
:10C5040003EB860636ED017AB34277EE877AF9D1EA
:10C5140043469DED327A93BB069BBBF1000FC3EDFE
:10C52400007A77EE677A0CDD33AA0123B2EC017A44
:10C5340001339B4577EE877AF8DA43460BB1F1EE87
:10C54400677A069BC3ED017A5BE7BDEEC00A9B46A2
:10C5540010EE102A47F82320EAE6DDED326A9DED5D
:10C56400337A069BF1EE666AB1EE477AF1EE677AAA
:10C57400C3ED006A83ED017AC3ED027A41E7069BBD
:10C58400F1EE676ABBF1000F77EE677AC3ED006ADC
:10C59400CADCD4E7689B022B0ADC002B0FDC7FF497
:10C5A40030AFDFED097A25E7039B4FEA830C41E5C1
:10C5B400689B032B7FF425AFDFED037A71E7DFED92
:10C5C400027AA5E7700500200000000010EE102A92
:10C5D400C2F3C7537F3B162B22F000412ADC002B09
:10C5E40010EE100A18DB194919410A4221D0DFED77
:10C5F400187A70EE277AF5EEC07AF1EE10FA18DDAB
:10C60400002A04DA4FF4000242FA03F3184420EA41
:10C61400010300EE103A7047DFED0D7A70EE277AD1
:10C62400F5EEC07AF1EE10FA03DD002A08DB9FED87
:10C63400090A7047B1F1FF4FFBD330EE000A70478F
:10C64400FFEE007A002900FE270A7047FFFF7F00F3
:10C65400CAF249710000000010EE103A33F00041B4
:10C6640010EE102A27D0B1F1FF4F21D213F0FF4F63
:10C6740022D1DFED2B7A2B4A60EE277A904217EE17
:10C68400903A33DB4CF2503CC3F3C751604517EE8C
:10C69400902AA1F1190115DDDFED237ADFED236A7C
:10C6A400B0EE677A002B67FEA67A27EE870A7047FA
:10C6B40030EE000A704770474CF2503C60454FEA38
:10C6C400D151E9DC0144FE29E6DC002915DC11F135
:10C6D400160F19DB193122F0FF4242EAC15207EE6C
:10C6E400902A9FED130A27EE800A7047DFED117A36
:10C6F40007EE103A27EE270A704722F0FF4242EA7B
:10C70400C15300EE103A7047DFED0A7ADFED0A6A92
:10C71400B0EE677A002B67FEA67A27EE870A704789
:10C724000000004CB03CFFFFCAF24971CAF249F163
:10C73400000000336042A20D6042A28D024B01460C
:10C74400186800F003B800BF801200202DE9F04FF4
:10C7540001F10B06162E83B0044624D8102900F2EA
:10C76400BA8000F0A3FA102618220220B54F3A44EA
:10C77400A2F1080153688B4200F0BA805A68D96864
:10C7840022F003021A449D68E9608D60516841F00B
:10C7940001012046516003F1080500F08DFA284696
:10C7A40003B0BDE8F08F36F0070600F19480B14283
:10C7B40000F2918000F07AFAB6F5FC7FC0F09A811D
:10C7C400730A00F08F80042B00F26F81B30903F128
:10C7D400390003F1380CC3009A4F3B44A3F1080518
:10C7E4005B689D4206D10CE0002980F22781DB685A
:10C7F4009D4206D05A6822F00302911B0F29F3DDF3
:10C8040060463D69DFF850C265457CD06A6822F015
:10C814000302931B0F2B00F37B81002BC7E904CC8D
:10C8240080F26C81B2F5007F80F01A81D3087968B8
:10C8340001334FEA521E012202FA0EF20A4357F85C
:10C8440033E0C5F808E007EBC3010839E9607A6012
:10C8540047F83350CEF80C5083100121994091428F
:10C8640057D8114206D120F003004900114200F1CB
:10C874000400FAD007EBC0094D468646D5F80C8073
:10C88400454508D11DE1002B80F22481D8F80C80A5
:10C89400454500F01681D8F8042022F00302931BCA
:10C8A4000F2BF0DD2046D8E9025408EB060146F0D0
:10C8B4000106C8F80460EC60A56043F00104C7E910
:10C8C4000411C1E902CC4C6048F8023000F0F4F9DC
:10C8D40008F1080502E00C2323600025284603B074
:10C8E400BDE8F08F4FF4007340204FF03F0C73E726
:10C8F400D3689A4208BF02307FF440AF3D69DFF845
:10C9040058C1654582D17A688310012199409142CA
:10C91400A7D9BD686B6823F003094E4503D8A9EB7A
:10C9240006030F2B7ADCDFF834B1474BDBF8002029
:10C934001B680132334405EB090A00F0338103F527
:10C9440080530F3323F47F6828F00F0841462046B4
:10C9540000F010FA411C024600F0F380824500F218
:10C96400EE803A4B196841441960084600F04E8144
:10C97400DBF80010019301311BBFA2EB0A01091877
:10C98400CBF80020196012F0070B00F01781CBF1EF
:10C9940008010A44CBF5805190440831A1EB080109
:10C9A400C1F30B0A51462046009200F0E3F9421C01
:10C9B400DDE9002300F04F81801A00EB0A081968B2
:10C9C400BA6048F001005144BD425060196000F063
:10C9D4002981B9F10F0F40F227816868A9F10C0C85
:10C9E4002CF0070C00F0010040EA0C0068604FF0E6
:10C9F400050E05EB0C00BCF10F0FC0E901EE00F2CF
:10CA0400328150681546124B1A688A4238BF196041
:10CA1400104B1A688A4238BF196094E0AA1943F08F
:10CA2400010346F001066E602046BA60536000F0D0
:10CA340043F90835284603B0BDE8F08FD9681A4495
:10CA4400A1E600BF700E002010210020E02000208D
:10CA5400082100200C210020780E002078120020EC
:10CA6400B2F5206F4FEA522363D3142B00F2B78040
:10CA740003F15C01C9005B3307EB010E7958AEF199
:10CA8400080E8E4500F091804B6823F00303934217
:10CA940002D989688E45F7D1D1F80CE07A68C5E9E6
:10CAA400021ECEF80850CD60D6E6142B59D9542B6B
:10CAB40000F29D80330B03F16F0003F16E0CC30091
:10CAC4008AE60EF1010E1EF0030F05F108057FF44E
:10CAD400D5AE51E0424445465368D8F80C1043F0B3
:10CAE4000103536055F8083F2046D9608B6000F07D
:10CAF400E3F8F3E6F00806F1080237E62A44204694
:10CB0400536843F001035360083500F0D5F8E5E6B7
:10CB1400A919204646F0010643F001046E60C7E9F6
:10CB24000411C1E902CC4C60AB5000F0C5F80835E3
:10CB3400D4E6930903F13901C90038339CE7BD42B7
:10CB44005FD0BD68686820F003084645A8EB06037B
:10CB540002D80F2B3FF762AF204600F0ADF8002556
:10CB6400BCE603F15C0003F15B0CC30034E659F846
:10CB740008394B4540F0968010F0030F00F1FF3068
:10CB8400F5D17B6823EA01037B60490099423FF6B3
:10CB9400C0AE19B9BDE649000EF1040E1942FAD02F
:10CBA400704667E603F11008D0E69A104FF00108CA
:10CBB4007B6808FA02F21A437A6070E702EB080114
:10CBC4004942C1F30B0A51462046009200F0D2F8C4
:10CBD400431CDDE900237FF4EFAEDA46EFE6542B85
:10CBE40025D8130B03F16F01C9006E3344E7B3F585
:10CBF400AA7F25D8F30B03F1780003F1770CC30067
:10CC0400EAE5294B186840441860B1E6CAF30B0CF6
:10CC1400BCF1000F7FF4ACAEBD68C84448F001001D
:10CC24006860F0E61546EEE60123536094E7B3F539
:10CC3400AA7F23D8D30B03F17801C90077331BE70C
:10CC440040F25452934223D8B30C03F17D0003F114
:10CC54007C0CC300C0E5ABF1080BD844A8EB020878
:10CC64004FF0000AABE605F108012046009300F0FE
:10CC740055F9BD68009B68681968C4E640F25451D0
:10CC84008B420BD8930C03F17D01C9007C33F3E68E
:10CC94004FF47E737F204FF07E0C9DE54FF47E7140
:10CCA4007E23E9E67B6870E7E0200020014800F07D
:10CCB4009DB800BFDC200020014800F099B800BFF7
:10CCC400DC200020830730B548D0541E002A3FD012
:10CCD400CAB2034601E0013C3AD303F8012B9D0795
:10CCE400F9D1032C2DD9CDB245EA05250F2C45EAFF
:10CCF400054536D9A4F1100222F00F0C03F1200EE1
:10CD0400E6444FEA121C03F1100242E9045542E9D9
:10CD1400025510327245F8D10CF1010214F00C0FD7
:10CD240003EB021204F00F0C13D0ACF1040323F054
:10CD340003030433134442F8045B9342FBD10CF025
:10CD440003042CB1C9B21C4403F8011B9C42FBD15F
:10CD540030BD64461346002CF4D1F9E7034614466B
:10CD6400BFE71A46A446E0E713460A4601460220F6
:10CD740000F040B838B5074D0022044608462A6042
:10CD8400FDF724F8431C00D038BD2B68002BFBD0E2
:10CD9400236038BD44640020014B1868704700BF0D
:10CDA4008012002070B50D4E0D4D761BB61006D0C6
:10CDB400002455F8043B01349847A642F9D1094EA2
:10CDC400094D761B00F0BCF9B61006D0002455F8C6
:10CDD400043B01349847A642F9D170BD001C0060A1
:10CDE400001C0060101C0060001C0060704700BF45
:10CDF400704700BF2DE9F047DFF87CA00646DAF85B
:10CE0400000098460F469146FFF7F0FF184B1C6848
:10CE140024B365681F2D24DC5EB96B1C0235DAF877
:10CE24000000636044F82570FFF7E2FF0020BDE8CE
:10CE3400F08704EB85010123C1F88890D4F8882198
:10CE4400AB401A43022EC4F88821C1F80881E4D10A
:10CE5400D4F88C211A43C4F88C21DEE7054C1C60FD
:10CE6400D7E7DAF80000FFF7C3FF4FF0FF30DEE743
:10CE7400441F0020481F0020640E0020F8B5244FF2
:10CE84000C460646FFF712FFBB685D68C4F57E6179
:10CE94000F3125F003054B1923F47F6323F00F03AF
:10CEA400A3F58054B4F5805F07DB00213046FFF71B
:10CEB40061FFBB682B44984204D03046FFF7FCFE68
:10CEC4000020F8BD61423046FFF754FF01300DD019
:10CED400104ABB682D1B45F001055D6013683046A0
:10CEE4001B1B1360FFF7E8FE0120F8BD002130464C
:10CEF400FFF740FFBA68831A0F2BDEDD43F001030E
:10CF04005360054B03491B68C01A0860D5E700BF8E
:10CF1400700E0020E020002078120020002961D04B
:10CF2400F8B50C460646FFF7C1FE54F8042C7B4FB7
:10CF3400A4F1080522F0010105EB010CB868DCF846
:10CF44000430604523F0030300F08B80D207CCF853
:10CF5400043032D454F8082CAD1A1144AA6807F1ED
:10CF6400080082426AD00CEB0304D4F804E0EC68B5
:10CF7400D4601EF0010FA26000F0978041F001031D
:10CF84006B60CCF80010B1F5007F35D27868CB081F
:10CF94000122490901338A40024357F833107A6069
:10CFA40007EBC302083AC5E9021247F83350CD60D3
:10CFB4003046BDE8F840FFF77FBE0CEB0302526831
:10CFC400D00710D4194407F10800DCF80830834274
:10CFD40073D0DCF80C20DA60936041F001036B60DD
:10CFE4006950D0E7704741F00103B1F5007F44F880
:10CFF400043CCCF80010C9D3B1F5206F4FEA51239B
:10D0040048D28B0903F1390003F13802C300F81840
:10D01400FB580838984259D05A6822F003028A42D1
:10D0240002D99B689842F7D1D868C5E90230856077
:10D03400DD603046BDE8F840FFF73EBE0CEB03026E
:10D044005268D20763D40B44DCE90212CA609160CF
:10D0540043F001026A603046EB50BDE8F840FFF748
:10D064002BBE0B44D10707D454F8082CAD1A134433
:10D07400D5E90212CA60916043F001026A60284A4D
:10D08400BD6012689A4293D8264B30461968FFF760
:10D09400F5FE8DE7142B0AD9542B1FD80B0B03F183
:10D0A4006F0003F16E02C300B1E719448DE703F189
:10D0B4005C0003F15B02C300A9E741F00103C7E987
:10D0C4000455C5E902006B60695071E779689210F4
:10D0D400012404FA02F20A437A60A6E7B3F5AA7FB0
:10D0E40006D8CB0B03F1780003F17702C3008EE777
:10D0F40040F25452934206D88B0C03F17D0003F1A5
:10D104007C02C30083E74FF47E737E227FE741F005
:10D1140001036B60CCF800104AE700BF700E0020DA
:10D124007C120020102100205FF800F069160060D6
:10D134005FF800F0151600605FF800F04D1B00600A
:10D144005FF800F0A11B0060000000000000000078
:04D15400F8B500BF6B
:08D1580018E3FF7F0100000055
:10D1600000000000000000000000000000000000BF
:10D1700000000000000000000000000000000000AF
:10D18000000000000000000000000000000000009F
:10D19000000000000000000000000000000000008F
:10D1A000000000000000000000000000000000007F
:10D1B000000000000000000000000000000000006F
:10D1C000000000000000000000000000000000005F
:10D1D000000000000000000000000000000000004F
:10D1E000000000000000000000000000000000003F
:10D1F000000000000000000000000000000000002F
:10D20000000000000000000000000000000000001E
:10D21000000000000000000000000000000000000E
:10D2200000000000000000000000000000000000FE
:10D2300000000000000000000000000000000000EE
:10D2400000000000000000000000000000000000DE
:10D2500000000000000000000000000000000000CE
:10D2600000000000000000000000000000000000BE
:10D2700000000000000000000000000000000000AE
:10D28000000000000000000000000000000000009E
:10D29000000000000000000000000000000000008E
:10D2A000000000000000000000000000000000007E
:10D2B000000000000000000000000000000000006E
:10D2C000000000000000000000000000000000005E
:10D2D000000000000000000000000000000000004E
:10D2E000000000000000000000000000000000003E
:10D2F000000000000000000000000000000000002E
:10D30000000000000000000000000000000000001D
:10D31000000000000000000000000000000000000D
:10D3200000000000000000000000000000000000FD
:10D3300000000000000000000000000000000000ED
:10D3400000000000000000000000000000000000DD
:10D3500000000000000000000000000000000000CD
:10D3600000000000000000000000000000000000BD
:10D3700000000000000000000000000000000000AD
:10D38000000000000000000000000000000000009D
:10D39000000000000000000000000000000000008D
:10D3A000000000000000000000000000000000007D
:10D3B000000000000000000000000000000000006D
:10D3C000000000000000000000000000000000005D
:10D3D000000000000000000000000000000000004D
:10D3E000000000000000F03F748515D3B0D9EF3F76
:10D3F0000F89F96C58B5EF3F515B12D00193EF3FA5
:10D400007B517D3CB872EF3FAAB968318754EF3F3A
:10D410003862756E7A38EF3FE1DE1FF59D1EEF3FF3
:10D4200015B7310AFE06EF3FCBA93A37A7F1EE3F19
:10D430002234124CA6DEEE3F2D89616008CEEE3F0D
:10D44000272A36D5DABFEE3F824F9D562BB4EE3FEA
:10D45000295448DD07ABEE3F85553AB07EA4EE3F38
:10D46000CD3B7F669EA0EE3F745FECE8759FEE3F7C
:10D470008701EB7314A1EE3F13CE4C9989A5EE3FC3
:10D48000DBA02A42E5ACEE3FE5C5CDB037B7EE3FB5
:10D4900090F0A38291C4EE3F5D253EB203D5EE3FEE
:10D4A000ADD35A999FE8EE3F475EFBF276FFEE3F21
:10D4B0009C5285DD9B19EF3F6990EFDC2037EF3FF1
:10D4C00087A4FBDC1858EF3F5F9B7B33977CEF3FD3
:10D4D000DA90A4A2AFA4EF3F40456E5B76D0EF3F59
:10D4E000000000000000E8429423914BF86AAC3F32
:10D4F000F3C4FA50CEBFCE3FD6520CFF422EE63FC9
:10D500000000000000003843FE822B6547154740AD
:10D510009423914BF86ABC3EF3C4FA50CEBF2E3F21
:10D52000D6520CFF422E963FBEF3F879EC61F63FDF
:10D530001930965BC6FEDEBF3D88AF4AED71F53F00
:10D54000A4FCD432680BDBBFB010F0F03995F43F87
:10D550007BB71F0A8B41D7BF8503B8B095C9F33F8E
:10D560007BCF6D1AE99DD3BFA564880C190DF33FDD
:10D5700031B6F2F39B1DD0BFA08E0B7B225EF23F33
:10D58000F07A3B1B1D7CC9BF3F341A4A4ABBF13FAE
:10D590009F3CAF93E3F9C2BFBAE58AF05823F13F4D
:10D5A0005C8D78BFCB60B9BFA70099413F95F03F34
:10D5B000CE5F47B69D6FAABF000000000000F03F9D
:10D5C0000000000000000000AC479AFD8C60EE3FB8
:10D5D0003DF5249FCA38B33FA06A021FB3A4EC3FB5
:10D5E000BA913854A976C43FE6FC6A573620EB3F1F
:10D5F000D2E4C44A0B84CE3F2DAAA163D1C2E93F35
:10D600001C65C6F04506D43FED417803E686E83F49
:10D61000F89F1B2C9C8ED83F624853F5DC67E73F90
:10D62000CC7BB14EA4E0DC3F0B6E49C91676D23FED
:10D630007AC675A06919D7BFDDBAA76C0AC7DE3FE5
:10D64000C8F6BE484715E7BF2BB82A654715F73F10
:10D65000E17ACA41000078C17B1416429A9991423E
:10D660006519023FE63F143F0B24883EE63F143F16
:10D670001B9EBE3E3CBD123FEEEB803E0000F841DB
:10D680000000C84200000041000000005C8FC23E64
:10D690003D0AD73E5C8F423F0000000000000000C2
:10D6A0000000003F0000000000000000000000003B
:10D6B0000000803F000000000000000001000000AA
:10D6C0000300000002000000000000000000C93F4D
:10D6D0000000F0390000DA370000A2330000842E89
:10D6E0000000502B0000C2270000D0220000C41F01
:10D6F0000000C61B0000441700000000000000806E
:10D700000E0F1011121300009170000095700000B0
:10D71000997000009D7000000000000000000000F3
:10D72000718000000000000000000000B50D000046
:10D730000000000000000000196700000D6C0000F0
:10D74000116C0000196C0000216C00000000004208
:10D75000C8801F40B8821F4008000000000000423F
:10D76000C4801F40B4821F400400000000C000427B
:10D7700024801F4014821F401000000000C000429F
:10D7800028801F4018821F402000000000C0004277
:10D790002C801F401C821F404000000000C000423F
:10D7A00034801F4024821F400001000000400042DE
:10D7B00064811F4054831F40000400000040004269
:10D7C00080811F4070831F40000002000040004223
:10D7D0007C811F406C831F4000000100004000421C
:10D7E00068811F4058831F4000080000004000422D
:10D7F0003C811F402C831F4001000000004000427C
:10D8000044811F4034831F40040000000040004258
:10D8100040811F4030831F40020000000040004252
:10D8200048811F4038831F4008000000000000426C
:10D8300004811F40F4821F400000040000000042E9
:10D8400008811F40F8821F400000080000000042CD
:10D8500018811F4008831F40000080000000004224
:10D8600014811F4004831F4000004000000000425C
:10D8700000811F40F0821F400000020000000042B3
:10D88000FC801F40EC821F400000010000000042AD
:10D8900024811F4014831F40000000040000004248
:10D8A00028811F4018831F4000000008000000422C
:10D8B0001C811F400C831F4000000001000000423B
:10D8C00020811F4010831F40000000020000004222
:10D8D000EC801F40DC821F4000100000000000426E
:10D8E000F0801F40E0821F40002000000000004246
:10D8F00034811F4024831F4000000040000000428C
:10D9000038811F4028831F400000008000800042B3
:10D9100094801F4084821F400000040000C0004229
:10D9200090801F4080821F400000008000800042E5
:10D93000A8801F4098821F400000800000800042A5
:10D94000A4801F4094821F4000004000004000421D
:10D950006C811F405C831F400010000000C000422B
:10D9600030801F4020821F40800000000080004265
:10D97000C8811F40B8831F40008000000080004223
:10D98000C4811F40B4831F4000400000008000425B
:10D99000C0811F40B0831F40002000000080004273
:10D9A000BC811F40AC831F4000100000008000427B
:10D9B000D0811F40C0831F40000002000080004251
:10D9C000CC811F40BC831F40000001000400000008
:10D9D0000700000009000000000FC93F000F494088
:10D9E00000CB9640000FC9400053FB4000CB1641CE
:10D9F00000ED2F41000F49410031624100537B414E
:10DA0000003A8A4100CB9641005CA34100EDAF4152
:10DA1000007EBC41000FC94100A0D5410031E24168
:10DA200000C2EE410053FB4100F20342003A0A42B9
:10DA30000083104200CB164200141D42005C2342BA
:10DA400000A5294200ED2F4200363642007E3C42BE
:10DA500000C74242000F494207080C0B06050F00A1
:10DA60000D0E0102838407080C0B06050F000D0E36
:10DA7000010283840101000401000004013201015C
:10DA80000132020101100101011101010112010223
:10DA90000103020601030106011202020200000155
:10DAA0000202000102010001021000010222000135
:10DAB000022300010000000000000000022100011C
:10DAC0000220000100000000000000000130010100
:10DAD0000131010101020004010300040000000003
:10DAE00000000000012102010121010100000000ED
:10DAF000000000000000000001100201010102010D
:10DB00000101010101000201010001010102020104
:10DB100001020101A2000000F900000083000000E2
:10DB20006E0000004E0000004400000015000000E0
:10DB300029000000FC000000270000005700000042
:10DB4000D1000000F500000034000000DD000000FE
:10DB5000C0000000DB000000620000009500000033
:10DB6000990000003C00000043000000900000000D
:10DB700041000000FE0000005100000063000000B2
:10DB8000AB000000DE000000BB000000C50000008C
:10DB900061000000B7000000240000006E000000DB
:10DBA0003A000000420000004D000000D2000000DA
:10DBB000E000000006000000490000002E00000008
:10DBC000EA00000009000000D100000092000000FF
:10DBD0001C000000FE0000001D000000EB00000023
:10DBE0001C000000B100000029000000A700000098
:10DBF0003E000000E8000000820000003500000048
:10DC0000F50000002E000000BB00000044000000F2
:10DC100084000000E90000009C000000700000008B
:10DC200026000000B40000005F0000007E0000003D
:10DC3000410000003900000091000000D600000003
:10DC4000390000008300000053000000390000008C
:10DC5000F40000009C000000840000005F00000051
:10DC60008B000000BD000000F9000000280000004B
:10DC70003B0000001F000000F800000097000000BB
:10DC8000FF000000DE00000005000000980000001A
:10DC90000F000000EF0000002F0000001100000046
:10DCA0008B0000005A0000000A0000006D00000018
:10DCB0001F0000006D000000360000007E00000024
:10DCC000CF00000027000000CB000000090000008A
:10DCD000B70000004F000000460000003F000000B9
:10DCE000660000009E0000005F000000EA000000E7
:10DCF0002D0000007500000027000000BA000000A1
:10DD0000C7000000EB000000E5000000F10000008B
:10DD10007B0000003D00000007000000390000000B
:10DD2000F70000008A00000052000000920000008E
:10DD3000EA0000006B000000FB0000005F00000034
:10DD4000B10000001F0000008D0000005D00000019
:10DD50000800000056000000030000003000000032
:10DD600046000000FC0000007B0000006B0000008B
:10DD7000AB000000F0000000CF000000BC0000007D
:10DD8000200000009A000000F400000036000000AF
:10DD90001D000000A9000000E30000009100000049
:10DDA000610000005E000000E60000001B000000B3
:10DDB00008000000650000009900000085000000D8
:10DDC0005F00000014000000A000000068000000D8
:10DDD000400000008D000000FF000000D80000009F
:10DDE000800000004D0000007300000027000000CC
:10DDF00031000000060000000600000015000000D1
:10DE000056000000CA00000073000000A8000000D7
:10DE1000C900000060000000E20000007B0000007C
:10DE2000C00000008C0000006B000000000100003A
:10DE3000841200201200000000060000881D00600F
:10DE40000A00000000020000F01C006095000000C5
:10DE500000070000581C006095000000000300004F
:10DE6000541C00600000000001030904301C006025
:10DE70000000000002030904101C00600000000004
:10DE800003030904D4140020000000000000000077
:10DE9000000000000000000000000000142100202D
:10DEA0007C210020E4210020000000000000000090
:10DEB0000000000000000000000000000000000062
:10DEC0000000000000000000000000000000000052
:10DED0000000000000000000000000000000000042
:10DEE0000000000000000000000000000000000032
:10DEF0000000000000000000000000000000000022
:10DF00000000000000000000000000000000000011
:10DF10000000000000000000000000000000000001
:10DF200000000000000000000000000000000000F1
:10DF300001000000000000000E33CDAB34126DE68E
:10DF4000ECDE05000B0000000000000000000000F7
:10DF500000000000000000000000000000000000C1
:10DF600000000000000000000000000000000000B1
:10DF700000000000000000000000000000000000A1
:10DF80000000000000000000000000000000000091
:10DF90000000000000000000000000000000000081
:10DFA0000000000000000000000000000000000071
:10DFB00000000000000000000029DE07007B9A1727
:10DFC000FFFFFFFFD8200020607D20200000000020
:10DFD0000000000000000000700E0020700E002005
:10DFE000780E0020780E0020800E0020800E002089
:10DFF000880E0020880E0020900E0020900E002039
:10E00000980E0020980E0020A00E0020A00E0020E8
:10E01000A80E0020A80E0020B00E0020B00E002098
:10E02000B80E0020B80E0020C00E0020C00E002048
:10E03000C80E0020C80E0020D00E0020D00E0020F8
:10E04000D80E0020D80E0020E00E0020E00E0020A8
:10E05000E80E0020E80E0020F00E0020F00E002058
:10E06000F80E0020F80E0020000F0020000F002006
:10E07000080F0020080F0020100F0020100F0020B4
:10E08000180F0020180F0020200F0020200F002064
:10E09000280F0020280F0020300F0020300F002014
:10E0A000380F0020380F0020400F0020400F0020C4
:10E0B000480F0020480F0020500F0020500F002074
:10E0C000580F0020580F0020600F0020600F002024
:10E0D000680F0020680F0020700F0020700F0020D4
:10E0E000780F0020780F0020800F0020800F002084
:10E0F000880F0020880F0020900F0020900F002034
:10E10000980F0020980F0020A00F0020A00F0020E3
:10E11000A80F0020A80F0020B00F0020B00F002093
:10E12000B80F0020B80F0020C00F0020C00F002043
:10E13000C80F0020C80F0020D00F0020D00F0020F3
:10E14000D80F0020D80F0020E00F0020E00F0020A3
:10E15000E80F0020E80F0020F00F0020F00F002053
:10E16000F80F0020F80F0020001000200010002001
:10E1700008100020081000201010002010100020AF
:10E18000181000201810002020100020201000205F
:10E19000281000202810002030100020301000200F
:10E1A00038100020381000204010002040100020BF
:10E1B000481000204810002050100020501000206F
:10E1C000581000205810002060100020601000201F
:10E1D00068100020681000207010002070100020CF
:10E1E000781000207810002080100020801000207F
:10E1F000881000208810002090100020901000202F
:10E200009810002098100020A0100020A0100020DE
:10E21000A8100020A8100020B0100020B01000208E
:10E22000B8100020B8100020C0100020C01000203E
:10E23000C8100020C8100020D0100020D0100020EE
:10E24000D8100020D8100020E0100020E01000209E
:10E25000E8100020E8100020F0100020F01000204E
:10E26000F8100020F81000200011002000110020FC
:10E2700008110020081100201011002010110020AA
:10E28000181100201811002020110020201100205A
:10E29000281100202811002030110020301100200A
:10E2A00038110020381100204011002040110020BA
:10E2B000481100204811002050110020501100206A
:10E2C000581100205811002060110020601100201A
:10E2D00068110020681100207011002070110020CA
:10E2E000781100207811002080110020801100207A
:10E2F000881100208811002090110020901100202A
:10E300009811002098110020A0110020A0110020D9
:10E31000A8110020A8110020B0110020B011002089
:10E32000B8110020B8110020C0110020C011002039
:10E33000C8110020C8110020D0110020D0110020E9
:10E34000D8110020D8110020E0110020E011002099
:10E35000E8110020E8110020F0110020F011002049
:10E36000F8110020F81100200012002000120020F7
:10E3700008120020081200201012002010120020A5
:10E380001812002018120020201200202012002055
:10E390002812002028120020301200203012002005
:10E3A00038120020381200204012002040120020B5
:10E3B0004812002048120020501200205012002065
:10E3C0005812002058120020601200206012002015
:10E3D0006812002068120020FFFFFFFF000002000B
:10E3E000380D002012010002EF020140C0168B041C
:10E3F0000103010203010000557900005579000076
:10E4000055790000557900005579000055790000D4
:10E4100055790000557900005579000055790000C4
:10E4200055790000557900005579000055790000B4
:10E4300055790000557900005579000055790000A4
:10E440005579000055790000557900005579000094
:10E450005579000055790000557900005579000084
:10E460005579000055790000557900005579000074
:10E470005579000055790000557900005579000064
:10E480005579000055790000557900005579000054
:10E490005579000055790000557900005579000044
:10E4A0005579000055790000557900005579000034
:10E4B0005579000055790000557900005579000024
:10E4C0005579000055790000557900005579000014
:10E4D0005579000055790000557900005579000004
:10E4E00055790000557900005579000055790000F4
:10E4F00055790000557900005579000055790000E4
:10E5000055790000557900005579000055790000D3
:10E5100055790000557900005579000055790000C3
:10E5200055790000557900005579000055790000B3
:10E5300055790000557900005579000055790000A3
:10E540005579000055790000557900005579000093
:10E550005579000055790000557900005579000083
:10E560005579000055790000557900005579000073
:10E570005579000055790000557900005579000063
:10E580005579000055790000557900005579000053
:10E590005579000055790000557900005579000043
:10E5A0005579000055790000557900005579000033
:10E5B0005579000055790000557900005579000023
:10E5C0005579000055790000557900005579000013
:10E5D0005579000055790000557900005579000003
:10E5E00055790000557900005579000055790000F3
:10E5F0005579000055790000FFFFFFFFFFFFFFFF87
:10E60000FFFFFFFF3D0AD73E5C8FC23E5C8FC23EDC
:10E61000E17A143F0000003F0AD7233F5C8F023F9E
:10E62000E17A143F713D8A3EE17A143FD7A3F03E70
:10E630000000403F0C03000000000000000000004C
:10E6400000000000000000000000FF08FFFFFF3C8A
:10E6500000000000000000000000000000000000BA
:10E6600000000000000000000000000000000000AA
:10E67000000000000000000000000000000000009A
:10E68000000000000000000000000000000000008A
:10E69000000000000000000000000000000000007A
:10E6A000000000000000000000000000000000006A
:10E6B000000000000000000000000000000000005A
:10E6C000000000000000000000000000000000004A
:10E6D000000000000000000000000000000000003A
:10E6E000000000000000000000000000000000002A
:10E6F000000000000000000000000000000000001A
:10E700000000000000000000000000000000000009
:10E7100000000000000000000000000000000000F9
:10E7200000000000000000000000000000000000E9
:10E7300000000000000000000000000000000000D9
:10E7400000000000000000000000000000000000C9
:10E7500000000000000000000000000000000000B9
:10E7600000000000000000000000000000000000A9
:10E770000000000000000000000000000000000099
:10E780000000000000000000000000000000000089
:10E790000000000000000000000000000000000079
:10E7A0000000000000000000000000000000000069
:10E7B0000000000000000000000000000000000059
:10E7C0000000000000000000000000000000000049
:10E7D0000000000000000000000000000000000039
:10E7E0000000000000000000000000000000000029
:10E7F0000000000000000000000000000000000019
:10E800000000000000000000000000000000000008
:10E8100000000000000000000000000000000000F8
:10E8200000000000000000000000000000000000E8
:10E8300000000000000000000000000000000000D8
:10E8400000000000000000000000000000000000C8
:10E8500000000000000000000000000000000000B8
:10E8600000000000000000000000000000000000A8
:10E870000000000000000000000000000000000098
:10E880000000000000000000000000000000000088
:10E890000000000000000000000000000000000078
:10E8A0000000000000000000000000000000000068
:10E8B0000000000000000000000000000000000058
:10E8C0000000000000000000000000000000000048
:10E8D0000000000000000000000000000000000038
:10E8E0000000000000000000000000000000000028
:10E8F0000000000000000000000000000000000018
:10E900000000000000000000000000000000000007
:10E9100000000000000000000000000000000000F7
:10E9200000000000000000000000000000000000E7
:10E9300000000000000000000000000000000000D7
:10E9400000000000000000000000000000000000C7
:10E9500000000000000000000000000000000000B7
:10E9600000000000000000000000000000000000A7
:10E970000000000000000000000000000000000097
:10E980000000000000000000000000000000000087
:10E990000000000000000000000000000000000077
:10E9A0000000000000000000000000000000000067
:10E9B0000000000000000000000000000000000057
:10E9C0000000000000000000000000000000000047
:10E9D0000000000000000000000000000000000037
:10E9E0000000000000000000000000000000000027
:10E9F0000000000000000000000000000000000017
:10EA00000000000000000000000000000000000006
:10EA100000000000000000000000000000000000F6
:10EA200000000000000000000000000000000000E6
:10EA300000000000000000000000000000000000D6
:10EA400000000000000000000000000000000000C6
:10EA500000000000000000000000000000000000B6
:10EA600000000000000000000000000000000000A6
:10EA70000000000000000000000000000000000096
:10EA80000000000000000000000000000000000086
:10EA90000000000000000000000000000000000076
:10EAA0000000000000000000000000000000000066
:10EAB0000000000000000000000000000000000056
:10EAC0000000000000000000000000000000000046
:10EAD0000000000000000000000000000000000036
:10EAE0000000000000000000000000000000000026
:10EAF0000000000000000000000000000000000016
:10EB00000000000000000000000000000000000005
:10EB100000000000000000000000000000000000F5
:10EB200000000000000000000000000000000000E5
:10EB300000000000000000000000000000000000D5
:10EB400000000000000000000000000000000000C5
:10EB500000000000000000000000000000000000B5
:10EB600000000000000000000000000000000000A5
:10EB70000000000000000000000000000000000095
:10EB80000000000000000000000000000000000085
:10EB90000000000000000000000000000000000075
:10EBA0000000000000000000000000000000000065
:10EBB0000000000000000000000000000000000055
:10EBC0000000000000000000000000000000000045
:10EBD0000000000000000000000000000000000035
:10EBE0000000000000000000000000000000000025
:10EBF0000000000000000000000000000000000015
:10EC00000000000000000000000000000000000004
:10EC100000000000000000000000000000000000F4
:10EC2000FFFFFFFFFFFFFFFFFFFFFFFFFFFFFFFFF4
:10EC3000FFFFFFFFFFFFFFFFFFFFFFFFFFFFFFFFE4
:10EC4000FFFFFFFFFFFFFFFFFFFFFFFFFFFFFFFFD4
:10EC5000FFFFFFFFFFFFFFFFFFFFFFFFFFFFFFFFC4
:10EC6000FFFFFFFFFFFFFFFFFFFFFFFFFFFFFFFFB4
:10EC7000FFFFFFFFFFFFFFFFFFFFFFFFFFFFFFFFA4
:10EC8000FFFFFFFFFFFFFFFFFFFFFFFFFFFFFFFF94
:10EC9000FFFFFFFFFFFFFFFFFFFFFFFFFFFFFFFF84
:10ECA000FFFFFFFFFFFFFFFFFFFFFFFFFFFFFFFF74
:10ECB000FFFFFFFFFFFFFFFFFFFFFFFFFFFFFFFF64
:10ECC000FFFFFFFFFFFFFFFFFFFFFFFFFFFFFFFF54
:10ECD000FFFFFFFFFFFFFFFFFFFFFFFFFFFFFFFF44
:10ECE000FFFFFFFFFFFFFFFFFFFFFFFFFFFFFFFF34
:10ECF000FFFFFFFFFFFFFFFFFFFFFFFFFFFFFFFF24
:10ED0000FFFFFFFFFFFFFFFFFFFFFFFFFFFFFFFF13
:10ED1000FFFFFFFFFFFFFFFFFFFFFFFFFFFFFFFF03
:10ED2000FFFFFFFFFFFFFFFFFFFFFFFFFFFFFFFFF3
:10ED3000FFFFFFFFFFFFFFFFFFFFFFFFFFFFFFFFE3
:10ED4000FFFFFFFFFFFFFFFFFFFFFFFFFFFFFFFFD3
:10ED5000FFFFFFFFFFFFFFFFFFFFFFFFFFFFFFFFC3
:10ED6000FFFFFFFFFFFFFFFFFFFFFFFFFFFFFFFFB3
:10ED7000FFFFFFFFFFFFFFFFFFFFFFFFFFFFFFFFA3
:10ED8000FFFFFFFFFFFFFFFFFFFFFFFFFFFFFFFF93
:10ED9000FFFFFFFFFFFFFFFFFFFFFFFFFFFFFFFF83
:10EDA000FFFFFFFFFFFFFFFFFFFFFFFFFFFFFFFF73
:10EDB000FFFFFFFFFFFFFFFFFFFFFFFFFFFFFFFF63
:10EDC000FFFFFFFFFFFFFFFFFFFFFFFFFFFFFFFF53
:10EDD000FFFFFFFFFFFFFFFFFFFFFFFFFFFFFFFF43
:10EDE000FFFFFFFFFFFFFFFFFFFFFFFFFFFFFFFF33
:10EDF000FFFFFFFFFFFFFFFFFFFFFFFFFFFFFFFF23
:10EE0000FFFFFFFFFFFFFFFFFFFFFFFFFFFFFFFF12
:10EE1000FFFFFFFFFFFFFFFFFFFFFFFFFFFFFFFF02
:10EE2000FFFFFFFFFFFFFFFFFFFFFFFFFFFFFFFFF2
:10EE3000FFFFFFFFFFFFFFFFFFFFFFFFFFFFFFFFE2
:10EE4000FFFFFFFFFFFFFFFFFFFFFFFFFFFFFFFFD2
:10EE5000FFFFFFFFFFFFFFFFFFFFFFFFFFFFFFFFC2
:10EE6000FFFFFFFFFFFFFFFFFFFFFFFFFFFFFFFFB2
:10EE7000FFFFFFFFFFFFFFFFFFFFFFFFFFFFFFFFA2
:10EE8000FFFFFFFFFFFFFFFFFFFFFFFFFFFFFFFF92
:10EE9000FFFFFFFFFFFFFFFFFFFFFFFFFFFFFFFF82
:10EEA000FFFFFFFFFFFFFFFFFFFFFFFFFFFFFFFF72
:10EEB000FFFFFFFFFFFFFFFFFFFFFFFFFFFFFFFF62
:10EEC000FFFFFFFFFFFFFFFFFFFFFFFFFFFFFFFF52
:10EED000FFFFFFFFFFFFFFFFFFFFFFFFFFFFFFFF42
:10EEE000FFFFFFFFFFFFFFFFFFFFFFFFFFFFFFFF32
:10EEF000FFFFFFFFFFFFFFFFFFFFFFFFFFFFFFFF22
:10EF0000FFFFFFFFFFFFFFFFFFFFFFFFFFFFFFFF11
:10EF1000FFFFFFFFFFFFFFFFFFFFFFFFFFFFFFFF01
:10EF2000FFFFFFFFFFFFFFFFFFFFFFFFFFFFFFFFF1
:10EF3000FFFFFFFFFFFFFFFFFFFFFFFFFFFFFFFFE1
:10EF4000FFFFFFFFFFFFFFFFFFFFFFFFFFFFFFFFD1
:10EF5000FFFFFFFFFFFFFFFFFFFFFFFFFFFFFFFFC1
:10EF6000FFFFFFFFFFFFFFFFFFFFFFFFFFFFFFFFB1
:10EF7000FFFFFFFFFFFFFFFFFFFFFFFFFFFFFFFFA1
:10EF8000FFFFFFFFFFFFFFFFFFFFFFFFFFFFFFFF91
:10EF9000FFFFFFFFFFFFFFFFFFFFFFFFFFFFFFFF81
:10EFA000FFFFFFFFFFFFFFFFFFFFFFFFFFFFFFFF71
:10EFB000FFFFFFFFFFFFFFFFFFFFFFFFFFFFFFFF61
:10EFC000FFFFFFFFFFFFFFFFFFFFFFFFFFFFFFFF51
:10EFD000FFFFFFFFFFFFFFFFFFFFFFFFFFFFFFFF41
:10EFE000FFFFFFFFFFFFFFFFFFFFFFFFFFFFFFFF31
:10EFF000FFFFFFFFFFFFFFFFFFFFFFFFFFFFFFFF21
:10F000000000000000000000000000000000000000
:10F0100000000000000000000000000000000000F0
:10F0200000000000000000000000000000000000E0
:10F0300000000000000000000000000000000000D0
:10F0400000000000000000000000000000000000C0
:10F0500000000000000000000000000000000000B0
:10F0600000000000000000000000000000000000A0
:10F070000000000000000000000000000000000090
:10F080000000000000000000000000000000000080
:10F090000000000000000000000000000000000070
:10F0A0000000000000000000000000000000000060
:10F0B0000000000000000000000000000000000050
:10F0C0000000000000000000000000000000000040
:10F0D0000000000000000000000000000000000030
:10F0E0000000000000000000000000000000000020
:10F0F0000000000000000000000000000000000010
:10F1000000000000000000000000000000000000FF
:10F1100000000000000000000000000000000000EF
:10F1200000000000000000000000000000000000DF
:10F1300000000000000000000000000000000000CF
:10F1400000000000000000000000000000000000BF
:10F1500000000000000000000000000000000000AF
:10F16000000000000000000000000000000000009F
:10F17000000000000000000000000000000000008F
:10F18000000000000000000000000000000000007F
:10F19000000000000000000000000000000000006F
:10F1A000000000000000000000000000000000005F
:10F1B000000000000000000000000000000000004F
:10F1C000000000000000000000000000000000003F
:10F1D000000000000000000000000000000000002F
:10F1E000000000000000000000000000000000001F
:10F1F000000000000000000000000000000000000F
:10F2000000000000000000000000000000000000FE
:10F2100000000000000000000000000000000000EE
:10F2200000000000000000000000000000000000DE
:10F2300000000000000000000000000000000000CE
:10F2400000000000000000000000000000000000BE
:10F2500000000000000000000000000000000000AE
:10F26000000000000000000000000000000000009E
:10F27000000000000000000000000000000000008E
:10F28000000000000000000000000000000000007E
:10F29000000000000000000000000000000000006E
:10F2A000000000000000000000000000000000005E
:10F2B000000000000000000000000000000000004E
:10F2C000000000000000000000000000000000003E
:10F2D000000000000000000000000000000000002E
:10F2E000000000000000000000000000000000001E
:10F2F000000000000000000000000000000000000E
:10F3000000000000000000000000000000000000FD
:10F3100000000000000000000000000000000000ED
:10F3200000000000000000000000000000000000DD
:10F3300000000000000000000000000000000000CD
:10F3400000000000000000000000000000000000BD
:10F3500000000000000000000000000000000000AD
:10F36000000000000000000000000000000000009D
:10F37000000000000000000000000000000000008D
:10F38000000000000000000000000000000000007D
:10F39000000000000000000000000000000000006D
:10F3A000000000000000000000000000000000005D
:10F3B000000000000000000000000000000000004D
:10F3C000000000000000000000000000000000003D
:10F3D000000000000000000000000000000000002D
:10F3E000000000000000000000000000000000001D
:10F3F000000000000000000000000000000000000D
:10F4000000000000000000000000000000000000FC
:10F4100000000000000000000000000000000000EC
:10F4200000000000000000000000000000000000DC
:10F4300000000000000000000000000000000000CC
:10F4400000000000000000000000000000000000BC
:10F4500000000000000000000000000000000000AC
:10F46000000000000000000000000000000000009C
:10F47000000000000000000000000000000000008C
:10F48000000000000000000000000000000000007C
:10F49000000000000000000000000000000000006C
:10F4A000000000000000000000000000000000005C
:10F4B000000000000000000000000000000000004C
:10F4C000000000000000000000000000000000003C
:10F4D000000000000000000000000000000000002C
:10F4E000000000000000000000000000000000001C
:10F4F000000000000000000000000000000000000C
:10F5000000000000000000000000000000000000FB
:10F5100000000000000000000000000000000000EB
:10F5200000000000000000000000000000000000DB
:10F5300000000000000000000000000000000000CB
:10F5400000000000000000000000000000000000BB
:10F5500000000000000000000000000000000000AB
:10F56000000000000000000000000000000000009B
:10F57000000000000000000000000000000000008B
:10F58000000000000000000000000000000000007B
:10F59000000000000000000000000000000000006B
:10F5A000000000000000000000000000000000005B
:10F5B000000000000000000000000000000000004B
:10F5C000000000000000000000000000000000003B
:10F5D000000000000000000000000000000000002B
:10F5E000000000000000000000000000000000001B
:10F5F000000000000000000000000000000000000B
:10F6000000000000000000000000000000000000FA
:10F6100000000000000000000000000000000000EA
:10F6200000000000000000000000000000000000DA
:10F6300000000000000000000000000000000000CA
:10F6400000000000000000000000000000000000BA
:10F6500000000000000000000000000000000000AA
:10F66000000000000000000000000000000000009A
:10F67000000000000000000000000000000000008A
:10F68000000000000000000000000000000000007A
:10F69000000000000000000000000000000000006A
:10F6A000000000000000000000000000000000005A
:10F6B000000000000000000000000000000000004A
:10F6C000000000000000000000000000000000003A
:10F6D000000000000000000000000000000000002A
:10F6E000000000000000000000000000000000001A
:10F6F000000000000000000000000000000000000A
:10F7000000000000000000000000000000000000F9
:10F7100000000000000000000000000000000000E9
:10F7200000000000000000000000000000000000D9
:10F7300000000000000000000000000000000000C9
:10F7400000000000000000000000000000000000B9
:10F7500000000000000000000000000000000000A9
:10F760000000000000000000000000000000000099
:10F770000000000000000000000000000000000089
:10F780000000000000000000000000000000000079
:10F790000000000000000000000000000000000069
:10F7A0000000000000000000000000000000000059
:10F7B0000000000000000000000000000000000049
:10F7C0000000000000000000000000000000000039
:10F7D0000000000000000000000000000000000029
:10F7E0000000000000000000000000000000000019
:10F7F0000000000000000000000000000000000009
:10F8000000000000000000000000000000000000F8
:10F8100000000000000000000000000000000000E8
:10F8200000000000000000000000000000000000D8
:10F8300000000000000000000000000000000000C8
:10F8400000000000000000000000000000000000B8
:10F8500000000000000000000000000000000000A8
:10F860000000000000000000000000000000000098
:10F870000000000000000000000000000000000088
:10F880000000000000000000000000000000000078
:10F890000000000000000000000000000000000068
:10F8A0000000000000000000000000000000000058
:10F8B0000000000000000000000000000000000048
:10F8C0000000000000000000000000000000000038
:10F8D0000000000000000000000000000000000028
:10F8E0000000000000000000000000000000000018
:10F8F0000000000000000000000000000000000008
:10F9000000000000000000000000000000000000F7
:10F9100000000000000000000000000000000000E7
:10F9200000000000000000000000000000000000D7
:10F9300000000000000000000000000000000000C7
:10F9400000000000000000000000000000000000B7
:10F9500000000000000000000000000000000000A7
:10F960000000000000000000000000000000000097
:10F970000000000000000000000000000000000087
:10F980000000000000000000000000000000000077
:10F990000000000000000000000000000000000067
:10F9A0000000000000000000000000000000000057
:10F9B0000000000000000000000000000000000047
:10F9C0000000000000000000000000000000000037
:10F9D0000000000000000000000000000000000027
:10F9E0000000000000000000000000000000000017
:10F9F0000000000000000000000000000000000007
:10FA000000000000000000000000000000000000F6
:10FA100000000000000000000000000000000000E6
:10FA200000000000000000000000000000000000D6
:10FA300000000000000000000000000000000000C6
:10FA400000000000000000000000000000000000B6
:10FA500000000000000000000000000000000000A6
:10FA60000000000000000000000000000000000096
:10FA70000000000000000000000000000000000086
:10FA80000000000000000000000000000000000076
:10FA90000000000000000000000000000000000066
:10FAA0000000000000000000000000000000000056
:10FAB0000000000000000000000000000000000046
:10FAC0000000000000000000000000000000000036
:10FAD0000000000000000000000000000000000026
:10FAE0000000000000000000000000000000000016
:10FAF0000000000000000000000000000000000006
:10FB000000000000000000000000000000000000F5
:10FB100000000000000000000000000000000000E5
:10FB200000000000000000000000000000000000D5
:10FB300000000000000000000000000000000000C5
:10FB400000000000000000000000000000000000B5
:10FB500000000000000000000000000000000000A5
:10FB60000000000000000000000000000000000095
:10FB70000000000000000000000000000000000085
:10FB80000000000000000000000000000000000075
:10FB90000000000000000000000000000000000065
:10FBA0000000000000000000000000000000000055
:10FBB0000000000000000000000000000000000045
:10FBC0000000000000000000000000000000000035
:10FBD0000000000000000000000000000000000025
:10FBE0000000000000000000000000000000000015
:10FBF0000000000000000000000000000000000005
:040000056000100087
:00000001FF
