:0200000460009A
:100000004643464200000156000000000103030081
:1000100000000000000000000000000000000000E0
:1000200000000000000000000000000000000000D0
:1000300000000000000000000000000000000000C0
:1000400000000000010408000000000000000000A3
:100050000000200000000000000000000000000080
:100060000000000000000000000000000000000090
:100070000000000000000000000000000000000080
:10008000EB04180A063204260000000000000000FD
:10009000050404240000000000000000000000002F
:1000A0000000000000000000000000000000000050
:1000B0000604000000000000000000000000000036
:1000C0000000000000000000000000000000000030
:1000D00020041808000000000000000000000000DC
:1000E0000000000000000000000000000000000010
:1000F0000000000000000000000000000000000000
:10010000D8041808000000000000000000000000F3
:100110000204180804200000000000000000000095
:1001200000000000000000000000000000000000CF
:10013000600400000000000000000000000000005B
:1001400000000000000000000000000000000000AF
:10015000000000000000000000000000000000009F
:10016000000000000000000000000000000000008F
:10017000000000000000000000000000000000007F
:10018000000000000000000000000000000000006F
:10019000000000000000000000000000000000005F
:1001A000000000000000000000000000000000004F
:1001B000000000000000000000000000000000003F
:1001C000000100000010000001000000000000001D
:1001D000000001000000000000000000000000001E
:1001E000000000000000000000000000000000000F
:1001F00000000000000000000000000000000000FF
:10020000FFFFFFFFFFFFFFFFFFFFFFFFFFFFFFFFFE
:10021000FFFFFFFFFFFFFFFFFFFFFFFFFFFFFFFFEE
:10022000FFFFFFFFFFFFFFFFFFFFFFFFFFFFFFFFDE
:10023000FFFFFFFFFFFFFFFFFFFFFFFFFFFFFFFFCE
:10024000FFFFFFFFFFFFFFFFFFFFFFFFFFFFFFFFBE
:10025000FFFFFFFFFFFFFFFFFFFFFFFFFFFFFFFFAE
:10026000FFFFFFFFFFFFFFFFFFFFFFFFFFFFFFFF9E
:10027000FFFFFFFFFFFFFFFFFFFFFFFFFFFFFFFF8E
:10028000FFFFFFFFFFFFFFFFFFFFFFFFFFFFFFFF7E
:10029000FFFFFFFFFFFFFFFFFFFFFFFFFFFFFFFF6E
:1002A000FFFFFFFFFFFFFFFFFFFFFFFFFFFFFFFF5E
:1002B000FFFFFFFFFFFFFFFFFFFFFFFFFFFFFFFF4E
:1002C000FFFFFFFFFFFFFFFFFFFFFFFFFFFFFFFF3E
:1002D000FFFFFFFFFFFFFFFFFFFFFFFFFFFFFFFF2E
:1002E000FFFFFFFFFFFFFFFFFFFFFFFFFFFFFFFF1E
:1002F000FFFFFFFFFFFFFFFFFFFFFFFFFFFFFFFF0E
:10030000FFFFFFFFFFFFFFFFFFFFFFFFFFFFFFFFFD
:10031000FFFFFFFFFFFFFFFFFFFFFFFFFFFFFFFFED
:10032000FFFFFFFFFFFFFFFFFFFFFFFFFFFFFFFFDD
:10033000FFFFFFFFFFFFFFFFFFFFFFFFFFFFFFFFCD
:10034000FFFFFFFFFFFFFFFFFFFFFFFFFFFFFFFFBD
:10035000FFFFFFFFFFFFFFFFFFFFFFFFFFFFFFFFAD
:10036000FFFFFFFFFFFFFFFFFFFFFFFFFFFFFFFF9D
:10037000FFFFFFFFFFFFFFFFFFFFFFFFFFFFFFFF8D
:10038000FFFFFFFFFFFFFFFFFFFFFFFFFFFFFFFF7D
:10039000FFFFFFFFFFFFFFFFFFFFFFFFFFFFFFFF6D
:1003A000FFFFFFFFFFFFFFFFFFFFFFFFFFFFFFFF5D
:1003B000FFFFFFFFFFFFFFFFFFFFFFFFFFFFFFFF4D
:1003C000FFFFFFFFFFFFFFFFFFFFFFFFFFFFFFFF3D
:1003D000FFFFFFFFFFFFFFFFFFFFFFFFFFFFFFFF2D
:1003E000FFFFFFFFFFFFFFFFFFFFFFFFFFFFFFFF1D
:1003F000FFFFFFFFFFFFFFFFFFFFFFFFFFFFFFFF0D
:10040000FFFFFFFFFFFFFFFFFFFFFFFFFFFFFFFFFC
:10041000FFFFFFFFFFFFFFFFFFFFFFFFFFFFFFFFEC
:10042000FFFFFFFFFFFFFFFFFFFFFFFFFFFFFFFFDC
:10043000FFFFFFFFFFFFFFFFFFFFFFFFFFFFFFFFCC
:10044000FFFFFFFFFFFFFFFFFFFFFFFFFFFFFFFFBC
:10045000FFFFFFFFFFFFFFFFFFFFFFFFFFFFFFFFAC
:10046000FFFFFFFFFFFFFFFFFFFFFFFFFFFFFFFF9C
:10047000FFFFFFFFFFFFFFFFFFFFFFFFFFFFFFFF8C
:10048000FFFFFFFFFFFFFFFFFFFFFFFFFFFFFFFF7C
:10049000FFFFFFFFFFFFFFFFFFFFFFFFFFFFFFFF6C
:1004A000FFFFFFFFFFFFFFFFFFFFFFFFFFFFFFFF5C
:1004B000FFFFFFFFFFFFFFFFFFFFFFFFFFFFFFFF4C
:1004C000FFFFFFFFFFFFFFFFFFFFFFFFFFFFFFFF3C
:1004D000FFFFFFFFFFFFFFFFFFFFFFFFFFFFFFFF2C
:1004E000FFFFFFFFFFFFFFFFFFFFFFFFFFFFFFFF1C
:1004F000FFFFFFFFFFFFFFFFFFFFFFFFFFFFFFFF0C
:10050000FFFFFFFFFFFFFFFFFFFFFFFFFFFFFFFFFB
:10051000FFFFFFFFFFFFFFFFFFFFFFFFFFFFFFFFEB
:10052000FFFFFFFFFFFFFFFFFFFFFFFFFFFFFFFFDB
:10053000FFFFFFFFFFFFFFFFFFFFFFFFFFFFFFFFCB
:10054000FFFFFFFFFFFFFFFFFFFFFFFFFFFFFFFFBB
:10055000FFFFFFFFFFFFFFFFFFFFFFFFFFFFFFFFAB
:10056000FFFFFFFFFFFFFFFFFFFFFFFFFFFFFFFF9B
:10057000FFFFFFFFFFFFFFFFFFFFFFFFFFFFFFFF8B
:10058000FFFFFFFFFFFFFFFFFFFFFFFFFFFFFFFF7B
:10059000FFFFFFFFFFFFFFFFFFFFFFFFFFFFFFFF6B
:1005A000FFFFFFFFFFFFFFFFFFFFFFFFFFFFFFFF5B
:1005B000FFFFFFFFFFFFFFFFFFFFFFFFFFFFFFFF4B
:1005C000FFFFFFFFFFFFFFFFFFFFFFFFFFFFFFFF3B
:1005D000FFFFFFFFFFFFFFFFFFFFFFFFFFFFFFFF2B
:1005E000FFFFFFFFFFFFFFFFFFFFFFFFFFFFFFFF1B
:1005F000FFFFFFFFFFFFFFFFFFFFFFFFFFFFFFFF0B
:10060000FFFFFFFFFFFFFFFFFFFFFFFFFFFFFFFFFA
:10061000FFFFFFFFFFFFFFFFFFFFFFFFFFFFFFFFEA
:10062000FFFFFFFFFFFFFFFFFFFFFFFFFFFFFFFFDA
:10063000FFFFFFFFFFFFFFFFFFFFFFFFFFFFFFFFCA
:10064000FFFFFFFFFFFFFFFFFFFFFFFFFFFFFFFFBA
:10065000FFFFFFFFFFFFFFFFFFFFFFFFFFFFFFFFAA
:10066000FFFFFFFFFFFFFFFFFFFFFFFFFFFFFFFF9A
:10067000FFFFFFFFFFFFFFFFFFFFFFFFFFFFFFFF8A
:10068000FFFFFFFFFFFFFFFFFFFFFFFFFFFFFFFF7A
:10069000FFFFFFFFFFFFFFFFFFFFFFFFFFFFFFFF6A
:1006A000FFFFFFFFFFFFFFFFFFFFFFFFFFFFFFFF5A
:1006B000FFFFFFFFFFFFFFFFFFFFFFFFFFFFFFFF4A
:1006C000FFFFFFFFFFFFFFFFFFFFFFFFFFFFFFFF3A
:1006D000FFFFFFFFFFFFFFFFFFFFFFFFFFFFFFFF2A
:1006E000FFFFFFFFFFFFFFFFFFFFFFFFFFFFFFFF1A
:1006F000FFFFFFFFFFFFFFFFFFFFFFFFFFFFFFFF0A
:10070000FFFFFFFFFFFFFFFFFFFFFFFFFFFFFFFFF9
:10071000FFFFFFFFFFFFFFFFFFFFFFFFFFFFFFFFE9
:10072000FFFFFFFFFFFFFFFFFFFFFFFFFFFFFFFFD9
:10073000FFFFFFFFFFFFFFFFFFFFFFFFFFFFFFFFC9
:10074000FFFFFFFFFFFFFFFFFFFFFFFFFFFFFFFFB9
:10075000FFFFFFFFFFFFFFFFFFFFFFFFFFFFFFFFA9
:10076000FFFFFFFFFFFFFFFFFFFFFFFFFFFFFFFF99
:10077000FFFFFFFFFFFFFFFFFFFFFFFFFFFFFFFF89
:10078000FFFFFFFFFFFFFFFFFFFFFFFFFFFFFFFF79
:10079000FFFFFFFFFFFFFFFFFFFFFFFFFFFFFFFF69
:1007A000FFFFFFFFFFFFFFFFFFFFFFFFFFFFFFFF59
:1007B000FFFFFFFFFFFFFFFFFFFFFFFFFFFFFFFF49
:1007C000FFFFFFFFFFFFFFFFFFFFFFFFFFFFFFFF39
:1007D000FFFFFFFFFFFFFFFFFFFFFFFFFFFFFFFF29
:1007E000FFFFFFFFFFFFFFFFFFFFFFFFFFFFFFFF19
:1007F000FFFFFFFFFFFFFFFFFFFFFFFFFFFFFFFF09
:10080000FFFFFFFFFFFFFFFFFFFFFFFFFFFFFFFFF8
:10081000FFFFFFFFFFFFFFFFFFFFFFFFFFFFFFFFE8
:10082000FFFFFFFFFFFFFFFFFFFFFFFFFFFFFFFFD8
:10083000FFFFFFFFFFFFFFFFFFFFFFFFFFFFFFFFC8
:10084000FFFFFFFFFFFFFFFFFFFFFFFFFFFFFFFFB8
:10085000FFFFFFFFFFFFFFFFFFFFFFFFFFFFFFFFA8
:10086000FFFFFFFFFFFFFFFFFFFFFFFFFFFFFFFF98
:10087000FFFFFFFFFFFFFFFFFFFFFFFFFFFFFFFF88
:10088000FFFFFFFFFFFFFFFFFFFFFFFFFFFFFFFF78
:10089000FFFFFFFFFFFFFFFFFFFFFFFFFFFFFFFF68
:1008A000FFFFFFFFFFFFFFFFFFFFFFFFFFFFFFFF58
:1008B000FFFFFFFFFFFFFFFFFFFFFFFFFFFFFFFF48
:1008C000FFFFFFFFFFFFFFFFFFFFFFFFFFFFFFFF38
:1008D000FFFFFFFFFFFFFFFFFFFFFFFFFFFFFFFF28
:1008E000FFFFFFFFFFFFFFFFFFFFFFFFFFFFFFFF18
:1008F000FFFFFFFFFFFFFFFFFFFFFFFFFFFFFFFF08
:10090000FFFFFFFFFFFFFFFFFFFFFFFFFFFFFFFFF7
:10091000FFFFFFFFFFFFFFFFFFFFFFFFFFFFFFFFE7
:10092000FFFFFFFFFFFFFFFFFFFFFFFFFFFFFFFFD7
:10093000FFFFFFFFFFFFFFFFFFFFFFFFFFFFFFFFC7
:10094000FFFFFFFFFFFFFFFFFFFFFFFFFFFFFFFFB7
:10095000FFFFFFFFFFFFFFFFFFFFFFFFFFFFFFFFA7
:10096000FFFFFFFFFFFFFFFFFFFFFFFFFFFFFFFF97
:10097000FFFFFFFFFFFFFFFFFFFFFFFFFFFFFFFF87
:10098000FFFFFFFFFFFFFFFFFFFFFFFFFFFFFFFF77
:10099000FFFFFFFFFFFFFFFFFFFFFFFFFFFFFFFF67
:1009A000FFFFFFFFFFFFFFFFFFFFFFFFFFFFFFFF57
:1009B000FFFFFFFFFFFFFFFFFFFFFFFFFFFFFFFF47
:1009C000FFFFFFFFFFFFFFFFFFFFFFFFFFFFFFFF37
:1009D000FFFFFFFFFFFFFFFFFFFFFFFFFFFFFFFF27
:1009E000FFFFFFFFFFFFFFFFFFFFFFFFFFFFFFFF17
:1009F000FFFFFFFFFFFFFFFFFFFFFFFFFFFFFFFF07
:100A0000FFFFFFFFFFFFFFFFFFFFFFFFFFFFFFFFF6
:100A1000FFFFFFFFFFFFFFFFFFFFFFFFFFFFFFFFE6
:100A2000FFFFFFFFFFFFFFFFFFFFFFFFFFFFFFFFD6
:100A3000FFFFFFFFFFFFFFFFFFFFFFFFFFFFFFFFC6
:100A4000FFFFFFFFFFFFFFFFFFFFFFFFFFFFFFFFB6
:100A5000FFFFFFFFFFFFFFFFFFFFFFFFFFFFFFFFA6
:100A6000FFFFFFFFFFFFFFFFFFFFFFFFFFFFFFFF96
:100A7000FFFFFFFFFFFFFFFFFFFFFFFFFFFFFFFF86
:100A8000FFFFFFFFFFFFFFFFFFFFFFFFFFFFFFFF76
:100A9000FFFFFFFFFFFFFFFFFFFFFFFFFFFFFFFF66
:100AA000FFFFFFFFFFFFFFFFFFFFFFFFFFFFFFFF56
:100AB000FFFFFFFFFFFFFFFFFFFFFFFFFFFFFFFF46
:100AC000FFFFFFFFFFFFFFFFFFFFFFFFFFFFFFFF36
:100AD000FFFFFFFFFFFFFFFFFFFFFFFFFFFFFFFF26
:100AE000FFFFFFFFFFFFFFFFFFFFFFFFFFFFFFFF16
:100AF000FFFFFFFFFFFFFFFFFFFFFFFFFFFFFFFF06
:100B0000FFFFFFFFFFFFFFFFFFFFFFFFFFFFFFFFF5
:100B1000FFFFFFFFFFFFFFFFFFFFFFFFFFFFFFFFE5
:100B2000FFFFFFFFFFFFFFFFFFFFFFFFFFFFFFFFD5
:100B3000FFFFFFFFFFFFFFFFFFFFFFFFFFFFFFFFC5
:100B4000FFFFFFFFFFFFFFFFFFFFFFFFFFFFFFFFB5
:100B5000FFFFFFFFFFFFFFFFFFFFFFFFFFFFFFFFA5
:100B6000FFFFFFFFFFFFFFFFFFFFFFFFFFFFFFFF95
:100B7000FFFFFFFFFFFFFFFFFFFFFFFFFFFFFFFF85
:100B8000FFFFFFFFFFFFFFFFFFFFFFFFFFFFFFFF75
:100B9000FFFFFFFFFFFFFFFFFFFFFFFFFFFFFFFF65
:100BA000FFFFFFFFFFFFFFFFFFFFFFFFFFFFFFFF55
:100BB000FFFFFFFFFFFFFFFFFFFFFFFFFFFFFFFF45
:100BC000FFFFFFFFFFFFFFFFFFFFFFFFFFFFFFFF35
:100BD000FFFFFFFFFFFFFFFFFFFFFFFFFFFFFFFF25
:100BE000FFFFFFFFFFFFFFFFFFFFFFFFFFFFFFFF15
:100BF000FFFFFFFFFFFFFFFFFFFFFFFFFFFFFFFF05
:100C0000FFFFFFFFFFFFFFFFFFFFFFFFFFFFFFFFF4
:100C1000FFFFFFFFFFFFFFFFFFFFFFFFFFFFFFFFE4
:100C2000FFFFFFFFFFFFFFFFFFFFFFFFFFFFFFFFD4
:100C3000FFFFFFFFFFFFFFFFFFFFFFFFFFFFFFFFC4
:100C4000FFFFFFFFFFFFFFFFFFFFFFFFFFFFFFFFB4
:100C5000FFFFFFFFFFFFFFFFFFFFFFFFFFFFFFFFA4
:100C6000FFFFFFFFFFFFFFFFFFFFFFFFFFFFFFFF94
:100C7000FFFFFFFFFFFFFFFFFFFFFFFFFFFFFFFF84
:100C8000FFFFFFFFFFFFFFFFFFFFFFFFFFFFFFFF74
:100C9000FFFFFFFFFFFFFFFFFFFFFFFFFFFFFFFF64
:100CA000FFFFFFFFFFFFFFFFFFFFFFFFFFFFFFFF54
:100CB000FFFFFFFFFFFFFFFFFFFFFFFFFFFFFFFF44
:100CC000FFFFFFFFFFFFFFFFFFFFFFFFFFFFFFFF34
:100CD000FFFFFFFFFFFFFFFFFFFFFFFFFFFFFFFF24
:100CE000FFFFFFFFFFFFFFFFFFFFFFFFFFFFFFFF14
:100CF000FFFFFFFFFFFFFFFFFFFFFFFFFFFFFFFF04
:100D0000FFFFFFFFFFFFFFFFFFFFFFFFFFFFFFFFF3
:100D1000FFFFFFFFFFFFFFFFFFFFFFFFFFFFFFFFE3
:100D2000FFFFFFFFFFFFFFFFFFFFFFFFFFFFFFFFD3
:100D3000FFFFFFFFFFFFFFFFFFFFFFFFFFFFFFFFC3
:100D4000FFFFFFFFFFFFFFFFFFFFFFFFFFFFFFFFB3
:100D5000FFFFFFFFFFFFFFFFFFFFFFFFFFFFFFFFA3
:100D6000FFFFFFFFFFFFFFFFFFFFFFFFFFFFFFFF93
:100D7000FFFFFFFFFFFFFFFFFFFFFFFFFFFFFFFF83
:100D8000FFFFFFFFFFFFFFFFFFFFFFFFFFFFFFFF73
:100D9000FFFFFFFFFFFFFFFFFFFFFFFFFFFFFFFF63
:100DA000FFFFFFFFFFFFFFFFFFFFFFFFFFFFFFFF53
:100DB000FFFFFFFFFFFFFFFFFFFFFFFFFFFFFFFF43
:100DC000FFFFFFFFFFFFFFFFFFFFFFFFFFFFFFFF33
:100DD000FFFFFFFFFFFFFFFFFFFFFFFFFFFFFFFF23
:100DE000FFFFFFFFFFFFFFFFFFFFFFFFFFFFFFFF13
:100DF000FFFFFFFFFFFFFFFFFFFFFFFFFFFFFFFF03
:100E0000FFFFFFFFFFFFFFFFFFFFFFFFFFFFFFFFF2
:100E1000FFFFFFFFFFFFFFFFFFFFFFFFFFFFFFFFE2
:100E2000FFFFFFFFFFFFFFFFFFFFFFFFFFFFFFFFD2
:100E3000FFFFFFFFFFFFFFFFFFFFFFFFFFFFFFFFC2
:100E4000FFFFFFFFFFFFFFFFFFFFFFFFFFFFFFFFB2
:100E5000FFFFFFFFFFFFFFFFFFFFFFFFFFFFFFFFA2
:100E6000FFFFFFFFFFFFFFFFFFFFFFFFFFFFFFFF92
:100E7000FFFFFFFFFFFFFFFFFFFFFFFFFFFFFFFF82
:100E8000FFFFFFFFFFFFFFFFFFFFFFFFFFFFFFFF72
:100E9000FFFFFFFFFFFFFFFFFFFFFFFFFFFFFFFF62
:100EA000FFFFFFFFFFFFFFFFFFFFFFFFFFFFFFFF52
:100EB000FFFFFFFFFFFFFFFFFFFFFFFFFFFFFFFF42
:100EC000FFFFFFFFFFFFFFFFFFFFFFFFFFFFFFFF32
:100ED000FFFFFFFFFFFFFFFFFFFFFFFFFFFFFFFF22
:100EE000FFFFFFFFFFFFFFFFFFFFFFFFFFFFFFFF12
:100EF000FFFFFFFFFFFFFFFFFFFFFFFFFFFFFFFF02
:100F0000FFFFFFFFFFFFFFFFFFFFFFFFFFFFFFFFF1
:100F1000FFFFFFFFFFFFFFFFFFFFFFFFFFFFFFFFE1
:100F2000FFFFFFFFFFFFFFFFFFFFFFFFFFFFFFFFD1
:100F3000FFFFFFFFFFFFFFFFFFFFFFFFFFFFFFFFC1
:100F4000FFFFFFFFFFFFFFFFFFFFFFFFFFFFFFFFB1
:100F5000FFFFFFFFFFFFFFFFFFFFFFFFFFFFFFFFA1
:100F6000FFFFFFFFFFFFFFFFFFFFFFFFFFFFFFFF91
:100F7000FFFFFFFFFFFFFFFFFFFFFFFFFFFFFFFF81
:100F8000FFFFFFFFFFFFFFFFFFFFFFFFFFFFFFFF71
:100F9000FFFFFFFFFFFFFFFFFFFFFFFFFFFFFFFF61
:100FA000FFFFFFFFFFFFFFFFFFFFFFFFFFFFFFFF51
:100FB000FFFFFFFFFFFFFFFFFFFFFFFFFFFFFFFF41
:100FC000FFFFFFFFFFFFFFFFFFFFFFFFFFFFFFFF31
:100FD000FFFFFFFFFFFFFFFFFFFFFFFFFFFFFFFF21
:100FE000FFFFFFFFFFFFFFFFFFFFFFFFFFFFFFFF11
:100FF000FFFFFFFFFFFFFFFFFFFFFFFFFFFFFFFF01
:10100000D1002043ED15006000000000000000004A
:101010002010006000100060006C01600000000003
:10102000000000600078010000000000FFFFFFFFEB
:10103000FFFFFFFFFFFFFFFFFFFFFFFFFFFFFFFFC0
:10104000FFFFFFFFFFFFFFFFFFFFFFFFFFFFFFFFB0
:10105000FFFFFFFFFFFFFFFFFFFFFFFFFFFFFFFFA0
:10106000FFFFFFFFFFFFFFFFFFFFFFFFFFFFFFFF90
:10107000FFFFFFFFFFFFFFFFFFFFFFFFFFFFFFFF80
:10108000FFFFFFFFFFFFFFFFFFFFFFFFFFFFFFFF70
:10109000FFFFFFFFFFFFFFFFFFFFFFFFFFFFFFFF60
:1010A000FFFFFFFFFFFFFFFFFFFFFFFFFFFFFFFF50
:1010B000FFFFFFFFFFFFFFFFFFFFFFFFFFFFFFFF40
:1010C000FFFFFFFFFFFFFFFFFFFFFFFFFFFFFFFF30
:1010D000FFFFFFFFFFFFFFFFFFFFFFFFFFFFFFFF20
:1010E000FFFFFFFFFFFFFFFFFFFFFFFFFFFFFFFF10
:1010F000FFFFFFFFFFFFFFFFFFFFFFFFFFFFFFFF00
:10110000FFFFFFFFFFFFFFFFFFFFFFFFFFFFFFFFEF
:10111000FFFFFFFFFFFFFFFFFFFFFFFFFFFFFFFFDF
:10112000FFFFFFFFFFFFFFFFFFFFFFFFFFFFFFFFCF
:10113000FFFFFFFFFFFFFFFFFFFFFFFFFFFFFFFFBF
:10114000FFFFFFFFFFFFFFFFFFFFFFFFFFFFFFFFAF
:10115000FFFFFFFFFFFFFFFFFFFFFFFFFFFFFFFF9F
:10116000FFFFFFFFFFFFFFFFFFFFFFFFFFFFFFFF8F
:10117000FFFFFFFFFFFFFFFFFFFFFFFFFFFFFFFF7F
:10118000FFFFFFFFFFFFFFFFFFFFFFFFFFFFFFFF6F
:10119000FFFFFFFFFFFFFFFFFFFFFFFFFFFFFFFF5F
:1011A000FFFFFFFFFFFFFFFFFFFFFFFFFFFFFFFF4F
:1011B000FFFFFFFFFFFFFFFFFFFFFFFFFFFFFFFF3F
:1011C000FFFFFFFFFFFFFFFFFFFFFFFFFFFFFFFF2F
:1011D000FFFFFFFFFFFFFFFFFFFFFFFFFFFFFFFF1F
:1011E000FFFFFFFFFFFFFFFFFFFFFFFFFFFFFFFF0F
:1011F000FFFFFFFFFFFFFFFFFFFFFFFFFFFFFFFFFF
:10120000FFFFFFFFFFFFFFFFFFFFFFFFFFFFFFFFEE
:10121000FFFFFFFFFFFFFFFFFFFFFFFFFFFFFFFFDE
:10122000FFFFFFFFFFFFFFFFFFFFFFFFFFFFFFFFCE
:10123000FFFFFFFFFFFFFFFFFFFFFFFFFFFFFFFFBE
:10124000FFFFFFFFFFFFFFFFFFFFFFFFFFFFFFFFAE
:10125000FFFFFFFFFFFFFFFFFFFFFFFFFFFFFFFF9E
:10126000FFFFFFFFFFFFFFFFFFFFFFFFFFFFFFFF8E
:10127000FFFFFFFFFFFFFFFFFFFFFFFFFFFFFFFF7E
:10128000FFFFFFFFFFFFFFFFFFFFFFFFFFFFFFFF6E
:10129000FFFFFFFFFFFFFFFFFFFFFFFFFFFFFFFF5E
:1012A000FFFFFFFFFFFFFFFFFFFFFFFFFFFFFFFF4E
:1012B000FFFFFFFFFFFFFFFFFFFFFFFFFFFFFFFF3E
:1012C000FFFFFFFFFFFFFFFFFFFFFFFFFFFFFFFF2E
:1012D000FFFFFFFFFFFFFFFFFFFFFFFFFFFFFFFF1E
:1012E000FFFFFFFFFFFFFFFFFFFFFFFFFFFFFFFF0E
:1012F000FFFFFFFFFFFFFFFFFFFFFFFFFFFFFFFFFE
:10130000FFFFFFFFFFFFFFFFFFFFFFFFFFFFFFFFED
:10131000FFFFFFFFFFFFFFFFFFFFFFFFFFFFFFFFDD
:10132000FFFFFFFFFFFFFFFFFFFFFFFFFFFFFFFFCD
:10133000FFFFFFFFFFFFFFFFFFFFFFFFFFFFFFFFBD
:10134000FFFFFFFFFFFFFFFFFFFFFFFFFFFFFFFFAD
:10135000FFFFFFFFFFFFFFFFFFFFFFFFFFFFFFFF9D
:10136000FFFFFFFFFFFFFFFFFFFFFFFFFFFFFFFF8D
:10137000FFFFFFFFFFFFFFFFFFFFFFFFFFFFFFFF7D
:10138000FFFFFFFFFFFFFFFFFFFFFFFFFFFFFFFF6D
:10139000FFFFFFFFFFFFFFFFFFFFFFFFFFFFFFFF5D
:1013A000FFFFFFFFFFFFFFFFFFFFFFFFFFFFFFFF4D
:1013B000FFFFFFFFFFFFFFFFFFFFFFFFFFFFFFFF3D
:1013C000FFFFFFFFFFFFFFFFFFFFFFFFFFFFFFFF2D
:1013D000FFFFFFFFFFFFFFFFFFFFFFFFFFFFFFFF1D
:1013E000FFFFFFFFFFFFFFFFFFFFFFFFFFFFFFFF0D
:1013F000FFFFFFFFFFFFFFFFFFFFFFFFFFFFFFFFFD
:10140000824205D051F8043B40F8043B8242F9D8AF
:10141000704700BF044A05494FF0000342F8043BFF
:101420009142FBD8704700BFC01E0020A0EF0020F3
:1014300080B5BFF34F8F00F0BDF9534C534B0820DC
:101440005349C3F85401534AC3F800115248C3F832
:10145000F0405249FFF7D4FF514A52495248FFF732
:10146000CFFF524CFFF7D6FF4FF470004FF0E02152
:1014700000234F4AC1F8880D44F823200133B02BD4
:10148000FAD14C4B80214C4A03F8011B9342FBD10B
:101490004FF0E025494F4A4A4FF0FF31C5F8084D5B
:1014A0000026D5F8243D43F4E023C5F8243DFB692C
:1014B00023F07F0343F04003FB617B6A23F07F034B
:1014C00043F040037B629166D1661167516700F07B
:1014D00079F93C4B63223C49A3633C4BE363032310
:1014E0006A613B4AAE612B61C5F8202DD5F8FC2D11
:1014F000384B42F08072C5F8FC2D1A6842F00102A8
:101500001A605B680B6000F0E7F9334800F064FB99
:10151000F96E324B324A41F44051F9661E60C3F80D
:101520000861C3F81861C3F82861C3F83861936B88
:10153000DB0708D442F615632A4951651365936B9E
:1015400043F001039363264A274C936843F0011349
:10155000936000F005F900F03BFB00F0EBF900F0C0
:101560002BF92368132BFCD900F07CFA2368B3F520
:10157000967FFBD300F024F900F020F900F034FB53
:1015800000F02EFB30BFFDE70C0D111300800D4065
:101590001B101820F82B010000000000941D0060B3
:1015A000C01E00209049016000000020001C0020A7
:1015B000059B000000E400E0A0E400E000C00F4054
:1015C00000C00A4061B700005029002065B7000044
:1015D00000002020001000E00046C3230040084027
:1015E00000400D400000C05654290020054B4FF428
:1015F0002A01054A05485A641864054A99639546C4
:10160000FFF716FF00C00A40BFAAAAAA07002000E1
:10161000008006201BB9124B1B6F9B041ED400F0E8
:101620003F000F4B22F0604221F0604140F48910EE
:101630001867C3F88010C3F890201A6F22F4805204
:101640001A671A6F002AFCDAD3F87011054A0A40AB
:10165000C3F870211A6F22F480321A67704700BFF6
:1016600000800D40FF7F7FFFB1F5607FF0B50E4633
:101670008DB028BF4FF460760F46054672B62E4BEC
:1016800000247022186021462C4B2D481C8000F04D
:1016900093FACFB121462A484FF0010C4A0901F0D4
:1016A0001F03013150F822400CFA03F38E4243EA43
:1016B000040340F82230F1D8284600234380013348
:1016C00000F582709E42F9D81E4C257815B162B69D
:1016D0000DB0F0BD082000F08FFA1B4B80220646AB
:1016E000009302A90693194B0271056008A80293A2
:1016F00000F07EFA06A9164A304600F059FA069B19
:1017000008A8DB689847009B02A8DB689847237805
:10171000002BDCD10F4B104AC3F858210F49D020C1
:101720004FF0E023402281F84600C3F8082101234E
:10173000237062B60DB0F0BD442200201CEF0020E3
:101740004C22002036EF0020480A0020958400003B
:101750001B100100001C0020A184000000E400E038
:10176000104BA020104AD96E41F4403110B4D96614
:1017700040F23764D96E41F44071D9665464906484
:10178000936C1B06FCD4094A40F23761A0235164D4
:101790009364936C13F08003FBD1054A13705DF8DA
:1017A000044B704700C00F4000400C4000800C40CC
:1017B0003DEF0020704700BF704700BF704700BF7B
:1017C00000BF704710B44FF0E023002110243248CE
:1017D000C3F8941DC3F89C4D1124C3F8A00D2F48E5
:1017E000C3F89C4D1224C3F8A00D2D48C3F89C4D9E
:1017F0002C4AC3F8A00D2C4C42F015022B48C3F81C
:101800009C4DC3F8A00D2A4C2A48C3F89C4DC3F840
:10181000A00D294CC3F89C2D2848294AC3F8A04D97
:10182000C3F89C0DC3F8A02D02F5A022254C0C3264
:101830002548C3F89C4DC3F8A02D244AC3F89C0D3D
:10184000C3F8A02D02F14062214C02322148C3F8B6
:101850009C4DC3F8A02D0A32C3F89C0DC3F8A02DEF
:1018600000BF00BF00BF00BF00BF0122C3F8942D1E
:10187000BFF34F8FBFF36F8FC3F8501FBFF34F8F6E
:10188000BFF36F8FD3F8142D5DF8044B42F4403250
:10189000C3F8142D704700BF3F0000102500080753
:1018A00009001000A0EF0020130020002100020713
:1018B0001400002025000813090000101600202045
:1018C00027000B1317000040180000602F000B07C3
:1018D000190000701A000080F0B4154A40274FF438
:1018E00080314FF480564FF400554FF4404443F29A
:1018F0004200136913F0020F0ED113F4005F0FD0F2
:1019000013F4805F0ED0002BF3DA13F4803F0BD179
:101910005B060BD5F0BC7047946151619061E8E7BC
:101920005561E6E75661E4E79161E2E75761E0E778
:1019300000800D403F4A03203F49F3EE095AD2F898
:1019400080304FF0000C9FED3D6A23F001039FEDC6
:101950003C5A30B4C2F88030C2F89000D1F8E010A0
:10196000384DCBB2384C39482B6007EE903A0B0D0E
:10197000C1F30B21F8EEE77A06EE903A07EE101A63
:10198000334BB8EEC77A2160F8EEE66A314937EE9C
:10199000C66A37EEC55A76EEC76A77EEE57A26EE66
:1019A000266AC3ED006A25EE265AD2F8803067EE2B
:1019B000A64AC0ED007AC6EE275A274885EE276A68
:1019C000C4EEA76A75EE875AFCEEE55A36EE076A52
:1019D00015EE904ABCEEC66A43EA045376EE877A67
:1019E000C2F8803016EE103AD2F89041FCEEE77A59
:1019F00001EA0341214317EE903AC2F89011C3F374
:101A00000B03D2F890110B431449C2F89031D2F86D
:101A1000803043F00203C2F88030114B80F840C0A0
:101A2000C1F840314FF0E023012230BCC3F8082157
:101A3000704700BF00810D4000441F400000AA42D3
:101A40000000B44238290020342900203C2900201D
:101A5000402900200000FF0F00E400E0001C0020EF
:101A6000F19C0000314B40F6617210B5C3F82021A3
:101A700040F2044400F0A8F82D4A2E49D2F88030F4
:101A80002D4843F00303C2F880302C4BC1F860416D
:101A900002681A4203D1D1F8A8319A071BD0254A0F
:101AA0004FF00041244B5963D2F8403143F0020318
:101AB000C2F84031D2F840319B07FBD44FF40030DC
:101AC0004FF0E0211C4B4FF00042C1F88C0219206E
:101AD0009A6300F075F8184A4FF08040154C0021C9
:101AE00090630A20164B11604FF42072C4F8A801CD
:101AF000184600F061F84FF4800203464FF481006D
:101B000040F243111860C4F858311A640D4B0E4A64
:101B1000C4F84811C3F804224FF0E0224FF400311A
:101B20000123C2F80C11C4F8403110BD00800D40F3
:101B300000C00F4000002E4000900D40001C1E0011
:101B400000000020001C0020119F000008B50E4B73
:101B50001B6E9B0700D4FBBE72B60C4B00200C4AD8
:101B6000C3F8400103F160430A49A3F55F23116400
:101B70009D46BFF34F8F4FF400130748074ADB69B8
:101B800002609B68984700BF00441F4000002E4041
:101B900000C00A400300200000802020000012EB5B
:101BA000F8B500BFF8BC08BC9E46704700000000B6
:101BB0005FF800F06D8A00005FF800F00DD50000BE
:101BC0005FF800F0619300005FF800F04DA60000A0
:101BD0005FF800F0F59900005FF800F071900000E8
:101BE0005FF800F04D9600005FF800F0EDD60000C1
:101BF0005FF800F0790100005FF800F091970000B5
:101C0000050100002D74000081820000E18B0000BE
:101C100020036400690063006500460072006900EB
:101C200065006E006400200076002E003000310058
:101C3000220353006900670069006C0049006E00D0
:101C400073007400720075006D0065006E00740012
:101C5000730000000403090409029500030100C099
:101C600032080B0002020201000904000001020216
:101C700001000524001001052401010104240206CD
:101C80000524060001070582031000100904010065
:101C9000020A000000070503024000000705830256
:101CA00040000009040200020103000007240100B3
:101CB0000125000624020101000624020202000997
:101CC00024030103010201000924030204010101AC
:101CD000000905040240000000000525010101097A
:101CE00005840240000000000525010103000000FA
:101CF00009029500030100C032080B000202020134
:101D00000009040000010202010005240010010581
:101D100024010101042402060524060001070582AE
:101D20000310000509040100020A00000007050372
:101D300002000200070583020002000904020002FB
:101D4000010300020724010001250006240201010D
:101D50000206240202020209240301030102010215
:101D60000924030204010101020905040200020022
:101D700000000525010101090584020002000000A0
:101D800005250101030000000A060002EF020140E0
:041D9000010000004E
:101D9400000000000000000000000000000000003F
:101DA400000000000000000000000000000000002F
:101DB400F8B54FF084439D695A6915400DD0254FFD
:101DC40001269D6195FAA5F4B4FA84F457F82430F9
:101DD40006FA04F49847A543F4D11F4B9D695A6948
:101DE40015400DD01D4F01269D6195FAA5F4B4FA56
:101DF40084F457F8243006FA04F49847A543F4D140
:101E0400174B9D695A6915400DD0164F01269D61E7
:101E140095FAA5F4B4FA84F457F8243006FA04F4D5
:101E24009847A543F4D1104B9D695A6915400DD0CC
:101E34000E4F01269D6195FAA5F4B4FA84F457F87F
:101E4400243006FA04F49847A543F4D1BFF34F8F26
:101E5400F8BD00BF6818002000400042E8180020C8
:101E6400008000426819002000C00042E8190020E8
:101E74000548064B1B1AD90F01EBA301491002D0E8
:101E8400034B03B118477047C01E0020C01E00203A
:101E94000000000008B5054B1BB105490548AFF328
:101EA4000080BDE80840FFF7E3BF00BF000000006A
:101EB400402800200078016010B50F4C4FF0000E50
:101EC4000E4A234604F1030C13F8011B21B11178C7
:101ED400814208BF03F801EC634502F10102F3D12A
:101EE40023780BB9637813B1054A137010BDA37836
:101EF400034A137010BD00BF34EC0020EC1A00201C
:101F040063EF0020036818470B680360704700BF45
:101F14000B680360704700BF704700BF10B509F03D
:101F24003BF91D4A1368C31AB3F5FA7F33D91B4929
:101F34004FF0010C1A4C0B601A49106081F800C074
:101F4400194A21681948A2FB03C201319209216090
:101F540017490468A2F10B000C6042F20471884234
:101F640012D807EE902A9FED136AF7EE006A124A20
:101F7400F8EEE77A86EE277AB4EE667AF1EE10FA96
:101F840036FE877A82ED007A0C4A0D491A448A4259
:101F940001D80C4A136010BD7C2700208027002044
:101FA4001827002040EF0020D34D62105429002050
:101FB4001C2700200000484320270020BFF2FCFF1C
:101FC4007EB92A00B427002010B5044608F098FC16
:101FD400204610BD10B52DED068B71EE609ADFED35
:101FE400297AF0EE408AF4EEE79AF1EE10FA23D45F
:101FF400B0EE608A1424F0EE41AA9FED23AAB0EE5D
:10200400619A01E0013C1AD042F21071002008F0FC
:10201400F7FD07EE900AB0EE480AF8EEE77A87EE8D
:102024008A7AA7EE290A70EE687AF0EEE77AF4EE7F
:10203400C97AF1EE10FAE5DBBDEC068B10BD7AEE41
:10204400887AB6EE007A67EE877AF4EEE87AF1EEF3
:1020540010FAD8BFB1EE499A39EE280AB4EEC08A14
:10206400F1EE10FA09D8F4EE40AAF1EE10FA48BFE6
:10207400B0EE6A0ABDEC068B10BDB0EE480ABDECAA
:10208400068B10BD6F12833A00401C46084B1A7829
:102094003AB1084A1178172904D91A78013AD2B208
:1020A4001A70704711780131C9B21170F5E700BF99
:1020B40050EF00204EEF0020F0B5B64D83B0B64B84
:1020C40004462A681A60002800F05D81002102207D
:1020D40009F0B4FAFF21032009F0B0FAAF4B1A78E3
:1020E40032B1AF492A680968521A812A40F2D08174
:1020F400AC4A0021127819709AB3AB4E377C002F8A
:1021040040F0E88196F82CC0BCF1000F00F0E481A7
:10211400A64AA74BDFEDA76A002C08BF1346A649C1
:10212400A64A03F1180411F8010B68B9D2ED007A3C
:1021340093ED007A77EEC77AF0EEE77AF4EEE67A7A
:10214400F1EE10FA00F3E98104330432A342EAD138
:102154009B4BBCF1000F40F0D1811A78002A40F06B
:10216400EC81984BD3ED007AF5EEC07AF1EE10FADB
:10217400C0F20681B7EE007AF4EEC77AF1EE10FAF7
:1021840000F3B9819FED907A27EE876A8F4BD3EDE8
:10219400007AF5EEC07AF1EE10FAC0F28F81B7EE54
:1021A400007AF4EEC77AF1EE10FA00F3A1819FED04
:1021B400867A67EE876A864BB1EE007AD3ED6A7A47
:1021C40067EE877AF5EEC07AF1EE10FAC0F2738109
:1021D400B7EE007AF4EEC77A9FED7B7AF1EE10FA4F
:1021E40001DC27EE877AF1EE005AD3ED6B7A67EEC5
:1021F400A57AF5EEC07AF1EE10FAC0F26881F7EE36
:10220400005AF4EEE57AF1EE10FA00F36E81DFED98
:102214006E5A67EEA57A6F4B6F4ED3ED005A6F4D31
:10222400F4EEC65A6E4C36EE656AF1EE10FA4CBF07
:10223400B6EE005A9FED6B5A26EE056A35EE866AB5
:10224400D6ED005AF4EEE65A76EEE56A83ED006ABE
:10225400F1EE10FA4CBFB6EE005A9FED625A66EEEC
:10226400856A75EEA65AD5ED006AF4EEC76AC6ED26
:10227400005A37EE667AF1EE10FA4CBFF6EE005AC9
:10228400DFED585A27EE257A76EE876A94ED007AC8
:10229400B4EEE77AC5ED006A77EEC77AF1EE10FA8C
:1022A400B5EEC06A4CBFF6EE006ADFED4E6AF1EEA1
:1022B40010FA67EEA67A37EE277A84ED007AC0F238
:1022C4000481DFED417AB4EEE76AF1EE10FA00F32F
:1022D4000A81FCEEC67ACDED017A9DF80410042043
:1022E40009F0ACF9D6ED007AF5EEC07AF1EE10FA09
:1022F400C0F2E9809FED347AF4EEC77AF1EE10FA79
:1023040000F3EF80FCEEE77ACDED017A9DF804103E
:10231400052009F093F9D5ED007AF5EEC07AF1EED7
:1023240010FAC0F2CE809FED287AF4EEC77AF1EE6F
:1023340010FA00F3D480FCEEE77ACDED017A9DF833
:102344000410062009F07AF9D4ED007AF5EEC07A8B
:10235400F1EE10FAC0F295809FED1B7AF4EEC77A85
:10236400F1EE10FA00F3A080FCEEE77A0920CDED3F
:10237400017A9DF8041003B0BDE8F04009F05EB99D
:102384009FED196A02E7FF21022009F057F921465F
:10239400A1E600BF542900209427002048EF002024
:1023A4005827002064EF0020C0EB0020801A002092
:1023B400CC1A00208FC2753CD0280020B41A00200B
:1023C40061EF00202027002000007F4330270020F9
:1023D4005CE9002088270020902700208427002023
:1023E4008C270020CDCC4C3D00000000002F4FF086
:1023F400040014BFFF21002109F020F996F82C30C5
:102404000520002B14BFFF21002109F017F996F8CD
:1024140048300620002B14BFFF21002109F00EF9DB
:10242400474BB1EE007AD3ED6B7A67EE877AF5EE1F
:10243400C07AF1EE10FA7ADBB7EE007AF4EEC77ADE
:10244400F1EE10FA76DC9FED3F7A67EE877A3E4C28
:1024540094ED007AB4EEE77A77EEC77AF1EE10FAEB
:102464004CBFF6EE006ADFED396A67EEA67A77EEC6
:10247400277AF5EEC07AC4ED007AF1EE10FABFF6D1
:102484006BAF0021092003B0BDE8F04009F0D6B8D5
:102494000021042009F0D2F80021052009F0CEF82B
:1024A4000021062009F0CAF8FF21092003B0BDE885
:1024B400F04009F0C3B89FED267A94E6DFED246A74
:1024C40079E600213DE7002122E7002107E7DFED5F
:1024D400207AA0E6BC461BE696F848C018E6FF2121
:1024E4002FE7FF2114E7FF21F9E6DFED167A92E6E4
:1024F400DFED146A5FE69FED136A47E6154A012192
:102504001970296811602A68521A40F6B8318A4253
:102514007FF66CAF00221A7023E601220E4B296865
:102524001A700C4A1160BCF1000FE8D1EBE7DFED43
:10253400087A8CE7DFED037A89E7064A1168E2E757
:102544005CE9002000007F438C270020CDCC4C3D6B
:102554000000000030EC002061EF00202DE9F0477E
:102564005C4D4FF0000A5C4C5C4B2A6804F1540645
:10257400DFF87C915A4FDFF87C812DED048B9FEDC1
:10258400598A9FED599ADFED598A1A600A21206809
:1025940007F0FAFD636820EAE072002B40F38A80BA
:1025A400D31A217CA36000294AD1B0F5486F3ADDE3
:1025B400637E0133DBB2012B637635D907EE902AB3
:1025C4000123A176F8EEE77A237477EEC97A87EED1
:1025D400A87AB5EEC07AF1EE10FA77DBF7EE007A5E
:1025E400B4EEE77AF1EE10FA6CDCB4EE487A01232B
:1025F4006374F1EE10FA98BFB0EE487A84ED037A72
:10260400C1B92B6863613B78A3B1D9F800301C349D
:1026140009F104090133B44249F8043CB6D1BDECD4
:10262400048BBDE8F08761762B68C4F80CA0636165
:10263400002363741C3409F10409B442A6D1EEE703
:10264400B0F5E16F1BDAA37E0133DBB2012BA37675
:1026540017D90023C4F80CA02374637663742B6821
:1026640063613B78002BE5D14FF0E0234022012148
:10267400C3F8882188F8B011C3F80821DAE70023E9
:10268400A37607EE902AF8EEE77A77EEC97A87EE1A
:10269400A87AB5EEC07AF1EE10FA0EDBF7EE007A06
:1026A400B4EEE77AF1EE10FA9FDD0123C4ED037A6C
:1026B4006374BFE70023626073E7012384ED038A38
:1026C4006374B7E76374C4ED037A9AE7637484EDC3
:1026D400038A96E754290020C0EB002014EC002064
:1026E40064EF0020295C8F3E0080ED4500006144CA
:1026F4004CEC00205CE900202DE9F04F2DED108B0F
:10270400B1B0044607F0C6FD05460B9007F0C2FDC4
:102714000A90002D00F06983002800F061834822AC
:1027240004F11801B7EE008A1EA808F05FFED4ED8C
:102734000E6A9FEDEA5ABFEE000A78EE666ADFED94
:10274400E87A9FEDE86AB2EE08BA94ED0C7AE6EE08
:10275400857A94F84C30D4ED0D6A27EE077AD4EDDF
:102764000F8A1D46DFEDE05A236DCDED056AA7EE15
:1027740025BA67EE867AD4ED116A94F84860D4EDF0
:1027840010CA80EE270ACDED028ACDED036A0493C8
:102794000AF0D8FE9FEDD57A012E8DED010AF0EEF8
:1027A400007AE8EE877A00F01385022E00F01F8588
:1027B400032EDFEDCF5ADFEDCF6A9FEDCF7A9FED89
:1027C400CF4A45FEA66A9FEDCE6ADFEDCE4A04FEEF
:1027D400077A9FEDCD5ADFEDE1AA04FE866ADFEDAC
:1027E400CB5A05FE088A45FEAAAAF2EE085A00262C
:1027F4007AEEA7AA8DED0D8AB0EE00AA1EAFB3EE55
:10280400049A9FEDC3CACCEEA5BADFEDC29A9FED40
:10281400B58A0DF1A80ADFEDC08A0DF160090DF14A
:102824004808DDED02CA8DED0E6ACDED0F6A8DED1F
:10283400117A0C9610960694F0EE6B0AB7EC01DA56
:10284400B0EE000A4FEA860B0AF056FF0CABF5EE29
:10285400007A03EB8602F0EE40DAB0EE000AD2ED25
:10286400000A60EEA70A0AF047FF2DEE2DDA2DEEDE
:1028740000DAB4EEC9DAF1EE10FAC0F28084B4EEF4
:10288400E9DAF1EE10FA00F390849FEDA40ADFED8B
:10289400A40A8DEE000A0AF02FFFB4EECC0AF1EE82
:1028A40010FAC0F2B084DFED9F7AB4EE670AF1EE5D
:1028B40010FA37FE800AD7ED027AB2EE084AF7EE34
:1028C400006A0FAB27EEA77A9FED976A03EB0B0222
:1028D4009FED965A6BEE007A9FED9EEAA7EE046A8E
:1028E400D2ED004AB0EE667AF5EE005A6AEE8DDA61
:1028F400A4EE857AACEEA5EA67EE867AF4EEC9DA40
:1029040067EE877AF1EE10FA2EEE27EAC0F23384EE
:102914009FED877AF4EE47DAF1EE10FA77FE2DDABE
:10292400B4EEC9DAF1EE10FAC0F21F84B4EEE9DABB
:10293400F1EE10FA00F333849FED7E0AF0EE4DEAD7
:102944002DEE000AF4EECA7AF1EE10FAC0F2098410
:102954009FED797AF4EEC77AF1EE10FA00F3318440
:1029640067EE887A80EE270A0AF0ECFDB0EE40FAB2
:102974002EEEA80A80EE080A0BF052F97FEE0F7AC9
:10298400F4EEC9DA2FEE4FFA27EE800AF1EE10FAD0
:1029940088ED01FA88ED000AC0F2DE83F4EEE9DA8C
:1029A400F1EE10FA00F307849FED620AF0EE6DEA8F
:1029B4002DEE800AB4EECAEAF1EE10FAC0F2C98331
:1029C400DFED5D7AB4EEE7EAF1EE10FA00F3E483AA
:1029D4002EEE08EA80EE0E0A0AF0B4FDB0EE40EAEC
:1029E4002EEEA80A6DEEA8DA80EE080A0BF018F9AC
:1029F40084ED22DA7EEE0E7A2EEE4EEA67EE807ACF
:102A04002DEE280A89ED01EAC9ED007A80EE080A64
:102A14000BF002F884ED230AB0EE40DA8DEE880A5A
:102A24000AF0FAFF84ED240A002D00F09083D4F814
:102A34009410049BC91A18BF0121B86BD4F89830BC
:102A44001AF801EFC21A18BF0122BEF1000F40F0BC
:102A540079830A4300F05A83002940F09683C4F82E
:102A64009800B7EE007ADFED357A9DED016A002219
:102A74006DEE277AD4ED1E6A37EE467AE266A266D8
:102A8400626667EE877A9FED2E7A2266F4EEC76A55
:102A9400E267C4F880202B4AF1EE10FAC4ED1C7AE8
:102AA400626700F1E181DFED287AF4EEE76AF1EE86
:102AB40010FA00F3D981D4ED207ADFED246A94ED85
:102AC4001F7A77EEA67A9FED226A37EE067AF5EE44
:102AD400C07A84ED1F7AF1EE10FA41E06F12033CE4
:102AE40052491D3900442C470000904385EB913F27
:102AF400CCCC4CBD0AD7A3BDCDCCCC3D7B14AE3DD4
:102B0400333333BF52B86EBF14AEA73FEC51383ED7
:102B14009A99593F0020CB45DB0FC9400000DC43A4
:102B2400CDCC0C3FCDCC4C409A99193E8FC2F53D8B
:102B340000803B46DB0F49C00000FA43CDCCAC3FDC
:102B4400CDCC4C3DF853033F3333733F17B7513A61
:102B5400C6373E3B3333B33E3333B33F000000004C
:102B6400C0F23383B7EE007AF4EE477AF1EE10FA4E
:102B740077FE277A0122C4ED207A013684F89C205E
:102B840009F108094034032E08F108087FF454AE13
:102B9400069CB0EE007AB7EE009A5FED127AD4ED9F
:102BA400486A4FF000085FED138A0DF17809CDED06
:102BB400086ADDED036AF0EE68AA0B9BF0EE689AF2
:102BC400A6EE879A94ED4ABA66EEA77AD4ED4BBA8C
:102BD4001FED1FAA03F1040BCDED047AD4ED497A5D
:102BE400CDED097A5FED23EA0DF1480AA64F18AE40
:102BF400B0EE6EEA25469FEDA58ADFEDA5DA9FEDDE
:102C0400A5DADFEDA5CA9FEDA5CA8DED06BACDED17
:102C140007BA95ED247AB7EE083AD5ED237AB7EEE4
:102C2400000A95ED1C1AC7FE8D7A87EE274ADDED62
:102C3400017AD5ED1DFA95ED185A9AED002A67EE42
:102C4400814ADFED977AD5ED193AF0EEC51A6FEEA9
:102C5400A76ADFED947ADAED012AF4EE674AD5ED3E
:102C64001A5AF0EE417A96ED007AF1EE10FAE2EE9D
:102C7400057AF4EE6D6A48BFF0EE694A25EE877A6C
:102C8400F1EE10FA24EE014AC5ED1C4AE2EEA37AF5
:102C9400D5ED1B3A48BFF0EE696AD6ED012AB0EED5
:102CA400E52AF4EE4A1AA4EE2C7AC5ED1D6AD5ED98
:102CB400206AB0EE67FAC5ED187ADDED037AF1EE1D
:102CC40010FAB4EE4A2A67EEA6BAA2EEA37A3AFE46
:102CD400855AF1EE10FA85ED195AF4EECCBA7AFE63
:102CE400A55AC5ED1B5AF1EE10FAB0EE47BA85EDC0
:102CF4001A7A0DDDABEE830A20EE0F0A0BF0E0F832
:102D0400DFED697A30EE4F0A6BEEA76AA6EE80FA21
:102D1400DFED665ADFED666A2BEE257ADDED027A89
:102D2400AFEE267A37EE4F7AA7EE87FA29EE0F0A2E
:102D34000BF0C6F8C0EE096A9FED5E7ADDED043A49
:102D44009FED5D6AF9EE005A2FEE877AF0EE4F7A26
:102D5400B3EE0B5AB4EEE57AB2EE024AF1EE004A53
:102D6400F1EE10FA76EECF6AE3EEA67AC0F289802D
:102D7400B4EEE47AF1EE10FA00F35C8167EE076AD0
:102D8400F0EE455AE6EE845A76EE856A66EE876A78
:102D940086EEA57A27EE067ADDED056A0836DFEDC4
:102DA400475A403526EE888ADFED456AA7EEA57AB4
:102DB4009FED446AF0EE665A4E45E8EE066A0AF163
:102DC400080AE8EE465AF0EEC77AE6EE87EA78EEAD
:102DD400A78AA5EE87EA00F08F80B7EC018A18E78E
:102DE4000B9B13B1184607F0ABFA0A9BBBB318460A
:102DF40031B0BDEC108BBDE8F04F07F0A1BA0B9ECB
:102E040000222046314607F0C3FA0A9D01222046DB
:102E1400294607F0BDFA304607F092FA284607F033
:102E24008FFA9FED297AC8EE877AF5EEC07AF1EE33
:102E340010FAC0F2D981B7EE007AF4EE477AF1EED7
:102E440010FA77FE277A94ED4C6ADFED206A77EE6C
:102E5400C67A94ED4C7AA7EEA67A84ED4C7A31B01A
:102E6400BDEC108BBDE8F08F07EE906A9FED187AE9
:102E7400F8EEE76ADFED177AE6EE877AC4ED1E7A9C
:102E840019E69FED157A87E7400A002014AE47BF84
:102E9400ACC52737BD378635CDCC0C3F6F12833A8E
:102EA4003CA6743F95BFD633AE47613E8FC2F53E14
:102EB40052B81E3FCDCC8C3FAE47613D3333D33F38
:102EC400EC51383F295C8F3E0000C0438FC2F53D72
:102ED4007B142E3EE17A943EF19862BD52B87E3F57
:102EE4006666C63FF198623D9FBE00C7000000C7FA
:102EF4009FBE004700FEFF46DDED087AF9EE006A4A
:102F04001FED0A7A7EEE675A9DED06BADDED097A69
:102F1400DDED07BAEBEE075A84ED48EA3EEEE76AC8
:102F24005FED117AC4ED49EAABEE876A25EEA77A24
:102F3400C4ED4A5AB0EE65BAB4EEE67AF0EE46BA9B
:102F440084ED4B6AF1EE10FA77DBB1EE006AB4EE71
:102F5400C67AF1EE10FA00F3978027EE075A5FED78
:102F64001B4AB3EE0B6AB2EE024A6BEEA77A75EE19
:102F7400065AA5EE046AF4EEE67A65EE875AF1EE97
:102F840010FA85EE867A27EE247AC0F28D80F1EE6F
:102F9400006AF4EEE67AF1EE10FA5EDC67EEA75A08
:102FA4001FED2E5AF3EE0B6AF2EE024AB4EEC57A26
:102FB40035EEA66AE5EEA46AF1EE10FA26EE276A6B
:102FC400C6EE267A6ADB5FED356AB4EEE67AF1EE98
:102FD40010FA00F38380BDEEC77A67EEA67A17EE87
:102FE400103A1BB21FED3F7AABF80030F4EEC77A0B
:102FF400F1EE10FAC0F20B811FED427AF4EEC77ABB
:10300400F1EE10FA00F30581FDEEE77A17EE903A3F
:103014001BB20A9A0BF1020B02EB480208F10108F9
:10302400B8F1800F93803FF4EAAECDED09EA8DED5F
:1030340008EAD7E51FED557AAEE666EE277AF4EE98
:10304400E67AF1EE10FA43DBF1EE006A1FED5A7AEC
:10305400F4EEE67AF1EE10FAA0DD5FED5C7AB4EE00
:10306400E77AF1EE10FA44DB5FED5E7AB4EEE77ACC
:10307400F1EE10FA44DCBDEEC77A47F6FF7317EEA3
:10308400102AABF80020C4E76BEEA77AF4EEE67AD8
:10309400F1EE10FA27DB1FED6A7A78E71FED6B7A01
:1030A4005D4B67EE877A9DE7DFED5C7AB4EEE77AF5
:1030B400F1EE10FA0CDBB4EEE47AF1EE10FA12DC65
:1030C400BDEEC77A544B17EE102AABF80020A0E7E8
:1030D4004FF40042504BABF800209AE767EEA67A13
:1030E40047F6FF737EE747F6FF724B4BABF80020C1
:1030F4008FE74FF4004247F6FF73ABF8002088E7F0
:1031040047F6FF721346ABF8002082E7D4ED207A2D
:103114009FED436A94ED1F7ADFED426A67EE867A8B
:1031240027EE267ADFED406AC4ED207AF4EEE67AE3
:1031340084ED1F7AF1EE10FA7FF51FAD0021C4F87B
:1031440080101AE509BB002A3FF4B5AC87E4294690
:1031540073E49FED36EA3DE4F3EE04EA9FED340AAE
:1031640028E4DFED327AFFF7FDBBF3EE04EA9FEDCE
:10317400300AFFF7E7BBF3EE04DAFFF7D1BBB3EE97
:1031840004DAB0EE4C0AFFF796BB049A9842C4F8EE
:1031940094203FF466AC62E49FED26EA1AE4F0EE74
:1031A40069EA9FED250AFFF7CDBBB0EE69DA9FED22
:1031B400230AFFF780BBF0EE69EA9FED1F0AFFF7D1
:1031C400F9BBDFED1C7AFFF7CDBBDFED1D7AD1E44F
:1031D4009FED1C7ADFED1C6A9FED1C6A9FED1C8A33
:1031E400DFED1CAAFFF701BBDFED157A2BE69FED9F
:1031F4001A7ADFED136A9FED196A9FED198ADFEDE4
:1032040019AAFFF7F2BAB0EE4C0AFFF754BB024B0F
:10321400FFE647F6FF73FCE60080FFFF000000C7EF
:10322400B6F37D3F57EC7F3F6F12833A0044AC47BF
:10323400D2537BC2683AA84BB5889FC6CDCC4C40CC
:103244000000000090C2F53D8FC2F5BD8FC255BF8E
:103254003E0A973FCDCCCC3D90C2753D703D1ABF20
:1032640052B85E3F0AD7A3BD2DE9F04F2DED108B68
:10327400AFB0044607F00EF805462C9007F00AF8A4
:103284002D90002D01F0DF87002801F0D78704F589
:103294004045D5ED6D7AD5ED77BACDED087AD5ED0B
:1032A4006E7A95ED7FFACDED1B7AD5ED6F7ACDED83
:1032B4001D7AD5ED707ACDED207AD5ED717ACDED0C
:1032C400227AD5ED737ACDED117AD5ED747AB0EE1C
:1032D40067AAD5ED787ACDED097AD5ED797ACDED79
:1032E4002A7AD5ED7A7ACDED237AD5ED7B7ACDEDB8
:1032F4000E7AD5ED7C7ACDED007AD5ED7D7ACDEDE3
:10330400247AD5ED7E7ACDED257AD5ED807ACDED92
:10331400127AD5ED817ACDED1A7AD5ED827A95F8C7
:103324004432CDED197AD5ED837A95F84E62CDED20
:10333400177AD5ED867A1393CDED1F7AD5ED877A7A
:1033440095F84D32CDED0F7AD5ED887AD5ED849A86
:10335400CDED107AD5ED8A7A95ED858ACDED1E7A7C
:10336400D5ED8C7A95ED899ACDED217AD5ED8D7ACE
:10337400D5ED8F8ACDED187AD5ED907A95F84592F2
:10338400CDED0D7A95F8467295F84782D5F8482226
:1033940095F84C1202960B93D5ED967A95F8523225
:1033A40095F86002CDED277AD5ED977A2993CDED86
:1033B400267AD5F854322B90002E4DD1029B85F8F5
:1033C400A431D5F8A031934201F0A087C5F8A0211B
:1033D40001F0FD0204F58043012A1AD183F88C2000
:1033E40083F85C2193F88D209FEDE67A04EB82024A
:1033F400029802F58042C3F88800C3F85401D2ED64
:10340400207AF4EEC77AF1EE10FA67FE877AC2EDFD
:10341400207A0239012941F24B87D3ED5C7A9FED82
:10342400DA7ADFEDDA6AF4EEC77AF1EE10FA67FEC3
:10343400877A93ED0D7AC3ED5C7A37EE267AD3ED75
:103444000E7A83ED0D7A9FEDD27A77EEC77AC3EDCB
:103454000E7A00230A9348E00A90002841F01C8762
:103464000A9A85F8A421D5F89C219A423DD09DED75
:10347400276A9FEDC87ADFEDC87ADFEDC86AE6EE09
:10348400077A9FEDC77AC5F89C3104F58043E6EED0
:10349400076A9DED266AB5EE007AE6EE077A95EDA9
:1034A400647AF4EEC76AF1EE10FA88BFB0EE667A79
:1034B400DFEDBC6A85ED647A95ED657AF4EEC77A42
:1034C400F1EE10FA88BFB0EE677AD3ED0D7A77EE9D
:1034D400A67A85ED657A9FEDB47AC3ED0D7AD3EDC6
:1034E4000E7A77EEC77AC3ED0E7A95F8B031DBB376
:1034F40004F58043DFEDAC7A0021002293ED077AD6
:1035040085F8B01127EE277ADA631A645A6483EDDA
:10351400077A93ED087A9A6427EE277A83ED087A7E
:1035240093ED097A27EE277A83ED097A93ED0A7AE7
:1035340027EE277A83ED0A7A93ED0B7A27EE277A22
:1035440083ED0B7A93ED0C7A27EE277A83ED0C7AD0
:1035540093ED0D7A27EE277A83ED0D7A93ED0E7AAB
:1035640067EE277AC3ED0E7A95F8B23143B10023A2
:1035740004F5804285F8B231C2F88830C2E9553387
:1035840095F8B13133B304F580430022DFED836A4B
:1035940085F8B121C3F888209FED7E7AC3E95522CE
:1035A40093F88D2004EB820202F58042D2ED207A5A
:1035B400F4EEE67AF1EE10FA67FEA67AC2ED207A0E
:1035C400D3ED5C7AF4EEC77AF1EE10FA67FE877AEF
:1035D400C3ED5C7ADFED757AF4EEE79AF1EE10FA5A
:1035E400C1F24186DFED727AF4EEE79AF1EE10FA59
:1035F40001F37886DFED6F7A9FED6F0A69EEA77AA3
:1036040087EE800A0AF008FA70EE007AB0EE677A64
:10361400CDED147ADFED697AB4EEE77AF1EE10FAC3
:1036240081F28286CDED147ADFED657A9FED657ABD
:10363400F0EE676AE8EE476A9FED637AF4EEC76AD4
:10364400F1EE10FAC1F21586F4EE676AF1EE10FAA3
:1036540077FEA67ACDED167AB8F1000F0DD0D5F825
:10366400843153B90123DFED597A85F88831022377
:10367400CDED127AC5F884310BE095F88831002B32
:1036840041F0FB85002F01F0CC85DFED507ACDEDC4
:10369400127AF2EE087AB0EE497AA8EEE77AF0EE02
:1036A400007AB4EEE77A8DED157AF1EE10FAC1F2F4
:1036B400D485F3EE007AB4EEE77AF1EE10FA01F372
:1036C4000B86F7EE000A77EE600AB0EE000A9FED73
:1036D400408A0AF011F89FED327ADDED106AB0EEFF
:1036E4004ACADFED3C7A8DED280AE6EE877A9FED33
:1036F400327ADFED39FADFED398A87EE870AD5EDC4
:10370400607A9DED107A30EE270AF7EE007AB4EE77
:10371400E70AF1EE10FAA8BF30EE670ADFED1C7A73
:10372400B9F1000FA7EE278ADFED227A85ED600A52
:1037340030EE000A4FFEA88A20EE270A0AF06CF940
:10374400F4EEEFBA38EE288A2C9B2D9AF1EE10FA9B
:1037540003F1040668EE007A03F58273B4EEEFFA1F
:1037640002F104070C93CDED1C7AF7EE007A27FEE4
:10377400AF7AF1EE10FA8DED037A67FEAF7ACDEDF4
:10378400017A3AE085EB513FEC51383FEC51B83DBA
:103794009A99993DCDCC0C3F3333333F14AE473F18
:1037A400AE47613E8FC2F53DCDCCCC3D00002042FA
:1037B4000080BB45DB0F494000442C4717B7D13884
:1037C4006666E63F14AEC73ECDCC4C3DCDCCCC3E78
:1037D400A69BC43B295C0F3D000000000AD7233E92
:1037E40000003E4300230236023726F8023C27F845
:1037F400023C0C9BB34201F0C2810A9B002BF1D125
:1038040004F5804A0B9BDAF88820002A41F00F82E5
:1038140023B19AF88C20002A00F08880F3EE0C7A09
:103824001FED117ADDED096ADAF86811E6EE877AA0
:10383400EB4AEC4800FB01290022C9F307418AF84E
:103844008C20FCEEE77ACAF86891CDED047A9DF8F5
:103854001020914281F06E84DFEDE37A19F0005F6D
:10386400F4EEE76A14BF01224FF0FF32F1EE10FAD2
:1038740003DD19F4400F08BF5200DAF890100A442F
:10388400DA49062AA8BF062222EAE272CAF8902080
:103894008B56B2EE087A07EE903AF8EEE77AC7EE66
:1038A400870A9AF88D2082F00108B0EE000A8AF89F
:1038B4008D8009F021FFF3EE047A9DED117A04EB7B
:1038C40088024FF07E51B4EEE77A02F5804282ED31
:1038D4001E0AF1EE10FAC2F88010C1F24A84DFED3C
:1038E400C47AB4EEE77AF1EE10FA01F37D84DFEDE9
:1038F400C17A87EE877ADDED096AC9F30122F5EE14
:10390400007AF4EEE76AF1EE10FA54BF931C131D2B
:1039140007EE903AF8EEE77A67EE877A9FEDB67A8B
:1039240067EE877AFCEEE77ACAED227A9DED1B7A80
:10393400B3EE020ADFEDB16AF7EE009ADFEDB07A7A
:1039440044F278089FEDAFBA44F2640BE7EE667A6E
:10395400DFEDAD8ADDED230AA044DFEDA7DAA34451
:10396400DFEDAAAA04F581499FEDA99A9FEDA9AAC2
:10397400B0EE67DADFEDA87A9FEDA8EAA7EE27BAE2
:10398400DFEDA77AB0EE4E8AE7EE278A09F0B4FE9F
:10399400DFEDA47AB0EE496ADDED206A20EE270A55
:1039A4009FEDA17AE6EE87AA9FEDA07A20EE2D0A7C
:1039B400A6EEC7AAC9EE807A8DED04AAB0EE68AA75
:1039C40079EEE77ACDED077ADFED997AA6EEA79A3C
:1039D400A6EEE76A8DED069AB0EE4E9A8DED056A75
:1039E4009DED087AF8EC017A67EE877AB3EE027AF5
:1039F400F4EEC77AF1EE10FAC1F2D8809FED8D7A19
:103A0400F4EEC77AF1EE10FA01F34181B6EE007AD2
:103A1400B2EE085A27EE877AB4EEC57AF1EE10FAC0
:103A2400C1F2C9849FED845AB4EEC57AF1EE10FA5E
:103A340001F32581C7EE2D4A1BED055ADFED7F6AA0
:103A44001BED044A87EEAD7A35EE245A67EEA64A9A
:103A54000BED055AB3EE045AF4EEC54AF1EE10FA32
:103A640037EE047A81F2FF809FED755A0BED047AEC
:103A74001BED037A37EE057AB3EE045A0BED037AA5
:103A84002AEEA77AB4EEC57AF1EE10FAC1F2A68056
:103A94009FED6C5AB4EEC57AF1EE10FA01F3DF80B3
:103AA40087EE2D5A9DED047A67EE277A1BED027A94
:103AB40037EE057A0BED027AB3EE047AF4EEC77AA8
:103AC400F1EE10FAC1F286809FED5E7AF4EEC77AC9
:103AD400F1EE10FA01F3D78087EEAD7A5BED017A4F
:103AE400ABF1140377EE877AB7EE007A4BED017AE7
:103AF400F3EC017AF4EEC77AF1EE10FA03DB77EE19
:103B0400C77A43ED017A5B45F2D11BED050A0BF14F
:103B1400140BDFED4DEA30EE000A20EE2E0A09F018
:103B24007BFF5BED097AF0EE40CA77EEA77A27EEC9
:103B3400AE0A09F071FF5BED087AF0EE408A77EE89
:103B4400A77A27EEAE0A09F067FF5BED077AB0EEBD
:103B540040EA77EEA77A27EEAE0A09F05DFF5BED47
:103B6400067AF0EE409A77EEA77A27EEAE0A09F0CD
:103B740053FFD8ED014ADDED076A2BEE0E7ADFED37
:103B8400337A24EEA65A9FED323A68EEA77ADDED39
:103B9400056ADFED303AB4EE435AEDEE2C7AF1EEDD
:103BA40010FA48BFB0EE6F5AC14588ED015AB0EE25
:103BB400675AA7EE265ADDED066AE7EE267AB0EEDE
:103BC400457AEAEE007AAAEE297A67EEA37A27EE1E
:103BD400237AA4EEA79AA7EE248A7FF401AF41E0EA
:103BE4005FF36E3C0D661900EC51383F340A002037
:103BF400000034430000704200442C47CDCCCC3D3F
:103C04007B14AE3E8FC2753E0AD7233E2731004057
:103C14001F856B3FB29DFF3F295C8F3E0000000073
:103C24009A99993E3333333FA69B443C0AD7233CAD
:103C34008FC2F53D0000E144000061444BC8BF3F22
:103C4400B8C5ED3900C0C145DB0F494052B81E3F2D
:103C540017B751380AD7233D6666E63ECDCC0C3FF4
:103C64006666A63FF7EE007AF0EE48EAB0EE49EA5F
:103C740037EECF0AB5EEC00AF1EE10FAC1F20881B0
:103C8400B4EEE70AF1EE10FA01F31882B5EE400A39
:103C9400F1EE10FA01F19383F1EEC07A1FED127A7E
:103CA4001FED12BADAF854210B9BA7EE87BA5FED29
:103CB400147A2BEE27BA6BEE2E7ACDED047A6BEEE6
:103CC4000E7ACDED057A002A40F0B987002B00F07A
:103CD400E7879AF85C21002A40F0E287DAF8582155
:103CE400002A40F0DF809AF85D21002A00F0DA8093
:103CF400DAF868B17D4800227D499FED7E7A00FBA9
:103D04000B19DFED7D7ADDED096AC9F3474319F03C
:103D1400005FE6EE877ACAF8689107EE103A14BF9E
:103D240001204FF0FF308AF85D21B8EEC77AB4EE77
:103D3400E77AF1EE10FA41F1EB81DAF864219AF8AE
:103D440060B110446D4A0828DFED6D7AA2FB0BC206
:103D54009DED097AA8BF08206A4B9208B4EEE77A71
:103D640020EAE07002EB4202F1EE10FACAF86401B4
:103D7400ABEB4202185602F10602D2B204DD19F48A
:103D8400400F01D10C3040B207EE900AB0EE000AA9
:103D94000692F8EEE70AF2EE087AC0EEA70A09F0F6
:103DA400ABFCDDED087A9DED2A7A069A67EE877AF8
:103DB40027EE800ADDED257A20EE270AF3EE0E7A4F
:103DC400B4EEE70AF1EE10FAC1F2DA81DFED4E7AD1
:103DD400B4EE670AF1EE10FA37FE800AC9F3C7435E
:103DE400C9F3C7109FED497A04EB820207EE903ABB
:103DF4007F389FED476A02F58042F8EEE77AC9F30F
:103E0400471382ED310AC7EE876A07EE900AF8EE8F
:103E1400E77A87EE867ADFED3F7A82ED497A9FED85
:103E24003E7AE6EE877A9FED3D7ADDED096AC2EDD2
:103E34003D7ADFED3B7AE6EE877A07EE103AB8EE8C
:103E4400C77AB4EEE77AF1EE10FA03DD0BF1010163
:103E54008AF86011F3EE047ADDED116AF4EEE76A94
:103E6400F1EE10FAC1F29081DFED2E7AF4EEE76AFA
:103E7400F1EE10FA01F3BC819FED2B7AC7EE267A9E
:103E840019F0180FC9F3C10241F04B81B6EE007A64
:103E940067EE877A9FED257A67EE877AFCEEE77AFC
:103EA400CAED567A9DED247A44F2940BDFED207A24
:103EB4004FF000099FED1F9A67EE078ADFED1EDAC7
:103EC400A344A7EE279ADFED1D7AB0EE6DDADFED9D
:103ED40017AA68EEA78A9FED1A8AF0EE6DEA9FEDA5
:103EE40019AADFED199A9FED19EABAE00D661900D7
:103EF4005FF36E3C0000164300004042ABAAAAAA3E
:103F0400EC51383F280A00200000E14500007F43BF
:103F14000000FE425C8FC23EAE47E13E0000AC4270
:103F24000000A442000034430000704200442C47C7
:103F3400EC51B83ECDCCCC3C00000000295C0F3ED7
:103F4400DB0F49408FC2753D9A99993F295C8F3E9A
:103F5400F7EE005A35EEEB0AB5EEC00AF1EE10FAB0
:103F6400C0F2DB80B4EEE50AF1EE10FA00F3D8807B
:103F7400B5EE400AF1EE10FA01F1CC81B1EEC0BA0F
:103F8400B5EEC0FAF1EE10FAC0F2BE80B7EE007AD8
:103F9400B4EEC7FAF1EE10FA00F3B680B5EE40FACB
:103FA400F1EE10FA01F18C81F0EE4F5AB1EEE57AA0
:103FB4005D4B9BED175AA3FB0923DFED5C4ADFED54
:103FC4005C3A65EE277A9B0827EE297A9BED234A13
:103FD40003EB430367EE8A7AA9EB430367EE8C7A1B
:103FE400DBB206EE903A67EE8B7AF8EEE65ADDED38
:103FF400006A67EE877A9FED4F7AA6EEA47ADFED2A
:104004004E4AA5EEE37AF0EE645AE4EE0E4AE4EE8C
:104014004E5AE4EEA7EAA5EEA7DADFED487AB4EE4D
:10402400E77AF1EE10FA72DBDFED457AB4EE677AE7
:10403400F1EE10FA37FE877A65EE077A9FED417A42
:1040440009F10109F4EE477A5FFA89F9F1EE10FA01
:1040540048BFF0EE6F7AB9F10C0FCBED177A00F090
:10406400A180BBEC017AF7EE007ADBED0B5A85EE0A
:10407400AABA3BEE07BAB4EEE7BAF1EE10FAA8BF5B
:104084003BEE67BA3BEE0B0A0BED01BA20EE080AD1
:1040940009F0C2FCF0EE40DAB1EE080A2BEE000A99
:1040A40020EE080A09F0B8FCF2EE047AF0EE40CAF9
:1040B4002BEE27BA2BEE080A09F0AEFCF0EE6D7A6F
:1040C400B9F1050FE9EE2C7AE8EE807A7FF640AF7D
:1040D400F5EEC0BAF1EE10FA1CDBB7EE007AF4EE9E
:1040E400C7BAF1EE10FA15DCF5EE40BAF1EE10FAAB
:1040F40001F12681B0EE6B7AB5EEC0FAB1EEC7BA23
:10410400F1EE10FABFF642AFDDED015A4EE7B0EE24
:10411400677A91E79DED037AEEE7B0EE6F0A2DE73B
:10412400B0EE650A2AE700BFABAAAAAA7B690A39DE
:1041340095BF5635D3F67F3FEC51383F84F57F3F2A
:104144009BFF7F3FACC5A737098A7F3F9A99993F68
:104154003333333F4BC87F3F17B7D1380AD7233D9A
:1041640085EB513F0AD7A33E7B142E3FFAED6B3A01
:1041740000442C479A99993E6F12833AA01ACF3F74
:10418400D1223B3FD122AB3F00E07F4500FEFF46FA
:10419400CDCCCC3D7B14AE3E0AD7233E295C0F3DEB
:1041A4005C8F423E3DEE2FDADDED047A7EEEAFDA2F
:1041B4001FED1B7A029B3DEE27DADDED057A7DEEDD
:1041C400A7DADAED5C7A67EE877ACAED5C7AE3B354
:1041D400B7EE007A5FED237A9DED276A5FED246ADE
:1041E400A6EE277ADDED265AD5ED657A299BA5EE54
:1041F400A67A5FED286A67EEA67A5FED296AF4EE87
:10420400667A5FED2A6AF1EE10FA48BFF0EE6F7A33
:10421400C5ED657A5FED2E7AE7EE267A2DEE27DA84
:104224006DEEA7DA002B00F035871FED327A5FEDD3
:10423400327A5FED326AE6EE077A95ED647A77EECC
:10424400C77AA7EEA67A85ED647A9DED187AB7EE63
:10425400004ADDED177ADDED196A77EE877ADAED3B
:104264000D5A1FED3D7A5FED3D4A26EE877A9AEDB1
:104274000E6A65EEA73AF0EE446A26EE275AF0EE8F
:10428400447AE3EEA46AE5EE247A9DED1C5A76EEB8
:10429400856A77EE857A66EE876A67EE877AF4EE4A
:1042A400C46AF1EE10FAC0F2F9851FED495AF4EE32
:1042B400C56AF1EE10FA00F31987BCEEE65A15EE62
:1042C400103A98B205EE100AB8EEC55A76EEC56AF1
:1042D400B7EE005AF4EEC57AF1EE10FAC0F2E985B1
:1042E4001FED575AF4EEC57AF1EE10FA00F3ED869D
:1042F400BCEEE75A15EE103A9AB205EE102AB8EE63
:10430400C55A77EEC57ABAF8181041F20C0C1FEDB5
:10431400614A081A8A1A00F6FF7EC0F30B00CEF336
:104324000B0E0C300EF10C0E34F9100034F91EE0B3
:1043340005EE100AAEEB000EB8EEC55A02F6FF7099
:10434400C2F30B0204EE90EAC0F30B006244F8EEF1
:10435400E44A604434F91220A4EEA65A34F9100059
:10436400801AC5EE046A05EE102AF8EEC54A05EE79
:10437400100AB8EEC55AE5EE274A5FED817A84EE5D
:10438400845ADDED104AF4EEE74AF1EE10FA37DD17
:104394005FED867AF7EE004A67EE277AF4EEE47A68
:1043A400F1EE10FAC0F2DF865FED894AF4EEE47AAA
:1043B400F1EE10FA00F3EF86FCEEE77A17EE903A8E
:1043C4009AB28A1A1FED8F4AC2F30B0204EB42021F
:1043D400B2F9183002F5005004EE903AB0F91830F2
:1043E40007EE903AF8EEE44AF8EEE77AC4EE843A3F
:1043F400C7EE844ADDED107AE7EEA36AA7EEA45A6D
:104404005FEDA17AF7EE004A67EE277AF4EEE47ADC
:10441400F1EE10FAC0F265855FEDA54AF4EEE47A98
:10442400F1EE10FA00F35B86FCEEE77A17EE903AB1
:104434009AB25FEDAC7A67EE277AB7EE007AF4EEC3
:10444400C77AF1EE10FAC0F249851FEDB17AF4EEA5
:10445400C77AF1EE10FA00F33E86FCEEE77A17EE27
:10446400903A98B201F5805C5FEDB84A9DED1D4A23
:10447400B6EE003AACEB0202ACEB000C5FEDBC3ADA
:10448400C2F30B02CCF30B0C5FEDBE2A0C329DED94
:10449400221A34F9123041F20C02624407EE103A47
:1044A40034F91230B8EEC77A07EE903A87EE242A30
:1044B4001FEDC77AF8EEE77A21EE077AC7EEA41A61
:1044C4005FEDCA4A5FEDCA7AE4EE234ADDED213A94
:1044D4009DED1A4A34EE234A62EE273A61EEA77A3A
:1044E400E1EEA23AE2EE227AA3EE815AE7EE816A85
:1044F400F0EE663AF0EE667AF0EE456AE5EE077A9B
:10450400E3EE876A9DED127A67EE877A66EE876A34
:10451400B0EE4D7AA7EEA47AF0EE6D7AE6EEA47AC8
:10452400DDED1F6A27EE267A67EEA67ADDED0F6AC7
:1045340067EE264AF0EE446AE4EE836AF4EEC36A58
:10454400F1EE10FAC0F2C684F2EE024AF4EE646AA6
:10455400F1EE10FA74FEA66ADDED0F4A27EEA43AD6
:10456400F6EE004AA3EE244AB4EEE44AF1EE10FA61
:10457400C0F2AC84F2EE024AB4EE644AF1EE10FAF0
:1045840034FE844A27EE267A0822F7EE006ABFEE4C
:10459400003AF8EE002AF0EE004A03E0013A34EE65
:1045A400C77A0DD0B4EEE67AF1EE10FAF6DCB4EE8A
:1045B400C37AF1EE10FA03D5013A32EEC77AF1D19B
:1045C40067EE847A0822F7EE006ABFEE004AB8EE7E
:1045D400003AF0EE004A03E0013A74EEE77A0DD0B7
:1045E400F4EEE67AF1EE10FAF6DCF4EEC47AF1EECB
:1045F40010FA03D5013A73EE677AF1D1F2EE0F6A3D
:10460400DDED154AF4EEE64AF1EE10FA0DD5DDEDD6
:10461400284A27EE247A67EEA46AF8FE477A87EEE2
:10462400A47AF8FE666AC6EEA47ADFEDED6ADDEDE3
:104634000D4AF4EEE64AF1EE10FA00F355849DEDCE
:10464400145ADAED085ADAED076ADDED164AE5EE9A
:10465400856A9AED0B6A37EE667ACAED076AA5EEAB
:10466400E47AE7EE055A8AED097A9AED0A7AA6EE1B
:10467400057ACAED085A77EEC77A8AED0A7AE6EE29
:10468400647AA7EE856ACAED0C7AB0EEE65ADFEDDD
:10469400E07AB4EE675A8AED0B6AF1EE10FA00F292
:1046A400AC8275EEE65AF0EEC77A9FEDD95AF4EE75
:1046B400457AF1EE10FA00F2958236EE476ADDEDA6
:1046C4001E7A139B77EEA77AE7EEA56AA7EE867AA1
:1046D400DAED0F7A9AED106A76EEE77ACAED0F6A90
:1046E400DAED116A8AED117A37EE667ADFEDBD6A8A
:1046F400E6EE267A9AED126AA6EE267ACAED107ACA
:104704008AED127A002B3FD1029B3BB1D5ED646A4E
:10471400F5EEC06AF1EE10FA40F24185FFEE006A50
:10472400F4EEE67AF1EE10FAC0F22085F7EE006AB4
:10473400F4EEE67AF1EE10FA00F35285DFEDB56A95
:1047440067EEA66AFDEEE66A16EE903A1BB2FFEE3D
:10475400006AB4EEE67AF1EE10FAC0F20185F7EEE3
:10476400006AB4EEE67AF1EE10FA40F3518547F6AA
:10477400FF7004EB410201311383C1F30B0102F515
:1047840000521083AAF81810029B53B1D5ED646A45
:10479400F5EEC06AF1EE10FA03D8F0EE6F7AB0EEDF
:1047A4006F7AB5F8742141F6D12044F2B80C41F285
:1047B4003D4110448AED0E7A11449FED8B5AC0F3AB
:1047C4000C00CAED0D7AC1F30C01DFED884A604498
:1047D40004EB4000B0F9043042F2B800014407EEA3
:1047E400103A04EB4101B8EEC77AB1F9043002F68D
:1047F400BF21C1F30C0105EE903A6144F8EEE55A8D
:1048040004EB4101A5EE857ADFED795AB1F9043064
:1048140041F28151114406EE103AC1F30C01B8EE95
:10482400C66A6144A6EE257A04EB4101B1F904306D
:1048340041F68131114406EE903AC1F30C01F8EED1
:10484400E66A014404EB4101B1F9043002F6F9418E
:10485400C1F30C0107EE903A0144F8EEE77A04EB59
:104864004101E6EE857A9FED6B5AB1F9043087EE8B
:10487400056A9FED607A06EE903AF8EEE66AE6EE97
:10488400A57AD5ED5F5AC7EE856A76EE657A9DED19
:104894000E6AE7EEA45ADFED587AE6EE077A95ED54
:1048A4005E7AB1EE046A2DEE06DAC5ED5F5A2DEE9E
:1048B400866A76EEC76AA6EEA47ADFED504A65EE04
:1048C400A76AEDEE246ADFED4E4A85ED5E7AF4EEDA
:1048D400E46AF1EE10FAC0F2DF82DFED4A4AF4EE48
:1048E400E46AF1EE10FA00F3078466EE856AFDEEE1
:1048F400E66A16EE903A18B267EE277ADFED3F6A61
:10490400E6EE267ADFED3E6AF4EEE67AF1EE10FA90
:10491400C0F2D482DFED3B6AF4EEE67AF1EE10FAEF
:1049240000F3E183DFED3B6A67EEA67AFDEEE77AFA
:1049340017EE903A19B2DDED0E6A04EB420CDFED8E
:10494400327A01320CF5804E0CF5004C66EEA77AF3
:10495400DFED256AC2F30C02AEF87401ACF87411F1
:1049640027EE277AA5F87421A7EE26DA9FED277A99
:104974002DEE07DAB9EE007AB4EEC7DAF1EE10FAEA
:10498400C0F2A182B1EE007AB4EEC7DAF1EE10FA09
:1049940000F3B683F3EE0B6A2DEE0D7AF2EE024AC3
:1049A400B0EE665AA7EE245A37EE267A67EE0D6A01
:1049B40086EE857ADFED0C6A65EEA75AF0EE467A4C
:1049C400E5EEA67ADFED116A67EEA67AF9EE006AE3
:1049D400F4EEE67AF1EE10FAC0F2728236E000BF2D
:1049E4006F12833A40A47F3F52B81E3F9A99993D73
:1049F400AE47E13E7B14AE3E295C8F3E9A99993EC8
:104A0400333373BF3333733FEC51383F7B14BE3FB2
:104A1400FFFF7F7F00FEFF46CDCCCC3E7E50203A88
:104A2400D5A98E39BFFED539B8C5ED390AD7A33B10
:104A340000408345310CC33DB6F60F3EC57D7A3D3B
:104A4400052FA73C052F273D0000E144F1EE006A45
:104A5400F4EEE67AF1EE10FA00F33483B3EE0B6A67
:104A640067EEA76AB2EE025AF0EE465AE6EE855AAF
:104A740076EE866A66EEA76AC6EEA57A029BF3B165
:104A8400D5ED646AF5EEC06A27EE267A67EEA67A5B
:104A9400F1EE10FA13D8CAED09FACAED08FACAED14
:104AA40007FACAED0CFACAED0BFACAED0AFACAED16
:104AB40012FACAED11FACAED10FACAED0FFAF0EEC5
:104AC400C76A1FED2D6AF4EE466AF1EE10FA00F2A1
:104AD400AA801FED306A27EE067ABDEEC77A17EE7C
:104AE400102A02F30F0212B2B0EEE77A1FED386A11
:104AF400B4EE467AF1EE10FA00F291801FED3B6AB3
:104B040067EE867AFDEEE77A17EE903A03F30F0329
:104B14001BB2D5ED6A7AF4EEE67AD5ED6A7A76EED2
:104B2400E76AF1EE10FA4CBF5FED457A5FED417A2A
:104B340066EEA76AD5ED6A7A77EEA67AC5ED6A7A4B
:104B4400D5ED6B7AF4EEC77AD5ED6B7AF1EE10FA07
:104B54005ED577EE677A1FED507A27EE877AD5ED2A
:104B64006B7A0236023777EE877AC5ED6B7A26F8D0
:104B7400022C27F8023C0C9BB3427EF43EAE2C9EE2
:104B840020460022314605F003FC2D9D01222046DB
:104B9400294605F0FDFB304605F0D2FB28462FB030
:104BA400BDEC108BBDE8F04F05F0CABBF0EE477AC0
:104BB4001FED665A1FED664A1FED667A5BED054AE6
:104BC40074EE844A4BED054A5BED044A37EE247AD1
:104BD400FEF74CBF1FED6C7AFEF780BF1FED6E5AD7
:104BE400FEF760BFB0EE6F7ACAED0CFAB0EE6F6AF2
:104BF400CAED0BFACAED0AFA61E5F0EE6F5ACAED96
:104C040009FAF0EE6F6ACAED08FACAED07FA4AE546
:104C140037EE677A5FED7B7A27EE277A9FE7B0EE6F
:104C24006F7A002375E7F0EE6F6A00225CE7002BD1
:104C34007EF47CAE013ACAF88820FEF777BE002BDA
:104C44007FF44CA8013ADAF85811CAF85421002923
:104C54003FF44EA80139CAF85811FFF723B91FEDE4
:104C64008A5AFEF71FBF1FED8E5AF4EEC54AF1EEC5
:104C740010FA40F39C831FED915AFEF7F7BE5FEDE7
:104C8400904AFEF7D9BE1FED947AFEF727BF1FEDB9
:104C9400955A1FED954A1FED957A5FED957A8DE74C
:104CA4009AF85E11D44AD54B11F00F0EA2FB010203
:104CB400DAF868014FEA920202EB4202A1EB4209E0
:104CC400CF4A03FB002B4FF000005FFA89F9CAF8C2
:104CD40068B18AF85C0100F016829AF85FC1DDEDD4
:104CE400097ACBF307439FEDC78AC74827EE888A22
:104CF40007EE903A00EB0C10F8EEE77A10F90E008C
:104D0400F4EEC87AF1EE10FA08D51BF0007F14BF58
:104D14004FF00C0C4FF0FB0C604440B207EE900ACD
:104D2400B0EE000A0691F8EEE70AF2EE087AC0EE59
:104D3400A70A08F0E1FCCBF304339FEDB46A06EE56
:104D4400903A9FEDB37ADDED087AF8EEE66A0699BB
:104D540060EE277AA6EE867A67EE877A9DED257A4D
:104D640067EE877AB3EE0E7AF4EEC77AF1EE10FAB4
:104D7400C0F20E829FEDA77AF4EE477AF1EE10FAB4
:104D840077FE277A04EB8909CBF30753CBF307208B
:104D94009FEDA17A09F580499FEDA06A7F38C9ED9E
:104DA400317A07EE903ACBF38713F8EEE77AC7EE41
:104DB400876A07EE900AF8EEE77A87EE867ADFEDE7
:104DC400987A89ED497A9FED977AE6EE877A9FED96
:104DD400967A38EE078AC9ED3D7A07EE903AF8EEF6
:104DE400E77AF4EEC87AF1EE10FA02DD01318AF8BE
:104DF4005E11F3EE047ADDED116AF4EEE76AF1EE8A
:104E040010FAC0F2BA81DFED897AF4EEE76AF1EEC6
:104E140010FA00F3F1819FED867AC7EE267A1BF033
:104E2400300FCBF30710CBF3011100F0908101296F
:104E340000F0E581B6EE087A0229F7EE006A07FE73
:104E4400267ADFED7C6A9DED096AB4EEE66AF1EE3E
:104E540010FA01D5830701D567EE877A9FED767A3C
:104E64001BF0407F67EE877AFCEEE77ACAED557A4D
:104E740003D14FF07E51CAF87011DAF858110B9B28
:104E8400002940F05F81002B3EF434AFFEF72BBFC6
:104E9400B0EE6F0AFEF700BF68482DE5B7EE005A82
:104EA4000120F0EE6F6AF4EEC57AF1EE10FABFF667
:104EB40017AAF0EE6F7A0122FFF725BA5F493AE5A7
:104EC400DFED5F7ADAE59FED5E7A73E5B0EE644A72
:104ED400FFF758BBF0EE436AFFF73EBB0120FFF734
:104EE400C1BA0122FFF7A5BAB0EE644ADFED556AF4
:104EF40025EE245ADFED544AE4EE264AF9EE006A20
:104F0400A6EE245AB4EEE65AF1EE10FAC0F2658128
:104F1400F1EE006AB4EEE65AF1EE10FA00F3758190
:104F2400B3EE0B6A65EE056AB2EE023AB0EE464A9B
:104F3400A6EE834A76EE866A66EE856A86EE846A13
:104F4400DDED0D6A66EEE36AE5EEA46AF9EE005A59
:104F5400F4EEE56AF1EE10FAC0F23C81F1EE005A8B
:104F6400F4EEE56AF1EE10FA00F34C81B3EE0B5A5D
:104F740066EEA65AB2EE024AF0EE454AE5EE844ADF
:104F840075EE855A65EEA65AC5EEA46ADDED0D4AA6
:104F94000822B0EE005AF1EE0A5A37EE066AF0EE35
:104FA400453AB8EE004AE4EEA53AF7EE005AFFEEB1
:104FB400004A26EE236A03E0013A35EE466A0DD034
:104FC400B4EEE56AF1EE10FAF6DCB4EEE46AF1EE62
:104FD40010FA03D5013A34EE466AF1D177EEA66AA7
:104FE4000822F7EE005AFFEE004A66EEA36AB8EE16
:104FF400004AB0EE005A33E0ABAAAAAA0D66190023
:105004005FF36E3C0000B442080A002017B7D138A1
:10501400B29D7F3F00C0C14500007F430000FE42B7
:105024000AD7A33E1F85EB3E00008C4200003443A8
:1050340000007042295C8F3E00442C476886FFFFC5
:10504400A0BF80BFCDCCCC3F3333333F52B87E3F7B
:10505400A69BC43AA0BF803F013A75EE666A0DD0A4
:10506400F4EEE56AF1EE10FAF6DCF4EEE46AF1EE41
:1050740010FA03D5013A74EE666AF1D136EE476A46
:10508400DDED0D5A76EEE76AA5EE867AE5EEA67AB0
:10509400FFF7D5BA1FED137AD5ED647A67EE877AF8
:1050A4001FED157AF4EEC77AF1EE10FA52D42B9B69
:1050B400002B4FD1C5ED647AFFF7C7B8B0EE670A8D
:1050C400FEF7EABD5FED1D7AD8E4F0EE6F7A40F6A4
:1050D400FE72FFF718B940F6FE70FFF7C3B940F649
:1050E400FE72FFF7A6B947F6981124E4F0EE6F6A52
:1050F40040F6FE70FFF7ECB847F69810FFF7FCBBDC
:105104001FED2C7A56E4CBF3C06C8AF85FC1E6E558
:105114009AF860B11BF0030F4FD0DAF86401FEF780
:1051240011BE012A3EF4B6AE022A74D077EEA77AF5
:10513400FEF7B0BE19F4401F45D0A449DAF8902018
:10514400FEF7A6BB002B3FF485ADFEF7ABBEB5EE74
:10515400007A76E6C5ED64FAC5ED65FAFFF775B831
:105164009B48FFF706BB0122FFF72BB9984BFFF7CB
:10517400EEBAB0EE087AFEF7BEBBF0EE087A4EE661
:10518400B0EE670AFEF72ABEF0EE087AFEF778BEA4
:10519400F0EE477AF6E540F6FE72FFF712B9F0EE4C
:1051A4006F6A139B9FED8B6A66EE866AFDEEE66A74
:1051B40016EE902A10B2FFF7DCBADAF8642102EB9B
:1051C4004000FEF7BFBD0122F0EE6F0ACAF890203E
:1051D400FEF767BBDFED806AD8E69FED7F6AAFE636
:1051E40047F6FF73FFF7B3BA9FED7C7AFEF783BBF4
:1051F400DFED7A7AFEF744BEDFED787A0FE6B6EE9D
:10520400007A1EE6DFED766AC0E69FED756A97E6E2
:10521400F0EE476AC6E7B7EE087A67EE877AFEF7DC
:1052240039BEDDED127AF5EEC07AF1EE10FA5FDAEE
:10523400DFED6C7ACDED127AFEF72BBA2C9B13B10D
:10524400184605F07DF82D9B6BB318462FB0BDECC6
:10525400108BBDE8F04F05F073B8F7EE000ACDED02
:10526400157AFEF732BADFED607ACDED147AFEF7E7
:10527400DBB98DED167AFEF7EFB9D5F88431013339
:10528400112BC5F884317EF600AA002385F88831F5
:10529400C5F88431FEF7F6B995F8A461002E5BD009
:1052A4000A96FEF7DDB82FB0BDEC108BBDE8F08F89
:1052B4000022C3F85821012283F85D21FEF7ADB81E
:1052C400B0EE4F0ACDED067A08F0D8FDDDED067A92
:1052D400B0EE407AFEF76CBEF2EE0E0ACDED157A12
:1052E400FEF7F3B9F6EE007ACDED147AFEF79CB929
:1052F4009DED127ADFED3D7AB4EE677AF1EE10FAA5
:1053040077FE877ACDED127AFEF7C3B9029B0A9332
:10531400FEF7EBB8CDED067A08F0B0FDDDED067AC8
:10532400B0EE40BAFEF72CBEF6EE007AB4EE677A21
:10533400F1EE10FA77FE877ACDED147AFEF774B9A0
:10534400B0EE6B0ACDED067A08F098FDDDED067A35
:10535400B0EE40BAFEF714BE4FF40052314604F1E9
:105364001800019309F09AFF42F218004FF400521A
:105374003146204409F092FF002204F58040019B4D
:1053840006834263826342620262C2610263C26252
:105394008262826442640264C263C5F8A821C5F8CB
:1053A4009021C5F89421C5F8AC21FEF759B884EED4
:1053B400AD5AFEF75BBBDFED0E4AFEF73DBB08F0CE
:1053C4005DFDF0EE407AFEF769BC00BF340A0020B0
:1053D4000180FFFF00FEFF46A0BF80BFABAAAA3E2C
:1053E400A0BF803F00000000E6BEBA3B3D0AD73EA6
:1053F400D5A98E390022034613494FF4806C10B4AA
:10540400124C43F8284BA0F808C0C0E903230B68EA
:10541400C0E90A22C0E90C229BB11A465B69002B41
:10542400FBD1506100224FF4803309495DF8044BED
:105434004261426082720160C0E90633C0E9083308
:1054440070470860EEE700BF48220020A80900204A
:105454009C0900203549002238B5354D04460B68B7
:10546400056002610281C260002B5DD01A465B694F
:10547400002BFBD15461002325462E4A04F1240C51
:105484002D49F6EE007A636102F10C0E6360A3729B
:1054940045F8181B07CA85E807009EE807008CE852
:1054A400070026490025A364C022216304F160009B
:1054B400234984F84C3061631946C4ED0E7AC4ED77
:1054C4000F7A25646564C4E91433C4E9163309F01A
:1054D400E5FE1C4B1C4A1D49C4F89030C4F8D0307A
:1054E400C4F810311A4B1B48C4F88C20C4F8CC20E3
:1054F400C4F80C21A167184A1849C4F8B830184BED
:10550400C4F884002046C4F82051C4F82451C4F8D7
:105514002851C4F82C51C4F83051C4F8C410C4F84C
:10552400F820C4F8043138BD0860A4E748220020FC
:10553400A8090020E0070020F4090020CDCCCC3ECF
:105544003333333F8FC2753D8FC2F53CE17A943ECD
:10555400D7A3F03EEC51B83D6666263FEC51383E89
:10556400713D8A3E2DE9F843DFF8788007461C4EEA
:10557400002208F15405434600203168D8601A74AB
:105584005A7459611A765A769A76C3E901221C3301
:10559400AB42F2D1142005F0ABFDF7B1013F012479
:1055A400FFB20237C146661ED9F800000A2104F092
:1055B400EBFD002807DDD9F8043003FB060090FB5F
:1055C400F4F0C9F8040009F11C09A945ECD101342F
:1055D400042005F08DFDBC42E4D1BDE8F88300BF92
:1055E40054290020C0EB00204B4B40F2ED221968F7
:1055F400914279D949491A680868121A112A73D94B
:105604001B682DE9F047464F4FF4D019DFF81C8191
:10561400444E2DED028B0B6082B09FED438A002136
:1056240056E0F4EEC87AF1EE10FA64DCFCEEE77AA8
:10563400CDED017A9DF804A05346F6EC017A67EEAD
:10564400887AF5EEC07AF1EE10FA4EDBF4EEC87A01
:10565400F1EE10FA4CDCFCEEE77ACDED017A9DF820
:1056640004502C4698F80020FF2A05D09A1A002AE4
:10567400B8BF5242012A0DDD1B06A9F5C0224BF228
:105684000B0003F0FE431343184307F065F80121B0
:1056940088F800A098F80630FF2B05D0E31A002BF9
:1056A400B8BF5B42012B0CDD24064BF20B0004F067
:1056B400FE4444EA0904204307F04EF8012188F827
:1056C400065009F5803908F10108B9F5001F15D015
:1056D400F7EC017A67EE887AF5EEC07AF1EE10FA0B
:1056E4009FDA00239A46A8E7704700242546B9E7C5
:1056F4007F242546B6E77F239A469EE721B902B068
:10570400BDEC028BBDE8F08702B0BDEC028BBDE8B6
:10571400F04707F029B800BF542900206027002073
:10572400801A0020CC1A00200000FE42681A0020D3
:105734000E4B1B7853B10E4B44F61F620D491B6888
:1057440009685B1A934201D8002070470A4B187805
:105754000028FAD0064947F22F53084A086812680D
:10576400801A98428CBF00200120704747EF002028
:10577400542900203427002055EF0020CC27002096
:105784001E4B1F491A7810B512BB01201D4A096827
:1057940018701D4B01201D4C116018701C4A237891
:1057A40011603BBB72B600231A481B491B4A237085
:1057B40003700B70137062B64FF0E0234022184957
:1057C4000120C3F8882181F8B201C3F8082110BD73
:1057D4000C4A44F61F600B6814681B1B834207D8ED
:1057E4000B68012408480A49136004700B6010BD5B
:1057F4000968CEE70B4805F083F8D3E747EF0020AC
:1058040054290020342700204AEF002051EF0020C3
:105814007827002050EF00204EEF00204FEF0020AB
:105824005CE90020741A0020224B23491A7810B531
:1058340032BB0120214A0968187011600123204AF3
:1058440020481160204C214A0370116020482278BE
:1058540003705ABB72B600231E481F491F4A2370A7
:1058640003700B70137062B64FF0E02340221C49A2
:105874000120C3F8882181F8B201C3F8082110BDC2
:105884000E4A47F22F500B6814681B1B83420BD837
:105894000B6801210B4813600170094C0B480C4A3A
:1058A40023600360117010BD0968C6E70D4805F058
:1058B40027F8CFE755EF002054290020CC270020FB
:1058C400782700204AEF002051EF0020B82700205D
:1058D40054EF002050EF00204EEF00204FEF002047
:1058E4005CE90020741A002010B40E4C0E4A2368A0
:1058F400127883EA43330D490D4883EA534383EA1C
:1059040043131A4423605DF8044BA1FB021323F0F4
:10591400010101EB5303D31A50F82320013240F85C
:1059240023207047E81A002060EF0020ABAAAAAA3F
:105934004CEC00204248B6EE007A424A03684249E1
:1059440083EA43339FED410A83EA5343F0B583EA84
:1059540043133F4C2DED028B127883B0D4ED007AC3
:10596400B2EE088A1A44036077EEC77AA1FB0213E9
:1059740023F0010127EE800A01EB5303D41A08F047
:105984001DFB344B9FED340A03EB84030446D3ED33
:10599400000A07F0B1FEDFED317A20EE270AB4EEFB
:1059A400C80AF1EE10FA23DBDFED2D7AB4EEE70A34
:1059B400F1EE10FA37DCDFED2B7A80EE270A07F0E0
:1059C40033FEDFED297AE0EE087AF4EEC87AF1EEE0
:1059D40010FA0DD49FED257AF4EEC77AF1EE10FAA1
:1059E40021DCFCEEE77ACDED017A9DF8043000E08D
:1059F4000C231C441E4D1F4E84F307042B78E7B27E
:105A04009BB91D4840EA044006F0A6FE06F0ACFE31
:105A140001231A4A2B701268194B37701A6003B0AD
:105A2400BDEC028BF0BD7723E3E7337848F208003E
:105A34001B0403F4FE03184306F08EFEE1E700BFE7
:105A4400E81A002060EF0020ABAAAAAA0000404296
:105A5400CC1A0020801A00200000004200005C42A2
:105A640000803B460000DC4300008A420000EE4216
:105A74005FEF0020101B00200990006054290020D3
:105A840020EC002038B50D46044605F085FB184A85
:105A940003461849127832B10A6841F288309A1ADA
:105AA400824211D838BD144A0120107041F2883066
:105AB4000A689A1A8242F5D9104A11480B60057097
:105AC40013680133136038BD0B60FFF70DFF0D4AF7
:105AD40001210D4B0D481970136800680C490133FE
:105AE40008601360002CDDD0BDE83840FFF722BF0A
:105AF40064EF002024EC002044EF00208C260020DA
:105B04003CEF002048EC00205EEF002054290020E8
:105B14001CEC00202DE9F84316208E4D05F0A4F866
:105B240007EE900ADFED8C5AF8EEE76A8B4B9FED97
:105B34008C6AD3ED007A86EEA57A8A4A8A4811687F
:105B44008A4F77EE676A80ED007AE6EE867AC3EDD7
:105B5400007ACB0703D401212B6811603B60844E8B
:105B6400347854B3DFED836AB4EEE67AF1EE10FADA
:105B74003EDDDFED816AB4EEE67AF1EE10FA00F371
:105B8400C6809FED7E7A01227D4BF4EEC77A1A70AF
:105B9400F1EE10FACCBF144600247A4B1B78012294
:105BA40032702A683A60002B41D0002C00F0B68095
:105BB400754B01221A70BDE8F883DFED746AB4EE08
:105BC400E67AF1EE10FA34DDDFED6B6AB4EEE67AD4
:105BD400F1EE10FA3BDC9FED697A0122684BF4EE9A
:105BE400C77A1A70F1EE10FACCBF1446002431E0E3
:105BF400DFED676AF4EEE67AF1EE10FAB9DC604B99
:105C040001221A7000235F4A337012782AB1614965
:105C14002A680968521A462A7DD82B6847F23052FE
:105C240039685B1A934202D95B4B00221A70BDE8B3
:105C3400F883DFED5A6AF4EEE67AF1EE10FADEDD6F
:105C4400DFED4D6AB4EEE67AF1EE10FAC3DD01241D
:105C54004B4B1C70FFF794FDDFF8289105F09CFA7C
:105C64004F4B2A6802213A601A681860A0EB0208B8
:105C74000120FFF707FF4B4A99F800304244002BFC
:105C840055D14948012101704848824257D8484AB1
:105C9400F7EE006A9FED476AA2FB08123E492868A6
:105CA400920907EE902A0122F8EEE77A0A70424937
:105CB40086EE277A08604149B4EE667AF1EE10FA6E
:105CC40036FE877A81ED007A3D4988457FF667AFD5
:105CD4003C49DFF8FCC008780021CCF80080DFF8EC
:105CE400F4C08CF80010DFF8F0C08CF80010DFF876
:105CF400ECC08CF8001008B933490A70DFF8E08072
:105D040098F80020FAB9002288F8002047E71C4BD5
:105D140001221A7041E71C4A13707EE71D4A2B6862
:105D240012689B1A462B82D9174B1C707FE71F49B8
:105D34008A42ACD9012333702B683B6035E72B686A
:105D440031703B6073E7214804F0DAFD99F80030C4
:105D5400D9E700BF5429002000F07F4530270020F8
:105D64000AD7A33C3C2200202C2700201C2300201F
:105D740042EF0020BC74933C0AD7A33DCDCCCC3D6C
:105D840043EF002064EF00205EEF00208FC2F53C5B
:105D9400295C0F3D1CEC002041EF0020CDCC4C3D94
:105DA40020230020AF3CFFFF3FEF00206E032D00B7
:105DB400D34D6210000048431C27002020270020F8
:105DC4003F0D030046EF002052EF0020741A00201C
:105DD400B42700204FEF002050EF00204EEF0020AA
:105DE40051EF00200A2010B504F03EFF07EE900AA0
:105DF400DFED3D6AB8EEE77AC7EE267AF5EEC07AB3
:105E0400F1EE10FA36DBB7EE007AF4EE477AF1EEF3
:105E140010FA77FE277A354BDFED356A93ED007A79
:105E240077EEC77AA7EEA67A83ED007A72B6314A86
:105E3400002113781170DBB262B6F3B92E4B2F4AEE
:105E44001B6812689B1AB3F5FA7F0FD92C4BDFED50
:105E54002D6AD3ED007A9FED2C7A67EEA67AF4EEE4
:105E6400C77AF1EE10FA02D500221A6010BDC3ED14
:105E7400007A10BDDFED257ACDE7FFF781FC012123
:105E84000846FFF7FFFD224B1B7813B9214B012273
:105E94001A70214B214A19689142CFD918682049B8
:105EA4008842CBD81B6800211E4C1F48A3420078AF
:105EB40028BF23461D4C934238BF13461C4A236017
:105EC4001C4C1D4B21701170197010B91B4B012211
:105ED4001A701B4C237813B900232370AEE71948BA
:105EE40004F00EFDF8E700BF00F07F4524270020F2
:105EF400CDCCCC3C40EF0020542900201C270020AE
:105F0400202700203333733F0AD7233C00000000CE
:105F140064EF00203FEF002080270020400D0300A5
:105F2400BFC62D00C0C62D0046EF0020B4270020B8
:105F340050EF00204FEF00204EEF002052EF0020E2
:105F440051EF0020741A002010B50D4C237833B1A2
:105F54000C4B0D4A1B6812689B1A462B00D810BDC7
:105F64000A4B48F208001B781B0403F4FE03184391
:105F740006F0F2FB06F0F8FB0023237010BD00BF0F
:105F84005FEF00205429002020EC0020101B00208B
:105F9400624B1A78F0B58DB02AB1614C0021227899
:105FA4001970002A7CD072B65E4B00221C781A70DD
:105FB400E4B262B65CB1013CE4B2013C4FF60F00BE
:105FC40006F0CAFBE4B2FF2CF7D106F0CDFB564B2A
:105FD4001C78F4B1554947F22F52554D0E682B6881
:105FE4009B1B934215D8FFF7A3FB80B92B6847F29C
:105FF4002F529B1B934232D84E4B1B783BB14E49D8
:1060040044F61F622B6809685B1A934227D90DB0C6
:10601400F0BD4A4BD3ED030AF5EEC00AF1EE10FAD7
:106024003BDBF7EE007AF4EE670AF1EE10FA77FE46
:10603400A00AB2EE020A07F05FFBF3EE047A9FEDCA
:10604400407A404B20EE270AC7EE007AFCEEE77A4E
:10605400C3ED007AFFF76CFB0028D8D14CBB3A4D56
:106064003A4C2B784BB923783BB9364B1A6822B19A
:106074001E6842F6F7639E4225D82378002BC6D0CB
:10608400334B1B7803F0FF06002BC0D1314804F0DA
:1060940037FC182326702B70B9E7DFED2F0AC8E709
:1060A4004FF60F2006F058FB06F05EFB0123237029
:1060B40079E71E4B47F22F521D4D1E682B689B1B20
:1060C4009342CCD898E74FF60F00012706F044FB23
:1060D40006F04AFB17221E4B02A908A81A701F4B90
:1060E4002F70009306931E4B0293FBF70DFF1D4B7D
:1060F40006A91848A3FB06231B0903EB4303DA0094
:10610400013A04F07BFB069B08A8DB689847009BD8
:1061140002A8DB6898472770AFE700BF52EF002062
:1061240046EF00204EEF00204AEF002078270020A1
:106134005429002047EF002034270020CC1A0020E7
:10614400C0E1644CB42700204FEF002051EF002041
:1061540050EF0020741A002000000000480A0020BC
:10616400FD020000ABAAAAAA914B2DE9F0431F78C7
:106174002DED028B83B0002F56D1DFF8788298F88A
:10618400001059B98B4C8C4A236810681B1A182BC1
:1061940014D803B0BDEC028BBDE8F083874B854C6B
:1061A4001A6823689B1A592B00F2BF80824A23681D
:1061B40011685B1A182B40F2D180394680489FED54
:1061C400817AD0ED007A236867EE877A1360F5EE62
:1061D400C07AF1EE10FAC0F2CB80F4EEC77AF1EE99
:1061E40010FA00F3CA80FCEEE77ACDED017A9DF84F
:1061F40004402246744D2B78FF2B06D0D31A002B73
:10620400B8BF5B42012B40F3A88012066F4802F02E
:10621400FE42104306F0A0FA2C7003B0BDEC028BD2
:10622400BDE8F04306F0A0BA6949B6EE007A9FEDE6
:10623400690A0446D1ED007A0022B2EE088A77EEAC
:10624400C77A1A7027EE800A07F0B8FED4ED007AF8
:106254000446F4EEC87AF1EE10FAC0F28C809FED99
:106264005E7AF4EEC77AF1EE10FA74DC9FED5B0A05
:1062740087EE800A07F0D8F9DFED597AE0EE087A64
:10628400F4EEC87AF1EE10FA75D49FED567AF4EE76
:10629400C77AF1EE10FA5EDCFCEEE77ACDED017A16
:1062A4009DF804301C44DFF84C814F4D84F30704FF
:1062B40098F80030E6B2002B6DD1DFF83C9199F8E4
:1062C4000030002B5FD03E4BB7EE007ADFED476A1B
:1062D400DFED477A93ED006AE6EE267AF4EEC77AAC
:1062E400F1EE10FA4CDB9FED377AF4EEC77AF1EE5B
:1062F40010FA5ADCFCEEE77A17EE903A1B0603F02C
:10630400FE4343EA044349F209002A4C184306F0C9
:1063140023FA0123226888F80030284B2E701A6073
:1063240023689B1A592B7FF641AF2F4B48F2080084
:106334001B781B0403F4FE03184306F00DFA002136
:106344001D4A236888F8001011685B1A182B7FF621
:1063540064AF012132E77723A4E70F46002F3FF40F
:1063640018AF03B0BDEC028BBDE8F04306F0FCB9F6
:10637400002214463EE70C2394E77F22144639E7B3
:106384004FF08073BDE74FF60F2006F0E5F90123C7
:1063940089F8003097E72B7848F208001B0403F4CF
:1063A400FE03184306F0D8F987E74FF0FE43A8E749
:1063B4003FEF002054290020282700201427002024
:1063C400302700200000FE420E1B00200BB04A00C4
:1063D400CC1A00200000404200803B460000DC4311
:1063E40000008A420000EE420D1B002000005C42C7
:1063F400000090423EEF002046EF00202DE9F84FC8
:106404005A4B04461A68D0072DED028B05D458491F
:106414000120584A096818601160574B1A68D1075F
:1064240005D453490120554A096818601160544B3A
:106434001A68D20705D44E490120524A09681860E7
:106444001160514D2B68DB0740F1E48194F89A50B8
:10645400002D40F0B9814D4B454E4A4AD3ED6A8A2E
:10646400116893ED6B8A33685B1A272B5DD99FED16
:10647400487A336868EE877A1360F5EEC07AF1EEF5
:1064840010FAC0F21D82F4EEC77AF1EE10FA00F3AE
:10649400E081FCEEE77A3F4817EE903A1B0603F0E2
:1064A400FE43184306F058F99FED397A68EE077AEF
:1064B400F5EEC07AF1EE10FAC0F20082F4EEC77A7B
:1064C400F1EE10FA00F36882FCEEE77A324817EE38
:1064D400903A1B0603F0FE43184306F03DF9F7EE2D
:1064E400007A94ED147AB1EE046ADFED296A37EE8E
:1064F400677AC7EE067A67EEA67AF5EEC07AF1EE11
:1065040010FAC0F2D981F4EEE67AF1EE10FA00F353
:106514004182FCEEE77A214817EE903A1B0603F01D
:10652400FE431843012506F017F91D4B1A68002A8B
:1065340040D11C4BDFF874801B78002B40D01A4AE2
:10654400336812689B1A47F22F52934238D8DFF807
:1065540060A09AF80030002B40F03E82002D40F0FD
:106564002D81BDEC028BBDE8F88F00BF38220020DE
:10657400542900201823002030220020102300205A
:1065840034220020142300202C2200205CE9002067
:106594000000FE420BB010000BB011000BB0120053
:1065A400B42700204AEF00207827002020A107000C
:1065B4003AEF0020D3F80080C44B1B78002BBED1E7
:1065C400C34F04F0E9FD3B68C01A8045BFD804F00E
:1065D400E3FDF7EE007A94ED147AF1EE046ABD4B14
:1065E40037EE677A3860C3ED007A87EE268AB5EE17
:1065F400C08AF1EE10FAC0F26581B4EEE78AF1EEDA
:1066040010FA00F30E81B44BB6EE007A9FEDB30A94
:10661400D3ED007A77EEC77A27EE800A07F0CEFC36
:106624009FEDAF7AF0EE477AE8EE077AF4EEC77A98
:10663400F1EE10FA80F2A1812423DFEDAA6AB7EE0D
:10664400007ADFEDA97AC418E8EEA67A84F3070489
:106654005FFA84F9F4EEC77AF1EE10FAC0F26A81B7
:106664009FEDA27AF4EEC77AF1EE10FA00F38F816F
:10667400FCEEE77A17EE905A2D0605F0FE45DFF89A
:10668400B0A29B4F9AF80030002B40F05D81DFF8F8
:10669400808245EA044049F2090B40EA0B0006F007
:1066A4005BF8944B93F90030234483F30703A3422C
:1066B40000F0008145EA0340DCB240EA0B0006F03A
:1066C4004BF8326801258C4B31681A608B4B88F883
:1066D400004087F800908AF80050196033689B1ACC
:1066E400C82B52D8854A336811685B1A192B7FF678
:1066F40035AF834B31681B781160002B00F0AB8001
:10670400804B1B78002B40F0A6807F4B9FED777A5F
:10671400D3ED007AC8FEA78A68EE878AF5EEC08AB0
:10672400F1EE10FAC0F25381F4EEC78AF1EE10FADA
:1067340000F35081BCEEE87A4DF20D0017EE103AEA
:106744001B0403F4FE031843F6EE006ABFEE007A5E
:1067540077EEE67A77EEA77AF4EEC77AF1EE10FADE
:10676400C0F22E81B7EE007AF4EEC77AF1EE10FA99
:1067740000F329819FED657A67EE877AFDEEE77A6B
:1067840017EE903A1CB2254678E0594B48F20805BA
:106794005F4C1878000400F4FE00284305F0DCFF89
:1067A4002378FF2B07D01B0403F4FE00284305F0D5
:1067B400D3FFFF23237000238AF80030BDEC028B43
:1067C400BDE8F84F05F0D0BFDFF864A19AF80030B7
:1067D400002B3FF4C6AE464B48F208054C4C1878E3
:1067E400000400F4FE00284305F0B6FF2378FF2BD5
:1067F40007D01B0403F4FE00284305F0ADFFFF237C
:10680400237005F0B1FF0023BDEC028B8AF8003041
:10681400BDE8F88F04F0C0FC2D4A012310602B6002
:1068240014E6B0EE678A2C4BB6EE007A9FED2B0A85
:10683400D3ED007A77EEC77A27EE800A07F0BEFB25
:10684400DFED277AE8EE277AFDEEE77A17EE903A45
:10685400F3E6304826E6DFED257A68EEA78AF5EE02
:10686400C08AF1EE10FAC0F2A680F4EEE78AF1EEE7
:1068740010FA40F39380002527482C46274E05F054
:106884006BFFB6F90030EB1A002BB8BF5B42322B1A
:1068940094DD05F30D054EF20E0005F500552B04AD
:1068A400ED1103F4FE0343EA0563184305F054FFB6
:1068B400348083E7FF2404E7194833E619480CE6DB
:1068C4001948EFE59FED198AADE700BF4AEF0020B4
:1068D4000C2300209C270020CC1A002000004042FA
:1068E4000000104200009A42000048420000FE42AC
:1068F4000B1B002056EF002018230020102300203B
:1069040043EF002041EF00203027002000F8FF452E
:106914000A1B00200BB0107F0DD07F0022EF002057
:106924000BB012000BB011000BB0100000000000FF
:106934003AEF0020DFF8C4A04FF08075284F9AF892
:106944000030002B3FF4A3AE387848F2080BDFF890
:10695400B080000400F4FE0040EA0B0005F0FCFEE9
:1069640098F80030FF2B3FF494AE1B0403F4FE00B0
:1069740040EA0B0005F0F0FE8BE69FED1A7AF4EE88
:10698400C77AF1EE10FA7FF75FAF482355E64FF070
:10699400FE4574E61448C5E514489EE5FCEEE87A25
:1069A4004DF20D00002517EE903A2C461B0403F41B
:1069B400FE03184362E700254DF20D002C465DE707
:1069C4000B4D2C465AE741F6FF752C4656E74DF21F
:1069D4000D00B9E60748B7E6074B1A687EE600BF24
:1069E4000B1B0020000090420BB0127F0BB0117FF4
:1069F40001E0FFFF0DD07F00182300203AEF0020B4
:106A04000A1B00202DE9F8431E4A002400231E4DD2
:106A1400148094701D4A1E4914701E4A2F78136006
:106A24001D4A0C701360E7B91C4C48F208091C4D50
:106A34004FF00008E61C14F8013B33B9A64205F1F7
:106A44000105F8D1CFB9BDE8F88328781F460004C2
:106A540000F4FE0040EA090005F07EFE04F8018C13
:106A6400ECE7104B48F208001B781B0403F4FE0308
:106A7400184305F071FE2C70D6E7BDE8F84305F025
:106A840073BE00BF34EC00205FEF00205EEF0020F7
:106A940063EF00203CEC002040EC0020BC270020E9
:106AA4007C1A0020101B00202DE9F047894C4FF080
:106AB4000009894D2DED048B9FED888A9FED889AFE
:106AC400DFED888A002005F0F5FE002842D0237807
:106AD400F82B54D09A1DD2B2012A4AD9FC2B00F0CB
:106AE4008680902B6CD0802B00F0A680B02BE9D14F
:106AF4007D4A2B781178A3F11402D2B20B2A7ED8E6
:106B040007EE901A794B052AB8EEE77AA3FB020345
:106B140098BF77484FEA930388BF7648C7EE087A50
:106B240003EB4303A2EB4303DBB200EB83009E00C1
:106B3400C0ED007A7048304407687048304401263C
:106B440007606F48C65400206E4B995405F0B2FE9E
:106B54000028BCD16C4B1A783AB16C4A1278002ADE
:106B64007DD100226A491A700A70BDEC048BBDE81D
:106B7400F087FEF759FE664B00221A70A2E7FEF773
:106B840053FE634A13780133DBB2172B52D9002327
:106B9400DFF8B08113705F4B1B7843B15E4AD8F8BD
:106BA400003012689B1A44F61F6293428AD903216B
:106BB4000020FEF767FFD8F80020584B1A6081E7E1
:106BC400494B2E781F78002F58D1554B1B78B34270
:106BD40001D1544B1F70544B1B78002B3FF472AF00
:106BE4003046FBF769F9514BC3F800906AE7FEF7AA
:106BF4001BFE474B00221A70FFF704FF62E74A2B83
:106C04007FF460AF484B1B78002B3FF45BAF07EE7B
:106C1400901A474A01230021F8EEE77A87EE887A32
:106C240082ED007A434A82ED007A434A1370434A64
:106C34001170434A137045E7394B28781B78834217
:106C440002D1384B00221A70374B1B78002B3FF4CB
:106C540039AFFBF731F9354BC3F8009032E7394AC5
:106C640047F22F51384812680068121A8A427FF698
:106C74007CAF002226491A700A7076E7FEF7D4FD2D
:106C8400274ADFF8C08001211670274B254AD8F81F
:106C940000A011701B78D8F800102C4A1160002B4A
:106CA40058D11C4B1B7853B903210120FEF7EAFE8F
:106CB400174B00221A70264BC3F800A002E7164AAD
:106CC400D8F8003012689B1A44F61F629342EFD939
:106CD400EAE700BF70EF00206EEF00200000FE42E4
:106CE40000007042000010426FEF0020ABAAAAAA75
:106CF400801A0020CC1A0020B41A00209C1A00200C
:106D0400D0280020681A002054EF002055EF0020FE
:106D14004DEF002047EF0020342700201C270020DF
:106D24000F1B002053EF002064EF002040EC0020F4
:106D3400302700202C27002045EF002041EF0020C1
:106D440043EF002054290020CC270020C82700202E
:106D5400C027002042480023DFF824E1024612F84D
:106D6400011B19B11EF80310B14271D00133032B7A
:106D7400F5D10378002B6BD04378002B6BD083784C
:106D8400002B64D0DFF8FCC09CF800309CF8012094
:106D94009CF80210934294BF002301231CF80320A3
:106DA400914238BF022307EE906A0EF80360DFF8C1
:106DB400D8E00121F8EE677A2A4E9EF80020FFEE13
:106DC400006AC15477EEC97A0A44D2B287EEA87A2F
:106DD4000CF803208EF8002056F823200A4446F8C5
:106DE4002320214B1970B4EEE67AF1EE10FA2BDB76
:106DF400F7EE007AB4EE677AF1EE10FA37FE877A8E
:106E040007EE907A194BF8EE676A83ED007AC6EEC6
:106E1400887AF5EEC07AF1EE10FA12DBB7EE007A5A
:106E2400F4EE477AF1EE10FA77FE277A104B114A06
:106E3400C3ED007A104BC3F800A01368013313604C
:106E440040E6DFED0E7AF1E7B0EE667AD8E702238A
:106E5400DFF830C0A7E70123DFF828C0A3E700BFAD
:106E640034EC00204CEC002063EF00203CEC0020CC
:106E740040EC002048EC00201C270020000000000B
:106E8400EC1A002038EC002062EF00202DE9F04FCE
:106E940000F10C03994F9A4C8046064600F1300AE3
:106EA4004FF00009DFF8A4B22DED088B9FED959A01
:106EB40083B0DFED959ADFED95AA9FED95AA9FED3E
:106EC40095BA0093F6EE007A9BED000AF2EE088A7A
:106ED40030EE670A20EE090A07F070F8D8ED0A0AC6
:106EE400B6EC018AB0EE000AC0EEA80A054606F028
:106EF40003FC28EE000AB4EEE80AF1EE10FA70DBA7
:106F0400B4EEE90AF1EE10FA6DDC80EE2A0A06F01E
:106F14008BFBF0EE4A7AE0EE287AF4EEE87AF1EEB2
:106F240010FA5ED4F4EECB7AF1EE10FA5BDCFCEEF0
:106F3400E77ACDED017A9DF804201AF8013F43EA7F
:106F44000909002B2FD12278002A40F0A480009B4D
:106F540001370134B342B5D16F4CB9F1000F05D0FC
:106F64006E4A236811685B1A192B64D86C4A23682B
:106F740011685B1A0A2B0FD96A4B21681B781160C0
:106F84009BBB1C46684DB5F900209A1A002AB8BF6D
:106F94005242102A00F38C8003B0BDEC088BBDE88C
:106FA400F04F05F0E1BB1544237885F30705EAB2F9
:106FB40063B13B7801929342C9D01B0448F20800A4
:106FC40003F4FE03184305F0C7FB019A574B0192E3
:106FD40043EA054005F0C0FB019A01233A7023708F
:106FE400B5E70C22A9E77722A7E7514B1B78002BC2
:106FF40075D1504BF6EE006ABFEE007AD3ED007AFD
:1070040077EEE67A77EEA77AF4EEC77AF1EE10FA25
:107014006CDBB7EE007AF4EEC77AF1EE10FA68DCB6
:107024009FED457A67EE877AFDEEE77A17EE903AA0
:107034001CB22346A6E7414B9FED416AD3ED0A6A91
:10704400D3ED117A93ED037AF4EE676A2168116047
:10705400F1EE10FA66FEA77AB4EE677AF1EE10FA52
:1070640067FE277A67EE867AF5EEC07AF1EE10FABB
:1070740037DBF4EEC67AF1EE10FA35DCFCEEE77A93
:107084004DF20D0017EE903A1B0403F4FE0318436F
:1070940005F062FB6AE73A7848F2080001931204AB
:1070A40002F4FE02104305F057FB019B23704EE7E8
:1070B40003F30D034EF20E0003F500531A04DB1123
:1070C40002F4FE0242EA0363184305F045FB2C80F8
:1070D40003B0BDEC088BBDE8F04F05F045BB0023C1
:1070E4004FE74DF20D00D3E71648D1E7164B1C4687
:1070F40048E741F6FF731C4644E700BF7C1A0020B2
:10710400BC2700200000404200803B460000DC43D6
:1071140000008A420000EE4254290020B0270020DB
:10712400C427002043EF002024EF002009900064CE
:1071340041EF00203027002000F8FF45C0EB00207D
:107144000000FE420DD07F0001E0FFFFCC1A0020BA
:107154002DE9F843454E0746454D0E20B1463446C9
:1071640005F105082DED048BDFED428A9FED429A6F
:107174009FED428A12E0F4EEE76AF1EE10FA1FDCAA
:1071840077EEE67A94ED007A454577EEC77AA7EE76
:10719400887AA4EC017A16D015F8010F03F064FD87
:1071A40007EE100AF7EE007AB8EEC77AC7EE286A3F
:1071B400F5EEC06AF1EE10FADDDAF7EE007AE1E7F7
:1071C400F0EE497ADEE72E4B2E4D1A78BA420ED0F5
:1071D400DFF898C01F704FF001332B4C2B60AB804D
:1071E400BCE80F000FC49CE8030084E80300274BAD
:1071F4004FF0000EDFF8A080254993F800C001236A
:10720400D9F80490002F18BF4146DFED226A1E48CA
:107214001C4ABCF1000F0FD0022B0DD167B1C8F886
:10722400049085F801E00133043104360430DBB204
:107234000132BCF1000FEFD1147896ED007A64B1FD
:10724400D0ED007A77EE677AF0EEE77AF4EEE67A3C
:10725400F1EE10FA03D482F800E081ED007A062BF7
:10726400E1D1BDEC048BBDE8F88300BFB41A002063
:107274007009002000F07F45000000009A99993DB4
:107284004CEF0020D02800209C1A002064EF00203E
:10729400801A0020BC74933CCC1A002010B5564CC4
:1072A400B7EE001ADFED551ADFED550A94ED000A2A
:1072B4002DED068B82B09FED538ADFED538ACDED21
:1072C400011AFAF787FEF0EE407ADDED011AF0EECE
:1072D400480A94ED010AB7EE001A9FED4CAAC4EDDA
:1072E400007AFAF777FEF0EE407AB0EE681ADDED38
:1072F400011ADFED470AC4ED017A94ED020AFAF7A8
:1073040069FEF0EE407ADDED011AB7EE001ADFED0A
:10731400410AC4ED027A94ED030AFAF75BFEF0EE3B
:10732400407ADDED011AB0EE681A94ED040AF0EE2D
:10733400610AC4ED037AFAF74DFEF0EE407ADFED10
:10734400368ADDED011AC4ED047AF0EE680A9FED89
:10735400331A94ED050AFAF73DFE9FED319A84ED58
:10736400050AF0EE481A2F4CB0EE4A1ADFED2E9AB9
:10737400F0EE490A94ED000AFAF72CFEF0EE481AF2
:10738400F0EE680A84ED000AB0EE691A94ED010A81
:10739400FAF720FEB0EE4A1AF0EE481A84ED010A1C
:1073A400F0EE680A94ED020AFAF714FEF0EE680AA9
:1073B400F0EE481A84ED020A9FED1C1A94ED040ABB
:1073C400FAF708FEF0EE407AF0EE481A94ED050A5A
:1073D400B0EE691AF0EE490AC4ED047AFAF7FAFD40
:1073E400134B4FF0FF3284ED050AC3E900229A6083
:1073F40002B0BDEC068B10BD801A00209A99993E0C
:107404006666E63ECDCC4C3E9A99593F3333333FC2
:107414000AD7A33D9A99193E000000006666263FEC
:10742400CDCCCC3DCC1A0020CDCC4C3F6666663F1B
:10743400681A0020144810B503F062FA134B0022B6
:107444001A70FFF7DFFA124B4FF07C5211481249C1
:1074540003F1180C43F8042B634540F8042B41F85E
:10746400042BF7D10D4B4FF0FF324FF0E0214020B9
:107474000B4CC3E90022C1F888019A60012384F807
:10748400B031C1F8080110BD741A002051EF00207A
:10749400B41A0020CC1A0020801A0020681A002098
:1074A4005CE900202DE9F84F04460820AC4E2DED90
:1074B400028B03F0C5FE002833780CBF0127002798
:1074C40067D1002B61D1A74AA74DA84913702A6838
:1074D4000A6034B12B6842F210719B1A8B4200F29D
:1074E4003C812B689B1A40F6B832934248D99D4B95
:1074F4001A78002A44D14FF0010B83F800B0002C15
:1075040071D0FFF7CBFE9A4B4FF00132DFF8B4C2D3
:10751400984C1A609A80BCE80F000FC49CE80300E2
:1075240084E80300FF21042004F088F8FF210520EB
:1075340004F084F8FF21062004F080F8FF210920DC
:1075440004F07CF82C682B681B1BC72B08D8FFF7AA
:10755400ABFA012003F0CCFD2B681B1BC72BF6D91B
:107564000021042004F06AF80021052004F066F8E4
:107574000021062004F062F80021092004F05EF8DE
:107584003770BDEC028BBDE8F88F784B764D1A68E6
:107594009FE7002BF4D0734B1B78002BF0D1724D76
:1075A400724A2B6812689B1A162BE9D9724B1B7806
:1075B400002B40F0B380FFF771FE6D4B4FF00132AA
:1075C400DFF800C26B4C1A609A80BCE80F000FC44D
:1075D4009CE8030084E80300684B01212A681970C1
:1075E400674B1A60CCE764494FF0E02A40234FF41C
:1075F400005291F80090634889F001099FED628A76
:10760400DFF8C48181F800902146CAF8883107F078
:1076140045FE4FF4005221465C4807F03FFE5C4AA9
:1076240040232146148308F1600082ED0D8A82ED27
:107634000E8A82ED098A82ED088A82ED078A82ED3C
:107644000C8A82ED0B8A82ED0A8A82ED128A82ED1F
:10765400118A82ED108A82ED0F8A02F5004282EDD2
:107664006A8A82ED6B8ACAF8083182ED648A82EDF7
:10767400658A484A1460C2E90144474A1460C0223A
:10768400CAF8883107F00AFE402388ED4C8ACAF80C
:107694000831424B88ED4B8AC8F87830C8F8B830C6
:1076A400C8F8F8303E4B88ED4A8AC8F88C30C8F8E0
:1076B400CC30C8F80C313B4B88ED498A88ED488AB8
:1076C400C8F89030C8F8D030C8F81031B9F1000FBC
:1076D40002D1FFF7AFFE25E7334B1C70FFF792F999
:1076E400234B4FF00132DFF8DCC01A609A80214C42
:1076F400BCE80F000FC49CE8030084E803000820E2
:10770400FDF730FF294B2A6883F800B0284B29681D
:107714001A60284B284A0B44136003E7FFF7BEFDA9
:10772400134B4FF001320121DFF898C01A609A80A0
:107734001E4B2A6819701E4B0E4C1A60BCE80F00D1
:107744000FC49CE8030084E803000B211B4805F0E8
:10775400C3FD1B4803F072F93EE70DF00DF900BFBD
:107764004BEF002049EF0020542900205C27002023
:10777400D02800209C1A002064EF002048EF00204D
:1077840058270020742900200000000074490020BC
:107794005C6900204CEC002028EC002052B89E3E8E
:1077A4008FC2F53C8FC2753D63EF002061EF00206E
:1077B40030EC0020DFB1FFFF44EC0020640900201E
:1077C400A8120020B41A002058EC00202DE9F04F34
:1077D400DFF83C94B022E94904462DED108B85B0C6
:1077E40003F004FED9ED00DADFEDE57A7DEEE7DAA9
:1077F400F5EEC0DAF1EE10FAC0F2B887F7EE007ACF
:10780400F4EE67DAF1EE10FA77FEADDADD4ADFED79
:10781400DE7A92ED00DAC9ED00DA3DEE67DAB5EE14
:10782400C0DAF1EE10FAC0F29D87F7EE007AB4EEFA
:1078340067DAF1EE10FA37FE8DDADFF8D8A3DFED60
:10784400D37A9AED008A82ED00DA38EE678AB5EED3
:10785400C08AF1EE10FAC0F28187F7EE007AB4EE36
:10786400678AF1EE10FA37FE888ADFF8ACB3DFEDF1
:10787400C87A9BED009A8AED008A39EE679AB5EED4
:10788400C09AF1EE10FAC0F26587F7EE007AB4EE12
:10789400679AF1EE10FA37FE899ABE4FF3EE0E8A1C
:1078A400BD4BDFEDBE7A97ED007A93F80080E7EEEA
:1078B400278ABB4E8BED009AB8F1000F08D0B94966
:1078C40008683168091A47F22F50814240F28E85C8
:1078D400B54D9FEDB67ADFEDB67AD5ED00AA96EDFB
:1078E400000AEAEE877AB8EE400A20EE270A06F08C
:1078F40093F8B049F0EE409A0968002940F00B87EC
:10790400AD4B93ED00AAAD4B1B78002B40F0628584
:10791400F5EEC08AAA4B93ED00CAF1EE10FAC0F25C
:107924006185DFEDA87AF4EEE78AF1EE10FA00F350
:107934006585FCEEE87AF2EE086ACDED007A9DF8F2
:107944000030453B07EE903AF8EEE77AC7EEA60A18
:10795400B0EE000A05F0D0FE97ED01BADFED9A0A09
:10796400F0EE408A6BEE299AB0EE000A69EEA00AA6
:1079740005F0C2FEDFEDB76A9FED946AF0EE667A19
:1079840095ED03EAD5ED02FADFEDAA5AEEEE067A9A
:107994009FED8F5A95ED016A68EE858A97ED027A1C
:1079A400C4ED02FA8DED007A68EE808A84ED037AE4
:1079B400EFEEA67ADFED876AE6EE256AC4ED008A6B
:1079C400EAEE257AC4ED016AF5EEC07AF1EE10FA1A
:1079D400C0F2E886DFED806AF4EE667AF1EE10FA22
:1079E40076FEA77AC4ED047AF0EE4E7ADFED7B6A78
:1079F400C4ED0AAAECEE267A84ED0B6AC4ED0DFA06
:107A0400F5EEC07AF1EE10FAC0F2C886F7EE006A1D
:107A1400F4EE667AF1EE10FA76FEA77AD5ED05BAA1
:107A2400C4ED0E7AF0EE6B7A9FED6D6AD5ED046AC3
:107A3400ECEE067AC4ED0F6AF5EEC07AF1EE10FAB8
:107A4400C0F2A886B7EE006AF4EE467AF1EE10FAB8
:107A540076FE277AD7ED03EAC4ED107AF5EEC0EA94
:107A6400C4ED05EAF1EE10FAC0F29086F7EE000AD2
:107A7400F4EEE0EAF1EE10FA70FEAE0AB2EE020A9B
:107A8400CDED016AF6EE009A05F036FED7ED04CA94
:107A9400F3EE047A7CEEE99A20EE270A79EEA99AAD
:107AA40084ED060AB0EE000AF0EE690A05F024FE41
:107AB40097ED05FA4B4BDDED016A84ED110A84ED77
:107AC40012FAE361B8F1000F00F00486464A474B0E
:107AD400127802F0030203EB82031B689FED446AF1
:107AE400DFED397A9FED4F7AEBEE867A9FED416AAE
:107AF400236384ED087A84ED097AECEE067A9FED2F
:107B04003E6A76EE675AE5EEAD7AF4EEC77AF1EEA8
:107B140010FAC0F22F86F4EE467AF1EE10FA76FEF1
:107B2400277AB7EE007A9FED356AC4ED137ADFED5C
:107B3400347AF0EE478AEFEE868A37EEE86AE6EEAC
:107B44000D8AF4EEC78AF1EE10FAC0F21B86F4EE49
:107B5400678AF1EE10FA77FEA88A9FED2A7ADFEDA4
:107B64002A7A2A4BEEEE077A9FED316A93ED007A7A
:107B7400C4ED148A28EE078A72E000BFF8070020DB
:107B8400B8C56D3CA4270020CF831E3CB8C5ED3B8F
:107B9400C424C63CCC1A002053EF00200000284225
:107BA40054290020C8270020801A0020CDAF663851
:107BB40082A87B37802700202427002041EF002063
:107BC400302700200000FE428FC2753DB81E053FDD
:107BD4000000DC43E17A143FAE47613F5C8FC23E54
:107BE4003D0AD73EAE47613F0F1B0020F809002035
:107BF4000AD7A33ECDCCCC3DCDCCCC3E8FC2F53DF7
:107C04003D0A973F0AD7233D6F12033CA827002063
:107C140098270020A02700209C2700206F12833B78
:107C2400CDCC4C3D00000000000096420AD7A33D95
:107C34003333B33EAE47613E9A99193E0000A042E9
:107C4400EC51383F7B14AE3E0AD7233F6666863F2D
:107C54009A99593FEC51383ECDCC4C3E1F85EB3EB2
:107C64001FED127A28EE278AE8EE067AF4EEC77A38
:107C7400F1EE10FAC0F282851FED177AF4EE477A1E
:107C8400F1EE10FA77FE277A1FED1ADAF0EE660AA3
:107C94001FED1B0AC4ED157A84ED16DA05F02CFDF0
:107CA400F0EE407A1FED1F8A79EE090A5FED20DAC3
:107CB400B0EE000AB0EE679A05F01EFD5FED237A80
:107CC400F7EE046A1FED1E6A6BEE2DDAAEEE278A1C
:107CD4005FED277A1FED277AECEE867AC4ED1ADA87
:107CE40029EE079A89EE007A1FED2B9AC4ED187AD3
:107CF4005FED2C7AAEEEA78AAFEE269AB4EECD8A6B
:107D040084ED199AF1EE10FA84ED177AC0F21E850B
:107D14005FED337AB4EE678AF1EE10FA37FE888AA3
:107D24001FED367A1FED36DA5FED367AAFEE07DAFD
:107D34005FED376A1FED377A9DED006ADFF8F48353
:107D44002AEE077ADE4B66EE277A2AEE26AA98F800
:107D540000201B7884ED1B8AC4ED1D7A84ED1F7A04
:107D640084ED1EDA84ED20AA84F89A204BB1D54B19
:107D7400196833685B1A47F22F518B428CBF00237A
:107D8400012384F89930002A00F06483DFF8A8A363
:107D94000022CD4BB7EE005ADAF8001004F19B0C28
:107DA400DFEDCAFA914601914FF0010B93F82D10C3
:107DB400F0EE6F8A5F7CB0EE6FFA84F89C10F0EE00
:107DC4006F6A93F84910B0EE6FAAB0EE6F6AC048BC
:107DD40084F89D10F0EE6F5ADDF804E011469FED33
:107DE400BD4ADFEDBD4A84F89B700294002F4DD04C
:107DF400017811B90EF1010EB946D3ED037A05EB02
:107E0400820180F800B0F4EEE67A91ED007A36EE65
:107E1400276AD1B2E7EE875AF1EE10FA88BFF0EE86
:107E2400676A002A00F0C284012900F0A085F4EEFC
:107E34006F7AF1EE10FA88BFF0EE67FA31685C6988
:107E4400091B07EE901AF8EE677A77EEC47A87EE8C
:107E5400A47AB5EEC07AF1EE10FAC0F2B084B4EEB2
:107E6400457AF1EE10FA35FE077AB4EECA7A39464D
:107E740001301C33F1EE10FA88BFB0EE47AA022A93
:107E84000BD01CF8017F0132002FB1D1022A0770F8
:107E940003F11C0300F10100F3D1029CB9F1000FBE
:107EA40000F06E85CAF800E08C4B1F7837B18C481F
:107EB40032680068121A462A00F2F784894B93F854
:107EC4000090002900F0E5840023DFED877A4FF06D
:107ED400000A864DB4EEE76AC4ED296AF2EE086A38
:107EE4009FED7A7A824E05F1030BF1EE10FADFED85
:107EF400817A84F89E1084F8AC30C8BFC5EE86AA97
:107F0400C4F8A0E084ED2AAA15F8013B002B40F048
:107F1400E483AB4506F10106F6D1BAF1000F00F097
:107F2400338507EE90AAF8EEE77A87EE270ADFEDAD
:107F3400727AC0EE274A9FED717ADFED717A84ED93
:107F4400000AEEEE077AF5EEC07AF1EE10FAC0F20E
:107F5400B884B7EE007AF4EE477AF1EE10FA77FEC1
:107F6400277A9FED687ADDED006AC4ED017ADFEDD2
:107F7400667A84ED02EAE6EE877AC4ED03CAF5EE8A
:107F8400C07AF1EE10FAC0F298849FED607AF4EEB4
:107F9400477AF1EE10FA77FE277A5D4BC4ED047A46
:107FA400F0EE4E7A9FED5B6A93ED007AE7EE067A87
:107FB400F5EEC07AF1EE10FAC0F2D584B7EE006A9D
:107FC400F4EE467AF1EE10FA76FE277AC4ED0E7AD4
:107FD400F0EE6B7A9FED506AE7EE067AF5EEC07A22
:107FE400F1EE10FAC0F2BB84B7EE007AF4EE477AF1
:107FF400F1EE10FA77FE277AF5EEC0EAC4ED107AB6
:10800400F1EE10FAC0F2A784F7EE007AF4EE67EA14
:10801400F1EE10FA77FEAEEAF0EE6E0ACDED004A0C
:10802400B2EE020A05F068FBB3EE047AF0EE407A91
:10803400F0EE690AB0EE000A67EE877AC4ED067ABC
:1080440005F05AFBDFED355AB6EE007ADFED347AEF
:108054009FED346AEBEEA57ADDED004AAEEE067ACA
:1080640084ED110AF5EEC07A84ED077AF1EE10FA88
:10807400C0F26D84F4EE467AF1EE10FA76FE277AB9
:10808400B7EE006AC4ED137A9FED275A9FED277A65
:1080940076EE4B7ADFED145AA7EE857AC7EE247A92
:1080A400F4EEE57AF1EE10FAC0F24E849FED207AF8
:1080B400F4EE477AF1EE10FA77FE277A50E000BF2B
:1080C4004AEF002078270020C0EB002000000000C9
:1080D4002CEC002000803B4500007A455EEF002038
:1080E4001CEC002063EF00206F12833A34EC002074
:1080F400EC1A00200000DC430000DC427B142E3F1D
:108104000AD7A33E8FC2F53EAE47613E85EB513F91
:1081140030270020295C0F3E8FC2F53D9A99993E85
:108124000AD7A33DCDCCCC3E0AD7233D6F12833B67
:10813400CDCC4C3D64EF002048EC00200AD7233E10
:108144003D0A973F0080224500000C430000204276
:108154000080BB45CDCC4C3ECDCCCC3D00000000D6
:10816400B7EE007AC4ED157A1FED0C6AF0EE477A8B
:10817400EEEE067AF4EEC77AF1EE10FAC0F2E1837D
:108184001FED117AF4EE477AF1EE10FA77FE277AB2
:108194005FED145A1FED147A1FED146AAEEE257AC2
:1081A40067EE244AF4EEC64AF1EE10FAC0F2C68332
:1081B4001FED197AF4EE474AF1EE10FA77FE244ADD
:1081C400B6EE086A1FED1D7A5FED1D6AABEE067A06
:1081D400B4EEE67AF1EE10FAC0F2AD83F7EE006A7F
:1081E400B4EE667AF1EE10FA36FE877A002F40F08C
:1081F400EA825FED265AB0EE653AB9F1000F00F05D
:10820400EA82804BB6EE005A9FED7F4AD3ED006AB6
:108214009FED7E6AA6EE855A66EE846A25EE065ABE
:108224009FED7B6A7B4BAFEE069A9FED7B4A93ED05
:10823400006AA6EE049AB6EE004AB4EEC49AF1EED1
:1082440010FAC0F27583B2EE004AB4EE449AF1EE2D
:1082540010FA34FE099A9FED714A84ED199AEFEEF3
:10826400047AB7EE004A77EE8A7A77EEA67AF4EECD
:10827400C47AF1EE10FAC0F25883F1EE086AF4EE13
:10828400667AF1EE10FA76FEA77ADFED656AF5EE0E
:10829400003AC4ED147A68EEA67A9FED624A77EE4E
:1082A400846A76EE836AE6EE236AF4EEC46AF1EE3B
:1082B40010FAC0F23783B7EE004AF4EE446AF1EEE6
:1082C40010FA74FE266AF6EE083A9FED574AC4ED9A
:1082D400166AEFEE23DAEAEE04DAF5EEC0DAF1EE2E
:1082E40010FAC0F21C83F7EE086AF4EE66DAF1EED7
:1082F40010FA76FEADDA77EE887ADFED4C6AC4EDDB
:108304001ADAEAEE267AF5EEC07AF1EE10FAC0F245
:108314000383F6EE006AF4EE667AF1EE10FA76FE66
:10832400A77AB7EE000AC4ED1B7A9FED414ADFED50
:10833400416AF0EE407AEFEE847A77EE857A27EEA2
:10834400A40AB4EEE60AF1EE10FAC0F2E282DFED1E
:108354003A7AB4EE670AF1EE10FA37FE800AF0EECC
:10836400477ADFED2D4A9FED355ADFED356AEFEEA2
:10837400A47A84ED170AEAEE057AF4EEE67AF1EED1
:1083840010FAC0F2C382B1EE027AF4EE477AF1EE4B
:1083940010FA77FE277A9FED2B5AB7EE007ADFEDBD
:1083A4002A6AAFEE05DAC4ED187A3DEE25DAA6EEB8
:1083B40026DAB4EEC7DAF1EE10FAC0F2A482F1EED6
:1083C400047AB4EE67DAF1EE10FA37FE8DDA84ED52
:1083D4001EDA67E1F5EEC08A9FED12CAF1EE10FADB
:1083E400BFF69FAAF9EE070AFFF7B2BA17490B784E
:1083F40008EE903AF8EE688AFFF76ABADFED140ADD
:10840400FFF7A6BA3CEC00209A99993F6666663F4E
:108414003333B33F40EC00206666A63F6666E63F12
:108424006666E63E000000003333B33ECDCC4C3EDE
:108434003333F33F000020420080BB459A99193F33
:10844400CDCCCC3DCDCC4C3F3333333F0F1B002040
:10845400ABAA9A40E24B187C002800F01182D3EDBD
:10846400031A9FEDE03ADFEDE03ADFEDE09A21EE0A
:10847400833A9FEDDF7A61EEA33A61EEA99A61EE49
:10848400871A93F82C10002900F0DC8193ED0A5A26
:10849400F6EE086A9FEDD76ADFEDE95A9FEDD67ACA
:1084A40065EE266AE5EE065A9FEDD40A9FEDD46A7E
:1084B40025EE077A93F8482025EE000A25EE065AA1
:1084C400002A00F0CE8193ED116A11469FEDCB2A6C
:1084D400DFEDC82AE6EE025ADFEDCA4A9FEDCA4A2A
:1084E40066EE222ADFEDC90A66EE244A9FEDC81A19
:1084F40026EE044A9FEDC72A66EE200A26EE011AEC
:1085040026EE022A76EE266A84F8900084F891100A
:1085140084F89220F5EEC06AF1EE10FAC0F2F08110
:10852400B7EE00AAF4EE4A6AF1EE10FA7AFE266A71
:1085340037EE227AC4ED216AB5EEC07AF1EE10FA74
:10854400C0F2DB81F7EE006AB4EE667AF1EE10FA5F
:1085540036FE877AF5EEC04A84ED227AF1EE10FAFF
:10856400C0F2C881B7EE007AF4EE474AF1EE10FA91
:1085740077FE244A39EE039AC4ED234AB6EE007A14
:1085840039EE069AB4EEC79AF1EE10FAC0F2AF8152
:10859400B2EE007AB4EE479AF1EE10FA37FE099A79
:1085A40078EEA38A84ED199AB7EE007A78EE848A7D
:1085B400F4EEC78AF1EE10FAC0F29681B1EE087AB1
:1085C400F4EE478AF1EE10FA77FE288AF5EEC05AE7
:1085D400C4ED148AF1EE10FAC0F28381B7EE007A8A
:1085E400F4EE475AF1EE10FA77FE255A7DEEA9DA39
:1085F400C4ED165A7DEE86DAF5EEC0DAF1EE10FA25
:10860400C0F26C81B7EE087AF4EE47DAF1EE10FAB4
:1086140077FE2DDA38EE008AC4ED1ADA38EE208AB5
:10862400B5EEC08AF1EE10FAC0F25581B6EE007ACA
:10863400B4EE478AF1EE10FA37FE088A77EE857AAF
:1086440084ED1B8A77EE817AF5EEC07AF1EE10FAAA
:10865400C0F23E81B6EE007AF4EE477AF1EE10FAFB
:1086640077FE277A3DEE21DAC4ED1D7AB7EE007A63
:108674003DEE02DAB4EEC7DAF1EE10FAC0F225816B
:10868400F1EE047AB4EE67DAF1EE10FA37FE8DDA21
:108694000023614A84ED1EDA84F89B30A4F89C30F0
:1086A4001380937072B65D485D4B5E49056898F817
:1086B400002018780978C4F8945084F8930084F85A
:1086C400981002B91A7062B6204605B0BDEC108B42
:1086D400BDE8F08F544BFFF701BA3378B0EE000ACF
:1086E400CDED037A0AF1010A453B8DED027ACDED19
:1086F400016A07EE903AF8EEE70AC0EEA60A04F023
:10870400FBFF9DED027ADDED037ADDED016AA0EE5B
:10871400277AFFF7FEBB02F03FFD4449444A09684B
:10872400444B401A4449D9ED00DA884292ED00DA0C
:108734009AED008A9BED009AD5ED00AA93F800808B
:108744003FF6DEA89FED3EAAFFF7DDB8B0EE4D8AF6
:10875400FFF7E6BA9FED3A9AFFF79FB89FED388A84
:10876400FFF783B89FED36DAFFF767B8DFED34DA49
:10877400FFF74CB8F0EE477AFFF7D3B9F0EE477A3B
:10878400FFF782BAF0EE478AFFF7E7B9DFED2C0A6C
:10879400FFF774B9DFED2A7AFFF75CB9DFED287AC9
:1087A400FFF73CB9DFED267AFFF71CB9F4EE4F7AF8
:1087B400F1EE10FA88BFB0EE67FAFFF73FBB9FED0A
:1087C400207AFFF752BBDFED0D5A9FED1C3AB9F149
:1087D400000F7FF416AD9FED1A5AF0EE456A1FE5BF
:1087E400C0EB00206666E63F9A99993FCDCC0C3FDA
:1087F400CDCC4C3F6666E63E6666663F3333B33E99
:10880400CDCC4C3E3333933F33333340EC51383E7D
:10881400AE47613E3333B33F2CEC00208C2600205E
:1088240044EF00203CEF00204BC8BF3F7C270020D2
:10883400A427002053EF00207FC3C90147E17A3EFB
:10884400000000001FED025A93F84820B0EE450ADC
:10885400F0EE455AB0EE457AF0EE456A002A7FF410
:1088640032AE1FED092AB0EE421AF0EE420AB0EE23
:10887400424AF0EE424AF0EE422AB0EE426A41E643
:108884005FED111AF0EE619AF0EE613AB0EE613AE2
:10889400F7E5B9F1000F03D00B464946FFF715BBC6
:1088A40087F001033946FFF710BB454A1778002FBC
:1088B4007FF404AB1F70FFF701BBDFED427AFFF7D3
:1088C4006CBBDFED407AFFF74CBBB0EE47DADFE676
:1088D400DFED3C7AC6E69FED3B8AAFE6DFED39DAA1
:1088E40098E6DFED385A81E6F0EE478A6EE6B0EEA0
:1088F400479A55E6DFED334A3CE69FED327A29E6A6
:10890400DFED306A14E6B0EE47DA60E5F0EE667A41
:1089140041E5B0EE660A22E5DFED2A7A01E5DFEDF6
:1089240029DAE8E4F0EE446ACDE4F0EE447AACE40B
:10893400B0EE449A8FE4B0EE667A57E4F0EE464A1D
:108944003EE4F0EE477A23E4F0EE657A08E4DFEDE6
:108954001D7AFFF795BBDFED1BEAFFF75DBBDFED8B
:10896400197AFFF749BBDFED177AFFF72FBBF4EE57
:10897400E87AF1EE10FA88BFF0EE678AFFF75EBA84
:10898400DDF804E0FFF790BAF6EE007AF1EE000AA3
:10899400B0EE000A7AEEE77A67EEA00A04F0ACFEC5
:1089A400F0EE6A0A8DED010A9FED070A04F0A4FEB9
:1089B400DFED067ADDED014A20EE270AFFF7BBBAA8
:1089C40042EF0020000000000000004200005C4272
:1089D4001C4940F6B7301C4A0B6810B514681B1BC1
:1089E400834200D810BD0B6804211848136004F0BA
:1089F40073FC174B4FF4C852164802211B88DFED55
:108A0400166A02FB03F390ED007A144807EE903ADD
:108A1400B8EE477AF8EEE77A67EEA67A87EE870A29
:108A2400B7EEC00A02F034F806210D4804F054FCF5
:108A34000C4B0A48198801F0F5FF0848BDE81040BE
:108A440001F0FCBF542900204C29002054090020C7
:108A540018EF0020A41200200044AC43A812002008
:108A64005C09002014EF00202DE9F04FC54C40F2C2
:108A7400EE28C54DC54FDFF8609326682DED048BB5
:108A8400AFB004F0A7FC2B78002B00F066813B7894
:108A9400DB0740F162812368D9F800209B1A0E2B72
:108AA40040F25B81A021BA480BF05AFF0221012059
:108AB40002F0D8FB0221082002F0D4FB00210A2096
:108AC40002F0D0FB0021162002F0CCFB0121022091
:108AD40002F0C8FB0121032002F0C4FB01210420A1
:108AE40002F0C0FB0121052002F0BCFB012106209D
:108AF40002F0B8FB0121092002F0B4FB0C2002F0C3
:108B04000BF9012002F038F9082002F0B5FE02F05A
:108B140043FBA04B0322A04918600A2002F0DCFBAF
:108B24000E2002F0A1F8054602F036FB80EA05406B
:108B340002F060F84FF0FF31984801F0B5FA4FF0B9
:108B4400FF31974801F0B0FA4FF0FF31954801F03A
:108B5400ABFA256823685B1B632B08D8FDF7A4FFD9
:108B6400012002F0C5FA23685B1B632BF6D90126AA
:108B74008D4FDFF82892DFF82882FDF795FF0A2150
:108B8400484606F1FF3A01F0FFFA0A2183464046BF
:108B940001F0FAFA0A210546824801F0F5FABBF120
:108BA400000F034605DD7A6802FB0AB090FBF6F07D
:108BB4007860002D05DD3A6A02FB0A5595FBF6F54F
:108BC4003D62002B05DDFA6B02FB0A3393FBF6F3DF
:108BD400FB63256823685B1B132B08D8FDF764FF30
:108BE400012002F085FA23685B1B132BF6D90136AA
:108BF400192EC2D1F96BB7EE008A6C4D3B6A7A68C4
:108C040005F1050800916A486A4901F033FFDFED78
:108C14006A8A6A4F0E206A4E9FED6A9A0FE0F4EE5C
:108C2400C87AF1EE10FA00F3A68078EE677A45452B
:108C3400E7EC017AE6EC017A16D015F8010F02F0A0
:108C440013F807EE900AB8EEE77AC7EE287AF5EE45
:108C5400C07AF1EE10FAE2DAF7EE007A4545E7EC75
:108C6400017AE6EC017AE8D1162001F0FDFF07EE67
:108C7400900ADFED516AB8EEE77AC7EE267AF5EE90
:108C8400C07AF1EE10FA79DBB7EE007AF4EE477AA7
:108C9400F1EE10FA77FE277A4B4B40264FF0E02591
:108CA40002A8C3ED007AFEF791FDB02202A9C5F82F
:108CB4008861464802F09AFBC5F8086144494FF4BC
:108CC4008030444B0022032688619861CA61DA61CE
:108CD400C821042002F0B2FCC821052002F0AEFC39
:108CE400C821062002F0AAFCC821092002F0A6FC33
:108CF400256823685B1B772B08D8FDF7D5FE012078
:108D040002F0F6F923685B1B772BF6D900210420C7
:108D140002F094FC0021052002F090FC00210620C2
:108D240002F08CFC0021092002F088FC25682368ED
:108D34005B1B4F2B08D8FDF7B7FE012002F0D8F9D2
:108D440023685B1B4F2BF6D9013E16F0FF06BFD1FB
:108D54002FB0BDEC048BBDE8F08F23682A789B1BF1
:108D640032B1B3F5FA6F3FF69DAE04F033FB88E6FB
:108D74004345FAD996E6F0EE497A58E7DFED117AE1
:108D84008AE700BF542900206AEF002069EF002021
:108D9400000020207C2700208D0100009026002068
:108DA400BC260020E8260020C0EB0020700900202B
:108DB400A81200208C10002000F07F45B41A002077
:108DC400801A0020000000003027002010EB002053
:108DD400D02700200828002094ED00202DE9F0473A
:108DE4006D4E48226D490446DFF800922DED028B4A
:108DF40084B09FED6B8A02F0F9FAD6ED000A9FED7C
:108E0400690A04F079FCF0EE407AD6ED010A9FED90
:108E1400650A67EE887AC4ED007A04F06DFCF0EE22
:108E2400407AD6ED020A9FED5F0A67EE887AC4EDB8
:108E3400017A04F061FC5C4B20EE080A1A7884ED98
:108E4400020A4AB15949D9F800200968521A47F26E
:108E54002F518A4200F29C80F168F2EE088A544B4A
:108E64002746E1603169534A2161716904F1310691
:108E740093ED027A61611968D3ED057AA1615968AD
:108E8400DB689FED4D6ADFED4D6A4D4D27EE067AA6
:108E9400636267EEA67A137C05F1030AE16184F844
:108EA400313092F82C1092F848309FED468ADFF862
:108EB400408184ED087AC4ED0B7A84F8321084F88A
:108EC400333015F8013B33BB554508F1010807F170
:108ED400040706F10106F4D13B4B3C493C4A0868BF
:108EE4001968C4E90E01D3E901013A4B206400205A
:108EF400616410701A68D20721D53749D9F8003057
:108F04000A689B1AB3F5FA7F25D8204604B0BDEC55
:108F1400028BBDE8F08798F80030B0EE000A453BBC
:108F240000EE903AF8EEE00AC0EEA80A04F0E4FB82
:108F3400012320EE080A87ED000A3370C4E70120FC
:108F4400D9F8002024491860D9F800300A609B1A27
:108F5400B3F5FA7FD9D9D9F80030204D204A0B60F7
:108F6400166800222B6894F83310F31A1D48CDE9D3
:108F7400001202931C4994F8323094F8312001F025
:108F840079FD20462E6004B0BDEC028BBDE8F0876D
:108F940000221A7060E700BF801A0020A808002091
:108FA40000005C420000004253EF0020C82700206C
:108FB400CC1A0020C0EB002014AE473F8FC2F53D11
:108FC40034EC00200000DC434CEC002028EC0020B2
:108FD40044EF00202822002004230020082300203E
:108FE40018270020A812002034090020542900204A
:108FF400EC1A00202DE9F0430120BFB002F020F963
:109004005E4CA0F10105FDF74FFD5D4A2368B5FAFA
:1090140085F512686D099B1A092B01D9F9F79EFA97
:109024002846DFF89081FEF793F8FCF7DBFE554BFA
:109034001A78002A00F0958000221A7098F80030FF
:10904400002B69D128464FF0E026FEF72BFA402783
:10905400FCF7CAFA22684C4B12A8DFF85C911A603C
:109064004A4B22681A60FEF7B1FBB02212A909F537
:10907400DA70C6F8887102F0B9F998F80030C6F8C9
:109084000871002B3FD0424B0022424968469A6146
:109094008A614FF48032DA61CA61FFF79FFE482289
:1090A40069463D48C6F8887102F0A0F96846C6F8DA
:1090B4000871FDF7EBFEFCF747FF384B1A6823688D
:1090C4009B1A0B2B02D92846F8F7F6FF12A8FDF7D6
:1090D4004BF8FCF75DFF12A8FDF790F998F8003003
:1090E40053B92F4B1B78D3B12E4947F22F52236823
:1090F40009685B1A934212D8FDF7D6FC3FB0BDE86D
:10910400F043FFF765BC234A4FF48031D36191618A
:109114001F4AC2E90613D0E7234B1A7092E7D9ED30
:109124006A6AD9ED6B7A9FED217A77EEA67AF4EE2E
:10913400C77AF1EE10FA17DC1D4A236811685B1A2E
:1091440040F28A218B42D7D920684FF0E023402196
:1091540010600122C3F8881189F8B121C3F80811FD
:10916400CAE7FCF7D7FC6DE72268114B1A60FDF7DC
:109174009BFC3FB0BDE8F043FFF72ABC5429002014
:1091840014EC002045EF002018EC002044EC0020F3
:1091940008280020D027002070EC0020942700200D
:1091A4004AEF0020782700205EEF0020BC74933C37
:1091B4004829002064EF00205CE900202DE9F04FED
:1091C40017220B21CF48D04FDFF8BC832DED028B43
:1091D40083B000F029FF00220B21CC4800F024FFCB
:1091E40018220B21CA4800F01FFFCA4A00213B681D
:1091F400C2F8008011611181D160002B00F06A82F5
:1092040019465B69002BFBD14A61C34C0025C34B53
:109214000026DFF878C304F1500E556104F1780B91
:1092240055604FF0010995724FF07E5A1360258303
:10923400E66126626662A662E66226636663A663E8
:10924400E66326646664A664E6649FEDB58ABCE8BA
:109254000F00AEE80F00BCE80F00AEE80F000CF101
:1092640008033022C4F880A0C4F88460C4F888508D
:10927400C4F890909CE803008EE8030093E8030090
:10928400A4F88C508BE80300294604F1940006F0FE
:1092940005F8A44B30222946C4F8C83004F1F40080
:1092A400A14B84ED318AC4F8CC30A04BDFF8E0B296
:1092B400C4F8D0309E4BC4F8D4309E4BC4E9375523
:1092C400C4F8D830C4E93955C4E93B5505F0E6FF84
:1092D4003022294604F5927005F0E0FF45F222623F
:1092E40048F23313042104F5BA70C4F85C5184F8CD
:1092F4006051C4F86C61C4F87061C4E955238E4BA5
:109304004FF48042C4E95913294605F0C7FF44F2DB
:1093140074104FF480422946204405F0BFFF04F541
:109324000043864C4FF07F5CC3F898B14FF07C52F9
:10933400DFF860B2F3EE007ADFF85CE24FF08040D1
:10934400C3F8CCB1DFF854B27D49C3F8D4B1DFF827
:1093540050B2C3F8C441C3F8C841C3F8D8B1794C7A
:10936400DFF840B2C3F8A861C3F8E4C1C3F8AC6144
:10937400C3F8B82183F8B051C3F8C02183F8B151C0
:10938400C3F8DC21C3F8BC11C3F8E01183ED6D8A86
:10939400A3F87451C3F87861C3F87C61C3F88061A1
:1093A400C3F8845183F88851C3F88C61C3F8906181
:1093B400C3F8946183F8A49183F8B251C3F8D041FF
:1093C400C3F8E8B1C3E96755C3F8ECE1C3F8142264
:1093D4005D4AC3F8F4E1C3F8F0215C4AC3F818C24B
:1093E400C3F8FC215A4AC3ED897AC3F80822594AC2
:1093F400C3F80C122946C3F80402C3F82C02C3F8BC
:1094040010224FF400525448C3F8F8A1C3F80042A4
:1094140083F86092C3F81C62C3F82062C3F8286220
:10942400C3F83062C3F83462C3F83862C3F83C62EC
:10943400C3F84062C3F84C52A3F8505283F8525216
:10944400C3F85452C3F85862C3F85C62C3E9915537
:1094540005F024FF4FF400522946404805F01EFF52
:109464003F48FBF7F7FF3F48FBF7C4FF3E48FBF7D5
:10947400C1FF3E4A3B681146D56041F8188B116123
:109484004FF40071C2E906551181002B00F02481CC
:1094940019465B69002BFBD14A610024344B3348E5
:1094A4000125546154609472136000F025FD314825
:1094B40000F0C2FF2B4B2246009416492D4801F0C0
:1094C4002FF82D4A2D492B4804F036F82C4800F08B
:1094D400B3FF254B009401220E49294801F020F8DE
:1094E400254A2649264804F027F8264800F0A4FF18
:1094F4001C4B224600951A49224801F011F81E4AD5
:109504001E4951E09026002048220020BC2600205D
:10951400E82600205C2900205C690020B4090020B2
:1095240000005C429A9992420000A5420000DC428D
:1095340033B3124300002543A50DE1913333B33E09
:109544009A99993ECDCC0C3F9A99193FE17A143FF0
:109554008FC2753C000048447429002074490020DF
:1095640058EC0020D02700200828002038270020AD
:10957400E809002080280020C4120020458800004B
:1095840094280020A8280020A8090020F008002022
:109594003DF1357A000090426666E63E0AD7233DE7
:1095A400CDCC4C3D6666263F4C4803F0C5FF4C4885
:1095B40000F042FF4B4B2A4600954B49484800F0C7
:1095C400AFFF4A4A4A49464803F0B6FF494800F00B
:1095D40033FF494B224600944849464800F0A0FF17
:1095E400424A4349434803F0A7FF454800F024FF9B
:1095F400414B224600953B49414800F091FF3B4ACC
:109604003B493F4803F098FF3E4D3F4B00223F4902
:1096140028689C605861DA601C821C839C769A627C
:109624005A649C859C8683F83640A3F84840A3F886
:10963400504083F85240364A3648C3E9001429683A
:109644001963354999632968C3E90844C3E90F4498
:10965400D96429682C681160046029682F4A30484D
:10966400D86111602F4B28682F492A6808601A6056
:1096740028682E492A682E4B08601A6028682D4BEA
:109684002A682D491A600860184A2C492C4803F0AE
:1096940053FF28682B492A682B4B08601A602868F6
:1096A4002A492A682A4B08601A60286829492A68C6
:1096B400294B08601A60286828492A68284B0860E2
:1096C4001A6001F069FD274B186003B0BDEC028BF2
:1096D400BDE8F08F3A6098E53A60DEE6A8280020FD
:1096E400BC2800200828002058EC0020C4120020C8
:1096F400458800005828002038270020D027002063
:109704006C28002054290020C0EB00209026002063
:1097140014EC002060270020E8260020B027002059
:10972400BC260020C8270020C42700201CEC0020F1
:1097340020EC0020282700201427002039020000F4
:10974400741A0020582700205C270020942700204A
:109754004C29002018EC002044EC002030EC0020C0
:1097640048290020AC270020F8B5002705463C46D0
:10977400B4B33946284600F02FFE08B3BB1D04F1EC
:10978400040E00F1040C55F82360B6F5803F47D071
:1097940000F582715CF8042B36FB02F336FB12F2FF
:1097A40003F30F0302F30F02C3EA0243DEF80020BF
:1097B40093FA12F38C454EF8043BEBD100F0C0FD54
:1097C4000137042FD4D128462146002200F0E0FDC1
:1097D4002046BDE8F84000F0B3BD0137042F3AD06D
:1097E4003946284600F004FE04460028F5D0BB1D87
:1097F40055F82300B0F5803FE2D0211D04F58276B0
:109804000B6830FB03F230FB13F302F30F0203F394
:109814000F03C2EA034341F8043BB142F0D1CFE75E
:1098240000F10C0204F10C0300F5867C53F8081CCB
:1098340052F8086C91FA16F143F8081C53F8041C0A
:1098440052F8046C91FA16F1083243F8041C0833F8
:109854009445EBD1B2E7F8BDAD4BAE4A18682DE99B
:10986400F04FAD4C91B0197908940368D17704F5A1
:109874008062934209920ED2A84B1B78002B00F011
:10988400288109994FF0E0234022089101F5806175
:109894000991C3F80822A24B1968A24B0C911868CD
:1098A400A14B0D901A88A14B0A921C880B94002995
:1098B40000F0DC81002800F04D819D4B9D4D1A4441
:1098C40023449D4E01EB42029C4C00EB43039C4914
:1098D400D5F800B00E950392089D9A4A02939A4BCC
:1098E4005768D6F800A0D3F80080D3F80490D1F8D4
:1098F40000E04B68D4F808C0886805F110010F96A1
:1099040005F58265166862682468079535460197EF
:109914002746019C5E46CDF814A0C246049410313B
:10992400039C06954D4634F902BFABEB060803943D
:10993400029CA8EB0A09049E34F902AFA9EB0505C1
:109944000294059C2F44AAEB0405069C3A442C1B64
:1099540094443A440194A41BA6440CEB02043A44F4
:109964004FEA2C1C734421F820CC18447344C618C5
:109974000011734421F81E0CA01824113A4421F854
:109984001C4C02EB000C9C1900117344361121F895
:10999400180C1819241121F81A6C21F8164C4FEAE6
:1099A4002C1421F8144C041121F8124C079C8C42FD
:1099B400AFD10F993C46019FC1F800A00E99C1F8A0
:1099C40000B05E490C605E4CC4E901305D4BC4F8E4
:1099D40000E0C3E900575C4BC3E900890A9B4033AC
:1099E4000A930B9B4033C1E9012C0B93BFF34F8FB8
:1099F4004FF0E02308990998CA43C3F8701F203137
:109A0400024481420891C2F3421251D26AB3012A3C
:109A140023D0022A1CD0032A15D0042A0ED0052AEA
:109A240007D0062A40F01C81089AC3F8702F203210
:109A34000892089AC3F8702F20320892089AC3F843
:109A4400702F20320892089AC3F8702F203208929F
:109A5400089AC3F8702F20320892089A0999C3F81B
:109A6400702F20328A42089222D2089A02F12001F1
:109A7400C3F8702F4032C3F8701FC3F8702F01F180
:109A84004002C3F8702F01F16002C3F8702F01F196
:109A94008002C3F8702F01F1A002C3F8702F01F106
:109AA400C002C3F8702F01F1E00209998A42DDD3A4
:109AB400BFF34F8FBFF36F8F0A9B7F2B1CD81A4ABB
:109AC40013800B9B7F2B09D8184A138011B0BDE873
:109AD400F08F04F5006308920993DCE60024134B2D
:109AE4000D981C8000F02CFC184B1A681C600D4B60
:109AF4001A6011B0BDE8F08F0B4B00240C981C8049
:109B040000F01EFC124B1A681C60054B1A60D8E763
:109B1400E022002000800E4080A2202038EF0020A8
:109B2400D0220020D82200201EEF002020EF0020A9
:109B34000100008054230020582300202423002007
:109B44003C2300206C2300205C230020DC22002026
:109B5400D42200200C9A002A00F088808A4800262B
:109B64000A998A4BD0F800800E900B4488488949A2
:109B740002EB430BD0E900CE08988D68D1E90023AD
:109B840000F1100100F582600290C246BBF9028028
:109B9400E1467746A8EB0A0C0BF1020021F80E6CA3
:109BA400C246ACEB090E019021F80A6C0846AEEBF4
:109BB400070721F8066C21F8026CE1463A4477461F
:109BC4001344EC181344019D05F1020BE5181344EA
:109BD400241121F8104C5C1913442D1121F80C5C4C
:109BE4001D19241121F8084C2C1121F8044C019959
:109BF400B1F90280A8EB0A0CACEB090EAEEB070737
:109C04003A441344EC181344E5181344241120F87F
:109C1400104B5C192D11134400F1100120F80E6C47
:109C240020F80C5C1D19241120F80A6C20F8066C2D
:109C340020F8084C2C1120F8026C20F8044C0298EF
:109C44008842A2D10E99C1F800805249C1E900238B
:109C54004F4B8D60C3E900CE0A9B40330A93C5E69F
:109C6400089AC3F8702F20320892DDE60D9A002A74
:109C740000F0828048480B99444BD0F800E00B4434
:109C84000F904648464902EB430A0C9E8D68D34622
:109C9400D0E9007C0898D1E9002300F1100100F517
:109CA40082600290F246B946BBF902E00BF102076A
:109CB400E04621F8106C0197AEEB0A0721F80C6C12
:109CC400F246A7EB090CB946019F01F11000ACEB79
:109CD400080821F8086C21F8046C07F1020B4244CF
:109CE400E04620311344EC181344E51813442411BE
:109CF40021F82E4CEC1813442D1121F82A5C1D195F
:109D0400241121F8264C2C1121F8224CB7F902E039
:109D140020F8106CAEEB0A0721F81C6C21F8186CC3
:109D2400A7EB090C21F8146CACEB0808424413446B
:109D3400EC181344E5181344241120F80E4CEC18C5
:109D44002D11134420F80A5C1D19241120F8064C27
:109D54002C1120F8024C02988142A3D10F99C1F82A
:109D640000E00F49C1E900230C4B8D60C3E9007C7E
:109D74000B9B40330B9339E64FF480620D9908989E
:109D840005F08CFA32E600BF542300200100008065
:109D94006423002030230020582300207423002053
:109DA4004823002038B50021044600F015FB88B193
:109DB40072B61C4A1368002B2BD01B490D68002D6A
:109DC4002CD0156008600021184A118062B618462C
:109DD40000F0B6FA0121204600F0FEFA98B172B6FE
:109DE400134A136883B113490C6854B114600024F6
:109DF400114A0860148062B61846BDE8384000F085
:109E04009FBA086062B638BD0B4910600B8062B619
:109E140038BD064910600B8062B6DBE7086062B6A5
:109E2400D8E700BFD0220020D42200201EEF00205B
:109E3400D8220020DC22002020EF002010B50446A8
:109E440000F068FC204610BD38B5234C002342F2D4
:109E540010724FF40C61E06F40F44020E0671C2066
:109E64000AF082FDE3691D4923F440631C481D4A3E
:109E740043F40063E361A36A19401B4B41F0CE0134
:109E8400A16241680A4042F4002242609A68002AB2
:109E940020DB1649032000224FF48034C1F8280146
:109EA4004FF08E45C1F82401114812491A66DA6050
:109EB4001D615C619861D961C3F8E020C3F88C200E
:109EC4004FF0E062C3F89020C3F89440C3F89800C0
:109ED400C3F89C1038BD00BF00C00F4000FEFFFF58
:109EE40000C00A40F8FFF7FF0040384000801F40E0
:109EF400130F0100000F0F0F10B5364C4FF4006222
:109F04000021204605F0CAF93348012100F09EFBE8
:109F140000233249324A0B601360FFF795FF234652
:109F2400BFF34F8F04F5006204F120004FF0E021ED
:109F3400824234BF0122402204EB4212C1F8703F36
:109F440020339342FAD1BFF34F8FBFF36F8F224A6E
:109F54000320244B2449C3F880014FF48060136824
:109F64001C600224D8829C60A4F60204D8830620D4
:109F7400596000211279DC601C4C988302F11000B6
:109F84001C61996199821A4C1A4B43F8204002F0E3
:109F94001F04194B012003EB5213A04014B29B0081
:109FA40018601648164B40F82410164940F824103F
:109FB400A0F580401449C276D3F8882042F00042CC
:109FC400C3F888209A681143996000F01DFB0F4B79
:109FD400187010BD80A22020E0220020D022002092
:109FE400D822002000801F40020001012040384098
:109FF400C97A0000001C00204038003800C00E4020
:10A0040000403840140000800100009038EF002028
:10A01400024A0349034803F08FBA00BFC412002068
:10A02400AD800000E0220020F8B528291B4B4FF436
:10A034009B770D46164604464FF00101C0E90273B2
:10A044002CBF4FF0FF330123282A44F6206228BF97
:10A054004FF0FF3302610360284601F003F93046F4
:10A06400002101F0FFF82846002101F0BFF80C4B55
:10A074002A0103EB05159958EA68C4E9072132015E
:10A0840003EB061698586FF07042064BF1681B6894
:10A0940062606361C4E909102046F8BD50C46201DE
:10A0A400440D00205429002001617047F0B472B6B9
:10A0B400856A3249D0E90736C6F888306B68426A47
:10A0C40023EA02036B606B68426A13436B602C4B98
:10A0D400476AC5F888704C681A682A4BA3FB023299
:10A0E400920C02EB820252004B681B1B9A42FBD873
:10A0F4006B6823EA07036B60C369C6F8843062B6F1
:10A10400D0E90954C168A3682B42836905D006E0ED
:10A1140001338361A2682A4201D19942F8D8994255
:10A1240023D372B6D0E90923046AC3F8842059689A
:10A134000A435A60416AC3F884105A6822EA010249
:10A144005A60C369C4F8883062B6D0E90945C16869
:10A15400AB681C42836904D10BE08361AA68224284
:10A1640007D0994203F10103F7D86FF00100F0BC66
:10A1740070479942F9D90120F0BC7047001000E003
:10A18400A412002083DE1B4370B500240D468461B5
:10A19400002936D003680646A34239DB3046013431
:10A1A400FFF784FF0028E4B22DDBA542F6D11C4959
:10A1B400B36970680A688342D6E904548CBFA3EB80
:10A1C400000CA0EB030C121BAA4215D907EE900A4F
:10A1D400B8EE677A9FED106BB7EEC77A27EE067B71
:10A1E400BDEEC77B17EE102A624505D96FF07042A9
:10A1F4000968104672607161834207D2002073605F
:10A2040070BD084670BD6FF0010070BD181A70BDB6
:10A214004FF0FF3070BD00BF9A9999999999B93F51
:10A22400542900204FF0E0234022C3F8082270474D
:10A23400F8B5144B144D1C686E689CB1237A204603
:10A244006BB123686F681B6898476B68E188DB1BF8
:10A25400C3F38F12B1EB931FA28038BFE28064690D
:10A26400002CEBD1084B094A5B6810889B1B084CF7
:10A27400C3F38F11B0EB931F218038BF1180BFF35C
:10A284004F8FF8BD48220020001000E01AEF002094
:10A2940018EF002030B472B6244D254C2A8804F1FE
:10A2A400700104EB82038B423CD204F16F01501C19
:10A2B400C91A00EB910002E00132824232D09C467E
:10A2C40053F8041B0029F7D0B1FA81F04FF0004392
:10A2D400C34021EA0301CCF8001001B90132154B47
:10A2E4002A801A88013291B2198062B6ACEB040C50
:10A2F40041F67C73C0EB00644FEAAC0CC0EB8410F5
:10A3040001240CEB8C1C03EBCC1303EB80030A48F5
:10A314000068C4541844094B1C88944230BC38BFAC
:10A324001980704762B6002030BC70471CEF0020D3
:10A334004C22002014EF00204422002016EF0020BD
:10A34400428872B60378012B03D9013B037062B6CD
:10A354007047D14353090B484FF0004201F01F01ED
:10A36400CA4050F823100A430749B1F800C040F826
:10A3740023209C45054A88BF0B801388013B13802A
:10A3840062B670474C2200201CEF002014EF00201E
:10A39400C36813B91DE0DB68E3B1187A9042FAD1BF
:10A3A40010B4586893F809C0006950F82C4054B1AF
:10A3B400DB682BB1187A9042F3D0DB68002BF9D11B
:10A3C4005DF8044B704740F82C1008780130087091
:10A3D400EEE77047704700BF437A8B4206D90369A2
:10A3E400002253F8210043F82120704700207047D1
:10A3F40038B5437A8B421BD90369002253F82140B4
:10A4040043F82120A4B12378012B01D8204638BD7C
:10A41400FFF740FF054628B14FF48072211D043038
:10A4240000F0E4FF2378013B23702C46204638BD1E
:10A434000024204638BD00BF00220449C0E90022A0
:10A44400028102740A680860C2607047BC2200205E
:10A45400037CFBB903680146FBB14368EBB1427A64
:10A464005B7A9A421CD230B472B62B4B1C68ECB1A6
:10A47400E368C3B1486801E0DB68A3B15A6882426B
:10A48400FAD193F809C04A7A9445F5D162B604200A
:10A4940030BC7047012062B67047032062B6704733
:10A4A400022062B670476469002CE1D11B4C23681A
:10A4B40043B1994202D10BE0994207D01A46DB68B6
:10A4C400002BF9D1052062B630BC704702F10C04B0
:10A4D4000D68E868E8B1C3681BB908E0DA683AB106
:10A4E400134681421846F9D162B60620D0E70346E6
:10A4F400D960CB68002023600123C860AA7A2B723C
:10A504001A44AA724A68947A13721C4494720B74A3
:10A51400D9E7E960EDE700BF48220020BC22002013
:10A5240010B5047C9DF808E00CB1012010BD027246
:10A5340080F809E0C0E90013BDE81040FFF788BFC8
:10A5440038B5037C002B36D043680446427A5B7AE4
:10A554009A4238D272B60168CB68002B2DD098424B
:10A5640033D01A46DB689C422AD0002BF9D16268AA
:10A57400607A136953F8200048B1FFF7E1FE72B620
:10A5840062680025607A1369216843F820508B7A49
:10A59400013BDBB28B7203B90B72937A013BDBB2E2
:10A5A400937203B913720A4B00201A6820741C605A
:10A5B400E26062B638BD012038BD62B6032038BD02
:10A5C400E368D360D3E7022038BDC368CB60CEE72D
:10A5D400BC22002010B50446FFF7B2FF094A1368F5
:10A5E40043B19C4202D108E09C4205D01A46DB6884
:10A5F400002BF9D1204610BD0C32E36820461360CD
:10A6040010BD00BFBC2200200C4B1A789AB90C4A2A
:10A614000C4910B4C2F858110B48D02401224FF051
:10A62400E02180F8464040241046C1F808415DF816
:10A63400044B1A7070470020704700BF36EF0020AB
:10A64400001C0020A184000000E400E070B472B695
:10A6540021B9036813B102790F2A45D9294C2188FD
:10A66400002341FA03F212F0010208D00133102B47
:10A67400F7D162B600220371026070BC70474FF0DC
:10A68400010C0CFA03FC41EA0C01218062B61E4D58
:10A694005FFA83FC1D4940F2824680F804C0EC6FE7
:10A6A400194483F0030344F0C0044901EC67A5F5A1
:10A6B4009F35174CA5F58075266084F81AC084F878
:10A6C4001EC084F818C084F81FC00160C1E90022CC
:10A6D400C1E90222C1E90422C1E906225A5D42F01D
:10A6E400C0025A5570BC7047064C218841FA02F5E5
:10A6F400ED07B5D5054D1544B3EB451FB0D162B692
:10A70400BBE700BF26EF002000C00F4080740002AA
:10A7140000800E4003790F2B11D8094A937672B644
:10A724000849012290F804C00B8802FA0CF223EACB
:10A7340002030B8062B6102200230271036070478B
:10A7440000800E4026EF0020704700BF704700BF16
:10A75400704700BF704700BF70B51A4C1A4D23688C
:10A76400AB4202D0194AD16829BBA369AB4202D0DB
:10A77400164AD169C9B9236BAB4202D0134AD16AD4
:10A7840069B9A36CAB4209D0104AD16B31B1012134
:10A794001B680F48D163BDE87040184770BD0121A4
:10A7A4001B680C48D1629847EBE701211B680A48F3
:10A7B400D1619847DFE701211B6804F10800D160EB
:10A7C4009847D2E7C01E00208409002000410840B9
:10A7D400101F0020F81E0020E01E002038B5064C93
:10A7E400A4F1600554F8083C2046183CDB689847FF
:10A7F400AC42F7D138BD00BF101F002003682DE91B
:10A80400F041044688B01746002B4BD000229A60D2
:10A814000122DA60304D04A8DFF8E0801D4451F8CD
:10A82400083B2D1102935B6805EB45069847F6003B
:10A8340006F1080058F806304044DB680190984758
:10A84400264A04A9DDE90103029248F806309B6810
:10A854009847029B04A8DB68984723680322204892
:10A864001F609A601F4A23791F4C535513785178FF
:10A87400C0F828428B4228BF0B469178D2788B428D
:10A8840028BF0B46934228BF1346184C4FF0E022D2
:10A894004FF08061012084F87A30C2F80C1108B0BE
:10A8A400BDE8F081124AD36E43F44053D3660122CB
:10A8B400104B1A60104A1346026040329868002810
:10A8C400A8D0103393422360F8D1002318462360A4
:10A8D40008B0BDE8F08100BF00BFF7BF84090020C5
:10A8E400001C0020B8120020C989000000E400E028
:10A8F40000C00F400040084000410840C01E002036
:10A90400F8B5036843B3154C0746154E1C4424118F
:10A9140004EB4405ED00735905F10800DB6830448D
:10A924009847104B0021012273513B689960DA600B
:10A93400FF230D4A1355137850789478834228BF27
:10A944000346D078094AA34228BF2346834228BF3E
:10A95400034682F87A303960F8BD00BF00BFF7BF04
:10A96400C01E002084090020B812002000E400E08A
:10A9740010B4064B0020064C064A1C609C611C6304
:10A984009C6405495DF8044B02F0D6BDC01E00204E
:10A9940084090020C41200204D8A0000084602F0F9
:10A9A40085BC00BF012A70B508BF0A228AB091B3E2
:10A9B4004FF0210E01E05FFA86FE0EF1FF36B1FB87
:10A9C400F2F502FB15145FFA84FC092C0CF1370430
:10A9D4000CF1300C98BF5FFA8CF40EF1280C88BF90
:10A9E400E4B29142EC4429460CF8244CE3D24BB136
:10A9F4000EF1FF3E2D225FFA8EFE0EF128036B440A
:10AA040003F8242C036801A9CEF122025B68714487
:10AA140098470AB070BD30224FF0210E8DF82520E2
:10AA2400E5E700BF002903DB00230A22FFF7BABFD2
:10AA340049422D230A22FFF7B5BF00BF00B50368C2
:10AA440083B040F60D2C022201A95B68ADF804C066
:10AA5400984703B05DF804FB054B022888BF034602
:10AA640010B41C68184663685DF8044B184700BFAF
:10AA7400A81200200EB400B582B003AA52F8041B39
:10AA8400019204F05DFB02B05DF804EB03B0704783
:10AA9400B4EE400B70B5F1EE10FA05462DED028BC5
:10AAA40086B07CD6B0EEC07B9FED476BB4EE467BA0
:10AAB400F1EE10FA6BDC9FED467BB4EEC70BF1EEC2
:10AAC40010FA5ADC9FED447BB4EEC70BF1EE10FA9A
:10AAD40053D4B5EEC00B0C46F1EE10FA5BD4002350
:10AAE400B6EE007B002C5ED04FF0000C9FED3C6B6B
:10AAF4000CF1010C27EE067B5FFA8CF2A242F7D32D
:10AB040030EE070B0A222846FCEEC07BB8EE678BBA
:10AB140017EE901A30EE488BFFF744FF0F2C4FF0DE
:10AB24002E03B2EE046B064628BF0F248DF80830BE
:10AB34000DF1090302AA611E53FA81F128EE060BF6
:10AB4400FCEEC07BCDED017A9DF8043007EE903A1F
:10AB54003033B8EEE78B02F8013F914230EE488B78
:10AB6400ECD12B68013402A928465B68E2B298470D
:10AB7400304606B0BDEC028B70BD2B6803221A4927
:10AB84005B6806B0BDEC028BBDE8704018470368F3
:10AB940003221649F4E7B1EE400B0123A0E7036852
:10ABA40003221349ECE730EE070B0A222846FCEE99
:10ABB400C07B17EE901A06B0BDEC028BBDE8704066
:10ABC400FFF7F0BEAFF30080FFFFFFFFFFFFEF7F53
:10ABD400000000E0FFFFEF41000000E0FFFFEFC1D5
:10ABE4009A9999999999B93F800900207C09002084
:10ABF4007809002008B1014B1860704740220020FA
:10AC0400884200DB704730B4124C091A2368EBB158
:10AC1400114A124D82FB032CDA179C44C2EB2C42DE
:10AC240044F2A71C05FB12330D4D05FB02F20CFB8D
:10AC34000322002A0CDA6FF0004313442360B3FBB1
:10AC4400F1F201FB123330BC18447047054BF5E7B1
:10AC54001346F3E7402200205F0B4E831DF30100EF
:10AC6400ECF4FFFF42CE0C1F1C2849D8F8B5254F41
:10AC740004463B78E3B9244B1B5DFF2B29D0234AC0
:10AC840002EB041291680A6802F44050B0F5805F48
:10AC940030D01C061FD41E4C2360236AD80704D46A
:10ACA40002F098FB236AD907FAD5194B586AF8BD04
:10ACB400174D184E01E002F08DFBAB6C1B06FAD465
:10ACC400B36C13F08003F6D13B700F4B1B5DFF2B6D
:10ACD400D5D10020F8BD0F4C03F07F032360236A15
:10ACE400DA0704D402F076FB236ADB07FAD5094BB2
:10ACF400586AF8BD22F480521C060A60EBD4CAE7F5
:10AD0400002070473DEF0020D00F0020440D0020AC
:10AD140000400C4000800C40082830B422D00A289F
:10AD24000CBF4FF405714FF44671104C104D636C19
:10AD3400626C2B400F4802F003021A43636C03F069
:10AD4400E00313430B436364436C426C2B4002F0F7
:10AD540003021A43436C03F0E0031343194330BC6A
:10AD6400416470474FF44071DFE700BF00400C407E
:10AD740000FCFFFF00800C4010B41F4C1F281F492B
:10AD8400A36C23F02003A364626C8B6C22F4404216
:10AD940023F020038B644B6C23F4404312D942F418
:10ADA400404243F4404362644B641349134A8B6C3E
:10ADB4005DF8044B43F020038B64936C43F0200351
:10ADC400936470470F2808D942F4004243F40043C7
:10ADD40009480A4942644B64E7E7072804D942F466
:10ADE400804243F48043F3E7032862644B64DCD875
:10ADF4005DF8044B704700BF00400C4000800C40DD
:10AE0400A249A34B88422DE9F047A24C5E699A6996
:10AE1400D4F80C801BD9A04B984240F20281C31A8B
:10AE24009E491B0AA1FB031340F22761DB0903EBD4
:10AE3400830303EB830303F2E2438B4228BF0B46F5
:10AE4400A3F54877964BA3FB0737FF0804E0954F1B
:10AE5400B8428CBF0E2706278D4908F01F09D1F888
:10AE64008030B94543F0C003C1F880300CD228F0DB
:10AE74001F08A1F5F82148EA0708C1F80C800B68FF
:10AE8400002BFCDA08F01F0916F0007324D1864960
:10AE94000C698649A14300F0EA8082F4805134466B
:10AEA4004FF4805514F0605F04D026F060561E43C2
:10AEB400774B5E6111F4405F07D022F4405274492D
:10AEC4002A438A618B6C1A07FCD446F00076704AD8
:10AED4005661936C9B06FCD4754CA04200F2CE8064
:10AEE4004FF0010C0146634603FB011203F1010E0E
:10AEF4000CF10105A24218D8BEF1080F4FF001036E
:10AF040040F08D80BCF1040F00F291800A18A24237
:10AF140000F2A48005FB00F1AC4603F1010E03FB33
:10AF240001120CF10105A242E6D90CF1FF318C02A9
:10AF340086EA81215F4810445F4A90427FD9DFF856
:10AF4400A4A16C225D48584DB0FBFEF0D5F800E09A
:10AF5400B0FBFCF0DFF890C10EEA0C0CD44509D02C
:10AF640042F400524FF4805CC5F800C02A602A689D
:10AF7400002AFCDA464A156905F007059D4203D00C
:10AF84001361936CDD03FCD411F4E05F09D026F463
:10AF9400E05604F4E0543E4A26435661936C990704
:10AFA400FCD44749474A014491423CD8464BC9091D
:10AFB400A3FB0131090B4B1E1B0286EA030212F4A8
:10AFC400407F06D026F4407603F44073304A33437E
:10AFD40053612F4A536923F000735361936C9B06AA
:10AFE400FCD43A4B4F45A3FB00234FF0FF324FEA0A
:10AFF4009343B0FBF1F1B2FBF3F3354A1060354AE9
:10B004001160354A136008D228F01F08214A48EA23
:10B014000707D7601368002BFCDABDE8F087734696
:10B0240062E7122718E74FF440730421C5E70CF1D7
:10B03400FF31204807238C02104486EA8121274AE5
:10B04400DFF8A8A0A2FB0020020D2548362A38BF4D
:10B05400362202FB00F042EA0A0A74E74FEA8C2423
:10B06400002386EA8C214FF0010EAC4662E71D46B0
:10B0740086F0C05411464FF0C05313E700244FF03C
:10B08400010C024631462346E64653E700A4781FE6
:10B0940000C00F40000008400046C32323B24C0008
:10B0A4001F85EB5100366E0100800D40403000805A
:10B0B400FFB19F26808D5B00FF7EF64D00643F4DFF
:10B0C4007FD1F0087F17B42C9F10E50083DE1B436B
:10B0D400A4120020A012002044290020819F5E16A3
:10B0E400001BB7006C2000807F30018000200080AE
:10B0F40000B970472DE9F84F01218146214C224DBA
:10B10400224E54E8003F2A68306844E80013002BBC
:10B11400F7D11F494B684FF47A7BDFF878A01B1AEC
:10B1240001270BFB02F8DAF80020A3FB02325A4590
:10B1340094BF9044D84454E8003F2A68306844E8F7
:10B144000073002BF7D14B68DAF800C01B1A0BFB15
:10B1540002F2A3FB0C3CBCF57A7F94BF624402F577
:10B164007A72A2EB0802B2F57A7F06D3B9F101092B
:10B1740008F57A78DFD1BDE8F88F02F02BF904499D
:10B18400D9E700BF58290020542900205029002065
:10B19400001000E04429002030B40F4B4FF0010CA4
:10B1A4000E4D0F4C53E8002F2868216843E800C275
:10B1B400002AF7D10B4B5B680B4A5B1A4FF47A7188
:10B1C400126801FB00F0A3FB023230BC8A4294BF38
:10B1D40080184018704700BF5829002054290020C7
:10B1E40050290020001000E044290020272816D808
:10B1F4000201104B03EB00109B5810B4C2685C684A
:10B20400144205D061B95DF8044BC3F88820704737
:10B21400836851B1084A5DF8044B1A60704770475F
:10B224005DF8044BC3F884207047044A5DF8044B6E
:10B234001A607047440D002038F0010038300100D6
:10B2440027280BD8064B020103EB00109A58C36859
:10B2540092681A4214BF01200020704700207047F2
:10B26400440D0020272829D8164B0201012903EB9D
:10B2740000109A5810B45368C4680ED004290CD036
:10B2840023EA040353608368A9B1022917D0032970
:10B294000CBF0D4A0D4A1A6007E02343012953608D
:10B2A400836808D040F638021A60436815225DF8B6
:10B2B400044B1A60704738221A60F6E77047044A54
:10B2C4001A60F2E7440D0020383001003800010014
:10B2D40038F00100704700BF272858D80001F0B4A7
:10B2E400344C354D2358AB4256D049D8B3F1844F32
:10B2F4004BD0A5F58045AB4240D1304D2044304E73
:10B30400304CC4F8B462D0E901C4C0684FF0E02600
:10B314004FF00057042AC6F810712FD85E6926EA48
:10B3240000065E614FF00506CCF80060266846F41E
:10B33400803626605C6824EA00045C60224C54F881
:10B34400224090FAA0F2B2FA82F245F822106FEA93
:10B3540000011DD0DD690F2A01EA0501D9611DDC58
:10B3640052000325D968944005FA02F221EA020248
:10B374002243DA6098615A6902435A61F0BC70470B
:10B38400124DAB42FAD1124DB8E7124DB6E77047F1
:10B39400DA690243DA61EDE70F4DAFE7103A0325AE
:10B3A40019695200944005FA02F221EA020222438A
:10B3B4001A61DFE7440D002000800042E8180020F5
:10B3C40021000000001C00202009002000C00042D1
:10B3D400E8190020681800206819002008B5FDF756
:10B3E40043FBFDF707FE01F0F5FFFAE7844641EA67
:10B3F400000313F003036DD1403A41D351F8043BE9
:10B4040040F8043B51F8043B40F8043B51F8043B3A
:10B4140040F8043B51F8043B40F8043B51F8043B2A
:10B4240040F8043B51F8043B40F8043B51F8043B1A
:10B4340040F8043B51F8043B40F8043B51F8043B0A
:10B4440040F8043B51F8043B40F8043B51F8043BFA
:10B4540040F8043B51F8043B40F8043B51F8043BEA
:10B4640040F8043B51F8043B40F8043B51F8043BDA
:10B4740040F8043B51F8043B40F8043B403ABDD249
:10B48400303211D351F8043B40F8043B51F8043BEB
:10B4940040F8043B51F8043B40F8043B51F8043BAA
:10B4A40040F8043B103AEDD20C3205D351F8043B7A
:10B4B40040F8043B043AF9D2043208D0D2071CBF46
:10B4C40011F8013B00F8013B01D30B88038060466F
:10B4D400704700BF082A13D38B078DD010F00303E5
:10B4E4008AD0C3F10403D21ADB071CBF11F8013B55
:10B4F40000F8013B80D331F8023B20F8023B7BE7A4
:10B50400043AD9D3013A11F8013B00F8013BF9D2CE
:10B514000B7803704B7843708B7883706046704768
:10B5240003F078B801F1FF3C70B56646002400E0F2
:10B534000134B0FBF2F502FB1503092B03F1370EBE
:10B5440003F130035FFA8EFE98BF5FFA83FE9042E8
:10B55400284606F801EFEBD2631C0022C818CA542F
:10B564007CB162461CF8015F10F8016DA1EB0C037D
:10B5740002328CF80060013B521A057023449A424F
:10B58400EFDB084670BD00BF4FF0010C0CFA01FC64
:10B5940001EB410100EB411170B5B1F80EE01FFA67
:10B5A4008CF5254C1FFA8EFE24782E010EFB0333F6
:10B5B40006F0F006E340B0F888417345A4B228BF12
:10B5C40073463443012AA0F888410DD0022A28D0BA
:10B5D400C2B10CF00F02B0F888C11FFA8CFC4CEA1F
:10B5E400020CA0F888C170BD9BB20CF00F022D02B2
:10B5F400CB82B0F8803105F470659BB22B43A0F880
:10B604008031E8E7AEEB030E0CF00F021FFA8EFE5A
:10B61400A1F80AE0B0F880319BB21343A0F880315E
:10B62400D9E79BB20CF00F02CB83B0F880319BB208
:10B634001E43A0F88061CEE70C1B002027284BD8BE
:10B64400F8B52A4D044615F8202005EB8005012A9B
:10B654002DD0022A3FD16B78C3F3011003283ED0CA
:10B66400234A02EB803203F0030C224889B263467A
:10B6740002EB4C1C0678BCF806E05801BCF810300C
:10B684001FFA8EFECEF1011E1EFA83F303F1FF3E74
:10B694000EFB01F1F1408E4523D95B1AC3F101037E
:10B6A4009BB289B20244ACF8063011820DE06A788C
:10B6B400C2F30113032B10D00F4800EB83308BB27D
:10B6C40002F00301AA78FFF75FFF0C4BEA7803EB63
:10B6D40004135B681A60F8BD70470948EFE7094A2C
:10B6E400C1E7991E4FF6FF73DBE700BFEC0F0020A4
:10B6F40000C01D400C1B002000C03D40440D002034
:10B7040000803E4000801E4000230F2248F2B82CE7
:10B71400194610B54FF470444FF4806EA0F88C4174
:10B724004FF46044A0F88E210A46A0F89031B0F896
:10B7340088319BB243F0F003A0F8883101EB410358
:10B74400013100EB431304299C80A3F806E05A84DA
:10B754001A865A805A81A3F80EC05A82DA825A8312
:10B76400DA83EBD1B0F888319BB243F00F03A0F831
:10B774008831B0F888319BB243F47063A0F8883103
:10B7840010BD00BF374B384A996F384841F47F01E8
:10B7940070B5996741F20106D3F8801045F6C0559B
:10B7A40043F226040A43C3F88020FFF7ADFF00F5F7
:10B7B4008040FFF7A9FF00F58040FFF7A5FF00F5E3
:10B7C4008040FFF7A1FF0022A0F503104FF00F0EF9
:10B7D400114600EB42134FEA421C01329981042ABC
:10B7E4005981A3F80EE09E82DD8020F80C101982A6
:10B7F4009C81EED100221E484FF00F0E41F201064B
:10B80400114645F6C05543F2260400EB42134FEAB5
:10B81400421C01329981042A5981A3F80EE09E82C8
:10B82400DD8020F80C1019829C81EED10022114891
:10B834000F2641F20105114645F6C05443F2260E87
:10B8440000EB42134FEA421C01329981042A5981C8
:10B85400DE819D82DC8020F80C101982A3F80CE0B4
:10B86400EED170BD00C00F40000003FC00C03D409D
:10B8740000001E4000401E4010280346044A28BF12
:10B8840010231078012B38BF01231370704700BFB9
:10B894000C1B002072B6EFF30583524CC4F88430BD
:10B8A4001EF0040F0CBFEFF30882EFF309824FF090
:10B8B400E0234D4E4D4DD3F8280DD3F82C1DC4E98B
:10B8C4002201D3F8341DD3F8383DC4E92413936915
:10B8D400C4F89830D369C4F89C3000F0D3F884EDF0
:10B8E400280A01F017FE0B214FF0FF32C4F8A40020
:10B8F4000B46C4F880103E49301D5A40202402F003
:10B904000103013C01FB03F383EA5202F7D1A8428D
:10B9140002D073680646EFE7324BC3F8A820BFF3A2
:10B924004F8F4FF0E0233049324AC3F8701FC3F8F9
:10B93400702FBFF34F8FBFF36F8F2F4A02252F480D
:10B94400D36E2F4943F44053D3660560D3692D4821
:10B9540023F07F0343F04003D3610B6883423DD857
:10B96400264D00214FF0E0234FF0FF3229600126DD
:10B97400C5F808112449C5F80011C5F80861C3F8D1
:10B984008021C3F88421C3F88821C3F88C21C3F82B
:10B99400902101E000F084F9D5F80C31002BF9D0A6
:10B9A4000134C5F80C614F2CF4D9184B0220184906
:10B9B4004FF00042C1F840015A63D5F80C313BB94D
:10B9C400144815490D4A0163D2F80C31002BFAD002
:10B9D4004FF0E023114AC3F80C2DFEE7FFF710FAED
:10B9E400BEE700BF00FF272080FF2720A8FF2720F5
:10B9F4002083B8EDA0FF272000C00F40004008407E
:10BA0400A4120020803DCD0B009F240000900D4027
:10BA140000002E4000800F40F100AD0B0400FA0539
:10BA24000A490A6838B108B513180948834204D88A
:10BA340010460B6008BD1046704703F019FD0C2337
:10BA44004FF0FF320360104608BD00BFC012002053
:10BA540000002820002070474FF0FF30704700BFDF
:10BA64004FF4005300204B60704700BF0120704723
:10BA74004FF0FF30704700BF30BFFDE730BFFDE738
:10BA8400FFF708BF124AD2F880305B07FBD5D2F823
:10BA940080301048C3F30B230F4990ED007A07EE72
:10BAA400903A91ED006AB8EE477A0C4AF8EEE77ADC
:10BAB4000B4BD2ED006A77EEC77A93ED007AB8EEBD
:10BAC400477A67EE867A87EEA60A37EE400A704711
:10BAD40000810D40342900203C2900204029002009
:10BAE40038290020836BF0B41BB1536843F400433E
:10BAF400536072B6446B3CB31A4B2260D3F8B04126
:10BB04000C421DD1184E776804E07468E41BB4F548
:10BB1400166F0BD2D3F8404144F48044C3F840413B
:10BB2400D3F8B851D3F840416404EED50D4007D1A1
:10BB34000C4CC0E90225D4F8B0310B43C4F8B03141
:10BB4400426362B6F0BC7047064DC0E90224D5F8E2
:10BB5400B0310B43C5F8B0310263426362B6F0BC46
:10BB6400704700BF00002E40001000E070B5056B68
:10BB74009DB106462A46002403E012680134012AD6
:10BB84000CD0536813F08003F7D032632CB12846ED
:10BB9400B36B2D689847013CF9D170BDC6E90C33ED
:10BBA400F4E700BF30B4D9B91F4C204B0021204A20
:10BBB40001254FF0011099601D60C4E90231802411
:10BBC4005C60C2F8BC01D2F8B0311A482B43C2F809
:10BBD400B0310160D2F8B031002BFBD130BC7047DA
:10BBE4000904154B104C012541F080019860104A5E
:10BBF400596000F580511D60D96000F50051A364BF
:10BC0400196100F5405100F58040596100219861A7
:10BC1400E164D2F8B03143F48033C2F8B031D2F8E1
:10BC2400B031002BFBD1C0E700000020201F002012
:10BC340000002E406C270020401F002010B472B674
:10BC44000A4C01220A49237802FA00F018432070B2
:10BC5400D1F848311A0605D480221343C1F844218F
:10BC6400C1F8483162B65DF8044B70475BEF0020C1
:10BC740000002E40084901220B7802FA00F023EA62
:10BC84000000087030B9054AD2F8483123F0800327
:10BC9400C2F84831704700BF5BEF002000002E401F
:10BCA4002DE9F04F9C4C83B0D4F84461F107C4F8FB
:10BCB40044616AD5D4F8AC31002B61D0DFF88482BA
:10BCC400964DDFF878B208F5805ADFF87C92944FED
:10BCD400C4F8AC31D5E90A20D4F8403143F4005318
:10BCE400C4F84031D4F840319B04F5D5D4F8403140
:10BCF40023F40053C4F840314FF00113C4F8B431B5
:10BD0400D4F8B43113F00113FAD191B240F2816C3A
:10BD1400CBF80030614500F2D980B1F5D06F80F0E6
:10BD24006181B1F5817F00F08F8140F2AB8040F2F8
:10BD3400023C614500F0B281B1F5A06F40F0C180D2
:10BD44007849EB648B600123A9640B6080234B600A
:10BD54004FF00113C4F8BC31D4F8B03143F480334C
:10BD6400C4F8B031D4F8B031002BFBD1130C5B060E
:10BD740043F08073C4F85431D4F8AC31002BA7D10C
:10BD8400654AD2F8BC31002B4AD1720616D5624BF3
:10BD9400D3F8AC21C3F8AC21D3F8BC21C3F8BC213F
:10BDA400D3F8B041002CFBD14FF0FF32C3F8B421DB
:10BDB400D3F8843101F012F95B4B1C60F40103D514
:10BDC4005A4B1B6803B19847B00103D5584B1B6805
:10BDD40003B19847710708D54F4BD3F8843113F456
:10BDE40000731AD0534B01221A704B4BD3F84831CD
:10BDF4001A060FD533060DD54F4A13782BB1013BE4
:10BE0400DBB21370002B00F0428203B0BDE8F04FA8
:10BE140000F0AABC03B0BDE8F08F464A1370E4E713
:10BE24004649C2F8BC310868034240F061813E4A89
:10BE340014681C40A9D05FEA144810D0374D4FF065
:10BE4400010998FAA8F7B7FA87F705EBC71009FABA
:10BE540007F74030FFF78AFE38EA0708F1D1A4B2A9
:10BE6400002C92D02D4D4FF0010894FAA4F7B7FAA4
:10BE740087F705EBC71008FA07F7FFF777FEBC430F
:10BE8400F3D182E7802900F0A780822919D183B2F7
:10BE940010F0780015D103F07F0257F82210284AD9
:10BEA4001080180600F1C081CB0701D5012313705F
:10BEB40002212348FFF776FE5EE7010C072900F014
:10BEC40045814FF00113C4F8C03155E742F2210C0B
:10BED4006145F2D03AD942F22123994268D042F224
:10BEE40021339942EDD10F4B00229A60EA6401227A
:10BEF400AB641A6080225A604FF00113C4F8BC315D
:10BF0400D4F8B03143F48033C4F8B031D4F8B0314C
:10BF1400002BFBD130E700BF00002E4000000020C2
:10BF2400C0012E40201F0020702700200CEF0020AD
:10BF340010EF00206BEF002071EF00206C27002031
:10BF4400D828002064270020401F0020B1F5086F86
:10BF54003AD0B1F5106FB4D1B548C2F307424FF0EF
:10BF6400C81100930270B34AC4F8C821C4F8CC11B4
:10BF7400C4F8D01101F034F800F08CFBAE4A012172
:10BF8400009BAA6411608021936051604FF00112FC
:10BF9400EB64C4F8BC21D4F8B02142F48032C4F874
:10BFA400B021CBF80030D4F8B031002BFBD1E3E65C
:10BFB40080B2002897D1A14BC2F307421968A04B65
:10BFC4001960A04B1A708EE7994B01219E481B788B
:10BFD4000370FFF7E7FDCFE69B4802210380FFF7DC
:10BFE400E1FDC9E6994B596800293FF46AAF4FEA6D
:10BFF400124E82B204E019690C3300293FF461AF98
:10C00400B3F800C0F445F6D1B3F802C09445F2D1B8
:10C014004FEA1E22032A00F0D8801A89000C8242BB
:10C0240028BF0246BEF5007F40F0D480884B894982
:10C034001878894B0092002818BF19468748FFF7E3
:10C04400D5F9864B009ADAE010F0780F83B27FF4CA
:10C0540038AF03F07F0213F0800F57F8223014BF7B
:10C0640023F4803323F0010347F822300022724B7B
:10C07400EA649A600122AB641A6080225A604FF02D
:10C084000113C4F8BC31D4F8B03143F48033C4F89C
:10C09400B031D4F8B031002BFBD16DE610F0780F3D
:10C0A40083B27FF40EAF03F07F0213F0800F57F8D2
:10C0B400223014BF43F4803343F0010347F82230A5
:10C0C40000225D4BEA649A600122AB641A6080220C
:10C0D4005A604FF00113C4F8BC31D4F8B03143F4C2
:10C0E4008033C4F8B031D4F8B031002BFBD143E62F
:10C0F400002008605A490C88486842F221018C42A9
:10C104007FF495AE80B200287FF491AE5549564C29
:10C1140003C9A18086284FEA11412060A1717FF4F0
:10C1240086AE72B65148017841F008010170D2F828
:10C1340048110D0605D480200143C2F84401C2F819
:10C14400481162B64A4A5021117070E6EB6001232F
:10C154004349C9F80030474B0A60C9F80430464BDC
:10C164004860C9F81030C5F80890C9E9028AD4F8C3
:10C17400B02142F00102C4F8B02103F5805203F566
:10C184000053C9F81420C9F81830D4F8B031002B82
:10C19400FBD1294AEB6493600123AA64136048F23B
:10C1A400800353604FF00113C4F8BC31D4F8B031AC
:10C1B40043F48033C4F8B0314FF48033CBF800300B
:10C1C400D4F8B031002BFBD1D6E5000C0A788242BA
:10C1D40028BF0246BEF5E06F50D11D4B1D4893F8B1
:10C1E40000C01D491D4BBCF1000F18BF0146009251
:10C1F4001846FFF7FBF8072103464170009A23F025
:10C204001F011344BFF34F8F4FF0E020C0F8701F9D
:10C2140020318B42FAD8BFF34F8FBFF36F8F0F4893
:10C224001146FFF7BFFCA7E5C9033FF53FAE3FE664
:10C234006AEF00200200CC00201F002054290020B7
:10C2440094ED002069EF0020D8280020F41000208D
:10C254006BEF0020581C0060F01C006080AA2020B6
:10C2640020220020642700208CED00205BEF0020BA
:10C2740071EF00208000070064470020064B184639
:10C28400CDE90023FFF7B2F8DDE90023B7E7032087
:10C29400FFF7F0FC08F070FB80AA20202DE9F0479E
:10C2A4001F46831E022B01D9BDE8F087DFF84C90AE
:10C2B40015460C463C2209EBC01806464FEAC01A44
:10C2C400002108F10400240402F0E8FFB5FA85F225
:10C2D4000123520944EA427449F80A40C8F8387004
:10C2E400C8F80830002FDFD0034AB34011680B436D
:10C2F4001360BDE8F08700BF702700200000002015
:10C304002DE9F0470D46811E022901D9BDE8F087C9
:10C31400C701DFF84C909246044640373C22002186
:10C324001E4609EB07082D0408F1040002F0B6FFCD
:10C33400BAFA8AF2520945EA427249F80720012200
:10C34400C8F83860C8F80820002EDFD0034B10343A
:10C354001968A2400A431A60BDE8F08770270020DC
:10C364000000002012048160C36101F5405342F0D3
:10C37400800210B40124426001F50052046001F50A
:10C38400805401F58041C46081615DF8044BC0E9CB
:10C3940004237047831E0A46022B00D97047064BBC
:10C3A40000F110014FF0010C03EBC0100CFA01F185
:10C3B4004030FFF797BB00BF00000020831E0A46F1
:10C3C400022B00D970470121024B814003EBC010BE
:10C3D400FFF788BB0000002040687047124A134BE7
:10C3E400D2F8200220F07F40984210B584B002D2E7
:10C3F40000EB800040000E4C01A90A22FFF792F8DE
:10C4040001A90023204611F8012B01333AB10A2B6C
:10C4140020F8022FF7D11623237004B010BD5B005F
:10C42400DBB2237004B010BD00441F408096980016
:10C43400F41A002000F0F2BE00F0C2BE00F026BFE5
:10C4440000F0E0BE00F07CBF00F052BF0846114689
:10C4540000F042BF38B50C4B04460C4D1B682988CC
:10C4640043B1B1F5917F09D24B1C9BB2084A2B8092
:10C47400545438BDB1F5917FF6D338BD0022044839
:10C48400984700210123F1E7D4ED002034EF002088
:10C49400E8ED0020F8B5144C4FF0E025134E4FF4AE
:10C4A400003204EB4024124F06EB40160346C5F855
:10C4B4008C2121463A883046FFF754FF3B882344B9
:10C4C400BFF34F8FC5F85C4F2034A342FAD8BFF3B3
:10C4D4004F8FBFF36F8F04203146FFF76FFF4FF488
:10C4E4000033C5F80C31F8BD20AB2020601F0020BC
:10C4F40028EF002042684FF6FC71114BC2F30E4244
:10C50400C0691B889B1A0B4017D00E4930B40E4CDF
:10C514000E4D227821F810300021013225F8101038
:10C52400062A94BFD1B20A46217009490C682344F3
:10C534000B60084B985430BC7047FFF7ABBF00BF8B
:10C5440028EF0020E828002057EF002004290020CD
:10C55400E0280020202900202DE9F04F0123DFF8F6
:10C5640028A1DFF828B183B0414E9AF80020414D4C
:10C57400414F8BF8003005EB42153388D7F8008023
:10C58400CDE90002002B6DD13C4CDFF80491284624
:10C59400FFF722FF10F080005DD03B68A3EB080397
:10C5A400282B04D90123237003B0BDE8F08F23782E
:10C5B400002BF9D199F80030002BF5D000F00AFFD8
:10C5C4003388002BE3D02E4A9AF800101288D01A30
:10C5D400043B2C4C9BB22044338000EB4120009E52
:10C5E4004902C0F8006C93BB04F5406428460C442F
:10C5F4002146FFF7B7FEBFF34F8F04F1200204F585
:10C604000073934234BF012310234FF0E02204EB64
:10C614004313C2F8704F20349C42FAD1BFF34F8FBA
:10C62400BFF36F8F04202946FFF7B4FE019B02205D
:10C634000133032B94BFDBB200238AF80030FFF7E9
:10C6440019FB00238BF8003003B0BDE8F08F022003
:10C65400FFF7F4FAF5E70A4B9AF800101A882070ED
:10C664001346B5E7064A01991288D01AB0E700BF0D
:10C674002CEF002020210020542900205CEF002012
:10C6840030EF002020AB202065EF002067EF002072
:10C694006AEF0020214B70B51B78002B3BD04FF480
:10C6A40000731E461E4980221E4D00240B8000216B
:10C6B4001D482B8002F0F2FD1C4A21461C4B1470CD
:10C6C400C0221C481C8002F0E9FD1B4A31461B4B6A
:10C6D400042094609C60C2E90044194AC3E9004400
:10C6E4001470184B184A1C70184B14602246FFF73C
:10C6F400D5FD2346224629880420FFF701FE204663
:10C704000134FFF7C7FE062CF9D100231049114A62
:10C714000B70137070BD40231E46C3E76BEF0020FF
:10C7240028EF002030EF00202021002065EF0020BA
:10C734002CEF0020601F0020E8280020042900209E
:10C7440057EF002059EF0020E028002065A70000E3
:10C754005CEF002067EF0020024B1B780BB1FFF762
:10C76400FBBE70476AEF00202DE9F843214B1D788A
:10C7740015B9214E33880BB9BDE8F883DFF88880FA
:10C784001E4A98F800701E4C02EB47191D4A04EB30
:10C794004724128848462146D21A2B46FFF7E2FD69
:10C7A400BFF34F8F04F1200204F50073934234BFAA
:10C7B400012310234FF0E02204EB4313C2F8704F1F
:10C7C40020349C42FAD1BFF34F8FBFF36F8F0137F0
:10C7D40049460420FFF7DEFD032F4FF000034FF01E
:10C7E400020098BFFDB2338088F80050BDE8F843DA
:10C7F400FFF740BA67EF00202CEF00202021002033
:10C8040020B7202030EF002065EF0020F8B54FF46A
:10C8140000324FF0E023204CC3F88C211F4B2278C8
:10C8240019788A422ED0D3B21D4A1E4F01331E49B5
:10C834001E4E072B28BF0023D05C37F8102001EBD5
:10C8440040218D580432316892B2043927F81020FF
:10C854003160174931F81010914207D94FF0E023A5
:10C864004FF400322846C3F80C21F8BDDBB2237024
:10C87400FFF710FE4FF0E0234FF400322846C3F8D0
:10C884000C21F8BD00254FF0E0234FF40032284678
:10C89400C3F80C21F8BD00BF59EF002057EF00206A
:10C8A400202900200429002020AB2020E02800209B
:10C8B400E8280020F8B50646FFF7A8FF90B1C0F3BA
:10C8C400031300F00F059C4A0446070A1370A5F1F0
:10C8D4000803062B08D807F00F030133002E45D0B8
:10C8E400B34243D00020F8BDAB1EF8B2012B19D9D6
:10C8F400F72818BFF02801D9052D13D0042D00F016
:10C9040085816B1F022B40F245810F2DEAD1F72858
:10C9140008D8F02803D0894B1B88002BE2D0FFF7FE
:10C9240099FDDFE7F1380E28DCD801A353F820F095
:10C9340015AD000027AD000045AD000055AB00006B
:10C9440055AB000053AD000055AB000061AD0000D5
:10C9540055AB00008DAC0000C3AC0000A7AC0000D8
:10C9640055AB0000DFAC0000FBAC0000082DC4F3A5
:10C97400033217D1082A15D171488021714A0768FA
:10C98400C4F30746DDB21170240E1FB131462846A8
:10C994002246B8476C4B01206C491D706C4B0E70DD
:10C9A4001C70F8BD092D14D1092A12D1220E654933
:10C9B40000F0B4809020C4F30746DDB20870D4B20E
:10C9C40064490F68002FE5D0224631462846B8470F
:10C9D400E0E70A2D05D10A2A03D15F48A021594A6C
:10C9E400CDE70B2D05D10B2A03D15C48B021554A64
:10C9F400C5E70C2D40F08A800C2A40F08780584A05
:10CA0400C02050491268C4F30746DDB20870240EF2
:10CA1400002ABFD0314628469047BBE7514B1B68DC
:10CA2400002B00F00A81C4F307469847454B240EB7
:10CA340000251F70AEE74C4B1B68002BF3D14B4B0A
:10CA44001B68002B00F0ED80FC20C4F307469847D8
:10CA5400ECE7474B1B68002BE5D1444B1B68002BCC
:10CA640000F0DF80FB20C4F307469847DEE7414B24
:10CA74001B68002BD7D13D4B1B68002B00F0D180E5
:10CA8400FE20C4F307469847D0E73B4B1B68002BB6
:10CA9400C9D1364BC4F307461B68002BC6D0FF2010
:10CAA4009847C3E7354BC4F307461B68002BBDD03A
:10CAB40030469847BAE7324B1A68002A00F0B18032
:10CAC400630CC4F30640260C03F47E53F6B21843F9
:10CAD4009047ABE72B4BC4F307461B68002BE7D109
:10CAE400A4E7294BC4F307461B68002B9DD19DE79F
:10CAF400264B1B68002B96D11C4B1B68002B00F0A7
:10CB04009080F820C4F3074698478FE70D2D62D133
:10CB14000D2A60D11E4AD0200A4973E78020DDB275
:10CB2400C4F30746087006490F68002F7CD03146CD
:10CB340028461446B8472DE76CEF002034EF002058
:10CB4400ACED002070EF00206DEF00206EEF0020B0
:10CB54006FEF0020B0ED0020E4ED0020A8ED0020F0
:10CB6400B8ED0020C8ED0020CCED0020BCED002085
:10CB7400A4ED002098ED0020D8ED0020DCED00208D
:10CB8400C0ED0020C4ED0020E0ED0020A0ED002069
:10CB94009CED0020FFF75EFC052D08D0C4F3074090
:10CBA400FFF758FC072D02D1200EFFF753FC2B4B47
:10CBB4002B4819882B4A0170080A2B4C107000204E
:10CBC4002A4A1880F023246813707CB30122284871
:10CBD400A0470120F8BD0E2D7FF484AE0E2A7FF409
:10CBE40081AE244AE02021491268087072B3610CB6
:10CBF400C4F30640DDB201F47E51260C240E014339
:10CC04002846F6B2A1F500519047C3E6FFF722FC8F
:10CC1400C4F30740FFF71EFC200EFFF71BFC0020A7
:10CC2400F8BDC4F3074601E73C46B3E6124B1B6864
:10CC34008BB10F4898470120F8BD104B1B68002B9F
:10CC4400EFD0FA20C4F307469847EFE6C4F307464B
:10CC5400DDB2240E9EE60120F8BD00BF34EF0020B3
:10CC64006EEF00206FEF0020D4ED002070EF002065
:10CC7400E8ED0020B4ED0020D0ED0020BCED002054
:10CC8400F8B5144C4FF0E025134E4FF4003204EB8A
:10CC94004024124F06EB40160346C5F88C2121466A
:10CCA4003A883046FFF75EFB3B882344BFF34F8F3F
:10CCB400C5F85C4F2034A342FAD8BFF34F8FBFF3BB
:10CCC4006F8F03203146FFF779FB4FF40033C5F82B
:10CCD4000C31F8BD20BF2020202000202AEF0020A6
:10CCE400244B2DE9F0411C884368C569C3F30E4306
:10CCF400E41A002C24DD204920480A780078D3B2B5
:10CD04001F4E82421F4807D010F8038036F818706F
:10CD1400C7F50072944218D90133002226F8154051
:10CD2400082B194E88BF134626F8152098BFDAB28F
:10CD3400C554164B0A701A6814441C60BDE8F0818F
:10CD44002846BDE8F041FFF79BBF07EB4820104998
:10CD540022462744084401EB4521FEF747FB0B4AD2
:10CD6400284626F8187013682344BDE8F041136080
:10CD7400FFF786BF2AEF002058EF00205AEF00206B
:10CD8400F42800202829002010290020E42800206D
:10CD940020BF20201D4B1A78002A36D102F0FF0351
:10CDA4001B4A12788AB32DE9F0411A4D2A8852B3EE
:10CDB400194EC2F50068194F3278194C07EB421727
:10CDC40004EBC224424638462146FFF7CBFA04EB73
:10CDD4000802BFF34F8F4FF0E023C3F8704F2034A5
:10CDE400A242FAD8BFF34F8FBFF36F8F03203946A7
:10CDF400FFF7D0FA33780133DBB2032B88BF00236B
:10CE0400337000232B80BDE8F081704768EF002069
:10CE14006AEF00202EEF002066EF0020A021002002
:10CE240020CF20202DE9F04F85B0CDE90110002955
:10CE340000F0BF800023604CDFF89881DFF898A1F0
:10CE44005E4F009301235E4A23705E4B1978B8F855
:10CE5400003002EB4119002B40F0A7801E461D460E
:10CE64009B464846FFF7B8FA10F0800000F08C802B
:10CE7400BFF34F8F9AF8003084F800B005B93E68CC
:10CE8400002B7DD13B689B1B782B00F287804E4B97
:10CE94001B78002B74D000F09DFA0122B8F8003002
:10CEA40015462270002BDCD0464AC3F50060117889
:10CEB4001A4600EBC120454DC9022844019D954204
:10CEC40017D20393DDE901512A46FEF78FFA039B3B
:10CED4004FF040425B1BA8F800303D4BC3F8842060
:10CEE400BFF34F8F009800232844237005B0BDE89A
:10CEF400F08F364BCD180299FEF778FA00234FF4E1
:10CF0400006229464846FFF72DFABFF34F8F05F11B
:10CF1400200205F50063934234BF012340234FF000
:10CF2400E02205EB4313C2F8705F2035AB42FAD11F
:10CF3400BFF34F8FBFF36F8F03204946FFF72AFAE1
:10CF4400204A13780133DBB2032B84BF00231D4A2C
:10CF54001370B8F80030019AD11A009A1A4401915A
:10CF64000092029A1A4400230292194AA8F8003047
:10CF7400C2F88430BFF34F8F237000297FF462AF6F
:10CF8400009805B0BDE8F08F4FF400620D4B8AF8AD
:10CF9400000019781346A8F800208AE701230098B6
:10CFA4008AF8003005B0BDE8F08F1A46C3F500607A
:10CFB4007FE70198E5E700BF68EF002054290020CF
:10CFC400A021002066EF00206AEF002020CF20205F
:10CFD40000002E402EEF00205DEF0020704700BFC0
:10CFE4002D4B002180222D4870B51B7800242C4D38
:10CFF4008B422C4E0CBF40234FF400732B803380A4
:10D0040002F04CF9284A2146284B14704FF48072E0
:10D0140027481C8002F042F9264A1021264B0220A0
:10D02400C2E90044C2E90244244AC3E9004414703A
:10D03400234AC3E90244234B1C702346146022464E
:10D04400FFF75EF92246318803201F4BFFF726F9CC
:10D054002346012229880320FFF752F92046013490
:10D06400FFF70EFE082CF9D1184B00214A2218486C
:10D07400184C0460C3F88410C3F88020D3F8482106
:10D08400154942F08072C3F8482121B1134A13783C
:10D0940043F00103137070BD6BEF0020A02100204A
:10D0A40032EF00202AEF002066EF00202EEF002050
:10D0B40020200020F42800201029002058EF002010
:10D0C400E42800205AEF002051AF000000002E4059
:10D0D4000CEF002005B000000000000072EF0020FB
:10D0E4002DE9F04F4FF0E0234FF40032DFF8C8A0F1
:10D0F40083B0C3F88C218B469AF8004000294FD0A6
:10D104008046E4B20027DFF8B490264BABEB07026D
:10D1140025491B78A34204F101043FD0092C234B79
:10D12400404628BF00241E5D39F816C00CEB462388
:10D1340019441F4B33F81650A5EB0C05AA421CD218
:10D144000CEB462C18491B4C61440192FEF74EF936
:10D15400216839F816505846019AA1EB0B012A446C
:10D16400394429F8162021604FF0E0234FF40032AF
:10D17400C3F80C2103B0BDE8F08F2A462F44FEF714
:10D1840035F90C49E3B230460A68A844521B0A60D8
:10D194008AF80030FFF774FDBB45B6D83846E3E79C
:10D1A4000846E1E758EF002020BF2020282900206E
:10D1B400F4280020E42800205AEF00201029002041
:10D1C4000B4B0C4A12781978D3B28A420DD0013332
:10D1D40009480A4A092B0A4928BF0023C35C31F8CD
:10D1E400131002EB4323585C70474FF0FF30704735
:10D1F40058EF00205AEF00202829002020BF2020CB
:10D2040010290020044B10B51C680CB1204610BD39
:10D2140000F0E0F8204610BDE42800202DE9F84F86
:10D22400144E154D33782A78934221D0DCB2DFF8BE
:10D234005090DFF850B0DFF85080104F0134082CC4
:10D244005FFA84FA01D90024A24619F80400DBF835
:10D25400003038F8102037F81010521A9B1ACBF807
:10D264000030FFF70DFD86F800A02B78A342E5D12E
:10D27400BDE8F88F5AEF002058EF00201029002055
:10D2840028290020E4280020F428002000B583B0D9
:10D2940001210DF10700FFF723FF20B19DF80700DE
:10D2A40003B05DF804FB4FF0FF30F9E7094B00B51C
:10D2B40083B01B788DF807003BB101210DF1070005
:10D2C400FFF7B0FD03B05DF804FB03F0FF0003B00B
:10D2D4005DF804FB6AEF0020044B1B7803F0FF02A7
:10D2E4000BB1FFF79FBD1046704700BF6AEF0020E7
:10D2F4002DE9F0410024DFF8448001230D4D274639
:10D304000D4E88F80030337828462035A34204F1C6
:10D31400010405D0FFF760F8030658BF07F500675E
:10D32400042CF0D1BFF34F8F0023384688F8003027
:10D33400BDE8F081A021002066EF002068EF002006
:10D344002DE9F8431D4B1B7813B11D4D2A880AB9EA
:10D35400BDE8F8831B4EC2F500691B4933784A4681
:10D364001A4C01EB43181A4F04EBC3240123404623
:10D374003B7021460023FEF7F5FF04EB0902BFF3DF
:10D384004F8F4FF0E023C3F8704F2034A242FAD8F5
:10D39400BFF34F8FBFF36F8F03204146FEF7FAFFB1
:10D3A40033780133DBB2032B88BF002333700023AF
:10D3B4002B80BFF34F8F3B70BDE8F8836AEF0020EA
:10D3C4002EEF002066EF0020A021002020CF202097
:10D3D40068EF00202DE9F8432D4B1E7866B12D4FE0
:10D3E4003B784BB90123F1073B7043D4B20726D4F1
:10D3F40000233B70730701D4BDE8F883264B1A68F9
:10D40400002AF9D0EFF30582002AF5D1EFF3108555
:10D4140072B61868002834D0204C2178002930D105
:10D424000122227042691A60002A2ED0916105B946
:10D4340062B600258368457798472570DCE7DFF8F6
:10D44400648098F80030002BD2D00025DFF8589083
:10D454002B4659F823400135236820461B69984719
:10D4640010B163699B68984798F80020EBB29A4220
:10D47400EFD8BDE7FFF7C6FE0028B7D0AFF30080B2
:10D48400B4E7002DB8D162B6B6E7054B1A60CEE713
:10D4940072EF00203BEF0020C022002037EF002075
:10D4A400CC22002039EF0020E822002070B5EFF3F1
:10D4B400108272B60C4C206880B10C4E0025436972
:10D4C400236073B19D6102B962B68368457798475A
:10D4D400EFF3108272B620680028F0D102B962B668
:10D4E40070BD3360EFE700BFC8220020C4220020D3
:10D4F400FFF7DCBF0449054A4968054B1960136806
:10D5040001331360704700BF001000E0542900206D
:10D5140050290020074A506A936A19468446506A83
:10D52400936A9942F9D18445F7D1DB0B43EA404031
:10D53400704700BF00400D4003460846194601F0FD
:10D5440069BF00BF10EE103A40F22A41C3F30A52F9
:10D554008A42B7EEC03A32D8B7EE000B2D4B93EDAA
:10D564004A2B93ED481BB0EE417BA2EE037B17EEF2
:10D57400100A37EE417B00F01F0203EBC20130B406
:10D5840092EE037B93ED4C4B53F832404D6893ED90
:10D594004E6B93ED505BA4EE076B27EE074B002117
:10D5A4000A1905EBC033A5EE070B43EC172BA6EEC7
:10D5B400040B30BC20EE070BB7EEC00B704713F51D
:10D5C400000F20D0B2F5FF6F1AD2DFED137AB4EE5C
:10D5D400E70AF1EE10FA10DCDFED107AB4EEE70A98
:10D5E400F1EE10FA12D4DFED0E7AB4EEE70AF1EEA2
:10D5F40010FAB1D5002000F013BC002000F016BCD6
:10D6040030EE000A70479FED070A7047002000F0D3
:10D6140001BC00BF800200201772B142B4F1CFC236
:10D62400CF8ECEC20000000010EE103AB3F17E5F40
:10D634003ED0A3F50001B1F1FE4F10EE102A3AD20C
:10D64400BFEE002B02F14043284903F54D03C3F319
:10D65400C34001EB001091ED424B91ED447B91ED01
:10D66400406B91ED465BD90DC9052DED028B90ED14
:10D67400021B90ED008B521ADB1500EE103A03EEFC
:10D68400902AB8EEC00BB7EEE33A30EE010BA8EEE9
:10D69400032BBDEC028B22EE023BA4EE027BA5EE33
:10D6A400020BA6EE037BA3EE070BB7EEC00B70478D
:10D6B4009FED0F0A7047590014D0B3F1FF4F14D0F7
:10D6C400002B0BDBB1F17F4F08D2DFED0A7A60EE5D
:10D6D400277A17EE903AA3F13862B1E700EE103AD8
:10D6E40000F0BCBB012000F0A7BB7047C8030020BA
:10D6F400000000000000004B30B410EE103A2DED95
:10D70400028BA3F5000110EE902AB1F1FE4F10EE4A
:10D71400104A82B04FEA42017CD201F1FF3C6FF023
:10D724008070844580F0F780002004F1404303F5C5
:10D734004D03C3F3C342DB0DDB05E11ADB1507EE32
:10D74400903AB14B03EB021292ED003B04EE101A37
:10D75400B7EEE06AB7EEC44ABFEE000BA3EE040BCB
:10D7640093ED443B20EE001B93ED464B93ED402B91
:10D77400A0EE034B93ED425B93ED483BA0EE025BBE
:10D7840021EE012B92ED028BB8EEE77B37EE087B9E
:10D79400A0EE037BA1EE047BA5EE027B26EE077BC5
:10D7A40017EE903A48F2BF01C3F3CF338B4250D205
:10D7B400B7EE000B954B93ED402B37EE023B13EE87
:10D7C400102A33EE423B02F01F01821803EBC10022
:10D7D40093ED424B37EE437B53F83140456893ED6C
:10D7E400446B93ED465BA7EE046B27EE074B0023D7
:10D7F400181905EBC231A7EE050B41EC170BA6EE89
:10D80400040B20EE070BB7EEC00B02B0BDEC028B8D
:10D8140030BC70474D1E6FF08070854280F0CE8022
:10D8240059004D1E854280F09280002B55DB00206C
:10D83400B4F5000FBFF479AFDFED757A07EE103A57
:10D8440067EE277A17EE904A24F00044A4F1386476
:10D854006BE79FED656BB4EEC67BF1EE10FA15DC59
:10D864009FED636BB4EEC67BF1EE10FA20DD4FF052
:10D874004C5388B10193DDED016ABFEE006A76EE88
:10D88400666AF4EE466AF1EE10FA11D002B0BDEC0D
:10D89400028B30BC00F0CABA0093DDED006AB7EE2B
:10D8A400006A76EE866AF4EE466AF1EE10FAEDD17D
:10D8B4009FED516BB4EEC67BF1EE10FA57D99FED94
:10D8C400506BB4EEC67BF1EE10FA7FF571AF02B087
:10D8D400BDEC028B30BC00F0A3BAC2F3C7517E2961
:10D8E40011DD962954DC0120C1F1960100FA01F101
:10D8F400481E104207D1114214BF01200020000429
:10D9040024F0004494E700EE103A02B0BDEC028B20
:10D9140030BC00F0A3BA002952D0B3F17E5F2CD002
:10D924006400B4F17F4F2ED8B1F17F4F2BD1B4F105
:10D93400FE4F4BD0B4F1FE4F6FEA020234BF002415
:10D944000124D20F94424CD09FED320A5DE7002BA4
:10D9540020EE000A1EDB002000293AD1002ABFF67F
:10D9640054AF02B0BDEC028B30BC00F065BA02B01B
:10D97400BDEC028B30BC00F04DBA82F48002520040
:10D9840012F5000F22D907EE903A37EEA00A3CE7D1
:10D994000020B5E7C2F3C753A3F17F001728DAD8F4
:10D9A400C3F19600012303FA00F0441E1442D2D1BD
:10D9B4001040D1D0B1EE400A1846CDE70029AFD1CE
:10D9C40084F48002520012F5000FDCD8B7EE000A8E
:10D9D4001BE7002ABFF619AFF7EE007A87EE800A3C
:10D9E40013E720EEA00A10E771D5D1FFFFFF5F40D7
:10D9F400E2AAA3FFFFFF5F400000000000C062C076
:10DA04000000000000A062C0D805002080020020B1
:10DA14000000004B0000000030B510EE104AC4F3C3
:10DA24000A53B3F57D7FB7EEC06A83B01BD226EEEE
:10DA3400065BB3F5667F6ED326EE052B25EE021B3F
:10DA4400734B93ED1A3B93ED187B93ED164BA5EEB8
:10DA5400037BA2EE046BB0EE460BA7EE010BB7EE10
:10DA6400C00B03B030BD40F22E4293425ED86849E9
:10DA740091ED087B26EE077BFDEEC77B91ED0A5BFB
:10DA840017EE903A03F500031B1613F0020F07EE8E
:10DA9400903A01F1700208BF0A46D807B8EEE77B56
:10DAA400A7EE456B26EE067B1BD403F0030301EBC4
:10DAB400C30192ED1A4B91ED002B92ED185B26EE0B
:10DAC400026B92ED163BA7EE045B26EE074B27EEA6
:10DAD400047BA4EE036BA5EE076BB7EEC60B03B095
:10DAE40030BD92ED142B27EE075B92ED126B92ED95
:10DAF4000E3BA7EE026B92ED0C0B92ED104BA7EED2
:10DB0400030B27EE057BA5EE040BA6EE070BB7EE81
:10DB1400C00B03B030BD220D12F4FF6FDFD1B7EE9E
:10DB2400C55B00EE104A8DED015AD8E7B3F5FF6FDF
:10DB34004BD2384BC4F3836203EB820053F82220A8
:10DB44000569C4F31603C4F3C25143F400038B40C4
:10DB5400016A03FB02F2A3FB0110E3FB050202F1DD
:10DB640000518D0F01F04041511A00F025FD2A4B60
:10DB74009FED257B05EBD47441EC160B14F0020FDA
:10DB8400A3F1700208BF1346E90726EE077B27EED0
:10DB9400076B1FD404F0030402EBC40293ED1A4B89
:10DBA40092ED002B93ED185B27EE027B93ED163B71
:10DBB400A6EE045B27EE064B26EE046BA4EE037B75
:10DBC400A5EE067BB7EEC70B89E703B0BDE830408E
:10DBD40000F044B993ED142B26EE065B93ED127B13
:10DBE40093ED0E3BA6EE027B93ED0C0B93ED104BE5
:10DBF400A6EE030B26EE056BA5EE040BA7EE060BB3
:10DC0400B7EEC00B6BE700BF182D4454FB21193C41
:10DC140000070020980A0020700700200000000080
:10DC240038B510EE104AC4F30A53B3F57D7FB7EE4E
:10DC3400C07A1ED227EE077BB3F5667F6FD327EE3B
:10DC4400071B634B93ED142B93ED125B93ED0E3B8B
:10DC5400A7EE025B93ED0C0B93ED104BA7EE030BB9
:10DC640027EE017BA1EE040BA5EE070BB7EEC00B6C
:10DC740038BD40F22E42934254D8554991ED086B79
:10DC840027EE066BFDEEC66B91ED0A5B16EE903A3D
:10DC940003F500031B1613F0020F06EE903A01F190
:10DCA400700208BF0A46D807B8EEE66BA6EE457BBD
:10DCB40027EE076B1AD503F0030301EBC30191EDC3
:10DCC400002B92ED1A4B92ED185B92ED163BA6EEEB
:10DCD400045B27EE027B27EE064B26EE046BA4EED4
:10DCE400037BA5EE067BB7EEC70B38BD92ED142B74
:10DCF40092ED127B92ED0E3B92ED0C0B92ED104BDC
:10DD040026EE065BA6EE027BA6EE030B26EE056B63
:10DD1400A5EE040BA7EE060BB7EEC00B38BDB7EEAD
:10DD2400000A38BDB3F5FF6F3DD22A4BC4F38362BA
:10DD340003EB820053F822200569C4F31603C4F3ED
:10DD4400C25143F400038B40016A03FB02F2A3FBBC
:10DD54000110E3FB050202F100518D0F01F0404177
:10DD6400511A00F029FC1C4B9FED177B05EBD47472
:10DD740041EC160B14F0020FA3F1700208BF134616
:10DD8400E90726EE077B27EE076B10D504F00304A2
:10DD940002EBC40292ED002B93ED1A4B93ED185B4A
:10DDA40093ED163B93E7BDE8384000F057B893ED88
:10DDB400142B93ED127B93ED0E3B93ED0C0B93ED33
:10DDC400104B9DE7AFF30080182D4454FB21193C00
:10DDD40000070020980A00207007002010B582B0C8
:10DDE4008DED010A044601F043FB9DED010A046038
:10DDF40002B010BD30B1F1EE407A27EE800A222045
:10DE0400FFF7ECBFF0EE407A27EE800A2220FFF7FE
:10DE1400E5BF00BF9FED010AFFF7ECBF0000001053
:10DE24009FED010AFFF7E6BF0000201A9FED010AEB
:10DE3400FFF7E0BF000000709FED070AFFEE007AD5
:10DE4400B7EE007A00284FF0220047FE277A87EECB
:10DE5400800AFFF7C3BF00BF0000000070EE407AE5
:10DE6400B4EE400A87EEA77AF1EE10FAB0EE470A54
:10DE740002D62120FFF7B2BF704700BF08B52DEDD1
:10DE8400028BB0EE408A00F095F8B4EE488AF1EEC9
:10DE940010FA06D6DFED098AB4EEE88AF1EE10FA3C
:10DEA40002D4BDEC028B08BD01F0E2FA88EEA80AA8
:10DEB400BDEC028B2123036008BD00BF00000000FD
:10DEC40030B52DED028B83B08DED010A019C24F059
:10DED4000043B3F1FF4F10DB324B002C93ED007A7B
:10DEE400D3ED007A39DBF0EE406A87EE260A30EE95
:10DEF400270A03B0BDEC028B30BD2B4A93420FDDE1
:10DF0400284A2A4B92ED000AD3ED007A30EE670AD4
:10DF1400002CB8BFB1EE400A03B0BDEC028B30BD9B
:10DF2400B3F1105F23DBB3F17E5F214D29DB00F0F9
:10DF3400ADF9D5ED007A20EE270A00F073F8194BFD
:10DF4400D3ED007AD5ED006A95ED007A37EE000A3C
:10DF540086EE807A37EEC70ADAE7DDED016A87EEEE
:10DF6400260A30EE670A03B0BDEC028B30BD0D4BC0
:10DF7400DDED017A93ED000A30EE270A20EE270A40
:10DF8400B7E795ED008A00F081F928EE400A00F029
:10DF940049F895ED007A37EE007AF1EE407A87EE93
:10DFA400870AB5E7981A0020FFFFAF41E41A002062
:10DFB400F01A0020B1EEC00A704700BF10EE101A2C
:10DFC400C1F3C7520029A2F17F0CB4BF4FF0FF3058
:10DFD4000120BCF11E0F0FDCBCF1000F1DDBC1F3EF
:10DFE4001603BCF1160F43F400030ADD963A03FA54
:10DFF40002F202FB00F07047FDEEC07A17EE900AC1
:10E0040070474FF4800242FA0CF21A44CCF1170C18
:10E0140022FA0CF202FB00F07047BCF1FF3F18BF7C
:10E024000020704710EE102A894922F000438B42E9
:10E034002AD9B3F1FF4F7ED800F0D680002AC0F26F
:10E044008A80844A934200F2F0809FED837A20EE26
:10E05400077AF6EE007A77EE877A9FED806ADFED35
:10E06400806AFDEEE77AB8EEE77A17EE903AF0EEC2
:10E07400407AE7EE467A27EE267A37EEC70A77EE3D
:10E08400C07A77EEC77A07E076498B4256D8B3F167
:10E094004C5FC0F082800023B6EE003A20EE034AC3
:10E0A400DFED716A9FED716ADFED714A9FED715A80
:10E0B40020EE047AF7EE003AA7EE266ADFED6E6AE8
:10E0C400E6EE074AB0EE086AE4EE876AF1EE085A13
:10E0D400A6EE875AF0EE636AE5EE076AA4EE666A76
:10E0E400E0EE465A36EEC66AC6EE256A66EE876AE2
:10E0F400002B4DD076EEE76A5A1CD6EE807A77EE86
:10E10400C77A63D0012B51D05A1C392A33D8162B25
:10E1140070DC4FF080721A41C2F17E5207EE102A71
:10E1240077EEC07A77EE677A17EE902A02EBC35344
:10E1340000EE103A704730EE000A70474F498B42A8
:10E1440079D8002ADFED457A47DB9FED457A70EEFA
:10E15400677A012391E7DFED4A7A70EE277AF5EECC
:10E16400C07AF1EE10FA63D49FED3B7AFEEE007AAA
:10E1740020EE077A6FE777EEC07A73EEE77A17EE50
:10E18400902A02EBC35307EE903A37EEE30A704746
:10E1940090EE267A30EE470A7047DFED3A7A70EE59
:10E1A400277A77EEE77A30EE670A7047BDEE007A99
:10E1B400B4EEC70AF1EE10FA2ED530EE033AB8EEFB
:10E1C400000A77EEC37A27EE800A704770EE677A0A
:10E1D400BEEE000AA7EE830A70479FED2B7A70EE1D
:10E1E400277A4FF0FF3348E7FFEE007A002A20FE3B
:10E1F400270A7047C3F17F02D20507EE102A77EE93
:10E20400877A70EE677A77EEA37A17EE902A02EB9C
:10E21400C35300EE103A704770EE677AB0EE007A9E
:10E22400E7EE873AB0EE630A70470020FFF7FEBDC1
:10E23400BFEE000A70479FED087AF6EE007AFEEE14
:10E24400006A002A20EE077A67FEA67A03E700BF79
:10E2540043B895411772B1423BAAB83F8071313F30
:10E26400D1F717371872B13EBBED57B4547E8636DA
:10E27400CD70A6B8898808BD010DD03A9115853FA7
:10E284006042A20DCAF24971D1F717B710EE103AE5
:10E2940023F0004300EE103A704700BF81F00041C4
:10E2A40002E000BF83F0004330B54FEA41044FEA77
:10E2B400430594EA050F08BF90EA020F1FBF54EA12
:10E2C400000C55EA020C7FEA645C7FEA655C00F0AE
:10E2D400E2804FEA5454D4EB5555B8BF6D420CDD7F
:10E2E4002C4480EA020281EA030382EA000083EA02
:10E2F400010180EA020281EA0303362D88BF30BDA2
:10E3040011F0004F4FEA01314FF4801C4CEA1131F7
:10E3140002D0404261EB410113F0004F4FEA033356
:10E324004CEA133302D0524263EB430394EA050FE1
:10E3340000F0A780A4F10104D5F1200E0DDB02FA50
:10E344000EFC22FA05F2801841F1000103FA0EF2E4
:10E35400801843FA05F359410EE0A5F120050EF1AA
:10E36400200E012A03FA0EFC28BF4CF0020C43FADB
:10E3740005F3C01851EBE37101F0004507D54FF0E8
:10E38400000EDCF1000C7EEB00006EEB0101B1F538
:10E39400801F1BD3B1F5001F0CD349085FEA30007E
:10E3A4004FEA3C0C04F101044FEA445212F5800F89
:10E3B40080F09A80BCF1004F08BF5FEA500C50F126
:10E3C400000041EB045141EA050130BD5FEA4C0C09
:10E3D400404141EB0101013C28BFB1F5801FE9D266
:10E3E40091F0000F04BF01460020B1FA81F308BF89
:10E3F4002033A3F10B03B3F120020CDA0C3208DD55
:10E4040002F1140CC2F10C0201FA0CF021FA02F12F
:10E414000CE002F11402D8BFC2F1200C01FA02F19F
:10E4240020FA0CFCDCBF41EA0C019040E41AA2BFC4
:10E4340001EB0451294330BD6FEA04041F3C1CDA8C
:10E444000C340EDC04F11404C4F1200220FA04F0AC
:10E4540001FA02F340EA030021FA04F345EA030156
:10E4640030BDC4F10C04C4F1200220FA02F001FA18
:10E4740004F340EA0300294630BD21FA04F029469A
:10E4840030BD94F0000F83F4801306BF81F4801133
:10E494000134013D4EE77FEA645C18BF7FEA655CA6
:10E4A40029D094EA050F08BF90EA020F05D054EA78
:10E4B400000C04BF1946104630BD91EA030F1EBF7D
:10E4C4000021002030BD5FEA545C05D14000494181
:10E4D40028BF41F0004130BD14F580043CBF01F574
:10E4E400801130BD01F0004545F0FE4141F470015A
:10E4F4004FF0000030BD7FEA645C1ABF1946104635
:10E504007FEA655C1CBF0B46024650EA013406BF35
:10E5140052EA033591EA030F41F4002130BD00BFF4
:10E5240090F0000F04BF0021704730B54FF48064B1
:10E5340004F132044FF000054FF0000150E700BF32
:10E5440090F0000F04BF0021704730B54FF4806491
:10E5540004F1320410F0004548BF40424FF000017E
:10E564003EE700BF42004FEAE2014FEA31014FEAC1
:10E5740002701FBF12F07F4393F07F4F81F0605110
:10E58400704732F07F4208BF704793F07F4F04BF5B
:10E5940041F40021704730B54FF4607401F0004538
:10E5A40021F000411CE700BF50EA010208BF704798
:10E5B40030B54FF000050AE050EA010208BF704789
:10E5C40030B511F0004502D5404261EB41014FF4F2
:10E5D400806404F132045FEA915C3FF4D8AE4FF0FA
:10E5E40003025FEADC0C18BF03325FEADC0C18BFDD
:10E5F400033202EBDC02C2F1200300FA03FC20FA2E
:10E6040002F001FA03FE40EA0E0021FA02F114447A
:10E61400BDE600BF024B0146186800F003B800BF16
:10E62400501800202DE9F04F01F10B06162E83B08F
:10E63400044624D8102900F2BA8000F0A3FA102668
:10E6440018220220B54F3A44A2F1080153688B42C4
:10E6540000F0BA805A68D96822F003021A449D680F
:10E66400E9608D60516841F001012046516003F179
:10E67400080500F08DFA284603B0BDE8F08F36F0A7
:10E68400070600F19480B14200F2918000F07AFA1A
:10E69400B6F5FC7FC0F09A81730A00F08F80042BDA
:10E6A40000F26F81B30903F1390003F1380CC300A0
:10E6B4009A4F3B44A3F108055B689D4206D10CE0E8
:10E6C400002980F22781DB689D4206D05A6822F037
:10E6D4000302911B0F29F3DD60463D69DFF850C248
:10E6E40065457CD06A6822F00302931B0F2B00F36C
:10E6F4007B81002BC7E904CC80F26C81B2F5007FEA
:10E7040080F01A81D308796801334FEA521E01223E
:10E7140002FA0EF20A4357F833E0C5F808E007EBB3
:10E72400C3010839E9607A6047F83350CEF80C50D9
:10E73400831001219940914257D8114206D120F00B
:10E7440003004900114200F10400FAD007EBC009AC
:10E754004D468646D5F80C80454508D11DE1002B71
:10E7640080F22481D8F80C80454500F01681D8F851
:10E77400042022F00302931B0F2BF0DD2046D8E97E
:10E78400025408EB060146F00106C8F80460EC6088
:10E79400A56043F00104C7E90411C1E902CC4C604F
:10E7A40048F8023000F0F4F908F1080502E00C23FF
:10E7B40023600025284603B0BDE8F08F4FF40073B2
:10E7C40040204FF03F0C73E7D3689A4208BF0230F1
:10E7D4007FF440AF3D69DFF858C1654582D17A685E
:10E7E4008310012199409142A7D9BD686B6823F039
:10E7F40003094E4503D8A9EB06030F2B7ADCDFF897
:10E8040034B1474BDBF800201B680132334405EB7D
:10E81400090A00F0338103F580530F3323F47F6832
:10E8240028F00F084146204600F0FAFD411C02463C
:10E8340000F0F380824500F2EE803A4B19684144BF
:10E844001960084600F04E81DBF800100193013195
:10E854001BBFA2EB0A010918CBF80020196012F0C3
:10E86400070B00F01781CBF108010A44CBF5805166
:10E8740090440831A1EB0801C1F30B0A514620462C
:10E88400009200F0CDFD421CDDE9002300F04F8131
:10E89400801A00EB0A081968BA6048F00100514474
:10E8A400BD425060196000F02981B9F10F0F40F2A8
:10E8B40027816868A9F10C0C2CF0070C00F001000A
:10E8C40040EA0C0068604FF0050E05EB0C00BCF14B
:10E8D4000F0FC0E901EE00F2328150681546124B69
:10E8E4001A688A4238BF1960104B1A688A4238BFC6
:10E8F400196094E0AA1943F0010346F001066E6022
:10E904002046BA60536000F043F90835284603B046
:10E91400BDE8F08FD9681A44A1E600BF3414002082
:10E924004C2500201C2500204425002048250020DB
:10E934003C1400203C180020B2F5206F4FEA52230B
:10E9440063D3142B00F2B78003F15C01C9005B337D
:10E9540007EB010E7958AEF1080E8E4500F0918058
:10E964004B6823F00303934202D989688E45F7D19B
:10E97400D1F80CE07A68C5E9021ECEF80850CD60E3
:10E98400D6E6142B59D9542B00F29D80330B03F196
:10E994006F0003F16E0CC3008AE60EF1010E1EF047
:10E9A400030F05F108057FF4D5AE51E04244454616
:10E9B4005368D8F80C1043F00103536055F8083F2E
:10E9C4002046D9608B6000F0E3F8F3E6F00806F126
:10E9D400080237E62A442046536843F00103536093
:10E9E400083500F0D5F8E5E6A919204646F00106F9
:10E9F40043F001046E60C7E90411C1E902CC4C6024
:10EA0400AB5000F0C5F80835D4E6930903F1390199
:10EA1400C90038339CE7BD425FD0BD68686820F008
:10EA240003084645A8EB060302D80F2B3FF762AF55
:10EA3400204600F0ADF80025BCE603F15C0003F1CC
:10EA44005B0CC30034E659F808394B4540F0968016
:10EA540010F0030F00F1FF30F5D17B6823EA0103C6
:10EA64007B60490099423FF6C0AE19B9BDE6490042
:10EA74000EF1040E1942FAD0704667E603F110084D
:10EA8400D0E69A104FF001087B6808FA02F21A43A4
:10EA94007A6070E702EB08014942C1F30B0A514660
:10EAA4002046009200F0BCFC431CDDE900237FF407
:10EAB400EFAEDA46EFE6542B25D8130B03F16F01C2
:10EAC400C9006E3344E7B3F5AA7F25D8F30B03F1ED
:10EAD400780003F1770CC300EAE5294B1868404439
:10EAE4001860B1E6CAF30B0CBCF1000F7FF4ACAEB6
:10EAF400BD68C84448F001006860F0E61546EEE6DB
:10EB04000123536094E7B3F5AA7F23D8D30B03F111
:10EB14007801C90077331BE740F25452934223D85B
:10EB2400B30C03F17D0003F17C0CC300C0E5ABF131
:10EB3400080BD844A8EB02084FF0000AABE605F135
:10EB440008012046009300F0E5FDBD68009B68685D
:10EB54001968C4E640F254518B420BD8930C03F16C
:10EB64007D01C9007C33F3E64FF47E737F204FF0C0
:10EB74007E0C9DE54FF47E717E23E9E67B6870E7A9
:10EB84001C250020014800F0A1BC00BF1425002072
:10EB9400014800F09DBC00BF142500202DE9F84F6A
:10EBA4001746002900F098800C4607F10B058046B3
:10EBB400FFF7E8FF162D54F8041C5BD810252A46ED
:10EBC400AF425CD821F003069642A4F1080962DA48
:10EBD400BC4BD3F808C009EB0600844500F09780CD
:10EBE400D0F804C02CF0010303445B68DB0768D44D
:10EBF4002CF0030C06EB0C03934247DACB0710D43A
:10EC040054F8083CA9EB030ADAF8043023F00301B2
:10EC14008C44B444944580F211817318934280F279
:10EC2400E88039464046FFF7FDFC0746E0B154F85A
:10EC3400043C23F001034B44A0F10802934200F08A
:10EC4400D280321F242A00F2F580132A00F2AC800D
:10EC540003462246116819605168596092689A60A7
:10EC64002146404600F056FD4046FFF791FF3846E6
:10EC7400BDE8F88F25F00705002D2A46A0DA0C23FD
:10EC8400C8F8003000273846BDE8F88F1E46D0E9A2
:10EC94000223D3609A60731B0F2B22D8D9F8043057
:10ECA40003F0010333434E44C9F80430736843F05E
:10ECB4000103736040462746FFF76AFF3846BDE804
:10ECC400F88FC907ADD454F8083CA9EB030ADAF865
:10ECD400041021F00301A0E7BDE8F84F1146FFF747
:10ECE400A1BCD9F8042009EB050102F001024E444D
:10ECF40043F001032A43C9F804204B60736843F0CE
:10ED0400010308317360404600F004FDD2E7DCF8EB
:10ED1400040020F0030B06EB0B0C05F110008445F6
:10ED24004DDAC9073FF57DAF54F8081CA9EB010A79
:10ED3400DAF8041021F003018B44B34458453FF73B
:10ED44006CAF5746DAF80C1057F8080F321F242A14
:10ED5400C160886000F2DB80132A40F2D68021680B
:10ED6400CAF808106168CAF80C101B2A00F2DF8088
:10ED740008340AF110022168116061685160A168C9
:10ED840091600AEB0501ABEB050242F001029960C8
:10ED94004A60DAF8043003F001032B434046CAF812
:10EDA4000430FFF7F5FE6EE7236803606368436091
:10EDB4001B2A68D804F1080200F108034AE709EBAA
:10EDC40005029A60ACEB050343F00103536054F869
:10EDD400043C03F001032B43404644F8043CFFF792
:10EDE400D7FE27464FE750F8043C23F003031E44A4
:10EDF40051E75746DAF80C1057F8080F321F242A47
:10EE0400C16088604CD8132A48D92168CAF8081010
:10EE14006168CAF80C101B2A56D808340AF110028B
:10EE24001E462368136063685360A3689360D146E9
:10EE34003C4630E7214600F0B5F911E7D0E902136A
:10EE44005746CB60996057F8081FDAF80C30CB604E
:10EE5400321F242A99602DD8132A29D92368CAF885
:10EE640008306368CAF80C301B2A42D808340AF107
:10EE7400100322681A6062685A60A2689A60664643
:10EE8400D1463C4607E7A3688360E368C360242A4D
:10EE940026D004F1100200F11003DBE63A46BFE786
:10EEA400214638461E46D14600F07CF93C46F2E63F
:10EEB4003B46DEE7214638466646D14600F072F905
:10EEC4003C46E8E634140020A168CAF81010E16852
:10EED400CAF81410242A20D010340AF118029FE72B
:10EEE400236903616169416104F1180200F11803A7
:10EEF400B0E6A368CAF81030E368CAF81430242ACC
:10EF040021D010340AF11803B3E73A4633E7214617
:10EF1400384600F047F9164B33E72269CAF818203F
:10EF24006269CAF81C2018340AF1200278E7A16843
:10EF3400CAF81010E168CAF81410242A0DD010344D
:10EF44000AF1180217E72369CAF818306369CAF886
:10EF54001C3018340AF120038BE72269CAF8182000
:10EF64006269CAF81C2018340AF1200203E700BFC2
:10EF740034140020024A0349034800F0EFB800BFEC
:10EF8400441800207DFE0000801100200C4B4168D5
:10EF9400994210B5044601D002F038FEA168094B2D
:10EFA400994202D0204602F031FEE168064B9942B4
:10EFB40004D02046BDE8104002F028BE10BD00BFBA
:10EFC40050250020B8250020202600202DE9F843F4
:10EFD4002A4C2B4B2B48DFF8C090DFF8C0802A4F17
:10EFE4001860002504230822294604F15C00274EFA
:10EFF4006566C4E90253C4E90055C4E90455A56132
:10F0040000F04CF9224B63670822294604F1C4003E
:10F01400C4E90749C4E90987C4E91A55C4E91E5576
:10F02400C4F8CC502567C4F88050E66200F036F985
:10F03400184BC4F8DC30294604F16803082204F5AF
:10F044009670C4F88430C4E92298C4E92476C4E9EB
:10F054003455C4E93855C4F83451C4F8D850C4F808
:10F06400E85000F01BF904F1D003C4E93C98C4E96A
:10F074003E76C4F8EC30BDE8F88300BF502500208C
:10F0840088260020E5D100002D0101004D0101007A
:10F094000900010012000200C9000100ED00010096
:10F0A40010B504460A4800F011FA636B23B9094B02
:10F0B400094A1B68626323B1BDE81040044800F0AC
:10F0C40007BAFFF783FFBDE81040014800F000BA1B
:10F0D4001825002088260020FDD10000014800F0FA
:10F0E400F5B900BF18250020014800F0F1B900BFB0
:10F0F40018250020F0B5ADF5057D04AF0093134647
:10F104004FF400720E460392394603AA054600F0F6
:10F1140049F988B104460246039B3146284600F06B
:10F1240091F9BC42039004D02846214600F0F2FA3B
:10F1340003980DF5057DF0BD4FF0FF30F9E700BFF2
:10F1440010B4054C8446134620685DF8044B0A4607
:10F154006146FFF7CFBF00BF501800202DE9F843E8
:10F1640080460F4616464FF00009D6E90154013D8A
:10F1740011D4A389012B05F1FF3508D9B4F90E3058
:10F184000133214603D04046B84749EA00096B1CC5
:10F1940004F16804EDD13668002EE6D14846BDE896
:10F1A400F88300BF88420DD98B1883420AD900EB3B
:10F1B400020CBAB1624613F801CD02F801CD9942AE
:10F1C400F9D170470F2A0ED8034602F1FF3C4AB129
:10F1D4000CF1010C013B8C4411F8012B03F8012FB5
:10F1E4006145F9D1704740EA01039B0750D1A2F170
:10F1F400100370B501F1200C23F00F0501F1100E7E
:10F2040000F11004AC441B095EF8105C44F8105C77
:10F214005EF80C5C44F80C5C5EF8085C44F8085C2E
:10F224005EF8045C44F8045C0EF1100EE64504F14B
:10F234001004E9D1013312F00C0F01EB031102F0B9
:10F244000F0400EB031327D0043C24F003064FEA19
:10F25400940C1E441C1F8E465EF8045B44F8045F45
:10F26400B442F9D10CF1010402F0030203EB84036C
:10F2740001EB840102F1FF3C4AB10CF1010C013BAA
:10F284008C4411F8012B03F8012F6145F9D170BDAD
:10F2940002F1FF3C03469BE72246EBE7830730B5C8
:10F2A40048D0541E002A3FD0CAB2034601E0013CB4
:10F2B4003AD303F8012B9D07F9D1032C2DD9CDB2F4
:10F2C40045EA05250F2C45EA054536D9A4F1100277
:10F2D40022F00F0C03F1200EE6444FEA121C03F156
:10F2E400100242E9045542E9025510327245F8D140
:10F2F4000CF1010214F00C0F03EB021204F00F0CDA
:10F3040013D0ACF1040323F003030433134442F891
:10F31400045B9342FBD10CF003042CB1C9B21C442E
:10F3240003F8011B9C42FBD130BD64461346002CFC
:10F33400F4D1F9E703461446BFE71A46A446E0E7CA
:10F3440040EA01039B0730B501D1032A0FD8844654
:10F3540001F1FF3E07E01EF8011F03F8011B541ED4
:10F36400C1B19C4622466346002AF4D130BD0B4607
:10F374008446194653F8045BA5F1013424EA0504D4
:10F3840014F0803FE4D1043A032A4CF8045B194694
:10F39400EFD8DDE79444002CE8D003F8011B634563
:10F3A400FBD130BD30B5146815469BB01A4609B17F
:10F3B400002C19D100214FF42273ADF80C300091C8
:10F3C40004914FF6FF7302910591ADF80E30694632
:10F3D4001E9B00F0BDFA002813DB009B286000226E
:10F3E4001A7004981BB030BD4FF4C16300910491AE
:10F3F400ADF80C302146E4DA8B23036000201BB007
:10F4040030BD0020EEE700BF014B93F828017047A0
:10F41400C812002013460A460146022000F0E6B84E
:10F4240038B5074D0022044608462A60FCF7F8FA6E
:10F43400431C00D038BD2B68002BFBD0236038BDA3
:10F444007427002038B50C46084D844611462046E2
:10F454001A4600232B606446FBF7FEFA431C00D0D7
:10F4640038BD2B68002BFBD0236038BD74270020E7
:10F47400014B1868704700BF5018002070B50D4E3E
:10F484000D4D761BB61006D0002455F8043B01340C
:10F494009847A642F9D1094E094D761B05F068FA42
:10F4A400B61006D0002455F8043B01349847A64210
:10F4B400F9D170BD001C0060001C0060101C0060CD
:10F4C400001C0060704700BF704700BF704700BF5A
:10F4D400704700BF000000000000000000000000B2
:10F4E4000000000000000000000000000000000018
:10F4F4000000000000000000000000000000000008
:10F5040000000000000000000000000000000000F7
:10F5140090F800F06DE9024520F007016FF0000C4F
:10F5240010F0070491F820F040F049804FF00004F7
:10F534006FF00700D1E9002391F840F000F10800D2
:10F5440082FA4CF2A4FA8CF283FA4CF3A2FA8CF30A
:10F554004BBBD1E9022382FA4CF200F10800A4FA71
:10F564008CF283FA4CF3A2FA8CF3E3B9D1E90423C5
:10F5740082FA4CF200F10800A4FA8CF283FA4CF3FC
:10F58400A2FA8CF37BB9D1E9062301F1200182FAB6
:10F594004CF200F10800A4FA8CF283FA4CF3A2FABC
:10F5A4008CF3002BC6D0002A04BF04301A4612BACA
:10F5B400B2FA82F2FDE8024500EBD2007047D1E9CD
:10F5C400002304F00305C4F100004FEAC50514F05C
:10F5D400040F91F840F00CFA05F562EA05021CBF2D
:10F5E40063EA050362464FF00004A9E72DE9F047FA
:10F5F400DFF87CA00646DAF8000098460F469146EC
:10F60400FFF764FF184B1C6824B365681F2D24DCC6
:10F614005EB96B1C0235DAF80000636044F82570AB
:10F62400FFF756FF0020BDE8F08704EB85010123B6
:10F63400C1F88890D4F88821AB401A43022EC4F84C
:10F644008821C1F80881E4D1D4F88C211A43C4F884
:10F654008C21DEE7054C1C60D7E7DAF80000FFF7E1
:10F6640037FF4FF0FF30DEE77C23002080230020AB
:10F67400BC120020F8B5244F0C460646FFF782FA68
:10F68400BB685D68C4F57E610F3125F003054B1935
:10F6940023F47F6323F00F03A3F58054B4F5805F54
:10F6A40007DB00213046FFF7BBFEBB682B449842C2
:10F6B40004D03046FFF76CFA0020F8BD61423046B2
:10F6C400FFF7AEFE01300DD0104ABB682D1B45F08C
:10F6D40001055D60136830461B1B1360FFF758FA81
:10F6E4000120F8BD00213046FFF79AFEBA68831A5C
:10F6F4000F2BDEDD43F001035360054B03491B6808
:10F70400C01A0860D5E700BF341400201C2500206F
:10F714003C180020002961D0F8B50C460646FFF7D6
:10F7240031FA54F8042C7B4FA4F1080522F00101AE
:10F7340005EB010CB868DCF80430604523F00303E2
:10F7440000F08B80D207CCF8043032D454F8082C63
:10F75400AD1A1144AA6807F1080082426AD00CEB82
:10F764000304D4F804E0EC68D4601EF0010FA26036
:10F7740000F0978041F001036B60CCF80010B1F504
:10F78400007F35D27868CB080122490901338A40C9
:10F79400024357F833107A6007EBC302083AC5E90D
:10F7A400021247F83350CD603046BDE8F840FFF709
:10F7B400EFB90CEB03025268D00710D4194407F1D7
:10F7C4000800DCF80830834273D0DCF80C20DA60DF
:10F7D400936041F001036B606950D0E7704741F0DA
:10F7E4000103B1F5007F44F8043CCCF80010C9D300
:10F7F400B1F5206F4FEA512348D28B0903F1390048
:10F8040003F13802C300F818FB580838984259D05D
:10F814005A6822F003028A4202D99B689842F7D1BF
:10F82400D868C5E902308560DD603046BDE8F8403F
:10F83400FFF7AEB90CEB03025268D20763D40B4452
:10F84400DCE90212CA60916043F001026A6030464A
:10F85400EB50BDE8F840FFF79BB90B44D10707D440
:10F8640054F8082CAD1A1344D5E90212CA60916009
:10F8740043F001026A60284ABD6012689A4293D834
:10F88400264B30461968FFF7F5FE8DE7142B0AD98D
:10F89400542B1FD80B0B03F16F0003F16E02C3004E
:10F8A400B1E719448DE703F15C0003F15B02C30087
:10F8B400A9E741F00103C7E90455C5E902006B60FB
:10F8C400695071E779689210012404FA02F20A433C
:10F8D4007A60A6E7B3F5AA7F06D8CB0B03F17800CC
:10F8E40003F17702C3008EE740F25452934206D8E4
:10F8F4008B0C03F17D0003F17C02C30083E74FF41A
:10F904007E737E227FE741F001036B60CCF8001028
:10F914004AE700BF34140020401800204C25002082
:10F9240082B049B15AB16BB113780B601278101ED2
:10F9340018BF012002B0704701A9002AF3D1104674
:10F9440002B070476FF00100F4E700BF0000000050
:10F954002DE9F04F2DED088BD1B00C460BEE101AAB
:10F9640090460893834602F0CBFA03681293184634
:10F97400FFF7CEFD20AF1090082200213846FFF794
:10F984008DFCA3891B0603D52369002B00F0558742
:10F9940000239FED838B9FED849BCDE92533CDE937
:10F9A4001333CDE9153327AA0E932492924611936B
:10F9B40004934446A1467E4BD3F8E450FFF724FD5C
:10F9C4004A4603461CA900975846A847002800F059
:10F9D400B080C0F2A6801C9A252A034601D099441F
:10F9E400E9E7B9EB0405064640F0A78000234FF091
:10F9F400FF328DF867309846069309F1010999F8AA
:10FA0400003003922B25202609F10109A3F12002DD
:10FA14005A2A00F2CF80DFE812F0E802CD00CD00D0
:10FA2400E302CD00CD00CD006A00CD00CD0005027B
:10FA34008402CD001002C902CD00BD025B005B0050
:10FA44005B005B005B005B005B005B005B00CD0068
:10FA5400CD00CD00CD00CD00CD00CD005301CD00B3
:10FA640083011A02530153015301CD00CD00CD008F
:10FA7400CD001502CD00CD009602CD00CD00CD0005
:10FA8400AB01CD00AA02CD00CD00E306CD00CD0030
:10FA9400CD00CD00CD00CD00CD00CD005301CD0073
:10FAA4008301DE015301530153017702DE017F001C
:10FAB400CD008902CD005F02E0062F027F00CD0059
:10FAC400AB017C00B806CD00CD00BD06CD007C00A6
:10FAD400A3F13002002119F8013B01EB810102EB93
:10FAE4004101A3F13002092AF5D906918EE758465F
:10FAF40002F006FA436815931846FFF709FD1690BD
:10FB0400584602F0FDF983681393169B002B40F0CE
:10FB14002D8699F8003077E799F8003048F02008EE
:10FB240072E7082200213846FFF7B8FB0123994405
:10FB340041E7B9EB0405064611D0269B2B442693D6
:10FB4400259B0133072BCAE9004525931CDC0AF1E8
:10FB5400080A049B2B440493002E7FF447AF269B92
:10FB6400002B41F00B821BEE103AB3F90C3013F06A
:10FB7400400F049B18BF4FF0FF330493049851B017
:10FB8400BDEC088BBDE8F08F1BEE101A24AA584672
:10FB940003F038FA0028E6D10DF19C0AD9E700BF3A
:10FBA4000000000000000000FFFFFFFFFFFFEF7FE9
:10FBB400C81200200B93002BD1D00021CDE90C11E9
:10FBC4008DF8DC3001238DF86710029307910593BB
:10FBD40003910F9137AC18F00203099302D0029BF2
:10FBE4000233029318F084030A9305D1069B029A08
:10FBF4009D1A002D00F36983269A89B125990DF188
:10FC0400670001310132CAF8000007294FF00100F2
:10FC140026922591CAF8040000F3A2830AF1080A87
:10FC2400099B83B1259B1AA901330232CAF800103B
:10FC3400072B4FF0020126922593CAF8041000F313
:10FC4400A3830AF1080A0A9B802B00F06C82039BB1
:10FC540005995D1A002D00F3A58218F4807F40F009
:10FC64000D82059BCAF804301A44259BCAF800404B
:10FC74000133072B2692259300F31B830AF1080A0C
:10FC840018F0040F05D0069B02995C1A002C00F3AF
:10FC94008883049B069902988142ACBF5B181B18A9
:10FCA4000493002A40F0B08200232593079B1BB1E4
:10FCB40007995846FFF72EFD0DF19C0A4C4679E64C
:10FCC4000B93089B073323F00703B3EC028BB0EECE
:10FCD400C87BB4EE497BF1EE10FA089340F3E98453
:10FCE400B5EEC08BF1EE10FA01F159809DF8671062
:10FCF400AB4CAC4B28F080080B9A472AC8BF1C4673
:10FD04000023CDE90C330322079302920592039357
:10FD14000F9300293FF45FAF029B013302935AE72C
:10FD2400432B0B9303D018F0100F00F05D85089D52
:10FD34000822002122A837ACFFF7B0FA22AB55F80D
:10FD4400042B2146584602F073F90346013305900B
:10FD540001F0EE82059B089523EAE37302930021E8
:10FD6400CDE90C118DF86710079103910F9132E7DB
:10FD74000B93089B1A4600238DF86730134653F8FB
:10FD8400044B0893002C00F048850B9B532B00F088
:10FD9400EC8618F010030C9340F0E786039B5D1C7F
:10FDA40001F0E5800C991A46204602F0F1F807901C
:10FDB400002801F02883079B1A1B05920C9B0393D0
:10FDC40022EAE2720F930D93079373239DF8671051
:10FDD40002920B939DE718F0200F0B93089B3DD0E4
:10FDE400073323F007031A4611465B6851F8082BC2
:10FDF40008911946002BC0F20C84039B013300F0D8
:10FE04009E8228F0800052EA0103029040F0998219
:10FE1400039B002B40F09A828046002303930593B2
:10FE240050AC06E1089B53F8042B0692002A80F29A
:10FE34001984069A08935242069299F8003048F0C1
:10FE44000408E1E599F8003048F00808DCE548F0DA
:10FE5400100818F0200F0B93089BC1D118F0100F55
:10FE640040F00B8418F0400F00F0038433F9042BA6
:10FE74000893D1170B46BDE7089B48F00202029293
:10FE840053F8042B089347F63003ADF86830782014
:10FE9400454B1193002102230B900020039C8DF805
:10FEA4006700601C00F0AD80029820F0800852EAE0
:10FEB400010040F0A480002C40F0AE86002BACD1B1
:10FEC400029B13F00103059300F0D18330238DF8D6
:10FED4003F310DF23F14ACE018F0200F40F0D48312
:10FEE40018F0100F40F09F8618F0400F40F09787ED
:10FEF40018F4007F00F09786089B049953F8042BAC
:10FF0400089311704C4655E599F80030682B03BFEF
:10FF140099F8013048F4007809F1010948F04008E3
:10FF240072E599F800308DF867506DE599F8003066
:10FF34006C2B03BF99F8013048F0200809F101093E
:10FF440048F0100860E50B9348F0100818F0200101
:10FF540000F05183089B073323F00703596853F8D3
:10FF6400082B089328F480630293002395E70B93EE
:10FF740048F010030293029B13F0200100F0298340
:10FF8400089B073323F00703596853F8082B089399
:10FF9400012382E799F8003048F0800834E500BF77
:10FFA400E80C00207C090020F00C0020494611F8E0
:10FFB400013B2A2B01F04982A3F13002092A894628
:10FFC40098BF002101F2448119F8013B01EB810142
:10FFD40002EB4101A3F13002092AF5D9039115E599
:10FFE40099F8003048F001080EE59DF86730002BC1
:0CFFF4007FF48FAD99F800308DF8676045
:02000004600199
:1000000004E5CDF80880012B00F09D81022B50AC57
:1000100020D1119802F00F031209C35C04F8013DCE
:1000200042EA0172090952EA0103F3D150AB1B1BEA
:10003000DDF808800593059A03989DF867108242C1
:100040004FF00003B8BF0246CDE90C33079302928C
:100050000F9360E602F00703D20842EA4172C90832
:10006000303352EA0105204604F8013DF2D1029AEC
:10007000D10700F14D8250AB1B1B90460593DAE788
:100080000B9B652B40F3D480B5EE408BF1EE10FA5C
:1000900040F0C181259BBA49CAF8001001330132F2
:1000A0000121072B26922593CAF8041000F35185ED
:1000B0000AF1080A1B9B0E998B4280F2D082109B9A
:1000C00012991A44CAE90013259B26920133072B83
:1000D000259300F397830AF1080A0E9B5C1E002CFF
:1000E0007FF7D0AD102C259B40F36E851BEE106A78
:1000F000102505E00AF1080A103C102C40F3648535
:100100000133A0491032072BCAE90015CDE9253289
:10011000F0DD24AA3146584602F076FF00287ED151
:10012000DDE925320DF19C0AE6E7069B02995D1A8E
:10013000002D7FF78EAD102D259B21DD0994102613
:100140001BEE104A04E0103D102D0AF1080A16DDDE
:1001500001338C491032072BCAE90016CDE925324C
:10016000F1DD24AA214658460DF19C0A02F04CFF0D
:10017000002854D1103D102DDDE92532E8DC099C22
:100180008049CAF8045001332A44072BCDE92532AF
:10019000CAF8001000F32685039B05995D1A002D0F
:1001A0000AF1080A7FF75BAD102D259B1FDD514634
:1001B00010261BEE10AA04E0103D102D01F10801DD
:1001C00014DD01336F481032072BC1E90006CDE979
:1001D0002532F1DD24AA5146584602F015FFF0B948
:1001E000103D102DDDE9253227A9EADC8A460133CE
:1001F0006449CAF804502A44072BCDE92532CAF8CD
:10020000001000F3DA810AF1080A28E51BEE101A43
:1002100024AA584602F0F8FE00283FF447AD079B99
:10022000002B3FF4A2AC07995846FFF775FA9CE4FF
:100230000E9B012B40F37A81259BCAF800400133C5
:1002400001320121072B26922593CAF8041000F3EE
:10025000F8810AF1080A1099129801330A44072B11
:10026000CAE90001CDE9253200F3DD810AF1080A6F
:10027000B5EE408BF1EE10FA00F077810E99013364
:10028000013901340A44072BCAF800402593CAF803
:100290000410269200F35B810AF1080A1499CAF847
:1002A000041001330A44072B1EA9CDE92532CAF8F0
:1002B00000107FF7E5AC1BEE101A24AA584602F096
:1002C000A3FE0028ABD1269A0DF19C0ADAE4102D8A
:1002D000DDE925122C4E24DD179410231BEE104A65
:1002E000084604E0103D102D0AF1080A17DD013020
:1002F00010320728CAE90063CDE92502F2DD24AAFD
:10030000214658460DF19C0A02F07EFE002886D157
:10031000103D102DDDE925024FF01003E7DC179C9E
:10032000014601312A440729CDE92512CAF80060A7
:10033000CAF8045000F3BD839DF867100AF1080A5B
:100340005DE4CDF808800A2A71F1000380F045834E
:1003500030320123DDF808808DF83F2105930DF23E
:100360003F1468E61BEE101A24AA584602F04CFE11
:1003700000287FF454AF269A0DF19C0A52E400BF86
:10038000200D002060110020240D00201BEE101A0B
:1003900024AA584602F038FE00287FF440AF269A7F
:1003A0000DF19C0A51E4102C259BBE4E1FDD1BEE67
:1003B000108A102504E0103C102C0AF1080A16DD02
:1003C00001331032072BCAE90065CDE92532F2DD91
:1003D00024AA414658460DF19C0A02F015FE002859
:1003E0007FF41DAF103C102CDDE92532E8DC013331
:1003F0002244072BCAE90064CDE925327FF74BACD4
:100400001BEE101A24AA584602F0FEFD00287FF4C5
:1004100006AF269A3FE41B99002940F35A830C9EAD
:100420000E9B9E42A8BF1E46002E0BDD259B01336E
:100430003244072BCAE900462692259300F38986A9
:100440000AF1080A0C9D002EA8BFAD1B002D00F379
:1004500003820C9B18F4806F2344059340F01F82A5
:100460001B9B0E998B4203DB18F0010F00F0CF8429
:10047000109912980A44CAE900012599269201317F
:100480000729259100F3A5860AF1080A0E99651837
:10049000CC1A059BED1AA542A8BF2546002D0DDDFF
:1004A000CAF80030259BCAF8045001332A44072BB0
:1004B0002692259300F3BB860AF1080A002DA8BFF7
:1004C000641B002C7FF7DEAB102C259B40F37C8354
:1004D0001BEE106A102505E00AF1080A103C102CEA
:1004E00040F37283013370491032072BCAE90015BB
:1004F000CDE92532F0DD24AA3146584602F084FDCC
:1005000000287FF48CAEDDE925320DF19C0AE5E789
:10051000302B3FF48BAD3023023804F8013C50AB54
:100520001B1ADDF808800593044684E518F0010FD6
:100530007FF482AE259BCAF80040013301320121CD
:10054000072B26922593CAF804107FF7A5AE1BEE61
:10055000101A24AA584602F057FD00287FF45FAE17
:10056000DDE925320DF19C0A98E60E994C1E002C0F
:100570007FF794AE102C40F361831BEE106A1025B8
:1005800005E00AF1080A103C102C40F357830133B0
:1005900045491032072BCAE90015CDE92532F0DDB7
:1005A00024AA3146584602F02FFD00287FF437AECA
:1005B000DDE925320DF19C0AE5E71BEE101A24AAAD
:1005C000584602F021FD00287FF429AE269A0DF14D
:1005D0009C0AFFF744BB029B13F0100340F0C1805C
:1005E000029A12F0400200F07A83089850F8042B27
:1005F0000890194692B2012351E418F0100355D126
:1006000018F0400200F05D83089850F8042B089021
:10061000194692B2A8E4524261EB4101CDF808803C
:100620002D2001233CE41BEE101A24AA584602F0A8
:10063000EBFC00287FF4F3ADDDE925320DF19C0AD7
:1006400016E61BEE101A24AA584602F0DDFC00281C
:100650007FF4E5ADDDE925320DF19C0AFBE518F0EC
:10066000010F3FF40FAB2AE5089399F80030FFF72C
:10067000CDB950ACDFE418F4007F40F0DB8353F8D1
:10068000042B0893D1170B46FFF7B6BB089B0498C1
:1006900053F8041B0893C217C1E900024C46FFF748
:1006A0008BB900BF240D002060110020089B53F877
:1006B000042B089358E4B4EE488BF1EE10FA80F165
:1006C00094860B9B612B00F05285412B00F0C08576
:1006D000039B01330B9B23F0200500F08084472D02
:1006E00004D1039B002B08BF0123039318EE903A1B
:1006F000002B48F480724646C0F21886B0EE48AB34
:1007000000239046099307930B9B413B252B00F256
:100710009883DFE813F06F0496039603960368044A
:100720006C0496039603960396039603960396032A
:1007300096039603960396039603960396039603F1
:1007400096039603960396039603960396039603E1
:1007500096039603960396039603960396036804FE
:100760006C04089B53F8042B08930123FFF797BBF5
:10077000139B002B3FF4CFA9139B1B78002B3FF456
:10078000CAA999F8003048F48068FFF73FB90B9385
:10079000CDF80880FFF7F1BB0B939A4B119318F03B
:1007A000200100F00581089B073323F007035968F7
:1007B00053F8082B089318F0010F0AD052EA0103EE
:1007C00007D00B9B8DF86930302348F002088DF874
:1007D000683028F4806302930223FFF760BB0B9319
:1007E000FFF7B6BB0B93884B1193D8E7089B012109
:1007F00053F8042B02918DF8DC200893059137AC57
:10080000FFF7AFBA1BEE101A24AA584602F0FCFB01
:1008100000287FF404AD269A0DF19C0A5DE4039B49
:100820000794062B224628BF062303942146CDE9D0
:100830000C22764C029305930F92FFF76CBA40217D
:100840005846FDF7F1FE20602061002800F00F8679
:1008500040236361FFF79EB8102D259B40F35D8216
:10086000514610261BEE10AA04E00831103D102D51
:1008700040F35282013366481032072BC1E900066B
:10088000CDE92532F1DD24AA5146584602F0BCFBE1
:1008900000287FF4C4ACDDE9253227A9E6E70E9BEA
:1008A000CDF82490E31803930D9BCDF82880139E78
:1008B000059DDDF85890DDF83C800B941BEE101A76
:1008C0005046002B34D0B8F1000F35D10D9B013BC1
:1008D000013E0D93159BC0E90039259B01334A4425
:1008E000072B269225936CDC0830039B96F800C0FA
:1008F0005B1B6345A8BF6346002B9A460CDD259C15
:1009000001341A44072CC0E900532692259400F3C1
:10091000778196F800C00830BAF1000FACBFACEB9D
:100920000A046446002C0ADC65440D9B002BCAD1E6
:10093000B8F1000F00F0AC8308F1FF38CAE7102CC3
:10094000DDF894C024DD05954FF0100A63460D468E
:1009500004E0103C102C00F1080016DD01332C4996
:100960001032072BC0E9001ACDE92532F1DD24AAA7
:100970002946584602F048FB00287FF450AC103C52
:10098000102CDDE9253227A8E8DC2946059D9C4688
:100990000CF1010322444460072B1D4C0460CDE997
:1009A000253200F3C68396F800C008306544BCE7E2
:1009B00018F0100300F0C280089B53F8042B089332
:1009C000F9E624AA5846059102F01EFB00287FF4A0
:1009D00026AC269A059927A887E70298CDF81CA08F
:1009E00050AC00F4806000250AEE10BA094BDDF827
:1009F0004CA0CDF81490A3464FF00508AC46044631
:100A000010E000BFF00C0020040D0020180D0020A5
:100A100060110020CDCCCCCC0A2A71F1000136D374
:100A20004A463146501840F10000A3FB005626F01C
:100A3000030505EB9605401B151A4FF0CC3661F106
:100A4000000E06FB05F6A5FB039503FB0E6609F0F9
:100A5000010E2E44AEFB085E2D184FEA59093035C1
:100A60000BF8015C49EAC6790CF1010C0BF1FF3B74
:100A70007608002CD0D09AF800008445CCD1BCF187
:100A8000FF0FC9D00A2A71F1000180F08F815C4606
:100A900050AB1B1BDDF81490CDF84CA01AEE10BA29
:100AA000DDF81CA0DDF80880CDF838C00593FFF70D
:100AB000C2BA1BEE101A24AA584602F0A5FA002862
:100AC0007FF4ADAB9DF86710269A0DF19C0AFFF7F5
:100AD00096B8259BBE48CAF80000013301320120B8
:100AE000072B26922593CAF8040000F377810AF1B8
:100AF000080A002940F0AF800E9908F001030B436B
:100B00003FF4C0A8109B12991A44CAE90013259B10
:100B100026920133072B259300F352820AF1080A2B
:100B20000E99CAF8004001330A44072BCDE925325B
:100B3000CAF804107FF7A4A8FFF7BDBB18F0400265
:100B400000F0DD80089850F8042B0890194692B206
:100B500031E61BEE101A24AA584602F055FA002876
:100B60007FF45DAB269A0DF19C0AFFF7A3BA22AE83
:100B70000822002130461D94FEF792FB039B5A1C6D
:100B800000F0DB800025CDF80890CDF81C80994658
:100B9000A8460CE037A9584601F04CFA431C4044E3
:100BA00000F0C883484508DC00F0188480461D9A90
:100BB000525933460435002AECD1CDF81480DDF8C3
:100BC0000890DDF81C80C5E001338249CAF8044072
:100BD0002244072BCAF80010CDE925327FF750A830
:100BE000FFF769BB1BEE101A24AA584602F00CFA54
:100BF00000287FF414AB269A0DF19C0AFFF729B860
:100C000024AA5846059102F0FFF900287FF407ABAB
:100C100096F800C0269A059927A87DE6012BCDF805
:100C200008807FF4F3A9FFF793BB089B049953F85E
:100C3000042B4C4611600893FEF7BEBE0133654994
:100C4000CAF804402244072BCDE92532CAF8001027
:100C50007FF722AB7BE4109B12981A44CAE9000389
:100C6000259B26920133072B259300F3A9810AF1D6
:100C7000080A0029BFF654AF4D42103180F20F83AD
:100C80001BEE101A102605E00AF1080A103D102D7F
:100C900040F3058301334F481032072BCAE90006A1
:100CA000CDE92532F0DD24AA5846039102F0ACF9D3
:100CB00000287FF4B4AADDE9253203990DF19C0ADE
:100CC000E4E7089B18F400711ABF114653F8042B8F
:100CD00053F8042B089318BFD2B2FFF745B9029B13
:100CE00013F40071089B1ABF114653F8042B53F8F4
:100CF000042B089318BFD2B20123FFF7D0B8089B8A
:100D000018F400711ABF114653F8042B53F8042B42
:100D1000089318BFD2B24EE58A4601332D49CAF86E
:100D200004502A44072BCDE92532CAF8001000F3FD
:100D300039810AF1080AFFF78CBB00231946009697
:100D40001DAA584601F09CF903460133059000F0B6
:100D5000F1821D94059B002B4ED0632B00F318816C
:100D60000023079337AC082200213046FEF798FA9B
:100D7000059D00962B461DAA2146584601F080F994
:100D8000854240F07C83059A0023A35422EAE27254
:100D9000CDE90C339DF86710039302920F93FEF791
:100DA000BABF2D218DF86710FEF7A4BF169B1599C9
:100DB000ABEB030B1A465846FEF7C4FA9AF801202B
:100DC000054B0AB10AF1010A4FF0000C28E600BFFA
:100DD000200D002060110020CDCCCCCC1BEE101AD1
:100DE00024AA584602F010F900287FF418AA1B998B
:100DF000269A0DF19C0A7CE6059B9DF867100F93DF
:100E0000CDE90233CDE90C330793FEF784BF0E9989
:100E1000059865182D1ACC1AA542A8BF2546FFF7DC
:100E20004DBB089B049953F8042B089311804C4642
:100E3000FEF7C2BD13F9042B0893D1170B46FEF73A
:100E4000DBBF039A022122AB01931DAB00935846EE
:100E50001BABB0EE4A0B029201F04CFA472D029AFE
:100E6000044600F06181462D104405D12378302BD3
:100E700000F06F821B9A1044B5EE40ABF1EE10FA11
:100E800040F0468103461B1B0E93472D00F0108156
:100E9000462D00F0B5811B9B0C930C9B412D03F15B
:100EA000FF331B9300F0E5819DF82C200021002BDF
:100EB000B8BF0C9B8DF87820BABFC3F101032D2277
:100EC0002B22092B8DF8792040F3DA810DF18F0563
:100ED000DFF81CC42A4610468CFB0321DA17C2EB4C
:100EE000A10202EB8201A3EB4101303100F8011CA9
:100EF00019466329134600F1FF32ECDC3033D9B2D6
:100F0000831E9D4202F8011C40F28B8213460DF1B4
:100F10007A0201E013F8011B02F8011B9D42F9D18E
:100F20000DF191030DF17A021B1A13441EAA9B1AAC
:100F300014930E9B149A012B1A44059240F30382DA
:100F4000059B109A1344059326F48063059A43F495
:100F500080780023CDE90C3322EAE2720F930292EB
:100F6000099B002B40F0B1809DF867100393FEF7BA
:100F7000D2BE2046FEF7CEFA02460590FEF720BF0D
:100F80001BEE101A24AA584602F03EF8FEF7EDBDFB
:100F9000591C5846FDF748FB0446002800F0CA815A
:100FA0000790E0E61BEE101A24AA584602F02CF82F
:100FB00000287FF434A9269A0DF19C0AFFF749BA5C
:100FC0001BEE101A24AA584602F01EF800287FF4DF
:100FD00026A9DDE925321B990DF19C0A49E6062375
:100FE0000393FFF783BB039B02215A1C2BE7039A51
:100FF000032128E71BA8B0EE4A0B01F04FF8B4EE2E
:10100000007B20EE070BB5EE400BF1EE10FA01D19C
:1010100001231B93B348039BB3EE005B013B2246C5
:1010200004E0B5EE400BF1EE10FA13D020EE050B04
:10103000FDEEC07BB3F1FF3F17EE901A415CB8EEB6
:10104000E76B944630EE460B02F8011B194603F19C
:10105000FF33E6D1B6EE006BB4EEC60BF1EE10FA3C
:1010600000F34881B4EE460BF1EE10FA04D117EE0E
:10107000903ADB0700F13E81002906DB4B1C13444C
:10108000302102F8011B9342FBD1131B0E93FCE6A7
:101090000B9C0E9BDDF82490DDF828801396E31856
:1010A0009D42294628BF194682460591FFF7D8B9C7
:1010B0001B9B0C93DA1C02DB039A93420CDD0B9B07
:1010C000023B0B9323F02005E7E62D2100238DF84A
:1010D00067100393FEF722BE0C9B0E9A9342C0F258
:1010E000BD80F0070C9B40F13281109A13440593A8
:1010F000710503D50C9B002B00F33581059B23EA7A
:10110000E373029367230B9300230F930D9327E759
:10111000229B8342BFF4B7AE30215A1C2292197031
:10112000229B9842F9D8AEE6F30700F1A780229BF4
:10113000A9E624AA5846059101F066FF00287FF42D
:101140006EA896F800C0269A059927A86544FFF76F
:10115000ECBB1BEE101A24AA584601F055FF0028DC
:101160007FF45DA8269A0DF19C0AFFF76BB97823EE
:101170008DF8693030238DF86830039B632B48F07D
:10118000020600F3A6800023079337AC18EE903ACE
:10119000002B48F481782BDBB0EE48AB0B9B23F09F
:1011A0002005002309930B9B612B7FF4ADAAB0EEC1
:1011B0004A0B1BA800F072FFB4EE007B20EE070B79
:1011C000B5EE400BF1EE10FA01D101231B93464816
:1011D00021E71BEE101A24AA584601F015FF00283B
:1011E0007FF41DA81B9B269A0DF19C0AFFF74EB9B0
:1011F0000B9B23F020052D230993B1EE48ABD2E7DA
:101200001B9A0C92002A06F0010340F30D8103990A
:101210000B4340F0CF800C9B059366230B93720524
:1012200000F1A380059B23EAE37302936CE71BEEB6
:10123000101A24AA584601F0E7FE00287EF4EFAF0A
:101240001B9C0E9B269A1C1B0DF19C0AFFF736B9BE
:1012500058238DE700220392FEF7DABB0E9B109A0B
:101260009A180C9B0592002B40F3AB8067230B93DD
:10127000D5E70B9A0F32D2B2012118E6A018FBE590
:10128000002940F0A88030228DF87A200DF17B02F1
:10129000303302F8013B1EABD31A149349E60133F5
:1012A0001249CAF804502A44072BCDE92532CAF85E
:1012B00000107FF733AC1BEE101A24AA584601F039
:1012C000A3FE00287EF4ABAFDDE925320DF19C0AC8
:1012D00026E4591C5846FDF7A7F9044650B3079079
:1012E00054E700BF040D0020F00C00206011002026
:1012F00067666666CDF888C012F8011C90F80FC0CA
:10130000614513460AD14FF0300E03F801EC229BE1
:10131000591E229113F8011C8C45F6D0392916BFAD
:101320000131817AC9B203F8011CAEE60023904670
:10133000079360E71BEE102AB2F90C3043F040032C
:101340009381FEF716BCF5077FF5FEADF8E5059332
:10135000CEE6B5EE40ABF1EE10FA3FF48BADC2F144
:1013600001021B9287E567230B9313990B78FF2BE0
:1013700079D000250C9A284603E001300131FF2B7B
:1013800008D0934206DAD21A4B78002BF5D10B78AD
:101390000135F4E70C9213910D900F950F9A0D9B68
:1013A00016991344059A01FB0323059323EAE3737B
:1013B0000293D5E5109BD3181944662305910B932E
:1013C0002DE7C3F101031A4422EAE2730293672373
:1013D00005920B9398E60DF17A0259E7039BDDF82D
:1013E0000890DDF81C800593B4E418EE903A002BC9
:1013F000B4BF2D219DF86710254C264BB8BF8DF842
:10140000671028F08008FEF779BC039B02930593D0
:1014100073239DF8671003900F900D900B93FEF7C8
:101420007ABC0223149384E5039A134305D1012364
:10143000662202930B92059366E6109B01331A44D1
:1014400022EAE2730293662305920B935CE6089A04
:1014500099F80130894652F8041B089241EAE1717B
:101460000391FEF7D3BA00230F930D9396E70C2355
:10147000CBF800304FF0FF330493FEF781BB1BEE37
:10148000102A938943F040039381FEF7C8BE00BF42
:10149000EC0C002078090020436C70B505460C4622
:1014A0004BB153F8240080B1026843F82420002394
:1014B000C0E9033370BD2122042100F04BFE034636
:1014C00068640028EDD1002070BD012101FA04F606
:1014D000721D9200284600F03DFE0028F3D0C0E9BE
:1014E0000146E4E731B1436C4A6853F822000860D2
:1014F00043F82210704700BF2DE9F0410E69804685
:101500000F461D4601F1140E0020DEF800108CB2CB
:1015100002FB0453090C4FEA134C02FB01CC0130CF
:101520009CB204EB0C4486424EF8044B4FEA1C4537
:10153000EBDC3DB1BB68B34207DD07EB8603013648
:101540005D613E613846BDE8F08179684046013111
:10155000FFF7A2FF0446B0B13A69023207F10C016D
:1015600092000C30F9F744FFD8F844307A6853F809
:101570002210396043F82270274607EB86030136B4
:101580005D613E61DEE7034B03482246BA2100F06D
:10159000C1FD00BFF80A00200C0B0020030C1B0447
:1015A000D3B90004102310F07F4F04BF00020833AA
:1015B00010F0704F04BF0001043310F0404F04BF1F
:1015C00080000233002805DB10F0804F03F1010397
:1015D00008BF2023184670470023E4E7036813F090
:1015E000070208D0D9071FD49A0722D55B080360E9
:1015F00001221046704799B209B91B0C1022D9B2CA
:1016000009B908321B0A190704BF1B0904329907DC
:1016100004BF9B080232D90703D45B0802F1010220
:1016200005D0036010467047002210467047202204
:10163000DFE79B08022203601046704738B5436C11
:1016400004460D464BB15868B0B102685A6000229A
:101650000123C0E90435C26038BD2122042100F015
:1016600079FD034660640028EDD1094B094800224A
:1016700040F2451100F04EFD1C220121204600F0F1
:1016800069FD0028F1D001220223C0E90123DEE731
:10169000F80A00200C0B00202DE9F04F0E691569A7
:1016A000AE4285B08846144605DB2A4623463546B9
:1016B0000C4616469846A3686168AF19BB42B8BF8E
:1016C0000131FFF7E9FE0190002800F08780019BBF
:1016D00003F1140909EB870AD14505D24B460022D4
:1016E00043F8042B9A45FBD808F1140808EB860B45
:1016F00004F11403D8451A4603EB85055FD22B1B72
:10170000153B23F0030304331534A54238BF0423EB
:10171000CDE902A7AC461F46924605E0090C29D147
:10172000C34509F1040948D958F8041B8DB2002DAE
:10173000F4D056464C46002356F8041B22681FFA84
:1017400081FE90B2090C05FB0E00120C034405FB50
:10175000012202EB13429BB243EA0243B44544F830
:10176000043B4FEA1243E7D849F8073058F8041C05
:10177000090CD5D0D9F8003050461A464C46002600
:101780000588120C01FB052216449BB243EA06436E
:1017900044F8043B50F8045B22682D0C93B201FB23
:1017A000053303EB164384454FEA1346E8D8C34597
:1017B00049F8073009F10409B6D8DDE902A7002F7E
:1017C00002DC05E0013F03D05AF8043D002BF9D0BC
:1017D000019B18461F6105B0BDE8F08F034B04481C
:1017E000019A4FF4B17100F095FC00BFF80A002097
:1017F0000C0B002012F003032DE9F04114460646BD
:1018000032D10D46A41020D0D6F84080B8F1000F98
:1018100033D0E3074FF0000707D4641015D0D8F891
:101820000000A8B18046E307F7D542462946304676
:10183000FFF732FFB5B16968736C641053F821206B
:101840002A6043F821500546E9D12846BDE8F081D9
:10185000424641463046FFF71FFFC8F800000760C8
:101860008046E0E70546D8E7013B0F4A52F82320BF
:101870000023FFF741FE0546C4E701213046FFF78C
:101880000BFE804640B1012340F27122C0E90432D0
:10189000002330640360BCE7044B0548424640F235
:1018A000451100F037FC00BFC40F0020F80A0020EB
:1018B0000C0B00202DE9F0470D4614462F69AB684C
:1018C000496807EB62177E1C9E4280464FEA621908
:1018D00004DD5B009E4201F10101FADC4046FFF7A6
:1018E000DBFD8446002852D0B9F1000F00F114024C
:1018F0000EDD09F105014FEA810E134600EB81016F
:10190000002043F8040B8B42FBD1AEF114031A44C0
:10191000296905F1140314F01F0E03EB81012ED089
:10192000CEF1200910464FF0000A1C6804FA0EF4AC
:1019300044EA0A0440F8044B53F8044B994224FA51
:1019400009FAF2D84B1B153B23F00303043305F1CE
:101950001500814238BF0423BAF1000F18BF374683
:1019600042F803A0D8F844306A68CCF8107053F8F5
:1019700022102960604643F82250BDE8F087043AFF
:1019800053F8040B42F8040F9942F9D8EAE7034BE5
:10199000034862464FF4EF7100F0BCFBF80A0020E8
:1019A0000C0B00200B6984460069C01A16D10CF19B
:1019B000140C14310CEB830210B401EB830301E02F
:1019C000944508D252F8044D53F8041D8C42F7D0C8
:1019D00005D24FF0FF305DF8044B7047704701208F
:1019E0005DF8044B704700BF2DE9F84F0F6913698C
:1019F000FF1A002F0E4690467FD101F114051432D4
:101A000002EB830205EB830301E09D4278D253F899
:101A1000041D52F8044DA142F7D069D37168FFF755
:101A20003BFD8146002877D03569D8F81020C76083
:101A300008F1140E06F1140009F1140A06F1100160
:101A40000EEB820200EB850756464FF0000C5EF865
:101A5000044B51F804BFA3B21CFA8BFCACEB03039C
:101A60004FEA144CCCEB1B4C0CEB234C9BB243EADF
:101A70000C43724546F8043B4FEA2C4CE7D8A2EBE6
:101A80000801153908F11508424521F0030404F155
:101A9000040438BF0424204421F0030238BF00228C
:101AA00087425244544418D92646014651F8043B13
:101AB0001CFA83FC4FEA2C4202EB13421FFA8CFC07
:101AC0004CEA02438F4246F8043B4FEA224CEDD8E1
:101AD000013F3F1A27F00307E21923B952F8043DEA
:101AE000013D002BFAD0C9F810504846BDE8F88FE8
:101AF000334601274646984690E7F9DB00278DE7F5
:101B00000021FFF7C9FC814668B101220023C9E921
:101B100004234846BDE8F88F064B07484A4640F282
:101B2000452100F0F7FA034B03484A4640F23721BB
:101B300000F0F0FAF80A00200C0B00202DE9F04329
:101B4000884683B0012157EC106B1546FFF7A4FCC3
:101B50000446002851D0C7F30A59C7F31303B9F15B
:101B6000000F01D043F48013002E019318D101A877
:101B7000FFF734FD019A6261012200F12003226126
:101B8000B9F1000F25D0A9F2334909EB0302204631
:101B9000C3F13503C8F800202B6003B0BDE8F08323
:101BA00068460096FFF71AFD034610B3DDE9000210
:101BB000C3F1200102FA01F10143DA4061610192AF
:101BC000002AA26114BF022201222261B9F1000F92
:101BD000D9D1A3F23243C8F8003004EB820318696C
:101BE000FFF7DCFCC0EB421320462B6003B0BDE8DE
:101BF000F083009A6261019AE2E7034B03482246B0
:101C000040F20F3100F086FAF80A00200C0B002099
:101C100070B500294BD006460C4610B1436B002B23
:101C200048D0636ED80734D5B4F90C30002B3ED0C1
:101C30002146304600F050F8E36A054633B1E169C9
:101C4000304698470028B8BF4FF0FF35A3891A06E1
:101C50003CD4216B41B104F14003994202D030469B
:101C6000FDF75AFD00232363616C21B13046FDF777
:101C700053FD00236364FDF733FA636E0022DB0734
:101C8000A2811FD5A06DFDF721FCFDF72FFA284694
:101C900070BDA3899905CBD4A06DFDF719FCB4F9EB
:101CA0000C30002BC4D1656E15F0010505D0002560
:101CB000284670BDFDF7F6F9B3E7A06DFDF70AFC05
:101CC000284670BDA06DFDF705FCDBE721693046B5
:101CD000FDF722FDBDE700BFB1F90C202DE9F04171
:101CE0000C461107804647D4636842F40062002B1B
:101CF000A2815EDDA56A002D58D00023D8F80060CF
:101D0000C8F8003093B212F4805256D10123E16931
:101D10004046A847431C67D0A389A56A5F0705D53D
:101D20006368C01A236B0BB1E36BC01AE16902460A
:101D300000234046A847411C41D1D8F80030002B71
:101D40003DD01D2B01D0162B56D1A38922692260CC
:101D500023F4006300216160A381216BC8F8006057
:101D600021B304F14003994202D04046FDF7D4FC70
:101D700000202063BDE8F0812669BEB193B22568DA
:101D800026609A070CBF63690023AD1BA3600BE0BC
:101D90002B463246E169676A4046B847B0F1000C0D
:101DA000A5EB0C05664417DD002DF1DC0020BDE835
:101DB000F081E36B002B9DDCF8E7206DAEE7B4F912
:101DC0000C302269226023F40063A3810022DB042B
:101DD0006260C2D52065C0E7A38943F040034FF09D
:101DE000FF30A381BDE8F081D8F80030002B93D0FC
:101DF0001D2B06D0162B04D0A38943F04003A381EA
:101E0000D5E7C8F80060D1E738B50C46054608B1FB
:101E1000436B03B3B4F90C0088B1636EDB0701D4E4
:101E200081050FD528462146FFF756FF636EDA0776
:101E3000054602D4A3899B0508D5284638BD05462A
:101E4000284638BDA06DFDF743FBEBE7A06DFDF71D
:101E500041FB284638BDFDF725F9DBE710B50C46F8
:101E6000B1F90E1000F07AF8002803DB236D03446B
:101E7000236510BDA38923F48053A38110BD00BF47
:101E80002DE9F0410C46B1F90C101F46CB05054673
:101E900016460BD421F48051A1813B46B4F90E10B3
:101EA00032462846BDE8F041FDF7CEBAB4F90E102F
:101EB0000223002200F03CF8B4F90C10EAE700BF5E
:101EC00010B50C46B1F90E1000F032F8A389421C8F
:101ED0000EBF23F4805343F480532065A38110BDCB
:101EE000B1F90E1000F012B849B1FF2A02D80A70F9
:101EF000012070478A2303604FF0FF307047084687
:101F0000704700BF00487047B813002038B5074D30
:101F10000022044608462A60F9F7A0FD431C00D0C1
:101F200038BD2B68002BFBD0236038BD7427002000
:101F300038B50C46084D8446114620461A46002303
:101F40002B606446F9F796FD431C00D038BD2B6822
:101F5000002BFBD0236038BD7427002038B50C4619
:101F6000084D8446114620461A4600232B606446DD
:101F7000F9F772FD431C00D038BD2B68002BFBD055
:101F8000236038BD7427002000000000000000001E
:101F90000000000001F0FF01102A2BDB10F0070FFA
:101FA00008D010F8013B013A8B422DD010F0070FFA
:101FB00042B3F6D1F0B441EA012141EA014122F0F5
:101FC00007047FF000070023F0E80256083C85EA8A
:101FD000010586EA010685FA47F5A3FA87F586FA30
:101FE00047F6A5FA87F68EB9EED1F0BC01F0FF01F5
:101FF00002F0070232B110F8013B013A83EA010313
:1020000013B1F8D10020704701387047002D06BF8A
:1020100035460338073815F0010F07D1013015F4A4
:10202000807F02BF013015F4C03F0130F0BC0138A1
:10203000704700BF70B5054684B05BB11C4669B1FE
:102040000E4B2846D3F8E0602346B047431C0FD020
:1020500004B070BD00F582740029F1D1074A23460F
:10206000D2F8E06028460A4601A9B047431CEFD1E8
:1020700000228A2322602B6004B070BDC8120020A9
:1020800010B582B0049CCDE900344FF0FF3302F06C
:102090006BFB02B010BD00BF0000000030B482B086
:1020A0008DED000B019A194C22F000430021A34250
:1020B000016021DC009C1C431ED0154C144054B917
:1020C0009FED107B20EE077B8DED007B019A6FF07A
:1020D000350122F0004322F0FF42DDE9004522F401
:1020E000E00242F07F551B1545F40015A3F2FE33C4
:1020F000CDE900450B4403609DED000B02B030BC00
:10210000704700BF0000000000005043FFFFEF7F5A
:102110000000F07F00B50B4C25681446EE681A46A7
:1021200085B003460D464CB107490095CDE9011431
:102130003046064900F054FFF9F7A2FC04490C466A
:10214000F3E700BF50180020580A0020680A00205A
:10215000640A002038B5A1FB02148CBBFCF764FABA
:102160000546E0B150F8042C22F00302043A242A78
:1021700017D8132A1AD91B2AC0E900441DD9242ACA
:1021800014BF00F1100200F118024FF00003C0E983
:10219000024404BF04614461C2E9003393602846ED
:1021A00038BD2146FDF77CF8284638BD024600239D
:1021B000C2E900339360284638BD00F10802F6E713
:1021C000FDF758F90C2300250360E8E72DE9F04FEF
:1021D00003690C69A34283B0C0F28780013C01F11E
:1021E0001405A30000F11408009355F8243058F8A2
:1021F0002420013381469A4208EB840005EB8407D2
:102200000190B2FBF3F63BD34FF0000CAE464046D4
:10221000E24663465EF804BB02681FFA8BFC06FBCD
:102220000C334FEA134C4FEA1B4B06FB0BCC9BB213
:10223000AAEB03031FFA8CFA13FA82F3CAEB1242D9
:1022400002EB23429BB243EA0243774540F8043B4A
:102250004FEA224A4FEA1C43DCD2009B58F8033075
:1022600073B9019B043B984504D307E0984504F1FA
:10227000FF3403D253F80429002AF7D0C9F81040DC
:102280004846FFF78FFB00282BDB01364146002331
:1022900055F8040BD1F800C082B29A1A030C12FA56
:1022A0008CF2C3EB1C4303EB224392B242EA03429B
:1022B000AF4241F8042B4FEA2343E9D258F82420D7
:1022C00008EB84036AB9043B984504D307E09845BA
:1022D00004F1FF3403D253F80429002AF7D0C9F8D7
:1022E0001040304603B0BDE8F08F002003B0BDE8D9
:1022F000F08F00BF2DE9F04F2DED028B8FB08DEDEB
:10230000020B0191816B1A9D059357EC106B0446EB
:10231000934641B1C26B4A60012393408B60FFF743
:10232000E1F80023A363B7F10008B4BF0123002341
:102330002B60BE4BBCBF28F00048CDF80C8033EAC0
:10234000080300F09F809DED028BB5EE408BF1EE0F
:1023500010FA11D1059A012313601B9B002B00F08A
:102360003F82B34B1B9A1360013B009300980FB060
:10237000BDEC028BBDE8F08F0CAA0DA92046B0EE93
:10238000480BFFF7DBFB5FEA1853054640F09280ED
:10239000DDE90C130B4403F23242202A40F3FA82A7
:1023A000C2F1400208FA02F803F21242D64048EAAB
:1023B000060207EE102AB8EE477B581E17EE906A09
:1023C00053EC172B4FF0010AA6F1F8739FED913BE8
:1023D0009FED927B9FED935B06EE900A43EC122BF0
:1023E000B8EEE64BB7EE086B32EE466BA6EE037B1B
:1023F000A4EE057BFDEEC76BB5EEC07BF1EE10FAE7
:1024000016EE907A08D5B8EEE66BB4EE476BF1EEB7
:1024100010FA18BF07F1FF37162F00F24581854BE0
:1024200003EBC70393ED007BB4EEC78BF1EE10FA1C
:1024300057D5091A0023B1F1010807F1FF370A93B4
:1024400000F1398100230693002F52DA069B04978E
:10245000DB1B06937B420893019B092B4FF000077F
:102460004ED8052B40F39D82043B01930026019B2F
:102470009A1E032A00F22581DFE812F0AA03A703BF
:102480009D037E03059AC8F3130842F20F7358EABE
:10249000060813601ED11B9B002B00F09185664B34
:1024A000009308331B9A009813600FB0BDEC028BA9
:1024B000BDE8F08F18EE906AC6F31306A3F2FF3062
:1024C00053EC182B46F07F530C994FF0000A43F45D
:1024D00040137BE71B9B002B40F03B83574B009343
:1024E00044E7091A0023B1F101080A9300F1E380DF
:1024F000069300230893019B0497092BB844B0D995
:1025000000230126019307964FF0FF399B460021D7
:10251000E163CDF82C902046FEF7BEFF0090002826
:1025200000F04085009BA363B9F10E0F00F2DC8040
:10253000002E00F0D980049B002B40F3DE833D4A3F
:1025400003F00F0102EBC10292ED007B1A11DB05D3
:1025500040F182833A4991ED086B02F00F020320AB
:1025600088EE065B5AB13649D60704D591ED006B6B
:10257000013027EE067B521001F10801F4D185EEFF
:10258000076B0A9B3BB1B7EE007BB4EEC76BF1EE75
:1025900010FA00F1AE8407EE900AB8EEE75BB1EEF8
:1025A0000C7BA5EE067B17EE902A51EC170BA2F1DF
:1025B0005071B9F1000F00F08883049E4A46079BD2
:1025C000002B00F04784B6EE003B1A4BFDEEC64BE5
:1025D00003EBC20CB8EEE47B36EE477B1CED026BDE
:1025E00083EE065B41EC160B14EE900A35EE465B6B
:1025F0000099B4EEC75B3030F1EE10FA01F8010B30
:1026000000F3AC84B7EE002BB2EE044B4FF0000C9D
:1026100031E000BF61436F63A787D23FB3C8608BCF
:10262000288AC63FFB799F501344D33F0000F07FB8
:10263000210D002010050020740C0020800C0020CB
:10264000E80400200CF1010C94454DDA27EE047BE0
:1026500025EE045BFDEEC76B16EE903AB8EEE63B56
:10266000303337EE437BB4EEC57BF1EE10FA01F860
:10267000013B00F1738432EE476BB4EEC56BF1EEB3
:1026800010FADFD5009A049602E08A4200F05084E6
:10269000894611F8013D392BF7D00133DBB20B70BD
:1026A000049B0133049355E1091A0123B1F1010898
:1026B0000A937FF5C7AEC1F1010306934FF00008FE
:1026C000C2E60026E66331462046FEF7E5FE0090AE
:1026D000002800F06784009BA3634FF0FF330B9347
:1026E00099460123B34607930D9A002A55DB0499B6
:1026F0000E2952DCB74BBBF1000F03EBC10393ED86
:10270000006B15DAB9F1000F12DC40F0F282B1EE85
:10271000047B26EE077BB4EEC78BF1EE10FACA46B7
:102720004E4600F26D82DDF800806FEA0B0B70E21E
:1027300088EE067BBDEEC77B009917EE103AB9F123
:10274000010F03F13003B8EEC75B01F8013BA5EEC2
:10275000468B00F03483B2EE044B012311E088EE87
:10276000067BBDEEC77B013317EE102A4B4502F105
:102770003002B8EEC75B01F8012BA5EE468B00F0E6
:102780001E8328EE048BB5EE408BF1EE10FAE6D1F5
:10279000049B013304938946DCE0079B43B3019B10
:1027A000012B40F37682089B09F1FF3A534580F2F2
:1027B0003F82089BCDF820A0AAEB030217444FF0FC
:1027C000000AB9F1000FC0F22583069B09934B4420
:1027D000C844069301212046FEF730FF06460CE070
:1027E0007D4B009300980FB0BDEC028BBDE8F08FDD
:1027F000069BDDF820A0079E0993099B6BB1B8F1F9
:10280000000F0ADD434506991A46A8BF4246891AB9
:102810009B1A06910993A8EB0208089B63B1079BDA
:10282000002B00F0A782BAF1000F00F30482089B8E
:10283000B3EB0A0240F0FF8201212046FEF7FEFEC4
:10284000002F824600F3AF80019B012B40F387816C
:10285000002308930120002F40F0B180404410F085
:102860001F0000F07A81C0F12002042A00F3888062
:1028700040F0F681069B002B05DD29461A462046CE
:10288000FFF718F80546B8F1000F05DD514642463E
:102890002046FFF70FF882460A9B002B40F03F814D
:1028A000B9F1000F40F32581079B002B40F0A38076
:1028B000049B01330493DDF80080012707E02946DB
:1028C00000230A222046FEF717FE0137054651462F
:1028D0002846FFF77BFCB94500F1300008F8010BF2
:1028E000EDDCB9F1000F009ACCBFCB464FF0010BE5
:1028F0000346934400272946012220460193FEF710
:10290000D9FF51460546FFF74DF8002840F3AF8147
:102910001BF8013C009A0BF1FF3B04E05A4500F024
:10292000B1811BF8013D392B0BF10109F6D00133C0
:102930008BF8003051462046FEF7D4FD56B12FB13A
:10294000B74203D039462046FEF7CCFD314620463B
:10295000FEF7C8FD29462046FEF7C4FD002389F88E
:102960000030DDE904231A601B9B002B3FF4FEAC12
:102970000098C3F800900FB0BDEC028BBDE8F08F5B
:10298000C0F11C00069B03440693099B0344099372
:1029900080446FE7C2F1200206FA02F207EE102A25
:1029A00009E5012663E501463A462046FEF722FF87
:1029B000019B012B824640F3C58100230893DAF87E
:1029C00010200AEB82021069FEF7E8FDC0F120003A
:1029D00044E700BF10050020200D002031460023F1
:1029E0000A222046FEF788FD0B9B002B064640F38B
:1029F000CE8204979946099B002B05DD31461A4685
:102A00002046FEF757FF0646089B002B40F0EB815F
:102A1000B046029B009F03F001027B1E4B440893CB
:102A2000019B0A921343099351462846FFF7CEFBB8
:102A3000314683462846FEF7B5FF42465146814659
:102A40002046FEF7D1FFC26801460BF13003002A91
:102A500042D1CDE906032846FEF7A4FF069902906D
:102A60002046FEF73FFD029A079B1AB909990029F3
:102A700000F07E82B9F1000FC0F28381019949EA2A
:102A800001090A9951EA090900F07B81002A00F343
:102A9000C681089A3B7007F101099742CB4600F0C6
:102AA000C481294600230A222046FEF725FD46451B
:102AB000054631464FF000034FF00A02204612D07F
:102AC000FEF71AFD4146064600230A222046FEF77D
:102AD00013FD4F468046A7E720460293FEF702FD0E
:102AE000029B0122C6E7FEF707FD4F4606468046D9
:102AF0009AE7019B022B71DC079B002B7FF47BAFD5
:102B0000049B5146013328460493FFF75FFBDDF831
:102B100000B000F130030BF8013B0027EBE6514613
:102B20002846FEF73FFF0028BFF6BAAE294600232D
:102B30000A222046FEF7E0FC049B5F1E079B054629
:102B4000002B7FF44BAF0B9B002B40F31882994670
:102B5000B1E6BC4B00930333A4E41C2012E7DDE98B
:102B6000020100287FF474AEC1F31302002A00F0C2
:102B7000F480029B08936DE601230793049B5B445A
:102B800003F10109B9F1010FCC460B93B8BF4FF027
:102B9000010C0021BCF1170FE1637FF7BCAC0120F1
:102BA0000422520002F114036345014600F10100C2
:102BB000F7D9E163AFE401230793BBF1000F52DDC6
:102BC000CDF82CB0D946DC46E3E700230793D5E7E0
:102BD00000230793F1E7DDF82C900497B9F1000F7B
:102BE0007FF4A1AD51464B4605222046FEF784FCFA
:102BF000014682462846FEF7D5FE00287FF793ADB2
:102C0000049B03F1010B009B3122984603F8012B32
:102C1000009351462046FEF765FC0BF10103DDF8F9
:102C200000900493CDF80080002E7FF48FAE91E6E3
:102C3000A3EB0A0AC5E5314652462046FEF7DAFD07
:102C40002A46014606462046FEF726FD2946054649
:102C50002046FEF747FCEAE50220B0EE485B81E43F
:102C6000C0F13C008EE64FF0010BD9464FE403D192
:102C7000019BDB073FF54CAED9461BF8013D302BDD
:102C8000FAD057E6049B009A013304933123137062
:102C900050E6BAF1000F00F0238102F23342069BA6
:102CA00009931344DDF820A00693904492E507EEC3
:102CB000900AB1EE0C5BB8EEE77BA6EE075B15EE73
:102CC000902A51EC150BA2F1507141EC150BB1EEAD
:102CD000047B36EE477BB4EEC57BF1EE10FA00F3D1
:102CE0003781B1EE455BB4EEC57BF1EE10FA7FF5AE
:102CF000FBAC4FF0000A564615E500F0F580049B4A
:102D000051495A4202F00F0001EBC00191ED006BF6
:102D1000121128EE066B00F04281B0EE467B4B4963
:102D200000260220D30705D591ED005B0130012676
:102D300027EE057B521001F10801F3D1002E06FEAB
:102D4000076B1EE4029B002B7FF437AEDDE9020126
:102D5000C1F31302002A40F037813D4A0A40002A9D
:102D600000F0FA80069B01330693012308F1010865
:102D700008936FE52946089A2046FEF73BFD054675
:102D80005AE5002A12DD2946012220460193FEF76A
:102D900091FD51460546FEF705FE0028019B40F3D4
:102DA000E180392B00F0CA800BF13103B94609F8F4
:102DB000013B049B0133374604934646BAE538EE9F
:102DC000088BB4EEC68BF1EE10FA0ADCB4EE468B3B
:102DD000F1EE10FA7FF4DCAC17EE103AD8077FF56D
:102DE000D7AC009A54E471682046FEF755FB0746BD
:102DF000002800F0DE80336902339A0006F10C01EE
:102E00000C30F8F7F5FA394601222046FEF752FD5C
:102E10008046FEE5069BA3EB09030993DAE4392B10
:102E200000F08C80B9460133C1E7049A013237467D
:102E3000049246465FE529462046FEF7DBFC054640
:102E4000FAE400BF800C002010050020E8040020F8
:102E50000000F07F5E4BFDEEC65B03EBC20C1CED89
:102E6000023BB8EEE57B36EE477B41EC160B15EEE8
:102E7000901A23EE063B00983031012A00F8011B1E
:102E800000F08380B2EE044B009B991827EE047B80
:102E9000FDEEC76B16EE903A303300F8013B8142ED
:102EA000B8EEE65B37EE457BF0D1B6EE006B33EE65
:102EB000065BB4EEC75BF1EE10FA3FF5E3AB36EE1E
:102EC000436BB4EEC76BF1EE10FA7FF70DAC894699
:102ED000013919F8013C302BF9D0731C049339E502
:102EE0000C9AC2F13602DAE60220B0EE486BFFF728
:102EF00048BBB9F1000F3FF4DAAE0B9A002A7FF716
:102F0000F3ABB2EE044B26EE046B013007EE900AF1
:102F1000049BB8EEE75BB1EE0C7BA6EE057B17EEEB
:102F200090CA51EC170B5E1EACF15071FFF747BB16
:102F3000049B013304933123FFF7B1BB049BBB46D1
:102F400001330493392337460BF8013B4646E1E44D
:102F50004FF0000A564653E608927BE4731C049334
:102F60008946F7E47FF422AFDA077FF51FAF18E751
:102F7000392BE3D0B9F1000F3FF716AF16E7019BED
:102F8000022B3FF728AE0497BAE501468DE7019B77
:102F9000022B3FF720AEDDF82C9004972BE50220A2
:102FA000FFF7EFBA0B4B0C48002240F2AF11FFF7CE
:102FB000B1F8084B08483A4640F2EF21FFF7AAF86B
:102FC000064B0093FFF7D2B9029B0893F7E400BFCA
:102FD00010050020F80A0020840C0020740C00204A
:102FE0000EB410B583B005AB064C53F8042B019317
:102FF0000146206800F0C4F803B0BDE8104003B0FB
:10300000704700BF501800202DE9F04F93681768F3
:1030100083B09246002B70D081468A6808680C46BF
:10302000083743E0A38913F4906F2ED0D4E9041637
:10303000A0EB010806EB460606EBD67608F1010088
:1030400076102844B042324684BF064632465B05BD
:1030500037D511464846FBF7E7FA019000283AD0E9
:1030600042462169F8F7C4F9A289019B22F49062D3
:1030700042F08002A281A6EB080203EB0800666121
:10308000A260236120602E46A84642465946FCF7BE
:103090008BF8DAF80830A2682068921B40445B1B6A
:1030A000A2602060CAF808303BB3083757E902B580
:1030B000002DFAD0AA4216469046B3D92E46A8460D
:1030C000E3E74846FBF76CFD03460028D3D12169AE
:1030D0004846FCF721FBA3890C2243F04003C9F8C2
:1030E00000204FF0FF30A38100220023CAF80820FF
:1030F000CAF8043003B0BDE8F08F00200023CAF8FE
:10310000043003B0BDE8F08F2DE9F84F4B6E9C04FE
:1031100090462DD59368126843B38B46064602F15C
:10312000080959E9025A5FEA9A0715D0043D0024BC
:1031300001E0A7420ED055F8041F5A46304601F070
:103140005BFA431C04F10104F3D10023C8E9013305
:10315000BDE8F88FD8F808302AF0030AA3EB0A0379
:10316000C8F8083009F10809002BDAD10020ECE793
:1031700001F00CF80023C8E90133BDE8F88F00BF67
:103180002DE9F04F2DED028BC5B00DF1500A8346AD
:1031900008EE101A16460021082250461C460793D6
:1031A000FCF77EF8BBF1000F04D0DBF83430002BC5
:1031B00000F0A08618EE102A536EDB0740F113854D
:1031C000B2F90C108AB295040BD418EE103A41F4FF
:1031D000005199815B6E8AB218EE101A23F40053E5
:1031E0004B66100740F1058118EE103A1B69002B61
:1031F00000F0FF8002F01A030A2B00F00A8100237E
:10320000CDE91933CDE90D331BAA0C9318929146E1
:103210000B930593B0464446A84BD3F8E450FCF713
:10322000F5F82246034612A9CDF800A05846A84753
:10323000002800F04581C0F23981129A252A034600
:1032400001D01C44E8E7B4EB0806054640F03C8199
:10325000002361788DF8433004F1010806934FF0A4
:10326000FF371E462B2408F10108A1F120035A2B39
:1032700000F27881DFE813F0B50276017601B00242
:103280007601760176016A00760176017D028D0273
:10329000760188029702760192025B005B005B0078
:1032A0005B005B005B005B005B005B00760176010E
:1032B00076017601760176017601760176015C026F
:1032C0008400760176017601760176017601760139
:1032D000760176017601E800760176017601330207
:1032E0007601DA02760176018B05760176017601A8
:1032F00076017601760176017601760176015C022F
:103300008600760176017601CD0286007F00760187
:10331000C0027601FD02EA00ED027F007601330271
:103320007C006905760176016B0576017C00A1F1D0
:103330003003002218F8011B02EB820203EB420269
:10334000A1F13003092BF5D906928EE75846FEF716
:10335000D9FD43680D931846FCF7DCF80E9005463E
:103360005846FEF7CFFD83680B93002D40F0D684BE
:1033700098F8001077E798F8001046F0200672E7FA
:1033800046F01006B40640F18E81079B073323F008
:1033900007031A46596852F8083B07920A46002963
:1033A000C0F27084791C00F0A28526F080010391A0
:1033B00053EA020100F03F840A2B72F1000180F011
:1033C000418530338DF80F31039E012304930DF2B4
:1033D0000F14049BBB42B8BF3B46039300230893E2
:1033E0009DF84330002B00F0CB80039B0133039307
:1033F000C6E018EE101A584618EE105A01F040F8C0
:10340000002840F05286AA8902F01A030A2B7FF4A2
:10341000F6AE18EE101AB1F90E30002BFFF6EFAE33
:103420004B6EDB0702D4970540F1128618EE101A96
:1034300023463246584600F069FE0590059845B08F
:10344000BDEC028BBDE8F08F46F0100616F02002AE
:1034500000F03681079B073323F0070319465A68AB
:1034600051F8083B079126F4806103910021002068
:103470008DF84300781C00F01082039820F080063D
:1034800053EA020040F00882002F40F038850029FE
:1034900040F0D583039B13F00103049300F01184E3
:1034A00030238DF80F310DF20F1492E7082200211E
:1034B0005046FBF7F5FE01231C44ADE6C812002080
:1034C000B4EB080605461BD0199B1A9A0133324407
:1034D000072BC9E900861A9219931CDD002A00F017
:1034E000A68318EE101A18AA5846FFF70DFE20BB47
:1034F0000DF16C09059B33440593002D7FF4A8AEB4
:103500001A9B002B40F0C18518EE103A0022B3F947
:103510000C30199215E009F10809EBE718EE101AC2
:1035200018AA5846FFF7F0FD002800F0A680089B77
:103530001BB108995846FCF7EFF818EE103AB3F9AA
:103540000C3018EE102A526E12F0010F9AB200F0F1
:10355000A080500600F1B285059845B0BDEC028B05
:10356000BDE8F08F0029CBD000238DF84330012334
:10357000CDE903338DF8AC102BAC002308931F4624
:1035800016F00203099302D0039B0233039316F053
:1035900084030A9305D1069B039A9D1A002D00F31C
:1035A0007B82DDE91903411C9DF8432082B1012291
:1035B0000133C9F8042007290DF14302CDE919139D
:1035C000C9F8002000F34A82084609F108090131D0
:1035D000099AE2B111AA0233C9F8002007294FF075
:1035E0000202CDE91913C9F8042040F35082002BE0
:1035F00000F0438318EE101A18AA5846FFF784FD0E
:10360000002894D1DDE919030DF16C09411C0A9AD7
:10361000802A00F08481049ABD1A002D00F3D7811E
:10362000049AC9F8004013440729CDE91913C9F8D1
:10363000042040F36E81002B00F0758218EE101A02
:1036400018AA5846FFF760FD00287FF470AF1A9B58
:103650000DF16C09750705D5069A0399541A002CCB
:1036600000F36B82DDE9052103988142ACBF52185B
:1036700012180592002B7FF451AF0899002319937B
:10368000002900F049815846FCF746F80DF16C0915
:10369000C1E59C053FF55DAF18EE104AA06DFBF744
:1036A00019FFA28955E7F006079A00F11F837106FA
:1036B00040F1198332F9043B0792DA1711466EE69E
:1036C00016F01003079940F0098316F0400000F04F
:1036D00001831A4651F8043B07919BB2C3E6079B4E
:1036E0001A4600238DF84330134653F8044B0393D6
:1036F000002C00F01284532900F0658316F01005A9
:1037000040F061837B1C00F0B3843A462946204692
:10371000FEF740FC0890002800F09F84031B039AEA
:10372000049323EAE3732F4607920393089557E621
:10373000432902D0F50640F12D83079D0822002180
:1037400016A82BACFBF7ACFD16AB55F8042B2146A5
:103750005846FEF76FFC03460133049000F0B38433
:10376000049B079523EAE373039300238DF843300A
:1037700003E7079B53F8042B0692002A80F29C82F1
:10378000069A5242CDE9062398F8001046F0040646
:1037900069E598F800108DF8434064E598F800104A
:1037A00046F080065FE5424612F8011B2A2900F028
:1037B0009684A1F13003092B90464FF000073FF6A5
:1037C00054AD18F8011B07EB870703EB4707A1F17E
:1037D0003003092BF5D948E598F8001046F00106AA
:1037E00041E59DF84330002B7FF4C2AD202398F8CB
:1037F00000108DF8433036E598F800106C2903BFAF
:1038000098F8011046F0200608F1010846F010066D
:1038100029E598F80010682903BF98F8011046F4CC
:10382000007608F1010846F040061CE546F010035A
:103830000393039B13F0200200F00682079B0733DB
:1038400023F0070319465A6851F8083B07910121F4
:103850000DE6079A46F00203039352F8043B0792E1
:1038600047F63002ADF84420B84A0C9202210022FB
:10387000FDE5B70600F14882F50600F146837406BF
:1038800000F1D583B00540F14083079B059953F8BB
:10389000042B07931170BEE4039601293FF48CAD0D
:1038A000022944AC11D10C9803F00F011B09415CB3
:1038B00004F8011D43EA0273120953EA0201F3D12D
:1038C000039E44AB1B1B049383E503F00701DB0855
:1038D00043EA4273D208303153EA0205204604F825
:1038E000011DF2D1039EF307EBD53029E8D0302338
:1038F000023804F8013C44AB1B1A039E04930446AF
:1039000067E5049B1B9401221C931A9319920DF1F5
:103910006C0909F108099DE60DF16C097BE4069A32
:10392000039D551B002D7FF776AE102D40F3BB8312
:10393000099418EE104A07E000F1020C09F1080999
:103940001046103D102D1EDD8149C9F80010421CA3
:1039500010331021072ACDE91923C9F80410EBDD33
:1039600018AA002B74D0214658460DF16C09FFF7B8
:10397000CBFB00287FF4DBADDDE91903103D102DF2
:1039800000F1010CE0DC099C714AC9F804502B4499
:10399000BCF1070FCDE919C3C9F8002040F39481A9
:1039A000002B00F01F8318EE101A18AA5846FFF7D4
:1039B000ABFB00287FF4BBAD049ADDE91903BD1A07
:1039C000002D00F101010DF16C097FF729AE102DDA
:1039D00029DD0994102718EE104A07E000F1020CC7
:1039E00009F108091046103D102D1ADD421C5849F6
:1039F0001033072AC9E90017CDE91923EEDD18AA0B
:103A000003B3214658460DF16C09FFF77DFB0028F2
:103A10007FF48DADDDE91903103D102D00F1010C8F
:103A2000E4DC099C61464A4AC9F804502B44072942
:103A3000CDE91913C9F8002000F3E78009F108095E
:103A40000131EDE54FF0010C18460DF16C09CAE7A4
:103A50004FF0010C18460DF16C0972E7002B00F0D5
:103A6000048118EE101A18AA5846FFF74DFB0028DB
:103A70007FF45DADDDE919030DF16C09411CA7E58B
:103A8000022311AA1C931B9201210DF16C09084617
:103A900009F10809411CBAE5102D40F3E582DDE982
:103AA00019130F94084618EE104A07E000F1020CB3
:103AB00009F108091046103D102D1DDD2549C9F8F2
:103AC0000010421C10331021072ACDE91923C9F830
:103AD0000410EBDD18AA03B3214658460DF16C091A
:103AE000FFF712FB00287FF422ADDDE91903103D3A
:103AF000102D00F1010CE1DC0F9C6046154AC9F85D
:103B000004502B440728CDE91903C9F8002000F31D
:103B1000C18009F10809411C46E518464FF0010C27
:103B20000DF16C09C7E77607199353D5069A0399E7
:103B3000541A002C4EDD0DF16C09102C40F3B082AC
:103B4000199918EE106A10250DE000BFF00C002046
:103B500070110020340D0020881C09F1080911465D
:103B6000103C102C1ADD4A1CB3481033072AC9E94F
:103B70000005CDE91923EFDD18AA33B331465846C5
:103B8000FFF7C2FA00287FF4D2ACDDE91913103C2C
:103B9000102C01F101000DF16C09E4DCA64AC9F812
:103BA000044023440728CDE91903C9F800207FF712
:103BB00059AD7BB118EE101A18AA5846FFF7A4FAAF
:103BC00000287FF4B4AC1A9B4CE5012019460DF196
:103BD0006C09C5E7DDE9053203998A42ACBF9B1841
:103BE0005B18059349E5B2F90C108F0518EE103AF1
:103BF0008AB23FF5E8AA18EE105A986DFBF768FCF8
:103C0000B5F90C108AB2FFF7DEBA002B3FF479AE9B
:103C100018EE101A18AA5846FFF776FA00287FF413
:103C200086AC19991A9B01310DF16C09F8E41992CF
:103C30000DF16C095EE4002F7FF4C3AB039E0027F7
:103C4000049744ACFFF7C5BB039B13F0100354D19A
:103C5000039A12F0400000F06B8107991A4651F860
:103C6000043B07919BB2012101E4099A002A64D127
:103C7000184601210DF16C09C9E4012118460DF126
:103C80006C09C4E45B4262EB420203962D200121E1
:103C9000FFF7EEBB002B00F0888018EE101A18AA70
:103CA0005846FFF731FA00287FF441ACDDE91903EB
:103CB0000DF16C09411C77E498F800100793FFF7A9
:103CC000D2BA44ACFFF785BB09F108090CF1010138
:103CD0006046A0E416F4007240F0978151F8043B6E
:103CE0000791FFF7C0BBB30500F1888152F8043B90
:103CF0000792DA171146FFF752BB079951F8043BB8
:103D000007910121FFF7B3BB079B059853F8041BEC
:103D10000793C217C1E90002FFF77DBA0B9B002B86
:103D20003FF426AB0B9B1B78002B3FF421AB98F89C
:103D3000001046F48066FFF796BA022311AA1C937E
:103D40001B9201200DF16C09A2E6039671E53B4B35
:103D50000C9316F0200259D0079B073323F007037A
:103D600018465A6850F8083B0790F40709D553EAFB
:103D7000020006D08DF84510302146F002068DF87D
:103D8000441026F4806103910221FFF770BB2C4B95
:103D90000C93DEE7079B012153F8042B03918DF868
:103DA000AC20079304912BACDFE49DF84320002A5C
:103DB00040F03281099A002A7FF462AE1846012150
:103DC0000DF16C0927E40021082216A81394FBF7D3
:103DD00067FA791C00F0BC80002507942C460CE0A3
:103DE0002BA95846FEF726F9421C204400F06B81AF
:103DF000B84208DC00F070810446139A525916ABA1
:103E00000435002AECD10494079CAFE016F01003AF
:103E100007980CD116F0400405D01A4650F8043B20
:103E200007909BB2A1E716F4007240F0E18050F8D1
:103E3000043B079099E700BF340D0020F00C0020F0
:103E4000040D00200399049744AC9E4608EE90BAF6
:103E500001F480664FF0000C234606E0BEF10A0F25
:103E600072F1000239D3A6462A46A6491EEB02008B
:103E700040F100000F46A1FB001424F0030101EB08
:103E80009401401ABEEB00014FF0CC3562F1000402
:103E900005FB01F507FB0455A1FB07410D44052770
:103EA00004F00101A1FB071B09186408303103F875
:103EB000011C44EAC5740CF1010C013B6D08002E95
:103EC000CCD00B9909786145C8D1BCF1FF0FC5D0A2
:103ED000BEF10A0F72F100026CD21C4644AB1B1BF0
:103EE000049F039E049318EE90BAFFF772BA0396EC
:103EF000FFF762BA5846FBF7D5F8FFF75BB901291F
:103F000003967FF4CDACFFF75CBA079B059953F895
:103F1000042B11600793FFF77EB9062F3B46039AE7
:103F2000794C079228BF062304930393FFF725BB20
:103F3000039B079913F4007214BF51F8043B51F826
:103F4000043B07911CBF0246DBB20121FFF78FBA89
:103F500016AB00930023194613AA5846FEF790F8B3
:103F600003460133049000F0AE801394049B002BB1
:103F700030D0632B63DC002308932BAC0822002194
:103F800016A8FBF78DF9049D16AB009313AA2B46D8
:103F900021465846FEF774F8854240F0AB80039BFB
:103FA000049A07930023A3541F4622EAE273039363
:103FB000FFF716BA0E9A0D999B1A18460893FBF74D
:103FC000C1F90B99089B4A780AB101310B914FF066
:103FD000000C48E7039B0793049B03931F46089339
:103FE000FFF7FEB9012118460DF16C09FFF713BB6D
:103FF00050F8043B07902246DBB2B6E612F9043BC8
:104000000792DA171146FFF7CAB951F8043B079136
:104010000246DBB2FFF727BA01231C9301210DF101
:1040200043031B930DF16C090B46FFF7CDBA079BB9
:10403000059953F8042B07931180FFF7ECB8591C2E
:104040005846FAF7F1FA044600283CD0089095E764
:10405000886DFBF73FFAFFF7E9B9039B0793CDE9BA
:104060000377089FFFF7BCB919981A9B013045E503
:10407000039B07932046FBF74DFA20EAE0732F4697
:10408000049003930895FFF7ABB918EE101A18AA1D
:104090005846FFF739F800283FF436AAFFF74DBA23
:1040A000199801307AE58C466EE46B6ED90705D419
:1040B000AB899A0502D4A86DFBF70CFA4FF0FF33D9
:1040C0000593FFF749BA18EE102AB2F90C3043F005
:1040D00040039381FFF735BA079C049746E7079B97
:1040E00098F8011053F8047B0793904647EAE77766
:1040F000FFF7B9B818EE102A938943F04003938173
:10410000FFF715BACDCCCCCC180D002070B50C46FD
:104110008989ADF58E6D21F00201ADF81410616E44
:104120001B91E189ADF81610E1690991616A0B9163
:104130001CA9029106914FF48061064604910791F3
:1041400018A80021CDE900320891FBF7BDF9DDE99F
:10415000003202A93046FFF713F8051E07DB02A95B
:104160003046FDF751FE002818BF4FF0FF35BDF86F
:1041700014305B0603D5A38943F04003A38118984C
:10418000FBF7A4F928460DF58E6D70BD9368002BE2
:1041900000F085802DE9F04FB1F90C300C4619077D
:1041A000804683B0174698B225D523691BB310F01B
:1041B00002033D682DD04FF0000ADFF8C0B256462A
:1041C000B9465E453346524628BF5B464046002E00
:1041D00052D0E169676AB847002856DDD9F808303F
:1041E0001B1A8244361AC9F80830002BE9D1002086
:1041F00003B0BDE8F08F2146404600F041F90028A9
:1042000040F03881B4F90C303D6898B210F00203E8
:10421000D1D110F0010944D14E46009746B3820532
:10422000D4F808B040F18580B3455A4600F2B48016
:1042300010F4906F40F0C180206801924946FAF76F
:10424000B3FFA368019AA3EB0B012368A160134499
:10425000B24623600026009A9368A3EB0A03D14478
:104260009360002BC3D0B4F90C0080B2002ED6D1DD
:10427000D5E900960835D1E7D5E900A60835A0E7CD
:1042800021464046FDF7C0FD88B3B4F90C3043F039
:1042900040034FF0FF30A38103B0BDE8F08F002052
:1042A00070471E46BA469946184600951F4666B3A3
:1042B000002832D04A46D4E904132068A568B242E7
:1042C00028BF3246884204D905EB030B5A4500F358
:1042D000A780934264DCE169656A3A464046A84794
:1042E000B0F1000BD1DDB9EB0B09C9D00120DAF830
:1042F0000830A3EB0B035F44A6EB0B06CAF80830AB
:10430000002B3FF474AF002ED2D1009A56681346AA
:1043100008320092002EF8D01F6832460A21384633
:10432000FDF738FE002800F09C800130A0EB070963
:10433000C0E720682369984216D86269B24213D850
:104340006FF00043B34228BF3346E16993FBF2F3B9
:10435000676A02FB03F340464A46B847B0F1000AD9
:1043600093DDA6EB0A0676E7B345DA4628BFB246E8
:1043700052464946FAF718FFA3682268A3EB0A03DE
:104380005244A3602260002BEBD121464046FDF74A
:104390003BFD0028E5D078E72068B34632464CE77D
:1043A00039460192FAF700FF019AA3689B1AA360AD
:1043B000236813442360934695E723682169A3EBA0
:1043C000010B636903EB430A0AEBDA7A0BF1010391
:1043D0004FEA6A0A33445345524684BF9A465246CE
:1043E00043052CD511464046FAF71EF900283BD06C
:1043F0005A4621690190F6F7FBFFA289019B22F43E
:10440000906242F08002A28103EB0B002361AAEBD1
:104410000B03C4F814A0A3602060B34632460CE737
:1044200039465A46FAF7C0FE23685B4423602146AA
:104430004046FDF7E9FC00283FF455AF25E740462C
:10444000FAF7AEFB03460028DED121694046FBF7B0
:1044500063F9B4F90C300C2223F08003C8F8002073
:1044600015E7721C914626E70C22B4F90C30C8F807
:1044700000200CE74FF0FF30BAE600BF00FCFF7FE2
:1044800038B5314B1B6805460C4613B15A6B002AF0
:104490004ED0B4F90C3018079AB21CD5216929B353
:1044A00012F0010007D00020A06060694042A061C6
:1044B00039B1002038BD950758BF6069A060002958
:1044C000F7D1120658BF0846F4D543F04003A38144
:1044D0004FF0FF3038BDD1062ED5520714D42169D4
:1044E00043F00803A3819AB20029D9D102F42070C5
:1044F000B0F5007FD4D02146284600F047F9B4F942
:104500000C3021699AB2CBE7216B51B104F1400222
:10451000914204D02846FBF7FFF8B4F90C30002292
:10452000226321690022C4E9001223F02403D7E7A3
:104530001846FAF7B7FDACE7092243F040032A60BA
:104540004FF0FF30A38138BD501800202DE9F0470F
:1045500082B0824688461446FAF758FF012803D1F4
:1045600008F1FF33FE2B36D90DF10409424604F160
:104570005C0349465046FDF75DFD421C064632D0BD
:1045800020B39DF804C0002509E023685A1C22606E
:1045900083F800C00135B54218D219F801CFA368DD
:1045A000013B002BA360F0DAA769BB4261462246BB
:1045B000504602DBBCF10A0FE7D100F053F9431C6F
:1045C000E8D10646304602B0BDE8F08746463046A0
:1045D00002B0BDE8F0875FFA88FC8DF804C006469B
:1045E0000DF10409CFE7A389304643F04003A381CE
:1045F00002B0BDE8F08700BF30B5536E13F0010F75
:10460000B2F90C30144683B005469AB201D1980530
:104610001CD5900406D4626E43F4005342F4005259
:10462000A381626622462846FFF790FF636EDA0791
:10463000054602D4A3899B0502D5284603B030BDA8
:10464000A06DFAF747FF284603B030BDA06D019179
:10465000FAF73EFFB4F90C3001999AB2D9E700BFDE
:104660002DE9F04F8BB0DDE9158A149F0391814647
:1046700005921E46B8F1000F5CD0039B002B5ED064
:10468000059B1D68002F6AD0741E4EB3039B0493D4
:10469000043D002601950BE0039B2BBB019B1A6890
:1046A000002A3AD0BC455CD2013C631C664617D058
:1046B000D8F800300293019BDAF8E05053F8042F49
:1046C000019307A943464846D8F804B0A847421CBE
:1046D0003AD000EB060CBC45DED9029BC8E9003B92
:1046E00030460BB0BDE8F08F00280EDD049B019D25
:1046F00018445A1E07A900F1FF3E11F8013B02F8C9
:10470000013F7245F9D101950490059B1A68043266
:104710001A60019B1A68002AC4D1039B0BB1059B48
:104720001A600CF1FF3600223046C8F800200BB0AA
:10473000BDE8F08F039B00F58678002BA0D1059B88
:104740004FF0FF371D689FE706468A21002230465A
:10475000C9F80010C8F800200BB0BDE8F08F3E4645
:10476000BEE76646BCE700BF10B584B0054C0698AE
:10477000009007980190044800680294FFF770FFCA
:1047800004B010BDC8120020501800202DE9F041DF
:104790008B890C46990796B008D504F14303012292
:1047A000C4E90432236016B0BDE8F081B4F90E10FC
:1047B0000029064625DB6A4600F0ACF800281FDB1E
:1047C000019D05F47045A5F50055B5FA85F54FF442
:1047D00080686D094FF4006741463046F9F724FFC1
:1047E000E0B1B4F90C30C4F8148043F080032060C9
:1047F0002061A38135BB3B43A38116B0BDE8F081A6
:10480000A38913F0800519D04FF0400800254146D8
:1048100030462F46F9F708FF0028E2D1B4F90C30F2
:104820009A05C0D423F0030304F1430243F00203CA
:104830000121C4E90421A3812260B4E74FF4806818
:104840002F46C9E7B4F90E10304600F079F810B9D8
:10485000B4F90C30CFE7A38923F0030343F001033D
:104860001BB2C8E7F8B50D461446064610B1436BB7
:10487000002B4CD0B4F90C20A369A360170790B2A9
:104880001BD52369CBB1EDB281042F4622D5226816
:104890006169D31A994229DD0133A1680139A16008
:1048A000511C2160157062699A4227D0A389DB07E9
:1048B00001D50A2D22D03846F8BD21463046FFF7F3
:1048C000DFFD08BBB4F90C20236990B2EDB281047E
:1048D0002F46DCD442F40052A281626E616922F458
:1048E000005262662268D31A9942D5DC21463046CE
:1048F000FDF78AFA40B922680123CEE72146304607
:10490000FDF782FA0028D6D04FF0FF37D3E7FAF749
:10491000C9FBAFE770B50C46084D0346002620469C
:1049200011461C462E60F7F79DF8431C00D070BD61
:104930002B68002BFBD0236070BD00BF74270020C4
:1049400038B5074D0022044608462A60F7F790F86C
:10495000431C00D038BD2B68002BFBD0236038BD32
:10496000742700205FF800F0691600605FF800F01F
:10497000151600605FF800F0A11B00605FF800F002
:044980004D1B00606B
:04498400F8B500BFC3
:08498800B48BFF7F0100000069
:104990000000000000000000000000000000000017
:1049A0000000000000000000000000000000000007
:1049B00000000000000000000000000000000000F7
:1049C00000000000000000000000000000000000E7
:1049D00000000000000000000000000000000000D7
:1049E00000000000000000000000000000000000C7
:1049F00000000000000000000000000000000000B7
:104A000000000000000000000000000000000000A6
:104A10000000000000000000000000000000000096
:104A20000000000000000000000000000000000086
:104A30000000000000000000000000000000000076
:104A40000000000000000000000000000000000066
:104A50000000000000000000000000000000000056
:104A60000000000000000000000000000000000046
:104A70000000000000000000000000000000000036
:104A80000000000000000000000000000000000026
:104A90000000000000000000000000000000000016
:104AA0000000000000000000000000000000000006
:104AB00000000000000000000000000000000000F6
:104AC00000000000000000000000000000000000E6
:104AD00000000000000000000000000000000000D6
:104AE00000000000000000000000000000000000C6
:104AF00000000000000000000000000000000000B6
:104B000000000000000000000000000000000000A5
:104B10000000000000000000000000000000000095
:104B20000000000000000000000000000000000085
:104B30000000000000000000000000000000000075
:104B40000000000000000000000000000000000065
:104B50000000000000000000000000000000000055
:104B60000000000000000000000000000000000045
:104B70000000000000000000000000000000000035
:104B80000000000000000000000000000000000025
:104B90000000000000000000000000000000000015
:104BA0000000000000000000000000000000000005
:104BB00000000000000000000000000000000000F5
:104BC00000000000000000000000000000000000E5
:104BD00000000000000000000000000000000000D5
:104BE00000000000000000000000000000000000C5
:104BF00000000000000000000000000000000000B5
:104C000000000000000000000000000000000000A4
:104C1000000000000000F03F748515D3B0D9EF3FCD
:104C20000F89F96C58B5EF3F515B12D00193EF3FFC
:104C30007B517D3CB872EF3FAAB968318754EF3F92
:104C40003862756E7A38EF3FE1DE1FF59D1EEF3F4B
:104C500015B7310AFE06EF3FCBA93A37A7F1EE3F71
:104C60002234124CA6DEEE3F2D89616008CEEE3F65
:104C7000272A36D5DABFEE3F824F9D562BB4EE3F42
:104C8000295448DD07ABEE3F85553AB07EA4EE3F90
:104C9000CD3B7F669EA0EE3F745FECE8759FEE3FD4
:104CA0008701EB7314A1EE3F13CE4C9989A5EE3F1B
:104CB000DBA02A42E5ACEE3FE5C5CDB037B7EE3F0D
:104CC00090F0A38291C4EE3F5D253EB203D5EE3F46
:104CD000ADD35A999FE8EE3F475EFBF276FFEE3F79
:104CE0009C5285DD9B19EF3F6990EFDC2037EF3F49
:104CF00087A4FBDC1858EF3F5F9B7B33977CEF3F2B
:104D0000DA90A4A2AFA4EF3F40456E5B76D0EF3FB0
:104D1000000000000000E8429423914BF86AAC3F89
:104D2000F3C4FA50CEBFCE3FD6520CFF422EE63F20
:104D30000000000000003843FE822B654715474005
:104D40009423914BF86ABC3EF3C4FA50CEBF2E3F79
:104D5000D6520CFF422E963FBEF3F879EC61F63F37
:104D60001930965BC6FEDEBF3D88AF4AED71F53F58
:104D7000A4FCD432680BDBBFB010F0F03995F43FDF
:104D80007BB71F0A8B41D7BF8503B8B095C9F33FE6
:104D90007BCF6D1AE99DD3BFA564880C190DF33F35
:104DA00031B6F2F39B1DD0BFA08E0B7B225EF23F8B
:104DB000F07A3B1B1D7CC9BF3F341A4A4ABBF13F06
:104DC0009F3CAF93E3F9C2BFBAE58AF05823F13FA5
:104DD0005C8D78BFCB60B9BFA70099413F95F03F8C
:104DE000CE5F47B69D6FAABF000000000000F03FF5
:104DF0000000000000000000AC479AFD8C60EE3F10
:104E00003DF5249FCA38B33FA06A021FB3A4EC3F0C
:104E1000BA913854A976C43FE6FC6A573620EB3F76
:104E2000D2E4C44A0B84CE3F2DAAA163D1C2E93F8C
:104E30001C65C6F04506D43FED417803E686E83FA1
:104E4000F89F1B2C9C8ED83F624853F5DC67E73FE8
:104E5000CC7BB14EA4E0DC3F4D7E0AF7B612D7BF43
:104E6000E0326849BFCADE3FDEE3FA9F4715E7BF7D
:104E7000B8C8355F4715F73F0080E03779C3414335
:104E8000176E05B5B5B89346F5F93FE9034F384DB0
:104E9000321D30F94877825A3CBF737FDD4F15755C
:104EA000000000000000F03F00000000000024406F
:104EB00000000000000059400000000000408F404A
:104EC000000000000088C34000000000006AF840B5
:104ED0000000000080842E4100000000D0126341D9
:104EE0000000000084D797410000000065CDCD414F
:104EF000000000205FA00242000000E87648374230
:104F0000000000A2941A6D42000040E59C30A242CD
:104F10000000901EC4BCD64200003426F56B0C4342
:104F20000080E03779C3414300A0D88557347643E9
:104F300000C84E676DC1AB43003D9160E458E1434A
:104F4000408CB5781DAF154450EFE2D6E41A4B44BF
:104F500092D54D06CFF08044F64AE1C7022DB54404
:104F6000B49DD9794378EA44BEF3F879EC61F63F11
:104F70001930965BC6FEDEBF3D88AF4AED71F53F46
:104F8000A4FCD432680BDBBFB010F0F03995F43FCD
:104F90007BB71F0A8B41D7BF8503B8B095C9F33FD4
:104FA0007BCF6D1AE99DD3BFA564880C190DF33F23
:104FB00031B6F2F39B1DD0BFA08E0B7B225EF23F79
:104FC000F07A3B1B1D7CC9BF3F341A4A4ABBF13FF4
:104FD0009F3CAF93E3F9C2BFBAE58AF05823F13F93
:104FE0005C8D78BFCB60B9BFA70099413F95F03F7A
:104FF000CE5F47B69D6FAABF000000000000F03FE3
:105000000000000000000000AC479AFD8C60EE3FFD
:105010003DF5249FCA38B33FA06A021FB3A4EC3FFA
:10502000BA913854A976C43FE6FC6A573620EB3F64
:10503000D2E4C44A0B84CE3F2DAAA163D1C2E93F7A
:105040001C65C6F04506D43FED417803E686E83F8F
:10505000F89F1B2C9C8ED83F624853F5DC67E73FD6
:10506000CC7BB14EA4E0DC3F0B6E49C91676D23F33
:105070007AC675A06919D7BFDDBAA76C0AC7DE3F2B
:10508000C8F6BE484715E7BF2BB82A654715F73F56
:10509000000000000000F03F000000000000F0BF32
:1050A000000000000000F0BF000000000000F03F22
:1050B00083C8C96D305F6441182D4454FB21F93F0A
:1050C000000000000000F03F1C620CFDFFFFDFBF8E
:1050D000198F06E15355A53F9D359AE887C056BF05
:1050E000C3F87B024393F93E03A695595455C5BFB7
:1050F000C40B23057610813F24CF7437EB9429BF6E
:10510000000000000000F03F000000000000F0BFC1
:10511000000000000000F0BF000000000000F03FB1
:1051200083C8C96D305F6441182D4454FB21F93F99
:10513000000000000000F0BF1C620CFDFFFFDF3F1D
:10514000198F06E15355A5BF9D359AE887C0563F94
:10515000C3F87B024393F9BE03A695595455C5BFC6
:10516000C40B23057610813F24CF7437EB9429BFFD
:1051700000005C430000A5430000DC430000003F4A
:105180000000003F0000003F00005C420000003FC4
:105190009A99993E0000003F3333B33E3333B33E18
:1051A00000009042CDCC0C3F0AD7233DCDCC4C3DE6
:1051B0000000003F9A99993E0000C03F6666263F76
:1051C0006666E63E9A99193F6666E63E0000803FB5
:1051D000E17A143FCDCC0C3F000000408FC2753CFB
:1051E0009A99993E000048440000003F0000C03FEB
:1051F00000000000000000000000804100000000EE
:10520000000000400000000000000000000000005E
:10521000000000000000000000000000000000008E
:10522000000000000000000000000000000000007E
:10523000000000000100000000005C430000A543E6
:105240000000DC430000003F0000003F0000003F82
:10525000CDCCCC3E3333333F0000003F0000003F55
:10526000000000000000000000000000000000003E
:10527000000000000000000000000000000000002E
:1052800048E13A3F000000007B142E3EC3F5A83EE3
:10529000F6281C3F5C8F423E85EBD13E1F852B3F9D
:1052A000AE47E13DE17A543F0000803F0000803F7F
:1052B00000000000010000000300000002000000E8
:1052C0000000000054533A207061643D2564256459
:1052D00025642063763D2564206973723D256C75D5
:1052E0000A000000435055200000000025206D6595
:1052F0006D2000003E3E3E2054532044494345006B
:105300000E0F1011121300006E616E00696E6600C0
:105310006F766600B9890000BD890000C189000070
:10532000C58900000000000000000000D9790000DD
:105330000000000000000000E99C000000000000E8
:1053400000000000D9140000000000000000000070
:105350000D8C0000BDA60000B9A60000B5A6000097
:10536000B1A60000ADA60000A9A60000A5A60000F9
:105370000000000000000000158000000000000098
:1053800000000000690900006744A13F93A9AA3FFB
:105390004BC8BF3F3945D73F00070A0C0703050735
:1053A0000003070F0C0A07000005070C0A07030596
:1053B000070A0E0C07050300FB000205070A0C0E86
:1053C00011000000FB000205070A0C0014AE47BFE5
:1053D0008FC2753D14AE473F750100007901000092
:1053E00081010000890100002C2066756E637469DC
:1053F0006F6E3A2000000000617373657274696F0C
:105400006E2022257322206661696C65643A2066ED
:10541000696C6520222573222C206C696E6520251D
:1054200064257325730A0000A2000000F9A20000A1
:1054300083F9A2006E83F9A24E6E83F9444E6E8307
:1054400015444E6E2915444EFC29154427FC291598
:105450005727FC29D15727FCF5D1572734F5D157C9
:10546000DD34F5D1C0DD34F5DBC0DD3462DBC0DD19
:105470009562DBC0999562DB3C999562433C9995B6
:1054800090433C994190433C42616C6C6F63207344
:105490007563636565646564000000002F566F6C7A
:1054A000756D65732F646174612F6A656E6B696ECB
:1054B000732F776F726B73706163652F474E552D35
:1054C000746F6F6C636861696E2F61726D2D31311D
:1054D0002F7372632F6E65776C69622D63796777BE
:1054E000696E2F6E65776C69622F6C6962632F73CA
:1054F00074646C69622F6D707265632E63000000C6
:105500000020202020202020202028282828282093
:10551000202020202020202020202020202020208B
:1055200020881010101010101010101010101010F3
:1055300010040404040404040404041010101010E3
:1055400010104141414141410101010101010101AD
:1055500001010101010101010101010110101010FF
:10556000101042424242424202020202020202027F
:1055700002020202020202020202020210101010D3
:1055800020000000000000000000000000000000FB
:10559000000000000000000000000000000000000B
:1055A00000000000000000000000000000000000FB
:1055B00000000000000000000000000000000000EB
:1055C00000000000000000000000000000000000DB
:1055D00000000000000000000000000000000000CB
:1055E00000000000000000000000000000000000BB
:1055F00000000000000000000000000000000000AB
:1056000000000000496E66696E6974790000000050
:105610004E614E002F566F6C756D65732F6461740B
:10562000612F6A656E6B696E732F776F726B737023
:105630006163652F474E552D746F6F6C63686169A8
:105640006E2F61726D2D31312F7372632F6E6577FE
:105650006C69622D63796777696E2F6E65776C6907
:10566000622F6C6962632F7374646C69622F647457
:105670006F612E6300000000494E46004E414E000F
:1056800030313233343536373839616263646566B8
:10569000000000003031323334353637383941427A
:1056A0004344454600000000286E756C6C290000DC
:1056B000300000002020202020202020202020203A
:1056C00020202020202020202020202020202020DA
:1056D0002020202000000042C8801F40B8821F40C8
:1056E0000800000000000042C4801F40B4821F4038
:1056F0000400000000C0004224801F4014821F40AC
:105700001000000000C0004228801F4018821F4087
:105710002000000000C000422C801F401C821F405F
:105720004000000000C0004234801F4024821F401F
:10573000000100000040004264811F4054831F406C
:10574000000400000040004280811F4070831F4021
:1057500000000200004000427C811F406C831F401B
:10576000000001000040004268811F4058831F4034
:1057700000080000004000423C811F402C831F4075
:10578000010000000040004244811F4034831F405C
:10579000040000000040004240811F4030831F4051
:1057A000020000000040004248811F4038831F4033
:1057B000080000000000004204811F40F4821F40E6
:1057C000000004000000004208811F40F8821F40D2
:1057D000000008000000004218811F4008831F409D
:1057E000000080000000004214811F4004831F401D
:1057F000000040000000004200811F40F0821F4076
:105800000000020000000042FC801F40EC821F40AC
:10581000000001000000004224811F4014831F404B
:10582000000000040000004228811F4018831F4030
:1058300000000008000000421C811F400C831F4034
:10584000000000010000004220811F4010831F4023
:105850000000000200000042EC801F40DC821F407C
:105860000010000000000042F0801F40E0821F4056
:10587000002000000000004234811F4024831F40AC
:10588000000000400000004238811F4028831F4074
:10589000000000800080004294801F4084821F40EE
:1058A0000000040000C0004290801F4080821F4022
:1058B0000000008000800042A8801F4098821F40A6
:1058C0000000800000800042A4801F4094821F409E
:1058D00000004000004000426C811F405C831F407C
:1058E0000010000000C0004230801F4020821F4096
:1058F0008000000000800042C8811F40B8831F4024
:105900000080000000800042C4811F40B4831F401B
:105910000040000000800042C0811F40B0831F4053
:105920000020000000800042BC811F40AC831F406B
:105930000010000000800042D0811F40C0831F4043
:105940000000020000800042CC811F40BC831F4049
:105950000000010005000000190000007D000000AB
:1059600007080C0B06050F000D0E010283840708C3
:105970000C0B06050F000D0E0102838401010004CB
:105980000100000401320101013202010110010194
:1059900001110101011201020103020601030106C6
:1059A00001120202020000010202000102010001D4
:1059B0000210000102220001022300010000000089
:1059C0000000000002210001022000010000000090
:1059D0000000000001300101013101010102000459
:1059E000010300040000000000000000012102018A
:1059F0000121010100000000000000000000000083
:105A00000110020101010201010101010100020175
:105A1000010001010102020101020101546F7563DD
:105A20006820626173656C696E65733A20256C64E9
:105A300020256C6420256C640A0000002E00000004
:105A40004C435F434F4C4C41544500004C435F4333
:105A500054595045000000004C435F4D4F4E455493
:105A6000415259004C435F4E554D45524943000049
:105A70004C435F54494D45004C435F4D45535341A2
:105A80004745530000010000541800201200000098
:105A900000060000881D00600A00000000020000EF
:105AA000F01C00609500000000070000581C00601A
:105AB0009500000000030000541C0060000000007E
:105AC00001030904301C0060000000000203090407
:105AD000101C00600000000003030904F41A0020F9
:105AE00000000000000000000000000000000000B6
:105AF00030303030303030303030303030303030A6
:105B00003030303030303030303030303030303095
:105B10000000000050250020B8250020202600208D
:105B20000000000000000000000000000000000075
:105B30000000000000000000000000000000000065
:105B40000000000000000000000000000000000055
:105B50000000000000000000000000000000000045
:105B60000000000000000000000000000000000035
:105B70000000000000000000000000000000000025
:105B80000000000000000000000000000000000015
:105B90000000000000000000000000000000000005
:105BA00000000000000000000100000000000000F4
:105BB0000E33CDAB34126DE6ECDE05000B000000B9
:105BC00000000000000000000000000000000000D5
:105BD00000000000000000000000000000000000C5
:105BE00000000000000000000000000000000000B5
:105BF00000000000000000000000000000000000A5
:105C00000000000000000000000000000000000094
:105C10000000000000000000000000000000000084
:105C20000000000000000000000000000000000074
:105C30000029DE07007B9A17C00900200000000041
:105C4000E803000000000000FFFFFFFF1025002018
:105C500020EF2020000000004300000000000000B2
:105C60000000000000000000000000000000000034
:105C700000000000000000004300000000000000E1
:105C80000000000000000000000000000000000014
:105C900000000000000000004300000000000000C1
:105CA00000000000000000000000000000000000F4
:105CB00000000000000000004300000000000000A1
:105CC00000000000000000000000000000000000D4
:105CD0000000000000000000430000000000000081
:105CE00000000000000000000000000000000000B4
:105CF0000000000000000000430000000000000061
:105D00000000000000000000000000000000000093
:105D10000000000000000000430000000000000040
:105D20000000000000000000000000000000000073
:105D300000000000000000005501010091DB0000A0
:105D400000000000700B0020AC100020640A00204E
:105D5000640A0020640A0020640A0020640A00200B
:105D6000640A0020640A0020640A0020640A0020FB
:105D7000FFFFFFFFFFFFFFFFFFFFFFFFFFFF000031
:105D800001004153434949000000000000000000A9
:105D90000000000000000000000000000000000003
:105DA000000041534349490000000000000000008A
:105DB00000000000000000000000000000000000E3
:105DC000000000000000000000000000341400206B
:105DD000341400203C1400203C1400204414002003
:105DE000441400204C1400204C14002054140020B3
:105DF000541400205C1400205C1400206414002063
:105E0000641400206C1400206C1400207414002012
:105E1000741400207C1400207C14002084140020C2
:105E2000841400208C1400208C1400209414002072
:105E3000941400209C1400209C140020A414002022
:105E4000A4140020AC140020AC140020B4140020D2
:105E5000B4140020BC140020BC140020C414002082
:105E6000C4140020CC140020CC140020D414002032
:105E7000D4140020DC140020DC140020E4140020E2
:105E8000E4140020EC140020EC140020F414002092
:105E9000F4140020FC140020FC1400200415002041
:105EA000041500200C1500200C15002014150020EE
:105EB000141500201C1500201C150020241500209E
:105EC000241500202C1500202C150020341500204E
:105ED000341500203C1500203C15002044150020FE
:105EE000441500204C1500204C15002054150020AE
:105EF000541500205C1500205C150020641500205E
:105F0000641500206C1500206C150020741500200D
:105F1000741500207C1500207C15002084150020BD
:105F2000841500208C1500208C150020941500206D
:105F3000941500209C1500209C150020A41500201D
:105F4000A4150020AC150020AC150020B4150020CD
:105F5000B4150020BC150020BC150020C41500207D
:105F6000C4150020CC150020CC150020D41500202D
:105F7000D4150020DC150020DC150020E4150020DD
:105F8000E4150020EC150020EC150020F41500208D
:105F9000F4150020FC150020FC150020041600203C
:105FA000041600200C1600200C16002014160020E9
:105FB000141600201C1600201C1600202416002099
:105FC000241600202C1600202C1600203416002049
:105FD000341600203C1600203C16002044160020F9
:105FE000441600204C1600204C16002054160020A9
:105FF000541600205C1600205C1600206416002059
:10600000641600206C1600206C1600207416002008
:10601000741600207C1600207C16002084160020B8
:10602000841600208C1600208C1600209416002068
:10603000941600209C1600209C160020A416002018
:10604000A4160020AC160020AC160020B4160020C8
:10605000B4160020BC160020BC160020C416002078
:10606000C4160020CC160020CC160020D416002028
:10607000D4160020DC160020DC160020E4160020D8
:10608000E4160020EC160020EC160020F416002088
:10609000F4160020FC160020FC1600200417002037
:1060A000041700200C1700200C17002014170020E4
:1060B000141700201C1700201C1700202417002094
:1060C000241700202C1700202C1700203417002044
:1060D000341700203C1700203C17002044170020F4
:1060E000441700204C1700204C17002054170020A4
:1060F000541700205C1700205C1700206417002054
:10610000641700206C1700206C1700207417002003
:10611000741700207C1700207C17002084170020B3
:10612000841700208C1700208C1700209417002063
:10613000941700209C1700209C170020A417002013
:10614000A4170020AC170020AC170020B4170020C3
:10615000B4170020BC170020BC170020C417002073
:10616000C4170020CC170020CC170020D417002023
:10617000D4170020DC170020DC170020E4170020D3
:10618000E4170020EC170020EC170020F417002083
:10619000F4170020FC170020FC1700200418002032
:1061A000041800200C1800200C18002014180020DF
:1061B000141800201C1800201C180020241800208F
:1061C000241800202C1800202C180020FFFFFFFFAF
:1061D0000000020000000000030000005025002025
:1061E0008011002012010002EF020140C0168B0452
:1061F00001030102030100004595000045950000E0
:106200004595000045950000459500004595000026
:106210004595000045950000459500004595000016
:106220004595000045950000459500004595000006
:1062300045950000459500004595000045950000F6
:1062400045950000459500004595000045950000E6
:1062500045950000459500004595000045950000D6
:1062600045950000459500004595000045950000C6
:1062700045950000459500004595000045950000B6
:1062800045950000459500004595000045950000A6
:106290004595000045950000459500004595000096
:1062A0004595000045950000459500004595000086
:1062B0004595000045950000459500004595000076
:1062C0004595000045950000459500004595000066
:1062D0004595000045950000459500004595000056
:1062E0004595000045950000459500004595000046
:1062F0004595000045950000459500004595000036
:106300004595000045950000459500004595000025
:106310004595000045950000459500004595000015
:106320004595000045950000459500004595000005
:1063300045950000459500004595000045950000F5
:1063400045950000459500004595000045950000E5
:1063500045950000459500004595000045950000D5
:1063600045950000459500004595000045950000C5
:1063700045950000459500004595000045950000B5
:1063800045950000459500004595000045950000A5
:106390004595000045950000459500004595000095
:1063A0004595000045950000459500004595000085
:1063B0004595000045950000459500004595000075
:1063C0004595000045950000459500004595000065
:1063D0004595000045950000459500004595000055
:1063E0004595000045950000459500004595000045
:1063F0004595000045950000FFFFFFFFFFFFFFFFF1
:10640000FFFFFFFF000000008000000030373C006D
:10641000CDCC0C3FC3F5A83E0000803ECDCC4C3E19
:106420006666E63E3333B33E0000803F0000003F27
:106430000000003F0000003F0000003F0000003F60
:106440000000003F0000003F0000003F0000003F50
:106450000000003F0000003F0000003F0000803EC1
:10646000000000000000000000000000000000002C
:106470009A99993E6042A20DF5792B6D3C434800F4
:10648000000000400C0300000000000000000000BD
:1064900000000000000000000000FF3C083CFF3C42
:1064A0003C000000000000000000000000000000B0
:1064B00000000000000000000000000000000000DC
:1064C00000000000000000000000000000000000CC
:1064D00000000000000000000000000000000000BC
:1064E00000000000000000000000000000000000AC
:1064F000000000000000000000000000000000009C
:10650000000000000000000000000000000000008B
:10651000000000000000000000000000000000007B
:10652000000000000000000000000000000000006B
:10653000000000000000000000000000000000005B
:10654000000000000000000000000000000000004B
:10655000000000000000000000000000000000003B
:10656000000000000000000000000000000000002B
:10657000000000000000000000000000000000001B
:10658000000000000000000000000000000000000B
:1065900000000000000000000000000000000000FB
:1065A00000000000000000000000000000000000EB
:1065B00000000000000000000000000000000000DB
:1065C00000000000000000000000000000000000CB
:1065D00000000000000000000000000000000000BB
:1065E00000000000000000000000000000000000AB
:1065F000000000000000000000000000000000009B
:10660000000000000000000000000000000000008A
:10661000000000000000000000000000000000007A
:10662000000000000000000000000000000000006A
:10663000000000000000000000000000000000005A
:10664000000000000000000000000000000000004A
:10665000000000000000000000000000000000003A
:10666000000000000000000000000000000000002A
:10667000000000000000000000000000000000001A
:10668000000000000000000000000000000000000A
:1066900000000000000000000000000000000000FA
:1066A00000000000000000000000000000000000EA
:1066B00000000000000000000000000000000000DA
:1066C00000000000000000000000000000000000CA
:1066D00000000000000000000000000000000000BA
:1066E00000000000000000000000000000000000AA
:1066F000000000000000000000000000000000009A
:106700000000000000000000000000000000000089
:106710000000000000000000000000000000000079
:106720000000000000000000000000000000000069
:106730000000000000000000000000000000000059
:106740000000000000000000000000000000000049
:106750000000000000000000000000000000000039
:106760000000000000000000000000000000000029
:106770000000000000000000000000000000000019
:106780000000000000000000000000000000000009
:1067900000000000000000000000000000000000F9
:1067A00000000000000000000000000000000000E9
:1067B00000000000000000000000000000000000D9
:1067C00000000000000000000000000000000000C9
:1067D00000000000000000000000000000000000B9
:1067E00000000000000000000000000000000000A9
:1067F0000000000000000000000000000000000099
:106800000000000000000000000000000000000088
:106810000000000000000000000000000000000078
:106820000000000000000000000000000000000068
:106830000000000000000000000000000000000058
:106840000000000000000000000000000000000048
:10685000FFFFFFFFFFFFFFFFFFFFFFFFFFFFFFFF48
:10686000FFFFFFFFFFFFFFFFFFFFFFFFFFFFFFFF38
:10687000FFFFFFFFFFFFFFFFFFFFFFFFFFFFFFFF28
:10688000FFFFFFFFFFFFFFFFFFFFFFFFFFFFFFFF18
:10689000FFFFFFFFFFFFFFFFFFFFFFFFFFFFFFFF08
:1068A000FFFFFFFFFFFFFFFFFFFFFFFFFFFFFFFFF8
:1068B000FFFFFFFFFFFFFFFFFFFFFFFFFFFFFFFFE8
:1068C000FFFFFFFFFFFFFFFFFFFFFFFFFFFFFFFFD8
:1068D000FFFFFFFFFFFFFFFFFFFFFFFFFFFFFFFFC8
:1068E000FFFFFFFFFFFFFFFFFFFFFFFFFFFFFFFFB8
:1068F000FFFFFFFFFFFFFFFFFFFFFFFFFFFFFFFFA8
:10690000FFFFFFFFFFFFFFFFFFFFFFFFFFFFFFFF97
:10691000FFFFFFFFFFFFFFFFFFFFFFFFFFFFFFFF87
:10692000FFFFFFFFFFFFFFFFFFFFFFFFFFFFFFFF77
:10693000FFFFFFFFFFFFFFFFFFFFFFFFFFFFFFFF67
:10694000FFFFFFFFFFFFFFFFFFFFFFFFFFFFFFFF57
:10695000FFFFFFFFFFFFFFFFFFFFFFFFFFFFFFFF47
:10696000FFFFFFFFFFFFFFFFFFFFFFFFFFFFFFFF37
:10697000FFFFFFFFFFFFFFFFFFFFFFFFFFFFFFFF27
:10698000FFFFFFFFFFFFFFFFFFFFFFFFFFFFFFFF17
:10699000FFFFFFFFFFFFFFFFFFFFFFFFFFFFFFFF07
:1069A000FFFFFFFFFFFFFFFFFFFFFFFFFFFFFFFFF7
:1069B000FFFFFFFFFFFFFFFFFFFFFFFFFFFFFFFFE7
:1069C000FFFFFFFFFFFFFFFFFFFFFFFFFFFFFFFFD7
:1069D000FFFFFFFFFFFFFFFFFFFFFFFFFFFFFFFFC7
:1069E000FFFFFFFFFFFFFFFFFFFFFFFFFFFFFFFFB7
:1069F000FFFFFFFFFFFFFFFFFFFFFFFFFFFFFFFFA7
:106A0000FFFFFFFFFFFFFFFFFFFFFFFFFFFFFFFF96
:106A1000FFFFFFFFFFFFFFFFFFFFFFFFFFFFFFFF86
:106A2000FFFFFFFFFFFFFFFFFFFFFFFFFFFFFFFF76
:106A3000FFFFFFFFFFFFFFFFFFFFFFFFFFFFFFFF66
:106A4000FFFFFFFFFFFFFFFFFFFFFFFFFFFFFFFF56
:106A5000FFFFFFFFFFFFFFFFFFFFFFFFFFFFFFFF46
:106A6000FFFFFFFFFFFFFFFFFFFFFFFFFFFFFFFF36
:106A7000FFFFFFFFFFFFFFFFFFFFFFFFFFFFFFFF26
:106A8000FFFFFFFFFFFFFFFFFFFFFFFFFFFFFFFF16
:106A9000FFFFFFFFFFFFFFFFFFFFFFFFFFFFFFFF06
:106AA000FFFFFFFFFFFFFFFFFFFFFFFFFFFFFFFFF6
:106AB000FFFFFFFFFFFFFFFFFFFFFFFFFFFFFFFFE6
:106AC000FFFFFFFFFFFFFFFFFFFFFFFFFFFFFFFFD6
:106AD000FFFFFFFFFFFFFFFFFFFFFFFFFFFFFFFFC6
:106AE000FFFFFFFFFFFFFFFFFFFFFFFFFFFFFFFFB6
:106AF000FFFFFFFFFFFFFFFFFFFFFFFFFFFFFFFFA6
:106B0000FFFFFFFFFFFFFFFFFFFFFFFFFFFFFFFF95
:106B1000FFFFFFFFFFFFFFFFFFFFFFFFFFFFFFFF85
:106B2000FFFFFFFFFFFFFFFFFFFFFFFFFFFFFFFF75
:106B3000FFFFFFFFFFFFFFFFFFFFFFFFFFFFFFFF65
:106B4000FFFFFFFFFFFFFFFFFFFFFFFFFFFFFFFF55
:106B5000FFFFFFFFFFFFFFFFFFFFFFFFFFFFFFFF45
:106B6000FFFFFFFFFFFFFFFFFFFFFFFFFFFFFFFF35
:106B7000FFFFFFFFFFFFFFFFFFFFFFFFFFFFFFFF25
:106B8000FFFFFFFFFFFFFFFFFFFFFFFFFFFFFFFF15
:106B9000FFFFFFFFFFFFFFFFFFFFFFFFFFFFFFFF05
:106BA000FFFFFFFFFFFFFFFFFFFFFFFFFFFFFFFFF5
:106BB000FFFFFFFFFFFFFFFFFFFFFFFFFFFFFFFFE5
:106BC000FFFFFFFFFFFFFFFFFFFFFFFFFFFFFFFFD5
:106BD000FFFFFFFFFFFFFFFFFFFFFFFFFFFFFFFFC5
:106BE000FFFFFFFFFFFFFFFFFFFFFFFFFFFFFFFFB5
:106BF000FFFFFFFFFFFFFFFFFFFFFFFFFFFFFFFFA5
:106C00000000000000000000000000000000000084
:106C10000000000000000000000000000000000074
:106C20000000000000000000000000000000000064
:106C30000000000000000000000000000000000054
:106C40000000000000000000000000000000000044
:106C50000000000000000000000000000000000034
:106C60000000000000000000000000000000000024
:106C70000000000000000000000000000000000014
:106C80000000000000000000000000000000000004
:106C900000000000000000000000000000000000F4
:106CA00000000000000000000000000000000000E4
:106CB00000000000000000000000000000000000D4
:106CC00000000000000000000000000000000000C4
:106CD00000000000000000000000000000000000B4
:106CE00000000000000000000000000000000000A4
:106CF0000000000000000000000000000000000094
:106D00000000000000000000000000000000000083
:106D10000000000000000000000000000000000073
:106D20000000000000000000000000000000000063
:106D30000000000000000000000000000000000053
:106D40000000000000000000000000000000000043
:106D50000000000000000000000000000000000033
:106D60000000000000000000000000000000000023
:106D70000000000000000000000000000000000013
:106D80000000000000000000000000000000000003
:106D900000000000000000000000000000000000F3
:106DA00000000000000000000000000000000000E3
:106DB00000000000000000000000000000000000D3
:106DC00000000000000000000000000000000000C3
:106DD00000000000000000000000000000000000B3
:106DE00000000000000000000000000000000000A3
:106DF0000000000000000000000000000000000093
:106E00000000000000000000000000000000000082
:106E10000000000000000000000000000000000072
:106E20000000000000000000000000000000000062
:106E30000000000000000000000000000000000052
:106E40000000000000000000000000000000000042
:106E50000000000000000000000000000000000032
:106E60000000000000000000000000000000000022
:106E70000000000000000000000000000000000012
:106E80000000000000000000000000000000000002
:106E900000000000000000000000000000000000F2
:106EA00000000000000000000000000000000000E2
:106EB00000000000000000000000000000000000D2
:106EC00000000000000000000000000000000000C2
:106ED00000000000000000000000000000000000B2
:106EE00000000000000000000000000000000000A2
:106EF0000000000000000000000000000000000092
:106F00000000000000000000000000000000000081
:106F10000000000000000000000000000000000071
:106F20000000000000000000000000000000000061
:106F30000000000000000000000000000000000051
:106F40000000000000000000000000000000000041
:106F50000000000000000000000000000000000031
:106F60000000000000000000000000000000000021
:106F70000000000000000000000000000000000011
:106F80000000000000000000000000000000000001
:106F900000000000000000000000000000000000F1
:106FA00000000000000000000000000000000000E1
:106FB00000000000000000000000000000000000D1
:106FC00000000000000000000000000000000000C1
:106FD00000000000000000000000000000000000B1
:106FE00000000000000000000000000000000000A1
:106FF0000000000000000000000000000000000091
:107000000000000000000000000000000000000080
:107010000000000000000000000000000000000070
:107020000000000000000000000000000000000060
:107030000000000000000000000000000000000050
:107040000000000000000000000000000000000040
:107050000000000000000000000000000000000030
:107060000000000000000000000000000000000020
:107070000000000000000000000000000000000010
:107080000000000000000000000000000000000000
:1070900000000000000000000000000000000000F0
:1070A00000000000000000000000000000000000E0
:1070B00000000000000000000000000000000000D0
:1070C00000000000000000000000000000000000C0
:1070D00000000000000000000000000000000000B0
:1070E00000000000000000000000000000000000A0
:1070F0000000000000000000000000000000000090
:10710000000000000000000000000000000000007F
:10711000000000000000000000000000000000006F
:10712000000000000000000000000000000000005F
:10713000000000000000000000000000000000004F
:10714000000000000000000000000000000000003F
:10715000000000000000000000000000000000002F
:10716000000000000000000000000000000000001F
:10717000000000000000000000000000000000000F
:1071800000000000000000000000000000000000FF
:1071900000000000000000000000000000000000EF
:1071A00000000000000000000000000000000000DF
:1071B00000000000000000000000000000000000CF
:1071C00000000000000000000000000000000000BF
:1071D00000000000000000000000000000000000AF
:1071E000000000000000000000000000000000009F
:1071F000000000000000000000000000000000008F
:10720000000000000000000000000000000000007E
:10721000000000000000000000000000000000006E
:10722000000000000000000000000000000000005E
:10723000000000000000000000000000000000004E
:10724000000000000000000000000000000000003E
:10725000000000000000000000000000000000002E
:10726000000000000000000000000000000000001E
:10727000000000000000000000000000000000000E
:1072800000000000000000000000000000000000FE
:1072900000000000000000000000000000000000EE
:1072A00000000000000000000000000000000000DE
:1072B00000000000000000000000000000000000CE
:1072C00000000000000000000000000000000000BE
:1072D00000000000000000000000000000000000AE
:1072E000000000000000000000000000000000009E
:1072F000000000000000000000000000000000008E
:10730000000000000000000000000000000000007D
:10731000000000000000000000000000000000006D
:10732000000000000000000000000000000000005D
:10733000000000000000000000000000000000004D
:10734000000000000000000000000000000000003D
:10735000000000000000000000000000000000002D
:10736000000000000000000000000000000000001D
:10737000000000000000000000000000000000000D
:1073800000000000000000000000000000000000FD
:1073900000000000000000000000000000000000ED
:1073A00000000000000000000000000000000000DD
:1073B00000000000000000000000000000000000CD
:1073C00000000000000000000000000000000000BD
:1073D00000000000000000000000000000000000AD
:1073E000000000000000000000000000000000009D
:1073F000000000000000000000000000000000008D
:10740000000000000000000000000000000000007C
:10741000000000000000000000000000000000006C
:10742000000000000000000000000000000000005C
:10743000000000000000000000000000000000004C
:10744000000000000000000000000000000000003C
:10745000000000000000000000000000000000002C
:10746000000000000000000000000000000000001C
:10747000000000000000000000000000000000000C
:1074800000000000000000000000000000000000FC
:1074900000000000000000000000000000000000EC
:1074A00000000000000000000000000000000000DC
:1074B00000000000000000000000000000000000CC
:1074C00000000000000000000000000000000000BC
:1074D00000000000000000000000000000000000AC
:1074E000000000000000000000000000000000009C
:1074F000000000000000000000000000000000008C
:10750000000000000000000000000000000000007B
:10751000000000000000000000000000000000006B
:10752000000000000000000000000000000000005B
:10753000000000000000000000000000000000004B
:10754000000000000000000000000000000000003B
:10755000000000000000000000000000000000002B
:10756000000000000000000000000000000000001B
:10757000000000000000000000000000000000000B
:1075800000000000000000000000000000000000FB
:1075900000000000000000000000000000000000EB
:1075A00000000000000000000000000000000000DB
:1075B00000000000000000000000000000000000CB
:1075C00000000000000000000000000000000000BB
:1075D00000000000000000000000000000000000AB
:1075E000000000000000000000000000000000009B
:1075F000000000000000000000000000000000008B
:10760000000000000000000000000000000000007A
:10761000000000000000000000000000000000006A
:10762000000000000000000000000000000000005A
:10763000000000000000000000000000000000004A
:10764000000000000000000000000000000000003A
:10765000000000000000000000000000000000002A
:10766000000000000000000000000000000000001A
:10767000000000000000000000000000000000000A
:1076800000000000000000000000000000000000FA
:1076900000000000000000000000000000000000EA
:1076A00000000000000000000000000000000000DA
:1076B00000000000000000000000000000000000CA
:1076C00000000000000000000000000000000000BA
:1076D00000000000000000000000000000000000AA
:1076E000000000000000000000000000000000009A
:1076F000000000000000000000000000000000008A
:107700000000000000000000000000000000000079
:107710000000000000000000000000000000000069
:107720000000000000000000000000000000000059
:107730000000000000000000000000000000000049
:107740000000000000000000000000000000000039
:107750000000000000000000000000000000000029
:107760000000000000000000000000000000000019
:107770000000000000000000000000000000000009
:1077800000000000000000000000000000000000F9
:1077900000000000000000000000000000000000E9
:1077A00000000000000000000000000000000000D9
:1077B00000000000000000000000000000000000C9
:1077C00000000000000000000000000000000000B9
:1077D00000000000000000000000000000000000A9
:1077E0000000000000000000000000000000000099
:1077F0000000000000000000000000000000000089
:040000056000100087
:00000001FF
