:0200000460009A
:100000004643464200000156000000000103030081
:1000100000000000000000000000000000000000E0
:1000200000000000000000000000000000000000D0
:1000300000000000000000000000000000000000C0
:1000400000000000010408000000000000000000A3
:100050000000200000000000000000000000000080
:100060000000000000000000000000000000000090
:100070000000000000000000000000000000000080
:10008000EB04180A063204260000000000000000FD
:10009000050404240000000000000000000000002F
:1000A0000000000000000000000000000000000050
:1000B0000604000000000000000000000000000036
:1000C0000000000000000000000000000000000030
:1000D00020041808000000000000000000000000DC
:1000E0000000000000000000000000000000000010
:1000F0000000000000000000000000000000000000
:10010000D8041808000000000000000000000000F3
:100110000204180804200000000000000000000095
:1001200000000000000000000000000000000000CF
:10013000600400000000000000000000000000005B
:1001400000000000000000000000000000000000AF
:10015000000000000000000000000000000000009F
:10016000000000000000000000000000000000008F
:10017000000000000000000000000000000000007F
:10018000000000000000000000000000000000006F
:10019000000000000000000000000000000000005F
:1001A000000000000000000000000000000000004F
:1001B000000000000000000000000000000000003F
:1001C000000100000010000001000000000000001D
:1001D000000001000000000000000000000000001E
:1001E000000000000000000000000000000000000F
:1001F00000000000000000000000000000000000FF
:10020000FFFFFFFFFFFFFFFFFFFFFFFFFFFFFFFFFE
:10021000FFFFFFFFFFFFFFFFFFFFFFFFFFFFFFFFEE
:10022000FFFFFFFFFFFFFFFFFFFFFFFFFFFFFFFFDE
:10023000FFFFFFFFFFFFFFFFFFFFFFFFFFFFFFFFCE
:10024000FFFFFFFFFFFFFFFFFFFFFFFFFFFFFFFFBE
:10025000FFFFFFFFFFFFFFFFFFFFFFFFFFFFFFFFAE
:10026000FFFFFFFFFFFFFFFFFFFFFFFFFFFFFFFF9E
:10027000FFFFFFFFFFFFFFFFFFFFFFFFFFFFFFFF8E
:10028000FFFFFFFFFFFFFFFFFFFFFFFFFFFFFFFF7E
:10029000FFFFFFFFFFFFFFFFFFFFFFFFFFFFFFFF6E
:1002A000FFFFFFFFFFFFFFFFFFFFFFFFFFFFFFFF5E
:1002B000FFFFFFFFFFFFFFFFFFFFFFFFFFFFFFFF4E
:1002C000FFFFFFFFFFFFFFFFFFFFFFFFFFFFFFFF3E
:1002D000FFFFFFFFFFFFFFFFFFFFFFFFFFFFFFFF2E
:1002E000FFFFFFFFFFFFFFFFFFFFFFFFFFFFFFFF1E
:1002F000FFFFFFFFFFFFFFFFFFFFFFFFFFFFFFFF0E
:10030000FFFFFFFFFFFFFFFFFFFFFFFFFFFFFFFFFD
:10031000FFFFFFFFFFFFFFFFFFFFFFFFFFFFFFFFED
:10032000FFFFFFFFFFFFFFFFFFFFFFFFFFFFFFFFDD
:10033000FFFFFFFFFFFFFFFFFFFFFFFFFFFFFFFFCD
:10034000FFFFFFFFFFFFFFFFFFFFFFFFFFFFFFFFBD
:10035000FFFFFFFFFFFFFFFFFFFFFFFFFFFFFFFFAD
:10036000FFFFFFFFFFFFFFFFFFFFFFFFFFFFFFFF9D
:10037000FFFFFFFFFFFFFFFFFFFFFFFFFFFFFFFF8D
:10038000FFFFFFFFFFFFFFFFFFFFFFFFFFFFFFFF7D
:10039000FFFFFFFFFFFFFFFFFFFFFFFFFFFFFFFF6D
:1003A000FFFFFFFFFFFFFFFFFFFFFFFFFFFFFFFF5D
:1003B000FFFFFFFFFFFFFFFFFFFFFFFFFFFFFFFF4D
:1003C000FFFFFFFFFFFFFFFFFFFFFFFFFFFFFFFF3D
:1003D000FFFFFFFFFFFFFFFFFFFFFFFFFFFFFFFF2D
:1003E000FFFFFFFFFFFFFFFFFFFFFFFFFFFFFFFF1D
:1003F000FFFFFFFFFFFFFFFFFFFFFFFFFFFFFFFF0D
:10040000FFFFFFFFFFFFFFFFFFFFFFFFFFFFFFFFFC
:10041000FFFFFFFFFFFFFFFFFFFFFFFFFFFFFFFFEC
:10042000FFFFFFFFFFFFFFFFFFFFFFFFFFFFFFFFDC
:10043000FFFFFFFFFFFFFFFFFFFFFFFFFFFFFFFFCC
:10044000FFFFFFFFFFFFFFFFFFFFFFFFFFFFFFFFBC
:10045000FFFFFFFFFFFFFFFFFFFFFFFFFFFFFFFFAC
:10046000FFFFFFFFFFFFFFFFFFFFFFFFFFFFFFFF9C
:10047000FFFFFFFFFFFFFFFFFFFFFFFFFFFFFFFF8C
:10048000FFFFFFFFFFFFFFFFFFFFFFFFFFFFFFFF7C
:10049000FFFFFFFFFFFFFFFFFFFFFFFFFFFFFFFF6C
:1004A000FFFFFFFFFFFFFFFFFFFFFFFFFFFFFFFF5C
:1004B000FFFFFFFFFFFFFFFFFFFFFFFFFFFFFFFF4C
:1004C000FFFFFFFFFFFFFFFFFFFFFFFFFFFFFFFF3C
:1004D000FFFFFFFFFFFFFFFFFFFFFFFFFFFFFFFF2C
:1004E000FFFFFFFFFFFFFFFFFFFFFFFFFFFFFFFF1C
:1004F000FFFFFFFFFFFFFFFFFFFFFFFFFFFFFFFF0C
:10050000FFFFFFFFFFFFFFFFFFFFFFFFFFFFFFFFFB
:10051000FFFFFFFFFFFFFFFFFFFFFFFFFFFFFFFFEB
:10052000FFFFFFFFFFFFFFFFFFFFFFFFFFFFFFFFDB
:10053000FFFFFFFFFFFFFFFFFFFFFFFFFFFFFFFFCB
:10054000FFFFFFFFFFFFFFFFFFFFFFFFFFFFFFFFBB
:10055000FFFFFFFFFFFFFFFFFFFFFFFFFFFFFFFFAB
:10056000FFFFFFFFFFFFFFFFFFFFFFFFFFFFFFFF9B
:10057000FFFFFFFFFFFFFFFFFFFFFFFFFFFFFFFF8B
:10058000FFFFFFFFFFFFFFFFFFFFFFFFFFFFFFFF7B
:10059000FFFFFFFFFFFFFFFFFFFFFFFFFFFFFFFF6B
:1005A000FFFFFFFFFFFFFFFFFFFFFFFFFFFFFFFF5B
:1005B000FFFFFFFFFFFFFFFFFFFFFFFFFFFFFFFF4B
:1005C000FFFFFFFFFFFFFFFFFFFFFFFFFFFFFFFF3B
:1005D000FFFFFFFFFFFFFFFFFFFFFFFFFFFFFFFF2B
:1005E000FFFFFFFFFFFFFFFFFFFFFFFFFFFFFFFF1B
:1005F000FFFFFFFFFFFFFFFFFFFFFFFFFFFFFFFF0B
:10060000FFFFFFFFFFFFFFFFFFFFFFFFFFFFFFFFFA
:10061000FFFFFFFFFFFFFFFFFFFFFFFFFFFFFFFFEA
:10062000FFFFFFFFFFFFFFFFFFFFFFFFFFFFFFFFDA
:10063000FFFFFFFFFFFFFFFFFFFFFFFFFFFFFFFFCA
:10064000FFFFFFFFFFFFFFFFFFFFFFFFFFFFFFFFBA
:10065000FFFFFFFFFFFFFFFFFFFFFFFFFFFFFFFFAA
:10066000FFFFFFFFFFFFFFFFFFFFFFFFFFFFFFFF9A
:10067000FFFFFFFFFFFFFFFFFFFFFFFFFFFFFFFF8A
:10068000FFFFFFFFFFFFFFFFFFFFFFFFFFFFFFFF7A
:10069000FFFFFFFFFFFFFFFFFFFFFFFFFFFFFFFF6A
:1006A000FFFFFFFFFFFFFFFFFFFFFFFFFFFFFFFF5A
:1006B000FFFFFFFFFFFFFFFFFFFFFFFFFFFFFFFF4A
:1006C000FFFFFFFFFFFFFFFFFFFFFFFFFFFFFFFF3A
:1006D000FFFFFFFFFFFFFFFFFFFFFFFFFFFFFFFF2A
:1006E000FFFFFFFFFFFFFFFFFFFFFFFFFFFFFFFF1A
:1006F000FFFFFFFFFFFFFFFFFFFFFFFFFFFFFFFF0A
:10070000FFFFFFFFFFFFFFFFFFFFFFFFFFFFFFFFF9
:10071000FFFFFFFFFFFFFFFFFFFFFFFFFFFFFFFFE9
:10072000FFFFFFFFFFFFFFFFFFFFFFFFFFFFFFFFD9
:10073000FFFFFFFFFFFFFFFFFFFFFFFFFFFFFFFFC9
:10074000FFFFFFFFFFFFFFFFFFFFFFFFFFFFFFFFB9
:10075000FFFFFFFFFFFFFFFFFFFFFFFFFFFFFFFFA9
:10076000FFFFFFFFFFFFFFFFFFFFFFFFFFFFFFFF99
:10077000FFFFFFFFFFFFFFFFFFFFFFFFFFFFFFFF89
:10078000FFFFFFFFFFFFFFFFFFFFFFFFFFFFFFFF79
:10079000FFFFFFFFFFFFFFFFFFFFFFFFFFFFFFFF69
:1007A000FFFFFFFFFFFFFFFFFFFFFFFFFFFFFFFF59
:1007B000FFFFFFFFFFFFFFFFFFFFFFFFFFFFFFFF49
:1007C000FFFFFFFFFFFFFFFFFFFFFFFFFFFFFFFF39
:1007D000FFFFFFFFFFFFFFFFFFFFFFFFFFFFFFFF29
:1007E000FFFFFFFFFFFFFFFFFFFFFFFFFFFFFFFF19
:1007F000FFFFFFFFFFFFFFFFFFFFFFFFFFFFFFFF09
:10080000FFFFFFFFFFFFFFFFFFFFFFFFFFFFFFFFF8
:10081000FFFFFFFFFFFFFFFFFFFFFFFFFFFFFFFFE8
:10082000FFFFFFFFFFFFFFFFFFFFFFFFFFFFFFFFD8
:10083000FFFFFFFFFFFFFFFFFFFFFFFFFFFFFFFFC8
:10084000FFFFFFFFFFFFFFFFFFFFFFFFFFFFFFFFB8
:10085000FFFFFFFFFFFFFFFFFFFFFFFFFFFFFFFFA8
:10086000FFFFFFFFFFFFFFFFFFFFFFFFFFFFFFFF98
:10087000FFFFFFFFFFFFFFFFFFFFFFFFFFFFFFFF88
:10088000FFFFFFFFFFFFFFFFFFFFFFFFFFFFFFFF78
:10089000FFFFFFFFFFFFFFFFFFFFFFFFFFFFFFFF68
:1008A000FFFFFFFFFFFFFFFFFFFFFFFFFFFFFFFF58
:1008B000FFFFFFFFFFFFFFFFFFFFFFFFFFFFFFFF48
:1008C000FFFFFFFFFFFFFFFFFFFFFFFFFFFFFFFF38
:1008D000FFFFFFFFFFFFFFFFFFFFFFFFFFFFFFFF28
:1008E000FFFFFFFFFFFFFFFFFFFFFFFFFFFFFFFF18
:1008F000FFFFFFFFFFFFFFFFFFFFFFFFFFFFFFFF08
:10090000FFFFFFFFFFFFFFFFFFFFFFFFFFFFFFFFF7
:10091000FFFFFFFFFFFFFFFFFFFFFFFFFFFFFFFFE7
:10092000FFFFFFFFFFFFFFFFFFFFFFFFFFFFFFFFD7
:10093000FFFFFFFFFFFFFFFFFFFFFFFFFFFFFFFFC7
:10094000FFFFFFFFFFFFFFFFFFFFFFFFFFFFFFFFB7
:10095000FFFFFFFFFFFFFFFFFFFFFFFFFFFFFFFFA7
:10096000FFFFFFFFFFFFFFFFFFFFFFFFFFFFFFFF97
:10097000FFFFFFFFFFFFFFFFFFFFFFFFFFFFFFFF87
:10098000FFFFFFFFFFFFFFFFFFFFFFFFFFFFFFFF77
:10099000FFFFFFFFFFFFFFFFFFFFFFFFFFFFFFFF67
:1009A000FFFFFFFFFFFFFFFFFFFFFFFFFFFFFFFF57
:1009B000FFFFFFFFFFFFFFFFFFFFFFFFFFFFFFFF47
:1009C000FFFFFFFFFFFFFFFFFFFFFFFFFFFFFFFF37
:1009D000FFFFFFFFFFFFFFFFFFFFFFFFFFFFFFFF27
:1009E000FFFFFFFFFFFFFFFFFFFFFFFFFFFFFFFF17
:1009F000FFFFFFFFFFFFFFFFFFFFFFFFFFFFFFFF07
:100A0000FFFFFFFFFFFFFFFFFFFFFFFFFFFFFFFFF6
:100A1000FFFFFFFFFFFFFFFFFFFFFFFFFFFFFFFFE6
:100A2000FFFFFFFFFFFFFFFFFFFFFFFFFFFFFFFFD6
:100A3000FFFFFFFFFFFFFFFFFFFFFFFFFFFFFFFFC6
:100A4000FFFFFFFFFFFFFFFFFFFFFFFFFFFFFFFFB6
:100A5000FFFFFFFFFFFFFFFFFFFFFFFFFFFFFFFFA6
:100A6000FFFFFFFFFFFFFFFFFFFFFFFFFFFFFFFF96
:100A7000FFFFFFFFFFFFFFFFFFFFFFFFFFFFFFFF86
:100A8000FFFFFFFFFFFFFFFFFFFFFFFFFFFFFFFF76
:100A9000FFFFFFFFFFFFFFFFFFFFFFFFFFFFFFFF66
:100AA000FFFFFFFFFFFFFFFFFFFFFFFFFFFFFFFF56
:100AB000FFFFFFFFFFFFFFFFFFFFFFFFFFFFFFFF46
:100AC000FFFFFFFFFFFFFFFFFFFFFFFFFFFFFFFF36
:100AD000FFFFFFFFFFFFFFFFFFFFFFFFFFFFFFFF26
:100AE000FFFFFFFFFFFFFFFFFFFFFFFFFFFFFFFF16
:100AF000FFFFFFFFFFFFFFFFFFFFFFFFFFFFFFFF06
:100B0000FFFFFFFFFFFFFFFFFFFFFFFFFFFFFFFFF5
:100B1000FFFFFFFFFFFFFFFFFFFFFFFFFFFFFFFFE5
:100B2000FFFFFFFFFFFFFFFFFFFFFFFFFFFFFFFFD5
:100B3000FFFFFFFFFFFFFFFFFFFFFFFFFFFFFFFFC5
:100B4000FFFFFFFFFFFFFFFFFFFFFFFFFFFFFFFFB5
:100B5000FFFFFFFFFFFFFFFFFFFFFFFFFFFFFFFFA5
:100B6000FFFFFFFFFFFFFFFFFFFFFFFFFFFFFFFF95
:100B7000FFFFFFFFFFFFFFFFFFFFFFFFFFFFFFFF85
:100B8000FFFFFFFFFFFFFFFFFFFFFFFFFFFFFFFF75
:100B9000FFFFFFFFFFFFFFFFFFFFFFFFFFFFFFFF65
:100BA000FFFFFFFFFFFFFFFFFFFFFFFFFFFFFFFF55
:100BB000FFFFFFFFFFFFFFFFFFFFFFFFFFFFFFFF45
:100BC000FFFFFFFFFFFFFFFFFFFFFFFFFFFFFFFF35
:100BD000FFFFFFFFFFFFFFFFFFFFFFFFFFFFFFFF25
:100BE000FFFFFFFFFFFFFFFFFFFFFFFFFFFFFFFF15
:100BF000FFFFFFFFFFFFFFFFFFFFFFFFFFFFFFFF05
:100C0000FFFFFFFFFFFFFFFFFFFFFFFFFFFFFFFFF4
:100C1000FFFFFFFFFFFFFFFFFFFFFFFFFFFFFFFFE4
:100C2000FFFFFFFFFFFFFFFFFFFFFFFFFFFFFFFFD4
:100C3000FFFFFFFFFFFFFFFFFFFFFFFFFFFFFFFFC4
:100C4000FFFFFFFFFFFFFFFFFFFFFFFFFFFFFFFFB4
:100C5000FFFFFFFFFFFFFFFFFFFFFFFFFFFFFFFFA4
:100C6000FFFFFFFFFFFFFFFFFFFFFFFFFFFFFFFF94
:100C7000FFFFFFFFFFFFFFFFFFFFFFFFFFFFFFFF84
:100C8000FFFFFFFFFFFFFFFFFFFFFFFFFFFFFFFF74
:100C9000FFFFFFFFFFFFFFFFFFFFFFFFFFFFFFFF64
:100CA000FFFFFFFFFFFFFFFFFFFFFFFFFFFFFFFF54
:100CB000FFFFFFFFFFFFFFFFFFFFFFFFFFFFFFFF44
:100CC000FFFFFFFFFFFFFFFFFFFFFFFFFFFFFFFF34
:100CD000FFFFFFFFFFFFFFFFFFFFFFFFFFFFFFFF24
:100CE000FFFFFFFFFFFFFFFFFFFFFFFFFFFFFFFF14
:100CF000FFFFFFFFFFFFFFFFFFFFFFFFFFFFFFFF04
:100D0000FFFFFFFFFFFFFFFFFFFFFFFFFFFFFFFFF3
:100D1000FFFFFFFFFFFFFFFFFFFFFFFFFFFFFFFFE3
:100D2000FFFFFFFFFFFFFFFFFFFFFFFFFFFFFFFFD3
:100D3000FFFFFFFFFFFFFFFFFFFFFFFFFFFFFFFFC3
:100D4000FFFFFFFFFFFFFFFFFFFFFFFFFFFFFFFFB3
:100D5000FFFFFFFFFFFFFFFFFFFFFFFFFFFFFFFFA3
:100D6000FFFFFFFFFFFFFFFFFFFFFFFFFFFFFFFF93
:100D7000FFFFFFFFFFFFFFFFFFFFFFFFFFFFFFFF83
:100D8000FFFFFFFFFFFFFFFFFFFFFFFFFFFFFFFF73
:100D9000FFFFFFFFFFFFFFFFFFFFFFFFFFFFFFFF63
:100DA000FFFFFFFFFFFFFFFFFFFFFFFFFFFFFFFF53
:100DB000FFFFFFFFFFFFFFFFFFFFFFFFFFFFFFFF43
:100DC000FFFFFFFFFFFFFFFFFFFFFFFFFFFFFFFF33
:100DD000FFFFFFFFFFFFFFFFFFFFFFFFFFFFFFFF23
:100DE000FFFFFFFFFFFFFFFFFFFFFFFFFFFFFFFF13
:100DF000FFFFFFFFFFFFFFFFFFFFFFFFFFFFFFFF03
:100E0000FFFFFFFFFFFFFFFFFFFFFFFFFFFFFFFFF2
:100E1000FFFFFFFFFFFFFFFFFFFFFFFFFFFFFFFFE2
:100E2000FFFFFFFFFFFFFFFFFFFFFFFFFFFFFFFFD2
:100E3000FFFFFFFFFFFFFFFFFFFFFFFFFFFFFFFFC2
:100E4000FFFFFFFFFFFFFFFFFFFFFFFFFFFFFFFFB2
:100E5000FFFFFFFFFFFFFFFFFFFFFFFFFFFFFFFFA2
:100E6000FFFFFFFFFFFFFFFFFFFFFFFFFFFFFFFF92
:100E7000FFFFFFFFFFFFFFFFFFFFFFFFFFFFFFFF82
:100E8000FFFFFFFFFFFFFFFFFFFFFFFFFFFFFFFF72
:100E9000FFFFFFFFFFFFFFFFFFFFFFFFFFFFFFFF62
:100EA000FFFFFFFFFFFFFFFFFFFFFFFFFFFFFFFF52
:100EB000FFFFFFFFFFFFFFFFFFFFFFFFFFFFFFFF42
:100EC000FFFFFFFFFFFFFFFFFFFFFFFFFFFFFFFF32
:100ED000FFFFFFFFFFFFFFFFFFFFFFFFFFFFFFFF22
:100EE000FFFFFFFFFFFFFFFFFFFFFFFFFFFFFFFF12
:100EF000FFFFFFFFFFFFFFFFFFFFFFFFFFFFFFFF02
:100F0000FFFFFFFFFFFFFFFFFFFFFFFFFFFFFFFFF1
:100F1000FFFFFFFFFFFFFFFFFFFFFFFFFFFFFFFFE1
:100F2000FFFFFFFFFFFFFFFFFFFFFFFFFFFFFFFFD1
:100F3000FFFFFFFFFFFFFFFFFFFFFFFFFFFFFFFFC1
:100F4000FFFFFFFFFFFFFFFFFFFFFFFFFFFFFFFFB1
:100F5000FFFFFFFFFFFFFFFFFFFFFFFFFFFFFFFFA1
:100F6000FFFFFFFFFFFFFFFFFFFFFFFFFFFFFFFF91
:100F7000FFFFFFFFFFFFFFFFFFFFFFFFFFFFFFFF81
:100F8000FFFFFFFFFFFFFFFFFFFFFFFFFFFFFFFF71
:100F9000FFFFFFFFFFFFFFFFFFFFFFFFFFFFFFFF61
:100FA000FFFFFFFFFFFFFFFFFFFFFFFFFFFFFFFF51
:100FB000FFFFFFFFFFFFFFFFFFFFFFFFFFFFFFFF41
:100FC000FFFFFFFFFFFFFFFFFFFFFFFFFFFFFFFF31
:100FD000FFFFFFFFFFFFFFFFFFFFFFFFFFFFFFFF21
:100FE000FFFFFFFFFFFFFFFFFFFFFFFFFFFFFFFF11
:100FF000FFFFFFFFFFFFFFFFFFFFFFFFFFFFFFFF01
:10100000D1002043ED15006000000000000000004A
:10101000201000600010006000300160000000003F
:1010200000000060003C010000000000FFFFFFFF27
:10103000FFFFFFFFFFFFFFFFFFFFFFFFFFFFFFFFC0
:10104000FFFFFFFFFFFFFFFFFFFFFFFFFFFFFFFFB0
:10105000FFFFFFFFFFFFFFFFFFFFFFFFFFFFFFFFA0
:10106000FFFFFFFFFFFFFFFFFFFFFFFFFFFFFFFF90
:10107000FFFFFFFFFFFFFFFFFFFFFFFFFFFFFFFF80
:10108000FFFFFFFFFFFFFFFFFFFFFFFFFFFFFFFF70
:10109000FFFFFFFFFFFFFFFFFFFFFFFFFFFFFFFF60
:1010A000FFFFFFFFFFFFFFFFFFFFFFFFFFFFFFFF50
:1010B000FFFFFFFFFFFFFFFFFFFFFFFFFFFFFFFF40
:1010C000FFFFFFFFFFFFFFFFFFFFFFFFFFFFFFFF30
:1010D000FFFFFFFFFFFFFFFFFFFFFFFFFFFFFFFF20
:1010E000FFFFFFFFFFFFFFFFFFFFFFFFFFFFFFFF10
:1010F000FFFFFFFFFFFFFFFFFFFFFFFFFFFFFFFF00
:10110000FFFFFFFFFFFFFFFFFFFFFFFFFFFFFFFFEF
:10111000FFFFFFFFFFFFFFFFFFFFFFFFFFFFFFFFDF
:10112000FFFFFFFFFFFFFFFFFFFFFFFFFFFFFFFFCF
:10113000FFFFFFFFFFFFFFFFFFFFFFFFFFFFFFFFBF
:10114000FFFFFFFFFFFFFFFFFFFFFFFFFFFFFFFFAF
:10115000FFFFFFFFFFFFFFFFFFFFFFFFFFFFFFFF9F
:10116000FFFFFFFFFFFFFFFFFFFFFFFFFFFFFFFF8F
:10117000FFFFFFFFFFFFFFFFFFFFFFFFFFFFFFFF7F
:10118000FFFFFFFFFFFFFFFFFFFFFFFFFFFFFFFF6F
:10119000FFFFFFFFFFFFFFFFFFFFFFFFFFFFFFFF5F
:1011A000FFFFFFFFFFFFFFFFFFFFFFFFFFFFFFFF4F
:1011B000FFFFFFFFFFFFFFFFFFFFFFFFFFFFFFFF3F
:1011C000FFFFFFFFFFFFFFFFFFFFFFFFFFFFFFFF2F
:1011D000FFFFFFFFFFFFFFFFFFFFFFFFFFFFFFFF1F
:1011E000FFFFFFFFFFFFFFFFFFFFFFFFFFFFFFFF0F
:1011F000FFFFFFFFFFFFFFFFFFFFFFFFFFFFFFFFFF
:10120000FFFFFFFFFFFFFFFFFFFFFFFFFFFFFFFFEE
:10121000FFFFFFFFFFFFFFFFFFFFFFFFFFFFFFFFDE
:10122000FFFFFFFFFFFFFFFFFFFFFFFFFFFFFFFFCE
:10123000FFFFFFFFFFFFFFFFFFFFFFFFFFFFFFFFBE
:10124000FFFFFFFFFFFFFFFFFFFFFFFFFFFFFFFFAE
:10125000FFFFFFFFFFFFFFFFFFFFFFFFFFFFFFFF9E
:10126000FFFFFFFFFFFFFFFFFFFFFFFFFFFFFFFF8E
:10127000FFFFFFFFFFFFFFFFFFFFFFFFFFFFFFFF7E
:10128000FFFFFFFFFFFFFFFFFFFFFFFFFFFFFFFF6E
:10129000FFFFFFFFFFFFFFFFFFFFFFFFFFFFFFFF5E
:1012A000FFFFFFFFFFFFFFFFFFFFFFFFFFFFFFFF4E
:1012B000FFFFFFFFFFFFFFFFFFFFFFFFFFFFFFFF3E
:1012C000FFFFFFFFFFFFFFFFFFFFFFFFFFFFFFFF2E
:1012D000FFFFFFFFFFFFFFFFFFFFFFFFFFFFFFFF1E
:1012E000FFFFFFFFFFFFFFFFFFFFFFFFFFFFFFFF0E
:1012F000FFFFFFFFFFFFFFFFFFFFFFFFFFFFFFFFFE
:10130000FFFFFFFFFFFFFFFFFFFFFFFFFFFFFFFFED
:10131000FFFFFFFFFFFFFFFFFFFFFFFFFFFFFFFFDD
:10132000FFFFFFFFFFFFFFFFFFFFFFFFFFFFFFFFCD
:10133000FFFFFFFFFFFFFFFFFFFFFFFFFFFFFFFFBD
:10134000FFFFFFFFFFFFFFFFFFFFFFFFFFFFFFFFAD
:10135000FFFFFFFFFFFFFFFFFFFFFFFFFFFFFFFF9D
:10136000FFFFFFFFFFFFFFFFFFFFFFFFFFFFFFFF8D
:10137000FFFFFFFFFFFFFFFFFFFFFFFFFFFFFFFF7D
:10138000FFFFFFFFFFFFFFFFFFFFFFFFFFFFFFFF6D
:10139000FFFFFFFFFFFFFFFFFFFFFFFFFFFFFFFF5D
:1013A000FFFFFFFFFFFFFFFFFFFFFFFFFFFFFFFF4D
:1013B000FFFFFFFFFFFFFFFFFFFFFFFFFFFFFFFF3D
:1013C000FFFFFFFFFFFFFFFFFFFFFFFFFFFFFFFF2D
:1013D000FFFFFFFFFFFFFFFFFFFFFFFFFFFFFFFF1D
:1013E000FFFFFFFFFFFFFFFFFFFFFFFFFFFFFFFF0D
:1013F000FFFFFFFFFFFFFFFFFFFFFFFFFFFFFFFFFD
:10140000824205D051F8043B40F8043B8242F9D8AF
:10141000704700BF044A05494FF0000342F8043BFF
:101420009142FBD8704700BFC01E0020A0110220CF
:1014300080B5BFF34F8F00F0BDF9534C534B0820DC
:101440005349C3F85401534AC3F800115248C3F832
:10145000F0405249FFF7D4FF514A52495248FFF732
:10146000CFFF524CFFF7D6FF4FF470004FF0E02152
:1014700000234F4AC1F8880D44F823200133B02BD4
:10148000FAD14C4B80214C4A03F8011B9342FBD10B
:101490004FF0E025494F4A4A4FF0FF31C5F8084D5B
:1014A0000026D5F8243D43F4E023C5F8243DFB692C
:1014B00023F07F0343F04003FB617B6A23F07F034B
:1014C00043F040037B629166D1661167516700F07B
:1014D00079F93C4B63223C49A3633C4BE363032310
:1014E0006A613B4AAE612B61C5F8202DD5F8FC2D11
:1014F000384B42F08072C5F8FC2D1A6842F00102A8
:101500001A605B680B6000F0E7F9334800F05CFBA1
:10151000F96E324B324A41F44051F9661E60C3F80D
:101520000861C3F81861C3F82861C3F83861936B88
:10153000DB0708D442F615632A4951651365936B9E
:1015400043F001039363264A274C936843F0011349
:10155000936000F005F900F03FFB00F0EBF900F0BC
:101560002BF92368132BFCD900F07CFA2368B3F520
:10157000967FFBD300F024F900F020F900F038FB4F
:1015800000F026FB30BFFDE70C0D111300800D406D
:101590001B101820B8F0000000000000941D00602F
:1015A000C01E0020500E016000000020001C002022
:1015B0003D66000000E400E0A0E400E000C00F4051
:1015C00000C00A4079820000080F02207D820000DE
:1015D00000002020001000E00046C3230040084027
:1015E00000400D400000C0560C0F0220054B4FF488
:1015F0002A01054A05485A641864054A99639546C4
:10160000FFF716FF00C00A40AFAAAAAA07002000F1
:10161000000007201BB9124B1B6F9B041ED400F067
:101620003F000F4B22F0604221F0604140F48910EE
:101630001867C3F88010C3F890201A6F22F4805204
:101640001A671A6F002AFCDAD3F87011054A0A40AB
:10165000C3F870211A6F22F480321A67704700BFF6
:1016600000800D40FF7F7FFFB1F5607FF0B50E4633
:101670008DB028BF4FF460760F46054672B62E4BEC
:1016800000247022186021462C4B2D481C8000F04D
:10169000ABFACFB121462A484FF0010C4A0901F0BC
:1016A0001F03013150F822400CFA03F38E4243EA43
:1016B000040340F82230F1D8284600234380013348
:1016C00000F582709E42F9D81E4C257815B162B69D
:1016D0000DB0F0BD082000F083FA1B4B80220646B7
:1016E000009302A90693194B0271056008A80293A2
:1016F00000F062FA06A9164A304600F07DFA069B11
:1017000008A8DB689847009B02A8DB689847237805
:10171000002BDCD10F4B104AC3F858210F49D020C1
:101720004FF0E023402281F84600C3F8082101234E
:10173000237062B60DB0F0BD2822002040110220B7
:101740003022002056110220E40900202554000018
:101750001B100100001C00203154000000E400E0D8
:10176000104BA020104AD96E41F4403110B4D96614
:1017700040F23764D96E41F44071D9665464906484
:10178000936C1B06FCD4094A40F23761A0235164D4
:101790009364936C13F08003FBD1054A13705DF8DA
:1017A000044B704700C00F4000400C4000800C40CC
:1017B0005C110220704700BF704700BF704700BF38
:1017C00000BF704710B44FF0E023002110243248CE
:1017D000C3F8941DC3F89C4D1124C3F8A00D2F48E5
:1017E000C3F89C4D1224C3F8A00D2D48C3F89C4D9E
:1017F0002C4AC3F8A00D2C4C42F015022B48C3F81C
:101800009C4DC3F8A00D2A4C2A48C3F89C4DC3F840
:10181000A00D294CC3F89C2D2848294AC3F8A04D97
:10182000C3F89C0DC3F8A02D02F5A022254C0C3264
:101830002548C3F89C4DC3F8A02D244AC3F89C0D3D
:10184000C3F8A02D02F14062214C02322148C3F8B6
:101850009C4DC3F8A02D0A32C3F89C0DC3F8A02DEF
:1018600000BF00BF00BF00BF00BF0122C3F8942D1E
:10187000BFF34F8FBFF36F8FC3F8501FBFF34F8F6E
:10188000BFF36F8FD3F8142D5DF8044B42F4403250
:10189000C3F8142D704700BF3F0000102500080753
:1018A00009001000A01102201300200021000207EF
:1018B0001400002025000813090000101600202045
:1018C00027000B1317000040180000602F000B07C3
:1018D000190000701A000080F0B4154A40274FF438
:1018E00080314FF480564FF400554FF4404443F29A
:1018F0004200136913F0020F0ED113F4005F0FD0F2
:1019000013F4805F0ED0002BF3DA13F4803F0BD179
:101910005B060BD5F0BC7047946151619061E8E7BC
:101920005561E6E75661E4E79161E2E75761E0E778
:1019300000800D403F4A03203F49F3EE095AD2F898
:1019400080304FF0000C9FED3D6A23F001039FEDC6
:101950003C5A30B4C2F88030C2F89000D1F8E010A0
:10196000384DCBB2384C39482B6007EE903A0B0D0E
:10197000C1F30B21F8EEE77A06EE903A07EE101A63
:10198000334BB8EEC77A2160F8EEE66A314937EE9C
:10199000C66A37EEC55A76EEC76A77EEE57A26EE66
:1019A000266AC3ED006A25EE265AD2F8803067EE2B
:1019B000A64AC0ED007AC6EE275A274885EE276A68
:1019C000C4EEA76A75EE875AFCEEE55A36EE076A52
:1019D00015EE904ABCEEC66A43EA045376EE877A67
:1019E000C2F8803016EE103AD2F89041FCEEE77A59
:1019F00001EA0341214317EE903AC2F89011C3F374
:101A00000B03D2F890110B431449C2F89031D2F86D
:101A1000803043F00203C2F88030114B80F840C0A0
:101A2000C1F840314FF0E023012230BCC3F8082157
:101A3000704700BF00810D4000441F400000AA42D3
:101A40000000B4421C2C0020182C0020202C002068
:101A5000242C00200000FF0F00E400E0001C002008
:101A600029680000314B40F6617210B5C3F820219F
:101A700040F2044400F0A4F82D4A2E49D2F88030F8
:101A80002D4843F00303C2F880302C4BC1F860416D
:101A900002681A4203D1D1F8A8319A071BD0254A0F
:101AA0004FF00041244B5963D2F8403143F0020318
:101AB000C2F84031D2F840319B07FBD44FF40030DC
:101AC0004FF0E0211C4B4FF00042C1F88C0219206E
:101AD0009A6300F06DF8184A4FF08040154C0021D1
:101AE00090630A20164B11604FF42072C4F8A801CD
:101AF000184600F079F84FF4800203464FF4810055
:101B000040F243111860C4F858311A640D4B0E4A64
:101B1000C4F84811C3F804224FF0E0224FF400311A
:101B20000123C2F80C11C4F8403110BD00800D40F3
:101B300000C00F4000002E4000900D40001C1E0011
:101B400000000020001C0020496A000008B50E4B70
:101B50001B6E9B0700D4FBBE72B60C4B00200C4AD8
:101B6000C3F8400103F160430A49A3F55F23116400
:101B70009D46BFF34F8F4FF400130748074ADB69B8
:101B800002609B68984700BF00441F4000002E4041
:101B900000C00A400300200000802020000012EB5B
:101BA000F8B500BFF8BC08BC9E46704700000000B6
:101BB0005FF800F0FD5E00005FF800F0995400004F
:101BC0005FF800F0857100005FF800F00D5C000028
:101BD0005FF800F0E96100005FF800F02D6500009B
:101BE0005FF800F02D6300005FF800F03D9A000000
:101BF0005FF800F0B99B00005FF800F0CD590000DD
:101C00000501000069480000D9510000D15A0000C8
:101C100020036400690063006500460072006900EB
:101C200065006E006400200076002E003000310058
:101C3000220353006900670069006C0049006E00D0
:101C400073007400720075006D0065006E00740012
:101C5000730000000403090409029500030100C099
:101C600032080B0002020201000904000001020216
:101C700001000524001001052401010104240206CD
:101C80000524060001070582031000100904010065
:101C9000020A000000070503024000000705830256
:101CA00040000009040200020103000007240100B3
:101CB0000125000624020101000624020202000997
:101CC00024030103010201000924030204010101AC
:101CD000000905040240000000000525010101097A
:101CE00005840240000000000525010103000000FA
:101CF00009029500030100C032080B000202020134
:101D00000009040000010202010005240010010581
:101D100024010101042402060524060001070582AE
:101D20000310000509040100020A00000007050372
:101D300002000200070583020002000904020002FB
:101D4000010300020724010001250006240201010D
:101D50000206240202020209240301030102010215
:101D60000924030204010101020905040200020022
:101D700000000525010101090584020002000000A0
:101D800005250101030000000A060002EF020140E0
:041D9000010000004E
:101D9400000000000000000000000000000000003F
:101DA400000000000000000000000000000000002F
:101DB400F8B54FF084439D695A6915400DD0254FFD
:101DC40001269D6195FAA5F4B4FA84F457F82430F9
:101DD40006FA04F49847A543F4D11F4B9D695A6948
:101DE40015400DD01D4F01269D6195FAA5F4B4FA56
:101DF40084F457F8243006FA04F49847A543F4D140
:101E0400174B9D695A6915400DD0164F01269D61E7
:101E140095FAA5F4B4FA84F457F8243006FA04F4D5
:101E24009847A543F4D1104B9D695A6915400DD0CC
:101E34000E4F01269D6195FAA5F4B4FA84F457F87F
:101E4400243006FA04F49847A543F4D1BFF34F8F26
:101E5400F8BD00BFF01700200040004270180020B9
:101E640000800042F018002000C0004270190020D9
:101E74000548064B1B1AD90F01EBA301491002D0E8
:101E8400034B03B118477047C01E0020C01E00203A
:101E94000000000008B5054B1BB105490548AFF328
:101EA4000080BDE80840FFF7E3BF00BF000000006A
:101EB400E02A0020003C016090F8C433B3B1D0F8AC
:101EC4003033D0EDE16AD3ED007A90F8C52377EE94
:101ED400E67A9FED0E7A00EE102A67EE877AB8EE66
:101EE400C00AF8FE677A30EE270A7047D0F830331C
:101EF400F3EE087A9FED067A93ED000A20EE070AC6
:101F0400B8FE400A30EE270A704700BF0000404286
:101F14000000804270B52DED048BB3EE089A0025C5
:101F2400DFED308A06469FED308A044694F8CC31C2
:101F34007BB33378D3B194F8CE31002B45D0D6F8A7
:101F4400303394ED767A03EB850394F8D121D3ED05
:101F5400007A00EE102A77EEC77AB8EEC00A67EE70
:101F6400887AF8FE677A30EE270A09E094F8CE31D1
:101F74003046ABB9FFF7A0FFD4ED757A30EE270AEF
:101F8400D6EDDF7A2946D6F8CC0230EE270A01F0E6
:101F9400E9FF01352034032DC8D1BDEC048B70BD9D
:101FA400D6F8303396EDE17AD3ED007A94F8D12166
:101FB40077EEC77A00EE102A67EEA87AB8EEC00A68
:101FC400F8FE677A30EE270ADAE7D6F8303303EB07
:101FD400850393ED000A20EE080AB8FE400A30EEAD
:101FE400090ACDE70000404200008042037810B5A2
:101FF400002B40F09E80D0F8CC32814903F5804C10
:10200400D0F8302390F8BC41D964CCF8141103F50E
:10201400004CCCF8DC11D2ED016A002C77D1DFED55
:10202400797A76EEA76AF5EEC06AF1EE10FA7DD4FD
:10203400F7EE007AF4EE676AF1EE10FA77FEA66A1C
:1020440090EDDD6A9FED707AD2ED027A90EDDE4A72
:10205400E6EE077ADFED6D4A90F8BB11DFED695AC1
:1020640000299FED6B7A90EDD96AD2ED053A05FE11
:10207400877AE4EE247A9FED675A26EE236A77EE98
:10208400877AE6EE057AF4EEE57AF1EE10FA00F1DD
:10209400AE80B7EE007AF4EE477AF1EE10FA77FEEE
:1020A400277ADFED5D4A92ED087A92ED035AA6EEA7
:1020B400247AD2ED065AD2F81CE0B5EEC07AF1EEDD
:1020C40010FA00F19180B7EE006AB4EE467AF1EEB0
:1020D40010FA36FE077AD2F824C003F54043906A1A
:1020E400D16A002283ED985AC3ED995AC3ED966ADA
:1020F400C3ED977AC3F868E283ED9B7AC3F870C2A4
:10210400C3F87402C3F87812C3F87C2210BD90EDB2
:10211400716A9FED3E7ADFED407AE6EE077A76EE5D
:10212400A76AF5EEC06AF1EE10FA81D5DFED356AE3
:1021340086E7D0F83023D0EDDD5A9FED336A92ED77
:10214400077AD0EDDE6AA5EE867ADFED307A92ED7D
:10215400065AA6EEA77AB5EEC07AF1EE10FA49D483
:10216400F7EE007AB4EE677AF1EE10FA37FE877A6A
:10217400D0F8CC32F7EE006AD2ED085A02F10C0026
:10218400D2F824E01946946A44F2C80C92ED0B6A22
:102194001832F0EC017AF5EEC07AF1EE10FA2CD494
:1021A400F4EE667AF1EE10FA76FEA77A8242C1ED79
:1021B400137A6144EDD103F540430022C3F874223D
:1021C400C3F87822C3F87C22144A83ED965AC3EDEF
:1021D400995A83ED977A83ED9A6AC3F86CE2C3F84F
:1021E4007042C3F8602210BD9FED067A73E7F0EEEB
:1021F400657A56E79FED037ABAE7FFEE007AD5E7F2
:10220400000080BF000000009A99993ECDCC4C3E5E
:10221400EC51383E8FC2F53D0AD7A33D3333B33E6C
:10222400B5EEC00A2DE9F041F1EE10FA04460D4670
:1022340016462DED028B82B071D4F7EE007AB4EE1F
:10224400670AF1EE10FA37FE808AD4F83033217829
:1022540003EB850383ED008A002963D1002D00F090
:10226400A780042D65D194EDF27AF1EE007ADFEDCA
:10227400556AB8EEC77A84EDDC8A68EE277A37EEC1
:10228400266AF4EEC67AF1EE10FA06DC37EE667AC8
:10229400F4EEC77AF1EE10FA4BD5F8FE677AFDEE4C
:1022A400E77A00232046C4EDF27AA4F8AC3384F82C
:1022B400AE33FFF79BFE002E40D0DFED437A14359A
:1022C400D4F89C3128EE278AD4F898015A1CEDB230
:1022D40002F07F02B8FE488AFCEEC87A8242CDED55
:1022E400017A9DF804100CD1384B00221B68C4F805
:1022F400982123831B0C6269A37601231A4462612B
:10230400022203EB430323449976B0215D761976C8
:10231400C4F89C2102B0BDEC028BBDE8F0819FEDB6
:102324002C8A92E7022D0ED82046FFF7F3FD23787E
:102334004BB92046FFF75AFE002EBED102B0BDECC9
:10234400028BBDE8F081EB1E022BF2D804EB4313A1
:1023540093F8CC21002AECD004EB451797F8882198
:10236400002AE6D0F0EE480A9FED1A0AD3F8DC8181
:1023740007F03AFFDFED187A9FED187A20EE270A6E
:10238400DFED177A60EE277AF4EEC77AF1EE10FAF1
:1023940012D49FED147AF4EEC77AF1EE10FA0DDC44
:1023A400FCEEE77A17EE903A4344C7F88431C0E76D
:1023B4002046FFF7AFFDBCE72823F5E74FF4FA53B7
:1023C400F2E700BF6666263F0000FE42C00600201A
:1023D4000000000000003443EC51383D000020426E
:1023E40000002F440000FA450B2901D8FFF718BF5D
:1023F400704700BF07EE901ABFEE007AFAEEE97A52
:10240400F4EEC77AF1EE10FA0CD4B7EE007AF4EEDB
:10241400C77AF1EE10FA0BDDF0EE007AC0EDDF7A48
:10242400FFF778BDF8EE007AC0EDDF7AFFF772BDF2
:1024340077EEA77AC0EDDF7AFFF76CBD2DE9F041A6
:1024440000230C46054601461F46660100EB44186E
:102454009C4203F1010309D091F8CD0130B191F808
:10246400D1E198F8D1C1E64508BF0746032B01F135
:102474002001EDD1AB1993F8CD11012900D177B129
:1024840021460F34D5F8CC022E4401F053FE00232C
:1024940005EB4415A6F8CC312B72BDE8F08193F816
:1024A400D1C1D5E96603591C01F07F0181420BD1EA
:1024B4000B4B0221C5F898711B682B831B0CAB7660
:1024C4006B6901336B61012303EB430380202B44CD
:1024D4001876002083F819C09876C5F89C11CFE7C8
:1024E400C006002070B590F8CC4144B390F8EC31AC
:1024F4004BB390F80C3243B302460324002300EBA1
:10250400441C49B192F9D2E1BEF1000F00EB0E0573
:1025140002DB95F8BB5145B9032C12D0DCF8E0512D
:10252400D2F8E061AE4238BF1C4601332032032B9F
:10253400E5D1032C03D001222146FFF77FFF20467B
:1025440070BD1C46F1E70124F9E70224F7E700BF58
:1025540010B5782982B0044601922BD015D81F29D2
:1025640022D813293CD8012920D1DDED017A204657
:10257400DFED236AF8EEE77A87EEA67A84EDDE7A59
:1025840002B0BDE81040FFF731BD792910D1002316
:10259400C0F87C33C0F87833FFF7BCFC204602B0A7
:1025A400BDE81040FFF722BD4A29DED002B010BDBD
:1025B4007B29FBD1204601220021FFF73FFF0122A6
:1025C40020461146FFF73AFF204601220221FFF779
:1025D40035FFD4F8CC0202B0BDE8104001F0CABD0A
:1025E400DDED017A00221439B8EEE70ADFED047A52
:1025F40080EE270A02B0BDE81040FFF711BE00BF0D
:102604000000FE422DE9F04F0F4601780446904643
:102614001E462DED048B8BB0F0EE408AB0EE609A2E
:102624009DF860909DF86CB08DED071ACDED081AF9
:102634008DED092A01B3002A1ADB1C921C9B022B84
:1026440000F330811D462EB1E31893F8BB31002B03
:1026540040F028811C9B04EB431393F8CC31002BEE
:1026640000F0258101221C992046FFF7E7FE0AE0CD
:102674001C9B002BE2DA31462046FFF733FF032888
:10268400054600F00F812178002940F01081002FC9
:1026940040F023812046FFF70FFC30EE288AD4F85F
:1026A4003003B5EEC08AF1EE10FA00F10E81DFEDD1
:1026B400CA7AB4EEE78AF1EE10FA00F35281F8FE1A
:1026C400487AFCEEE77ACDED027A9DF80830029361
:1026D400B9F1000F00F0FF80234604F1600C4FF0C5
:1026E400000A039193F8CD212AB193F8D1E102991C
:1026F4008E4508BF924620336345F3D1039904EB1A
:102704004513012283F8CD9183F8CC216A0183F823
:10271400CE7183F8CF6183F8D0B1002F00F01C8113
:102724001A9BDBB2224482F8D131C2ED758A82F859
:10273400D281D4F88C330133C4F88C33C2F8E0313D
:10274400002900F0F38000EB85034FEA850C1B6839
:102754000CF10C0CC2F8D831199BC2F8DC3105F12C
:102764000F036278039304EB43131E72002E14BF0D
:102774005B460B4660449FED990A0491D0ED000A34
:10278400CDE9052307F030FDDFED957ABBF1000FAD
:10279400DFED946A20EE270ADFED937A9FED937ABA
:1027A40046FEA77A069B67EE807ADDE90412F4EE12
:1027B400C77AF1EE10FA00F1B7809FED8D7AF4EE4E
:1027C400C77AF1EE10FA00F3C980FCEEE77A17EE4F
:1027D400900A199FB8F1000FB4BF002101F0010164
:1027E400F0EE490A9DED071A3844039FDDED081AFF
:1027F40004EB47179DED092A786044F2C80700915D
:10280400294694EDDF0AD4F8CC0238EE000A01F030
:10281400E7FB784B0020A3FB0523D4F8CC2223F05C
:10282400010101EB5303ED1A07FB05229063002E0F
:1028340000F09A80B9F1000F34D0BAF1000F40F0E3
:102844009F80D4E966035A1C02F07F02DFED627AAE
:10285400B7EE007A69EE270AF4EEC70AF1EE10FA31
:1028640007D4F4EEE70AF1EE10FA40F39F807F21DB
:1028740000E0012190420BD147F6B03300222383BC
:102884006369C4F898210133A276022263610123AB
:1028940003EB4303029823449976902158761976E2
:1028A400C4F89C210BB0BDEC048BBDE8F08F4FB392
:1028B400DDED1A7A3946D4F83003B8EEE78AB5EE7E
:1028C400C08AF1EE10FA7FF5F2AE00230293B9F15B
:1028D400000F7FF401AFCA4611E7DDED1A7AD4F890
:1028E4003003B8EEE78AD4EDE16AD0ED007A9FEDCB
:1028F400427A77EEE67A67EE877AF8FE677A38EE00
:10290400278ACEE6D4F83003F3EE087A9FED3B7ABB
:10291400012100EB850393ED008A28EE078AB8FEB7
:10292400488A38EE278ABCE6282052E705F10F03CF
:10293400D0F800C0199F03938BF00103C2F8D8C1EB
:102944004FF00C0CC2F8DC713343039A04EB4212CF
:1029540013725A465B460DE7029BE3E64FF4FA50C6
:1029640037E77F230293B3E6B9F1000F9AD0BAF1A7
:10297400000F3FF466AF0BB0BDEC048BBDE8F08FE5
:10298400D4E966014B1C03F07F03834215D05A1C23
:1029940002F07F0201EB4101029D21444D76802526
:1029A4000D7600258D76C4F89C314FE7FCEEE07A75
:1029B400CDED037A9DF80C105CE76369002047F6BF
:1029C400B03201210133C4F89801228303226361E8
:1029D4000223A076DEE700BF0000FE42000034437D
:1029E400EC51383D00002F440080BB4400002042DD
:1029F4000000FA45ABAAAAAA0000404200008042A7
:102A0400012B2DE9F04104468AB0884648D1174687
:102A1400002A45D00378ABB32546002695F8CC317F
:102A240033B195F8CE311BB195F8D13143454AD035
:102A340001362035032EF1D107EE907ADFED2A0A14
:102A44009FED2A1A0023F8EEE77A10994FF0FF322F
:102A5400F0EE411AB0EE412A2046C7EEA00ACDF8A6
:102A64000880B0EE410ACDE90031CDE903320121FD
:102A7400FFF7C8FDD4F8A4310133C4F8A4310AB077
:102A8400BDE8F08190F8C43323B9D0F830331B6823
:102A9400C0F88433012384F8C58384F8C433BBE7C6
:102AA4002546002695F8CC3133B195F8CE311BB1CB
:102AB40095F8D131434511D001362035032EF1D19B
:102AC4000AB0BDE8F0813146013601222046FFF705
:102AD400B5FC032E05F12005A0D1ADE73146002257
:102AE4002046FFF7ABFCE7E70000FE4200000000D1
:102AF400022943D82DE9F041164642180C468AB003
:102B040092F8BB11054682F8BB61C6B10278B2BB2C
:102B1400B5EEC00AF1EE10FA54D4F7EE007AB4EE32
:102B2400670AF1EE10FA37FE800A05EB840484ED9F
:102B3400700A28460AB0BDE8F041FFF757BA00EB27
:102B440084030022C3F8C0210378002BF1D02F4660
:102B54004FF0000897F8CC3123B197F9D231A34252
:102B640000D196B308F101082037B8F1030FF1D171
:102B740028460AB0BDE8F041FFF738BA70479FED28
:102B8400161A00EB840282ED701A0029DFD101933A
:102B94004FF0FF33F0EE411ADFED100A0493B0EE6C
:102BA400412A02930123B0EE410A224600930B46C8
:102BB40003918DED071A8DED081A8DED091AFFF7B3
:102BC40021FDC4E79FED040AAFE73246414628469B
:102BD400FFF734FCC6E700BF00000000CDCC4C3F3B
:102BE400B7EE005ADFED3F5ADFED3F2A00F51071D2
:102BF4009FED3E3A00F5387CDFED3D3A9FED3D4ACE
:102C0400D0F8883383EA4333143183EA53438C4541
:102C140083EA431383EA43329BB282EA524207EEC9
:102C2400903A82EA4212F8EEE77A82EA423392B2AA
:102C340087EEA56A83EA534307EE902A83EA431397
:102C440083EA4332F8EEE77A9BB282EA5242C7EE55
:102C5400A56A82EA421207EE903A82EA423392B2BD
:102C640083EA5343F8EEE77A83EA431387EEA57ABF
:102C740007EE902A9AB2F8EEE77A36EE456AC7EE86
:102C8400A54A66EE227A06EE102A76EEC56AB8EEFA
:102C9400C66A41ED0A7A37EE457A66EE836AC6EE75
:102CA400257A41ED096A27EE237A74EEC56A01EDAF
:102CB400087A41ED076A77EEC57A67EE847A41EDCA
:102CC400067A9FD10C4A43F00101C0F888335A4078
:102CD400C0EDB27A80F86C13012A38BF0122C0F823
:102CE4003423704700FFFF46EC51383EAE47613E47
:102CF4009A99993ECDCC4C3E3AF54FA52DE9F04F2B
:102D04000025044683B00F460580294685804FF48C
:102D1400C072857104F5347604F54F794FF0B60B23
:102D24004FF0300AC0E90255C0E90455183008F0E4
:102D34004DFD4FF48032294604F5E670C4F8B821FD
:102D44006022A4F8BC51C4F8C051C4E96655C4E972
:102D54006855C4E96A55C4E96C55C4E9715508F06D
:102D640035FDFF232946A02284F8D23104F50B70E7
:102D740084F8F23184F8123208F028FD3E4BC4F88E
:102D8400CC7204F5407C1F1D03F1340E03F164087A
:102D94000196F6EE006ADFED397AB5EE087A9FED1A
:102DA400386A0FCF0FC60FCF0FC697E80F0086E81B
:102DB4000F00BEE80F00ACE80F00BEE80F00ACE85F
:102DC4000F009EE80F008CE80F00019B2D4AC4F809
:102DD40030330423C4E9CD23B8E80F00A9E80F0079
:102DE40098E80F0089E80F00274B204684EDD86A45
:102DF400C4F888334FF4FA73C4EDDC6AC4F898332A
:102E040040F2DC5384EDE17AC4F8A8331423C4ED12
:102E1400D97AC4F8B8334FF08073C4EDDD7AC4F8BE
:102E2400C0330223C4EDDE7AC4EDDF7AC4EDE07A68
:102E3400A4F86CB3C4F85C53C4F86853C4F894534E
:102E4400C4F8A453C4F8AC5384F8B053C4F8B453CE
:102E5400C4F8BC5384F8C453C4E9E355C4E9E75542
:102E640084F8C5A3C4F8C833FFF7BAFEFFF7BEF869
:102E7400204603B0BDE8F08FC0060020000000002B
:102E84007593D83E3AF54FA5037AF10000292DE950
:102E9400F84314BF06240024654B0546654F18BF4C
:102EA4004FF00C08644E03EB8409037808BF4FF01D
:102EB400060807EB840706EB84062DED068B9FEDD1
:102EC4005F8ADFED5F8ADFED5FAA9FED5FAADFED2A
:102ED4005F9A9FED5F9A002B4BD097ED000AA100FB
:102EE40096ED005A35EE406A26EE284AD5F8883326
:102EF400F7EE005AD5F83023F6EE004A83EA43335E
:102F04000A4483EA534392ED007A83EA43139AB264
:102F1400C5F8883306EE902AF8EEE66AC6EE887A9B
:102F240077EEE57A77EEA57A67EEA47AA7EE860ABD
:102F340070EE477AF0EEE77AF4EEC47AF1EE10FA26
:102F440008D5A6EE240AB4EEC05AF1EE10FA01D563
:102F540030EE460A2146013401222846FFF760F983
:102F6400444542D22B780437043609F10409002B76
:102F7400B3D1042C49D064B1364BA10099ED000AB9
:102F840003EB840393ED005A35EE406A26EE284A9B
:102F9400ACE795F8C43373B395EDE15A35EE490ABD
:102FA400B5EEC00AF1EE10FA31D4F7EE007AB4EEC1
:102FB400670AF1EE10FA37FE800A35EE095ADFEDA2
:102FC400267AB4EEE75AF1EE10FA06D4F7EE007A58
:102FD400B4EEE75AF1EE10FA23DD37EEC06A0021B1
:102FE400B0EE675A26EE284A80E72B7893B1BDEC01
:102FF400068BBDE8F883B0EE6A4A9FED110AB0EE85
:103004004A6A2146B0EE695A70E70524ABE79FEDA2
:10301400120AD2E7BDEC068B2846BDE8F843FFF759
:10302400DFBD35EE406A002126EE284A5EE700BF88
:10303400E0080020400900201009002000FFFF469E
:10304400EC51383ECC10C73D713D0A3FEC51383F3E
:103054005555153EB008002000000000D0F8A031FE
:103064002DE9F04F013390F800E004460D46164672
:103074002DED028BC0F8A0318FB0BEF1000F14D03B
:1030840000F5DD7700F2BD189FEDDA8A4FF0FF39C5
:103094003B4617F8011F002900F04D81B845F7D1D0
:1030A4000FB0BDEC028BBDE8F08F90F8BD91B9F183
:1030B400000F00F0BB80F1EE0C6A90F86CC3B6EE22
:1030C400007A0CF00703CCF3C20B07EE903AF8EE4B
:1030D400E77A87EEA61A31EE471AD4F830A394F8AB
:1030E400B8319AED058ADFEDC47A03EB830228EE4A
:1030F400011A9FEDC27AB4EEE78A04EB82029900CA
:103104001F4621EE071AD2ED8C1AF1EE10FA92ED59
:103114008D2A92ED8B7A68EE211A28EE022A079105
:10312400A7EE081A40F3208138EE670A92ED8E7AF2
:10313400F3EE087A20EE070A20EE270AB8FE400ACA
:10314400204600214FF0FF38069390F8CC213AB185
:1031540090F8CF2122B190F8CE21002A00F0078107
:10316400013120300329F0D1DFEDA57A069BB4EEBE
:10317400E78AF1EE10FA0DDD94F86D1301297BD97D
:10318400DAED037AB6EE007AF4EEC77AF1EE10FACD
:1031940000F32A81079ADFED9B0A1A4404EB8203A9
:1031A400D3ED8F7AE7EE880AF5EEC00AF1EE10FA55
:1031B40000F1EB80F7EE007AF4EE670AF1EE10FA14
:1031C40077FEA00A4FF0FF3201230021204604922B
:1031D4000292CDF80CE08DED081ACDED091A8DEDB3
:1031E4000A2ACDE90065FFF70DFAD4F8A8310022C8
:1031F40094F8BD91013384F86D23C4F8A83194F890
:10320400B831B9F1000F07D1DFED7F7AB4EEE78A68
:10321400F1EE10FA00F31881013303F0070384F888
:10322400B8310FB0BDEC028BBDE8F08F90F86C3371
:10323400D0EDD97A4FEA531CF5EEC07A8CEAD31C50
:10324400F1EE10FA8CEA131C8CEAD30CCCBF0122E9
:1032540000228CEA020C0CF0010C4CEA430C1CF02A
:10326400FF0C40F095804FF0B60C9FED681A4FF0BC
:10327400060B80F86CC330E7B8F1FF3F49D004EB8C
:10328400481292F8D021002A40D0BBF1000F3DD162
:10329400DAED037A9FED5E7AF4EEC77AF1EE10FA76
:1032A4007FF770AF5B4944F2C806DFED5B6A44F216
:1032B400B0009FED5A7AA1FB0831D4F8CC22A7EED6
:1032C400A67A21F0010303EB5103A8EB030304EBFB
:1032D4004818FCEEC77A06FB03031A4417EE903A2B
:1032E4002B44C8F8E43182ED001AC2ED011A82EDD4
:1032F400022AD4F8AC2194F86D3301320133C4F8B6
:10330400AC2184F86D3394F8B8317AE7BBF1010F3E
:1033140045D0D4F8A821002A3FF432AFBBF1020F04
:103324007FF42EAFD4F8B4210131013284F86D1347
:10333400C4F8B42165E7A3F5DD739FED391AF0EE07
:10334400480A4FF0FF321B1BF0EE411AB0EE412A3F
:1033540020460493B0EE410A012303910096CDE97F
:103364000159FFF74FF999E69FED2D0AE8E6B8F108
:10337400FF3F04EB481206D0D2F8E021D0F8E03148
:1033840093427FF6EDAE8846EAE6DFED250A19E7BB
:10339400F1EE0C6A80F86CC3B6EE007A91E61D4A31
:1033A40044F2C80544F2B001A2FB0832D4F8CC328E
:1033B40022F0010000EB5202A8EB020805FB081200
:1033C4001344D4F8B02183ED001A0132C3ED011A7D
:1033D40083ED022A94F86D33C4F8B021013384F8E4
:1033E4006D3394F8B8310CE71CF0030E18BF4FF09E
:1033F400010ECFE67B142E3F3333333F8FC2F53DAE
:10340400CDCC4C3ECDCC4C3FCDCCCC3E6EDBB63E91
:103414006666E63EABAAAAAA00401C450000964395
:10342400000000006F12033CEC5138BEEC51383EF2
:10343400AE4761BEAE47613E00FFFF46A69B443CDB
:103444009A9999BE9A99993ED4F88823F7EE005A2E
:103454001FED075AB90082EA42321FED0E6A5FED92
:103464000E6A82EA524282EA421290B207EE100ACF
:1034740007EB8700B8EEC77A04EB8000C7EE057A45
:1034840090ED8B7A77EEE57A67EE867AA7EE887A06
:10349400B4EEE67AF1EE10FA6FD45FED1C7AB4EE76
:1034A400677AF1EE10FA37FE877A82EA4232C81957
:1034B4005FED1F4AB7EE005A82EA52425FED215A8D
:1034C40004EB80001FED266A82EA4212D0ED8C7A6A
:1034D40080ED8B7A90B206EE900AF8EEE66A86EEFC
:1034E400A47A37EE457A27EE257AE7EE087AF4EEE9
:1034F400C67AF1EE10FA46D41FED327AF4EE477A2A
:10350400F1EE10FA77FE277A82EA4232C8195FEDAB
:10351400364AB7EE005A82EA52425FED385A04EB5B
:1035240080001FED396A82EA421290ED8D7AC0ED77
:103534008C7AC4F8882392B207EE902AF8EEE77AE0
:10354400C7EEA46AF0EE477A76EEC56A66EEA56A1F
:10355400E6EE887AF4EEC67AF1EE10FA10D41FED96
:10356400477AF4EE477AF1EE10FA77FE277A394477
:1035740004EB8101C1ED8D7A4EE6B0EE667A94E7F4
:10358400F0EE467AF3E7F0EE467ABDE7D0F8302362
:10359400D0F83833D2ED056A30B490F8BD4123B188
:1035A400013BC0F83833002B4BD1D0F83433DFED76
:1035B400267A83EA4333254D66EEA77A83EA53439A
:1035C40083EA4313C3F30722C0F8343307EE102A07
:1035D40003F00702B8EEC77AAA5CB4EEE77AF1EE1C
:1035E40010FA04D5C3F30143023303FB02F2D0F80B
:1035F4005C330CB300EB8302D2F83C2307EE102AB1
:10360400F1EE007A01330122B8EE477A03F00703A2
:1036140037EE677AC0F85C3330BCE6EE877AF8FEA2
:10362400677AFCEEE77A17EE903A934238BF134676
:10363400C0F83833FFF712BD00EB8304C4F83C2311
:10364400DCE730BC704700BF0000C842DC09002042
:1036540070B5D0F89831002400220421C0F88043CA
:103664001C46D0F89C51C0F8AC2380F8B023C0F8B5
:103674003813C0F85C23AB4219D003EB4301013388
:1036840004EB440204F1010E014403F07F030244FD
:1036940091F818C0BCF1F70FEDD84E7EAB42897E8D
:1036A4000EF07F0482F818C056769176E5D1C0F802
:1036B4009C4170BD10B5012200210446FEF7BEFEF8
:1036C400012220461146FEF7B9FE204601220221BE
:1036D400FEF7B4FED4F8CC02BDE8104000F04ABDB9
:1036E40010B5012200210446FEF7A8FE012220465F
:1036F4001146FEF7A3FE204601220221FEF79EFE9C
:10370400D4F8CC0200F036FD00232046C4F8783308
:10371400C4F87C33BDE81040FEF768BC70B50122E4
:103724000D460021044690F8C163FEF787FE01228E
:1037340020461146FEF782FE012202212046FEF7B2
:103744007DFED4F8CC0200F015FD237883F001034C
:1037540023708BB104F540732046C4F83033FFF76F
:1037640077FF002284F8C1234EB92046C4F8905351
:10377400BDE87040FEF73ABC04F53473ECE7D4F8C6
:103784009C31D4F89801591C01F07F0181420BD17E
:103794000E4BC4F898211A686369110C22835A1CD1
:1037A4000123A1760221626103EB4303FC2220463C
:1037B40023441A7600225A769A76C4F89C11C4F8E7
:1037C4009053BDE87040FEF711BC00BFC006002056
:1037D40003792DE9F0410446884615462BB18368E8
:1037E40044F61F62EB1A934220D908F10603DBB2B8
:1037F400022B1BD801260227B8F1FC0FA6716671B3
:1038040084F8B971C4E9035512D0012B0ED80027EE
:10381400204684F8BA6184F8C173FFF719FFB8F140
:10382400FA0FC4F8905308BF84F8B871BDE8F0816A
:103834000025204684F8BA5184F8C153FFF708FFE5
:1038440032462946FEF7FAFD324631462046FEF757
:10385400F5FD204632463946FEF7F0FDD4F8CC0299
:10386400BDE8F04100F086BC90F8C23370B5044660
:103874000D466BB1D0F894338B4200F09F80CB1A85
:1038840042F20672A3F10A01914201D8C4F89833B6
:10389400012694F8B931C4F89453B342256184F8ED
:1038A400C263A6712671A56040F08C80D4EDE67ADF
:1038B400F0EE046A9FED667A0123F8EE677AC4F8A5
:1038C400A45384F8BA3167EEA67AF4EEC77AF1EE1F
:1038D40010FA74D49FED5F7AF4EEC77AF1EE10FA21
:1038E40000F38780FCEEE77A17EE903A002294F812
:1038F400C013C4F8A83384F8C32384F8AE2321B1D9
:10390400D4F8BC33EB1A132B69D901222378294646
:103914002046C4F8BC5384F8C023002B65D1D4F8E6
:10392400C863FFF733FE4C4B4C4A53F8263052F829
:1039340026209B00B3FBF2F32278002A53D1591EB0
:10394400C9B2D4F8982384F8AE13312AB2FBF3F346
:10395400C4F8B4332B44C4F89C3340D994F8C1134D
:10396400002949D0D4F89C31D4F89861591C01F04D
:103974007F01B1420CD13A4B00211B68C4F8981165
:1039840023831B0C6169A37601231944616102211D
:10399400344803EB4303A0FB020223440020120932
:1039A40058769876F820154418761723C4F89C1195
:1039B400C4F8B823C4F8A05384F8AF3370BD4FF4EF
:1039C400FA7393E72046FFF743FE002384F8B961B6
:1039D400C4F83833C4F85C3384F8C13366E7002391
:1039E40084F8AF3370BD0021ABE7FFF737FB042346
:1039F400A2E742F2107379E7D4E96660431C03F04E
:103A04007F03B34215D0591C01F07F0100EB400045
:103A14004FF0000C204480F819C080F81AC04FF011
:103A2400FA0C80F818C00120C4F89C3184F8C10352
:103A34009FE70B4B0E46C4F8981101201B68032125
:103A440023831B0CA3766369013363610223DDE7DF
:103A54000000FA4300401C4680080020940800201F
:103A6400C0060020ABAAAAAA38B543790D46002B9C
:103A740045D0C4680C1B01230279C0E90355837146
:103A840043712AB1836844F61F62EB1A934235D915
:103A940090F8B931022B3ED104EB4404F0EE046AF1
:103AA4009FED2D7AE400C0F8A45307EE904AF8EE97
:103AB400677A67EEA67AF4EEC77AF1EE10FA20D5AB
:103AC4004FF4FA73002190F8BA21C0F8A83380F8B3
:103AD400C3139AB103783BB390F8AC23531CDBB205
:103AE400172B09D9A2F117032946012280F8AC3318
:103AF400BDE83840FFF7B2BA80F8AC3338BD1424BF
:103B0400B9E79FED167AF4EEC77AF1EE10FA1DDDEF
:103B140042F21073D6E7FFF79BFD0022022380F8E0
:103B2400C12380F8B931B7E790F8AC330C49D0F829
:103B3400C82304338A5CDBB29A42DDD89B1A294637
:103B440080F8AC33BDE83840FFF720BDFCEEE77ADF
:103B540017EE903AB6E700BF0000FA4300401C4657
:103B6400A808002003792DE9F047D0F89093044683
:103B74000F46C0F8901333B1836844F61F62CB1A22
:103B8400934240F22F81637933B1E36847F22F52B5
:103B9400FB1A934240F26B81A379002B40F0DB8047
:103BA400984694F8B931434507D02046FFF750FDB5
:103BB400002384F8B98184F8C133D4F86833FB1A3C
:103BC400092B08D92378C4F8687323B994F8BD3154
:103BD400002B00F00A81A2462546002695F8CC3138
:103BE40063B195F8E8314BB1D5F8E43100223146A0
:103BF400FB1A934202DB2046FEF720FC01362035F7
:103C0400032EEBD194F8C353002D40F0AF80D4F8C9
:103C1400A433D4F8A823FB1A934240F2A7809AF85D
:103C2400CC3123B19AF8CF31002B40F023810135F8
:103C34000AF1200A032DF2D10023A4F8AE330123A4
:103C4400984584F8C33300F0CB80B8F1000F40F0FE
:103C5400C78094F8BA31002B00F0C2802378002B7F
:103C640040F0BE80A7EB0909B2EE040AD4EDDC0AE9
:103C740006F0BAFAB9F1320FB3EE0E7A9FEDAE6ADE
:103C840028BF4FF03209F3EE087AD4EDE06A20EE53
:103C9400070A07EE109AA94DB8EEC77A27EE007A04
:103CA40027EE277AC7EE067A77EEA67AC4EDE07A95
:103CB400B7EE007A4FF0FA0C00200126F82122E03A
:103CC400D4E966835A1C02F07F0290450AD12B681E
:103CD4000222C4F8980123831B0CA3766369013381
:103CE4006361012303EB43032344197658769876E2
:103CF40094F8B033C4F89C210133DBB2052B84F86B
:103D0400B03300F2FA80F4EEC77AF1EE10FA67DB12
:103D140077EEC77A94F8C123C4EDE07A002ACFD1B4
:103D2400D4E9668E0EF1010303F07F03434503F1EA
:103D3400010900F0A58009F07F020EEB4E0EA644A7
:103D44008EF818C08EF819008EF81A00C4F89C3149
:103D540084F8C163B9E7236947F22F52FB1A9342EF
:103D640094BF4FF003084FF000081AE7B8F1010FB1
:103D74007FF46BAF94F8AE332BB1D4F89C33FB1AB9
:103D8400002B80F2908094F8AF334BB3D4F8A02387
:103D9400BA1A002A24DBD4E96602511C01F07F011F
:103DA400814200F0BA8002EB4202F820013B224437
:103DB400DBB21076002050769076C3F11802D4F866
:103DC4009803C4F89C1184F8AF335D4900FB02F3F7
:103DD400D4F89423A1FB031302EB1312C4F8A02319
:103DE400BDE8F0874FF00108DBE6D4F83033B7EED6
:103DF400006A9FED547AD3ED056AD4F8CC32DFED36
:103E0400527A03F5F033D4EDD85AE6EE877A93ED7F
:103E1400AE7A36EE655AD3EDAF6AB0EEC77AF0EEFD
:103E2400E66A67EEA57A37EE267A67EE857A37EE8C
:103E3400077AB4EEC67AF1EE10FA5BDCDFED436A82
:103E440027EE267A77EE877A9FED417AF4EEC77AE9
:103E5400F1EE10FA3AD49FED3F7AF4EEC77AF1EE20
:103E640010FA53DDF0EE477ADFED3B6A32E04FF0B3
:103E7400020896E6294601222046FEF7DFFAD6E636
:103E840063699046D5F800E00133C4F89821A4F89A
:103E940018E04FEA1E4E6361032284F81AE00223FD
:103EA4004FF0010E49E739462046FFF76FFBD4F87F
:103EB4009C3394F8AE13D4F8B42301391A4494F81B
:103EC400AF3384F8AE13C4F89C235EE7F0EE477A70
:103ED400DFED226A94EDD97A2046C4EDD87A76EEE5
:103EE400C77A9FED1F6AA7EE867A84EDD97AFEF72A
:103EF4007DF870E69FED157AA4E784F8B00339469F
:103F04002046FFF743FBD4EDE07AD1E6B0EE007A29
:103F1400FFEE006AE7EE876ADCE7084A0020616981
:103F240012680131C4F89801100C228361610122E6
:103F34000221A07637E700BF00606A47C006002070
:103F4400ABAAAAAAAE47E13E333363406F12033CE7
:103F54006F12833A77BE7F3FEE7C7F3FEE7C7FBF5C
:103F6400295C0F3DB5EEC00A38B5F1EE10FA0546EE
:103F74000C4609D4DFED157AB4EEE70AF1EE10FA37
:103F84001BDDDFED130A01E0F9EE070AB0EE000ACB
:103F940006F02AF90F4BDFED107A44F2C801A3FBB7
:103FA400042320EE270A23F0010202EB5303E41A50
:103FB40001FB045585ED0F0A38BD9FED087AF2EE3A
:103FC400087A30EE470AC0EE270ADFE70000FE4217
:103FD400ABAA9A40ABAAAAAA0000DC4300008A421A
:103FE4002DE9F0434D4D0446DFED4D7A85B0A5FB38
:103FF400010544F2C800F4EEE70A9DF8309025F07C
:1040040001068DED011ACDED021A06EB5505F1EE10
:1040140010FA4FF058068DED032AA1EB050500FBBD
:104024000541086EC1ED0C7A486644F2A8000E50B2
:1040340054D4F7EE007AF4EE670AF1EE10FA77FE44
:10404400A00A44F2C80744F2AF014FF0000EDFEDBE
:10405400347A05FB07F74FF00108B4EEE70A44F29F
:10406400B00604EB070CB7EE007ACCED0D0AF1EEC6
:1040740010FA0CF8012044F2AC0266440CF8023049
:1040840044F2AD030CF803E044F2AE030CF80380F1
:1040940004AB13E9070086E807008CF875908CEDF3
:1040A4001B7A8CF87480CCED157ACCED1A7ACCEDB1
:1040B400167ACCED177A44F807E0CCF804E0CCF893
:1040C40008E0CCF80CE00CD4DFED167AB4EEE70A85
:1040D400F1EE10FA18DDDFED140A04E0F0EE670AE1
:1040E400AFE7F9EE070AB0EE000A06F07DF8DFED5F
:1040F4000F7A44F2C80320EE270A03FB054484ED3B
:104104000F0A05B0BDE8F0839FED097AF2EE087A54
:1041140030EE470AC0EE270AE5E700BFABAAAAAA19
:10412400000000000000FE42ABAA9A400000DC43FD
:1041340000008A420D4BA3FB01C323F0010C0CEBDE
:10414400530344F2C80CC91A44F2AE030CFB010039
:10415400002100B500F5804C4FF4807EACF8ACE053
:10416400C1540AB1024B83645DF804FBABAAAAAA4A
:10417400CEC87D3F00B54FF4807C00F5804E002111
:104184000B4AAEF8ACC000F500438EF8AE10826462
:1041940000F54040A3F874C183F87611CEF81021DD
:1041A400A0F83CC280F83E12C3F8D8215DF804FBA5
:1041B400CEC87D3F2DE9F04F00F5404544F2C807D5
:1041C4004CF25823044695EDA03A0744D5EDA13AA4
:1041D400C31895EDA24AD5ED961AD5ED972A95ED1B
:1041E400982A71EEC31A72EEE32AD5EDA34A32EE91
:1041F400442A95EDA45AD5EDA55A95EDA66AD5EDB8
:10420400A76A95EDA87AD5EDA97ADFF8A4B22DEDC9
:104214000C8BDFED9D8A87B0DFED9CBAA1EEA83A46
:10422400D5ED9A1AE2EEA83AD5ED992AA2EE284ADB
:1042340095ED9B2A72EEE42A9FED95CA71EEC51A9C
:104244009FED94DA32EE652A9FED93AAE2EEA84A36
:1042540085EDA03AD5ED9C2AA1EEA85A95ED9D3A9C
:10426400E2EE285AC5EDA13A72EEC62AD5ED9E3A81
:1042740033EE663A85EDA24A95ED9F4A73EEC73A4E
:10428400A2EEA86A019034EE674A0093E3EE286A2E
:10429400C5EDA34AA3EEA87A85EDA45AE4EE287AE4
:1042A400C5EDA55A85EDA66AC5EDA76A85EDA87A80
:1042B400C5EDA97A57ED037A17ED028A57ED019AF5
:1042C40017ED066A57ED056A17ED047A36EE676A4C
:1042D40076EEC86A37EE697AE6EE287AA6EEA88A00
:1042E400E7EE289A47ED037A07ED028A47ED019A33
:1042F40095EDA07A77EE877AF5EEC07AF1EE10FAB2
:1043040000F1FB81B7EE007AF4EEC77AF1EE10FA11
:1043140000F32B82F1EE086A9FED606A67EEA67ADD
:10432400FCEEE76A16EE901A052928BF052106EE71
:10433400901AF8EEE66A77EEE67A77EEEB7AC7EE55
:10434400866AF5EEC06AF1EE10FA00F11982F4EE15
:10435400C76AF1EE10FA00F32482B0EE006A01EBB2
:104364004103B0EE087A481C0BEB830366EEA67A91
:104374004A00A6EEC67AD3ED006A00EB40030BEBCD
:10438400830393ED006A430067EE877A0A4403448B
:1043940076EE665A94F874A00BEB8202F7EE00DA1C
:1043A4000BEB83030DF1080992ED016AE5EEA76AB0
:1043B40092ED027AB0EE6D0AD3ED014A04F12008C1
:1043C40093ED025A002674EEC64A354B75EE475AF1
:1043D40094ED0F9A9FED33BAA4EEA76ADFED32CACB
:1043E400A5EEA77ADFED31AA0FCB89E80F0053467B
:1043F400A246CDED036A1C468DED046A8DED057A67
:10440400F9EC017AB1EE047A67EE897A27EE800A34
:10441400B4EEC70AF1EE10FA2BD4B4EECB0AF1EEE7
:1044240010FA2BDCC0EE2C7AE8EC017AB4EE6D0ABB
:10443400F1EE10FA70FE2DDA0CB148ED057A013672
:10444400042E51D0D5EDA47AF307B0EE000A67EE3E
:10445400AB0A60EEA70AE7EEAA0A07EE906AF8EE46
:10446400E77A58BFF1EE600A67EEA00A05F0BCFED9
:10447400C6E7F0EE4C7AB0EE470AD5E7F0EE4D7A97
:10448400B0EE4B0AD0E700BFB81E053E8FC2F53D23
:10449400B8C56D3878C2393E00442C475C8F423F22
:1044A4004407002000007A460044AC470AD7A33CE6
:1044B4008809002000E02B46CDCCCC3D6666A63FA3
:1044C4006666E63E3333333F00003443EC51383DF7
:1044D400CDCCDCC06666263FBC74933C333393C0BA
:1044E4009A99193F1633E83CF0EE006A1FED0F7AF3
:1044F4005FED0F7A00235446E9EE26DA8AF8743029
:10450400C7EE2DAAF4EEE7AAF1EE10FA00F1F2805C
:10451400F7EE007AF4EE67AAF1EE10FA77FEAAAA93
:10452400D5EDA16AF5EE007A94ED0E7A38EE268A7E
:10453400A7EE278AB5EEC08AF1EE10FA00F1D78013
:10454400F7EE007AB4EEE78AF1EE10FA00F30A818E
:104554001FED267A5FED267AE8EE077A28EE278AA1
:104564002AEE888AF7EE040A84ED1E8A95EDA50AE0
:1045740005F03AFE5FED2D7A20EE270A20EE2A0A96
:1045840084ED210AD5EDA37AF5EEC07AF1EE10FAA6
:1045940000F1AA80B7EE007AF4EEC77AF1EE10FAD1
:1045A40000F3DD8077EEA77AC4ED1F7A95EDA68A35
:1045B40039EE888AB5EEC08AF1EE10FA00F19180E6
:1045C400F7EE007AB4EE678AF1EE10FA37FE888AC5
:1045D400D4ED137A84ED208AF5EEC07AF1EE10FA68
:1045E40000F19680D4ED149A77EEE97AE7EEA89A72
:1045F400C4ED149AF0EE690A1FED4D0A05F0F4FDBE
:104604005FED4E7A1FED4EBA60EE27AA2AEE8A0AB3
:104614008BEE000A05F076FD1FED526A5FED527ACB
:104624005FED516A1FED537AE9EE867A84ED110A43
:10463400E8EE267A67EE8A7A87EE270A05F062FDAD
:1046440017F81B3C84ED1C0A002B79D017F8193C91
:10465400022B62D05FED5D7A019BCAEE096A524972
:10466400E31AC4ED107A9FED517ADB10D5F89C2241
:104674009FED4F5AF1EE005A01FB03F3C4F8882072
:1046840007EE903A95EDA96AF8EEE77A84ED256A8B
:10469400A7EEA87AF4EEE56AF0EE477AF1EE10FAA6
:1046A400E6EE057A87EE8A7A84ED247A16D4DFED75
:1046B400417AF4EE676AF1EE10FA77FEA66A44F2E4
:1046C400C80347ED0A6A1C441F44009BA3427FF4BD
:1046D400F1AD07B0BDEC0C8BBDE8F08FF0EE656A70
:1046E400EDE79FED358A73E7DFED337A5CE79FED05
:1046F400328A35E7F0EE67AA12E70021B7EE006AC6
:10470400F6EE006ADFED2C7A012002230A463DE62C
:10471400D5EDA29AC4ED149A6CE794F87530002B89
:1047240098D1F7EE047A9FED257A28EE088AF7EE01
:10473400006AA8EE277A27EE0A7AC6EE877A8BE714
:10474400DFED1F7A9FED1F0AAAEEA70A20EE0A0AE0
:104754008BEE000A05F0D6FC84ED120A76E7F0EE43
:10476400007A21E7B7EE0C8AFAE6B0EE086ADFEDCC
:10477400166AF0EE477A062005210A220C2305E684
:10478400DFED0D7A0C23481C4A0001FB033603FBC2
:1047940001B3D3ED006A0BEB060393ED006A43000B
:1047A400F4E5F0EE477AEDE729D4DA340AD7A33DED
:1047B400CDCCCC3E00E07F4500000000CDCC4C3D8C
:1047C400295C8F3ECDCCCC3C41821A40F8B50746DB
:1047D4004CF258220021624C624D634E2DED048B45
:1047E40006F0F4FF07F5804107F500425F48DFF863
:1047F400ACE14FF07E5C9FED5E7A07F54043DFED60
:104804005D7AF5EE006A87ED0F7AC7F84CE0C7F8D9
:104814006CC0C7ED107A7864B86438673D6581ED83
:10482400417AC1ED427AC1F814E1C1F834C1C1F84A
:104834009C40C1F8A040C1F80C01C1F81001C1F8B6
:104844001851C1F8380182ED737AC2ED747AC2F856
:10485400DCE1C2F8FCC1C2F86441C2F86841C2F8A4
:10486400D401C2F8D801C2F8000203F52A70C2F8D4
:10487400E0514149414AC3F82C42C3F83042002474
:10488400C3F85812C3F85C22C3F86052C3F880120C
:104894003B499FED3C9AC3F86412C3F88C123A4921
:1048A400C3F8842242F20402C3F86812C3F89012D7
:1048B4003649C3F888524CF2A825C3F86C62C3F891
:1048C40074623D44C3F89462C3F89C6240F60106E6
:1048D400C3F87812C3F8A0120021C3ED9C6A83EDDB
:1048E4009F9AC3EDA66A83EDA99A06F06FFF4EF274
:1048F400AC204FF4004200213844DFED258A06F055
:1049040065FF24484FF40042002138449FED228A79
:1049140006F05CFF07F5F033B0EE490AC3F8AC4289
:1049240083EDAC9A83EDAD9A83EDAE9A83EDAF9AA5
:1049340009E007EE904AB8EEE70A20EE280A20EED6
:10494400080A05F0E1FD0134A5EC010AB442F0D1F6
:104954003846FFF72FFC3846BDEC048BF8BD00BF8A
:10496400000048433333B33E8FC2F53D77BE7F3FEB
:104974000000DC420AD7233C7B14AE3E0AD7A33E98
:10498400CDCC4C3E000000000AD7233DCDCCCC3D1D
:10499400DB0FC940AC6201000000003A000080BF98
:1049A40001F5804C9CF8AD3010B52DED0A8B002B31
:1049B40000F06B82D1ED0C1A91ED127ADFEDD37A0F
:1049C40061EE871AF4EEE71AC1ED0C1AF1EE10FA53
:1049D40004D59CF8AE30002B00F08F82B6EE007A3E
:1049E400D1ED206AD1ED1B7A91ED1C6AF4EEC76A11
:1049F40067EE867AF1EE10FAC1ED1B7A40F134824B
:104A0400B0EE006AB7EE007AA6EEC67A27EE877A91
:104A1400A6EE867AD1ED237AF7EE006A91ED246A48
:104A2400F6EE008AF1EE004A9FEDA55A77EE867AFB
:104A34009FEDA44A91ED256A0224DFEDB05A01F1FD
:104A4400100EF4EEE67A91ED1F2AE7EE055A91ED89
:104A54001E5A26EE047A9FEDAE6AF1EE10FA91ED3D
:104A6400210AF0EE469AD1ED153A91ED1A4AA8BF03
:104A740077EEE67ADFED942AF7EE006A9FED933A3B
:104A840065EE855A9FED92AAC1ED237A77EEE87A16
:104A9400B0EE661A91ED175A32EE668A9FED8D9A42
:104AA400F0EEE77ADFED8C0AA7EEE41AD1ED164AB0
:104AB400F0EE667AE7EE017A9FED881A65EEA75A62
:104AC4000B46D3ED047A1A4693ED087A043337EE95
:104AD400677AE7EE227AC3ED037A92ED007A77EEF5
:104AE400877AF4EEE67AF1EE10FAA8BF77EEE67A6A
:104AF4009E4543ED017AE4D1D1ED037AE0EE237AC9
:104B0400BBFE677A77EEC77A67EE837ABCEEE77A04
:104B140017EE103AB3F5006F80F08F8100EB83023B
:104B2400B8EEC77A02F5404277EEC77AD2EDABAA67
:104B340092EDAA7A7AEEC7AAAAEEA77AD1ED027A02
:104B440077EE63AAE5EE877AEAEE8A3ABBFE677AE5
:104B540077EEC77AC1ED153A67EE837ABCEEE77A51
:104B640017EE103AB3F5006F80F0628100EB830218
:104B7400B8EEC77A02F5404277EEC77A92EDAABA48
:104B840092EDAB7A37EE4B7AA7EE27BAB5EEC02A90
:104B9400F1EE10FA00F18580B4EEE62AF1EE10FA97
:104BA40040F35081F7EE00AA2BEE297AB0EE6ACAE0
:104BB400B5EEC08AF1EE10FA7ED4B4EEE68AF1EED8
:104BC40010FA40F34A812CEE29CAF7EE00CA65EECA
:104BD4008BBAD1ED017AEBEEAC7AFBFE67BA77EED5
:104BE400EB7A67EE837AFCEEE7BA1BEE903AB3F504
:104BF400006F80F0188100EB8302F8EEEBBA02F547
:104C0400404277EEEB7AD2EDABCAD2EDAABA7CEE93
:104C1400EBCAECEEA7BA2BEE0CBAD1ED007AEBEEB0
:104C240009BA20EE04BAEBEEA57AEBEE207ABBFECD
:104C340067BA77EECB7A67EE837ABCEEE7BA1BEEFF
:104C4400103AB3F5006F80F0E98000EB8302B8EE10
:104C5400CBBA02F5404277EECB7AD2EDABBA92ED05
:104C6400AABA7BEECBBAABEEA7BA3BEE077A012C1D
:104C7400F0EE647A3BEE44BAD7EE2A7AABEE204AE1
:104C8400E7EE814A81ED1A4A74EEC57AC1ED164AFF
:104C9400A7EE815AA5EE286A81ED175A3AD001246D
:104CA4000EE7B5EEC08A9FED1ACAF6EE00AAB0EE82
:104CB4004B7AF1EE10FA80D5F0EE69CA87E700BFAF
:104CC400AE47613F6666E63EA69B443B0000004556
:104CD4003D0AD73E3333333FCDCC0C3FE17A143F0A
:104CE4000000B0426F12833A000080458FC2F53E47
:104CF4003333B33E8FC2753ECDCCCC3E8FC2F53D2F
:104D04003333733FEC51383F17B7D139ACC527372C
:104D14000000000026EE216AD1ED0D7ADCF8A830FF
:104D240026EE276A73B107EE903A5FED136A91EDB0
:104D3400197A013BF8EE675ACCF8A830C5EEA67A8A
:104D4400A7EE276ADCED277ADCED286A5FED1B5AB3
:104D540076EEE76ADCF8A42081ED186A07EE102AE3
:104D6400E6EEA57AB8EE477A37EE677ACCED277A85
:104D7400B5EEC07AF1EE10FA03D55FED257A37EE81
:104D8400277AFCEEC77A1FED275A5FED276ADCED20
:104D9400265A17EE903AD1ED227A5FED2A2A04EED4
:104DA400903A01EB83000133E7EE856AB8EE644A7A
:104DB40090ED265AC3F30B03F7EE004A1FED323A87
:104DC400501C37EE447A01EB83031FED344A01EBA8
:104DD40082025FED353AC0F30B00E7EEC44A93ED6F
:104DE400264A34EE454ABDEC0A8BA4EE075A35EE4A
:104DF400655AE5EE225A25EEA67ACCED265A25EE22
:104E0400A70AF0EE477A20EE230AE6EE037AA4EE30
:104E1400860AC2ED267ACCF8A40010BD00F5404302
:104E240093EDAABA21E700F54043D3EDAABAF2E61E
:104E340000F5404393EDAABAA8E600F5404393ED8C
:104E4400AA7A7BE636EEC27AF0EE68AAB0EE42CADF
:104E540027EE0B7AE2EE28AAAAE676EEC87AF0EEFE
:104E640048CA2CEE27CAB2E6B0EE005AFFEE005A4A
:104E7400B7EE006AB0EE457AE6EE855A76EE677ACA
:104E8400A6EEC57AA5EEA77AC4E59CF8AE209AB141
:104E9400D1ED0C1AF7EE007A91ED107A71EE871AC3
:104EA400F4EEE71AF1EE10FA2EDBC1ED0C7AF0EE17
:104EB400671A8CF8AE3091E59CF8AC306BB19CF875
:104EC400AF3053B1D1ED0C1A5FED727A1FED727AE7
:104ED40077EEE17AE7EE871A05E0D1ED0C1AD1ED11
:104EE400117A61EEA71A5FED777AC1ED0C1AF4EE30
:104EF400E71AF1EE10FA7FF571AD5FED7B7AF0EE13
:104F0400671AC1ED0C7A69E5C1ED0C1A66E500BFBC
:104F14002DE9F0472DED048B9FED728A4CF2582950
:104F24000E460446F0EE488A1546DFF8EC81014649
:104F34009FED6D9A81446D4F44F2C80A2046FFF7F5
:104F44002FFDB8EC017AF7EC017A514427EE007A90
:104F540067EE807A4945E7EE098AA7EE898AEDD1A2
:104F640004F5F03343F6AA02F7EE006ADFED605A67
:104F7400D3F8AC02DFED5F2A00F6A30700F23B1181
:104F84009FED5D6AC7F30C07C1F30C019FED5B3A1B
:104F94003A44DFED5B4A9FED5B7A04EB82029FEDBE
:104FA4005A5A92ED014A45F6AA020A4404EB8202D7
:104FB400D2ED013A04F5404204EB80040130D2ED15
:104FC400A87A04F5604204F5B034E7EEE56AC0F36C
:104FD4000C00A7EEA26A67EE845A67EEA37A65EE28
:104FE400835A67EE837AB0EE683AE6EEA85AE6EEA4
:104FF400887AA3EE863AF0EE483AE4EE063A82ED79
:10500400AB3AC4EDAB3AD3EDAC6A93EDAD6A75EE51
:10501400E66AC3EDAD7A37EEC66AD3EDAE3A93EDE8
:10502400AF4AF0EE667AC3F8AC02A4EE246AC3ED8C
:10503400AC5AE3EEA47A83EDAF6A67EE876AC3EDF8
:10504400AE7A66EE077AB0EEE67AB0EEE76A87FEED
:10505400067AB4EEC57AF1EE10FA11DD37EE456A40
:10506400DFED2A5A66EE254A36EE256AC4EE865AE4
:1050740035EE856AC6EE075A66EEA56A67EEA57A2E
:105084009FED237AF4EEC76AF1EE10FA1ED49FED79
:10509400217AF4EE476AF1EE10FA77FE266A9FED64
:1050A4001C7AC6ED006AF4EEC77AF1EE10FA10D459
:1050B4009FED187AF4EE477ABDEC048BF1EE10FA0A
:1050C40077FE277AC5ED007ABDE8F087F0EE476AEF
:1050D400E5E7F0EE477ABDEC048BC5ED007ABDE858
:1050E400F08700BF0000000014AE473F7C09002099
:1050F4003333B33E6666E63E8FC2F53DCDCC4C3FBE
:1051040020D27F3FC3F5A83F85EB513F0AD7233E0A
:1051140048E17ABF48E17A3F7009002010B502F0F7
:1051240009FE0A4B0A491A7822B10A68821AB2F5B2
:105134007A7F0AD30122074C1A700860064A216854
:10514400064B196013680133136010BD5D11022012
:10515400542A00200C0F02204C2A0020502A002040
:105164002DE9F0472DED028B82B0814602F066F8FE
:10517400074602F063F88046002F40D0D8B309F107
:10518400180A9FED238ABC1C08F1020507F58176F5
:105194005046FFF70FF801AA69465046FFF7B8FEDC
:1051A4009DED007ADDED017A27EE087A67EE887AC4
:1051B400BDEEC77AFDEEE77A17EE103A24F8023F07
:1051C40017EE903AB44225F8023FE4D10022394662
:1051D400484602F0B1F848460122414602F0ACF8D4
:1051E400384602F081F8404602B0BDEC028BBDE8BF
:1051F400F04702F079B817B1384602F075F8B8F103
:10520400000FF0D102B0BDEC028BBDE8F08700BF07
:1052140000FEFF462DE9F84F504B04461620504E31
:105224001C6002F033FB07EE100ADFED4E5AD6ED98
:10523400007AB8EEC77A9FED4C6A4C4DC7EE256AEA
:105244002B7836EEE77AE7EE067AC6ED007A93B36A
:10525400DFED477A474FF4EEE76AF1EE10FACCBF80
:10526400012300232B703B7843B1434A44F61F6368
:105274001268A41A9C423ED900233B70D6ED007AF2
:105284004FF0E0233D494022F5EEC07AC1ED007AAB
:10529400C3F88821F1EE10FA3AD5DFED397A3948AE
:1052A400C0EDDD7AFCF7A2FE4FF0E0234022C3F804
:1052B4000821BDE8F88FDFED347AF4EEE76AF1EE09
:1052C40010FA23DDDFF8D080DFF8AC9098F80020E6
:1052D400D9F80030274F22BB01233B7072B62B4B09
:1052E4001B7853B32A4B44F61F621B68E31A93429C
:1052F40023D862B61BE0DFED227A4FF0E0231F498A
:105304004022C1ED007AC3F88821C8E7194FA9E704
:10531400B7EE007AF4EE477AF1EE10FA77FE277AC8
:10532400BDE7E31A42F20B72053B9342D4D9012341
:10533400C9F8004088F8003094E762B64FF0E02ADC
:105344004FF0400B21460F48CAF888B1FEF78CFA9B
:10535400104BCAF808B11C60E9E700BF802A00209E
:10536400602A002000C07F44295C0F3D60110220A8
:10537400BC74933C5E1102205C2A0020582A002051
:1053840000000000802600208FC2F53C5D11022041
:10539400502A0020502600205F1102205B494FF064
:1053A400E02340222DE9F04F594E0024DFF88C9180
:1053B400DFF88C81574F584DDFF888A1DFF878B1BA
:1053C4002DED068B086083B09FED548A0E209FED6F
:1053D400549ADFED54AA9FED54AADFED548ADFED11
:1053E400549AC3F8882139E0A11DDBF830332A78B8
:1053F40003EB810393ED000A37EEC07A002A49D00B
:10540400F0EEC76AE8EC017AF4EEC96AF1EE10FA3C
:105414001DDDA7EE2A0A474A525C60EE0A7AF8FEBE
:10542400677AFCEEE77ACDED007A9DF800309A1A9F
:10543400002AB8BF5242012A54DD01223E4801939A
:105444000091FCF7D1FFDDE900133A4A53540134CB
:1054540004370135062C36D019F8010F02F016FA7C
:1054640006EE900AB7EE007AD6ED007AF8EEE66A18
:105474009AF80030B5EE006AC6EE885A37EE657ABF
:1054840037EE677AE7EE067AE6EC017A002BABD1C9
:105494002146AAE7F0EEC76AF4EEE86AF1EE10FAE4
:1054A4001BD497ED006A37EEC66AB0EEC66AB4EE56
:1054B400E96AF1EE10FA10DC013404370135E8EC46
:1054C400017A062CC8D14FF0E0234022C3F808210A
:1054D40003B0BDEC068BBDE8F08F0123E8EC017A44
:1054E4002B7091E74BB1A3F17F02B2FA82F2520919
:1054F4001AB91148FCF778FFA9E701220E48019375
:105504000091FCF771FFDDE900139EE7A02A00205B
:10551400982B0020682B0020602B002000C07F44C3
:105524006F12833B8FC2753E0000FE428FC2753CF2
:105534000AD7A33C942A00208026002010080020CB
:10554400802B00206A11022070B5774D0446774BFA
:10555400022029781C6081F0010102F015FC2978F1
:10556400032002F011FC72B6714B1A7F02F0FF01A6
:105574000AB100221A7762B609B372B647F6FF7110
:105584004FF40040B3F91E20D983B3F920101884D6
:1055940062B6002ADFED676A6748B8BF5242002945
:1055A400B8BF494293B28AB29342B8BF134607EEDA
:1055B400903AF8EEE77A87EEA67A80ED007A72B632
:1055C4005E4B1A7F02F0FF010AB100221A7762B61D
:1055D40009B372B647F6FF714FF40040B3F91E20C9
:1055E400D983B3F92010188462B6002ADFED516A1A
:1055F4005348B8BF52420029B8BF494293B28AB255
:105604009342B8BF134607EE903AF8EEE77A87EE76
:10561400A67A80ED007A4B4B1B681B1B002B1BDD0D
:10562400494D0420494E0024297871B16978A1427A
:105634000CBFDC210021013402F09CFD042C38D085
:10564400297816F8010F0029F0D1032CF3D1DC21BD
:10565400BDE8704002F08EBD3D4B04201B68E41A87
:105664002D2C34BFDC21002102F084FD394B9FED49
:105674003A7A0520D3ED007A67EE877AFDEEE77A71
:1056840017EE901A02F076FD2B4BB0EE087AD3EDAC
:10569400007A67EE877AF5EEC07AF1EE10FA09D453
:1056A400B7EE007AF4EEC77AF1EE10FA32DDFF219C
:1056B40001E070BD0021062002F05CFD204BB0EE3D
:1056C400087AD3ED007A67EE877AF5EEC07AF1EEC8
:1056D40010FA0CD4B7EE007AF4EEC77AF1EE10FAB1
:1056E4000BDDFF210920BDE8704002F043BD00211D
:1056F4000920BDE8704002F03DBD9FED187A0920F5
:1057040067EE877ABDE87040FDEEE77A17EE901AEF
:1057140002F030BD9FED117A67EE877AFDEEE77AED
:1057240017EE901AC7E700BF6A1102208C2A0020E6
:10573400182B002000FEFF46C02A00203C2B00202E
:10574400D82A0020DC2A0020802600200C08002013
:1057540050260020582A00200000484300007F43C0
:1057640003460022114910B4114C43F8184B4FF46E
:10577400807482610481C0E903230B689BB11A46DB
:105784005B69002BFBD1506100230A4C47F6FF7183
:105794004FF4004204605DF8044B4361436083723C
:1057A400C183028470470860EEE700BF2C2200200A
:1057B400300800203C080020F0B56D4D6D4C2DEDF7
:1057C400028B9FED6D8A83B0002003F0FFFD00285B
:1057D40050D072B62A68216862B6684B1868824253
:1057E4000ED04FF0E02640271A606548C6F888714D
:1057F400FEF73AF8634AC6F80871634B12681A60F8
:10580400624B1B78EF2B68D8614A1278012ADBD1EE
:10581400604E4FF0E021604F40205A4AD02B36783A
:1058240012683F78C1F888017CD0D02B35D8902BF2
:1058340069D0B02B22D13146143E3A465048FCF789
:1058440087FEF3B20B2B0BD8544B55499F55554B40
:105854000978A3FB0623B1EB930F4FEA930272D0AE
:105864004FF0E0234022C3F80821002003F0AEFDEE
:105874000028AED103B0BDEC028BF0BD802BEFD17C
:105884000023009231463E481A46FDF7B9F84FF01E
:10589400E0234022C3F80821E7E7F82B29D00DD9EB
:1058A400991DC9B20229DBD819463548FDF790FF86
:1058B4004FF0E0234022C3F80821D6E7E02BCFD1F4
:1058C40046EAC7112E48A1F50051FCF793FD4FF0AD
:1058D400E0234022C3F80821C7E72E4E4FF0E02111
:1058E4002D4F4020274A36783F781268C1F8880146
:1058F4009BE711462248FEF7B7F84FF0E023402219
:10590400C3F80821B1E73B1E009231463A4618BF5E
:1059140001231B48FDF774F84FF0E0234022C3F83D
:105924000821A2E707EE906A1548B8EEE77AC7EEB9
:10593400087AC0EDDE7AFCF759FB4FF0E0234022F1
:10594400C3F8082191E702EB4202174B1749A6EB73
:10595400420603EB86031A68154B03EB86031A60B1
:10596400002340228B554FF0E023C3F808217CE745
:105974004C2A0020502A00200000FE427C260020F1
:10598400802600200C0F0220502600207A110220CD
:10599400771102207811022079110220942A002024
:1059A4006A110220ABAAAAAA982B0020602B00201F
:1059B400682B00202DE9F0470446012002F00EFA7E
:1059C400A0F10100934BB0FA80F01A7840098242AA
:1059D40000F08180904A18701460082002F0FEF9EB
:1059E4008E49B0FA80F30A785B099A4223D08C4D31
:1059F4008C4A0B702B7814600BB9BDE8F0878A4E83
:105A04003378002B00F08A80884B1B78002BF4D06D
:105A1400874B42F20F721B68E31A9342EDD94FF0A1
:105A2400E02440258348C4F88851FDF743FEC4F8B8
:105A340008510BF0F9F97A4D29789142DCD0794B71
:105A44001B68E31A132B40F2E0802A7000286CD103
:105A5400764B774A784F744E1978146038703170E9
:105A64000029D2D1136840F6B732E31A9342C4D95D
:105A74004FF0E0284FF0400921466E48C8F888915D
:105A8400FDF74CFE0123C8F8089100223B706B4BD4
:105A940095F800801A609A8004F5AF62684B694DEE
:105AA400DFF8A8C11A60684F0FCDACE80F00A5F16C
:105AB400100E95E803008CE80300BEE80F000FC742
:105AC40095E8030087E80300B8F1000F95D0337818
:105AD400002B92D098E7554B197891423FF47DAF53
:105AE4004D490968611A13297FF677AF53491A7033
:105AF4000023544D554F0B608B80534E0FCD0FC771
:105B0400A5F1100C95E8030087E80300BCE80F003A
:105B14000FC695E8030086E803005EE7464F3B782E
:105B2400002B7FF46AAF424A9CE7434B1B78002B5F
:105B34007FF463AF3C4B197800294ED03C4A13687C
:105B4400E31AB3F57A7FBFF458AF4FF0E023402255
:105B5400384EC3F888213748FDF798F94FF0E02311
:105B64004022D6F83063DFF8DCE0C3F808210022D5
:105B7400324B06F1300CDFF8D4901A609A80DFF8CB
:105B8400C8809FED337A334FBEE80F00A9E80F00B9
:105B9400AEF1100A9EE8030089E80300BAE80F009A
:105BA400A8E80F009EE8030088E80300F6EC017AF9
:105BB40067EE877AB445F8FE677AFCEEE77A17EE6B
:105BC400903A07F8013BF1D11D4904F57A722B781C
:105BD4000A60002B3FF411AF11E74FF0E02340229D
:105BE400144EC3F888213378002BB4D03046FDF727
:105BF40061FD7378184A0133A2FB031202F4FF71AA
:105C040001EB52029B1A7370A8E70B46002B3FF47A
:105C1400F4AEF4E66B1102202C2C00206311022058
:105C240062110220642A00205B1102206A11022002
:105C3400682A00208026002064110220602B0020A6
:105C4400DC2A0020982B0020802B0020682B0020C9
:105C54000000FE42942A0020ABAAAAAA2DE9F04F24
:105C6400654A664D13682968CB1A012B2DED028B0A
:105C740083B040F2A080116002F05CF8604A1368BF
:105C8400002B40F0B2805F4B00245F4E00935F4BCB
:105C9400DFED5F8A01936FF4DD739FED5E8ADFF8B9
:105CA400989106EB030ADFF894B11060FFF784FDC6
:105CB40072B6594A594B1B68116862B6DBF800206A
:105CC40093420FD04FF0E0274FF04008CBF800305C
:105CD4005046C7F88881FDF7C7FDC7F80881504BC7
:105CE4002A681A6002F026F8019B8046042153F8C2
:105CF400040B019301F010FA074602F01BF8494A1D
:105D0400A0EB08001368984288BF1060002F5ADB8C
:105D140007EB8707009B32787F101F60B7F5486F49
:105D24002B68C9F800305EDCB7F5E16FB8BF00221C
:105D340007EE907AF8EEE77A77EEE87A87EE880A4B
:105D4400B5EEC00AF1EE10FA3AD4F7EE007AB4EEEA
:105D5400670AF1EE10FA37FE800A009B4FF0E02745
:105D64004FF0400821460433013450460136009375
:105D740009F10409C7F888812B68FCF7B9FE032CE4
:105D8400C7F8088192D1FFF717FD72B6224A234B58
:105D94001B68116862B6DBF8002093420BD0CBF885
:105DA40000302148C7F88881FDF75EFDC7F80881F7
:105DB4001B4B2A681A6003B0BDEC028BBDE8F08F60
:105DC4009FED1A0AC9E7009BD9F800101F602B68E1
:105DD400174A5B1A152B136803F101031360327819
:105DE40028BF0022A4E70122A2E71249C31A0C68C3
:105DF400A34288BF0B6046E7A42A00200C0F0220B0
:105E0400A82A0020B02B00203B280020F0190020F5
:105E1400000048450080BB45502A00204C2A002041
:105E240050260020AC0F0220802600200000000035
:105E3400980F02209C0F0220A00F02207C26002035
:105E44002DE9F0470226454CDFF82481444F454DA7
:105E5400D4E9663293423ED003EB43020133224439
:105E640003F07F03C4F89831137E517ED02B927EC9
:105E74006AD043D8902B55D0B02B30D109044BF2C3
:105E84000B00120601F4FE0102F0FE421143084326
:105E940003F0EEF903F0F4F9FFF78EFC72B6D8F8CC
:105EA4000030396862B62A68934239D04FF0E0294D
:105EB4004FF0400A2B602948C9F888A1FDF7D4FCAB
:105EC400294BC9F808A1294A196811601868FFF715
:105ED400C5FE012E22D1BDE8F04703F0D1B9802BD5
:105EE400D8D1090448F20800120601F4FE0102F0B8
:105EF400FE421143084303F0BBF9CBE7FA2B1ED053
:105F0400FC2B04D14FF60F4003F0B2F9C2E7F82B93
:105F1400C0D14FF60F0003F0ABF9BBE7012697E7BA
:105F2400114BD3E7090449F20900120601F4FE01FA
:105F340002F0FE421143084303F09AF9AAE74FF630
:105F44000F2003F095F9A5E709044DF20D0001F4C3
:105F5400FE01084303F08CF99CE700BF8026002073
:105F6400502A00207C2600200C0F022050260020FE
:105F74004C2A0020514A1368C31A272B40F29D80F3
:105F84004F4B70B4106083B01A78002A5DD103F5CA
:105F9400E07203F5E671DFED4B7AB2EC017AB4EE10
:105FA400677AF1EE10FA77FE277A9142F5D1DFEDA8
:105FB400466A464A67EEA67A454D92ED007A2A78FB
:105FC400FCEEE77A27EE267ACDED007A9DF8000004
:105FD400FCEEC77A841ACDED017A002C9DF80410EA
:105FE400B8BF6442012C02DC10BB0AB30020D3F812
:105FF4009C21D3F89861541C04F07F04B4420CD162
:1060040000220224C3F89821324A12681A83120C1F
:106014009A765A6901325A61012202EB42022870CF
:10602400C3F89C411A44507600209076D020107614
:10603400294C20780A1A002AB8BF5242012A18DCD7
:1060440000B1B1B103B070BC7047204A9FED1E7A15
:10605400D2ED007A1E4D67EE877A2A78FCEEE77A55
:10606400012ACDED007A9DF80010BFD8002ADFD0B8
:10607400BCE7D3F89C21D3F89851501C00F07F0062
:10608400A8420CD1134A00201268C3F898011A835D
:10609400120C58699A76012210445861022002EBCE
:1060A4004202C3F89C01B02021701A444A2310769E
:1060B4009176537603B070BC70477047882A0020ED
:1060C40080260020000000000000FE42582A002024
:1060D40065110220540700206111022030B500240C
:1060E400E1B0054604E003F05DFE3F2808BF01244B
:1060F40003F014FE0028F6D13A4B2CB91A6841F289
:106104008731AA1A8A4261D9374A1D604FF4C855AB
:106114001188364A364C128894F800C005FB02F206
:106124003448DFED356A07EE902A05FB01F2334966
:1061340007EE102A94F8B921F8EEE77A304BB8EE5E
:10614400C77A0192627867EEA67A009227EE267AE1
:10615400D0ED005AD0ED006AF8EE655A2948F8EE01
:10616400666A294A87EE256A87EEA67AB7EEC66A7A
:106174008DED026BB7EEC77A8DED047B09680F9144
:10618400224909680E91224909680D91214909881B
:106194000691856820490C954568BCF1000F08BF3D
:1061A4000B464FF4A0710B9500680A906069099042
:1061B400D4F8A4010890D4F8A001079010A805F021
:1061C40061F9431E0446B3F59F7F01D961B030BD28
:1061D40003F01AFE8442F9DC214610A803F008FEFD
:1061E400F4E700BF842A00203C1102203E11022063
:1061F400802600202C1200200044AC43980F02207B
:106204006C070020B02B002074070020AC0F022084
:106214009C0F02203A110220700700202DE9F04360
:106224007E4D40F2EE287E4C7E4FDFF850922E6871
:106234002DED028B83B003F059FE2378002B00F080
:10624400DB803B78DB0740F1D7802B68D9F800204E
:106254009B1A0E2B40F2D0800A20734C01F06EFB87
:10626400082002F0A5F802210120E51C01F0C8FD78
:106274000221082001F0C4FD00210A2001F0C0FD24
:106284000021162001F0BCFD0121022001F0B8FD1F
:106294000121032001F0B4FD0420012101F0B0FD2F
:1062A400AC4206D014F8010F012101F0A9FDAC4263
:1062B400F8D15E4C04F10C0554F8040B4FF0FF3197
:1062C400019000F09DFE0321019800F09BFEAC427A
:1062D400F2D10120564C01F081FDA0F10100554A94
:1062E400F7EE008AB0FA80F0534B544D04F11807CE
:1062F40040099FED538A534E107018700E2001E030
:1063040016F8010F01F0C2FA07EE900AB8EEE77A28
:10631400C7EE087A78EEE77AE4EC017ABC42E5EC61
:10632400017AEDD1484B0022414D484C1A609A80C5
:10633400424EDFF84C819FED467A0FCD0FC4A5F194
:10634400100795E8030084E803000FCFD8F8304322
:106354000FC695E803003F4A86E8030004F13001C4
:10636400F4EC017A67EE877AA142FCEEE77A17EE45
:10637400903A02F8013BF3D101F0DCFC044616200C
:1063840001F084FAB4EB004F4FEA004342D05C4082
:10639400314B6340012B38BF0123C8F83433162036
:1063A400C8F8884301F072FA07EE900A9FED246A58
:1063B400DFED2A6A0C21F8EEE77A294A294B2A48AC
:1063C40087EE867AB4EEE67A82ED007AF1EE10FA80
:1063D400CCBF012200221A700AF022FD03222349B5
:1063E4000A2001F047FD224B4FF4AF621A6003B05C
:1063F400BDEC028BBDE8F0832B6822789B1B32B185
:10640400B3F5FA6F3FF628AF03F070FD13E7434589
:10641400FAD921E7174B184CBFE700BF0C0F022035
:1064240074110220731102200C080020F0190020BE
:10643400982B00206B1102206A110220802B00206F
:1064440000C07F4410080020602B0020682B00202F
:106454000000FE42942A00203AF54FA58FC2F53C75
:10646400602A002060110220000020208D330000EB
:10647400DC2A0020398FBEA5037AF100B80F022070
:10648400802600202DE9F84372B64D4B4D4A126820
:10649400196862B64C4B1868824200F082804FF053
:1064A400E0254026494C1A604948C5F88861FDF743
:1064B400DBF9C5F80861474B22681A60FFF77CF9DD
:1064C400454B464F25681B781E1E03F0FF023B78A0
:1064D40018BF0126002B3ED0002A64D0404B3E70EA
:1064E4001B689D4202D02846FEF794FE2846FFF71B
:1064F40061FA3C4B1B68EB1A092B05D93A4B1B7804
:1065040013B92846FEF74AFF4FF0E02640272846F5
:10651400FFF7A4FB2E48C6F888712168FDF722FB1B
:10652400C6F808712068FFF725FD304A2168136812
:10653400CB1A012B02D91160FFF782FC2C4B206887
:106544001B68C31A132B01D9FEF7FEFF2068BDE8B0
:10655400F843FFF7C3BD002AC0D01D4AD2F89CE11E
:10656400D2F898110EF1010C0CF07F0088420CD186
:10657400C2F898314FF0010E1E4B02201B681383A2
:106584001B0C93765369013353610EEB4E01B02318
:10659400C2F89C010A4413767B2353760023937636
:1065A4009CE70A4C8AE74FF0E0284FF0400908487E
:1065B400C8F88891FDF794F8C8F808918EE700BFF1
:1065C400502A00204C2A00207C2600200C0F022098
:1065D4008026002050260020741102207C11022005
:1065E400802A0020A02A002062110220902A002084
:1065F4008C2A00205407002070B5172282B00B218A
:10660400474800F0BDFC474D00220B21464800F0EE
:10661400B7FC18220B21454800F0B2FC444E454A11
:1066240000212B68166011611181D160002B73D099
:1066340019465B69002BFBD14A6100243E4B3F485D
:106644001360546154609472FEF7C0F83B493C48AF
:10665400FCF754FB3B4A4FF400702B681146D4609E
:10666400108141F8186B1161C2E90644002B55D022
:1066740019465B69002BFBD14A610024324B314837
:106684000125546154609472136000F0E1FB2F48BB
:10669400FFF766F82E48FFF763F82E4800F07CFEFB
:1066A400284B2246234900942A4800F0E9FE2A4A4E
:1066B4002A49284803F020FD294800F06DFE214BAB
:1066C4002A461C490095264800F0DAFE224A23494E
:1066D400234803F011FD234800F05EFE1B4B2246C5
:1066E400144900941F4800F0CBFE1B4A1B491D4867
:1066F40003F002FD1C4800F04FFE2A460D49144BDE
:106704000094194800F0BCFE134A1449164802B01C
:10671400BDE8704003F0F0BC2A608EE72A60ACE765
:10672400140F02202C220020400F02206C0F0220A4
:1067340030080020302C00207C080020482C002049
:1067440080260020F82A002070080020182B002042
:106754003C2B0020542600204C120020A55700009A
:1067640068260020AC2A0020C42A002010B500218D
:10677400044600F005FEC8B1031DB4F91EC0B4F907
:10678400201000F5827E33F9022B9445A8BF94466D
:106794009142B8BF11467345F5D10123A4F81EC038
:1067A40021842377BDE8104000F09EBD10BD00BFDA
:1067B400AD4BAE4A18682DE9F04FAD4C91B0197944
:1067C40008940368D17704F58062934209920ED24B
:1067D400A84B1B78002B00F0288109994FF0E02387
:1067E4004022089101F580610991C3F80822A24B67
:1067F4001968A24B0C911868A14B0D901A88A14BF3
:106804000A921C880B94002900F0DC81002800F017
:106814004D819D4B9D4D1A4423449D4E01EB4202F4
:106824009C4C00EB43039C49D5F800B00E950392B1
:10683400089D9A4A02939A4B5768D6F800A0D3F859
:106844000080D3F80490D1F800E04B68D4F808C075
:10685400886805F110010F9605F58265166862686F
:1068640024680795354601972746019C5E46CDF876
:1068740014A0C24604941031039C06954D4634F985
:1068840002BFABEB06080394029CA8EB0A09049E22
:1068940034F902AFA9EB05050294059C2F44AAEB39
:1068A4000405069C3A442C1B94443A440194A41BCA
:1068B400A6440CEB02043A444FEA2C1C734421F81E
:1068C40020CC18447344C6180011734421F81E0CDC
:1068D400A01824113A4421F81C4C02EB000C9C191A
:1068E40000117344361121F8180C1819241121F8D9
:1068F4001A6C21F8164C4FEA2C1421F8144C04118C
:1069040021F8124C079C8C42AFD10F993C46019F51
:10691400C1F800A00E99C1F800B05E490C605E4C4D
:10692400C4E901305D4BC4F800E0C3E900575C4B97
:10693400C3E900890A9B40330A930B9B4033C1E9A6
:10694400012C0B93BFF34F8F4FF0E0230899099864
:10695400CA43C3F8701F2031024481420891C2F334
:10696400421251D26AB3012A23D0022A1CD0032A2C
:1069740015D0042A0ED0052A07D0062A40F01C811F
:10698400089AC3F8702F20320892089AC3F8702F1F
:1069940020320892089AC3F8702F20320892089A7D
:1069A400C3F8702F20320892089AC3F8702F20324F
:1069B4000892089A0999C3F8702F20328A420892E3
:1069C40022D2089A02F12001C3F8702F4032C3F892
:1069D400701FC3F8702F01F14002C3F8702F01F14A
:1069E4006002C3F8702F01F18002C3F8702F01F127
:1069F400A002C3F8702F01F1C002C3F8702F01F197
:106A0400E00209998A42DDD3BFF34F8FBFF36F8F42
:106A14000A9B7F2B1CD81A4A13800B9B7F2B09D807
:106A2400184A138011B0BDE8F08F04F50063089292
:106A34000993DCE60024134B0D981C8000F054FCF1
:106A4400184B1A681C600D4B1A6011B0BDE8F08F2A
:106A54000B4B00240C981C8000F046FC124B1A6867
:106A64001C60054B1A60D8E7C422002000800E4049
:106A7400400C202058110220B4220020BC22002007
:106A8400421102204411022001000080182300203A
:106A94001C230020E82200200023002030230020B3
:106AA40020230020C0220020B82200200C9A002AB3
:106AB40000F088808A4800260A998A4BD0F8008022
:106AC4000E900B448848894902EB430BD0E900CE71
:106AD40008988D68D1E9002300F1100100F5826067
:106AE4000290C246BBF90280E1467746A8EB0A0C45
:106AF4000BF1020021F80E6CC246ACEB090E0190BA
:106B040021F80A6C0846AEEB070721F8066C21F859
:106B1400026CE1463A4477461344EC181344019D51
:106B240005F1020BE5181344241121F8104C5C19EB
:106B340013442D1121F80C5C1D19241121F8084C63
:106B44002C1121F8044C0199B1F90280A8EB0A0C2C
:106B5400ACEB090EAEEB07073A441344EC181344AC
:106B6400E5181344241120F8104B5C192D1113441B
:106B740000F1100120F80E6C20F80C5C1D19241192
:106B840020F80A6C20F8066C20F8084C2C1120F828
:106B9400026C20F8044C02988842A2D10E99C1F8E4
:106BA40000805249C1E900234F4B8D60C3E900CEF8
:106BB4000A9B40330A93C5E6089AC3F8702F203223
:106BC4000892DDE60D9A002A00F0828048480B996D
:106BD400444BD0F800E00B440F904648464902EB82
:106BE400430A0C9E8D68D346D0E9007C0898D1E90D
:106BF400002300F1100100F582600290F246B946CC
:106C0400BBF902E00BF10207E04621F8106C019792
:106C1400AEEB0A0721F80C6CF246A7EB090CB94657
:106C2400019F01F11000ACEB080821F8086C21F871
:106C3400046C07F1020B4244E04620311344EC1883
:106C44001344E5181344241121F82E4CEC18134472
:106C54002D1121F82A5C1D19241121F8264C2C1120
:106C640021F8224CB7F902E020F8106CAEEB0A07C9
:106C740021F81C6C21F8186CA7EB090C21F8146C92
:106C8400ACEB080842441344EC181344E5181344CD
:106C9400241120F80E4CEC182D11134420F80A5C32
:106CA4001D19241120F8064C2C1120F8024C0298CE
:106CB4008142A3D10F99C1F800E00F49C1E9002333
:106CC4000C4B8D60C3E9007C0B9B40330B9339E67E
:106CD4004FF480620D99089804F078FD32E600BF05
:106CE400182300200100008028230020F422002023
:106CF4001C230020382300200C23002038B5002159
:106D0400044600F03DFB88B172B61C4A1368002BA0
:106D14002BD01B490D68002D2CD015600860002174
:106D2400184A118062B6184600F0DEFA01212046A6
:106D340000F026FB98B172B6134A136883B1134965
:106D44000C6854B114600024114A0860148062B6BF
:106D54001846BDE8384000F0C7BA086062B638BDCE
:106D64000B4910600B8062B638BD064910600B8079
:106D740062B6DBE7086062B6D8E700BFB422002041
:106D8400B822002042110220BC220020C022002090
:106D94004411022010B5044600F06CFC204610BDDE
:106DA40038B5234C002342F210724FF40C61E06FAB
:106DB40040F44020E0671C200AF03AF8E3691D49DA
:106DC40023F440631C481D4A43F40063E361A36A4F
:106DD40019401B4B41F0CE01A16241680A4042F4C4
:106DE400002242609A68002A20DB16490320002210
:106DF4004FF48034C1F828014FF08E45C1F82401C6
:106E0400114812491A66DA601D615C619861D961A2
:106E1400C3F8E020C3F88C204FF0E062C3F8902060
:106E2400C3F89440C3F89800C3F89C1038BD00BF61
:106E340000C00F4000FEFFFF00C00A40F8FFF7FF4C
:106E44000040384000801F40130F0100000F0F0F57
:106E540010B5364C4FF400620021204604F0B6FC15
:106E64003348012100F0A2FB00233249324A0B606F
:106E74001360FFF795FF2346BFF34F8F04F50062BD
:106E840004F120004FF0E021824234BF012240226D
:106E940004EB4212C1F8703F20339342FAD1BFF39E
:106EA4004F8FBFF36F8F224A0320244B2449C3F82A
:106EB40080014FF4806013681C600224D8829C60B7
:106EC400A4F60204D8830620596000211279DC60FC
:106ED4001C4C988302F110001C61996199821A4C30
:106EE4001A4B43F8204002F01F04194B012003EB16
:106EF4005213A04014B29B0018601648164B40F879
:106F04002410164940F82410A0F580401449C27694
:106F1400D3F8882042F00042C3F888209A681143CD
:106F2400996000F021FB0F4B187010BD400C20201D
:106F3400C4220020B4220020BC22002000801F4074
:106F44000200010120403840214A0000001C0020BA
:106F54004038003800C00E40004038401400008023
:106F64000100009058110220024A0349034803F02B
:106F7400C3B800BF4C12002005500000C4220020FA
:106F8400F8B528291B4B4FF49B770D46164604464B
:106F94004FF00101C0E902732CBF4FF0FF3301230E
:106FA400282A44F6206228BF4FF0FF3302610360B1
:106FB400284600F025FF3046002100F021FF284636
:106FC400002100F0E1FE0C4B2A0103EB0515995852
:106FD400EA68C4E90721320103EB061698586FF0FA
:106FE4007042064BF1681B6862606361C4E9091072
:106FF4002046F8BD50C46201E80C00200C0F0220AA
:107004000161704707EE901A9FED0A6ADFED0A6A84
:10701400B8EE677AD0ED027AF8EE677A67EE877A8F
:1070240067EE867A87EEA67ABCEEC77A80ED037A9D
:10703400704700BF180D0F4E0024744BF0B472B6A5
:10704400856A3249D0E90736C6F888306B68426AE7
:1070540023EA02036B606B68426A13436B602C4B38
:10706400476AC5F888704C681A682A4BA3FB023239
:10707400920C02EB820252004B681B1B9A42FBD813
:107084006B6823EA07036B60C369C6F8843062B691
:10709400D0E90954C168A3682B42836905D006E08E
:1070A40001338361A2682A4201D19942F8D89942F6
:1070B40023D372B6D0E90923046AC3F8842059683B
:1070C4000A435A60416AC3F884105A6822EA0102EA
:1070D4005A60C369C4F8883062B6D0E90945C1680A
:1070E400AB681C42836904D10BE08361AA68224225
:1070F40007D0994203F10103F7D86FF00100F0BC07
:1071040070479942F9D90120F0BC7047001000E0A3
:107114002C12002083DE1B4370B500240D468461CD
:10712400002936D003680646A34239DB30460134D1
:10713400FFF784FF0028E4B22DDBA542F6D11C49F9
:10714400B36970680A688342D6E904548CBFA3EB20
:10715400000CA0EB030C121BAA4215D907EE900AEF
:10716400B8EE677A9FED106BB7EEC77A27EE067B11
:10717400BDEEC77B17EE102A624505D96FF0704249
:107184000968104672607161834207D200207360FF
:1071940070BD084670BD6FF0010070BD181A70BD57
:1071A4004FF0FF3070BD00BF9A9999999999B93FF2
:1071B4000C0F02204FF0E0234022C3F8082270474E
:1071C400F8B5144B144D1C686E689CB1237A2046A4
:1071D4006BB123686F681B6898476B68E188DB1B99
:1071E400C3F38F12B1EB931FA28038BFE2806469AE
:1071F400002CEBD1084B094A5B6810889B1B084C98
:10720400C3F38F11B0EB931F218038BF1180BFF3FC
:107214004F8FF8BD2C220020001000E03E11022008
:107224003C110220036818470B680360704700BFD5
:107234000B680360704700BF704700BF30B472B67C
:10724400244D254C2A8804F1700104EB82038B42FF
:107254003CD204F16F01501CC91A00EB910002E00A
:107264000132824232D09C4653F8041B0029F7D0E5
:10727400B1FA81F04FF00043C34021EA0301CCF896
:10728400001001B90132154B2A801A88013291B2DB
:10729400198062B6ACEB040C41F67C73C0EB00645D
:1072A4004FEAAC0CC0EB841001240CEB8C1C03EBF8
:1072B400CC1303EB80030A480068C4541844094BF8
:1072C4001C88944230BC38BF1980704762B60020D5
:1072D40030BC7047401102203022002038110220B7
:1072E400282200203A110220428872B60378012B2A
:1072F40003D9013B037062B67047D14353090B486D
:107304004FF0004201F01F01CA4050F823100A4315
:107314000749B1F800C040F823209C45054A88BFBE
:107324000B801388013B138062B670473022002023
:107334004011022038110220C36813B91DE0DB6834
:10734400E3B1187A9042FAD110B4586893F809C09E
:10735400006950F82C4054B1DB682BB1187A904284
:10736400F3D0DB68002BF9D15DF8044B704740F88B
:107374002C10087801300870EEE77047704700BFA2
:10738400437A8B4206D90369002253F8210043F85B
:10739400212070470020704700220449C0E90022E0
:1073A400028102740A680860C2607047A02200204B
:1073B400037CFBB903680146FBB14368EBB1427A35
:1073C4005B7A9A421CD230B472B62B4B1C68ECB177
:1073D400E368C3B1486801E0DB68A3B15A6882423C
:1073E400FAD193F809C04A7A9445F5D162B60420DB
:1073F40030BC7047012062B67047032062B6704704
:10740400022062B670476469002CE1D11B4C2368EA
:1074140043B1994202D10BE0994207D01A46DB6886
:10742400002BF9D1052062B630BC704702F10C0480
:107434000D68E868E8B1C3681BB908E0DA683AB1D6
:10744400134681421846F9D162B60620D0E70346B6
:10745400D960CB68002023600123C860AA7A2B720C
:107464001A44AA724A68947A13721C4494720B7474
:10747400D9E7E960EDE700BF2C220020A02200201C
:1074840010B5047C9DF808E00CB1012010BD027217
:1074940080F809E0C0E90013BDE81040FFF788BF99
:1074A40038B5037C002B36D043680446427A5B7AB5
:1074B4009A4238D272B60168CB68002B2DD098421C
:1074C40033D01A46DB689C422AD0002BF9D162687B
:1074D400607A136953F8200048B1FFF705FF72B6CC
:1074E40062680025607A1369216843F820508B7A1A
:1074F400013BDBB28B7203B90B72937A013BDBB2B3
:10750400937203B913720A4B00201A6820741C602A
:10751400E26062B638BD012038BD62B6032038BDD2
:10752400E368D360D3E7022038BDC368CB60CEE7FD
:10753400A022002010B50446FFF7B2FF094A1368E1
:1075440043B19C4202D108E09C4205D01A46DB6854
:10755400002BF9D1204610BD0C32E368204613609D
:1075640010BD00BFA02200200C4B1A789AB90C4A17
:107574000C4910B4C2F858110B48D02401224FF022
:10758400E02180F8464040241046C1F808415DF8E7
:10759400044B1A7070470020704700BF5611022038
:1075A400001C00203154000000E400E070B472B606
:1075B40021B9036813B102790F2A45D9294C2188CE
:1075C400002341FA03F212F0010208D00133102B18
:1075D400F7D162B600220371026070BC70474FF0AD
:1075E400010C0CFA03FC41EA0C01218062B61E4D29
:1075F4005FFA83FC1D4940F2824680F804C0EC6FB8
:10760400194483F0030344F0C0044901EC67A5F571
:107614009F35174CA5F58075266084F81AC084F848
:107624001EC084F818C084F81FC00160C1E900229C
:10763400C1E90222C1E90422C1E906225A5D42F0ED
:10764400C0025A5570BC7047064C218841FA02F5B5
:10765400ED07B5D5054D1544B3EB451FB0D162B662
:10766400BBE700BF4611022000C00F408074000237
:1076740000800E4003790F2B11D8094A937672B615
:107684000849012290F804C00B8802FA0CF223EA9C
:1076940002030B8062B6102200230271036070475C
:1076A40000800E4046110220704700BF704700BFA3
:1076B400704700BF704700BF70B51A4C1A4D23685D
:1076C400AB4202D0194AD16829BBA369AB4202D0AC
:1076D400164AD169C9B9236BAB4202D0134AD16AA5
:1076E40069B9A36CAB4209D0104AD16B31B1012105
:1076F4001B680F48D163BDE87040184770BD012175
:107704001B680C48D1629847EBE701211B680A48C3
:10771400D1619847DFE701211B6804F10800D160BB
:107724009847D2E7C01E00201808002000410840F6
:10773400101F0020F81E0020E01E002038B5064C63
:10774400A4F1600554F8083C2046183CDB689847CF
:10775400AC42F7D138BD00BF101F002003682DE9EB
:10776400F041044688B01746002B4BD000229A60A3
:107774000122DA60304D04A8DFF8E0801D4451F89E
:10778400083B2D1102935B6805EB45069847F6000C
:1077940006F1080058F806304044DB680190984729
:1077A400264A04A9DDE90103029248F806309B68E1
:1077B4009847029B04A8DB68984723680322204863
:1077C4001F609A601F4A23791F4C535513785178D0
:1077D400C0F828428B4228BF0B469178D2788B425E
:1077E40028BF0B46934228BF1346184C4FF0E022A3
:1077F4004FF08061012084F87A30C2F80C1108B08F
:10780400BDE8F081124AD36E43F44053D36601229B
:10781400104B1A60104A13460260403298680028E0
:10782400A8D0103393422360F8D100231846236074
:1078340008B0BDE8F08100BF00BFF7BF1808002002
:10784400001C0020401200202959000000E400E040
:1078540000C00F400040084000410840C01E002006
:1078640010B4064B0020064C064A1C609C611C6345
:107874009C6405495DF8044B02F03EBCC01E002028
:10788400180800204C120020AD5900001C2849D8CB
:10789400F8B5254F04463B78E3B9244B1B5DFF2B19
:1078A40029D0234A02EB041291680A6802F440507A
:1078B400B0F5805F30D01C061FD41E4C2360236AB1
:1078C400D80704D402F012FB236AD907FAD5194B5E
:1078D400586AF8BD174D184E01E002F007FBAB6C77
:1078E4001B06FAD4B36C13F08003F6D13B700F4B34
:1078F4001B5DFF2BD5D10020F8BD0F4C03F07F0397
:107904002360236ADA0704D402F0F0FA236ADB075F
:10791400FAD5094B586AF8BD22F480521C060A6055
:10792400EBD4CAE7002070475C110220740F0020DA
:10793400E80C002000400C4000800C40082830B4C3
:1079440022D00A280CBF4FF405714FF44671104C35
:10795400104D636C626C2B400F4802F003021A4313
:10796400636C03F0E00313430B436364436C426CA6
:107974002B4002F003021A43436C03F0E003134369
:10798400194330BC416470474FF44071DFE700BFD6
:1079940000400C4000FCFFFF00800C40A249A34BB8
:1079A40088422DE9F047A24C5E699A69D4F80C80AC
:1079B4001BD9A04B984240F20281C31A9E491B0A6C
:1079C400A1FB031340F22761DB0903EB830303EB01
:1079D400830303F2E2438B4228BF0B46A3F54877A7
:1079E400964BA3FB0737FF0804E0954FB8428CBFC2
:1079F4000E2706278D4908F01F09D1F88030B945B4
:107A040043F0C003C1F880300CD228F01F08A1F560
:107A1400F82148EA0708C1F80C800B68002BFCDA4F
:107A240008F01F0916F0007324D186490C698649B1
:107A3400A14300F0EA8082F4805134464FF480552B
:107A440014F0605F04D026F060561E43774B5E61ED
:107A540011F4405F07D022F4405274492A438A61EA
:107A64008B6C1A07FCD446F00076704A5661936C0E
:107A74009B06FCD4754CA04200F2CE804FF0010C62
:107A84000146634603FB011203F1010E0CF10105EB
:107A9400A24218D8BEF1080F4FF0010340F08D80C8
:107AA400BCF1040F00F291800A18A24200F2A480F3
:107AB40005FB00F1AC4603F1010E03FB01120CF1CE
:107AC4000105A242E6D90CF1FF318C0286EA81213C
:107AD4005F4810445F4A90427FD9DFF8A4A16C222A
:107AE4005D48584DB0FBFEF0D5F800E0B0FBFCF06B
:107AF400DFF890C10EEA0C0CD44509D042F40052D0
:107B04004FF4805CC5F800C02A602A68002AFCDAB9
:107B1400464A156905F007059D4203D01361936C2D
:107B2400DD03FCD411F4E05F09D026F4E05604F43C
:107B3400E0543E4A26435661936C9907FCD4474966
:107B4400474A014491423CD8464BC909A3FB013141
:107B5400090B4B1E1B0286EA030212F4407F06D077
:107B640026F4407603F44073304A334353612F4A7A
:107B7400536923F000735361936C9B06FCD43A4B16
:107B84004F45A3FB00234FF0FF324FEA9343B0FB72
:107B9400F1F1B2FBF3F3354A1060354A1160354A0E
:107BA400136008D228F01F08214A48EA0707D76063
:107BB4001368002BFCDABDE8F087734662E71227EE
:107BC40018E74FF440730421C5E70CF1FF31204856
:107BD40007238C02104486EA8121274ADFF8A8A0F3
:107BE400A2FB0020020D2548362A38BF362202FBAC
:107BF40000F042EA0A0A74E74FEA8C24002386EA7A
:107C04008C214FF0010EAC4662E71D4686F0C0544D
:107C140011464FF0C05313E700244FF0010C024605
:107C240031462346E64653E700A4781F00C00F40C0
:107C3400000008400046C32323B24C001F85EB51CB
:107C440000366E0100800D4040300080FFB19F2659
:107C5400808D5B00FF7EF64D00643F4D7FD1F008C0
:107C64007F17B42C9F10E50083DE1B432C120020E9
:107C740028120020282C0020819F5E16001BB700CC
:107C84006C2000807F3001800020008000B97047A4
:107C94002DE9F84F01218146214C224D224E54E812
:107CA400003F2A68306844E80013002BF7D11F49CD
:107CB4004B684FF47A7BDFF878A01B1A01270BFB83
:107CC40002F8DAF80020A3FB02325A4594BF90442C
:107CD400D84454E8003F2A68306844E80073002B15
:107CE400F7D14B68DAF800C01B1A0BFB02F2A3FBB6
:107CF4000C3CBCF57A7F94BF624402F57A72A2EB25
:107D04000802B2F57A7F06D3B9F1010908F57A7849
:107D1400DFD1BDE8F88F02F0E9F80449D9E700BFE4
:107D2400100F02200C0F0220080F0220001000E0A8
:107D3400282C002030B40F4B4FF0010C0E4D0F4C8B
:107D440053E8002F2868216843E800C2002AF7D1CD
:107D54000B4B5B680B4A5B1A4FF47A71126801FB98
:107D640000F0A3FB023230BC8A4294BF8018401852
:107D7400704700BF100F02200C0F0220080F0220D2
:107D8400001000E0282C0020272816D80201104BF0
:107D940003EB00109B5810B4C2685C68144205D011
:107DA40061B95DF8044BC3F888207047836851B10A
:107DB400084A5DF8044B1A60704770475DF8044B3D
:107DC400C3F884207047044A5DF8044B1A60704776
:107DD400E80C002038F001003830010027280BD8C7
:107DE400064B020103EB00109A58C36892681A42CA
:107DF40014BF01200020704700207047E80C0020C9
:107E0400272829D8164B0201012903EB00109A58A0
:107E140010B45368C4680ED004290CD023EA0403B8
:107E240053608368A9B1022917D003290CBF0D4AF6
:107E34000D4A1A6007E0234301295360836808D080
:107E440040F638021A60436815225DF8044B1A6044
:107E5400704738221A60F6E77047044A1A60F2E75E
:107E6400E80C0020383001003800010038F001002F
:107E7400704700BF272858D80001F0B4344C354D62
:107E84002358AB4256D049D8B3F1844F4BD0A5F513
:107E94008045AB4240D1304D2044304E304CC4F884
:107EA400B462D0E901C4C0684FF0E0264FF0005737
:107EB400042AC6F810712FD85E6926EA00065E61AE
:107EC4004FF00506CCF80060266846F4803626603C
:107ED4005C6824EA00045C60224C54F8224090FA66
:107EE400A0F2B2FA82F245F822106FEA00011DD026
:107EF400DD690F2A01EA0501D9611DDC5200032561
:107F0400D968944005FA02F221EA02022243DA60B7
:107F140098615A6902435A61F0BC7047124DAB42F2
:107F2400FAD1124DB8E7124DB6E77047DA69024349
:107F3400DA61EDE70F4DAFE7103A032519695200F6
:107F4400944005FA02F221EA020222431A61DFE7B1
:107F5400E80C00200080004270180020210000007E
:107F6400001C00205807002000C0004270190020A7
:107F7400F0170020F018002008B5FEF74FF9FEF7BF
:107F840081FA01F0B3FFFAE7844641EA000313F0F3
:107F940003036DD1403A41D351F8043B40F8043B0C
:107FA40051F8043B40F8043B51F8043B40F8043BCF
:107FB40051F8043B40F8043B51F8043B40F8043BBF
:107FC40051F8043B40F8043B51F8043B40F8043BAF
:107FD40051F8043B40F8043B51F8043B40F8043B9F
:107FE40051F8043B40F8043B51F8043B40F8043B8F
:107FF40051F8043B40F8043B51F8043B40F8043B7F
:1080040051F8043B40F8043B51F8043B40F8043B6E
:1080140051F8043B40F8043B403ABDD2303211D30E
:1080240051F8043B40F8043B51F8043B40F8043B4E
:1080340051F8043B40F8043B51F8043B40F8043B3E
:10804400103AEDD20C3205D351F8043B40F8043B0E
:10805400043AF9D2043208D0D2071CBF11F8013B0C
:1080640000F8013B01D30B8803806046704700BFD2
:10807400082A13D38B078DD010F003038AD0C3F1E1
:108084000403D21ADB071CBF11F8013B00F8013BC3
:1080940080D331F8023B20F8023B7BE7043AD9D382
:1080A400013A11F8013B00F8013BF9D20B78037057
:1080B4004B7843708B7883706046704702F032BD12
:1080C4004FF0010C0CFA01FC01EB410100EB4111F2
:1080D40070B5B1F80EE01FFA8CF5254C1FFA8EFE30
:1080E40024782E010EFB033306F0F006E340B0F8CB
:1080F40088417345A4B228BF73463443012AA0F8CB
:1081040088410DD0022A28D0C2B10CF00F02B0F879
:1081140088C11FFA8CFC4CEA020CA0F888C170BD1F
:108124009BB20CF00F022D02CB82B0F8803105F423
:1081340070659BB22B43A0F88031E8E7AEEB030EE9
:108144000CF00F021FFA8EFEA1F80AE0B0F880319D
:108154009BB21343A0F88031D9E79BB20CF00F0215
:10816400CB83B0F880319BB21E43A0F88061CEE788
:108174005A1A002027284BD8F8B52A4D044615F87A
:10818400202005EB8005012A2DD0022A3FD16B78EF
:10819400C3F3011003283ED0234A02EB803203F0DC
:1081A400030C224889B2634602EB4C1C0678BCF8E7
:1081B40006E05801BCF810301FFA8EFECEF1011E05
:1081C4001EFA83F303F1FF3E0EFB01F1F1408E45ED
:1081D40023D95B1AC3F101039BB289B20244ACF800
:1081E400063011820DE06A78C2F30113032B10D01C
:1081F4000F4800EB83308BB202F00301AA78FFF73B
:108204005FFF0C4BEA7803EB04135B681A60F8BD5C
:1082140070470948EFE7094AC1E7991E4FF6FF7313
:10822400DBE700BF900F002000C01D405A1A002059
:1082340000C03D40E80C002000803E4000801E400D
:1082440000230F2248F2B82C194610B54FF470449D
:108254004FF4806EA0F88C414FF46044A0F88E2156
:108264000A46A0F89031B0F888319BB243F0F0038D
:10827400A0F8883101EB4103013100EB43130429D9
:108284009C80A3F806E05A841A865A805A81A3F87F
:108294000EC05A82DA825A83DA83EBD1B0F888317D
:1082A4009BB243F00F03A0F88831B0F888319BB239
:1082B40043F47063A0F8883110BD00BF374B384ACF
:1082C400996F384841F47F0170B5996741F201060E
:1082D400D3F8801045F6C05543F226040A43C3F888
:1082E4008020FFF7ADFF00F58040FFF7A9FF00F500
:1082F4008040FFF7A5FF00F58040FFF7A1FF0022B3
:10830400A0F503104FF00F0E114600EB42134FEA95
:10831400421C01329981042A5981A3F80EE09E82FD
:10832400DD8020F80C1019829C81EED100221E48B9
:108334004FF00F0E41F20106114645F6C05543F2C7
:10834400260400EB42134FEA421C01329981042AAD
:108354005981A3F80EE09E82DD8020F80C1019826A
:108364009C81EED1002211480F2641F201051146ED
:1083740045F6C05443F2260E00EB42134FEA421C6A
:1083840001329981042A5981DE819D82DC8020F8A2
:108394000C101982A3F80CE0EED170BD00C00F40A0
:1083A400000003FC00C03D4000001E4000401E4091
:1083B40010280346044A28BF10231078012B38BF25
:1083C40001231370704700BF5A1A002072B6EFF3EE
:1083D4000583524CC4F884301EF0040F0CBFEFF335
:1083E4000882EFF309824FF0E0234D4E4D4DD3F850
:1083F400280DD3F82C1DC4E92201D3F8341DD3F879
:10840400383DC4E924139369C4F89830D369C4F897
:108414009C3000F0D3F884ED280A01F04BFE0B21C8
:108424004FF0FF32C4F8A4000B46C4F880103E4954
:10843400301D5A40202402F00103013C01FB03F3E8
:1084440083EA5202F7D1A84202D073680646EFE7E6
:10845400324BC3F8A820BFF34F8F4FF0E0233049CD
:10846400324AC3F8701FC3F8702FBFF34F8FBFF3A6
:108474006F8F2F4A02252F48D36E2F4943F4405360
:10848400D3660560D3692D4823F07F0343F040038E
:10849400D3610B6883423DD8264D00214FF0E02381
:1084A4004FF0FF3229600126C5F808112449C5F8A8
:1084B4000011C5F80861C3F88021C3F88421C3F80A
:1084C4008821C3F88C21C3F8902101E000F084F9DD
:1084D400D5F80C31002BF9D00134C5F80C614F2CC0
:1084E400F4D9184B022018494FF00042C1F840015A
:1084F4005A63D5F80C313BB9144815490D4A016348
:10850400D2F80C31002BFAD04FF0E023114AC3F813
:108514000C2DFEE7FFF742FABEE700BF00FF27205D
:1085240080FF2720A8FF27202083B8EDA0FF272065
:1085340000C00F40004008402C120020803DCD0BAD
:10854400009F240000900D4000002E4000800F404A
:10855400F100AD0B0400FA050A490A6838B108B500
:1085640013180948834204D810460B6008BD10460E
:10857400704703F0E3F90C234FF0FF320360104619
:1085840008BD00BF481200200000282000207047CA
:108594004FF0FF30704700BF4FF4005300204B6092
:1085A400704700BF012070474FF0FF30704700BF95
:1085B40030BFFDE730BFFDE7FFF708BF124AD2F82E
:1085C40080305B07FBD5D2F880301048C3F30B230F
:1085D4000F4990ED007A07EE903A91ED006AB8EEFB
:1085E400477A0C4AF8EEE77A0B4BD2ED006A77EE45
:1085F400C77A93ED007AB8EE477A67EE867A87EE0B
:10860400A60A37EE400A704700810D40182C00205E
:10861400202C0020242C00201C2C0020836BF0B480
:108624001BB1536843F40043536072B6446B3CB3CC
:108634001A4B2260D3F8B0410C421DD1184E776812
:1086440004E07468E41BB4F5166F0BD2D3F8404110
:1086540044F48044C3F84041D3F8B851D3F84041BE
:108664006404EED50D4007D10C4CC0E90225D4F8C2
:10867400B0310B43C4F8B031426362B6F0BC70470A
:10868400064DC0E90224D5F8B0310B43C5F8B0312A
:108694000263426362B6F0BC704700BF00002E4024
:1086A400001000E070B5056B9DB106462A46002413
:1086B40003E012680134012A0CD0536813F08003DC
:1086C400F7D032632CB12846B36B2D689847013C30
:1086D400F9D170BDC6E90C33F4E700BF30B4D9B9A1
:1086E4001F4C204B0021204A01254FF001109960B6
:1086F4001D60C4E9023180245C60C2F8BC01D2F878
:10870400B0311A482B43C2F8B0310160D2F8B0310D
:10871400002BFBD130BC70470904154B104C0125CC
:1087240041F080019860104A596000F580511D6045
:10873400D96000F50051A364196100F5405100F5BA
:108744008040596100219861E164D2F8B03143F46A
:108754008033C2F8B031D2F8B031002BFBD1C0E77E
:1087640000000020201F002000002E40742A00205A
:10877400401F002010B472B60A4C01220A49237823
:1087840002FA00F018432070D1F848311A0605D4D3
:1087940080221343C1F84421C1F8483162B65DF820
:1087A400044B70476C11022000002E40084901223E
:1087B4000B7802FA00F023EA0000087030B9054A89
:1087C400D2F8483123F08003C2F84831704700BF23
:1087D4006C11022000002E402DE9F04F9C4C83B018
:1087E400D4F84461F107C4F844616AD5D4F8AC31D3
:1087F400002B61D0DFF88482964DDFF878B208F55B
:10880400805ADFF87C92944FC4F8AC31D5E90A2041
:10881400D4F8403143F40053C4F84031D4F8403123
:108824009B04F5D5D4F8403123F40053C4F8403107
:108834004FF00113C4F8B431D4F8B43113F0011378
:10884400FAD191B240F2816CCBF80030614500F26C
:10885400D980B1F5D06F80F06181B1F5817F00F0EE
:108864008F8140F2AB8040F2023C614500F0B2815E
:10887400B1F5A06F40F0C1807849EB648B600123AF
:10888400A9640B6080234B604FF00113C4F8BC3122
:10889400D4F8B03143F48033C4F8B031D4F8B031F3
:1088A400002BFBD1130C5B0643F08073C4F85431E6
:1088B400D4F8AC31002BA7D1654AD2F8BC31002BD7
:1088C4004AD1720616D5624BD3F8AC21C3F8AC2159
:1088D400D3F8BC21C3F8BC21D3F8B041002CFBD1A0
:1088E4004FF0FF32C3F8B421D3F8843101F002F918
:1088F4005B4B1C60F40103D55A4B1B6803B19847CA
:10890400B00103D5584B1B6803B19847710708D5CC
:108914004F4BD3F8843113F400731AD0534B012214
:108924001A704B4BD3F848311A060FD533060DD5C0
:108934004F4A13782BB1013BDBB21370002B00F0CC
:10894400428203B0BDE8F04F00F09ABC03B0BDE82A
:10895400F08F464A1370E4E74649C2F8BC31086810
:10896400034240F061813E4A14681C40A9D05FEA8A
:10897400144810D0374D4FF0010998FAA8F7B7FA08
:1089840087F705EBC71009FA07F74030FFF78AFEAF
:1089940038EA0708F1D1A4B2002C92D02D4D4FF043
:1089A400010894FAA4F7B7FA87F705EBC71008FA99
:1089B40007F7FFF777FEBC43F3D182E7802900F085
:1089C400A780822919D183B210F0780015D103F061
:1089D4007F0257F82210284A1080180600F1C0813F
:1089E400CB0701D50123137002212348FFF776FE3C
:1089F4005EE7010C072900F045814FF00113C4F82C
:108A0400C03155E742F2210C6145F2D03AD942F225
:108A14002123994268D042F221339942EDD10F4B80
:108A240000229A60EA640122AB641A6080225A60D0
:108A34004FF00113C4F8BC31D4F8B03143F480339F
:108A4400C4F8B031D4F8B031002BFBD130E700BF0B
:108A540000002E4000000020C0012E40201F0020F6
:108A6400782A0020301102203411022075110220CE
:108A74007B110220742A0020BC2B00206C2A0020C9
:108A8400401F0020B1F5086F3AD0B1F5106FB4D192
:108A9400B548C2F307424FF0C81100930270B34ABD
:108AA400C4F8C821C4F8CC11C4F8D01101F024F8DA
:108AB40000F07CFBAE4A0121009BAA641160802176
:108AC400936051604FF00112EB64C4F8BC21D4F8F8
:108AD400B02142F48032C4F8B021CBF80030D4F88D
:108AE400B031002BFBD1E3E680B2002897D1A14B33
:108AF400C2F307421968A04B1960A04B1A708EE7A5
:108B0400994B01219E481B780370FFF7E7FDCFE6E0
:108B14009B4802210380FFF7E1FDC9E6994B5968A0
:108B240000293FF46AAF4FEA124E82B204E0196999
:108B34000C3300293FF461AFB3F800C0F445F6D11B
:108B4400B3F802C09445F2D14FEA1E22032A00F082
:108B5400D8801A89000C824228BF0246BEF5007FE5
:108B640040F0D480884B89491878894B00920028BA
:108B740018BF19468748FFF707FA864B009ADAE0D0
:108B840010F0780F83B27FF438AF03F07F0213F054
:108B9400800F57F8223014BF23F4803323F00103ED
:108BA40047F822300022724BEA649A600122AB64D7
:108BB4001A6080225A604FF00113C4F8BC31D4F813
:108BC400B03143F48033C4F8B031D4F8B031002B61
:108BD400FBD16DE610F0780F83B27FF40EAF03F093
:108BE4007F0213F0800F57F8223014BF43F4803310
:108BF40043F0010347F8223000225D4BEA649A6097
:108C04000122AB641A6080225A604FF00113C4F849
:108C1400BC31D4F8B03143F48033C4F8B031D4F863
:108C2400B031002BFBD143E6002008605A490C8880
:108C3400486842F221018C427FF495AE80B200284C
:108C44007FF491AE5549564C03C9A18086284FEA5A
:108C540011412060A1717FF486AE72B6514801784B
:108C640041F008010170D2F848110D0605D48020A6
:108C74000143C2F84401C2F8481162B64A4A50217D
:108C8400117070E6EB6001234349C9F80030474B8B
:108C94000A60C9F80430464B4860C9F81030C5F87A
:108CA4000890C9E9028AD4F8B02142F00102C4F85C
:108CB400B02103F5805203F50053C9F81420C9F814
:108CC4001830D4F8B031002BFBD1294AEB649360FF
:108CD4000123AA64136048F2800353604FF0011328
:108CE400C4F8BC31D4F8B03143F48033C4F8B031A3
:108CF4004FF48033CBF80030D4F8B031002BFBD1E3
:108D0400D6E5000C0A78824228BF0246BEF5E06F21
:108D140050D11D4B1D4893F800C01D491D4BBCF19B
:108D2400000F18BF014600921846FFF72DF90721DE
:108D340003464170009A23F01F011344BFF34F8F81
:108D44004FF0E020C0F8701F20318B42FAD8BFF3F7
:108D54004F8FBFF36F8F0F481146FFF7BFFCA7E596
:108D6400C9033FF53FAE3FE6741102200200CC0078
:108D7400201F00200C0F0220B80F022073110220C4
:108D8400BC2B00207810002075110220581C0060B4
:108D9400F01C006040142020202200206C2A0020B7
:108DA400B00F02206C1102207B110220800007000A
:108DB4006C4A0020064B1846CDE90023FFF7E4F87F
:108DC400DDE90023B7E70320FFF7F0FC08F02CF8F7
:108DD400401420202DE9F0471F46831E022B01D9A1
:108DE400BDE8F087DFF84C9015460C463C2209EBB1
:108DF400C01806464FEAC01A002108F104002404F2
:108E040002F0E4FCB5FA85F20123520944EA427403
:108E140049F80A40C8F83870C8F80830002FDFD085
:108E2400034AB34011680B431360BDE8F08700BFE9
:108E3400782A0020000000202DE9F0470D46811E0D
:108E4400022901D9BDE8F087C701DFF84C909246AA
:108E5400044640373C2200211E4609EB07082D0436
:108E640008F1040002F0B2FCBAFA8AF2520945EAA7
:108E7400427249F807200122C8F83860C8F808206F
:108E8400002EDFD0034B10341968A2400A431A6045
:108E9400BDE8F087782A00200000002012048160D9
:108EA400C36101F5405342F0800210B401244260D2
:108EB40001F50052046001F5805401F58041C4605D
:108EC40081615DF8044BC0E904237047831E0A46A0
:108ED400022B00D97047064B00F110014FF0010C32
:108EE40003EBC0100CFA01F14030FFF797BB00BF51
:108EF40000000020831E0A46022B00D9704701217E
:108F0400024B814003EBC010FFF788BB0000002038
:108F140040687047124A134BD2F8200220F07F4079
:108F2400984210B584B002D200EB800040000E4C91
:108F340001A90A2201F08CF801A90023204611F8A6
:108F4400012B01333AB10A2B20F8022FF7D1162353
:108F5400237004B010BD5B00DBB2237004B010BDFD
:108F640000441F4080969800441A002038B50C4BEA
:108F740004460C4D1B68298843B1B1F5917F09D291
:108F84004B1C9BB2084A2B80545438BDB1F5917FD9
:108F9400F6D338BD00220448984700210123F1E7A5
:108FA400F80F0220541102200C100220F8B5144CC2
:108FB4004FF0E025134E4FF4003204EB4024124FDF
:108FC40006EB40160346C5F88C2121463A88304604
:108FD400FFF764FF3B882344BFF34F8FC5F85C4F12
:108FE4002034A342FAD8BFF34F8FBFF36F8F04200E
:108FF4003146FFF77FFF4FF40033C5F80C31F8BD5D
:10900400E0142020601F00204811022042684FF61F
:10901400FC71114BC2F30E42C0691B889B1A0B40B2
:1090240017D00E4930B40E4C0E4D227821F8103072
:109034000021013225F81010062A94BFD1B20A4645
:10904400217009490C6823440B60084B985430BCC8
:109054007047FFF7ABBF00BF48110220CC2B0020A4
:1090640066110220E82B0020C42B0020042C0020D1
:109074002DE9F04F0123DFF828A1DFF828B183B0F0
:10908400414E9AF80020414D414F8BF8003005EBDA
:1090940042153388D7F80080CDE90002002B6DD14A
:1090A4003C4CDFF804912846FFF732FF10F08000B3
:1090B4005DD03B68A3EB0803282B04D9012323705C
:1090C40003B0BDE8F08F2378002BF9D199F8003074
:1090D400002BF5D000F00AFF3388002BE3D02E4A92
:1090E4009AF800101288D01A043B2C4C9BB22044EE
:1090F400338000EB4120009E4902C0F8006C93BB12
:1091040004F5406428460C442146FFF7C7FEBFF32C
:109114004F8F04F1200204F50073934234BF0123FE
:1091240010234FF0E02204EB4313C2F8704F2034B5
:109134009C42FAD1BFF34F8FBFF36F8F04202946AF
:10914400FFF7C4FE019B02200133032B94BFDBB263
:1091540000238AF80030FFF729FB00238BF8003046
:1091640003B0BDE8F08F0220FFF704FBF5E70A4BDC
:109174009AF800101A8820701346B5E7064A019938
:109184001288D01AB0E700BF4C1102202021002021
:109194000C0F02206D11022050110220E014202037
:1091A4006F1102207111022074110220214B70B53D
:1091B4001B78002B3BD04FF400731E461E498022BF
:1091C4001E4D00240B8000211D482B8002F0FEFA66
:1091D4001C4A21461C4B1470C0221C481C8002F0FF
:1091E400F5FA1B4A31461B4B042094609C60C2E98B
:1091F4000044194AC3E900441470184B184A1C70FF
:10920400184B14602246FFF7E5FD234622462988C1
:109214000420FFF711FE20460134FFF7C7FE062C99
:10922400F9D100231049114A0B70137070BD40230B
:109234001E46C3E775110220481102205011022076
:10924400202100206F1102204C110220601F0020F9
:10925400CC2B0020E82B002066110220681102208C
:10926400C42B00207D7200006D11022071110220B8
:10927400024B1B780BB1FFF7FBBE70477411022041
:109284002DE9F843214B1D7815B9214E33880BB9CC
:10929400BDE8F883DFF888801E4A98F800701E4CF9
:1092A40002EB47191D4A04EB47241288484621461D
:1092B400D21A2B46FFF7F2FDBFF34F8F04F12002C1
:1092C40004F50073934234BF012310234FF0E022CE
:1092D40004EB4313C2F8704F20349C42FAD1BFF31D
:1092E4004F8FBFF36F8F013749460420FFF7EEFD20
:1092F400032F4FF000034FF0020098BFFDB23380FC
:1093040088F80050BDE8F843FFF750BA7111022005
:109314004C11022020210020E020202050110220A6
:109324006F110220F8B54FF400324FF0E023204CC7
:10933400C3F88C211F4B227819788A422ED0D3B2DD
:109344001D4A1E4F01331E491E4E072B28BF002302
:10935400D05C37F8102001EB40218D58043231687D
:1093640092B2043927F810203160174931F81010EF
:10937400914207D94FF0E0234FF400322846C3F856
:109384000C21F8BDDBB22370FFF710FE4FF0E02391
:109394004FF400322846C3F80C21F8BD00254FF0E5
:1093A400E0234FF400322846C3F80C21F8BD00BF77
:1093B4006811022066110220042C0020E82B0020F2
:1093C400E0142020C42B0020CC2B0020F8B5064646
:1093D400FFF7A8FF90B1C0F3031300F00F059C4AF8
:1093E4000446070A1370A5F10803062B08D807F0F2
:1093F4000F030133002E45D0B34243D00020F8BD03
:10940400AB1EF8B2012B19D9F72818BFF02801D9DF
:10941400052D13D0042D00F085816B1F022B40F223
:1094240045810F2DEAD1F72808D8F02803D0894BBD
:109434001B88002BE2D0FFF799FDDFE7F1380E28F7
:10944400DCD801A353F820F02D7800003F78000009
:109454005D7800006D7600006D7600006B7800008A
:109464006D760000797800006D760000A577000025
:10947400DB770000BF7700006D760000F77700000F
:1094840013780000082DC4F3033217D1082A15D12C
:1094940071488021714A0768C4F30746DDB2117030
:1094A400240E1FB1314628462246B8476C4B012092
:1094B4006C491D706C4B0E701C70F8BD092D14D1D5
:1094C400092A12D1220E654900F0B4809020C4F319
:1094D4000746DDB20870D4B264490F68002FE5D0A6
:1094E400224631462846B847E0E70A2D05D10A2A24
:1094F40003D15F48A021594ACDE70B2D05D10B2A92
:1095040003D15C48B021554AC5E70C2D40F08A8050
:109514000C2A40F08780584AC02050491268C4F38E
:109524000746DDB20870240E002ABFD03146284613
:109534009047BBE7514B1B68002B00F00A81C4F332
:1095440007469847454B240E00251F70AEE74C4B49
:109554001B68002BF3D14B4B1B68002B00F0ED80F4
:10956400FC20C4F307469847ECE7474B1B68002BE5
:10957400E5D1444B1B68002B00F0DF80FB20C4F3D3
:1095840007469847DEE7414B1B68002BD7D13D4B7C
:109594001B68002B00F0D180FE20C4F307469847D7
:1095A400D0E73B4B1B68002BC9D1364BC4F30746AD
:1095B4001B68002BC6D0FF209847C3E7354BC4F384
:1095C40007461B68002BBDD030469847BAE7324B9C
:1095D4001A68002A00F0B180630CC4F30640260C1C
:1095E40003F47E53F6B218439047ABE72B4BC4F316
:1095F40007461B68002BE7D1A4E7294BC4F30746B1
:109604001B68002B9DD19DE7264B1B68002B96D130
:109614001C4B1B68002B00F09080F820C4F3074615
:1096240098478FE70D2D62D10D2A60D11E4AD020B4
:109634000A4973E78020DDB2C4F30746087006497F
:109644000F68002F7CD0314628461446B8472DE7D2
:109654007611022054110220D00F02207A11022028
:10966400771102207811022079110220D40F0220F0
:1096740008100220CC0F0220DC0F0220EC0F022085
:10968400F00F0220E00F0220C80F0220BC0F0220BE
:10969400FC0F022000100220E40F0220E80F022039
:1096A40004100220C40F0220C00F0220FFF75EFC4A
:1096B400052D08D0C4F30740FFF758FC072D02D14D
:1096C400200EFFF753FC2B4B2B4819882B4A0170B3
:1096D400080A2B4C107000202A4A1880F0232468B2
:1096E40013707CB301222848A0470120F8BD0E2D39
:1096F4007FF484AE0E2A7FF481AE244AE02021490F
:109704001268087072B3610CC4F30640DDB201F450
:109714007E51260C240E01432846F6B2A1F50051D1
:109724009047C3E6FFF722FCC4F30740FFF71EFC93
:10973400200EFFF71BFC0020F8BDC4F3074601E729
:109744003C46B3E6124B1B688BB10F489847012087
:10975400F8BD104B1B68002BEFD0FA20C4F307466A
:109764009847EFE6C4F30746DDB2240E9EE60120D7
:10977400F8BD00BF54110220781102207911022093
:10978400F80F02207A1102200C100220D80F0220B8
:10979400F40F0220E00F0220F8B5144C4FF0E0253E
:1097A400134E4FF4003204EB4024124F06EB4016E4
:1097B4000346C5F88C2121463A883046FFF76EFBF4
:1097C4003B882344BFF34F8FC5F85C4F2034A3423A
:1097D400FAD8BFF34F8FBFF36F8F03203146FFF7E3
:1097E40089FB4FF40033C5F80C31F8BDE028202084
:1097F400202000204A110220244B2DE9F0411C882E
:109804004368C569C3F30E43E41A002C24DD2049E0
:1098140020480A780078D3B21F4E82421F4807D0EE
:1098240010F8038036F81870C7F50072944218D9FE
:109834000133002226F81540082B194E88BF134621
:1098440026F8152098BFDAB2C554164B0A701A6868
:1098540014441C60BDE8F0812846BDE8F041FFF7E0
:109864009BBF07EB4820104922462744084401EBDC
:109874004521FEF789FB0B4A284626F81870136821
:109884002344BDE8F0411360FFF786BF4A1102206C
:109894006711022069110220D82B00200C2C002013
:1098A400F42B0020C82B0020E02820201D4B1A7820
:1098B400002A36D102F0FF031B4A12788AB32DE93D
:1098C400F0411A4D2A8852B3194EC2F50068194F57
:1098D4003278194C07EB421704EBC224424638464F
:1098E4002146FFF7DBFA04EB0802BFF34F8F4FF07A
:1098F400E023C3F8704F2034A242FAD8BFF34F8F4D
:10990400BFF36F8F03203946FFF7E0FA3378013352
:10991400DBB2032B88BF0023337000232B80BDE808
:10992400F081704772110220741102204E1102203E
:1099340070110220A0210020E03820202DE9F04FF2
:1099440085B0CDE90110002900F0BF800023604CF0
:10995400DFF89881DFF898A15E4F009301235E4AF7
:1099640023705E4B1978B8F8003002EB4119002BD4
:1099740040F0A7801E461D469B464846FFF7C8FA9E
:1099840010F0800000F08C80BFF34F8F9AF8003005
:1099940084F800B005B93E68002B7DD13B689B1B61
:1099A400782B00F287804E4B1B78002B74D000F08C
:1099B4009DFA0122B8F8003015462270002BDCD045
:1099C400464AC3F5006011781A4600EBC120454DA4
:1099D400C9022844019D954217D20393DDE9015140
:1099E4002A46FEF7D1FA039B4FF040425B1BA8F8CE
:1099F40000303D4BC3F88420BFF34F8F0098002301
:109A04002844237005B0BDE8F08F364BCD18029979
:109A1400FEF7BAFA00234FF4006229464846FFF7DE
:109A24003DFABFF34F8F05F1200205F50063934221
:109A340034BF012340234FF0E02205EB4313C2F867
:109A4400705F2035AB42FAD1BFF34F8FBFF36F8FF6
:109A540003204946FFF73AFA204A13780133DBB270
:109A6400032B84BF00231D4A1370B8F80030019AF9
:109A7400D11A009A1A4401910092029A1A440023BE
:109A84000292194AA8F80030C2F88430BFF34F8F0D
:109A9400237000297FF462AF009805B0BDE8F08F11
:109AA4004FF400620D4B8AF8000019781346A8F8A9
:109AB40000208AE7012300988AF8003005B0BDE849
:109AC400F08F1A46C3F500607FE70198E5E700BF11
:109AD400721102200C0F0220A0210020701102201C
:109AE40074110220E038202000002E404E11022084
:109AF4006E110220704700BF2D4B002180222D489B
:109B040070B51B7800242C4D8B422C4E0CBF402387
:109B14004FF400732B80338001F058FE284A21460D
:109B2400284B14704FF4807227481C8001F04EFEBD
:109B3400264A1021264B0220C2E90044C2E902440D
:109B4400244AC3E900441470234AC3E90244234B62
:109B54001C70234614602246FFF76EF922463188B2
:109B640003201F4BFFF736F92346012229880320DF
:109B7400FFF762F920460134FFF70EFE082CF9D1F5
:109B8400184B00214A221848184C0460C3F884106A
:109B9400C3F88020D3F84821154942F08072C3F8F5
:109BA400482121B1134A137843F00103137070BDA7
:109BB40075110220A0210020521102204A11022016
:109BC400701102204E11022020200020D82B0020EA
:109BD400F42B002067110220C82B002069110220F9
:109BE400697A000000002E40301102201D7B000025
:109BF400000000007D1102202DE9F04F4FF0E0231A
:109C04004FF40032DFF8C8A083B0C3F88C218B4630
:109C14009AF8004000294FD08046E4B20027DFF8CC
:109C2400B490264BABEB070225491B78A34204F101
:109C340001043FD0092C234B404628BF00241E5D5D
:109C440039F816C00CEB462319441F4B33F8165051
:109C5400A5EB0C05AA421CD20CEB462C18491B4C54
:109C640061440192FEF790F9216839F8165058467C
:109C7400019AA1EB0B012A44394429F816202160EA
:109C84004FF0E0234FF40032C3F80C2103B0BDE8D9
:109C9400F08F2A462F44FEF777F90C49E3B2304699
:109CA4000A68A844521B0A608AF80030FFF774FD62
:109CB400BB45B6D83846E3E70846E1E7671102201A
:109CC400E02820200C2C0020D82B0020C82B0020BA
:109CD40069110220F42B00200B4B0C4A12781978DE
:109CE400D3B28A420DD0013309480A4A092B0A49E2
:109CF40028BF0023C35C31F8131002EB4323585CE4
:109D040070474FF0FF30704767110220691102203D
:109D14000C2C0020E0282020F42B0020044B10B54C
:109D24001C680CB1204610BD00F0E0F8204610BDC0
:109D3400C82B00202DE9F84F144E154D33782A789E
:109D4400934221D0DCB2DFF85090DFF850B0DFF856
:109D54005080104F0134082C5FFA84FA01D9002492
:109D6400A24619F80400DBF8003038F8102037F860
:109D74001010521A9B1ACBF80030FFF70DFD86F82D
:109D840000A02B78A342E5D1BDE8F88F6911022029
:109D940067110220F42B00200C2C0020C82B00207B
:109DA400D82B002000B583B001210DF10700FFF787
:109DB40023FF20B19DF8070003B05DF804FB4FF0CA
:109DC400FF30F9E7094B00B583B01B788DF8070025
:109DD4003BB101210DF10700FFF7B0FD03B05DF8C1
:109DE40004FB03F0FF0003B05DF804FB74110220D0
:109DF400044B1B7803F0FF020BB1FFF79FBD104625
:109E0400704700BF741102202DE9F0410024DFF8EF
:109E1400448001230D4D27460D4E88F800303378D9
:109E240028462035A34204F1010405D0FFF770F859
:109E3400030658BF07F50067042CF0D1BFF34F8F1A
:109E44000023384688F80030BDE8F081A0210020C6
:109E540070110220721102202DE9F8431D4B1B786A
:109E640013B11D4D2A880AB9BDE8F8831B4EC2F50B
:109E740000691B4933784A461A4C01EB43181A4FC0
:109E840004EBC324012340463B7021460023FFF723
:109E940005F804EB0902BFF34F8F4FF0E023C3F83A
:109EA400704F2034A242FAD8BFF34F8FBFF36F8FA5
:109EB40003204146FFF70AF833780133DBB2032B62
:109EC40088BF0023337000232B80BFF34F8F3B7078
:109ED400BDE8F883741102204E1102207011022093
:109EE400A0210020E0382020721102202DE9F8433F
:109EF4002D4B1E7866B12D4F3B784BB90123F107EA
:109F04003B7043D4B20726D400233B70730701D4BB
:109F1400BDE8F883264B1A68002AF9D0EFF30582CE
:109F2400002AF5D1EFF3108572B61868002834D0F2
:109F3400204C2178002930D10122227042691A6014
:109F4400002A2ED0916105B962B600258368457751
:109F540098472570DCE7DFF8648098F80030002B20
:109F6400D2D00025DFF858902B4659F8234001350C
:109F7400236820461B69984710B163699B6898471A
:109F840098F80020EBB29A42EFD8BDE7FFF7C6FE7F
:109F94000028B7D0AFF30080B4E7002DB8D162B683
:109FA400B6E7054B1A60CEE77D1102205A11022054
:109FB400A422002057110220B022002059110220AF
:109FC400CC22002070B5EFF3108272B60C4C2068DE
:109FD40080B10C4E00254369236073B19D6102B9C1
:109FE40062B6836845779847EFF3108272B62068AB
:109FF4000028F0D102B962B670BD3360EFE700BF4C
:10A00400AC220020A8220020FFF7DCBF0449054A47
:10A014004968054B1960136801331360704700BF2A
:10A02400001000E00C0F0220080F02200846FFF782
:10A03400C9BE00BF054B022888BF034610B41C6884
:10A04400184663685DF8044B184700BF30120020BF
:10A0540001F1FF3C70B56646002400E00134B0FB1A
:10A06400F2F502FB1503092B03F1370E03F130035C
:10A074005FFA8EFE98BF5FFA83FE9042284606F888
:10A0840001EFEBD2631C0022C818CA547CB16246AB
:10A094001CF8015F10F8016DA1EB0C0302328CF87F
:10A0A4000060013B521A057023449A42EFDB0846D4
:10A0B40070BD00BF074A506A936A19468446506AC5
:10A0C400936A9942F9D18445F7D1DB0B43EA4040C6
:10A0D400704700BF00400D40FFF72CBEFFF7FCBDEA
:10A0E400FFF760BEFFF71ABEFFF7B6BEFFF78CBEE0
:10A0F40008461146FFF77CBE03460846194601F0A0
:10A10400EFBB00BF10EE103A40F22A41C3F30A52EB
:10A114008A42B7EEC03A32D8B7EE000B2D4B93ED1E
:10A124004A2B93ED481BB0EE417BA2EE037B17EE66
:10A13400100A37EE417B00F01F0203EBC20130B47A
:10A1440092EE037B93ED4C4B53F832404D6893ED04
:10A154004E6B93ED505BA4EE076B27EE074B00218B
:10A164000A1905EBC033A5EE070B43EC172BA6EE3B
:10A17400040B30BC20EE070BB7EEC00B704713F591
:10A18400000F20D0B2F5FF6F1AD2DFED137AB4EED0
:10A19400E70AF1EE10FA10DCDFED107AB4EEE70A0C
:10A1A400F1EE10FA12D4DFED0E7AB4EEE70AF1EE16
:10A1B40010FAB1D5002000F0CBBA002000F0CEBADE
:10A1C40030EE000A70479FED070A7047002000F048
:10A1D400B9BA00BF800200201772B142B4F1CFC2F5
:10A1E400CF8ECEC20000000030B410EE103A2DED38
:10A1F400028BA3F5000110EE902AB1F1FE4F10EE90
:10A20400104A82B04FEA42017CD201F1FF3C6FF068
:10A214008070844580F0F780002004F1404303F50A
:10A224004D03C3F3C342DB0DDB05E11ADB1507EE77
:10A23400903AB14B03EB021292ED003B04EE101A7C
:10A24400B7EEE06AB7EEC44ABFEE000BA3EE040B10
:10A2540093ED443B20EE001B93ED464B93ED402BD6
:10A26400A0EE034B93ED425B93ED483BA0EE025B03
:10A2740021EE012B92ED028BB8EEE77B37EE087BE3
:10A28400A0EE037BA1EE047BA5EE027B26EE077B0A
:10A2940017EE903A48F2BF01C3F3CF338B4250D24A
:10A2A400B7EE000B954B93ED402B37EE023B13EECC
:10A2B400102A33EE423B02F01F01821803EBC10067
:10A2C40093ED424B37EE437B53F83140456893EDB1
:10A2D400446B93ED465BA7EE046B27EE074B00231C
:10A2E400181905EBC231A7EE050B41EC170BA6EECE
:10A2F400040B20EE070BB7EEC00B02B0BDEC028BD3
:10A3040030BC70474D1E6FF08070854280F0CE8067
:10A3140059004D1E854280F09280002B55DB0020B1
:10A32400B4F5000FBFF479AFDFED757A07EE103A9C
:10A3340067EE277A17EE904A24F00044A4F13864BB
:10A344006BE79FED656BB4EEC67BF1EE10FA15DC9E
:10A354009FED636BB4EEC67BF1EE10FA20DD4FF097
:10A364004C5388B10193DDED016ABFEE006A76EECD
:10A37400666AF4EE466AF1EE10FA11D002B0BDEC52
:10A38400028B30BC00F0EAB90093DDED006AB7EE51
:10A39400006A76EE866AF4EE466AF1EE10FAEDD1C2
:10A3A4009FED516BB4EEC67BF1EE10FA57D99FEDD9
:10A3B400506BB4EEC67BF1EE10FA7FF571AF02B0CC
:10A3C400BDEC028B30BC00F0C3B9C2F3C7517E2987
:10A3D40011DD962954DC0120C1F1960100FA01F146
:10A3E400481E104207D1114214BF0120002000046E
:10A3F40024F0004494E700EE103A02B0BDEC028B66
:10A4040030BC00F0C3B9002952D0B3F17E5F2CD028
:10A414006400B4F17F4F2ED8B1F17F4F2BD1B4F14A
:10A42400FE4F4BD0B4F1FE4F6FEA020234BF00245A
:10A434000124D20F94424CD09FED320A5DE7002BE9
:10A4440020EE000A1EDB002000293AD1002ABFF6C4
:10A4540054AF02B0BDEC028B30BC00F085B902B041
:10A46400BDEC028B30BC00F06DB982F48002520066
:10A4740012F5000F22D907EE903A37EEA00A3CE716
:10A484000020B5E7C2F3C753A3F17F001728DAD839
:10A49400C3F19600012303FA00F0441E1442D2D102
:10A4A4001040D1D0B1EE400A1846CDE70029AFD113
:10A4B40084F48002520012F5000FDCD8B7EE000AD3
:10A4C4001BE7002ABFF619AFF7EE007A87EE800A81
:10A4D40013E720EEA00A10E771D5D1FFFFFF5F401C
:10A4E400E2AAA3FFFFFF5F400000000000C062C0BB
:10A4F4000000000000A062C0B80400208002002018
:10A504000000004B0000000030B510EE104AC4F308
:10A514000A53B3F57D7FB7EEC06A83B01BD226EE33
:10A52400065BB3F5667F6ED326EE052B25EE021B84
:10A53400734B93ED1A3B93ED187B93ED164BA5EEFD
:10A54400037BA2EE046BB0EE460BA7EE010BB7EE55
:10A55400C00B03B030BD40F22E4293425ED868492E
:10A5640091ED087B26EE077BFDEEC77B91ED0A5B40
:10A5740017EE903A03F500031B1613F0020F07EED3
:10A58400903A01F1700208BF0A46D807B8EEE77B9B
:10A59400A7EE456B26EE067B1BD403F0030301EB09
:10A5A400C30192ED1A4B91ED002B92ED185B26EE50
:10A5B400026B92ED163BA7EE045B26EE074B27EEEB
:10A5C400047BA4EE036BA5EE076BB7EEC60B03B0DA
:10A5D40030BD92ED142B27EE075B92ED126B92EDDA
:10A5E4000E3BA7EE026B92ED0C0B92ED104BA7EE17
:10A5F400030B27EE057BA5EE040BA6EE070BB7EEC7
:10A60400C00B03B030BD220D12F4FF6FDFD1B7EEE3
:10A61400C55B00EE104A8DED015AD8E7B3F5FF6F24
:10A624004BD2384BC4F3836203EB820053F82220ED
:10A634000569C4F31603C4F3C25143F400038B4009
:10A64400016A03FB02F2A3FB0110E3FB050202F122
:10A6540000518D0F01F04041511A00F035FA2A4B98
:10A664009FED257B05EBD47441EC160B14F0020F1F
:10A67400A3F1700208BF1346E90726EE077B27EE15
:10A68400076B1FD404F0030402EBC40293ED1A4BCE
:10A6940092ED002B93ED185B27EE027B93ED163BB6
:10A6A400A6EE045B27EE064B26EE046BA4EE037BBA
:10A6B400A5EE067BB7EEC70B89E703B0BDE83040D3
:10A6C40000F064B893ED142B26EE065B93ED127B39
:10A6D40093ED0E3BA6EE027B93ED0C0B93ED104B2A
:10A6E400A6EE030B26EE056BA5EE040BA7EE060BF8
:10A6F400B7EEC00B6BE700BF182D4454FB21193C87
:10A70400E0050020340A00205006002010B582B075
:10A714008DED010A044601F011F99DED010A046072
:10A7240002B010BD30B1F1EE407A27EE800A22204B
:10A73400FFF7ECBFF0EE407A27EE800A2220FFF705
:10A74400E5BF00BF9FED010AFFF7ECBF000000105A
:10A754009FED010AFFF7E6BF0000201A9FED010AF2
:10A76400FFF7E0BF000000709FED070AFFEE007ADC
:10A77400B7EE007A00284FF0220047FE277A87EED2
:10A78400800AFFF7C3BF00BF0000000070EE407AEC
:10A79400B4EE400A87EEA77AF1EE10FAB0EE470A5B
:10A7A40002D62120FFF7B2BF704700BF81F00041FD
:10A7B40002E000BF83F0004330B54FEA41044FEAA2
:10A7C400430594EA050F08BF90EA020F1FBF54EA3D
:10A7D400000C55EA020C7FEA645C7FEA655C00F0D9
:10A7E400E2804FEA5454D4EB5555B8BF6D420CDDAA
:10A7F4002C4480EA020281EA030382EA000083EA2D
:10A80400010180EA020281EA0303362D88BF30BDCC
:10A8140011F0004F4FEA01314FF4801C4CEA113122
:10A8240002D0404261EB410113F0004F4FEA033381
:10A834004CEA133302D0524263EB430394EA050F0C
:10A8440000F0A780A4F10104D5F1200E0DDB02FA7B
:10A854000EFC22FA05F2801841F1000103FA0EF20F
:10A86400801843FA05F359410EE0A5F120050EF1D5
:10A87400200E012A03FA0EFC28BF4CF0020C43FA06
:10A8840005F3C01851EBE37101F0004507D54FF013
:10A89400000EDCF1000C7EEB00006EEB0101B1F563
:10A8A400801F1BD3B1F5001F0CD349085FEA3000A9
:10A8B4004FEA3C0C04F101044FEA445212F5800FB4
:10A8C40080F09A80BCF1004F08BF5FEA500C50F151
:10A8D400000041EB045141EA050130BD5FEA4C0C34
:10A8E400404141EB0101013C28BFB1F5801FE9D291
:10A8F40091F0000F04BF01460020B1FA81F308BFB4
:10A904002033A3F10B03B3F120020CDA0C3208DD7F
:10A9140002F1140CC2F10C0201FA0CF021FA02F15A
:10A924000CE002F11402D8BFC2F1200C01FA02F1CA
:10A9340020FA0CFCDCBF41EA0C019040E41AA2BFEF
:10A9440001EB0451294330BD6FEA04041F3C1CDAB7
:10A954000C340EDC04F11404C4F1200220FA04F0D7
:10A9640001FA02F340EA030021FA04F345EA030181
:10A9740030BDC4F10C04C4F1200220FA02F001FA43
:10A9840004F340EA0300294630BD21FA04F02946C5
:10A9940030BD94F0000F83F4801306BF81F480115E
:10A9A4000134013D4EE77FEA645C18BF7FEA655CD1
:10A9B40029D094EA050F08BF90EA020F05D054EAA3
:10A9C400000C04BF1946104630BD91EA030F1EBFA8
:10A9D4000021002030BD5FEA545C05D140004941AC
:10A9E40028BF41F0004130BD14F580043CBF01F59F
:10A9F400801130BD01F0004545F0FE4141F4700185
:10AA04004FF0000030BD7FEA645C1ABF194610465F
:10AA14007FEA655C1CBF0B46024650EA013406BF60
:10AA240052EA033591EA030F41F4002130BD00BF1F
:10AA340090F0000F04BF0021704730B54FF48064DC
:10AA440004F132044FF000054FF0000150E700BF5D
:10AA540090F0000F04BF0021704730B54FF48064BC
:10AA640004F1320410F0004548BF40424FF00001A9
:10AA74003EE700BF42004FEAE2014FEA31014FEAEC
:10AA840002701FBF12F07F4393F07F4F81F060513B
:10AA9400704732F07F4208BF704793F07F4F04BF86
:10AAA40041F40021704730B54FF4607401F0004563
:10AAB40021F000411CE700BF50EA010208BF7047C3
:10AAC40030B54FF000050AE050EA010208BF7047B4
:10AAD40030B511F0004502D5404261EB41014FF41D
:10AAE400806404F132045FEA915C3FF4D8AE4FF025
:10AAF40003025FEADC0C18BF03325FEADC0C18BF08
:10AB0400033202EBDC02C2F1200300FA03FC20FA58
:10AB140002F001FA03FE40EA0E0021FA02F11444A5
:10AB2400BDE600BF024B0146186800F003B800BF41
:10AB3400D81700202DE9F04F01F10B06162E83B033
:10AB4400044624D8102900F2BA8000F0A3FA102693
:10AB540018220220B54F3A44A2F1080153688B42EF
:10AB640000F0BA805A68D96822F003021A449D683A
:10AB7400E9608D60516841F001012046516003F1A4
:10AB8400080500F08DFA284603B0BDE8F08F36F0D2
:10AB9400070600F19480B14200F2918000F07AFA45
:10ABA400B6F5FC7FC0F09A81730A00F08F80042B05
:10ABB40000F26F81B30903F1390003F1380CC300CB
:10ABC4009A4F3B44A3F108055B689D4206D10CE013
:10ABD400002980F22781DB689D4206D05A6822F062
:10ABE4000302911B0F29F3DD60463D69DFF850C273
:10ABF40065457CD06A6822F00302931B0F2B00F397
:10AC04007B81002BC7E904CC80F26C81B2F5007F14
:10AC140080F01A81D308796801334FEA521E012269
:10AC240002FA0EF20A4357F833E0C5F808E007EBDE
:10AC3400C3010839E9607A6047F83350CEF80C5004
:10AC4400831001219940914257D8114206D120F036
:10AC540003004900114200F10400FAD007EBC009D7
:10AC64004D468646D5F80C80454508D11DE1002B9C
:10AC740080F22481D8F80C80454500F01681D8F87C
:10AC8400042022F00302931B0F2BF0DD2046D8E9A9
:10AC9400025408EB060146F00106C8F80460EC60B3
:10ACA400A56043F00104C7E90411C1E902CC4C607A
:10ACB40048F8023000F0F4F908F1080502E00C232A
:10ACC40023600025284603B0BDE8F08F4FF40073DD
:10ACD40040204FF03F0C73E7D3689A4208BF02301C
:10ACE4007FF440AF3D69DFF858C1654582D17A6889
:10ACF4008310012199409142A7D9BD686B6823F064
:10AD040003094E4503D8A9EB06030F2B7ADCDFF8C1
:10AD140034B1474BDBF800201B680132334405EBA8
:10AD2400090A00F0338103F580530F3323F47F685D
:10AD340028F00F084146204600F0D8FD411C024689
:10AD440000F0F380824500F2EE803A4B19684144EA
:10AD54001960084600F04E81DBF8001001930131C0
:10AD64001BBFA2EB0A010918CBF80020196012F0EE
:10AD7400070B00F01781CBF108010A44CBF5805191
:10AD840090440831A1EB0801C1F30B0A5146204657
:10AD9400009200F0ABFD421CDDE9002300F04F817E
:10ADA400801A00EB0A081968BA6048F0010051449F
:10ADB400BD425060196000F02981B9F10F0F40F2D3
:10ADC40027816868A9F10C0C2CF0070C00F0010035
:10ADD40040EA0C0068604FF0050E05EB0C00BCF176
:10ADE4000F0FC0E901EE00F2328150681546124B94
:10ADF4001A688A4238BF1960104B1A688A4238BFF1
:10AE0400196094E0AA1943F0010346F001066E604C
:10AE14002046BA60536000F043F90835284603B071
:10AE2400BDE8F08FD9681A44A1E600BFBC13002026
:10AE340010250020E0240020082500200C250020F7
:10AE4400C4130020C4170020B2F5206F4FEA522328
:10AE540063D3142B00F2B78003F15C01C9005B33A8
:10AE640007EB010E7958AEF1080E8E4500F0918083
:10AE74004B6823F00303934202D989688E45F7D1C6
:10AE8400D1F80CE07A68C5E9021ECEF80850CD600E
:10AE9400D6E6142B59D9542B00F29D80330B03F1C1
:10AEA4006F0003F16E0CC3008AE60EF1010E1EF072
:10AEB400030F05F108057FF4D5AE51E04244454641
:10AEC4005368D8F80C1043F00103536055F8083F59
:10AED4002046D9608B6000F0E3F8F3E6F00806F151
:10AEE400080237E62A442046536843F001035360BE
:10AEF400083500F0D5F8E5E6A919204646F0010624
:10AF040043F001046E60C7E90411C1E902CC4C604E
:10AF1400AB5000F0C5F80835D4E6930903F13901C4
:10AF2400C90038339CE7BD425FD0BD68686820F033
:10AF340003084645A8EB060302D80F2B3FF762AF80
:10AF4400204600F0ADF80025BCE603F15C0003F1F7
:10AF54005B0CC30034E659F808394B4540F0968041
:10AF640010F0030F00F1FF30F5D17B6823EA0103F1
:10AF74007B60490099423FF6C0AE19B9BDE649006D
:10AF84000EF1040E1942FAD0704667E603F1100878
:10AF9400D0E69A104FF001087B6808FA02F21A43CF
:10AFA4007A6070E702EB08014942C1F30B0A51468B
:10AFB4002046009200F09AFC431CDDE900237FF454
:10AFC400EFAEDA46EFE6542B25D8130B03F16F01ED
:10AFD400C9006E3344E7B3F5AA7F25D8F30B03F118
:10AFE400780003F1770CC300EAE5294B1868404464
:10AFF4001860B1E6CAF30B0CBCF1000F7FF4ACAEE1
:10B00400BD68C84448F001006860F0E61546EEE605
:10B014000123536094E7B3F5AA7F23D8D30B03F13C
:10B024007801C90077331BE740F25452934223D886
:10B03400B30C03F17D0003F17C0CC300C0E5ABF15C
:10B04400080BD844A8EB02084FF0000AABE605F160
:10B0540008012046009300F0BDFDBD68009B6868B0
:10B064001968C4E640F254518B420BD8930C03F197
:10B074007D01C9007C33F3E64FF47E737F204FF0EB
:10B084007E0C9DE54FF47E717E23E9E67B6870E7D4
:10B09400E0240020014800F07FBC00BFD824002039
:10B0A400014800F07BBC00BFD82400202DE9F84FF4
:10B0B4001746002900F098800C4607F10B058046DE
:10B0C400FFF7E8FF162D54F8041C5BD810252A4618
:10B0D400AF425CD821F003069642A4F1080962DA73
:10B0E400BC4BD3F808C009EB0600844500F09780F8
:10B0F400D0F804C02CF0010303445B68DB0768D478
:10B104002CF0030C06EB0C03934247DACB0710D464
:10B1140054F8083CA9EB030ADAF8043023F00301DD
:10B124008C44B444944580F211817318934280F2A4
:10B13400E88039464046FFF7FDFC0746E0B154F885
:10B14400043C23F001034B44A0F10802934200F0B5
:10B15400D280321F242A00F2F580132A00F2AC8038
:10B1640003462246116819605168596092689A60D2
:10B174002146404600F02EFD4046FFF791FF384639
:10B18400BDE8F88F25F00705002D2A46A0DA0C2328
:10B19400C8F8003000273846BDE8F88F1E46D0E9CD
:10B1A4000223D3609A60731B0F2B22D8D9F8043082
:10B1B40003F0010333434E44C9F80430736843F089
:10B1C4000103736040462746FFF76AFF3846BDE82F
:10B1D400F88FC907ADD454F8083CA9EB030ADAF890
:10B1E400041021F00301A0E7BDE8F84F1146FFF772
:10B1F400A1BCD9F8042009EB050102F001024E4478
:10B2040043F001032A43C9F804204B60736843F0F8
:10B21400010308317360404600F0DCFCD2E7DCF83F
:10B22400040020F0030B06EB0B0C05F11000844521
:10B234004DDAC9073FF57DAF54F8081CA9EB010AA4
:10B24400DAF8041021F003018B44B34458453FF766
:10B254006CAF5746DAF80C1057F8080F321F242A3F
:10B26400C160886000F2DB80132A40F2D680216836
:10B27400CAF808106168CAF80C101B2A00F2DF80B3
:10B2840008340AF110022168116061685160A168F4
:10B2940091600AEB0501ABEB050242F001029960F3
:10B2A4004A60DAF8043003F001032B434046CAF83D
:10B2B4000430FFF7F5FE6EE72368036063684360BC
:10B2C4001B2A68D804F1080200F108034AE709EBD5
:10B2D40005029A60ACEB050343F00103536054F894
:10B2E400043C03F001032B43404644F8043CFFF7BD
:10B2F400D7FE27464FE750F8043C23F003031E44CF
:10B3040051E75746DAF80C1057F8080F321F242A71
:10B31400C16088604CD8132A48D92168CAF808103B
:10B324006168CAF80C101B2A56D808340AF11002B6
:10B334001E462368136063685360A3689360D14614
:10B344003C4630E7214600F0C5F911E7D0E9021385
:10B354005746CB60996057F8081FDAF80C30CB6079
:10B36400321F242A99602DD8132A29D92368CAF8B0
:10B3740008306368CAF80C301B2A42D808340AF132
:10B38400100322681A6062685A60A2689A6066466E
:10B39400D1463C4607E7A3688360E368C360242A78
:10B3A40026D004F1100200F11003DBE63A46BFE7B1
:10B3B400214638461E46D14600F08CF93C46F2E65A
:10B3C4003B46DEE7214638466646D14600F082F920
:10B3D4003C46E8E6BC130020A168CAF81010E168F6
:10B3E400CAF81410242A20D010340AF118029FE756
:10B3F400236903616169416104F1180200F11803D2
:10B40400B0E6A368CAF81030E368CAF81430242AF6
:10B4140021D010340AF11803B3E73A4633E7214642
:10B42400384600F057F9164B33E72269CAF818205A
:10B434006269CAF81C2018340AF1200278E7A1686E
:10B44400CAF81010E168CAF81410242A0DD0103478
:10B454000AF1180217E72369CAF818306369CAF8B1
:10B464001C3018340AF120038BE72269CAF818202B
:10B474006269CAF81C2018340AF1200203E700BFED
:10B48400BC1300200CB410B51F4B00291C689CB0E1
:10B4940035DB4FF40273ADF81430029006901FAB05
:10B4A40018D001394FF6FF7204910791ADF81620B8
:10B4B40002A91E9A0193204600F0AAFC421C01DA5C
:10B4C4008B232360029B00221A701CB0BDE810403D
:10B4D40002B070474FF6FF7204910791ADF8162041
:10B4E40002A91E9A0193204600F092FC431C01DA43
:10B4F4008B2323601CB0BDE8104002B070478B233F
:10B5040023604FF0FF30F5E7D8170020024A0349C3
:10B51400034800F0BBB800BFCC1700203DC30000B7
:10B52400081100200C4B4168994210B5044601D023
:10B5340002F0CCFDA168094B994202D0204602F0EA
:10B54400C5FDE168064B994204D02046BDE8104091
:10B5540002F0BCBD10BD00BF142500207C250020D6
:10B56400E42500202DE9F8432A4C2B4B2B48DFF827
:10B57400C090DFF8C0802A4F1860002504230822F9
:10B58400294604F15C00274E6566C4E90253C4E908
:10B594000055C4E90455A56100F018F9224B63670E
:10B5A4000822294604F1C400C4E90749C4E909870B
:10B5B400C4E91A55C4E91E55C4F8CC502567C4F82B
:10B5C4008050E66200F002F9184BC4F8DC302946DA
:10B5D40004F16803082204F59670C4F88430C4E9C1
:10B5E4002298C4E92476C4E93455C4E93855C4F82A
:10B5F4003451C4F8D850C4F8E85000F0E7F804F126
:10B60400D003C4E93C98C4E93E76C4F8EC30BDE804
:10B61400F88300BF142500204C2600207D970000ED
:10B62400EDC500000DC60000090001001200020073
:10B6340089C50000ADC5000010B504460A4800F0F5
:10B64400ABF9636B23B9094B094A1B68626323B1E5
:10B65400BDE81040044800F0A1B9FFF783FFBDE83E
:10B664001040014800F09AB9DC2400204C26002048
:10B6740095970000014800F08FB900BFDC2400203A
:10B68400014800F08BB900BFDC2400202DE9F84309
:10B6940080460F4616464FF00009D6E90154013D95
:10B6A40011D4A389012B05F1FF3508D9B4F90E3063
:10B6B4000133214603D04046B84749EA00096B1CD0
:10B6C40004F16804EDD13668002EE6D14846BDE8A1
:10B6D400F88300BF88420DD98B1883420AD900EB46
:10B6E400020CBAB1624613F801CD02F801CD9942B9
:10B6F400F9D170470F2A0ED8034602F1FF3C4AB134
:10B704000CF1010C013B8C4411F8012B03F8012FBF
:10B714006145F9D1704740EA01039B0750D1A2F17A
:10B72400100370B501F1200C23F00F0501F1100E88
:10B7340000F11004AC441B095EF8105C44F8105C82
:10B744005EF80C5C44F80C5C5EF8085C44F8085C39
:10B754005EF8045C44F8045C0EF1100EE64504F156
:10B764001004E9D1013312F00C0F01EB031102F0C4
:10B774000F0400EB031327D0043C24F003064FEA24
:10B78400940C1E441C1F8E465EF8045B44F8045F50
:10B79400B442F9D10CF1010402F0030203EB840377
:10B7A40001EB840102F1FF3C4AB10CF1010C013BB5
:10B7B4008C4411F8012B03F8012F6145F9D170BDB8
:10B7C40002F1FF3C03469BE72246EBE7830730B5D3
:10B7D40048D0541E002A3FD0CAB2034601E0013CBF
:10B7E4003AD303F8012B9D07F9D1032C2DD9CDB2FF
:10B7F40045EA05250F2C45EA054536D9A4F1100282
:10B8040022F00F0C03F1200EE6444FEA121C03F160
:10B81400100242E9045542E9025510327245F8D14A
:10B824000CF1010214F00C0F03EB021204F00F0CE4
:10B8340013D0ACF1040323F003030433134442F89C
:10B84400045B9342FBD10CF003042CB1C9B21C4439
:10B8540003F8011B9C42FBD130BD64461346002C07
:10B86400F4D1F9E703461446BFE71A46A446E0E7D5
:10B8740040EA01039B0730B501D1032A0FD884465F
:10B8840001F1FF3E07E01EF8011F03F8011B541EDF
:10B89400C1B19C4622466346002AF4D130BD0B4612
:10B8A4008446194653F8045BA5F1013424EA0504DF
:10B8B40014F0803FE4D1043A032A4CF8045B19469F
:10B8C400EFD8DDE79444002CE8D003F8011B63456E
:10B8D400FBD130BD014B93F8280170475012002072
:10B8E40013460A460146022000F0E0B838B5074D79
:10B8F4000022044608462A60FCF72EFE431C00D0B2
:10B9040038BD2B68002BFBD0236038BD7C2A002077
:10B9140038B50C46084D8446114620461A46002385
:10B924002B606446FEF786FB431C00D038BD2B68B1
:10B93400002BFBD0236038BD7C2A0020014B186803
:10B94400704700BFD817002070B50D4E0D4D761B03
:10B95400B61006D0002455F8043B01349847A6429B
:10B96400F9D1094E094D761B05F066FAB61006D0DA
:10B97400002455F8043B01349847A642F9D170BD20
:10B98400001C0060001C0060101C0060001C0060B3
:10B99400704700BF704700BF704700BF704700BFCB
:10B9A4000000000000000000000000000000000093
:10B9B4000000000000000000000000000000000083
:10B9C4000000000000000000000000000000000073
:10B9D40090F800F06DE9024520F007016FF0000CCB
:10B9E40010F0070491F820F040F049804FF0000473
:10B9F4006FF00700D1E9002391F840F000F108004E
:10BA040082FA4CF2A4FA8CF283FA4CF3A2FA8CF385
:10BA14004BBBD1E9022382FA4CF200F10800A4FAEC
:10BA24008CF283FA4CF3A2FA8CF3E3B9D1E9042340
:10BA340082FA4CF200F10800A4FA8CF283FA4CF377
:10BA4400A2FA8CF37BB9D1E9062301F1200182FA31
:10BA54004CF200F10800A4FA8CF283FA4CF3A2FA37
:10BA64008CF3002BC6D0002A04BF04301A4612BA45
:10BA7400B2FA82F2FDE8024500EBD2007047D1E948
:10BA8400002304F00305C4F100004FEAC50514F0D7
:10BA9400040F91F840F00CFA05F562EA05021CBFA8
:10BAA40063EA050362464FF00004A9E72DE9F04775
:10BAB400DFF87CA00646DAF8000098460F46914667
:10BAC400FFF76AFF184B1C6824B365681F2D24DC3C
:10BAD4005EB96B1C0235DAF80000636044F8257027
:10BAE400FFF75CFF0020BDE8F08704EB850101232C
:10BAF400C1F88890D4F88821AB401A43022EC4F8C8
:10BB04008821C1F80881E4D1D4F88C211A43C4F8FF
:10BB14008C21DEE7054C1C60D7E7DAF80000FFF75C
:10BB24003DFF4FF0FF30DEE7402300204423002098
:10BB340044120020F8B5244F0C460646FFF7AAFA33
:10BB4400BB685D68C4F57E610F3125F003054B19B0
:10BB540023F47F6323F00F03A3F58054B4F5805FCF
:10BB640007DB00213046FFF7C1FEBB682B44984237
:10BB740004D03046FFF794FA0020F8BD6142304605
:10BB8400FFF7B4FE01300DD0104ABB682D1B45F001
:10BB940001055D60136830461B1B1360FFF780FAD4
:10BBA4000120F8BD00213046FFF7A0FEBA68831AD1
:10BBB4000F2BDEDD43F001035360054B03491B6883
:10BBC400C01A0860D5E700BFBC130020E0240020A1
:10BBD400C4170020002961D0F8B50C460646FFF7CB
:10BBE40059FA54F8042C7B4FA4F1080522F0010102
:10BBF40005EB010CB868DCF80430604523F003035E
:10BC040000F08B80D207CCF8043032D454F8082CDE
:10BC1400AD1A1144AA6807F1080082426AD00CEBFD
:10BC24000304D4F804E0EC68D4601EF0010FA260B1
:10BC340000F0978041F001036B60CCF80010B1F57F
:10BC4400007F35D27868CB080122490901338A4044
:10BC5400024357F833107A6007EBC302083AC5E988
:10BC6400021247F83350CD603046BDE8F840FFF784
:10BC740017BA0CEB03025268D00710D4194407F129
:10BC84000800DCF80830834273D0DCF80C20DA605A
:10BC9400936041F001036B606950D0E7704741F055
:10BCA4000103B1F5007F44F8043CCCF80010C9D37B
:10BCB400B1F5206F4FEA512348D28B0903F13900C3
:10BCC40003F13802C300F818FB580838984259D0D9
:10BCD4005A6822F003028A4202D99B689842F7D13B
:10BCE400D868C5E902308560DD603046BDE8F840BB
:10BCF400FFF7D6B90CEB03025268D20763D40B44A6
:10BD0400DCE90212CA60916043F001026A603046C5
:10BD1400EB50BDE8F840FFF7C3B90B44D10707D493
:10BD240054F8082CAD1A1344D5E90212CA60916084
:10BD340043F001026A60284ABD6012689A4293D8AF
:10BD4400264B30461968FFF7F5FE8DE7142B0AD908
:10BD5400542B1FD80B0B03F16F0003F16E02C300C9
:10BD6400B1E719448DE703F15C0003F15B02C30002
:10BD7400A9E741F00103C7E90455C5E902006B6076
:10BD8400695071E779689210012404FA02F20A43B7
:10BD94007A60A6E7B3F5AA7F06D8CB0B03F1780047
:10BDA40003F17702C3008EE740F25452934206D85F
:10BDB4008B0C03F17D0003F17C02C30083E74FF495
:10BDC4007E737E227FE741F001036B60CCF80010A4
:10BDD4004AE700BFBC130020C8170020102500202C
:10BDE40082B049B15AB16BB113780B601278101E4E
:10BDF40018BF012002B0704701A9002AF3D11046F0
:10BE040002B070476FF00100F4E700BF00000000CB
:10BE14002DE9F04F2DED088BD1B00C460BEE101A26
:10BE240090460893834602F0CBFA036812931846AF
:10BE3400FFF7CEFD20AF1090082200213846FFF70F
:10BE4400C5FCA3891B0603D52369002B00F0558785
:10BE540000239FED838B9FED849BCDE92533CDE9B2
:10BE64001333CDE9153327AA0E93249292461193E6
:10BE740004934446A1467E4BD3F8E450FFF72AFDD1
:10BE84004A4603461CA900975846A847002800F0D4
:10BE9400B080C0F2A6801C9A252A034601D099449A
:10BEA400E9E7B9EB0405064640F0A78000234FF00C
:10BEB400FF328DF867309846069309F1010999F825
:10BEC400003003922B25202609F10109A3F1200259
:10BED4005A2A00F2CF80DFE812F0E802CD00CD004C
:10BEE400E302CD00CD00CD006A00CD00CD000502F7
:10BEF4008402CD001002C902CD00BD025B005B00CC
:10BF04005B005B005B005B005B005B005B00CD00E3
:10BF1400CD00CD00CD00CD00CD00CD005301CD002E
:10BF240083011A02530153015301CD00CD00CD000A
:10BF3400CD001502CD00CD009602CD00CD00CD0080
:10BF4400AB01CD00AA02CD00CD00E306CD00CD00AB
:10BF5400CD00CD00CD00CD00CD00CD005301CD00EE
:10BF64008301DE015301530153017702DE017F0097
:10BF7400CD008902CD005F02E0062F027F00CD00D4
:10BF8400AB017C00B806CD00CD00BD06CD007C0021
:10BF9400A3F13002002119F8013B01EB810102EB0E
:10BFA4004101A3F13002092AF5D906918EE75846DA
:10BFB40002F006FA436815931846FFF709FD169038
:10BFC400584602F0FDF983681393169B002B40F04A
:10BFD4002D8699F8003077E799F8003048F020086A
:10BFE40072E7082200213846FFF7F0FB0123994449
:10BFF40041E7B9EB0405064611D0269B2B44269352
:10C00400259B0133072BCAE9004525931CDC0AF163
:10C01400080A049B2B440493002E7FF447AF269B0D
:10C02400002B41F00B821BEE103AB3F90C3013F0E5
:10C03400400F049B18BF4FF0FF330493049851B092
:10C04400BDEC088BBDE8F08F1BEE101A24AA5846ED
:10C0540003F038FA0028E6D10DF19C0AD9E700BFB5
:10C064000000000000000000FFFFFFFFFFFFEF7F64
:10C07400501200200B93002BD1D00021CDE90C11DC
:10C084008DF8DC3001238DF8671002930791059336
:10C0940003910F9137AC18F00203099302D0029B6D
:10C0A4000233029318F084030A9305D1069B029A83
:10C0B4009D1A002D00F36983269A89B125990DF103
:10C0C400670001310132CAF8000007294FF001006E
:10C0D40026922591CAF8040000F3A2830AF1080A03
:10C0E400099B83B1259B1AA901330232CAF80010B7
:10C0F400072B4FF0020126922593CAF8041000F38F
:10C10400A3830AF1080A0A9B802B00F06C82039B2C
:10C1140005995D1A002D00F3A58218F4807F40F084
:10C124000D82059BCAF804301A44259BCAF80040C6
:10C134000133072B2692259300F31B830AF1080A87
:10C1440018F0040F05D0069B02995C1A002C00F32A
:10C154008883049B069902988142ACBF5B181B1824
:10C164000493002A40F0B08200232593079B1BB15F
:10C1740007995846FFF72EFD0DF19C0A4C4679E6C7
:10C184000B93089B073323F00703B3EC028BB0EE49
:10C19400C87BB4EE497BF1EE10FA089340F3E984CE
:10C1A400B5EEC08BF1EE10FA01F159809DF86710DD
:10C1B400AB4CAC4B28F080080B9A472AC8BF1C46EE
:10C1C4000023CDE90C3303220793029205920393D3
:10C1D4000F9300293FF45FAF029B013302935AE7A8
:10C1E400432B0B9303D018F0100F00F05D85089DCE
:10C1F4000822002122A837ACFFF7E8FA22AB55F851
:10C20400042B2146584602F073F903460133059086
:10C2140001F0EE82059B089523EAE3730293002163
:10C22400CDE90C118DF86710079103910F9132E756
:10C234000B93089B1A4600238DF86730134653F876
:10C24400044B0893002C00F048850B9B532B00F003
:10C25400EC8618F010030C9340F0E786039B5D1CFA
:10C2640001F0E5800C991A46204602F0F1F8079097
:10C27400002801F02883079B1A1B05920C9B03934B
:10C2840022EAE2720F930D93079373239DF86710CC
:10C2940002920B939DE718F0200F0B93089B3DD05F
:10C2A400073323F007031A4611465B6851F8082B3D
:10C2B40008911946002BC0F20C84039B013300F053
:10C2C4009E8228F0800052EA0103029040F0998295
:10C2D400039B002B40F09A8280460023039305932E
:10C2E40050AC06E1089B53F8042B0692002A80F216
:10C2F4001984069A08935242069299F8003048F03D
:10C304000408E1E599F8003048F00808DCE548F055
:10C31400100818F0200F0B93089BC1D118F0100FD0
:10C3240040F00B8418F0400F00F0038433F9042B21
:10C334000893D1170B46BDE7089B48F0020202920E
:10C3440053F8042B089347F63003ADF8683078208F
:10C35400454B1193002102230B900020039C8DF880
:10C364006700601C00F0AD80029820F0800852EA5B
:10C37400010040F0A480002C40F0AE86002BACD12C
:10C38400029B13F00103059300F0D18330238DF851
:10C394003F310DF23F14ACE018F0200F40F0D4838D
:10C3A40018F0100F40F09F8618F0400F40F0978768
:10C3B40018F4007F00F09786089B049953F8042B27
:10C3C400089311704C4655E599F80030682B03BF6B
:10C3D40099F8013048F4007809F1010948F040085F
:10C3E40072E599F800308DF867506DE599F80030E2
:10C3F4006C2B03BF99F8013048F0200809F10109BA
:10C4040048F0100860E50B9348F0100818F020017C
:10C4140000F05183089B073323F00703596853F84E
:10C42400082B089328F480630293002395E70B9369
:10C4340048F010030293029B13F0200100F02983BB
:10C44400089B073323F00703596853F8082B089314
:10C45400012382E799F8003048F0800834E500BFF2
:10C46400840C0020880C0020940C0020494611F80C
:10C47400013B2A2B01F04982A3F13002092A8946A3
:10C4840098BF002101F2448119F8013B01EB8101BD
:10C4940002EB4101A3F13002092AF5D9039115E514
:10C4A40099F8003048F001080EE59DF86730002B3C
:10C4B4007FF48FAD99F800308DF8676004E5CDF80E
:10C4C4000880012B00F09D81022B50AC20D11198E3
:10C4D40002F00F031209C35C04F8013D42EA017241
:10C4E400090952EA0103F3D150AB1B1BDDF80880A4
:10C4F4000593059A03989DF8671082424FF0000354
:10C50400B8BF0246CDE90C33079302920F9360E65D
:10C5140002F00703D20842EA4172C908303352EAF2
:10C524000105204604F8013DF2D1029AD10700F139
:10C534004D8250AB1B1B90460593DAE70B9B652B92
:10C5440040F3D480B5EE408BF1EE10FA40F0C18197
:10C55400259BBA49CAF80010013301320121072B87
:10C5640026922593CAF8041000F351850AF1080AAB
:10C574001B9B0E998B4280F2D082109B12991A4415
:10C58400CAE90013259B26920133072B259300F358
:10C5940097830AF1080A0E9B5C1E002C7FF7D0AD2E
:10C5A400102C259B40F36E851BEE106A102505E0C8
:10C5B4000AF1080A103C102C40F364850133A049A9
:10C5C4001032072BCAE90015CDE92532F0DD24AA83
:10C5D4003146584602F076FF00287ED1DDE9253247
:10C5E4000DF19C0AE6E7069B02995D1A002D7FF780
:10C5F4008EAD102D259B21DD099410261BEE104ACB
:10C6040004E0103D102D0AF1080A16DD01338C49AF
:10C614001032072BCAE90016CDE92532F1DD24AA30
:10C62400214658460DF19C0A02F04CFF002854D1D3
:10C63400103D102DDDE92532E8DC099C8049CAF85B
:10C64400045001332A44072BCDE92532CAF80010DF
:10C6540000F32685039B05995D1A002D0AF1080A4B
:10C664007FF75BAD102D259B1FDD514610261BEE79
:10C6740010AA04E0103D102D01F1080114DD01336E
:10C684006F481032072BC1E90006CDE92532F1DDF0
:10C6940024AA5146584602F015FFF0B9103D102D5A
:10C6A400DDE9253227A9EADC8A4601336449CAF860
:10C6B40004502A44072BCDE92532CAF8001000F3B0
:10C6C400DA810AF1080A28E51BEE101A24AA584652
:10C6D40002F0F8FE00283FF447AD079B002B3FF41F
:10C6E400A2AC07995846FFF775FA9CE40E9B012B00
:10C6F40040F37A81259BCAF80040013301320121BD
:10C70400072B26922593CAF8041000F3F8810AF146
:10C71400080A1099129801330A44072BCAE9000148
:10C72400CDE9253200F3DD810AF1080AB5EE408B2C
:10C73400F1EE10FA00F077810E99013301390134DA
:10C744000A44072BCAF800402593CAF8041026921D
:10C7540000F35B810AF1080A1499CAF80410013342
:10C764000A44072B1EA9CDE92532CAF800107FF729
:10C77400E5AC1BEE101A24AA584602F0A3FE0028CA
:10C78400ABD1269A0DF19C0ADAE4102DDDE92512CD
:10C794002C4E24DD179410231BEE104A084604E0A7
:10C7A400103D102D0AF1080A17DD01301032072858
:10C7B400CAE90063CDE92502F2DD24AA21465846E0
:10C7C4000DF19C0A02F07EFE002886D1103D102D4A
:10C7D400DDE925024FF01003E7DC179C0146013127
:10C7E4002A440729CDE92512CAF80060CAF8045082
:10C7F40000F3BD839DF867100AF1080A5DE4CDF8E3
:10C8040008800A2A71F1000380F045833032012345
:10C81400DDF808808DF83F2105930DF23F1468E69A
:10C824001BEE101A24AA584602F04CFE00287FF48E
:10C8340054AF269A0DF19C0A52E400BFC40C0020A8
:10C84400E4100020C80C00201BEE101A24AA58463D
:10C8540002F038FE00287FF440AF269A0DF19C0ABE
:10C8640051E4102C259BBE4E1FDD1BEE108A1025B3
:10C8740004E0103C102C0AF1080A16DD01331032D2
:10C88400072BCAE90065CDE92532F2DD24AA414629
:10C8940058460DF19C0A02F015FE00287FF41DAFE6
:10C8A400103C102CDDE92532E8DC01332244072B4F
:10C8B400CAE90064CDE925327FF74BAC1BEE101AB0
:10C8C40024AA584602F0FEFD00287FF406AF269AFB
:10C8D4003FE41B99002940F35A830C9E0E9B9E4211
:10C8E400A8BF1E46002E0BDD259B01333244072BC7
:10C8F400CAE900462692259300F389860AF1080ABC
:10C904000C9D002EA8BFAD1B002D00F303820C9BD1
:10C9140018F4806F2344059340F01F821B9B0E99EB
:10C924008B4203DB18F0010F00F0CF8410991298AA
:10C934000A44CAE900012599269201310729259163
:10C9440000F3A5860AF1080A0E996518CC1A059B0E
:10C95400ED1AA542A8BF2546002D0DDDCAF800300A
:10C96400259BCAF8045001332A44072B26922593A9
:10C9740000F3BB860AF1080A002DA8BF641B002C33
:10C984007FF7DEAB102C259B40F37C831BEE106AF3
:10C99400102505E00AF1080A103C102C40F37283BC
:10C9A400013370491032072BCAE90015CDE925324D
:10C9B400F0DD24AA3146584602F084FD00287FF4B5
:10C9C4008CAEDDE925320DF19C0AE5E7302B3FF40E
:10C9D4008BAD3023023804F8013C50AB1B1ADDF850
:10C9E40008800593044684E518F0010F7FF482AEB5
:10C9F400259BCAF80040013301320121072B2692FE
:10CA04002593CAF804107FF7A5AE1BEE101A24AACA
:10CA1400584602F057FD00287FF45FAEDDE9253269
:10CA24000DF19C0A98E60E994C1E002C7FF794AEEB
:10CA3400102C40F361831BEE106A102505E00AF107
:10CA4400080A103C102C40F3578301334549103237
:10CA5400072BCAE90015CDE92532F0DD24AA3146B9
:10CA6400584602F02FFD00287FF437AEDDE9253269
:10CA74000DF19C0AE5E71BEE101A24AA584602F0B1
:10CA840021FD00287FF429AE269A0DF19C0AFFF7B8
:10CA940044BB029B13F0100340F0C180029A12F0D1
:10CAA400400200F07A83089850F8042B0890194645
:10CAB40092B2012351E418F0100355D118F040024A
:10CAC40000F05D83089850F8042B0890194692B240
:10CAD400A8E4524261EB4101CDF808802D200123E6
:10CAE4003CE41BEE101A24AA584602F0EBFC002882
:10CAF4007FF4F3ADDDE925320DF19C0A16E61BEE59
:10CB0400101A24AA584602F0DDFC00287FF4E5AD93
:10CB1400DDE925320DF19C0AFBE518F0010F3FF425
:10CB24000FAB2AE5089399F80030FFF7CDB950AC64
:10CB3400DFE418F4007F40F0DB8353F8042B089300
:10CB4400D1170B46FFF7B6BB089B049853F8041B98
:10CB54000893C217C1E900024C46FFF78BB900BF26
:10CB6400C80C0020E4100020089B53F8042B089301
:10CB740058E4B4EE488BF1EE10FA80F194860B9BE6
:10CB8400612B00F05285412B00F0C085039B0133DB
:10CB94000B9B23F0200500F08084472D04D1039BD8
:10CBA400002B08BF0123039318EE903A002B48F49E
:10CBB40080724646C0F21886B0EE48AB0023904619
:10CBC400099307930B9B413B252B00F29883DFE8E5
:10CBD40013F06F0496039603960368046C0496039B
:10CBE4009603960396039603960396039603960379
:10CBF4009603960396039603960396039603960369
:10CC04009603960396039603960396039603960358
:10CC14009603960396039603960368046C04089B94
:10CC240053F8042B08930123FFF797BB139B002BA6
:10CC34003FF4CFA9139B1B78002B3FF4CAA999F8A2
:10CC4400003048F48068FFF73FB90B93CDF80880B3
:10CC5400FFF7F1BB0B939A4B119318F0200100F0EE
:10CC64000581089B073323F00703596853F8082B01
:10CC7400089318F0010F0AD052EA010307D00B9B66
:10CC84008DF86930302348F002088DF8683028F4B4
:10CC9400806302930223FFF760BB0B93FFF7B6BBDD
:10CCA4000B93884B1193D8E7089B012153F8042B6D
:10CCB40002918DF8DC200893059137ACFFF7AFBAE9
:10CCC4001BEE101A24AA584602F0FCFB00287FF43D
:10CCD40004AD269A0DF19C0A5DE4039B0794062B90
:10CCE400224628BF062303942146CDE90C22764C24
:10CCF400029305930F92FFF76CBA40215846FDF753
:10CD040019FF20602061002800F00F864023636132
:10CD1400FFF79EB8102D259B40F35D8251461026E7
:10CD24001BEE10AA04E00831103D102D40F352828E
:10CD3400013366481032072BC1E90006CDE92532DC
:10CD4400F1DD24AA5146584602F0BCFB00287FF4CA
:10CD5400C4ACDDE9253227A9E6E70E9BCDF8249083
:10CD6400E31803930D9BCDF82880139E059DDDF8F1
:10CD74005890DDF83C800B941BEE101A5046002BA3
:10CD840034D0B8F1000F35D10D9B013B013E0D931A
:10CD9400159BC0E90039259B01334A44072B269291
:10CDA40025936CDC0830039B96F800C05B1B63453D
:10CDB400A8BF6346002B9A460CDD259C01341A4417
:10CDC400072CC0E900532692259400F3778196F846
:10CDD40000C00830BAF1000FACBFACEB0A046446E3
:10CDE400002C0ADC65440D9B002BCAD1B8F1000F5E
:10CDF40000F0AC8308F1FF38CAE7102CDDF894C0CA
:10CE040024DD05954FF0100A63460D4604E0103CFE
:10CE1400102C00F1080016DD01332C491032072BC9
:10CE2400C0E9001ACDE92532F1DD24AA2946584685
:10CE340002F048FB00287FF450AC103C102CDDE9D4
:10CE4400253227A8E8DC2946059D9C460CF1010300
:10CE540022444460072B1D4C0460CDE9253200F3C5
:10CE6400C68396F800C008306544BCE718F0100388
:10CE740000F0C280089B53F8042B0893F9E624AA17
:10CE84005846059102F01EFB00287FF426AC269A32
:10CE9400059927A887E70298CDF81CA050AC00F4A8
:10CEA400806000250AEE10BA094BDDF84CA0CDF8DD
:10CEB4001490A3464FF00508AC46044610E000BFAA
:10CEC400940C0020A80C0020BC0C0020E4100020CE
:10CED400CDCCCCCC0A2A71F1000136D34A46314676
:10CEE400501840F10000A3FB005626F0030505EBA3
:10CEF4009605401B151A4FF0CC3661F1000E06FB67
:10CF040005F6A5FB039503FB0E6609F0010E2E44FE
:10CF1400AEFB085E2D184FEA590930350BF8015C59
:10CF240049EAC6790CF1010C0BF1FF3B7608002CA1
:10CF3400D0D09AF800008445CCD1BCF1FF0FC9D001
:10CF44000A2A71F1000180F08F815C4650AB1B1BF3
:10CF5400DDF81490CDF84CA01AEE10BADDF81CA040
:10CF6400DDF80880CDF838C00593FFF7C2BA1BEE90
:10CF7400101A24AA584602F0A5FA00287FF4ADAB93
:10CF84009DF86710269A0DF19C0AFFF796B8259B29
:10CF9400BE48CAF80000013301320120072B269253
:10CFA4002593CAF8040000F377810AF1080A0029DE
:10CFB40040F0AF800E9908F001030B433FF4C0A882
:10CFC400109B12991A44CAE90013259B2692013337
:10CFD400072B259300F352820AF1080A0E99CAF826
:10CFE400004001330A44072BCDE92532CAF8041066
:10CFF4007FF7A4A8FFF7BDBB18F0400200F0DD8066
:10D00400089850F8042B0890194692B231E61BEEAA
:10D01400101A24AA584602F055FA00287FF45DAB92
:10D02400269A0DF19C0AFFF7A3BA22AE082200212A
:10D0340030461D94FEF7CAFB039B5A1C00F0DB80AC
:10D044000025CDF80890CDF81C809946A8460CE040
:10D0540037A9584601F04CFA431C404400F0C883F9
:10D06400484508DC00F0188480461D9A525933461E
:10D074000435002AECD1CDF81480DDF80890DDF8F1
:10D084001C80C5E001338249CAF804402244072BBE
:10D09400CAF80010CDE925327FF750A8FFF769BB25
:10D0A4001BEE101A24AA584602F00CFA00287FF44A
:10D0B40014AB269A0DF19C0AFFF729B824AA584606
:10D0C400059102F0FFF900287FF407AB96F800C041
:10D0D400269A059927A87DE6012BCDF808807FF4D0
:10D0E400F3A9FFF793BB089B049953F8042B4C4610
:10D0F40011600893FEF7BEBE01336549CAF80440C7
:10D104002244072BCDE92532CAF800107FF722AB61
:10D114007BE4109B12981A44CAE90003259B2692CB
:10D124000133072B259300F3A9810AF1080A00298A
:10D13400BFF654AF4D42103180F20F831BEE101A2C
:10D14400102605E00AF1080A103D102D40F305836E
:10D1540001334F481032072BCAE90006CDE92532C6
:10D16400F0DD24AA5846039102F0ACF900287FF4BC
:10D17400B4AADDE9253203990DF19C0AE4E7089B82
:10D1840018F400711ABF114653F8042B53F8042BFA
:10D19400089318BFD2B2FFF745B9029B13F400718C
:10D1A400089B1ABF114653F8042B53F8042B089319
:10D1B40018BFD2B20123FFF7D0B8089B18F400714E
:10D1C4001ABF114653F8042B53F8042B089318BFC5
:10D1D400D2B24EE58A4601332D49CAF804502A4496
:10D1E400072BCDE92532CAF8001000F339810AF182
:10D1F400080AFFF78CBB0023194600961DAA58465F
:10D2040001F09CF903460133059000F0F1821D946E
:10D21400059B002B4ED0632B00F31881002307934A
:10D2240037AC082200213046FEF7D0FA059D00965F
:10D234002B461DAA2146584601F080F9854240F04C
:10D244007C83059A0023A35422EAE272CDE90C33CD
:10D254009DF86710039302920F93FEF7BABF2D2136
:10D264008DF86710FEF7A4BF169B1599ABEB030B63
:10D274001A465846FEF7FCFA9AF80120054B0AB103
:10D284000AF1010A4FF0000C28E600BFC40C00208C
:10D29400E4100020CDCCCCCC1BEE101A24AA5846A6
:10D2A40002F010F900287FF418AA1B99269A0DF1B0
:10D2B4009C0A7CE6059B9DF867100F93CDE9023329
:10D2C400CDE90C330793FEF784BF0E9905986518D2
:10D2D4002D1ACC1AA542A8BF2546FFF74DBB089BC3
:10D2E400049953F8042B089311804C46FEF7C2BDF1
:10D2F40013F9042B0893D1170B46FEF7DBBF039AEF
:10D30400022122AB01931DAB009358461BABB0EE38
:10D314004A0B029201F04CFA472D029A044600F09F
:10D324006181462D104405D12378302B00F06F82A3
:10D334001B9A1044B5EE40ABF1EE10FA40F0468172
:10D3440003461B1B0E93472D00F01081462D00F061
:10D35400B5811B9B0C930C9B412D03F1FF331B9355
:10D3640000F0E5819DF82C200021002BB8BF0C9B18
:10D374008DF87820BABFC3F101032D222B22092B8B
:10D384008DF8792040F3DA810DF18F05DFF81CC4A4
:10D394002A4610468CFB0321DA17C2EBA10202EBEA
:10D3A4008201A3EB4101303100F8011C19466329C5
:10D3B400134600F1FF32ECDC3033D9B2831E9D42B8
:10D3C40002F8011C40F28B8213460DF17A0201E04F
:10D3D40013F8011B02F8011B9D42F9D10DF19103D1
:10D3E4000DF17A021B1A13441EAA9B1A14930E9B66
:10D3F400149A012B1A44059240F30382059B109A58
:10D404001344059326F48063059A43F4807800233B
:10D41400CDE90C3322EAE2720F930292099B002BAE
:10D4240040F0B1809DF867100393FEF7D2BE20460A
:10D43400FEF7CEFA02460590FEF720BF1BEE101A47
:10D4440024AA584602F03EF8FEF7EDBD591C584692
:10D45400FDF770FB0446002800F0CA810790E0E65F
:10D464001BEE101A24AA584602F02CF800287FF468
:10D4740034A9269A0DF19C0AFFF749BA1BEE101A3B
:10D4840024AA584602F01EF800287FF426A9DDE9F4
:10D4940025321B990DF19C0A49E606230393FFF7F5
:10D4A40083BB039B02215A1C2BE7039A032128E721
:10D4B4001BA8B0EE4A0B01F04FF8B4EE007B20EE4F
:10D4C400070BB5EE400BF1EE10FA01D101231B93CB
:10D4D400B348039BB3EE005B013B224604E0B5EE88
:10D4E400400BF1EE10FA13D020EE050BFDEEC07BDD
:10D4F400B3F1FF3F17EE901A415CB8EEE76B944628
:10D5040030EE460B02F8011B194603F1FF33E6D156
:10D51400B6EE006BB4EEC60BF1EE10FA00F34881E0
:10D52400B4EE460BF1EE10FA04D117EE903ADB0795
:10D5340000F13E81002906DB4B1C1344302102F824
:10D54400011B9342FBD1131B0E93FCE60B9C0E9B19
:10D55400DDF82490DDF828801396E3189D422946CF
:10D5640028BF194682460591FFF7D8B91B9B0C9337
:10D57400DA1C02DB039A93420CDD0B9B023B0B93F8
:10D5840023F02005E7E62D2100238DF8671003938F
:10D59400FEF722BE0C9B0E9A9342C0F2BD80F007A8
:10D5A4000C9B40F13281109A13440593710503D505
:10D5B4000C9B002B00F33581059B23EAE373029354
:10D5C40067230B9300230F930D9327E7229B83423A
:10D5D400BFF4B7AE30215A1C22921970229B984294
:10D5E400F9D8AEE6F30700F1A780229BA9E624AAA6
:10D5F4005846059101F066FF00287FF46EA896F85E
:10D6040000C0269A059927A86544FFF7ECBB1BEEDA
:10D61400101A24AA584601F055FF00287FF45DA88B
:10D62400269A0DF19C0AFFF76BB978238DF86930BF
:10D6340030238DF86830039B632B48F0020600F317
:10D64400A6800023079337AC18EE903A002B48F4D9
:10D6540081782BDBB0EE48AB0B9B23F02005002335
:10D6640009930B9B612B7FF4ADAAB0EE4A0B1BA868
:10D6740000F072FFB4EE007B20EE070BB5EE400B1A
:10D68400F1EE10FA01D101231B93464821E71BEE6A
:10D69400101A24AA584601F015FF00287FF41DA88B
:10D6A4001B9B269A0DF19C0AFFF74EB90B9B23F0A6
:10D6B40020052D230993B1EE48ABD2E71B9A0C92B7
:10D6C400002A06F0010340F30D8103990B4340F057
:10D6D400CF800C9B059366230B93720500F1A38006
:10D6E400059B23EAE37302936CE71BEE101A24AA4A
:10D6F400584601F0E7FE00287EF4EFAF1B9C0E9B1A
:10D70400269A1C1B0DF19C0AFFF736B958238DE7A6
:10D7140000220392FEF7DABB0E9B109A9A180C9B18
:10D724000592002B40F3AB8067230B93D5E70B9A4C
:10D734000F32D2B2012118E6A018FBE5002940F00F
:10D74400A88030228DF87A200DF17B02303302F864
:10D75400013B1EABD31A149349E601331249CAF8AC
:10D7640004502A44072BCDE92532CAF800107FF76C
:10D7740033AC1BEE101A24AA584601F0A3FE00286D
:10D784007EF4ABAFDDE925320DF19C0A26E4591C89
:10D794005846FDF7CFF9044650B3079054E700BF4D
:10D7A400A80C0020940C0020E41000206766666634
:10D7B400CDF888C012F8011C90F80FC061451346DB
:10D7C4000AD14FF0300E03F801EC229B591E22912E
:10D7D40013F8011C8C45F6D0392916BF0131817A22
:10D7E400C9B203F8011CAEE600239046079360E734
:10D7F4001BEE102AB2F90C3043F040039381FEF77C
:10D8040016BCF5077FF5FEADF8E50593CEE6B5EE5B
:10D8140040ABF1EE10FA3FF48BADC2F101021B9262
:10D8240087E567230B9313990B78FF2B79D0002599
:10D834000C9A284603E001300131FF2B08D09342B3
:10D8440006DAD21A4B78002BF5D10B780135F4E7C0
:10D854000C9213910D900F950F9A0D9B16991344EA
:10D86400059A01FB0323059323EAE3730293D5E5A9
:10D87400109BD3181944662305910B932DE7C3F12C
:10D8840001031A4422EAE2730293672305920B937D
:10D8940098E60DF17A0259E7039BDDF80890DDF86C
:10D8A4001C800593B4E418EE903A002BB4BF2D21EC
:10D8B4009DF86710254C264BB8BF8DF8671028F0EB
:10D8C4008008FEF779BC039B0293059373239DF8AC
:10D8D400671003900F900D900B93FEF77ABC022310
:10D8E400149384E5039A134305D10123662202931A
:10D8F4000B92059366E6109B01331A4422EAE27305
:10D904000293662305920B935CE6089A99F801301A
:10D91400894652F8041B089241EAE1710391FEF72B
:10D92400D3BA00230F930D9396E70C23CBF8003062
:10D934004FF0FF330493FEF781BB1BEE102A93894B
:10D9440043F040039381FEF7C8BE00BF8C0C002057
:10D95400900C0020436C70B505460C464BB153F84F
:10D96400240080B1026843F824200023C0E9033373
:10D9740070BD2122042100F04BFE03466864002898
:10D98400EDD1002070BD012101FA04F6721D920050
:10D99400284600F03DFE0028F3D0C0E90146E4E744
:10D9A40031B1436C4A6853F82200086043F82210EE
:10D9B400704700BF2DE9F0410E6980460F461D46B1
:10D9C40001F1140E0020DEF800108CB202FB0453A7
:10D9D400090C4FEA134C02FB01CC01309CB204EB5E
:10D9E4000C4486424EF8044B4FEA1C45EBDC3DB137
:10D9F400BB68B34207DD07EB860301365D613E6118
:10DA04003846BDE8F081796840460131FFF7A2FF4E
:10DA14000446B0B13A69023207F10C0192000C30AD
:10DA2400FAF7B2FAD8F844307A6853F82210396019
:10DA340043F82270274607EB860301365D613E6199
:10DA4400DEE7034B03482246BA2100F0C1FD00BFC4
:10DA5400940A0020A80A0020030C1B04D3B9000474
:10DA6400102310F07F4F04BF0002083310F0704FF2
:10DA740004BF0001043310F0404F04BF80000233A0
:10DA8400002805DB10F0804F03F1010308BF2023B9
:10DA9400184670470023E4E7036813F0070208D030
:10DAA400D9071FD49A0722D55B08036001221046C8
:10DAB400704799B209B91B0C1022D9B209B90832BE
:10DAC4001B0A190704BF1B090432990704BF9B08EA
:10DAD4000232D90703D45B0802F1010205D00360C6
:10DAE400104670470022104670472022DFE79B084B
:10DAF400022203601046704738B5436C04460D4655
:10DB04004BB15868B0B102685A6000220123C0E9E1
:10DB14000435C26038BD2122042100F079FD03469A
:10DB240060640028EDD1094B0948002240F24511F8
:10DB340000F04EFD1C220121204600F069FD002862
:10DB4400F1D001220223C0E90123DEE7940A002078
:10DB5400A80A00202DE9F04F0E691569AE4285B080
:10DB64008846144605DB2A46234635460C461646A7
:10DB74009846A3686168AF19BB42B8BF0131FFF78B
:10DB8400E9FE0190002800F08780019B03F114094D
:10DB940009EB870AD14505D24B46002243F8042BF2
:10DBA4009A45FBD808F1140808EB860B04F114031A
:10DBB400D8451A4603EB85055FD22B1B153B23F092
:10DBC400030304331534A54238BF0423CDE902A767
:10DBD400AC461F46924605E0090C29D1C34509F11C
:10DBE400040948D958F8041B8DB2002DF4D05646C8
:10DBF4004C46002356F8041B22681FFA81FE90B29B
:10DC0400090C05FB0E00120C034405FB012202EB78
:10DC140013429BB243EA0243B44544F8043B4FEA3F
:10DC24001243E7D849F8073058F8041C090CD5D03A
:10DC3400D9F8003050461A464C4600260588120C86
:10DC440001FB052216449BB243EA064344F8043B15
:10DC540050F8045B22682D0C93B201FB053303EBEF
:10DC6400164384454FEA1346E8D8C34549F80730BC
:10DC740009F10409B6D8DDE902A7002F02DC05E0AA
:10DC8400013F03D05AF8043D002BF9D0019B1846FC
:10DC94001F6105B0BDE8F08F034B0448019A4FF4AF
:10DCA400B17100F095FC00BF940A0020A80A00207E
:10DCB40012F003032DE9F0411446064632D10D4615
:10DCC400A41020D0D6F84080B8F1000F33D0E30779
:10DCD4004FF0000707D4641015D0D8F80000A8B19D
:10DCE4008046E307F7D5424629463046FFF732FF20
:10DCF400B5B16968736C641053F821202A6043F845
:10DD040021500546E9D12846BDE8F0814246414606
:10DD14003046FFF71FFFC8F8000007608046E0E7C1
:10DD24000546D8E7013B0F4A52F823200023FFF7AA
:10DD340041FE0546C4E701213046FFF70BFE80464D
:10DD440040B1012340F27122C0E90432002330645F
:10DD54000360BCE7044B0548424640F2451100F01D
:10DD640037FC00BF680F0020940A0020A80A002096
:10DD74002DE9F0470D4614462F69AB68496807EB57
:10DD840062177E1C9E4280464FEA621904DD5B00E6
:10DD94009E4201F10101FADC4046FFF7DBFD8446B7
:10DDA400002852D0B9F1000F00F114020EDD09F180
:10DDB40005014FEA810E134600EB8101002043F870
:10DDC400040B8B42FBD1AEF114031A44296905F10B
:10DDD400140314F01F0E03EB81012ED0CEF12009A1
:10DDE40010464FF0000A1C6804FA0EF444EA0A04D0
:10DDF40040F8044B53F8044B994224FA09FAF2D838
:10DE04004B1B153B23F00303043305F1150081423A
:10DE140038BF0423BAF1000F18BF374642F803A0F5
:10DE2400D8F844306A68CCF8107053F8221029608E
:10DE3400604643F82250BDE8F087043A53F8040BD7
:10DE440042F8040F9942F9D8EAE7034B03486246C3
:10DE54004FF4EF7100F0BCFB940A0020A80A0020E4
:10DE64000B6984460069C01A16D10CF1140C1431E4
:10DE74000CEB830210B401EB830301E0944508D258
:10DE840052F8044D53F8041D8C42F7D005D24FF0DC
:10DE9400FF305DF8044B7047704701205DF8044B78
:10DEA400704700BF2DE9F84F0F691369FF1A002F5F
:10DEB4000E4690467FD101F11405143202EB830221
:10DEC40005EB830301E09D4278D253F8041D52F818
:10DED400044DA142F7D069D37168FFF73BFD814639
:10DEE400002877D03569D8F81020C76008F1140EDF
:10DEF40006F1140009F1140A06F110010EEB820276
:10DF040000EB850756464FF0000C5EF8044B51F8C1
:10DF140004BFA3B21CFA8BFCACEB03034FEA144C12
:10DF2400CCEB1B4C0CEB234C9BB243EA0C437245E9
:10DF340046F8043B4FEA2C4CE7D8A2EB080115390C
:10DF440008F11508424521F0030404F1040438BF24
:10DF54000424204421F0030238BF002287425244A3
:10DF6400544418D92646014651F8043B1CFA83FC54
:10DF74004FEA2C4202EB13421FFA8CFC4CEA024398
:10DF84008F4246F8043B4FEA224CEDD8013F3F1A3A
:10DF940027F00307E21923B952F8043D013D002B91
:10DFA400FAD0C9F810504846BDE8F88F3346012727
:10DFB4004646984690E7F9DB00278DE70021FFF7F6
:10DFC400C9FC814668B101220023C9E904234846FB
:10DFD400BDE8F88F064B07484A4640F2452100F059
:10DFE400F7FA034B03484A4640F2372100F0F0FAAF
:10DFF400940A0020A80A00202DE9F043884683B043
:10E00400012157EC106B1546FFF7A4FC04460028C9
:10E0140051D0C7F30A59C7F31303B9F1000F01D064
:10E0240043F48013002E019318D101A8FFF734FDA7
:10E03400019A6261012200F120032261B9F1000F0B
:10E0440025D0A9F2334909EB03022046C3F1350375
:10E05400C8F800202B6003B0BDE8F0836846009642
:10E06400FFF71AFD034610B3DDE90002C3F12001F6
:10E0740002FA01F10143DA4061610192002AA261CE
:10E0840014BF022201222261B9F1000FD9D1A3F2F7
:10E094003243C8F8003004EB82031869FFF7DCFC54
:10E0A400C0EB421320462B6003B0BDE8F083009A16
:10E0B4006261019AE2E7034B0348224640F20F31C2
:10E0C40000F086FA940A0020A80A002070B50029FE
:10E0D4004BD006460C4610B1436B002B48D0636E00
:10E0E400D80734D5B4F90C30002B3ED02146304645
:10E0F40000F050F8E36A054633B1E16930469847C9
:10E104000028B8BF4FF0FF35A3891A063CD4216B11
:10E1140041B104F14003994202D03046FDF75AFD63
:10E1240000232363616C21B13046FDF753FD0023C6
:10E134006364FDF79FFA636E0022DB07A2811FD59B
:10E14400A06DFDF727FCFDF79BFA284670BDA38957
:10E154009905CBD4A06DFDF71FFCB4F90C30002B4E
:10E16400C4D1656E15F0010505D00025284670BDA3
:10E17400FDF762FAB3E7A06DFDF710FC284670BD09
:10E18400A06DFDF70BFCDBE721693046FDF722FDAE
:10E19400BDE700BFB1F90C202DE9F0410C46110791
:10E1A400804647D4636842F40062002BA2815EDD9E
:10E1B400A56A002D58D00023D8F80060C8F80030B4
:10E1C40093B212F4805256D10123E1694046A84724
:10E1D400431C67D0A389A56A5F0705D56368C01A85
:10E1E400236B0BB1E36BC01AE1690246002340467E
:10E1F400A847411C41D1D8F80030002B3DD01D2B3D
:10E2040001D0162B56D1A3892269226023F400631E
:10E2140000216160A381216BC8F8006021B304F17F
:10E224004003994202D04046FDF7D4FC002020630D
:10E23400BDE8F0812669BEB193B2256826609A07CD
:10E244000CBF63690023AD1BA3600BE02B46324671
:10E25400E169676A4046B847B0F1000CA5EB0C05CC
:10E26400664417DD002DF1DC0020BDE8F081E36B8E
:10E27400002B9DDCF8E7206DAEE7B4F90C30226981
:10E28400226023F40063A3810022DB046260C2D510
:10E294002065C0E7A38943F040034FF0FF30A3811A
:10E2A400BDE8F081D8F80030002B93D01D2B06D0A8
:10E2B400162B04D0A38943F04003A381D5E7C8F803
:10E2C4000060D1E738B50C46054608B1436B03B38B
:10E2D400B4F90C0088B1636EDB0701D481050FD556
:10E2E40028462146FFF756FF636EDA07054602D437
:10E2F400A3899B0508D5284638BD0546284638BD60
:10E30400A06DFDF749FBEBE7A06DFDF747FB284641
:10E3140038BDFDF791F9DBE710B50C46B1F90E10E5
:10E3240000F07AF8002803DB236D0344236510BD55
:10E33400A38923F48053A38110BD00BF2DE9F041CC
:10E344000C46B1F90C101F46CB05054616460BD4F6
:10E3540021F48051A1813B46B4F90E10324628467F
:10E36400BDE8F041FDF7D4BAB4F90E10022300223F
:10E3740000F03CF8B4F90C10EAE700BF10B50C4605
:10E38400B1F90E1000F032F8A389421C0EBF23F439
:10E39400805343F480532065A38110BDB1F90E105E
:10E3A40000F012B849B1FF2A02D80A700120704760
:10E3B4008A2303604FF0FF3070470846704700BF60
:10E3C400004870474013002038B5074D002204462A
:10E3D40008462A60FAF7DCF8431C00D038BD2B68E5
:10E3E400002BFBD0236038BD7C2A002038B50C46B6
:10E3F400084D8446114620461A4600232B60644685
:10E40400FAF7D2F8431C00D038BD2B68002BFBD0A0
:10E41400236038BD7C2A002038B50C46084D84465C
:10E42400114620461A4600232B606446FAF7AEF8DC
:10E43400431C00D038BD2B68002BFBD0236038BDB3
:10E444007C2A002000000000000000000000000002
:10E4540001F0FF01102A2BDB10F0070F08D010F891
:10E46400013B013A8B422DD010F0070F42B3F6D195
:10E47400F0B441EA012141EA014122F007047FF0AE
:10E4840000070023F0E80256083C85EA010586EA05
:10E49400010685FA47F5A3FA87F586FA47F6A5FA41
:10E4A40087F68EB9EED1F0BC01F0FF0102F007024D
:10E4B40032B110F8013B013A83EA010313B1F8D1F8
:10E4C4000020704701387047002D06BF35460338D9
:10E4D400073815F0010F07D1013015F4807F02BF12
:10E4E400013015F4C03F0130F0BC0138704700BF63
:10E4F40070B5054684B05BB11C4669B10E4B284625
:10E50400D3F8E0602346B047431C0FD004B070BD7D
:10E5140000F582740029F1D1074A2346D2F8E0605D
:10E5240028460A4601A9B047431CEFD100228A239A
:10E5340022602B6004B070BD5012002010B582B070
:10E54400049CCDE900344FF0FF3302F06BFB02B0C2
:10E5540010BD00BF0000000030B482B08DED000B90
:10E56400019A194C22F000430021A342016021DCEE
:10E57400009C1C431ED0154C144054B99FED107BD5
:10E5840020EE077B8DED007B019A6FF0350122F0C0
:10E59400004322F0FF42DDE9004522F4E00242F0AC
:10E5A4007F551B1545F40015A3F2FE33CDE9004554
:10E5B4000B4403609DED000B02B030BC704700BFFC
:10E5C4000000000000005043FFFFEF7F0000F07FD9
:10E5D40000B50B4C25681446EE681A4685B0034610
:10E5E4000D464CB107490095CDE901143046064962
:10E5F40000F054FFF9F7DEFF04490C46F3E700BFCF
:10E60400D8170020F4090020040A0020080800207C
:10E6140038B5A1FB02148CBBFCF78CFA0546E0B1BB
:10E6240050F8042C22F00302043A242A17D8132A9F
:10E634001AD91B2AC0E900441DD9242A14BF00F1A9
:10E64400100200F118024FF00003C0E9024404BFB5
:10E6540004614461C2E900339360284638BD214611
:10E66400FDF7B4F8284638BD02460023C2E900335A
:10E674009360284638BD00F10802F6E7FDF75EF91D
:10E684000C2300250360E8E72DE9F04F03690C69CA
:10E69400A34283B0C0F28780013C01F11405A300BA
:10E6A40000F11408009355F8243058F8242001335D
:10E6B40081469A4208EB840005EB84070190B2FB83
:10E6C400F3F63BD34FF0000CAE464046E2466346B9
:10E6D4005EF804BB02681FFA8BFC06FB0C334FEA9E
:10E6E400134C4FEA1B4B06FB0BCC9BB2AAEB030368
:10E6F4001FFA8CFA13FA82F3CAEB124202EB23429A
:10E704009BB243EA0243774540F8043B4FEA224A6E
:10E714004FEA1C43DCD2009B58F8033073B9019BC9
:10E72400043B984504D307E0984504F1FF3403D231
:10E7340053F80429002AF7D0C9F810404846FFF7D7
:10E744008FFB00282BDB01364146002355F8040BD0
:10E75400D1F800C082B29A1A030C12FA8CF2C3EBFD
:10E764001C4303EB224392B242EA0342AF4241F814
:10E77400042B4FEA2343E9D258F8242008EB8403FE
:10E784006AB9043B984504D307E0984504F1FF3483
:10E7940003D253F80429002AF7D0C9F810403046B0
:10E7A40003B0BDE8F08F002003B0BDE8F08F00BFD8
:10E7B4002DE9F04F2DED028B8FB08DED020B019101
:10E7C400816B1A9D059357EC106B0446934641B137
:10E7D400C26B4A60012393408B60FFF7E1F800238A
:10E7E400A363B7F10008B4BF012300232B60BE4B21
:10E7F400BCBF28F00048CDF80C8033EA080300F0D1
:10E804009F809DED028BB5EE408BF1EE10FA11D195
:10E81400059A012313601B9B002B00F03F82B34B2E
:10E824001B9A1360013B009300980FB0BDEC028B60
:10E83400BDE8F08F0CAA0DA92046B0EE480BFFF7F7
:10E84400DBFB5FEA1853054640F09280DDE90C13C8
:10E854000B4403F23242202A40F3FA82C2F140020E
:10E8640008FA02F803F21242D64048EA060207EE1A
:10E87400102AB8EE477B581E17EE906A53EC172BFC
:10E884004FF0010AA6F1F8739FED913B9FED927B47
:10E894009FED935B06EE900A43EC122BB8EEE64B29
:10E8A400B7EE086B32EE466BA6EE037BA4EE057B57
:10E8B400FDEEC76BB5EEC07BF1EE10FA16EE907A62
:10E8C40008D5B8EEE66BB4EE476BF1EE10FA18BF5C
:10E8D40007F1FF37162F00F24581854B03EBC70381
:10E8E40093ED007BB4EEC78BF1EE10FA57D5091AFD
:10E8F4000023B1F1010807F1FF370A9300F13981D0
:10E9040000230693002F52DA069B0497DB1B069321
:10E914007B420893019B092B4FF000074ED8052B2F
:10E9240040F39D82043B01930026019B9A1E032A17
:10E9340000F22581DFE812F0AA03A7039D037E03FA
:10E94400059AC8F3130842F20F7358EA06081360D5
:10E954001ED11B9B002B00F09185664B009308335E
:10E964001B9A009813600FB0BDEC028BBDE8F08FCA
:10E9740018EE906AC6F31306A3F2FF3053EC182B7B
:10E9840046F07F530C994FF0000A43F440137BE7A1
:10E994001B9B002B40F03B83574B009344E7091A21
:10E9A4000023B1F101080A9300F1E38006930023E8
:10E9B4000893019B0497092BB844B0D9002301267E
:10E9C400019307964FF0FF399B460021E163CDF890
:10E9D4002C902046FEF7BEFF0090002800F04085F2
:10E9E400009BA363B9F10E0F00F2DC80002E00F04F
:10E9F400D980049B002B40F3DE833D4A03F00F01D2
:10EA040002EBC10292ED007B1A11DB0540F1828317
:10EA14003A4991ED086B02F00F02032088EE065B81
:10EA24005AB13649D60704D591ED006B013027EE73
:10EA3400067B521001F10801F4D185EE076B0A9BA5
:10EA44003BB1B7EE007BB4EEC76BF1EE10FA00F108
:10EA5400AE8407EE900AB8EEE75BB1EE0C7BA5EE50
:10EA6400067B17EE902A51EC170BA2F15071B9F105
:10EA7400000F00F08883049E4A46079B002B00F099
:10EA84004784B6EE003B1A4BFDEEC64B03EBC20CBB
:10EA9400B8EEE47B36EE477B1CED026B83EE065B3F
:10EAA40041EC160B14EE900A35EE465B0099B4EE79
:10EAB400C75B3030F1EE10FA01F8010B00F3AC84BF
:10EAC400B7EE002BB2EE044B4FF0000C31E000BF68
:10EAD40061436F63A787D23FB3C8608B288AC63F60
:10EAE400FB799F501344D33F0000F07FC50C0020F6
:10EAF400F0030020100C00201C0C0020C803002090
:10EB04000CF1010C94454DDA27EE047B25EE045BF1
:10EB1400FDEEC76B16EE903AB8EEE63B303337EEB7
:10EB2400437BB4EEC57BF1EE10FA01F8013B00F132
:10EB3400738432EE476BB4EEC56BF1EE10FADFD599
:10EB4400009A049602E08A4200F05084894611F843
:10EB5400013D392BF7D00133DBB20B70049B013339
:10EB6400049355E1091A0123B1F101080A937FF5D1
:10EB7400C7AEC1F1010306934FF00008C2E60026B8
:10EB8400E66331462046FEF7E5FE0090002800F0DB
:10EB94006784009BA3634FF0FF330B9399460123D3
:10EBA400B34607930D9A002A55DB04990E2952DCCB
:10EBB400B74BBBF1000F03EBC10393ED006B15DA08
:10EBC400B9F1000F12DC40F0F282B1EE047B26EEC4
:10EBD400077BB4EEC78BF1EE10FACA464E4600F23C
:10EBE4006D82DDF800806FEA0B0B70E288EE067B25
:10EBF400BDEEC77B009917EE103AB9F1010F03F18E
:10EC04003003B8EEC75B01F8013BA5EE468B00F07C
:10EC14003483B2EE044B012311E088EE067BBDEE93
:10EC2400C77B013317EE102A4B4502F13002B8EED0
:10EC3400C75B01F8012BA5EE468B00F01E8328EE7E
:10EC4400048BB5EE408BF1EE10FAE6D1049B013350
:10EC540004938946DCE0079B43B3019B012B40F3FB
:10EC64007682089B09F1FF3A534580F23F82089B64
:10EC7400CDF820A0AAEB030217444FF0000AB9F123
:10EC8400000FC0F22583069B09934B44C8440693A6
:10EC940001212046FEF730FF06460CE07D4B009331
:10ECA40000980FB0BDEC028BBDE8F08F069BDDF839
:10ECB40020A0079E0993099B6BB1B8F1000F0ADDF0
:10ECC400434506991A46A8BF4246891A9B1A0691DB
:10ECD4000993A8EB0208089B63B1079B002B00F083
:10ECE400A782BAF1000F00F30482089BB3EB0A0277
:10ECF40040F0FF8201212046FEF7FEFE002F8246EF
:10ED040000F3AF80019B012B40F38781002308931C
:10ED14000120002F40F0B180404410F01F0000F0AB
:10ED24007A81C0F12002042A00F3888040F0F68141
:10ED3400069B002B05DD29461A462046FFF718F8E6
:10ED44000546B8F1000F05DD514642462046FFF75F
:10ED54000FF882460A9B002B40F03F81B9F1000F67
:10ED640040F32581079B002B40F0A380049B0133D3
:10ED74000493DDF80080012707E0294600230A22D6
:10ED84002046FEF717FE0137054651462846FFF791
:10ED94007BFCB94500F1300008F8010BEDDCB9F15A
:10EDA400000F009ACCBFCB464FF0010B03469344AF
:10EDB40000272946012220460193FEF7D9FF514638
:10EDC4000546FFF74DF8002840F3AF811BF8013CDE
:10EDD400009A0BF1FF3B04E05A4500F0B1811BF8A7
:10EDE400013D392B0BF10109F6D001338BF80030CA
:10EDF40051462046FEF7D4FD56B12FB1B74203D099
:10EE040039462046FEF7CCFD31462046FEF7C8FDC4
:10EE140029462046FEF7C4FD002389F80030DDE9C9
:10EE240004231A601B9B002B3FF4FEAC0098C3F82C
:10EE340000900FB0BDEC028BBDE8F08FC0F11C0058
:10EE4400069B03440693099B0344099380446FE79C
:10EE5400C2F1200206FA02F207EE102A09E50126A1
:10EE640063E501463A462046FEF722FF019B012B4B
:10EE7400824640F3C58100230893DAF810200AEB98
:10EE840082021069FEF7E8FDC0F1200044E700BFEC
:10EE9400F0030020C40C0020314600230A2220463F
:10EEA400FEF788FD0B9B002B064640F3CE820497A9
:10EEB4009946099B002B05DD31461A462046FEF78C
:10EEC40057FF0646089B002B40F0EB81B046029B9F
:10EED400009F03F001027B1E4B440893019B0A929E
:10EEE4001343099351462846FFF7CEFB3146834628
:10EEF4002846FEF7B5FF4246514681462046FEF7B6
:10EF0400D1FFC26801460BF13003002A42D1CDE99A
:10EF140006032846FEF7A4FF069902902046FEF752
:10EF24003FFD029A079B1AB90999002900F07E82D5
:10EF3400B9F1000FC0F28381019949EA01090A99E4
:10EF440051EA090900F07B81002A00F3C681089A7E
:10EF54003B7007F101099742CB4600F0C481294672
:10EF640000230A222046FEF725FD46450546314684
:10EF74004FF000034FF00A02204612D0FEF71AFDAC
:10EF84004146064600230A222046FEF713FD4F465B
:10EF94008046A7E720460293FEF702FD029B01226A
:10EFA400C6E7FEF707FD4F46064680469AE7019BF3
:10EFB400022B71DC079B002B7FF47BAF049B514633
:10EFC400013328460493FFF75FFBDDF800B000F13E
:10EFD40030030BF8013B0027EBE651462846FEF7C9
:10EFE4003FFF0028BFF6BAAE294600230A22204676
:10EFF400FEF7E0FC049B5F1E079B0546002B7FF495
:10F004004BAF0B9B002B40F318829946B1E6BC4BE7
:10F0140000930333A4E41C2012E7DDE90201002875
:10F024007FF474AEC1F31302002A00F0F480029B53
:10F0340008936DE601230793049B5B4403F10109E4
:10F04400B9F1010FCC460B93B8BF4FF0010C00216E
:10F05400BCF1170FE1637FF7BCAC0120042252001E
:10F0640002F114036345014600F10100F7D9E1639D
:10F07400AFE401230793BBF1000F52DDCDF82CB0B0
:10F08400D946DC46E3E700230793D5E7002307933B
:10F09400F1E7DDF82C900497B9F1000F7FF4A1ADEE
:10F0A40051464B4605222046FEF784FC0146824623
:10F0B4002846FEF7D5FE00287FF793AD049B03F1A5
:10F0C400010B009B3122984603F8012B0093514613
:10F0D4002046FEF765FC0BF10103DDF80090049374
:10F0E400CDF80080002E7FF48FAE91E6A3EB0A0AE0
:10F0F400C5E5314652462046FEF7DAFD2A4601466A
:10F1040006462046FEF726FD294605462046FEF71C
:10F1140047FCEAE50220B0EE485B81E4C0F13C0024
:10F124008EE64FF0010BD9464FE403D1019BDB0778
:10F134003FF54CAED9461BF8013D302BFAD057E6CB
:10F14400049B009A013304933123137050E6BAF1FF
:10F15400000F00F0238102F23342069B099313440B
:10F16400DDF820A00693904492E507EE900AB1EEF4
:10F174000C5BB8EEE77BA6EE075B15EE902A51EC2C
:10F18400150BA2F1507141EC150BB1EE047B36EE78
:10F19400477BB4EEC57BF1EE10FA00F33781B1EE94
:10F1A400455BB4EEC57BF1EE10FA7FF5FBAC4FF096
:10F1B400000A564615E500F0F580049B51495A4271
:10F1C40002F00F0001EBC00191ED006B121128EE6B
:10F1D400066B00F04281B0EE467B4B4900260220CC
:10F1E400D30705D591ED005B0130012627EE057BA1
:10F1F400521001F10801F3D1002E06FE076B1EE444
:10F20400029B002B7FF437AEDDE90201C1F3130248
:10F21400002A40F037813D4A0A40002A00F0FA8073
:10F22400069B01330693012308F1010808936FE557
:10F234002946089A2046FEF73BFD05465AE5002A72
:10F2440012DD2946012220460193FEF791FD514625
:10F254000546FEF705FE0028019B40F3E180392BAB
:10F2640000F0CA800BF13103B94609F8013B049B55
:10F274000133374604934646BAE538EE088BB4EEBC
:10F28400C68BF1EE10FA0ADCB4EE468BF1EE10FAFE
:10F294007FF4DCAC17EE103AD8077FF5D7AC009AB0
:10F2A40054E471682046FEF755FB0746002800F039
:10F2B400DE80336902339A0006F10C010C30F8F752
:10F2C40063FE394601222046FEF752FD8046FEE5E4
:10F2D400069BA3EB09030993DAE4392B00F08C8035
:10F2E400B9460133C1E7049A0132374604924646CF
:10F2F4005FE529462046FEF7DBFC0546FAE400BF3D
:10F304001C0C0020F0030020C80300200000F07F44
:10F314005E4BFDEEC65B03EBC20C1CED023BB8EE8C
:10F32400E57B36EE477B41EC160B15EE901A23EE87
:10F33400063B00983031012A00F8011B00F083805D
:10F34400B2EE044B009B991827EE047BFDEEC76BCD
:10F3540016EE903A303300F8013B8142B8EEE65B9A
:10F3640037EE457BF0D1B6EE006B33EE065BB4EEC0
:10F37400C75BF1EE10FA3FF5E3AB36EE436BB4EE48
:10F38400C76BF1EE10FA7FF70DAC8946013919F815
:10F39400013C302BF9D0731C049339E50C9AC2F16B
:10F3A4003602DAE60220B0EE486BFFF748BBB9F14B
:10F3B400000F3FF4DAAE0B9A002A7FF7F3ABB2EEFC
:10F3C400044B26EE046B013007EE900A049BB8EE62
:10F3D400E75BB1EE0C7BA6EE057B17EE90CA51EC11
:10F3E400170B5E1EACF15071FFF747BB049B013352
:10F3F40004933123FFF7B1BB049BBB460133049351
:10F40400392337460BF8013B4646E1E44FF0000A46
:10F41400564653E608927BE4731C04938946F7E44A
:10F424007FF422AFDA077FF51FAF18E7392BE3D05B
:10F43400B9F1000F3FF716AF16E7019B022B3FF718
:10F4440028AE0497BAE501468DE7019B022B3FF7EE
:10F4540020AEDDF82C9004972BE50220FFF7EFBADD
:10F464000B4B0C48002240F2AF11FFF7B1F8084BE8
:10F4740008483A4640F2EF21FFF7AAF8064B0093FA
:10F48400FFF7D2B9029B0893F7E400BFF003002012
:10F49400940A0020200C0020100C00200EB410B59B
:10F4A40083B005AB064C53F8042B01930146206846
:10F4B40000F0C4F803B0BDE8104003B0704700BFCB
:10F4C400D81700202DE9F04F9368176883B092464F
:10F4D400002B70D081468A6808680C46083743E0E0
:10F4E400A38913F4906F2ED0D4E90416A0EB01087D
:10F4F40006EB460606EBD67608F1010076102844A2
:10F50400B042324684BF064632465B0537D51146C3
:10F514004846FBF70FFB019000283AD04246216988
:10F52400F8F732FDA289019B22F4906242F0800236
:10F53400A281A6EB080203EB08006661A2602361C6
:10F5440020602E46A84642465946FCF7C3F8DAF82E
:10F554000830A2682068921B40445B1BA2602060B4
:10F56400CAF808303BB3083757E902B5002DFAD082
:10F57400AA4216469046B3D92E46A846E3E7484623
:10F58400FBF794FD03460028D3D121694846FCF7D4
:10F5940021FBA3890C2243F04003C9F800204FF05B
:10F5A400FF30A38100220023CAF80820CAF80430DF
:10F5B40003B0BDE8F08F00200023CAF8043003B084
:10F5C400BDE8F08F2DE9F84F4B6E9C0490462DD585
:10F5D4009368126843B38B46064602F1080959E959
:10F5E400025A5FEA9A0715D0043D002401E0A742BD
:10F5F4000ED055F8041F5A46304601F05BFA431CFE
:10F6040004F10104F3D10023C8E90133BDE8F88F04
:10F61400D8F808302AF0030AA3EB0A03C8F8083024
:10F6240009F10809002BDAD10020ECE701F00CF80D
:10F634000023C8E90133BDE8F88F00BF2DE9F04F7E
:10F644002DED028BC5B00DF1500A834608EE101A59
:10F6540016460021082250461C460793FCF7B6F8CC
:10F66400BBF1000F04D0DBF83430002B00F0A0868F
:10F6740018EE102A536EDB0740F11385B2F90C1013
:10F684008AB295040BD418EE103A41F400519981D2
:10F694005B6E8AB218EE101A23F400534B661007FF
:10F6A40040F1058118EE103A1B69002B00F0FF8031
:10F6B40002F01A030A2B00F00A810023CDE9193362
:10F6C400CDE90D331BAA0C93189291460B93059325
:10F6D400B0464446A84BD3F8E450FCF7FBF8224666
:10F6E400034612A9CDF800A05846A847002800F008
:10F6F4004581C0F23981129A252A034601D01C445F
:10F70400E8E7B4EB0806054640F03C810023617845
:10F714008DF8433004F1010806934FF0FF371E467D
:10F724002B2408F10108A1F120035A2B00F278815F
:10F73400DFE813F0B50276017601B00276017601B6
:10F7440076016A00760176017D028D0276018802D7
:10F754009702760192025B005B005B005B005B003A
:10F764005B005B005B005B0076017601760176014D
:10F77400760176017601760176015C0284007601D9
:10F7840076017601760176017601760176017601BD
:10F794007601E80076017601760133027601DA0219
:10F7A400760176018B057601760176017601760184
:10F7B400760176017601760176015C028600760197
:10F7C40076017601CD0286007F007601C0027601C3
:10F7D400FD02EA00ED027F00760133027C00690538
:10F7E400760176016B0576017C00A1F130030022DD
:10F7F40018F8011B02EB820203EB4202A1F1300371
:10F80400092BF5D906928EE75846FEF7D9FD4368D1
:10F814000D931846FCF7DCF80E9005465846FEF7A3
:10F82400CFFD83680B93002D40F0D68498F8001028
:10F8340077E798F8001046F0200672E746F01006C5
:10F84400B40640F18E81079B073323F007031A4661
:10F85400596852F8083B07920A460029C0F270849E
:10F86400791C00F0A28526F08001039153EA02017D
:10F8740000F03F840A2B72F1000180F0418530339F
:10F884008DF80F31039E012304930DF20F14049B92
:10F89400BB42B8BF3B460393002308939DF8433013
:10F8A400002B00F0CB80039B01330393C6E018EEDA
:10F8B400101A584618EE105A01F040F8002840F08B
:10F8C4005286AA8902F01A030A2B7FF4F6AE18EEC8
:10F8D400101AB1F90E30002BFFF6EFAE4B6EDB07BA
:10F8E40002D4970540F1128618EE101A23463246C8
:10F8F400584600F069FE0590059845B0BDEC028BB2
:10F90400BDE8F08F46F0100616F0200200F03681B4
:10F91400079B073323F0070319465A6851F8083B3D
:10F92400079126F480610391002100208DF84300A3
:10F93400781C00F01082039820F0800653EA02003D
:10F9440040F00882002F40F03885002940F0D5832C
:10F95400039B13F00103049300F0118430238DF80A
:10F964000F310DF20F1492E7082200215046FBF7E5
:10F974002DFF01231C44ADE650120020B4EB080611
:10F9840005461BD0199B1A9A01333244072BC9E947
:10F9940000861A9219931CDD002A00F0A68318EE43
:10F9A400101A18AA5846FFF70DFE20BB0DF16C097A
:10F9B400059B33440593002D7FF4A8AE1A9B002BBE
:10F9C40040F0C18518EE103A0022B3F90C301992B8
:10F9D40015E009F10809EBE718EE101A18AA5846C1
:10F9E400FFF7F0FD002800F0A680089B1BB10899E2
:10F9F4005846FCF7EFF818EE103AB3F90C3018EE4D
:10FA0400102A526E12F0010F9AB200F0A080500634
:10FA140000F1B285059845B0BDEC028BBDE8F08FCE
:10FA24000029CBD000238DF843300123CDE90333E3
:10FA34008DF8AC102BAC002308931F4616F002037C
:10FA4400099302D0039B0233039316F084030A93B1
:10FA540005D1069B039A9D1A002D00F37B82DDE9F4
:10FA64001903411C9DF8432082B101220133C9F8D6
:10FA7400042007290DF14302CDE91913C9F8002028
:10FA840000F34A82084609F108090131099AE2B1F2
:10FA940011AA0233C9F8002007294FF00202CDE968
:10FAA4001913C9F8042040F35082002B00F043835B
:10FAB40018EE101A18AA5846FFF784FD002894D1AE
:10FAC400DDE919030DF16C09411C0A9A802A00F042
:10FAD4008481049ABD1A002D00F3D781049AC9F8D1
:10FAE400004013440729CDE91913C9F8042040F351
:10FAF4006E81002B00F0758218EE101A18AA584671
:10FB0400FFF760FD00287FF470AF1A9B0DF16C09BC
:10FB1400750705D5069A0399541A002C00F36B82D5
:10FB2400DDE9052103988142ACBF521812180592F1
:10FB3400002B7FF451AF089900231993002900F09A
:10FB440049815846FCF746F80DF16C09C1E59C055E
:10FB54003FF55DAF18EE104AA06DFBF71FFFA289B9
:10FB640055E7F006079A00F11F83710640F11983E7
:10FB740032F9043B0792DA1711466EE616F01003C9
:10FB8400079940F0098316F0400000F001831A46FB
:10FB940051F8043B07919BB2C3E6079B1A46002326
:10FBA4008DF84330134653F8044B0393002C00F0B4
:10FBB4001284532900F0658316F0100540F0618328
:10FBC4007B1C00F0B3843A4629462046FEF740FCED
:10FBD4000890002800F09F84031B039A049323EAEF
:10FBE400E3732F4607920393089557E6432902D0FF
:10FBF400F50640F12D83079D0822002116A82BACA1
:10FC0400FBF7E4FD16AB55F8042B21465846FEF7E6
:10FC14006FFC03460133049000F0B384049B079502
:10FC240023EAE373039300238DF8433003E7079B30
:10FC340053F8042B0692002A80F29C82069A5242C0
:10FC4400CDE9062398F8001046F0040669E598F813
:10FC540000108DF8434064E598F8001046F08006E3
:10FC64005FE5424612F8011B2A2900F09684A1F1AF
:10FC74003003092B90464FF000073FF654AD18F8B7
:10FC8400011B07EB870703EB4707A1F13003092B9F
:10FC9400F5D948E598F8001046F0010641E59DF8CD
:10FCA4004330002B7FF4C2AD202398F800108DF868
:10FCB400433036E598F800106C2903BF98F801101A
:10FCC40046F0200608F1010846F0100629E598F8E8
:10FCD4000010682903BF98F8011046F4007608F173
:10FCE400010846F040061CE546F010030393039B0D
:10FCF40013F0200200F00682079B073323F007036A
:10FD040019465A6851F8083B079101210DE6079AF4
:10FD140046F00203039352F8043B079247F630027D
:10FD2400ADF84420B84A0C9202210022FDE5B70642
:10FD340000F14882F50600F14683740600F1D5838C
:10FD4400B00540F14083079B059953F8042B0793B2
:10FD54001170BEE4039601293FF48CAD022944AC32
:10FD640011D10C9803F00F011B09415C04F8011D2B
:10FD740043EA0273120953EA0201F3D1039E44AB2E
:10FD84001B1B049383E503F00701DB0843EA42737A
:10FD9400D208303153EA0205204604F8011DF2D19D
:10FDA400039EF307EBD53029E8D03023023804F85A
:10FDB400013C44AB1B1A039E0493044667E5049B71
:10FDC4001B9401221C931A9319920DF16C0909F1E9
:10FDD40008099DE60DF16C097BE4069A039D551B09
:10FDE400002D7FF776AE102D40F3BB83099418EEF7
:10FDF400104A07E000F1020C09F108091046103D11
:10FE0400102D1EDD8149C9F80010421C1033102149
:10FE1400072ACDE91923C9F80410EBDD18AA002B31
:10FE240074D0214658460DF16C09FFF7CBFB00282E
:10FE34007FF4DBADDDE91903103D102D00F1010C59
:10FE4400E0DC099C714AC9F804502B44BCF1070F4B
:10FE5400CDE919C3C9F8002040F39481002B00F0C8
:10FE64001F8318EE101A18AA5846FFF7ABFB002898
:10FE74007FF4BBAD049ADDE91903BD1A002D00F12E
:10FE840001010DF16C097FF729AE102D29DD0994CC
:10FE9400102718EE104A07E000F1020C09F10809D6
:10FEA4001046103D102D1ADD421C58491033072A04
:10FEB400C9E90017CDE91923EEDD18AA03B32146D9
:10FEC40058460DF16C09FFF77DFB00287FF48DADDA
:10FED400DDE91903103D102D00F1010CE4DC099C4F
:10FEE40061464A4AC9F804502B440729CDE919133D
:10FEF400C9F8002000F3E78009F108090131EDE5B4
:10FF04004FF0010C18460DF16C09CAE74FF0010CD3
:10FF140018460DF16C0972E7002B00F0048118EE0D
:10FF2400101A18AA5846FFF74DFB00287FF45DAD60
:10FF3400DDE919030DF16C09411CA7E5022311AA9F
:10FF44001C931B9201210DF16C09084609F1080963
:10FF5400411CBAE5102D40F3E582DDE919130F9435
:10FF6400084618EE104A07E000F1020C09F10809EE
:10FF74001046103D102D1DDD2549C9F80010421C06
:10FF840010331021072ACDE91923C9F80410EBDD39
:10FF940018AA03B3214658460DF16C09FFF712FB6A
:10FFA40000287FF422ADDDE91903103D102D00F186
:10FFB400010CE1DC0F9C6046154AC9F804502B443F
:10FFC4000728CDE91903C9F8002000F3C18009F11D
:10FFD4000809411C46E518464FF0010C0DF16C0967
:10FFE400C7E77607199353D5069A0399541A002C38
:0CFFF4004EDD0DF16C09102C40F3B082C2
:02000004600199
:10000000199918EE106A10250DE000BF940C00201D
:10001000F4100020D80C0020881C09F108091146B2
:10002000103C102C1ADD4A1CB3481033072AC9E9CA
:100030000005CDE91923EFDD18AA33B33146584640
:10004000FFF7C2FA00287FF4D2ACDDE91913103CA7
:10005000102C01F101000DF16C09E4DCA64AC9F88D
:10006000044023440728CDE91903C9F800207FF78D
:1000700059AD7BB118EE101A18AA5846FFF7A4FA2A
:1000800000287FF4B4AC1A9B4CE5012019460DF111
:100090006C09C5E7DDE9053203998A42ACBF9B18BC
:1000A0005B18059349E5B2F90C108F0518EE103A6C
:1000B0008AB23FF5E8AA18EE105A986DFBF76EFC6D
:1000C000B5F90C108AB2FFF7DEBA002B3FF479AE17
:1000D00018EE101A18AA5846FFF776FA00287FF48F
:1000E00086AC19991A9B01310DF16C09F8E419924B
:1000F0000DF16C095EE4002F7FF4C3AB039E002773
:10010000049744ACFFF7C5BB039B13F0100354D115
:10011000039A12F0400000F06B8107991A4651F8DB
:10012000043B07919BB2012101E4099A002A64D1A2
:10013000184601210DF16C09C9E4012118460DF1A1
:100140006C09C4E45B4262EB420203962D2001215C
:10015000FFF7EEBB002B00F0888018EE101A18AAEB
:100160005846FFF731FA00287FF441ACDDE9190366
:100170000DF16C09411C77E498F800100793FFF724
:10018000D2BA44ACFFF785BB09F108090CF10101B3
:100190006046A0E416F4007240F0978151F8043BE9
:1001A0000791FFF7C0BBB30500F1888152F8043B0B
:1001B0000792DA171146FFF752BB079951F8043B33
:1001C00007910121FFF7B3BB079B059853F8041B68
:1001D0000793C217C1E90002FFF77DBA0B9B002B02
:1001E0003FF426AB0B9B1B78002B3FF421AB98F818
:1001F000001046F48066FFF796BA022311AA1C93FA
:100200001B9201200DF16C09A2E6039671E53B4BB0
:100210000C9316F0200259D0079B073323F00703F5
:1002200018465A6850F8083B0790F40709D553EA76
:10023000020006D08DF84510302146F002068DF8F8
:10024000441026F4806103910221FFF770BB2C4B10
:100250000C93DEE7079B012153F8042B03918DF8E3
:10026000AC20079304912BACDFE49DF84320002AD7
:1002700040F03281099A002A7FF462AE18460121CB
:100280000DF16C0927E40021082216A81394FBF74E
:100290009FFA791C00F0BC80002507942C460CE0E6
:1002A0002BA95846FEF726F9421C204400F06B812A
:1002B000B84208DC00F070810446139A525916AB1C
:1002C0000435002AECD10494079CAFE016F010032B
:1002D00007980CD116F0400405D01A4650F8043B9C
:1002E00007909BB2A1E716F4007240F0E18050F84D
:1002F000043B079099E700BFD80C0020940C002025
:10030000A80C00200399049744AC9E4608EE90BACE
:1003100001F480664FF0000C234606E0BEF10A0FA0
:1003200072F1000239D3A6462A46A6491EEB020006
:1003300040F100000F46A1FB001424F0030101EB83
:100340009401401ABEEB00014FF0CC3562F100047D
:1003500005FB01F507FB0455A1FB07410D440527EB
:1003600004F00101A1FB071B09186408303103F8F0
:10037000011C44EAC5740CF1010C013B6D08002E10
:10038000CCD00B9909786145C8D1BCF1FF0FC5D01D
:10039000BEF10A0F72F100026CD21C4644AB1B1B6B
:1003A000049F039E049318EE90BAFFF772BA039667
:1003B000FFF762BA5846FBF741F9FFF75BB901292D
:1003C00003967FF4CDACFFF75CBA079B059953F811
:1003D000042B11600793FFF77EB9062F3B46039A63
:1003E000794C079228BF062304930393FFF725BB9C
:1003F000039B079913F4007214BF51F8043B51F8A2
:10040000043B07911CBF0246DBB20121FFF78FBA04
:1004100016AB00930023194613AA5846FEF790F82E
:1004200003460133049000F0AE801394049B002B2C
:1004300030D0632B63DC002308932BAC082200210F
:1004400016A8FBF7C5F9049D16AB009313AA2B461B
:1004500021465846FEF774F8854240F0AB80039B76
:10046000049A07930023A3541F4622EAE2730393DE
:10047000FFF716BA0E9A0D999B1A18460893FBF7C8
:10048000F9F90B99089B4A780AB101310B914FF0A9
:10049000000C48E7039B0793049B03931F460893B4
:1004A000FFF7FEB9012118460DF16C09FFF713BBE8
:1004B00050F8043B07902246DBB2B6E612F9043B43
:1004C0000792DA171146FFF7CAB951F8043B0791B2
:1004D0000246DBB2FFF727BA01231C9301210DF17D
:1004E00043031B930DF16C090B46FFF7CDBA079B35
:1004F000059953F8042B07931180FFF7ECB8591CAA
:100500005846FAF719FB044600283CD0089095E7B6
:10051000886DFBF745FAFFF7E9B9039B0793CDE92F
:100520000377089FFFF7BCB919981A9B013045E57E
:10053000039B07932046FBF74DFA20EAE0732F4612
:10054000049003930895FFF7ABB918EE101A18AA98
:100550005846FFF739F800283FF436AAFFF74DBA9E
:10056000199801307AE58C466EE46B6ED90705D494
:10057000AB899A0502D4A86DFBF712FA4FF0FF334E
:100580000593FFF749BA18EE102AB2F90C3043F080
:1005900040039381FFF735BA079C049746E7079B12
:1005A00098F8011053F8047B0793904647EAE777E1
:1005B000FFF7B9B818EE102A938943F040039381EE
:1005C000FFF715BACDCCCCCCBC0C002070B50C46D6
:1005D0008989ADF58E6D21F00201ADF81410616EC0
:1005E0001B91E189ADF81610E1690991616A0B91DF
:1005F0001CA9029106914FF480610646049107916F
:1006000018A80021CDE900320891FBF7C3F9DDE914
:10061000003202A93046FFF713F8051E07DB02A9D6
:100620003046FDF751FE002818BF4FF0FF35BDF8EA
:1006300014305B0603D5A38943F04003A3811898C7
:10064000FBF7AAF928460DF58E6D70BD9368002B57
:1006500000F085802DE9F04FB1F90C300C461907F8
:10066000804683B0174698B225D523691BB310F096
:1006700002033D682DD04FF0000ADFF8C0B25646A5
:10068000B9465E453346524628BF5B464046002E7B
:1006900052D0E169676AB847002856DDD9F80830BA
:1006A0001B1A8244361AC9F80830002BE9D1002001
:1006B00003B0BDE8F08F2146404600F041F9002824
:1006C00040F03881B4F90C303D6898B210F0020364
:1006D000D1D110F0010944D14E46009746B38205AE
:1006E000D4F808B040F18580B3455A4600F2B48092
:1006F00010F4906F40F0C180206801924946FAF7EB
:10070000EBFFA368019AA3EB0B012368A1601344DC
:10071000B24623600026009A9368A3EB0A03D144F3
:100720009360002BC3D0B4F90C0080B2002ED6D158
:10073000D5E900960835D1E7D5E900A60835A0E748
:1007400021464046FDF7C0FD88B3B4F90C3043F0B4
:1007500040034FF0FF30A38103B0BDE8F08F0020CD
:1007600070471E46BA469946184600951F4666B31E
:10077000002832D04A46D4E904132068A568B24262
:1007800028BF3246884204D905EB030B5A4500F3D3
:10079000A780934264DCE169656A3A464046A8470F
:1007A000B0F1000BD1DDB9EB0B09C9D00120DAF8AB
:1007B0000830A3EB0B035F44A6EB0B06CAF8083026
:1007C000002B3FF474AF002ED2D1009A5668134626
:1007D00008320092002EF8D01F6832460A213846AF
:1007E000FDF738FE002800F09C800130A0EB0709DF
:1007F000C0E720682369984216D86269B24213D8CC
:100800006FF00043B34228BF3346E16993FBF2F334
:10081000676A02FB03F340464A46B847B0F1000A54
:1008200093DDA6EB0A0676E7B345DA4628BFB24663
:1008300052464946FAF750FFA3682268A3EB0A0321
:100840005244A3602260002BEBD121464046FDF7C5
:100850003BFD0028E5D078E72068B34632464CE7F8
:1008600039460192FAF738FF019AA3689B1AA360F0
:10087000236813442360934695E723682169A3EB1B
:10088000010B636903EB430A0AEBDA7A0BF101030C
:100890004FEA6A0A33445345524684BF9A46524649
:1008A00043052CD511464046FAF746F900283BD0BF
:1008B0005A4621690190F7F769FBA289019B22F44E
:1008C000906242F08002A28103EB0B002361AAEB4D
:1008D0000B03C4F814A0A3602060B34632460CE7B3
:1008E00039465A46FAF7F8FE23685B4423602146EE
:1008F0004046FDF7E9FC00283FF455AF25E74046A8
:10090000FAF7D6FB03460028DED121694046FBF703
:1009100063F9B4F90C300C2223F08003C8F80020EE
:1009200015E7721C914626E70C22B4F90C30C8F882
:1009300000200CE74FF0FF30BAE600BF00FCFF7F5D
:1009400038B5314B1B6805460C4613B15A6B002A6B
:100950004ED0B4F90C3018079AB21CD5216929B3CE
:1009600012F0010007D00020A06060694042A06141
:1009700039B1002038BD950758BF6069A0600029D3
:10098000F7D1120658BF0846F4D543F04003A381BF
:100990004FF0FF3038BDD1062ED5520714D421694F
:1009A00043F00803A3819AB20029D9D102F4207040
:1009B000B0F5007FD4D02146284600F047F9B4F9BD
:1009C0000C3021699AB2CBE7216B51B104F140029E
:1009D000914204D02846FBF7FFF8B4F90C3000220E
:1009E000226321690022C4E9001223F02403D7E71F
:1009F0001846FAF723FEACE7092243F040032A60C9
:100A00004FF0FF30A38138BDD81700202DE9F04703
:100A100082B0824688461446FAF75EFF012803D169
:100A200008F1FF33FE2B36D90DF10409424604F1DB
:100A30005C0349465046FDF75DFD421C064632D038
:100A400020B39DF804C0002509E023685A1C2260E9
:100A500083F800C00135B54218D219F801CFA36858
:100A6000013B002BA360F0DAA769BB426146224636
:100A7000504602DBBCF10A0FE7D100F053F9431CEA
:100A8000E8D10646304602B0BDE8F087464630461B
:100A900002B0BDE8F0875FFA88FC8DF804C0064616
:100AA0000DF10409CFE7A389304643F04003A38149
:100AB00002B0BDE8F08700BF30B5536E13F0010FF0
:100AC000B2F90C30144683B005469AB201D19805AC
:100AD0001CD5900406D4626E43F4005342F40052D5
:100AE000A381626622462846FFF790FF636EDA070D
:100AF000054602D4A3899B0502D5284603B030BD24
:100B0000A06DFAF74DFF284603B030BDA06D0191EE
:100B1000FAF744FFB4F90C3001999AB2D9E700BF53
:100B20002DE9F04F8BB0DDE9158A149F03918146C2
:100B300005921E46B8F1000F5CD0039B002B5ED0DF
:100B4000059B1D68002F6AD0741E4EB3039B04934F
:100B5000043D002601950BE0039B2BBB019B1A680B
:100B6000002A3AD0BC455CD2013C631C664617D0D3
:100B7000D8F800300293019BDAF8E05053F8042FC4
:100B8000019307A943464846D8F804B0A847421C39
:100B90003AD000EB060CBC45DED9029BC8E9003B0D
:100BA00030460BB0BDE8F08F00280EDD049B019DA0
:100BB00018445A1E07A900F1FF3E11F8013B02F844
:100BC000013F7245F9D101950490059B1A680432E2
:100BD0001A60019B1A68002AC4D1039B0BB1059BC4
:100BE0001A600CF1FF3600223046C8F800200BB026
:100BF000BDE8F08F039B00F58678002BA0D1059B04
:100C00004FF0FF371D689FE706468A2100223046D5
:100C1000C9F80010C8F800200BB0BDE8F08F3E46C0
:100C2000BEE76646BCE700BF10B584B0054C069829
:100C3000009007980190044800680294FFF770FF45
:100C400004B010BD50120020D81700202DE9F0414B
:100C50008B890C46990796B008D504F1430301220D
:100C6000C4E90432236016B0BDE8F081B4F90E1077
:100C70000029064625DB6A4600F0ACF800281FDB99
:100C8000019D05F47045A5F50055B5FA85F54FF4BD
:100C900080686D094FF4006741463046F9F74CFF14
:100CA000E0B1B4F90C30C4F8148043F08003206044
:100CB0002061A38135BB3B43A38116B0BDE8F08121
:100CC000A38913F0800519D04FF040080025414654
:100CD00030462F46F9F730FF0028E2D1B4F90C3046
:100CE0009A05C0D423F0030304F1430243F0020346
:100CF0000121C4E90421A3812260B4E74FF4806894
:100D00002F46C9E7B4F90E10304600F079F810B953
:100D1000B4F90C30CFE7A38923F0030343F00103B8
:100D20001BB2C8E7F8B50D461446064610B1436B32
:100D3000002B4CD0B4F90C20A369A360170790B224
:100D40001BD52369CBB1EDB281042F4622D5226891
:100D50006169D31A994229DD0133A1680139A16083
:100D6000511C2160157062699A4227D0A389DB0764
:100D700001D50A2D22D03846F8BD21463046FFF76E
:100D8000DFFD08BBB4F90C20236990B2EDB28104F9
:100D90002F46DCD442F40052A281626E616922F4D3
:100DA000005262662268D31A9942D5DC2146304649
:100DB000FDF78AFA40B922680123CEE72146304682
:100DC000FDF782FA0028D6D04FF0FF37D3E7FAF7C5
:100DD00035FCAFE770B50C46084D034600262046AB
:100DE00011461C462E60F7F7D9FB431C00D070BD9E
:100DF0002B68002BFBD0236070BD00BF7C2A002035
:100E000038B5074D0022044608462A60F7F7CCFBA8
:100E1000431C00D038BD2B68002BFBD0236038BDAD
:100E20007C2A00205FF800F0691600605FF800F08F
:100E30004D1B00605FF800F0151600605FF800F0D1
:040E4000A11B006092
:040E4400F8B500BF3E
:080E4800B492FF7F01000000DD
:100E50000000000000000000000000000000000092
:100E60000000000000000000000000000000000082
:100E70000000000000000000000000000000000072
:100E80000000000000000000000000000000000062
:100E90000000000000000000000000000000000052
:100EA0000000000000000000000000000000000042
:100EB0000000000000000000000000000000000032
:100EC0000000000000000000000000000000000022
:100ED0000000000000000000000000000000000012
:100EE0000000000000000000000000000000000002
:100EF00000000000000000000000000000000000F2
:100F000000000000000000000000000000000000E1
:100F100000000000000000000000000000000000D1
:100F200000000000000000000000000000000000C1
:100F300000000000000000000000000000000000B1
:100F400000000000000000000000000000000000A1
:100F50000000000000000000000000000000000091
:100F60000000000000000000000000000000000081
:100F70000000000000000000000000000000000071
:100F80000000000000000000000000000000000061
:100F90000000000000000000000000000000000051
:100FA0000000000000000000000000000000000041
:100FB0000000000000000000000000000000000031
:100FC0000000000000000000000000000000000021
:100FD0000000000000000000000000000000000011
:100FE0000000000000000000000000000000000001
:100FF00000000000000000000000000000000000F1
:1010000000000000000000000000000000000000E0
:1010100000000000000000000000000000000000D0
:1010200000000000000000000000000000000000C0
:1010300000000000000000000000000000000000B0
:1010400000000000000000000000000000000000A0
:101050000000000000000000000000000000000090
:101060000000000000000000000000000000000080
:101070000000000000000000000000000000000070
:101080000000000000000000000000000000000060
:101090000000000000000000000000000000000050
:1010A0000000000000000000000000000000000040
:1010B0000000000000000000000000000000000030
:1010C0000000000000000000000000000000000020
:1010D000000000000000F03F748515D3B0D9EF3F49
:1010E0000F89F96C58B5EF3F515B12D00193EF3F78
:1010F0007B517D3CB872EF3FAAB968318754EF3F0E
:101100003862756E7A38EF3FE1DE1FF59D1EEF3FC6
:1011100015B7310AFE06EF3FCBA93A37A7F1EE3FEC
:101120002234124CA6DEEE3F2D89616008CEEE3FE0
:10113000272A36D5DABFEE3F824F9D562BB4EE3FBD
:10114000295448DD07ABEE3F85553AB07EA4EE3F0B
:10115000CD3B7F669EA0EE3F745FECE8759FEE3F4F
:101160008701EB7314A1EE3F13CE4C9989A5EE3F96
:10117000DBA02A42E5ACEE3FE5C5CDB037B7EE3F88
:1011800090F0A38291C4EE3F5D253EB203D5EE3FC1
:10119000ADD35A999FE8EE3F475EFBF276FFEE3FF4
:1011A0009C5285DD9B19EF3F6990EFDC2037EF3FC4
:1011B00087A4FBDC1858EF3F5F9B7B33977CEF3FA6
:1011C000DA90A4A2AFA4EF3F40456E5B76D0EF3F2C
:1011D000000000000000E8429423914BF86AAC3F05
:1011E000F3C4FA50CEBFCE3FD6520CFF422EE63F9C
:1011F0000000000000003843FE822B654715474081
:101200009423914BF86ABC3EF3C4FA50CEBF2E3FF4
:10121000D6520CFF422E963F0080E03779C34143FF
:10122000176E05B5B5B89346F5F93FE9034F384D4C
:10123000321D30F94877825A3CBF737FDD4F1575F8
:10124000000000000000F03F00000000000024400B
:1012500000000000000059400000000000408F40E6
:10126000000000000088C34000000000006AF84051
:101270000000000080842E4100000000D012634175
:101280000000000084D797410000000065CDCD41EB
:10129000000000205FA00242000000E876483742CC
:1012A000000000A2941A6D42000040E59C30A2426A
:1012B0000000901EC4BCD64200003426F56B0C43DF
:1012C0000080E03779C3414300A0D8855734764386
:1012D00000C84E676DC1AB43003D9160E458E143E7
:1012E000408CB5781DAF154450EFE2D6E41A4B445C
:1012F00092D54D06CFF08044F64AE1C7022DB544A1
:10130000B49DD9794378EA44BEF3F879EC61F63FAD
:101310001930965BC6FEDEBF3D88AF4AED71F53FE2
:10132000A4FCD432680BDBBFB010F0F03995F43F69
:101330007BB71F0A8B41D7BF8503B8B095C9F33F70
:101340007BCF6D1AE99DD3BFA564880C190DF33FBF
:1013500031B6F2F39B1DD0BFA08E0B7B225EF23F15
:10136000F07A3B1B1D7CC9BF3F341A4A4ABBF13F90
:101370009F3CAF93E3F9C2BFBAE58AF05823F13F2F
:101380005C8D78BFCB60B9BFA70099413F95F03F16
:10139000CE5F47B69D6FAABF000000000000F03F7F
:1013A0000000000000000000AC479AFD8C60EE3F9A
:1013B0003DF5249FCA38B33FA06A021FB3A4EC3F97
:1013C000BA913854A976C43FE6FC6A573620EB3F01
:1013D000D2E4C44A0B84CE3F2DAAA163D1C2E93F17
:1013E0001C65C6F04506D43FED417803E686E83F2C
:1013F000F89F1B2C9C8ED83F624853F5DC67E73F73
:10140000CC7BB14EA4E0DC3F0B6E49C91676D23FCF
:101410007AC675A06919D7BFDDBAA76C0AC7DE3FC7
:10142000C8F6BE484715E7BF2BB82A654715F73FF2
:10143000000000000000F03F000000000000F0BFCE
:10144000000000000000F0BF000000000000F03FBE
:1014500083C8C96D305F6441182D4454FB21F93FA6
:10146000000000000000F03F1C620CFDFFFFDFBF2A
:10147000198F06E15355A53F9D359AE887C056BFA1
:10148000C3F87B024393F93E03A695595455C5BF53
:10149000C40B23057610813F24CF7437EB9429BF0A
:1014A000000000000000F03F000000000000F0BF5E
:1014B000000000000000F0BF000000000000F03F4E
:1014C00083C8C96D305F6441182D4454FB21F93F36
:1014D000000000000000F0BF1C620CFDFFFFDF3FBA
:1014E000198F06E15355A5BF9D359AE887C0563F31
:1014F000C3F87B024393F9BE03A695595455C5BF63
:10150000C40B23057610813F24CF7437EB9429BF99
:10151000B07B00000000C03E7B14AE3E0AD7A33E65
:10152000CDCC0C3F0000003F6666E63ECDCC4C3E85
:101530000AD7233D8FC2F53D0000803E8FC2F53DA6
:10154000CDCCCC3D0000C03E0000D83E0000F83EAF
:10155000CDCC0C3FCDCC0C3FCDCC0C3F7B14AE3E64
:101560000AD7A33ECDCC4C3E8FC2F53D0000803E55
:101570000AD7233D0400000004000000040000001E
:10158000040000000400000004000000040000004B
:10159000040000000000803F0000803F0000803F0A
:1015A0000000803FB07B0000000000000100000050
:1015B000030000000200000000000000545300007F
:1015C00041530000466C75784F5320302E35204C27
:1015D000454654202573206172743D257520636C47
:1015E0006B3D2575204350553D252E3166206D619C
:1015F000783D252E3166206D656D3D25752073740F
:101600006570733D256C75206D6964693D256C7549
:101610002071756575654F763D256C7520746F7505
:1016200063683D256C642F256C642F256C642073E2
:1016300063616E4D617855733D256C7520726561EF
:10164000644D617855733D256C7520746F756368C2
:101650004572723D256C750A0000000004050609FC
:101660000E0F101112130000195900001D5900002F
:101670002159000025590000000000000000000072
:10168000216800000000000000000000DD490000AB
:1016900000000000000000009D8200006183000047
:1016A0005D830000598300005583000051830000D2
:1016B0004D8300004983000000000000000000008E
:1016C0006D4F00000000000000000000D13300005A
:1016D0000100000001000000010000000200000005
:1016E00004000000040000000200000001000000EF
:1016F00001000000010000006030180C060000002E
:10170000EC51383F1F856B3FC3F5283FAE47613F23
:10171000EC51383FAE47613F0000803F7B142E3FC5
:101720005C8F423F48E17A3FCDCC4C3F85EB513F47
:10173000EC51383E0AD7A33DEC51383E5C8FC23E97
:10174000295C8F3E0000803E000000000AD7A33CC9
:101750008FC2753D0AD7A33C0AD7233D0AD7233D44
:10176000EC51383FEC51383FEC51383FAE47613FC8
:10177000AE47613FAE47613F1F856B3FC3F5283FD2
:101780000000803F5C8F423F48E17A3F7B142E3F50
:10179000EC51383EEC51383EEC51383E0000803E72
:1017A0000000803E0000803E0AD7A33DEC51383E49
:1017B000000000008FC2753D0AD7A33C0AD7A33CA6
:1017C0003D0A573F8104353F713D0A3F713D0A3F55
:1017D0008104353F3D0A573F0000003F0000803F35
:1017E000000000400000803F0000803F00000040FB
:1017F0000000803F0000004000004040000000402A
:1018000000004040000080400000C03F00006040F9
:101810000000A04041821A40F90F49402041AD40EC
:10182000000040400000A0400000E040010203042E
:10183000020406089554000099540000A1540000C9
:10184000A95400002C2066756E6374696F6E3A208F
:1018500000000000617373657274696F6E20222549
:101860007322206661696C65643A2066696C652044
:10187000222573222C206C696E6520256425732532
:10188000730A0000A2000000F9A2000083F9A20080
:101890006E83F9A24E6E83F9444E6E8315444E6EEC
:1018A0002915444EFC29154427FC29155727FC29E6
:1018B000D15727FCF5D1572734F5D157DD34F5D171
:1018C000C0DD34F5DBC0DD3462DBC0DD9562DBC03A
:1018D000999562DB3C999562433C999590433C997C
:1018E0004190433C42616C6C6F6320737563636528
:1018F00065646564000000002F566F6C756D65733C
:101900002F646174612F6A656E6B696E732F776FD8
:10191000726B73706163652F474E552D746F6F6CDA
:10192000636861696E2F61726D2D31312F7372633F
:101930002F6E65776C69622D63796777696E2F6E9C
:1019400065776C69622F6C6962632F7374646C696C
:10195000622F6D707265632E6300000000202020EE
:10196000202020202020282828282820202020204F
:10197000202020202020202020202020208810101F
:10198000101010101010101010101010100404047B
:101990000404040404040410101010101010414139
:1019A0004141414101010101010101010101010127
:1019B000010101010101010110101010101042423B
:1019C00042424242020202020202020202020202F7
:1019D0000202020202020202101010102000000097
:1019E00000000000000000000000000000000000F7
:1019F00000000000000000000000000000000000E7
:101A000000000000000000000000000000000000D6
:101A100000000000000000000000000000000000C6
:101A200000000000000000000000000000000000B6
:101A300000000000000000000000000000000000A6
:101A40000000000000000000000000000000000096
:101A50000000000000000000000000000000000086
:101A6000496E66696E697479000000004E614E002F
:101A70002F566F6C756D65732F646174612F6A6585
:101A80006E6B696E732F776F726B73706163652F06
:101A9000474E552D746F6F6C636861696E2F61726C
:101AA0006D2D31312F7372632F6E65776C69622DE6
:101AB00063796777696E2F6E65776C69622F6C69E1
:101AC00062632F7374646C69622F64746F612E6338
:101AD00000000000494E4600696E66004E414E000F
:101AE0006E616E00303132333435363738396162E9
:101AF00063646566000000003031323334353637B8
:101B0000383941424344454600000000286E756C58
:101B10006C29000030000000202020202020202000
:101B200020202020202020202020202020202020B5
:101B3000202020202020202000000042C8801F40BC
:101B4000B8821F400800000000000042C4801F400F
:101B5000B4821F400400000000C0004224801F40E7
:101B600014821F401000000000C0004228801F4067
:101B700018821F402000000000C000422C801F403F
:101B80001C821F404000000000C0004234801F4003
:101B900024821F40000100000040004264811F4079
:101BA00054831F40000400000040004280811F4019
:101BB00070831F4000000200004000427C811F40F3
:101BC0006C831F40000001000040004268811F40FC
:101BD00058831F4000080000004000423C811F4025
:101BE0002C831F40010000000040004244811F4040
:101BF00034831F40040000000040004240811F4029
:101C000030831F40020000000040004248811F4016
:101C100038831F40080000000000004204811F407C
:101C2000F4821F40000004000000004208811F40B1
:101C3000F8821F40000008000000004218811F4089
:101C400008831F40000080000000004214811F40F4
:101C500004831F40000040000000004200811F403C
:101C6000F0821F400000020000000042FC801F4084
:101C7000EC821F40000001000000004224811F4050
:101C800014831F40000000040000004228811F4010
:101C900018831F4000000008000000421C811F4004
:101CA0000C831F40000000010000004220811F4003
:101CB00010831F400000000200000042EC801F4023
:101CC000DC821F400010000000000042F0801F4036
:101CD000E0821F40002000000000004234811F40CD
:101CE00024831F40000000400000004238811F4054
:101CF00028831F40000000800080004294801F4025
:101D000084821F400000040000C0004290801F40F9
:101D100080821F400000008000800042A8801F4099
:101D200098821F400000800000800042A4801F4075
:101D300094821F4000004000004000426C811F4020
:101D40005C831F400010000000C0004230801F4034
:101D500020821F408000000000800042C8811F4098
:101D6000B8831F400080000000800042C4811F40F3
:101D7000B4831F400040000000800042C0811F402B
:101D8000B0831F400020000000800042BC811F4043
:101D9000AC831F400010000000800042D0811F4033
:101DA000C0831F400000020000800042CC811F4021
:101DB000BC831F4000000100050000001900000066
:101DC0007D00000007080C0B06050F000D0E010238
:101DD000838407080C0B06050F000D0E0102838497
:101DE000010100040100000401320101013202017D
:101DF000011001010111010101120102010302069A
:101E000001030106011202020200000102020001A8
:101E10000201000102100001022200010223000160
:101E2000000000000000000002210001022000016B
:101E3000000000000000000001300101013101013B
:101E40000102000401030004000000000000000083
:101E50000121020101210101000000000000000039
:101E60000000000001100201010102010101010155
:101E70000100020101000101010202010102010150
:101E80002E0000004C435F434F4C4C415445000032
:101E90004C435F4354595045000000004C435F4D94
:101EA0004F4E4554415259004C435F4E554D45529B
:101EB000494300004C435F54494D45004C435F4D3E
:101EC000455353414745530000010000DC170020F3
:101ED0001200000000060000881D00600A000000DB
:101EE00000020000F01C00609500000000070000E8
:101EF000581C00609500000000030000541C0060A6
:101F00000000000001030904FC190020000000008B
:101F100002030904201A0020000000000303090442
:101F2000441A002000000000000000000000000033
:101F30000000000030303030303030303030303061
:101F40003030303030303030303030303030303091
:101F50003030303000000000000000001425002068
:101F60007C250020E4250020000000000000000087
:101F70000000000000000000000000000000000061
:101F80000000000000000000000000000000000051
:101F90000000000000000000000000000000000041
:101FA0000000000000000000000000000000000031
:101FB0000000000000000000000000000000000021
:101FC0000000000000000000000000000000000011
:101FD0000000000000000000000000000000000001
:101FE00000000000000000000000000000000000F1
:101FF00001000000000000000E33CDAB34126DE68E
:10200000ECDE05000B0000000000000000000000F6
:1020100000000000000000000000000000000000C0
:1020200000000000000000000000000000000000B0
:1020300000000000000000000000000000000000A0
:102040000000000000000000000000000000000090
:102050000000000000000000000000000000000080
:102060000000000000000000000000000000000070
:1020700000000000000000000029DE07007B9A1726
:102080004808002000000000E803000000000000F5
:10209000FFFFFFFFD4240020E058202000000000B4
:1020A00043000000000000000000000000000000ED
:1020B0000000000000000000000000000000000020
:1020C00043000000000000000000000000000000CD
:1020D0000000000000000000000000000000000000
:1020E00043000000000000000000000000000000AD
:1020F00000000000000000000000000000000000E0
:10210000430000000000000000000000000000008C
:1021100000000000000000000000000000000000BF
:10212000430000000000000000000000000000006C
:10213000000000000000000000000000000000009F
:10214000430000000000000000000000000000004C
:10215000000000000000000000000000000000007F
:10216000430000000000000000000000000000002C
:10217000000000000000000000000000000000005F
:1021800015C6000051A00000000000000C0B00204C
:10219000301000200808002008080020080800204F
:1021A000080800200808002008080020080800206F
:1021B0000808002008080020FFFFFFFFFFFFFFFFC7
:1021C000FFFFFFFFFFFF00000100415343494900AB
:1021D00000000000000000000000000000000000FF
:1021E0000000000000000000000041534349490086
:1021F00000000000000000000000000000000000DF
:1022000000000000000000000000000000000000CE
:1022100000000000BC130020BC130020C4130020E9
:10222000C4130020CC130020CC130020D4130020B2
:10223000D4130020DC130020DC130020E413002062
:10224000E4130020EC130020EC130020F413002012
:10225000F4130020FC130020FC13002004140020C1
:10226000041400200C1400200C140020141400206E
:10227000141400201C1400201C140020241400201E
:10228000241400202C1400202C14002034140020CE
:10229000341400203C1400203C140020441400207E
:1022A000441400204C1400204C140020541400202E
:1022B000541400205C1400205C14002064140020DE
:1022C000641400206C1400206C140020741400208E
:1022D000741400207C1400207C140020841400203E
:1022E000841400208C1400208C14002094140020EE
:1022F000941400209C1400209C140020A41400209E
:10230000A4140020AC140020AC140020B41400204D
:10231000B4140020BC140020BC140020C4140020FD
:10232000C4140020CC140020CC140020D4140020AD
:10233000D4140020DC140020DC140020E41400205D
:10234000E4140020EC140020EC140020F41400200D
:10235000F4140020FC140020FC14002004150020BC
:10236000041500200C1500200C1500201415002069
:10237000141500201C1500201C1500202415002019
:10238000241500202C1500202C15002034150020C9
:10239000341500203C1500203C1500204415002079
:1023A000441500204C1500204C1500205415002029
:1023B000541500205C1500205C15002064150020D9
:1023C000641500206C1500206C1500207415002089
:1023D000741500207C1500207C1500208415002039
:1023E000841500208C1500208C15002094150020E9
:1023F000941500209C1500209C150020A415002099
:10240000A4150020AC150020AC150020B415002048
:10241000B4150020BC150020BC150020C4150020F8
:10242000C4150020CC150020CC150020D4150020A8
:10243000D4150020DC150020DC150020E415002058
:10244000E4150020EC150020EC150020F415002008
:10245000F4150020FC150020FC15002004160020B7
:10246000041600200C1600200C1600201416002064
:10247000141600201C1600201C1600202416002014
:10248000241600202C1600202C16002034160020C4
:10249000341600203C1600203C1600204416002074
:1024A000441600204C1600204C1600205416002024
:1024B000541600205C1600205C16002064160020D4
:1024C000641600206C1600206C1600207416002084
:1024D000741600207C1600207C1600208416002034
:1024E000841600208C1600208C16002094160020E4
:1024F000941600209C1600209C160020A416002094
:10250000A4160020AC160020AC160020B416002043
:10251000B4160020BC160020BC160020C4160020F3
:10252000C4160020CC160020CC160020D4160020A3
:10253000D4160020DC160020DC160020E416002053
:10254000E4160020EC160020EC160020F416002003
:10255000F4160020FC160020FC16002004170020B2
:10256000041700200C1700200C170020141700205F
:10257000141700201C1700201C170020241700200F
:10258000241700202C1700202C17002034170020BF
:10259000341700203C1700203C170020441700206F
:1025A000441700204C1700204C170020541700201F
:1025B000541700205C1700205C17002064170020CF
:1025C000641700206C1700206C170020741700207F
:1025D000741700207C1700207C170020841700202F
:1025E000841700208C1700208C17002094170020DF
:1025F000941700209C1700209C170020A41700208F
:10260000A4170020AC170020AC170020B41700203E
:10261000B4170020FFFFFFFF0000020000000000D1
:102620000300000014250020081100201201000200
:10263000EF020140C0168B040103010203010000F8
:10264000E1600000E1600000E1600000E160000086
:10265000E1600000E1600000E1600000E160000076
:10266000E1600000E1600000E1600000E160000066
:10267000E1600000E1600000E1600000E160000056
:10268000E1600000E1600000E1600000E160000046
:10269000E1600000E1600000E1600000E160000036
:1026A000E1600000E1600000E1600000E160000026
:1026B000E1600000E1600000E1600000E160000016
:1026C000E1600000E1600000E1600000E160000006
:1026D000E1600000E1600000E1600000E1600000F6
:1026E000E1600000E1600000E1600000E1600000E6
:1026F000E1600000E1600000E1600000E1600000D6
:10270000E1600000E1600000E1600000E1600000C5
:10271000E1600000E1600000E1600000E1600000B5
:10272000E1600000E1600000E1600000E1600000A5
:10273000E1600000E1600000E1600000E160000095
:10274000E1600000E1600000E1600000E160000085
:10275000E1600000E1600000E1600000E160000075
:10276000E1600000E1600000E1600000E160000065
:10277000E1600000E1600000E1600000E160000055
:10278000E1600000E1600000E1600000E160000045
:10279000E1600000E1600000E1600000E160000035
:1027A000E1600000E1600000E1600000E160000025
:1027B000E1600000E1600000E1600000E160000015
:1027C000E1600000E1600000E1600000E160000005
:1027D000E1600000E1600000E1600000E1600000F5
:1027E000E1600000E1600000E1600000E1600000E5
:1027F000E1600000E1600000E1600000E1600000D5
:10280000E1600000E1600000E1600000E1600000C4
:10281000E1600000E1600000E1600000E1600000B4
:10282000E1600000E1600000E1600000E1600000A4
:10283000E1600000E1600000E1600000E160000094
:10284000140F0220400F02206C0F022022035300BD
:102850006900670069006C0049006E007300740035
:10286000720075006D0065006E007400730000005A
:10287000200364006900630065004600720069007F
:1028800065006E006400200076002E0030003100EC
:10289000000000000C030000000000000000000029
:1028A0000000000000000000000008000000000020
:1028B0000000000000000000000000000000000018
:1028C0000000000000000000000000000000000008
:1028D00000000000000000000000000000000000F8
:1028E00000000000000000000000000000000000E8
:1028F00000000000000000000000000000000000D8
:1029000000000000000000000000000000000000C7
:1029100000000000000000000000000000000000B7
:1029200000000000000000000000000000000000A7
:102930000000000000000000000000000000000097
:102940000000000000000000000000000000000087
:102950000000000000000000000000000000000077
:102960000000000000000000000000000000000067
:102970000000000000000000000000000000000057
:102980000000000000000000000000000000000047
:102990000000000000000000000000000000000037
:1029A0000000000000000000000000000000000027
:1029B0000000000000000000000000000000000017
:1029C0000000000000000000000000000000000007
:1029D00000000000000000000000000000000000F7
:1029E00000000000000000000000000000000000E7
:1029F00000000000000000000000000000000000D7
:102A000000000000000000000000000000000000C6
:102A100000000000000000000000000000000000B6
:102A200000000000000000000000000000000000A6
:102A30000000000000000000000000000000000096
:102A40000000000000000000000000000000000086
:102A50000000000000000000000000000000000076
:102A60000000000000000000000000000000000066
:102A70000000000000000000000000000000000056
:102A80000000000000000000000000000000000046
:102A90000000000000000000000000000000000036
:102AA0000000000000000000000000000000000026
:102AB0000000000000000000000000000000000016
:102AC0000000000000000000000000000000000006
:102AD00000000000000000000000000000000000F6
:102AE00000000000000000000000000000000000E6
:102AF00000000000000000000000000000000000D6
:102B000000000000000000000000000000000000C5
:102B100000000000000000000000000000000000B5
:102B200000000000000000000000000000000000A5
:102B30000000000000000000000000000000000095
:102B40000000000000000000000000000000000085
:102B50000000000000000000000000000000000075
:102B60000000000000000000000000000000000065
:102B70000000000000000000000000000000000055
:102B80000000000000000000000000000000000045
:102B90000000000000000000000000000000000035
:102BA0000000000000000000000000000000000025
:102BB0000000000000000000000000000000000015
:102BC0000000000000000000000000000000000005
:102BD00000000000000000000000000000000000F5
:102BE00000000000000000000000000000000000E5
:102BF00000000000000000000000000000000000D5
:102C000000000000000000000000000000000000C4
:102C100000000000000000000000000000000000B4
:102C200000000000000000000000000000000000A4
:102C30000000000000000000000000000000000094
:102C40000000000000000000000000000000000084
:102C50000000000000000000000000000000000074
:102C60000000000000000000000000000000000064
:102C70000000000000000000000000000000000054
:102C80000000000000000000000000000000000044
:102C90000000000000000000000000000000000034
:102CA0000000000000000000000000000000000024
:102CB0000000000000000000000000000000000014
:102CC0000000000000000000000000000000000004
:102CD00000000000000000000000000000000000F4
:102CE00000000000000000000000000000000000E4
:102CF00000000000000000000000000000000000D4
:102D000000000000000000000000000000000000C3
:102D1000FFFFFFFFFFFFFFFFFFFFFFFFFFFFFFFFC3
:102D2000FFFFFFFFFFFFFFFFFFFFFFFFFFFFFFFFB3
:102D3000FFFFFFFFFFFFFFFFFFFFFFFFFFFFFFFFA3
:102D4000FFFFFFFFFFFFFFFFFFFFFFFFFFFFFFFF93
:102D5000FFFFFFFFFFFFFFFFFFFFFFFFFFFFFFFF83
:102D6000FFFFFFFFFFFFFFFFFFFFFFFFFFFFFFFF73
:102D7000FFFFFFFFFFFFFFFFFFFFFFFFFFFFFFFF63
:102D8000FFFFFFFFFFFFFFFFFFFFFFFFFFFFFFFF53
:102D9000FFFFFFFFFFFFFFFFFFFFFFFFFFFFFFFF43
:102DA000FFFFFFFFFFFFFFFFFFFFFFFFFFFFFFFF33
:102DB000FFFFFFFFFFFFFFFFFFFFFFFFFFFFFFFF23
:102DC000FFFFFFFFFFFFFFFFFFFFFFFFFFFFFFFF13
:102DD000FFFFFFFFFFFFFFFFFFFFFFFFFFFFFFFF03
:102DE000FFFFFFFFFFFFFFFFFFFFFFFFFFFFFFFFF3
:102DF000FFFFFFFFFFFFFFFFFFFFFFFFFFFFFFFFE3
:102E0000FFFFFFFFFFFFFFFFFFFFFFFFFFFFFFFFD2
:102E1000FFFFFFFFFFFFFFFFFFFFFFFFFFFFFFFFC2
:102E2000FFFFFFFFFFFFFFFFFFFFFFFFFFFFFFFFB2
:102E3000FFFFFFFFFFFFFFFFFFFFFFFFFFFFFFFFA2
:102E4000FFFFFFFFFFFFFFFFFFFFFFFFFFFFFFFF92
:102E5000FFFFFFFFFFFFFFFFFFFFFFFFFFFFFFFF82
:102E6000FFFFFFFFFFFFFFFFFFFFFFFFFFFFFFFF72
:102E7000FFFFFFFFFFFFFFFFFFFFFFFFFFFFFFFF62
:102E8000FFFFFFFFFFFFFFFFFFFFFFFFFFFFFFFF52
:102E9000FFFFFFFFFFFFFFFFFFFFFFFFFFFFFFFF42
:102EA000FFFFFFFFFFFFFFFFFFFFFFFFFFFFFFFF32
:102EB000FFFFFFFFFFFFFFFFFFFFFFFFFFFFFFFF22
:102EC000FFFFFFFFFFFFFFFFFFFFFFFFFFFFFFFF12
:102ED000FFFFFFFFFFFFFFFFFFFFFFFFFFFFFFFF02
:102EE000FFFFFFFFFFFFFFFFFFFFFFFFFFFFFFFFF2
:102EF000FFFFFFFFFFFFFFFFFFFFFFFFFFFFFFFFE2
:102F0000FFFFFFFFFFFFFFFFFFFFFFFFFFFFFFFFD1
:102F1000FFFFFFFFFFFFFFFFFFFFFFFFFFFFFFFFC1
:102F2000FFFFFFFFFFFFFFFFFFFFFFFFFFFFFFFFB1
:102F3000FFFFFFFFFFFFFFFFFFFFFFFFFFFFFFFFA1
:102F4000FFFFFFFFFFFFFFFFFFFFFFFFFFFFFFFF91
:102F5000FFFFFFFFFFFFFFFFFFFFFFFFFFFFFFFF81
:102F6000FFFFFFFFFFFFFFFFFFFFFFFFFFFFFFFF71
:102F7000FFFFFFFFFFFFFFFFFFFFFFFFFFFFFFFF61
:102F8000FFFFFFFFFFFFFFFFFFFFFFFFFFFFFFFF51
:102F9000FFFFFFFFFFFFFFFFFFFFFFFFFFFFFFFF41
:102FA000FFFFFFFFFFFFFFFFFFFFFFFFFFFFFFFF31
:102FB000FFFFFFFFFFFFFFFFFFFFFFFFFFFFFFFF21
:102FC000FFFFFFFFFFFFFFFFFFFFFFFFFFFFFFFF11
:102FD000FFFFFFFFFFFFFFFFFFFFFFFFFFFFFFFF01
:102FE000FFFFFFFFFFFFFFFFFFFFFFFFFFFFFFFFF1
:102FF000FFFFFFFFFFFFFFFFFFFFFFFFFFFFFFFFE1
:1030000000000000000000000000000000000000C0
:1030100000000000000000000000000000000000B0
:1030200000000000000000000000000000000000A0
:103030000000000000000000000000000000000090
:103040000000000000000000000000000000000080
:103050000000000000000000000000000000000070
:103060000000000000000000000000000000000060
:103070000000000000000000000000000000000050
:103080000000000000000000000000000000000040
:103090000000000000000000000000000000000030
:1030A0000000000000000000000000000000000020
:1030B0000000000000000000000000000000000010
:1030C0000000000000000000000000000000000000
:1030D00000000000000000000000000000000000F0
:1030E00000000000000000000000000000000000E0
:1030F00000000000000000000000000000000000D0
:1031000000000000000000000000000000000000BF
:1031100000000000000000000000000000000000AF
:10312000000000000000000000000000000000009F
:10313000000000000000000000000000000000008F
:10314000000000000000000000000000000000007F
:10315000000000000000000000000000000000006F
:10316000000000000000000000000000000000005F
:10317000000000000000000000000000000000004F
:10318000000000000000000000000000000000003F
:10319000000000000000000000000000000000002F
:1031A000000000000000000000000000000000001F
:1031B000000000000000000000000000000000000F
:1031C00000000000000000000000000000000000FF
:1031D00000000000000000000000000000000000EF
:1031E00000000000000000000000000000000000DF
:1031F00000000000000000000000000000000000CF
:1032000000000000000000000000000000000000BE
:1032100000000000000000000000000000000000AE
:10322000000000000000000000000000000000009E
:10323000000000000000000000000000000000008E
:10324000000000000000000000000000000000007E
:10325000000000000000000000000000000000006E
:10326000000000000000000000000000000000005E
:10327000000000000000000000000000000000004E
:10328000000000000000000000000000000000003E
:10329000000000000000000000000000000000002E
:1032A000000000000000000000000000000000001E
:1032B000000000000000000000000000000000000E
:1032C00000000000000000000000000000000000FE
:1032D00000000000000000000000000000000000EE
:1032E00000000000000000000000000000000000DE
:1032F00000000000000000000000000000000000CE
:1033000000000000000000000000000000000000BD
:1033100000000000000000000000000000000000AD
:10332000000000000000000000000000000000009D
:10333000000000000000000000000000000000008D
:10334000000000000000000000000000000000007D
:10335000000000000000000000000000000000006D
:10336000000000000000000000000000000000005D
:10337000000000000000000000000000000000004D
:10338000000000000000000000000000000000003D
:10339000000000000000000000000000000000002D
:1033A000000000000000000000000000000000001D
:1033B000000000000000000000000000000000000D
:1033C00000000000000000000000000000000000FD
:1033D00000000000000000000000000000000000ED
:1033E00000000000000000000000000000000000DD
:1033F00000000000000000000000000000000000CD
:1034000000000000000000000000000000000000BC
:1034100000000000000000000000000000000000AC
:10342000000000000000000000000000000000009C
:10343000000000000000000000000000000000008C
:10344000000000000000000000000000000000007C
:10345000000000000000000000000000000000006C
:10346000000000000000000000000000000000005C
:10347000000000000000000000000000000000004C
:10348000000000000000000000000000000000003C
:10349000000000000000000000000000000000002C
:1034A000000000000000000000000000000000001C
:1034B000000000000000000000000000000000000C
:1034C00000000000000000000000000000000000FC
:1034D00000000000000000000000000000000000EC
:1034E00000000000000000000000000000000000DC
:1034F00000000000000000000000000000000000CC
:1035000000000000000000000000000000000000BB
:1035100000000000000000000000000000000000AB
:10352000000000000000000000000000000000009B
:10353000000000000000000000000000000000008B
:10354000000000000000000000000000000000007B
:10355000000000000000000000000000000000006B
:10356000000000000000000000000000000000005B
:10357000000000000000000000000000000000004B
:10358000000000000000000000000000000000003B
:10359000000000000000000000000000000000002B
:1035A000000000000000000000000000000000001B
:1035B000000000000000000000000000000000000B
:1035C00000000000000000000000000000000000FB
:1035D00000000000000000000000000000000000EB
:1035E00000000000000000000000000000000000DB
:1035F00000000000000000000000000000000000CB
:1036000000000000000000000000000000000000BA
:1036100000000000000000000000000000000000AA
:10362000000000000000000000000000000000009A
:10363000000000000000000000000000000000008A
:10364000000000000000000000000000000000007A
:10365000000000000000000000000000000000006A
:10366000000000000000000000000000000000005A
:10367000000000000000000000000000000000004A
:10368000000000000000000000000000000000003A
:10369000000000000000000000000000000000002A
:1036A000000000000000000000000000000000001A
:1036B000000000000000000000000000000000000A
:1036C00000000000000000000000000000000000FA
:1036D00000000000000000000000000000000000EA
:1036E00000000000000000000000000000000000DA
:1036F00000000000000000000000000000000000CA
:1037000000000000000000000000000000000000B9
:1037100000000000000000000000000000000000A9
:103720000000000000000000000000000000000099
:103730000000000000000000000000000000000089
:103740000000000000000000000000000000000079
:103750000000000000000000000000000000000069
:103760000000000000000000000000000000000059
:103770000000000000000000000000000000000049
:103780000000000000000000000000000000000039
:103790000000000000000000000000000000000029
:1037A0000000000000000000000000000000000019
:1037B0000000000000000000000000000000000009
:1037C00000000000000000000000000000000000F9
:1037D00000000000000000000000000000000000E9
:1037E00000000000000000000000000000000000D9
:1037F00000000000000000000000000000000000C9
:1038000000000000000000000000000000000000B8
:1038100000000000000000000000000000000000A8
:103820000000000000000000000000000000000098
:103830000000000000000000000000000000000088
:103840000000000000000000000000000000000078
:103850000000000000000000000000000000000068
:103860000000000000000000000000000000000058
:103870000000000000000000000000000000000048
:103880000000000000000000000000000000000038
:103890000000000000000000000000000000000028
:1038A0000000000000000000000000000000000018
:1038B0000000000000000000000000000000000008
:1038C00000000000000000000000000000000000F8
:1038D00000000000000000000000000000000000E8
:1038E00000000000000000000000000000000000D8
:1038F00000000000000000000000000000000000C8
:1039000000000000000000000000000000000000B7
:1039100000000000000000000000000000000000A7
:103920000000000000000000000000000000000097
:103930000000000000000000000000000000000087
:103940000000000000000000000000000000000077
:103950000000000000000000000000000000000067
:103960000000000000000000000000000000000057
:103970000000000000000000000000000000000047
:103980000000000000000000000000000000000037
:103990000000000000000000000000000000000027
:1039A0000000000000000000000000000000000017
:1039B0000000000000000000000000000000000007
:1039C00000000000000000000000000000000000F7
:1039D00000000000000000000000000000000000E7
:1039E00000000000000000000000000000000000D7
:1039F00000000000000000000000000000000000C7
:103A000000000000000000000000000000000000B6
:103A100000000000000000000000000000000000A6
:103A20000000000000000000000000000000000096
:103A30000000000000000000000000000000000086
:103A40000000000000000000000000000000000076
:103A50000000000000000000000000000000000066
:103A60000000000000000000000000000000000056
:103A70000000000000000000000000000000000046
:103A80000000000000000000000000000000000036
:103A90000000000000000000000000000000000026
:103AA0000000000000000000000000000000000016
:103AB0000000000000000000000000000000000006
:103AC00000000000000000000000000000000000F6
:103AD00000000000000000000000000000000000E6
:103AE00000000000000000000000000000000000D6
:103AF00000000000000000000000000000000000C6
:103B000000000000000000000000000000000000B5
:103B100000000000000000000000000000000000A5
:103B20000000000000000000000000000000000095
:103B30000000000000000000000000000000000085
:103B40000000000000000000000000000000000075
:103B50000000000000000000000000000000000065
:103B60000000000000000000000000000000000055
:103B70000000000000000000000000000000000045
:103B80000000000000000000000000000000000035
:103B90000000000000000000000000000000000025
:103BA0000000000000000000000000000000000015
:103BB0000000000000000000000000000000000005
:103BC00000000000000000000000000000000000F5
:103BD00000000000000000000000000000000000E5
:103BE00000000000000000000000000000000000D5
:103BF00000000000000000000000000000000000C5
:040000056000100087
:00000001FF
