:0200000460009A
:100000004643464200000156000000000103030081
:1000100000000000000000000000000000000000E0
:1000200000000000000000000000000000000000D0
:1000300000000000000000000000000000000000C0
:1000400000000000010408000000000000000000A3
:100050000000200000000000000000000000000080
:100060000000000000000000000000000000000090
:100070000000000000000000000000000000000080
:10008000EB04180A063204260000000000000000FD
:10009000050404240000000000000000000000002F
:1000A0000000000000000000000000000000000050
:1000B0000604000000000000000000000000000036
:1000C0000000000000000000000000000000000030
:1000D00020041808000000000000000000000000DC
:1000E0000000000000000000000000000000000010
:1000F0000000000000000000000000000000000000
:10010000D8041808000000000000000000000000F3
:100110000204180804200000000000000000000095
:1001200000000000000000000000000000000000CF
:10013000600400000000000000000000000000005B
:1001400000000000000000000000000000000000AF
:10015000000000000000000000000000000000009F
:10016000000000000000000000000000000000008F
:10017000000000000000000000000000000000007F
:10018000000000000000000000000000000000006F
:10019000000000000000000000000000000000005F
:1001A000000000000000000000000000000000004F
:1001B000000000000000000000000000000000003F
:1001C000000100000010000001000000000000001D
:1001D000000001000000000000000000000000001E
:1001E000000000000000000000000000000000000F
:1001F00000000000000000000000000000000000FF
:10020000FFFFFFFFFFFFFFFFFFFFFFFFFFFFFFFFFE
:10021000FFFFFFFFFFFFFFFFFFFFFFFFFFFFFFFFEE
:10022000FFFFFFFFFFFFFFFFFFFFFFFFFFFFFFFFDE
:10023000FFFFFFFFFFFFFFFFFFFFFFFFFFFFFFFFCE
:10024000FFFFFFFFFFFFFFFFFFFFFFFFFFFFFFFFBE
:10025000FFFFFFFFFFFFFFFFFFFFFFFFFFFFFFFFAE
:10026000FFFFFFFFFFFFFFFFFFFFFFFFFFFFFFFF9E
:10027000FFFFFFFFFFFFFFFFFFFFFFFFFFFFFFFF8E
:10028000FFFFFFFFFFFFFFFFFFFFFFFFFFFFFFFF7E
:10029000FFFFFFFFFFFFFFFFFFFFFFFFFFFFFFFF6E
:1002A000FFFFFFFFFFFFFFFFFFFFFFFFFFFFFFFF5E
:1002B000FFFFFFFFFFFFFFFFFFFFFFFFFFFFFFFF4E
:1002C000FFFFFFFFFFFFFFFFFFFFFFFFFFFFFFFF3E
:1002D000FFFFFFFFFFFFFFFFFFFFFFFFFFFFFFFF2E
:1002E000FFFFFFFFFFFFFFFFFFFFFFFFFFFFFFFF1E
:1002F000FFFFFFFFFFFFFFFFFFFFFFFFFFFFFFFF0E
:10030000FFFFFFFFFFFFFFFFFFFFFFFFFFFFFFFFFD
:10031000FFFFFFFFFFFFFFFFFFFFFFFFFFFFFFFFED
:10032000FFFFFFFFFFFFFFFFFFFFFFFFFFFFFFFFDD
:10033000FFFFFFFFFFFFFFFFFFFFFFFFFFFFFFFFCD
:10034000FFFFFFFFFFFFFFFFFFFFFFFFFFFFFFFFBD
:10035000FFFFFFFFFFFFFFFFFFFFFFFFFFFFFFFFAD
:10036000FFFFFFFFFFFFFFFFFFFFFFFFFFFFFFFF9D
:10037000FFFFFFFFFFFFFFFFFFFFFFFFFFFFFFFF8D
:10038000FFFFFFFFFFFFFFFFFFFFFFFFFFFFFFFF7D
:10039000FFFFFFFFFFFFFFFFFFFFFFFFFFFFFFFF6D
:1003A000FFFFFFFFFFFFFFFFFFFFFFFFFFFFFFFF5D
:1003B000FFFFFFFFFFFFFFFFFFFFFFFFFFFFFFFF4D
:1003C000FFFFFFFFFFFFFFFFFFFFFFFFFFFFFFFF3D
:1003D000FFFFFFFFFFFFFFFFFFFFFFFFFFFFFFFF2D
:1003E000FFFFFFFFFFFFFFFFFFFFFFFFFFFFFFFF1D
:1003F000FFFFFFFFFFFFFFFFFFFFFFFFFFFFFFFF0D
:10040000FFFFFFFFFFFFFFFFFFFFFFFFFFFFFFFFFC
:10041000FFFFFFFFFFFFFFFFFFFFFFFFFFFFFFFFEC
:10042000FFFFFFFFFFFFFFFFFFFFFFFFFFFFFFFFDC
:10043000FFFFFFFFFFFFFFFFFFFFFFFFFFFFFFFFCC
:10044000FFFFFFFFFFFFFFFFFFFFFFFFFFFFFFFFBC
:10045000FFFFFFFFFFFFFFFFFFFFFFFFFFFFFFFFAC
:10046000FFFFFFFFFFFFFFFFFFFFFFFFFFFFFFFF9C
:10047000FFFFFFFFFFFFFFFFFFFFFFFFFFFFFFFF8C
:10048000FFFFFFFFFFFFFFFFFFFFFFFFFFFFFFFF7C
:10049000FFFFFFFFFFFFFFFFFFFFFFFFFFFFFFFF6C
:1004A000FFFFFFFFFFFFFFFFFFFFFFFFFFFFFFFF5C
:1004B000FFFFFFFFFFFFFFFFFFFFFFFFFFFFFFFF4C
:1004C000FFFFFFFFFFFFFFFFFFFFFFFFFFFFFFFF3C
:1004D000FFFFFFFFFFFFFFFFFFFFFFFFFFFFFFFF2C
:1004E000FFFFFFFFFFFFFFFFFFFFFFFFFFFFFFFF1C
:1004F000FFFFFFFFFFFFFFFFFFFFFFFFFFFFFFFF0C
:10050000FFFFFFFFFFFFFFFFFFFFFFFFFFFFFFFFFB
:10051000FFFFFFFFFFFFFFFFFFFFFFFFFFFFFFFFEB
:10052000FFFFFFFFFFFFFFFFFFFFFFFFFFFFFFFFDB
:10053000FFFFFFFFFFFFFFFFFFFFFFFFFFFFFFFFCB
:10054000FFFFFFFFFFFFFFFFFFFFFFFFFFFFFFFFBB
:10055000FFFFFFFFFFFFFFFFFFFFFFFFFFFFFFFFAB
:10056000FFFFFFFFFFFFFFFFFFFFFFFFFFFFFFFF9B
:10057000FFFFFFFFFFFFFFFFFFFFFFFFFFFFFFFF8B
:10058000FFFFFFFFFFFFFFFFFFFFFFFFFFFFFFFF7B
:10059000FFFFFFFFFFFFFFFFFFFFFFFFFFFFFFFF6B
:1005A000FFFFFFFFFFFFFFFFFFFFFFFFFFFFFFFF5B
:1005B000FFFFFFFFFFFFFFFFFFFFFFFFFFFFFFFF4B
:1005C000FFFFFFFFFFFFFFFFFFFFFFFFFFFFFFFF3B
:1005D000FFFFFFFFFFFFFFFFFFFFFFFFFFFFFFFF2B
:1005E000FFFFFFFFFFFFFFFFFFFFFFFFFFFFFFFF1B
:1005F000FFFFFFFFFFFFFFFFFFFFFFFFFFFFFFFF0B
:10060000FFFFFFFFFFFFFFFFFFFFFFFFFFFFFFFFFA
:10061000FFFFFFFFFFFFFFFFFFFFFFFFFFFFFFFFEA
:10062000FFFFFFFFFFFFFFFFFFFFFFFFFFFFFFFFDA
:10063000FFFFFFFFFFFFFFFFFFFFFFFFFFFFFFFFCA
:10064000FFFFFFFFFFFFFFFFFFFFFFFFFFFFFFFFBA
:10065000FFFFFFFFFFFFFFFFFFFFFFFFFFFFFFFFAA
:10066000FFFFFFFFFFFFFFFFFFFFFFFFFFFFFFFF9A
:10067000FFFFFFFFFFFFFFFFFFFFFFFFFFFFFFFF8A
:10068000FFFFFFFFFFFFFFFFFFFFFFFFFFFFFFFF7A
:10069000FFFFFFFFFFFFFFFFFFFFFFFFFFFFFFFF6A
:1006A000FFFFFFFFFFFFFFFFFFFFFFFFFFFFFFFF5A
:1006B000FFFFFFFFFFFFFFFFFFFFFFFFFFFFFFFF4A
:1006C000FFFFFFFFFFFFFFFFFFFFFFFFFFFFFFFF3A
:1006D000FFFFFFFFFFFFFFFFFFFFFFFFFFFFFFFF2A
:1006E000FFFFFFFFFFFFFFFFFFFFFFFFFFFFFFFF1A
:1006F000FFFFFFFFFFFFFFFFFFFFFFFFFFFFFFFF0A
:10070000FFFFFFFFFFFFFFFFFFFFFFFFFFFFFFFFF9
:10071000FFFFFFFFFFFFFFFFFFFFFFFFFFFFFFFFE9
:10072000FFFFFFFFFFFFFFFFFFFFFFFFFFFFFFFFD9
:10073000FFFFFFFFFFFFFFFFFFFFFFFFFFFFFFFFC9
:10074000FFFFFFFFFFFFFFFFFFFFFFFFFFFFFFFFB9
:10075000FFFFFFFFFFFFFFFFFFFFFFFFFFFFFFFFA9
:10076000FFFFFFFFFFFFFFFFFFFFFFFFFFFFFFFF99
:10077000FFFFFFFFFFFFFFFFFFFFFFFFFFFFFFFF89
:10078000FFFFFFFFFFFFFFFFFFFFFFFFFFFFFFFF79
:10079000FFFFFFFFFFFFFFFFFFFFFFFFFFFFFFFF69
:1007A000FFFFFFFFFFFFFFFFFFFFFFFFFFFFFFFF59
:1007B000FFFFFFFFFFFFFFFFFFFFFFFFFFFFFFFF49
:1007C000FFFFFFFFFFFFFFFFFFFFFFFFFFFFFFFF39
:1007D000FFFFFFFFFFFFFFFFFFFFFFFFFFFFFFFF29
:1007E000FFFFFFFFFFFFFFFFFFFFFFFFFFFFFFFF19
:1007F000FFFFFFFFFFFFFFFFFFFFFFFFFFFFFFFF09
:10080000FFFFFFFFFFFFFFFFFFFFFFFFFFFFFFFFF8
:10081000FFFFFFFFFFFFFFFFFFFFFFFFFFFFFFFFE8
:10082000FFFFFFFFFFFFFFFFFFFFFFFFFFFFFFFFD8
:10083000FFFFFFFFFFFFFFFFFFFFFFFFFFFFFFFFC8
:10084000FFFFFFFFFFFFFFFFFFFFFFFFFFFFFFFFB8
:10085000FFFFFFFFFFFFFFFFFFFFFFFFFFFFFFFFA8
:10086000FFFFFFFFFFFFFFFFFFFFFFFFFFFFFFFF98
:10087000FFFFFFFFFFFFFFFFFFFFFFFFFFFFFFFF88
:10088000FFFFFFFFFFFFFFFFFFFFFFFFFFFFFFFF78
:10089000FFFFFFFFFFFFFFFFFFFFFFFFFFFFFFFF68
:1008A000FFFFFFFFFFFFFFFFFFFFFFFFFFFFFFFF58
:1008B000FFFFFFFFFFFFFFFFFFFFFFFFFFFFFFFF48
:1008C000FFFFFFFFFFFFFFFFFFFFFFFFFFFFFFFF38
:1008D000FFFFFFFFFFFFFFFFFFFFFFFFFFFFFFFF28
:1008E000FFFFFFFFFFFFFFFFFFFFFFFFFFFFFFFF18
:1008F000FFFFFFFFFFFFFFFFFFFFFFFFFFFFFFFF08
:10090000FFFFFFFFFFFFFFFFFFFFFFFFFFFFFFFFF7
:10091000FFFFFFFFFFFFFFFFFFFFFFFFFFFFFFFFE7
:10092000FFFFFFFFFFFFFFFFFFFFFFFFFFFFFFFFD7
:10093000FFFFFFFFFFFFFFFFFFFFFFFFFFFFFFFFC7
:10094000FFFFFFFFFFFFFFFFFFFFFFFFFFFFFFFFB7
:10095000FFFFFFFFFFFFFFFFFFFFFFFFFFFFFFFFA7
:10096000FFFFFFFFFFFFFFFFFFFFFFFFFFFFFFFF97
:10097000FFFFFFFFFFFFFFFFFFFFFFFFFFFFFFFF87
:10098000FFFFFFFFFFFFFFFFFFFFFFFFFFFFFFFF77
:10099000FFFFFFFFFFFFFFFFFFFFFFFFFFFFFFFF67
:1009A000FFFFFFFFFFFFFFFFFFFFFFFFFFFFFFFF57
:1009B000FFFFFFFFFFFFFFFFFFFFFFFFFFFFFFFF47
:1009C000FFFFFFFFFFFFFFFFFFFFFFFFFFFFFFFF37
:1009D000FFFFFFFFFFFFFFFFFFFFFFFFFFFFFFFF27
:1009E000FFFFFFFFFFFFFFFFFFFFFFFFFFFFFFFF17
:1009F000FFFFFFFFFFFFFFFFFFFFFFFFFFFFFFFF07
:100A0000FFFFFFFFFFFFFFFFFFFFFFFFFFFFFFFFF6
:100A1000FFFFFFFFFFFFFFFFFFFFFFFFFFFFFFFFE6
:100A2000FFFFFFFFFFFFFFFFFFFFFFFFFFFFFFFFD6
:100A3000FFFFFFFFFFFFFFFFFFFFFFFFFFFFFFFFC6
:100A4000FFFFFFFFFFFFFFFFFFFFFFFFFFFFFFFFB6
:100A5000FFFFFFFFFFFFFFFFFFFFFFFFFFFFFFFFA6
:100A6000FFFFFFFFFFFFFFFFFFFFFFFFFFFFFFFF96
:100A7000FFFFFFFFFFFFFFFFFFFFFFFFFFFFFFFF86
:100A8000FFFFFFFFFFFFFFFFFFFFFFFFFFFFFFFF76
:100A9000FFFFFFFFFFFFFFFFFFFFFFFFFFFFFFFF66
:100AA000FFFFFFFFFFFFFFFFFFFFFFFFFFFFFFFF56
:100AB000FFFFFFFFFFFFFFFFFFFFFFFFFFFFFFFF46
:100AC000FFFFFFFFFFFFFFFFFFFFFFFFFFFFFFFF36
:100AD000FFFFFFFFFFFFFFFFFFFFFFFFFFFFFFFF26
:100AE000FFFFFFFFFFFFFFFFFFFFFFFFFFFFFFFF16
:100AF000FFFFFFFFFFFFFFFFFFFFFFFFFFFFFFFF06
:100B0000FFFFFFFFFFFFFFFFFFFFFFFFFFFFFFFFF5
:100B1000FFFFFFFFFFFFFFFFFFFFFFFFFFFFFFFFE5
:100B2000FFFFFFFFFFFFFFFFFFFFFFFFFFFFFFFFD5
:100B3000FFFFFFFFFFFFFFFFFFFFFFFFFFFFFFFFC5
:100B4000FFFFFFFFFFFFFFFFFFFFFFFFFFFFFFFFB5
:100B5000FFFFFFFFFFFFFFFFFFFFFFFFFFFFFFFFA5
:100B6000FFFFFFFFFFFFFFFFFFFFFFFFFFFFFFFF95
:100B7000FFFFFFFFFFFFFFFFFFFFFFFFFFFFFFFF85
:100B8000FFFFFFFFFFFFFFFFFFFFFFFFFFFFFFFF75
:100B9000FFFFFFFFFFFFFFFFFFFFFFFFFFFFFFFF65
:100BA000FFFFFFFFFFFFFFFFFFFFFFFFFFFFFFFF55
:100BB000FFFFFFFFFFFFFFFFFFFFFFFFFFFFFFFF45
:100BC000FFFFFFFFFFFFFFFFFFFFFFFFFFFFFFFF35
:100BD000FFFFFFFFFFFFFFFFFFFFFFFFFFFFFFFF25
:100BE000FFFFFFFFFFFFFFFFFFFFFFFFFFFFFFFF15
:100BF000FFFFFFFFFFFFFFFFFFFFFFFFFFFFFFFF05
:100C0000FFFFFFFFFFFFFFFFFFFFFFFFFFFFFFFFF4
:100C1000FFFFFFFFFFFFFFFFFFFFFFFFFFFFFFFFE4
:100C2000FFFFFFFFFFFFFFFFFFFFFFFFFFFFFFFFD4
:100C3000FFFFFFFFFFFFFFFFFFFFFFFFFFFFFFFFC4
:100C4000FFFFFFFFFFFFFFFFFFFFFFFFFFFFFFFFB4
:100C5000FFFFFFFFFFFFFFFFFFFFFFFFFFFFFFFFA4
:100C6000FFFFFFFFFFFFFFFFFFFFFFFFFFFFFFFF94
:100C7000FFFFFFFFFFFFFFFFFFFFFFFFFFFFFFFF84
:100C8000FFFFFFFFFFFFFFFFFFFFFFFFFFFFFFFF74
:100C9000FFFFFFFFFFFFFFFFFFFFFFFFFFFFFFFF64
:100CA000FFFFFFFFFFFFFFFFFFFFFFFFFFFFFFFF54
:100CB000FFFFFFFFFFFFFFFFFFFFFFFFFFFFFFFF44
:100CC000FFFFFFFFFFFFFFFFFFFFFFFFFFFFFFFF34
:100CD000FFFFFFFFFFFFFFFFFFFFFFFFFFFFFFFF24
:100CE000FFFFFFFFFFFFFFFFFFFFFFFFFFFFFFFF14
:100CF000FFFFFFFFFFFFFFFFFFFFFFFFFFFFFFFF04
:100D0000FFFFFFFFFFFFFFFFFFFFFFFFFFFFFFFFF3
:100D1000FFFFFFFFFFFFFFFFFFFFFFFFFFFFFFFFE3
:100D2000FFFFFFFFFFFFFFFFFFFFFFFFFFFFFFFFD3
:100D3000FFFFFFFFFFFFFFFFFFFFFFFFFFFFFFFFC3
:100D4000FFFFFFFFFFFFFFFFFFFFFFFFFFFFFFFFB3
:100D5000FFFFFFFFFFFFFFFFFFFFFFFFFFFFFFFFA3
:100D6000FFFFFFFFFFFFFFFFFFFFFFFFFFFFFFFF93
:100D7000FFFFFFFFFFFFFFFFFFFFFFFFFFFFFFFF83
:100D8000FFFFFFFFFFFFFFFFFFFFFFFFFFFFFFFF73
:100D9000FFFFFFFFFFFFFFFFFFFFFFFFFFFFFFFF63
:100DA000FFFFFFFFFFFFFFFFFFFFFFFFFFFFFFFF53
:100DB000FFFFFFFFFFFFFFFFFFFFFFFFFFFFFFFF43
:100DC000FFFFFFFFFFFFFFFFFFFFFFFFFFFFFFFF33
:100DD000FFFFFFFFFFFFFFFFFFFFFFFFFFFFFFFF23
:100DE000FFFFFFFFFFFFFFFFFFFFFFFFFFFFFFFF13
:100DF000FFFFFFFFFFFFFFFFFFFFFFFFFFFFFFFF03
:100E0000FFFFFFFFFFFFFFFFFFFFFFFFFFFFFFFFF2
:100E1000FFFFFFFFFFFFFFFFFFFFFFFFFFFFFFFFE2
:100E2000FFFFFFFFFFFFFFFFFFFFFFFFFFFFFFFFD2
:100E3000FFFFFFFFFFFFFFFFFFFFFFFFFFFFFFFFC2
:100E4000FFFFFFFFFFFFFFFFFFFFFFFFFFFFFFFFB2
:100E5000FFFFFFFFFFFFFFFFFFFFFFFFFFFFFFFFA2
:100E6000FFFFFFFFFFFFFFFFFFFFFFFFFFFFFFFF92
:100E7000FFFFFFFFFFFFFFFFFFFFFFFFFFFFFFFF82
:100E8000FFFFFFFFFFFFFFFFFFFFFFFFFFFFFFFF72
:100E9000FFFFFFFFFFFFFFFFFFFFFFFFFFFFFFFF62
:100EA000FFFFFFFFFFFFFFFFFFFFFFFFFFFFFFFF52
:100EB000FFFFFFFFFFFFFFFFFFFFFFFFFFFFFFFF42
:100EC000FFFFFFFFFFFFFFFFFFFFFFFFFFFFFFFF32
:100ED000FFFFFFFFFFFFFFFFFFFFFFFFFFFFFFFF22
:100EE000FFFFFFFFFFFFFFFFFFFFFFFFFFFFFFFF12
:100EF000FFFFFFFFFFFFFFFFFFFFFFFFFFFFFFFF02
:100F0000FFFFFFFFFFFFFFFFFFFFFFFFFFFFFFFFF1
:100F1000FFFFFFFFFFFFFFFFFFFFFFFFFFFFFFFFE1
:100F2000FFFFFFFFFFFFFFFFFFFFFFFFFFFFFFFFD1
:100F3000FFFFFFFFFFFFFFFFFFFFFFFFFFFFFFFFC1
:100F4000FFFFFFFFFFFFFFFFFFFFFFFFFFFFFFFFB1
:100F5000FFFFFFFFFFFFFFFFFFFFFFFFFFFFFFFFA1
:100F6000FFFFFFFFFFFFFFFFFFFFFFFFFFFFFFFF91
:100F7000FFFFFFFFFFFFFFFFFFFFFFFFFFFFFFFF81
:100F8000FFFFFFFFFFFFFFFFFFFFFFFFFFFFFFFF71
:100F9000FFFFFFFFFFFFFFFFFFFFFFFFFFFFFFFF61
:100FA000FFFFFFFFFFFFFFFFFFFFFFFFFFFFFFFF51
:100FB000FFFFFFFFFFFFFFFFFFFFFFFFFFFFFFFF41
:100FC000FFFFFFFFFFFFFFFFFFFFFFFFFFFFFFFF31
:100FD000FFFFFFFFFFFFFFFFFFFFFFFFFFFFFFFF21
:100FE000FFFFFFFFFFFFFFFFFFFFFFFFFFFFFFFF11
:100FF000FFFFFFFFFFFFFFFFFFFFFFFFFFFFFFFF01
:10100000D1002043ED15006000000000000000004A
:101010002010006000100060003801600000000037
:10102000000000600044010000000000FFFFFFFF1F
:10103000FFFFFFFFFFFFFFFFFFFFFFFFFFFFFFFFC0
:10104000FFFFFFFFFFFFFFFFFFFFFFFFFFFFFFFFB0
:10105000FFFFFFFFFFFFFFFFFFFFFFFFFFFFFFFFA0
:10106000FFFFFFFFFFFFFFFFFFFFFFFFFFFFFFFF90
:10107000FFFFFFFFFFFFFFFFFFFFFFFFFFFFFFFF80
:10108000FFFFFFFFFFFFFFFFFFFFFFFFFFFFFFFF70
:10109000FFFFFFFFFFFFFFFFFFFFFFFFFFFFFFFF60
:1010A000FFFFFFFFFFFFFFFFFFFFFFFFFFFFFFFF50
:1010B000FFFFFFFFFFFFFFFFFFFFFFFFFFFFFFFF40
:1010C000FFFFFFFFFFFFFFFFFFFFFFFFFFFFFFFF30
:1010D000FFFFFFFFFFFFFFFFFFFFFFFFFFFFFFFF20
:1010E000FFFFFFFFFFFFFFFFFFFFFFFFFFFFFFFF10
:1010F000FFFFFFFFFFFFFFFFFFFFFFFFFFFFFFFF00
:10110000FFFFFFFFFFFFFFFFFFFFFFFFFFFFFFFFEF
:10111000FFFFFFFFFFFFFFFFFFFFFFFFFFFFFFFFDF
:10112000FFFFFFFFFFFFFFFFFFFFFFFFFFFFFFFFCF
:10113000FFFFFFFFFFFFFFFFFFFFFFFFFFFFFFFFBF
:10114000FFFFFFFFFFFFFFFFFFFFFFFFFFFFFFFFAF
:10115000FFFFFFFFFFFFFFFFFFFFFFFFFFFFFFFF9F
:10116000FFFFFFFFFFFFFFFFFFFFFFFFFFFFFFFF8F
:10117000FFFFFFFFFFFFFFFFFFFFFFFFFFFFFFFF7F
:10118000FFFFFFFFFFFFFFFFFFFFFFFFFFFFFFFF6F
:10119000FFFFFFFFFFFFFFFFFFFFFFFFFFFFFFFF5F
:1011A000FFFFFFFFFFFFFFFFFFFFFFFFFFFFFFFF4F
:1011B000FFFFFFFFFFFFFFFFFFFFFFFFFFFFFFFF3F
:1011C000FFFFFFFFFFFFFFFFFFFFFFFFFFFFFFFF2F
:1011D000FFFFFFFFFFFFFFFFFFFFFFFFFFFFFFFF1F
:1011E000FFFFFFFFFFFFFFFFFFFFFFFFFFFFFFFF0F
:1011F000FFFFFFFFFFFFFFFFFFFFFFFFFFFFFFFFFF
:10120000FFFFFFFFFFFFFFFFFFFFFFFFFFFFFFFFEE
:10121000FFFFFFFFFFFFFFFFFFFFFFFFFFFFFFFFDE
:10122000FFFFFFFFFFFFFFFFFFFFFFFFFFFFFFFFCE
:10123000FFFFFFFFFFFFFFFFFFFFFFFFFFFFFFFFBE
:10124000FFFFFFFFFFFFFFFFFFFFFFFFFFFFFFFFAE
:10125000FFFFFFFFFFFFFFFFFFFFFFFFFFFFFFFF9E
:10126000FFFFFFFFFFFFFFFFFFFFFFFFFFFFFFFF8E
:10127000FFFFFFFFFFFFFFFFFFFFFFFFFFFFFFFF7E
:10128000FFFFFFFFFFFFFFFFFFFFFFFFFFFFFFFF6E
:10129000FFFFFFFFFFFFFFFFFFFFFFFFFFFFFFFF5E
:1012A000FFFFFFFFFFFFFFFFFFFFFFFFFFFFFFFF4E
:1012B000FFFFFFFFFFFFFFFFFFFFFFFFFFFFFFFF3E
:1012C000FFFFFFFFFFFFFFFFFFFFFFFFFFFFFFFF2E
:1012D000FFFFFFFFFFFFFFFFFFFFFFFFFFFFFFFF1E
:1012E000FFFFFFFFFFFFFFFFFFFFFFFFFFFFFFFF0E
:1012F000FFFFFFFFFFFFFFFFFFFFFFFFFFFFFFFFFE
:10130000FFFFFFFFFFFFFFFFFFFFFFFFFFFFFFFFED
:10131000FFFFFFFFFFFFFFFFFFFFFFFFFFFFFFFFDD
:10132000FFFFFFFFFFFFFFFFFFFFFFFFFFFFFFFFCD
:10133000FFFFFFFFFFFFFFFFFFFFFFFFFFFFFFFFBD
:10134000FFFFFFFFFFFFFFFFFFFFFFFFFFFFFFFFAD
:10135000FFFFFFFFFFFFFFFFFFFFFFFFFFFFFFFF9D
:10136000FFFFFFFFFFFFFFFFFFFFFFFFFFFFFFFF8D
:10137000FFFFFFFFFFFFFFFFFFFFFFFFFFFFFFFF7D
:10138000FFFFFFFFFFFFFFFFFFFFFFFFFFFFFFFF6D
:10139000FFFFFFFFFFFFFFFFFFFFFFFFFFFFFFFF5D
:1013A000FFFFFFFFFFFFFFFFFFFFFFFFFFFFFFFF4D
:1013B000FFFFFFFFFFFFFFFFFFFFFFFFFFFFFFFF3D
:1013C000FFFFFFFFFFFFFFFFFFFFFFFFFFFFFFFF2D
:1013D000FFFFFFFFFFFFFFFFFFFFFFFFFFFFFFFF1D
:1013E000FFFFFFFFFFFFFFFFFFFFFFFFFFFFFFFF0D
:1013F000FFFFFFFFFFFFFFFFFFFFFFFFFFFFFFFFFD
:10140000824205D051F8043B40F8043B8242F9D8AF
:10141000704700BF044A05494FF0000342F8043BFF
:101420009142FBD8704700BFC01E0020A06C002076
:1014300080B5BFF34F8F00F0BDF9534C534B0820DC
:101440005349C3F85401534AC3F800115248C3F832
:10145000F0405249FFF7D4FF514A52495248FFF732
:10146000CFFF524CFFF7D6FF4FF470004FF0E02152
:1014700000234F4AC1F8880D44F823200133B02BD4
:10148000FAD14C4B80214C4A03F8011B9342FBD10B
:101490004FF0E025494F4A4A4FF0FF31C5F8084D5B
:1014A0000026D5F8243D43F4E023C5F8243DFB692C
:1014B00023F07F0343F04003FB617B6A23F07F034B
:1014C00043F040037B629166D1661167516700F07B
:1014D00079F93C4B63223C49A3633C4BE363032310
:1014E0006A613B4AAE612B61C5F8202DD5F8FC2D11
:1014F000384B42F08072C5F8FC2D1A6842F00102A8
:101500001A605B680B6000F0E7F9334800F05CFBA1
:10151000F96E324B324A41F44051F9661E60C3F80D
:101520000861C3F81861C3F82861C3F83861936B88
:10153000DB0708D442F615632A4951651365936B9E
:1015400043F001039363264A274C936843F0011349
:10155000936000F005F900F033FB00F0EBF900F0C8
:101560002BF92368132BFCD900F07CFA2368B3F520
:10157000967FFBD300F024F900F020F900F02CFB5B
:1015800000F02EFB30BFFDE70C0D111300800D4065
:101590001B10182038FA000000000000941D0060A5
:1015A000C01E0020D017016000000020001C002099
:1015B000BD6F000000E400E0A0E400E000C00F40C8
:1015C00000C00A40198C0000102900201D8C00006A
:1015D00000002020001000E00046C3230040084027
:1015E00000400D400000C05614290020054B4FF468
:1015F0002A01054A05485A641864054A99639546C4
:10160000FFF716FF00C00A40AFAAAAAA07002000F1
:10161000000007201BB9124B1B6F9B041ED400F067
:101620003F000F4B22F0604221F0604140F48910EE
:101630001867C3F88010C3F890201A6F22F4805204
:101640001A671A6F002AFCDAD3F87011054A0A40AB
:10165000C3F870211A6F22F480321A67704700BFF6
:1016600000800D40FF7F7FFFB1F5607FF0B50E4633
:101670008DB028BF4FF460760F46054672B62E4BEC
:1016800000247022186021462C4B2D481C8000F04D
:101690008FFACFB121462A484FF0010C4A0901F0D8
:1016A0001F03013150F822400CFA03F38E4243EA43
:1016B000040340F82230F1D8284600234380013348
:1016C00000F582709E42F9D81E4C257815B162B69D
:1016D0000DB0F0BD082000F06FFA1B4B80220646CB
:1016E000009302A90693194B0271056008A80293A2
:1016F00000F06EFA06A9164A304600F075FA069B0D
:1017000008A8DB689847009B02A8DB689847237805
:10171000002BDCD10F4B104AC3F858210F49D020C1
:101720004FF0E023402281F84600C3F8082101234E
:10173000237062B60DB0F0BD442200201C6C002066
:101740004C220020366C0020540900204D59000026
:101750001B100100001C00205959000000E400E0AB
:10176000104BA020104AD96E41F4403110B4D96614
:1017700040F23764D96E41F44071D9665464906484
:10178000936C1B06FCD4094A40F23761A0235164D4
:101790009364936C13F08003FBD1054A13705DF8DA
:1017A000044B704700C00F4000400C4000800C40CC
:1017B0003C6C0020704700BF704700BF704700BFFF
:1017C00000BF704710B44FF0E023002110243248CE
:1017D000C3F8941DC3F89C4D1124C3F8A00D2F48E5
:1017E000C3F89C4D1224C3F8A00D2D48C3F89C4D9E
:1017F0002C4AC3F8A00D2C4C42F015022B48C3F81C
:101800009C4DC3F8A00D2A4C2A48C3F89C4DC3F840
:10181000A00D294CC3F89C2D2848294AC3F8A04D97
:10182000C3F89C0DC3F8A02D02F5A022254C0C3264
:101830002548C3F89C4DC3F8A02D244AC3F89C0D3D
:10184000C3F8A02D02F14062214C02322148C3F8B6
:101850009C4DC3F8A02D0A32C3F89C0DC3F8A02DEF
:1018600000BF00BF00BF00BF00BF0122C3F8942D1E
:10187000BFF34F8FBFF36F8FC3F8501FBFF34F8F6E
:10188000BFF36F8FD3F8142D5DF8044B42F4403250
:10189000C3F8142D704700BF3F0000102500080753
:1018A00009001000A06C0020130020002100020796
:1018B0001400002025000813090000101600202045
:1018C00027000B1317000040180000602F000B07C3
:1018D000190000701A000080F0B4154A40274FF438
:1018E00080314FF480564FF400554FF4404443F29A
:1018F0004200136913F0020F0ED113F4005F0FD0F2
:1019000013F4805F0ED0002BF3DA13F4803F0BD179
:101910005B060BD5F0BC7047946151619061E8E7BC
:101920005561E6E75661E4E79161E2E75761E0E778
:1019300000800D403F4A03203F49F3EE095AD2F898
:1019400080304FF0000C9FED3D6A23F001039FEDC6
:101950003C5A30B4C2F88030C2F89000D1F8E010A0
:10196000384DCBB2384C39482B6007EE903A0B0D0E
:10197000C1F30B21F8EEE77A06EE903A07EE101A63
:10198000334BB8EEC77A2160F8EEE66A314937EE9C
:10199000C66A37EEC55A76EEC76A77EEE57A26EE66
:1019A000266AC3ED006A25EE265AD2F8803067EE2B
:1019B000A64AC0ED007AC6EE275A274885EE276A68
:1019C000C4EEA76A75EE875AFCEEE55A36EE076A52
:1019D00015EE904ABCEEC66A43EA045376EE877A67
:1019E000C2F8803016EE103AD2F89041FCEEE77A59
:1019F00001EA0341214317EE903AC2F89011C3F374
:101A00000B03D2F890110B431449C2F89031D2F86D
:101A1000803043F00203C2F88030114B80F840C0A0
:101A2000C1F840314FF0E023012230BCC3F8082157
:101A3000704700BF00810D4000441F400000AA42D3
:101A40000000B442F8280020F4280020FC280020E0
:101A5000002900200000FF0F00E400E0001C00202F
:101A6000A9710000314B40F6617210B5C3F8202116
:101A700040F2044400F0C0F82D4A2E49D2F88030DC
:101A80002D4843F00303C2F880302C4BC1F860416D
:101A900002681A4203D1D1F8A8319A071BD0254A0F
:101AA0004FF00041244B5963D2F8403143F0020318
:101AB000C2F84031D2F840319B07FBD44FF40030DC
:101AC0004FF0E0211C4B4FF00042C1F88C0219206E
:101AD0009A6300F08DF8184A4FF08040154C0021B1
:101AE00090630A20164B11604FF42072C4F8A801CD
:101AF000184600F05DF84FF4800203464FF4810071
:101B000040F243111860C4F858311A640D4B0E4A64
:101B1000C4F84811C3F804224FF0E0224FF400311A
:101B20000123C2F80C11C4F8403110BD00800D40F3
:101B300000C00F4000002E4000900D40001C1E0011
:101B400000000020001C0020C973000008B50E4BE7
:101B50001B6E9B0700D4FBBE72B60C4B00200C4AD8
:101B6000C3F8400103F160430A49A3F55F23116400
:101B70009D46BFF34F8F4FF400130748074ADB69B8
:101B800002609B68984700BF00441F4000002E4041
:101B900000C00A400300200000802020000012EB5B
:101BA000F8B500BFF8BC08BC9E46704700000000B6
:101BB0005FF800F06DA300005FF800F0496C0000D2
:101BC0005FF800F0AD6E00005FF800F029650000DE
:101BD0005FF800F02D0100005FF800F04DA5000057
:101BE0005FF800F0056B00005FF800F0255F000073
:101BF0005FF800F0196800005FF800F0057B000056
:101C000005010000354B00003957000099600000C5
:101C100020036400690063006500460072006900EB
:101C200065006E006400200076002E003000310058
:101C3000220353006900670069006C0049006E00D0
:101C400073007400720075006D0065006E00740012
:101C5000730000000403090409029500030100C099
:101C600032080B0002020201000904000001020216
:101C700001000524001001052401010104240206CD
:101C80000524060001070582031000100904010065
:101C9000020A000000070503024000000705830256
:101CA00040000009040200020103000007240100B3
:101CB0000125000624020101000624020202000997
:101CC00024030103010201000924030204010101AC
:101CD000000905040240000000000525010101097A
:101CE00005840240000000000525010103000000FA
:101CF00009029500030100C032080B000202020134
:101D00000009040000010202010005240010010581
:101D100024010101042402060524060001070582AE
:101D20000310000509040100020A00000007050372
:101D300002000200070583020002000904020002FB
:101D4000010300020724010001250006240201010D
:101D50000206240202020209240301030102010215
:101D60000924030204010101020905040200020022
:101D700000000525010101090584020002000000A0
:101D800005250101030000000A060002EF020140E0
:041D9000010000004E
:101D9400000000000000000000000000000000003F
:101DA400000000000000000000000000000000002F
:101DB400F8B54FF084439D695A6915400DD0254FFD
:101DC40001269D6195FAA5F4B4FA84F457F82430F9
:101DD40006FA04F49847A543F4D11F4B9D695A6948
:101DE40015400DD01D4F01269D6195FAA5F4B4FA56
:101DF40084F457F8243006FA04F49847A543F4D140
:101E0400174B9D695A6915400DD0164F01269D61E7
:101E140095FAA5F4B4FA84F457F8243006FA04F4D5
:101E24009847A543F4D1104B9D695A6915400DD0CC
:101E34000E4F01269D6195FAA5F4B4FA84F457F87F
:101E4400243006FA04F49847A543F4D1BFF34F8F26
:101E5400F8BD00BF7817002000400042F8170020AA
:101E6400008000427818002000C00042F8180020CA
:101E74000548064B1B1AD90F01EBA301491002D0E8
:101E8400034B03B118477047C01E0020C01E00203A
:101E94000000000008B5054B1BB105490548AFF328
:101EA4000080BDE80840FFF7E3BF00BF000000006A
:101EB4002828002000440160036818470B68036069
:101EC400704700BF0B680360704700BF704700BFD6
:101ED40010B506F0BDFB1D4A1368C31AB3F5FA7FAB
:101EE40033D91B494FF0010C1A4C0B601A4910608E
:101EF40081F800C0194A21681948A2FB03C20131C4
:101F04009209216017490468A2F10B000C6042F2A7
:101F14000471884212D807EE902A9FED136AF7EEF7
:101F2400006A124AF8EEE77A86EE277AB4EE667A09
:101F3400F1EE10FA36FE877A82ED007A0C4A0D49EA
:101F44001A448A4201D80C4A136010BD6827002045
:101F54006C270020102700203D6C0020D34D621018
:101F640014290020142700200000484318270020CB
:101F7400BFF2FCFF7EB92A00A027002010B504465A
:101F840005F01AFF204610BD10B52DED068B71EE3D
:101F9400609ADFED297AF0EE408AF4EEE79AF1EEEA
:101FA40010FA23D4B0EE608A1424F0EE41AA9FED17
:101FB40023AAB0EE619A01E0013C1AD042F21071FA
:101FC400002006F079F807EE900AB0EE480AF8EE21
:101FD400E77A87EE8A7AA7EE290A70EE687AF0EE3D
:101FE400E77AF4EEC97AF1EE10FAE5DBBDEC068B84
:101FF40010BD7AEE887AB6EE007A67EE877AF4EE50
:10200400E87AF1EE10FAD8BFB1EE499A39EE280A0F
:10201400B4EEC08AF1EE10FA09D8F4EE40AAF1EE5B
:1020240010FA48BFB0EE6A0ABDEC068B10BDB0EEE4
:10203400480ABDEC068B10BD6F12833A00401C4663
:1020440010B542F21071044600202DED048BB0EE61
:10205400408AF0EE608AB0EE419A06F02DF807EE61
:10206400900ADFED205A78EEC86AB8EEE77AD4ED2C
:10207400007AB0EE480A87EE256AA6EE260A30EE0C
:10208400670AB0EEC07AB4EEC97AF1EE10FA1AD447
:102094009FED157AE0EE077AF4EEC87AF1EE10FAC5
:1020A4000ADBF4EE687AF1EE10FA78FEA77ABDEC5A
:1020B400048BC4ED007A10BDF0EE487ABDEC048BBD
:1020C400C4ED007A10BDB0EE670AF0EE491AB0EE26
:1020D400681AF0EE480AFFF757FFD4ED007A30EEA5
:1020E400670AD5E700401C466666E63E10B5064C16
:1020F400237803B910BD4FF60F0007F089FD23784C
:10210400013BDBB2237010BD496C0020F8B5534D80
:102114000027534C534B2A6804F154062DED028BCF
:10212400DFED518A9FED518A1A600621206805F07F
:1021340087FA636820EAE070002B19DDC21A217C5B
:10214400A26019BB2C2A19DDB42A1CDD637E01337D
:10215400DBB26376002B63D10023E76023766374DC
:102164002B6863611C34B442DFD1BDEC028BF8BD33
:102174000023217CC4E9010379BB0346C3EB431369
:1021840003445B11636000236376E5E7452A52DD6F
:102194000023A37607EE902AB8EEE77AC7EE287AF2
:1021A400F4EEC87AF1EE10FA42DBB7EE007AF4EE00
:1021B400477AF1EE10FA77FE277AB2F5D27FC4EDB2
:1021C400037A12DB237E012B2ED9012B94BF00232B
:1021D400012363740029C5D1C2E7A37E0133DBB2B6
:1021E400012BA37604D884ED038A00232376F0E739
:1021F40000232A68E76023746376237663741C4B98
:1022040062611B78002BADD14FF0E02340221949C5
:102214000120C3F8882181F87C00C3F80821A1E7D4
:102224000123A1762374B5E70133DBB22376CCE72F
:10223400DFED0E7AC1E7A37E0133DBB2012BA37677
:10224400D6D807EE902AB8EEE77AC7EE287AF4EEED
:10225400C87AF1EE10FAA8DAC5E700BF1429002005
:10226400FC690020506A002000000244CDCC4C3EA2
:102274005A6C00201C690020F0B5B64D83B0B64BF3
:1022840004462A681A60002800F05D8100210220BB
:1022940006F030FCFF21032006F02CFCAF4B1A782B
:1022A40032B1AF492A680968521A812A40F2D081B2
:1022B400AC4A0021127819709AB3AB4E377C002FC8
:1022C40040F0E88196F82CC0BCF1000F00F0E481E6
:1022D400A64AA74BDFEDA76A002C08BF1346A64900
:1022E400A64A03F1180411F8010B68B9D2ED007A7B
:1022F40093ED007A77EEC77AF0EEE77AF4EEE67AB9
:10230400F1EE10FA00F3E98104330432A342EAD176
:102314009B4BBCF1000F40F0D1811A78002A40F0A9
:10232400EC81984BD3ED007AF5EEC07AF1EE10FA19
:10233400C0F20681B7EE007AF4EEC77AF1EE10FA35
:1023440000F3B9819FED907A27EE876A8F4BD3ED26
:10235400007AF5EEC07AF1EE10FAC0F28F81B7EE92
:10236400007AF4EEC77AF1EE10FA00F3A1819FED42
:10237400867A67EE876A864BB1EE007AD3ED1D7AD2
:1023840067EE877AF5EEC07AF1EE10FAC0F2738147
:10239400B7EE007AF4EEC77A9FED7B7AF1EE10FA8D
:1023A40001DC27EE877AF1EE005AD3ED1E7A67EE50
:1023B400A57AF5EEC07AF1EE10FAC0F26881F7EE74
:1023C400005AF4EEE57AF1EE10FA00F36E81DFEDD7
:1023D4006E5A67EEA57A6F4B6F4ED3ED005A6F4D70
:1023E400F4EEC65A6E4C36EE656AF1EE10FA4CBF46
:1023F400B6EE005A9FED6B5A26EE056A35EE866AF4
:10240400D6ED005AF4EEE65A76EEE56A83ED006AFC
:10241400F1EE10FA4CBFB6EE005A9FED625A66EE2A
:10242400856A75EEA65AD5ED006AF4EEC76AC6ED64
:10243400005A37EE667AF1EE10FA4CBFF6EE005A07
:10244400DFED585A27EE257A76EE876A94ED007A06
:10245400B4EEE77AC5ED006A77EEC77AF1EE10FACA
:10246400B5EEC06A4CBFF6EE006ADFED4E6AF1EEDF
:1024740010FA67EEA67A37EE277A84ED007AC0F276
:102484000481DFED417AB4EEE76AF1EE10FA00F36D
:102494000A81FCEEC67ACDED017A9DF80410042081
:1024A40006F028FBD6ED007AF5EEC07AF1EE10FACC
:1024B400C0F2E9809FED347AF4EEC77AF1EE10FAB7
:1024C40000F3EF80FCEEE77ACDED017A9DF804107D
:1024D400052006F00FFBD5ED007AF5EEC07AF1EE9B
:1024E40010FAC0F2CE809FED287AF4EEC77AF1EEAE
:1024F40010FA00F3D480FCEEE77ACDED017A9DF872
:102504000410062006F0F6FAD4ED007AF5EEC07A4F
:10251400F1EE10FAC0F295809FED1B7AF4EEC77AC3
:10252400F1EE10FA00F3A080FCEEE77A0920CDED7D
:10253400017A9DF8041003B0BDE8F04006F0DABA61
:102544009FED196A02E7FF21022006F0D3FA214623
:10255400A1E600BF1429002080270020436C00203E
:10256400482700205A6C0020FC69002090190020A4
:10257400D81900208FC2753C90280020C019002073
:10258400586C00201827002000007F4324270020D7
:102594001C690020742700207C270020702700205D
:1025A40078270020CDCC4C3D00000000002F4FF0D8
:1025B400040014BFFF21002106F09CFA96F82C3089
:1025C4000520002B14BFFF21002106F093FA96F892
:1025D40048300620002B14BFFF21002106F08AFAA0
:1025E400474BB1EE007AD3ED1E7A67EE877AF5EEAB
:1025F400C07AF1EE10FA7ADBB7EE007AF4EEC77A1D
:10260400F1EE10FA76DC9FED3F7A67EE877A3E4C66
:1026140094ED007AB4EEE77A77EEC77AF1EE10FA29
:102624004CBFF6EE006ADFED396A67EEA67A77EE04
:10263400277AF5EEC07AC4ED007AF1EE10FABFF60F
:102644006BAF0021092003B0BDE8F04006F052BA98
:102654000021042006F04EFA0021052006F04AFA73
:102664000021062006F046FAFF21092003B0BDE848
:10267400F04006F03FBA9FED267A94E6DFED246A37
:1026840079E600213DE7002122E7002107E7DFED9D
:10269400207AA0E6BC461BE696F848C018E6FF215F
:1026A4002FE7FF2114E7FF21F9E6DFED167A92E622
:1026B400DFED146A5FE69FED136A47E6154A0121D0
:1026C4001970296811602A68521A40F6B8318A4292
:1026D4007FF66CAF00221A7023E601220E4B2968A4
:1026E4001A700C4A1160BCF1000FE8D1EBE7DFED82
:1026F400087A8CE7DFED037A89E7064A1168E2E796
:102704001C69002000007F4378270020CDCC4C3D7D
:10271400000000006C6A0020586C00202DE9F04F86
:102724002DED108B8DB0054605F010F80446089089
:1027340005F00CF80990002C00F0C981002800F085
:10274400C18105F58044D4ED217A94F8C530CDEDEE
:10275400017AD4ED237A0093CDED047AD4ED2C7A6A
:1027640094F8C630CDED027AD4ED2D7A0A93CDEDEE
:10277400037AD4ED357AD4ED209A94ED22EA94EDDF
:10278400248AD4ED25EA94ED26BAD4ED27BAD4ED03
:1027940028CAD4ED29DA94ED2ACAD4ED2BAA94EDF3
:1027A4002EDA94ED2FAA94F8C48094F8C860D4ED7E
:1027B400308A94F8C7B094F8CC90D4F8D0A0CDED7A
:1027C400067AD4ED367A94F8DC30CDED057A0793A9
:1027D400002E40F02381374684F8706094F87C30F2
:1027E400CBB3DFEDCD7A002394ED077AE36327EED4
:1027F400277A23646364A364002384ED077A94ED49
:10280400087A84F87C3027EE277A84ED087A94EDF0
:10281400097A27EE277A84ED097A94ED0A7A27EE6D
:10282400277A84ED0A7A94ED0B7A27EE277A84EDE1
:102834000B7A94ED0C7A27EE277A84ED0C7A94EDDA
:102844000D7A27EE277A84ED0D7A94ED0E7A67EEF1
:10285400277AC4ED0E7A94F87D30002B4FD04FF0D8
:102864007853F7EE007AB4F818C0BFEE005AE36468
:102874000023ACF1400AF0EE675A636240212363FF
:102884000023ACF1290C9FEDA56A84F87D3041F258
:102894000C0EA34BDFEDA36A6363A34B0B94A363FA
:1028A400A24BE361A24B2362A24BA362A24BE3625D
:1028B40003E010F0400F45FE857A27EE867A88B251
:1028C40067EEE67A0CEB010300EB0A02B1F5805FD8
:1028D400BDEEC77AC3F30B03C2F30B02FDEEE77A36
:1028E400734401F1400102F10C0217EE104A25F87D
:1028F400124017EE902A25F81320DAD10B9CDFED55
:102904008F7AB4EEE78AF1EE10FAC0F25486DFED66
:102914008C7AB4EEE78AF1EE10FA00F37E86DFEDEE
:10292400897A9FED890A68EE277A87EE800A08F093
:102934005FFADFED867A30EE008AB4EEE78AF1EED4
:1029440010FA80F29286B0EE678ADFED817A9FED0D
:10295400817AB0EE679AAEEEC79A9FED7F7AB4EEB5
:10296400C79AF1EE10FAC0F22286B4EE679AF1EE3D
:1029740010FA37FE899ABBF1000F03D0636D002B68
:1029840000F01D8694F85830002B40F02A860A9BEC
:10299400002B00F08E80DFED719AF2EE087AEAEEF9
:1029A40067DAF0EE007AF4EEE7DAF1EE10FAC0F24C
:1029B400F885F3EE007AF4EEE7DAF1EE10FA00F3BC
:1029C4002686F7EE000A7DEEE00AB0EE000A08F073
:1029D4007FF8009BB0EE40AA002B00F08480DFED6E
:1029E400607A94ED140A30EE270AF7EE007AB4EE1A
:1029F400E70AF1EE10FAC0F2F08530EE670A84EDD2
:102A0400140A30EE000ADFED4F7A20EE270A08F0B0
:102A1400EFF9DFED547A20EE270A66E01F462BB16A
:102A240094F87010002900F0FC850F46E36E84F8DA
:102A3400707053453FF4D2AE9DED066A9FED4A7A1D
:102A4400DFED4A7ADFED4A6AE6EE077A9FED497ACE
:102A5400C4F86CA0E6EE076A9DED056AB5EE007A4F
:102A6400E6EE077A94ED187AF4EEC76AF1EE10FAFE
:102A740088BFB0EE667ADFED406A84ED187A94ED93
:102A8400197AF4EEC77AF1EE10FA88BFB0EE677ADD
:102A9400D4ED0E7A84ED197A94ED0D7A37EE267A18
:102AA40084ED0D7A9FED1C7A77EEC77AC4ED0E7A29
:102AB40094E6F5EEC09AF1EE10FA80F29E85DFED11
:102AC4002F9A6AE7089B13B1184604F095FE099BF8
:102AD400002B00F07D8518460DB0BDEC108BBDE8D1
:102AE400F04F04F089BE9FED250A089B099A191D31
:102AF40003F5827E101DDFED1AFA9FED21FA9FED9A
:102B0400212ADFED11EADFED171A9FED1F5ADFEDE1
:102B14001B6A009744E000BFCDCCCC3D0080224529
:102B24000AD7233E00800945B81E05BE0AD7A33D37
:102B34000AD7233D295C8FBD295C0F3D000020424C
:102B44000080BB45DB0F494000442C4717B7D13800
:102B54006666E63F14AEC73ECDCC4C3D9A99993F8C
:102B6400EE42E4369A99993ECDCC0C3F3333333F51
:102B740014AE473FAE47613E8FC2F53D00000000F2
:102B84006F12033C6F12833A00FEFF4600230231AA
:102B9400023021F8023C714520F8023C00F0A48385
:102BA400009B002BF2D1D4ED137AB7EE007A77EEC6
:102BB400AF7AF4EEC77AF1EE10FAA8BF77EEC77ACF
:102BC400B6EE007AC4ED137AF4EEC77AB1EE007A69
:102BD400F1EE10FA40F1D183BFEE006AA7EE876AE6
:102BE400B4EEC2DA26EE0F6AF1EE10FA12DDA76E29
:102BF400CA4BCB4ADFEDCB7A03FB07239FEDCA7A9E
:102C0400A3665B0AADEE277A07EE903AFAEEE47A11
:102C1400A7EE276A002E49D0F7EE005ADFEDC37AFB
:102C24009DED064AA76EE4EE275ABC4BBC4ADFED85
:102C3400C07A03FB0723DDED054A94ED197AA366F8
:102C44005B0AE4EEA75ADFEDBB4A07EE903AFAEED0
:102C5400E47A67EE877A67EEA47A67EEA57ADFED09
:102C6400B65A27EE257ADFEDB55AE6EE217AB4EEB0
:102C7400657AF1EE10FAB0EE676A48BFB0EE667A94
:102C840084ED197AB9F1000F00F02F849FEDAC7A2E
:102C9400DFEDAC7ADFEDAC5AE4EE077A94ED187A06
:102CA40077EEC77AA7EEA57A84ED187ADDED037A7C
:102CB400F7EE004A9DED047A94ED0D1A37EE874A3B
:102CC400D4ED0E0AF0EE645A2EEE2E7A61EE047AFA
:102CD40020EE844AE7EEA15AF0EE647AE4EE217A1B
:102CE40075EE805A65EE875A77EE807AF4EEE45AF0
:102CF40067EE877AF1EE10FAC0F24E83DFED934A65
:102D0400F4EEE45AF1EE10FA00F30B84FCEEE54A1B
:102D140014EE903A9AB204EE902AF8EEE44A75EE74
:102D2400E45AF7EE004AF4EEE47AF1EE10FAC0F257
:102D34002F83DFED864AF4EEE47AF1EE10FA00F325
:102D4400F683FCEEE74A14EE903A9BB204EE903A16
:102D5400F8EEE44A77EEE47AB4F818C041F20C0BCA
:102D6400F4EEC2CAACEB0202ACEB030302F6FF7A48
:102D7400C2F30B02F1EE10FACAF30B0A02F10C02D1
:102D84000AF10C0A35F9122035F91AA004EE902A3A
:102D9400AAEB020A03F6FF72F8EEE44AC3F30B034C
:102DA40004EE10AAC2F30B025B44B8EEC44A5A44C0
:102DB40035F913A035F91230E4EE254A05EE90AA50
:102DC400A3EB0A03F8EEE55A84EE854A04EE903A42
:102DD400F8EEE44AE4EEA75AC5EE853A34DDDFEDB9
:102DE4005C7A67EE277AB7EE007AF4EEC77AF1EEF2
:102DF40010FAC0F2AF839FED557AF4EEC77AF1EE84
:102E040010FA00F3AE83FCEEE77A17EE903A9BB229
:102E1400ACEB0303C3F30B0305EB430303F50052CD
:102E2400B3F9183007EE103AB2F9183007EE903AB9
:102E3400B8EEC77AF8EEE77AC7EE055A87EE857AD8
:102E4400A5EEAC4AE7EE2C3AB0EE467ADDED024A46
:102E5400DDED017A63EEA95A9FED3E3AA4EE297A9C
:102E640077EEA47AE6EE035AF6EE004AB0EE676A0D
:102E740027EE0B7A65EE8B5A27EE2B3AA3EE246AE3
:102E8400B4EEE46AF1EE10FAC0F28D82F2EE024A78
:102E9400B4EE646AF1EE10FA34FE866AF6EE004A85
:102EA40025EEAB3AE3EE247AF4EEE47AF1EE10FA8E
:102EB400C0F27682F2EE024AF4EE647AF1EE10FA8F
:102EC40074FEA77A27EE067A0823B7EE006A009FFD
:102ED400BFEE003AF8EE002AF0EE004A03E0013BB0
:102EE40034EEC77A0DD0B4EEC67AF1EE10FAF6DC01
:102EF400B4EEC37AF1EE10FA03D5013B32EEC77A91
:102F0400F1D165EEA77A0823B7EE006AFFEE004A16
:102F1400B8EE003AF0EE005A2CE000BF0D6619003E
:102F24005FF36E3C295C8F3D0AD7233C9A99993F05
:102F34003333333F295C0F3D4BC87F3F17B7D1383C
:102F44000AD7A33E7B142E3FFAED6B3A00E07F458F
:102F5400A01ACF3FEC51783F40A47F3FFFFF7F7F13
:102F64001F852B3FCDCCCC3E000000C7013B75EE46
:102F7400E77A0DD0F4EEC67AF1EE10FAF6DCF4EE50
:102F8400E47AF1EE10FA03D5013B73EE677AF1D1DE
:102F9400B2EE0F6A0097F4EEC6DAF1EE10FA0BD532
:102FA40027EE0A7A2AEE276AF8FE477A87EE8A7AAB
:102FB400B8FE466AC6EE0A7AF4EEC28AF1EE10FA58
:102FC40000F3F481D4ED084A94ED076AD4ED0B5A6A
:102FD400A4EE886A37EE467A84ED076AB0EEC64AF4
:102FE400A4EEC97AE7EE084A84ED097A94ED0A7AE8
:102FF400A5EE887AC4ED084A77EEC77A84ED0A7A9A
:10300400E5EEC97AE7EE885AC4ED0C7A5FED2D7AC5
:10301400B4EE674AF1EE10FAC4ED0B5A00F27B816C
:1030240074EEC64AF0EEC77A1FED344AF4EE447AE1
:10303400F1EE10FA00F27A8175EEC75A7CEE0C7A42
:10304400A7EEA46AD4ED104AA7EEA57AD4ED0F7AC0
:103054005FED3F5A76EE677A84ED0F6A94ED116A5C
:1030640084ED117A37EE467A94ED126AE4EEA57A8D
:10307400A6EE257AC4ED107A84ED127AB8F1000F29
:103084003FD13EB194ED186AB5EEC06AF1EE10FA84
:1030940040F26A82BFEE006AF4EEC67AF1EE10FAEC
:1030A400C0F25C82B7EE006AF4EEC67AF1EE10FA72
:1030B40000F36B8227EE856ABDEEC66A16EE103AFF
:1030C4000FFA83FABFEE006AB4EEC67AF1EE10FA94
:1030D400C0F24282B7EE006AB4EEC67AF1EE10FA9C
:1030E40040F35C8247F6FF7205EB4C030CF1010CD4
:1030F400A3F818A0CCF30B0C03F500531A83A4F81F
:1031040018C03EB194ED186AB5EEC06AF1EE10FA3B
:1031140040F21582F0EE675AB0EE476A6AEEA77A7B
:10312400C4ED0D5AF9EE004A84ED0E6AF4EEE47A29
:10313400F1EE10FAC0F22981B1EE006AF4EEC67A1B
:10314400F1EE10FA00F3EA81F3EE0B5A27EEA76AC8
:10315400B2EE024AF0EE654AE6EE044A36EE256A1D
:1031640026EE276AC6EE247A2AEE877AB9EE006A3A
:10317400B4EEC67AF1EE10FAC0F20481B1EE006A40
:10318400B4EEC67AF1EE10FA00F3D681F3EE0B5AE0
:1031940027EE076AB2EE024AF0EE654AE6EE044A0A
:1031A40036EE256A26EE076A86EE247AF6B194EDA9
:1031B400186AB5EEC06A67EE867A27EE067AF1EEF3
:1031C40010FA13D8C4ED096AC4ED086AC4ED076A9D
:1031D400C4ED0C6AC4ED0B6AC4ED0A6AC4ED126A4C
:1031E400C4ED116AC4ED106AC4ED0F6AF0EEE75A3B
:1031F4001FEDA66AF4EE465AF1EE10FA00F2B8801A
:1032040027EE856A5FEDAA4ABDEEC66AB8EEC66AC5
:1032140026EE246AF0EEC74A5FEDB07AF4EE674A10
:10322400F1EE10FA00F29F8067EE057A1FEDB47A92
:10323400FDEEE77AF8EEE77A67EE877A94ED1D7A89
:10324400B4EEE57A94ED1D7AF1EE10FA40F1848043
:1032540035EEC77A5FEDBD5A67EE255A94ED1D7AB7
:1032640037EE257A84ED1D7A94ED1E7AB4EEE47A75
:1032740094ED1E7AF1EE10FA67D534EEC77A5FED5D
:10328400C74A67EE244A5FEDC85A94ED1E7AB4EE3D
:10329400E56A37EE247AF1EE10FA84ED1E7A52D400
:1032A400B4EEC56AF1EE10FA00F33581BDEEC66ADC
:1032B40016EE103A1BB21FEDD47A0B80F4EEC77AE7
:1032C400F1EE10FA3DD4F4EEC57AF1EE10FA00F303
:1032D4001F81FDEEE77A17EE903A1BB202310380AC
:1032E400023071457FF45CAC089E284600223146CA
:1032F40004F0AAFA099C01222846214604F0A4FA03
:10330400304604F079FA20460DB0BDEC108BBDE8D0
:10331400F04F04F071BAF0EE664AC4ED096AB0EEFB
:10332400666AC4ED086AC4ED076A7BE6B0EE667AA5
:10333400C4ED0C6AF0EE665AC4ED0B6AC4ED0A6A79
:103344007CE6CF4BCAE7CE4BB5E774EEC74A9FED98
:10335400CD7A64EE874A96E775EEC75A9FEDC97A2F
:1033640065EE875A7AE7F0EE667AF0EE664A65E72C
:10337400B0EE666AF0EE665A4CE7B0EE086AA7EE65
:10338400C76A2DE49FEDC07A10E7DFEDBF7AEBE664
:10339400F0EE667A0123DFE4F0EE665A0122C0E41F
:1033A400F0EE647A8EE5B0EE646A77E5DFEDB75A45
:1033B40068EEA33A9FEDB66AA8EEA56AF9EE005A44
:1033C400E0EE863AF4EEE53AF1EE10FAC0F2D78078
:1033D400F1EE005AF4EEE53AF1EE10FA00F3D8807B
:1033E400F3EE0B4A63EEA35AF2EE022AB0EE643A0D
:1033F400A5EEA23A75EEA45A65EEA34AC4EE835A2A
:1034040024EE684AA1EE064AB9EE006AB4EEC64A52
:10341400F1EE10FAC0F2B680B1EE006AB4EEC64A1C
:10342400F1EE10FA00F3B780F3EE0B4A24EE046ACF
:10343400B2EE023AF0EE643AE6EE033A36EE246A6D
:1034440066EE044A84EEA36A0823009FB0EE004AA5
:10345400F1EE0A4A77EE255AF0EE442AFFEE003ADE
:10346400B8EE003AE8EEA42AF7EE004A65EEA25A56
:1034740003E0013B74EE655A0DD0F4EEE45AF1EE2C
:1034840010FAF6DCF4EEE35AF1EE10FA03D5013B40
:1034940073EE655AF1D137EE866A0823F7EE004AD7
:1034A400FFEE003A26EE226AB8EE003AB0EE004A89
:1034B40003E0013B34EE466A0DD0B4EEE46AF1EE6B
:1034C40010FAF6DCB4EEE36AF1EE10FA03D5013B30
:1034D40033EE466AF1D175EEC75A009736EE676A45
:1034E400A8EEA57AE8EE867A6CE59FED6A7AD4EDCB
:1034F400187A67EE877A9FED687AF4EEC77AF1EE70
:1035040010FA21D4079BFBB9C4ED187AFFF7CEBBA0
:1035140047F6FF73E2E647F6FF73CCE6DFED5F7A2A
:1035240022E6F0EE665A40F6FE72FFF7FABBF0EEC2
:10353400667A40F6FE730FE49FED587A36E6F0EEB5
:10354400665AB0EE666AE9E5C4ED186AC4ED196A14
:10355400FFF7ACBB01235BE4514AC5E5DFF840A1AA
:10356400B0E540F6FE7353E4B0EE666AC24626EE5A
:10357400056ABDEEC66A16EE103A1AB2B4E5DFED7E
:10358400425A3DE79FED406A5EE747F6FF7A99E5C8
:10359400DFED425A34E79FED416A55E7B0EE476AE2
:1035A400E5E7F0EE67DAF7EE000AFFF70EBAB0EEE1
:1035B400479AFFF7E0B99FED3B8AFFF7C6B90123AD
:1035C400DFED399A84F8583002236365FFF7E5B9D3
:1035D4000DB0BDEC108BBDE8F08F84ED140AFFF73D
:1035E40010BA636D0133112B63657FF6D4A90023F0
:1035F40084F858306365FFF7CAB9DFED2B7AF4EE2F
:10360400679AF1EE10FA77FEA99AFFF7C6B9F0EEC1
:1036140067DAF2EE0E0AFFF7D8B9B6EE008AFFF7C2
:1036240094B94FF4005205F118000B9108F066FDAF
:1036340042F218000B994FF40052284408F05EFD42
:1036440000230B99636721836363A363636223622B
:10365400E3612363E362A362A36463642364E363B7
:1036640023666366A367FFF7E1B9F6EE007AB4EE6A
:10367400678AF1EE10FA37FE888AFFF766B900BF51
:103684000080FFFF0AD7A33BA0BF80BFCDCCCC3FB7
:103694003333333F52B87E3FA69BC43AA0BF803F2A
:1036A4000180FFFFE6BEBA3B9A99993F0022034688
:1036B40013494FF4806C10B4124C43F8284BA0F813
:1036C40008C0C0E903230B68C0E90A22C0E90C2240
:1036D4009BB11A465B69002BFBD1506100224FF469
:1036E400803309495DF8044B426142608272016093
:1036F400C0E90633C0E9083370470860EEE700BF4D
:103704004822002010090020040900202DE9F84374
:10371400DFF8788007461C4E002208F15405434622
:1037240000203168D8601A745A7459611A765A762E
:103734009A76C3E901221C33AB42F2D1142004F07F
:1037440033FFF7B1013F0124FFB20237C146661EC1
:10375400D9F80000062103F073FF002807DDD9F82B
:10376400043003FB060090FBF4F0C9F8040009F1EF
:103774001C09A945ECD10134042004F015FFBC4216
:10378400E4D1BDE8F88300BF14290020FC690020BF
:103794004B4B40F2ED221968914279D949491A6894
:1037A4000868121A112A73D91B682DE9F047464F8D
:1037B4004FF4D019DFF81C81444E2DED028B0B60C1
:1037C40082B09FED438A002156E0F4EEC87AF1EE10
:1037D40010FA64DCFCEEE77ACDED017A9DF804A0E2
:1037E4005346F6EC017A67EE887AF5EEC07AF1EE8C
:1037F40010FA4EDBF4EEC87AF1EE10FA4CDCFCEE73
:10380400E77ACDED017A9DF804502C4698F8002013
:10381400FF2A05D09A1A002AB8BF5242012A0DDDA8
:103824001B06A9F5C0224BF20B0003F0FE43134321
:10383400184306F0EDF9012188F800A098F8063045
:10384400FF2B05D0E31A002BB8BF5B42012B0CDD24
:1038540024064BF20B0004F0FE4444EA090420431E
:1038640006F0D6F9012188F8065009F5803908F1E7
:103874000108B9F5001F15D0F7EC017A67EE887AD4
:10388400F5EEC07AF1EE10FA9FDA00239A46A8E723
:10389400704700242546B9E77F242546B6E77F23F1
:1038A4009A469EE721B902B0BDEC028BBDE8F087D1
:1038B40002B0BDEC028BBDE8F04706F0B1B900BF21
:1038C400142900205027002090190020D819002026
:1038D4000000FE4278190020F0B53D4C3D4A2368B3
:1038E4003D4983EA43333D489FED3D0A83EA534310
:1038F4002DED028B83EA4313127883B0B2EE088A6B
:103904001A442360A1FB021323F0010101EB5303CA
:10391400D21A00EB8203D3ED000A07F0D9F8DFEDE9
:10392400317A20EE270AB4EEC80AF1EE10FA35DB3C
:10393400DFED2D7AB4EEE70AF1EE10FA45DCDFEDA7
:103944002B7A80EE270A07F059F8DFED297AE0EEAA
:10395400087AF4EEC87AF1EE10FA1FD49FED257AB6
:10396400F4EEC77AF1EE10FA2FDCFCEEE77A224E81
:10397400224C234FCDED017A9DF804502B0403F41F
:10398400FE031E43237883B13B7848F208001B04EE
:1039940003F4FE03184306F03BF906E0194E0C2528
:1039A400164C174F2378002BEED1304606F030F931
:1039B40006F036F90123144A23701268134B3D7044
:1039C4001A6003B0BDEC028BF0BD114E7725E7E71A
:1039D400F0190020576C0020ABAAAAAA9019002065
:1039E4000000004200005C4200803B460000DC43D3
:1039F40000008A420000EE4209900060566C0020EC
:103A04000E1A002009900C60142900205C6A002022
:103A14000990776038B5044604F01AFE164B17492E
:103A24001A7803469AB10A6841F288309A1A824297
:103A34000CD90B600123124A124D13482B701368E2
:103A4400006812490133086013608CB938BD0A68F4
:103A540041F288300E4C4FF0010C9A1A84F800C0E1
:103A64008242F3D90B4A0B6013686344136038BD78
:103A7400BDE83840FFF730BF5A6C0020606A002070
:103A84007C6A0020556C002014290020586A00200C
:103A9400416C0020646A00202DE9F0471620804C18
:103AA40004F03EFB07EE900ADFED7E5AF8EEE76A7B
:103AB4007D4B9FED7E6AD3ED007A86EEA57A7C4A33
:103AC4007C4811687C4E77EE676A80ED007AE6EEFA
:103AD400867AC3ED007ACB0703D4012123681160F1
:103AE4003360764D2B78D3B1DFED756AB4EEE67AA8
:103AF400F1EE10FA3FDDDFED736AB4EEE67AF1EE33
:103B040010FA6CDD704B0121704A1B78117013B1EF
:103B14006F4B01221A7023683360BDE8F087DFED34
:103B24006D6AB4EEE67AF1EE10FA44DDDFED656A13
:103B3400B4EEE67AF1EE10FA4BDC9FED677AF4EE20
:103B4400C77AF1EE10FACCBF4FF001094FF000092B
:103B540004F07EFDDFF8C4A1226807465F4B3260A3
:103B6400DAF80020A0EB02085D4A4344934257D997
:103B7400CAF800703EE0DFED5B6AF4EEE67AF1EE3F
:103B840010FAB8DC504A002312782B702AB1564937
:103B940022680968521A462A1ED8236847F230520E
:103BA40031685B1A934204D900235049474A0B7089
:103BB4001370BDE8F087DFED4E6AF4EEE67AF1EEBD
:103BC40010FADFDDDFED3F6AB4EEE67AF1EE10FACB
:103BD400B3DD4FF00109BBE73D4A1370DDE79FED0C
:103BE4003E7AF4EEC77AF1EE10FACCBF4FF0010939
:103BF4004FF000090123354A2B701370324B1B78A8
:103C0400002B88D0B9F1000F82D1374A236812689B
:103C14009B1A462B7FF67FAF2D4B83F800907AE7F3
:103C2400324B01201870FFF7F5FE324B2168A3FBDD
:103C34000823314A9B09116040F68432A3F1330111
:103C4400914212D807EE903A9FED2C6AF7EE006A83
:103C54002B4BF8EEE77A86EE277AB4EE667AF1EE2D
:103C640010FA36FE877A83ED007A264B264A4344BF
:103C740093423FF67DAF254A0023C2F80080244AD0
:103C8400DFF89C801370234A137098F800301BB936
:103C9400002388F800306BE71F4804F08DF8F7E73D
:103CA4001429002000F07F45242700200AD7A33CD4
:103CB4003C220020202700201C2300203F6C0020F1
:103CC400BC74933C0AD7A33D5A6C0020406C00207E
:103CD400556C00208FC2F53CCDCCCC3DAF3CFFFFF2
:103CE4006E032D00295C0F3D586A00203E6C0020B5
:103CF400CDCC4C3DD34D6210142700200000484326
:103D040018270020BFF2FCFF7EB92A00A02700205C
:103D1400486C0020496C00208419002020230020D6
:103D24004A6C00200A2038B504F0FAF907EE900A2C
:103D3400DFED346AB8EEE77AC7EE267AF5EEC07A9C
:103D4400F1EE10FA36DBB7EE007AF4EE477AF1EED4
:103D540010FA77FE277A2C4BDFED2C6A93ED007A6C
:103D640077EEC77AA7EEA67A83ED007A72B6284A70
:103D7400002413781470DBB262B6F3B9254B264ADB
:103D84001B6812689B1AB3F5FA7F0FD9234BDFED3A
:103D9400246AD3ED007A9FED237A67EEA67AF4EED7
:103DA400C77AF1EE10FA02D500221A6038BDC3EDCD
:103DB400007A38BDDFED1C7ACDE70120FFF72AFE3B
:103DC4001A4B1B4A19689142D8D918681949884274
:103DD400D4D81B68013118488B42184D28BF0B46B4
:103DE4001749934238BF1346164A03600C70147087
:103DF4002B7813B900232B70C0E7134803F0DCFFC2
:103E0400F8E700BF00F07F451C270020CDCCCC3C58
:103E14003D6C0020142900201427002018270020BE
:103E24003333733F0AD7233C000000006C27002083
:103E3400400D0300BFC62D00A02700204A6C0020BF
:103E4400486C0020496C00208419002010B50D4CEA
:103E5400237833B10C4B0D4A1B6812689B1A462B0E
:103E640000D810BD0A4B48F208001B781B0403F469
:103E7400FE03184305F0CCFE05F0D2FE00232370A8
:103E840010BD00BF566C0020142900205C6A00207D
:103E94000E1A0020574B1B78F0B58DB0002B34D090
:103EA400554B1C78BCB9554D554C2B784BB92378E0
:103EB4003BB9544B1A6822B11E6842F6F7639E421E
:103EC4006AD823782BB1504B1B7803F0FF06002BE4
:103ED4004AD00DB0F0BD4D4B1B684BB94C4B1B7811
:103EE400002BF6D0454D464C2B78002BDFD0E8E76D
:103EF40004F0AEFB474A484B1268801A9842D2D964
:103F0400434B1B78002BEDD1E3E73B4C2378002B8C
:103F1400E1D13E4B1B687BBB3D4B1C78002CC2D1CE
:103F24003E4BD3ED010AF5EEC00AF1EE10FA5DDB6B
:103F3400F7EE007AF4EE670AF1EE10FA77FEA00AC3
:103F4400B2EE000A06F0C4FDF3EE0E7A9FED347A69
:103F54002C4B20EE270AC7EE007AFCEEE77AC3ED7D
:103F6400007A002C9FD0B6E72E4803F025FF1823D3
:103F740026702B700DB0F0BD04F06AFB254A264B69
:103F840012682478801A98428CD9214B1B78002B14
:103F9400C6D0002C87D09EE74FF60F00012705F00E
:103FA40037FE05F03DFE1722174B02A908A81A7028
:103FB4001D4B2F70009306931C4B0293FDF77EFF5D
:103FC4001B4B06A91748A3FB0636360906EB460623
:103FD400F200013A03F06EFE069B08A8DB689847DE
:103FE400009B02A8DB68984727706AE7DFED110A97
:103FF400A6E700BF5A6C00204C6C0020486C0020DF
:104004004A6C0020A0270020496C00206C27002067
:104014003E6C0020682700207FC3C901D819002006
:10402400C0E1644C84190020540900205D030000A1
:10403400ABAAAAAA000000005D4B1A682DE9F04F54
:104044000446D0072DED028B83B005D459490120D5
:10405400594A096818601160584B1A68D10705D489
:1040640054490120564A096818601160554B1A6872
:10407400D20705D44F490120534A096818601160DA
:10408400524D2B68DB0740F1E68194F84850002D2F
:1040940040F0BA814E4B474E4B4AD3ED1D8A11680E
:1040A40093ED1E8A33685B1A272B5DD99FED497AFD
:1040B400336868EE877A1360F5EEC07AF1EE10FA91
:1040C400C0F23382F4EEC77AF1EE10FA00F3DA812B
:1040D400FCEEE77A404817EE903A1B0603F0FE43E5
:1040E400184305F095FD9FED3B7A68EE077AF5EEEF
:1040F400C07AF1EE10FAC0F24D82F4EEC77AF1EE16
:1041040010FA00F34E82FCEEE77A344817EE903A48
:104114001B0603F0FE43184305F07AFDF7EE007A20
:1041240094ED017AB1EE046ADFED2A6A37EE677A1C
:10413400C7EE067A67EEA67AF5EEC07AF1EE10FACB
:10414400C0F2F581F4EEE67AF1EE10FA00F327827C
:10415400FCEEE77A224817EE903A1B0603F0FE4382
:104164001843012505F054FD1E4B1A68002A45D159
:104174001D4B1E4F1B68002B45D004F069FA1C4BE5
:104184001B68C01A1B4B98423DD894F84730002B4B
:104194004ED1DFF8649099F80030002B40F02D8266
:1041A400002D40F02A8103B0BDEC028BBDE8F08FF6
:1041B4003822002014290020182300203022002057
:1041C4001023002034220020142300202C2200205D
:1041D4001C6900200000FE420BB010000BB011005F
:1041E4000BB01200A02700206C27002020A107009C
:1041F400682700207FC3C9013A6C00201F68CD4B9B
:104204001B68002BB9D1CC4B1B78002BBDD1CB4BF9
:104214001B78002BB9D1DFF85C8304F019FAD8F8C5
:104224000030C01A8742B0D804F012FAC8F800006F
:10423400B7EE007AD4ED017AB1EE046AC04B77EEA2
:10424400C77A83ED007AC7EE866AF5EEC06AF1EEAE
:1042540010FA11DBF4EEC76AF1EE10FA00F30C81E8
:10426400DFEDB87AB0EE677AA6EEA77AB4EEE77A15
:10427400F1EE10FA80F2F8804FF0240A4FF4101B8C
:104284005746DFEDB16AB7EE007ADFEDB07AE8EEBB
:10429400A67AF4EEC77AF1EE10FAC0F223819FED0C
:1042A400AC7AF4EEC77AF1EE10FA00F37581FCEE05
:1042B400E77A17EE904A240604F0FE44DFF8D09221
:1042C400A44D99F80030002B40F01681DFF8A0824D
:1042D4004BEA040049F2090B40EA0B0005F098FC94
:1042E4009D4B93F90030534483F30703534500F087
:1042F400B98044EA0340DCB240EA0B0005F088FCD4
:104304000123326895492F701D4689F800300A60F0
:10431400934B316888F80040196033689B1AC82BA6
:1043240052D88F4A336811685B1A192B7FF638AF5D
:104334008C4B31681B781160002B00F0A5807E4BFC
:104344001B78002B40F0A080874B9FED817AD3ED42
:10435400007AC8FEA78A68EE878AF5EEC08AF1EE75
:1043640010FAC0F23981F4EEC78AF1EE10FA00F3C4
:104374003681BCEEE87A4DF20D0017EE103A1B04BC
:1043840003F4FE031843F6EE006ABFEE007A77EEFC
:10439400E67A77EEA77AF4EEC77AF1EE10FAC0F275
:1043A4001481B7EE007AF4EEC77AF1EE10FA00F356
:1043B4000F819FED6E7A67EE877AFDEEE77A17EE4E
:1043C400903A1CB2254671E0624B48F20805684CED
:1043D4001878000400F4FE00284305F019FC237843
:1043E400FF2B07D01B0403F4FE00284305F010FC48
:1043F400FF232370002389F8003003B0BDEC028B47
:10440400BDE8F04F05F00CBCDFF8849199F800305A
:10441400002B3FF4C8AE4F4B48F20805544C1878B3
:10442400000400F4FE00284305F0F2FB2378FF2B80
:1044340007D01B0403F4FE00284305F0E9FBFF2327
:10444400237005F0EDFB002389F8003003B0BDECC8
:10445400028BBDE8F08F04F0FBF8464A012310609C
:104464002B6012E6FF244BE7DFED437AB4EEE77AE4
:10447400F1EE10FA40F3B5804FF0480A4FF4900B78
:104484005746FEE63D482CE6DFED317A68EEA78A12
:10449400F5EEC08AF1EE10FAC0F29280F4EEE78AEB
:1044A400F1EE10FA7FDD002535482C46354E05F037
:1044B400AFFBB6F90030EB1A002BB8BF5B42322BCE
:1044C4009BDD05F30D054EF20E0005F500552B049A
:1044D400ED1103F4FE0343EA0563184305F098FB6A
:1044E40034808AE7DFF8A8904FF08074194D99F86A
:1044F4000030002B3FF4EAAE287848F20803DFF8D6
:104504007080000400F4FE00184305F081FB98F865
:104514000000FF283FF4DCAE000448F2080300F476
:10452400FE00184305F074FBD2E61748D9E5174896
:1045340017E600BF6C2700203E6C00204C6C002066
:10454400882700200000104200009A4200004842E0
:104554000000FE420B1A00204D6C0020182300209E
:1045640010230020406C00202427002000F8FF4581
:104574000A1A00200C230020000090420BB0107F88
:104584000DD07F00226C00200BB010000BB0120085
:104594003A6C00201A48BFE54FF0FE448EE61948F5
:1045A400DFE51948B8E5FCEEE87A4DF20D00002588
:1045B40017EE903A2C461B0403F4FE03184375E7E8
:1045C40000254DF20D002C4670E7104D2C466DE78A
:1045D40041F6FF752C4669E74DF20D00D3E60C4811
:1045E400D1E6FCEEC77ACDED017A9DF804704FEA6E
:1045F400074BBA460BF4FE0B43E6064B1A688CE6EF
:104604000BB011000BB0127F0BB0117F01E0FFFF64
:104614000DD07F00182300202DE9F8431C49002405
:104624001C4A00231C4D0C7014701C491C4A2F7822
:104634000B601360E7B91B4C48F208091A4D4FF0A0
:104644000008E61C14F8013B33B9B44205F1010536
:10465400F8D1CFB9BDE8F88328781F46000400F4E8
:10466400FE0040EA090005F0D3FA04F8018CECE7F7
:104674000E4B48F208001B781B0403F4FE03184396
:1046840005F0C6FA2C70D6E7BDE8F84305F0C8BAC1
:10469400596C0020556C0020566C0020706A002074
:1046A400746A0020A82700208C1900200E1A00200C
:1046B4002DE9F843AB4D4FF00008AB4CAB4E2DED5C
:1046C400048B9FEDAB8A9FEDAB9ADFEDAB8A0020A4
:1046D40005F04CFB002839D02378F82B48D09A1DDC
:1046E400D2B2012A68D9FC2B00F0C380902B6DD084
:1046F400802B00F0C780B02BE9D1A04BA04A1B78D7
:104704001178A3F11402D2B20B2A40F202814A2B8F
:10471400DDD19C4B1B78002BD9D007EE901A9A4B15
:104724009A4A0021F8EEE77A87EE887A83ED007AD8
:10473400974B83ED007A01231370964A1170964AC1
:104744000020137005F012FB0028C5D12B785BB153
:10475400924B47F2305292491B6809685B1A9342A4
:1047640002D9904B28701870BDEC048BBDE8F88317
:104774008C4A4FF0010C894F137889496344386897
:1047840085F800C0DBB20860172BD9D9864B00210D
:104794001B68117033B103F05BFF844B1B68C01AB4
:1047A400B04294D97B4B1878002890D1FFF732F9A6
:1047B4003A687F4B1A608AE7784A0127784910687B
:1047C4000022784B2F7008601A7080E76C4A6B4B9C
:1047D40012781B78002A67D07049764FD1F8009080
:1047E400D1F800C0744967480B7001210078397012
:1047F400724FC7F800C0002863D007EE903AFFEE6E
:10480400006A6F4BF8EE677A197077EEC97A87EE13
:10481400A87AB4EEE67AF1EE10FAC0F2F280F7EE7E
:10482400007AB4EE677AF1EE10FA37FE877A07EE73
:10483400902A644BF8EE676A83ED007AC6EE887AB4
:10484400F5EEC07AF1EE10FAC0F2DE80B7EE007A2F
:10485400F4EE477AF1EE10FA77FE277A5A4A5B4B68
:10486400C3ED007A136801331360514BC3F8009011
:104874002DE700234B4A1370514A2B701370FFF736
:10488400CBFE24E74C4B1A783C4B1B789A4238D029
:104894003C4B1B78002B3FF41AAF494B00221A7093
:1048A4004A4BC3F8008012E74349097899427FF4E0
:1048B4000EAF344B3F491B780A70002B3FF407AF0F
:1048C400EBE7394B1B68002B40F09280314B1B788F
:1048D400002B7FF4FCAE3E4F3B6823B1A9EB0303EE
:1048E4001E2B7FF6F4AE0120FFF794F82D4B002227
:1048F400C7F800901A702A4BC3F8009001232B705C
:10490400E5E62C4B00221A701E4B1B78002BC4D1F9
:10491400DDE607EE901A2F4B052AB8EEE77AA3FBE3
:10492400020398BF2C484FEA930388BF2B48C7EE75
:10493400087A03EB4303A2EB4303DBB200EB8300EF
:104944009F00C0ED007A26483844D0F800C02548BE
:1049540038440127C0F800C02348C754234B995456
:10496400B5E600BF4C6C0020666C00207FC3C90113
:104974000000FE420000704200001042646C0020FF
:10498400656C00205A6C002024270020426C002013
:10499400202700203E6C0020406C002014290020B9
:1049A400A4270020476C00206C27002068270020E3
:1049B400142700204B6C00200D1A0020B42700207F
:1049C400596C0020706A00207C6A0020746A002000
:1049D400AC270020ABAAAAAA90190020D81900205D
:1049E400C0190020A8190020902800207819002060
:1049F40003F02EFE064B1B68C01AB0427FF667AE6A
:104A040064E7B0EE667A12E7DFED027A26E700BFCC
:104A140068270020000000002DE9F04F2DED068BE3
:104A2400F2EE088A83B0914E0746914C05469FEDFD
:104A3400919A00F130099FED90AA00F10C0ADFED84
:104A44008F9A4FF00008DFED8EAAD7ED0A0AB0EE78
:104A5400000AB5EC018AC0EEA80A06F039F828EE7F
:104A6400000AB4EEE80AF1EE10FA71DBB4EEC90AFA
:104A7400F1EE10FA6FDC80EE0A0A05F0BFFFF0EEEB
:104A8400697AE0EE287AF4EEE87AF1EE10FA5FD46F
:104A9400F4EEEA7AF1EE10FA5DDCFCEEE77ACDEDA5
:104AA400017A9DF804B019F8013F43EA0808002B85
:104AB40030D12278002A40F0A780AA4506F10106E9
:104AC40004F10104C1D16F4CB8F1000F05D06E4A56
:104AD400236811685B1A192B66D86C4A236811681D
:104AE4005B1A0A2B0FD96A4B21681B781160ABBB88
:104AF4001C46684DB5F900209A1A002AB8BF5242E4
:104B0400102A00F38E8003B0BDEC068BBDE8F04F95
:104B140005F086B8237853B133785B45CDD01B04B8
:104B240048F2080003F4FE03184305F071F84FEA55
:104B34000B4000F4FE0040F0C84040F4104040F048
:104B4400090005F065F8012386F800B02370B4E786
:104B54004FF00C0BA7E74FF0770BA4E74E4B1B78F5
:104B6400002B75D14D4BF6EE006ABFEE007AD3ED03
:104B7400007A77EEE67A77EEA77AF4EEC77AF1EE6A
:104B840010FA6CDBB7EE007AF4EEC77AF1EE10FAA5
:104B940068DC9FED437A67EE877AFDEEE77A17EEDD
:104BA400903A1CB22346A4E73E4B9FED3F6AD3EDF7
:104BB4000A6AD3ED117A93ED037AF4EE676A2168F9
:104BC4001160F1EE10FA66FEA77AB4EE677AF1EEA0
:104BD40010FA67FE277A67EE867AF5EEC07AF1EE70
:104BE40010FA37DBF4EEC67AF1EE10FA35DCFCEE9F
:104BF400E77A4DF20D0017EE903A1B0403F4FE031E
:104C0400184305F005F868E7327848F20800019384
:104C1400120402F4FE02104304F0FAFF019B237015
:104C24004BE703F30D034EF20E0003F500531A0491
:104C3400DB1102F4FE0242EA0363184304F0E8FFC6
:104C44002C8003B0BDEC068BBDE8F04F04F0E8BF48
:104C540000234DE74DF20D00D3E71448D1E7144B80
:104C64001C4646E741F6FF731C4642E78C190020B8
:104C7400A827002000803B460000DC4300008A4255
:104C84000000EE42142900209C270020B0270020B9
:104C9400406C0020246C00203E6C0020242700205F
:104CA40000F8FF45FC6900200000FE420DD07F00A3
:104CB40001E0FFFF2DE9F04F6C4E07466C4D0E20CE
:104CC400B046344605F105092DED048BDFED698A04
:104CD40083B09FED699A9FED698A12E0F4EEE76A6A
:104CE400F1EE10FA1FDC77EEE67A94ED007A4D458A
:104CF40077EEC77AA7EE887AA4EC017A16D015F875
:104D0400010F03F00DFA07EE100AF7EE007AB8EE81
:104D1400C77AC7EE286AF5EEC06AF1EE10FADDDA5A
:104D2400F7EE007AE1E7F0EE497ADEE7544BDFF87C
:104D340068911A78BA420ED04C4D1F704FF001336F
:104D4400504CC9F80030A9F804300FCD0FC495E8D1
:104D5400030084E803004C4A01244C4BDFF854A1BF
:104D6400002F14BF93469B469FED498A9AF8003062
:104D7400DFED488A484D434A33B3022C14BF002365
:104D840007F00103002B67D12878002843D0D6ED23
:104D9400007A92ED007A37EEC77AB0EEC77AB4EEB5
:104DA400C87AF1EE10FA02D42B70CBED007A062CFF
:104DB4004DD09AF800300134013504360432E4B29F
:104DC4000BF1040B002BD8D1287868B1D6ED007A0A
:104DD40092ED007A77EEC77AF0EEE77AF4EEC87ACD
:104DE400F1EE10FAE3D42B70012F14D0012C12D160
:104DF4002A4B1B684BB1019203F02AFC284B019A01
:104E04001B68C01A274B984208D9274B1B782BB92B
:104E1400264B1B7813B9D6ED007AC6E7F6EE007A76
:104E240098ED000A019230EE670A20EE280A06F097
:104E340031F918286FF01703019AA8BF1820984277
:104E4400B8BF18461A4B18709AF80030B3E703B08D
:104E5400BDEC048BBDE8F08F0B48D8F804C0C0F853
:104E640004C0002089F80100A5E700BFC019002094
:104E7400D808002000F07F45000000009A99993D71
:104E8400466C0020A8190020D81900209019002091
:104E9400BC74933C00004042902800206C27002002
:104EA400682700207FC3C9013E6C00204C6C0020A1
:104EB4004D6C00205A6C002010B55C4CB7EE001A03
:104EC400DFED5B1ADFED5B0A94ED000A2DED068B36
:104ED40082B09FED598ADFED598ACDED011AFDF7B5
:104EE40053F8F0EE407ADDED011AF0EE480A94ED45
:104EF400010AB7EE001A9FED52AAC4ED007AFDF73D
:104F040043F8F0EE407AB0EE681ADDED011ADFEDF9
:104F14004D0AC4ED017A94ED020AFDF735F8F0EE7E
:104F2400407ADDED011AB7EE001ADFED470AC4ED51
:104F3400027A94ED030AFDF727F8F0EE407ADDEDEE
:104F4400011AB0EE681A94ED040AF0EE610AC4ED99
:104F5400037AFDF719F8F0EE407ADFED3C8ADDEDD7
:104F6400011AC4ED047AF0EE680A9FED391A94ED43
:104F7400050AFDF709F89FED379A84ED050AF0EE6E
:104F8400481A354CB0EE4A1ADFED349AF0EE490A6D
:104F940094ED000AFCF7F8FFF0EE481AF0EE680A08
:104FA40084ED000AB0EE691A94ED010AFCF7ECFFF7
:104FB400B0EE4A1AF0EE481A84ED010AF0EE680ADF
:104FC40094ED020AFCF7E0FFF0EE481AF0EE680AEE
:104FD40084ED020A9FED221A94ED030AFCF7D4FF34
:104FE400F0EE680AF0EE481A84ED030A9FED1D1AEC
:104FF40094ED040AFCF7C8FFF0EE407AF0EE481A8C
:1050040094ED050AB0EE691AF0EE490AC4ED047A8B
:10501400FCF7BAFF144B4FF0FF3284ED050AC3E9E5
:1050240000229A6002B0BDEC068B10BD90190020DE
:105034009A99993E6666E63ECDCC4C3E9A99593F84
:105044003333333F0AD7A33D9A99193E0000000039
:105054006666263FCDCCCC3DD8190020CDCC4C3F44
:105064009A99193F6666663F78190020114808B579
:1050740002F0A2FE104B00221A70FFF7CDFA0F4B7C
:105084004FF07C520E480F4903F1180C43F8042BDF
:10509400634540F8042B41F8042BF7D14FF0E0238B
:1050A400402209490120C3F8882181F87C00C3F813
:1050B400082108BD841900204A6C0020C019002072
:1050C400D8190020901900201C69002030B5464DE5
:1050D400F7EE000A9FED450A2846454C2DED068B58
:1050E400DFED448A83B09FED44AA9FED449AB0EE6D
:1050F400681A9FED438AFCF7A3FFB0EE4A1A281DF5
:10510400B0EE490ADFED3F9AF7EE000ADFED3EAA62
:10511400FCF796FFB0EE481A05F10800DFED3B0AF4
:105124009FED3B0AFCF78CFFB0EE4A1A05F10C0028
:10513400F7EE000A9FED370AFCF782FFB0EE4A1A39
:10514400B0EE6A0A05F11000F0EE690AFCF778FF88
:10515400B0EE681AF0EE6A0A05F114009FED2E0A0B
:10516400FCF76EFFDFED2D0AB0EE481A2046B0EED4
:10517400490ACDED010AFCF763FFB0EE481AB0EE20
:10518400680ADDED010A201DFCF75AFFB0EE481A4B
:1051940004F10800F6EE080A9FED210AFCF750FF1F
:1051A400B0EE681AB0EE680A04F10C00DFED1D0AD7
:1051B400FCF746FFB0EE481AF0EE690A04F110005D
:1051C4009FED190AFCF73CFFB0EE481AF0EE690AAD
:1051D40004F11400B0EE490A03B0BDEC068BBDE83F
:1051E4003040FCF72DBF00BF9019002052B81E3F7D
:1051F400D8190020CDCCCC3D295C0F3E3333B33ECF
:105204008FC2F53D6666663F3D0AD73E5C8F423FDE
:105214000AD7233E0AD7A33E0AD7A33C9A99593FFB
:10522400CDCC4C3DCDCC0C3F9A99193E1D4B4FF043
:105234007E529FED1D7A42F21071D3ED007A1B4825
:10524400F4EEC77A10B5F1EE10FA194C02604FF083
:105254000000226067FE877AC3ED007A02F02CFF1B
:1052640007EE900ADFED135A0021B8EEE77ADFED7E
:10527400126ADFED127A124B87EE256A114A116029
:10528400E6EE267AC3ED007AFFF720FF4FF0E02325
:1052940040220D490120C3F8882181F87D00C3F81C
:1052A400082110BD8C270020EC51383F90270020A6
:1052B4008427002000401C46713D0A3FEC51383ED3
:1052C40094270020882700201C6900202DE9F84F2E
:1052D4000446082003F010FA864E002833780CBFE9
:1052E4000127002765D1002B5FD1834A834D844970
:1052F40013702A680A6034B12B6842F210719B1A49
:105304008B4200F2F4802B689B1A40F6B832934229
:1053140048D9794B1A78002A44D14FF0010983F80F
:105324000090002C6ED0FFF7C7FD764B4FF0013292
:10533400DFF80CC2744C1A609A80BCE80F000FC4EA
:105344009CE8030084E80300FF21042003F0D2FB5F
:10535400FF21052003F0CEFBFF21062003F0CAFB4A
:10536400FF21092003F0C6FB2C682B681B1BC72BED
:1053740008D8FFF79DF9012003F016F92B681B1BD1
:10538400C72BF6D90021042003F0B4FB002105202B
:1053940003F0B0FB0021062003F0ACFB0021092040
:1053A40003F0A8FB3770BDE8F88F554B534D1A68CE
:1053B400A1E7002BF6D0504B1B78002BF2D14F4DB8
:1053C4004F4A2B6812689B1A162BEBD94F4B1B784C
:1053D400002B6DD1FFF770FD4A4B4FF00132DFF81F
:1053E40060C1494C1A609A80BCE80F000FC49CE865
:1053F400030084E80300464B01212A681970454BD9
:105404001A60CFE7414B4FF0E02A4FF0400B4FF4C6
:10541400005293F8008021463F4888F0010883F841
:105424000080CAF888B106F069FE4FF400522146A4
:105434003A4806F063FE3A4B00221C835A675A63CB
:105444009A67CAF808B19A635A621A62DA611A63EF
:10545400DA629A629A645A641A64DA631A665A6659
:10546400B8F1000F02D1FFF701FE6DE72D4B1C7060
:10547400FFF7D2F8234B4FF00132DFF8C4C01A60B3
:105484009A80214CBCE80F000FC49CE8030084E818
:1054940003000820FEF73AF9234B2A6883F80090AA
:1054A400224B29681A60224B224A0B4413604BE7B3
:1054B400FFF702FD134B4FF001320121DFF880C0EA
:1054C4001A609A80184B2A681970184B0E4C1A608F
:1054D400BCE80F000FC49CE8030084E803000B2120
:1054E400154805F055F9154802F004FD83E70CF062
:1054F4005FF900BF456C0020446C00201429002093
:105504004C27002090280020A81900205A6C002065
:10551400436C00204827002034290020344900200F
:105524001C690020596C0020586C00206C6A002013
:10553400DFB1FFFF786A0020CC080020B8110020FA
:10554400C01900202DE9F04F6022E84904462DEDF2
:105554000C8B83B003F0A6F9E54ADFEDE67A92ED11
:10556400006A36EE676AB5EEC06AF1EE10FAC0F270
:105574004985F7EE007AB4EE676AF1EE10FA37FE69
:10558400866ADD4BDFEDDD7AD3ED006A82ED006AD9
:1055940076EEE76AF5EEC06AF1EE10FAC0F22E85F7
:1055A400F7EE007AF4EE676AF1EE10FA77FEA66A77
:1055B400D34A9FEDD47AD2ED007AC3ED006A77EE38
:1055C400C77AF5EEC07AF1EE10FAC0F21385B7EEA1
:1055D400007AF4EE477AF1EE10FA77FE277ACA4B96
:1055E400DFEDCA5A93ED007AC2ED007A37EE657AA0
:1055F400B5EEC07AF1EE10FAC0F2F684F7EE005A76
:10560400B4EEE57AF1EE10FA00F35B8337EE079A15
:10561400DFEDBF5ABF4D83ED007AB0EE657AD5ED6C
:1056240000BAABEEE57A27EE067AABEEA57AB5EED4
:10563400C07AF1EE10FAC0F2C784B4EE657AF1EEE6
:1056440010FA35FE877AB7EE006AD5ED014AB1EE5D
:10565400045A84ED007AF1EE085AF0EE468AE4EE3C
:10566400858A35EEE87AE7EE268AF4EEC68AF1EE0C
:1056740010FAC0F2B584F4EE658AF1EE10FA75FE04
:10568400A88ADFEDA56A9FEDA56AB0EE667AD5ED2E
:10569400025AA34BC4ED018AA5EE867A93ED006A03
:1056A40067EE867AA7EE877AB4EEE67AF1EE10FA20
:1056B400C0F29284DFED9B7AB4EE677AF1EE10FAD1
:1056C40037FE877A95ED04DAD5ED03AAF0EE4D0A9C
:1056D4009FED950A84ED027AC4ED03AA05F0F8F96A
:1056E400F0EE490AB0EE408AB0EE000A05F0F0F997
:1056F400DFED8E7A8E4AB6EE007A28EE278A8D4B3D
:10570400F2EE0C5AD2ED007AB3EE006AD5ED05DA6A
:1057140088EE005A9FED883ADFED886AD3ED003AAF
:1057240093ED019A93ED02AA77EEC77AB1EE0E4A91
:10573400F0EE479A77EEA77AEDEE836AE3EE849A69
:10574400B7EE084AF1EE004AB7EE008A29EE049A51
:1057540093ED054AC4ED056A2AEE07AA84ED045ABE
:10576400A4EE248A93ED035AD3ED046AA5EE656A88
:10577400C4ED069A77EEA75A84ED079A67EE877A06
:1057840084ED08AA66EE876A84ED0B8AC4ED0C5A90
:1057940084ED096A9FED6A6AC4ED0A6AF4EEC67A7A
:1057A400F1EE10FAC0F21484F4EE477AF1EE10FA36
:1057B40077FE277A634BC4ED0D7A1B7884F8483062
:1057C400002B00F0C782604B0022DFF89491B7EE03
:1057D400005A93F82D1004F1490CDFED5CCA904691
:1057E40084F84A104FF0010AD9F80010F0EE6C8AE0
:1057F4005E7CB0EE6CCA0F46019193F84910F0EE4E
:105804006C6AB0EE6CBA9FED524A84F84B10B0EE5D
:105814006C6AF0EE6C5A4F48BE461146DFF844B14C
:10582400DFED4D4A84F84960002E4ED0017811B95D
:105834000EF1010EB046D3ED037A05EB820180F838
:1058440000A0F4EEE67A91ED007A36EE276AD1B242
:10585400E7EE875AF1EE10FA88BFF0EE676A002A85
:1058640000F0D483012900F08A84F4EE6C7AF1EE1E
:1058740010FA88BFF0EE67CADBF800105F69C91B35
:1058840007EE901AF8EE677A77EEC47A87EEA47A78
:10589400B5EEC07AF1EE10FAC0F2BF83B4EE457AE9
:1058A400F1EE10FA35FE077AB4EECB7A31460130C8
:1058B4001C33F1EE10FA88BFB0EE47BA022A0BD0BF
:1058C4001CF8016F0132002EB0D1022A067003F1D8
:1058D4001C0300F10100F3D1B8F1000F00F058846B
:1058E400C9F800E01D4B1D783EE000BFE007002032
:1058F40084270020B8C56D3C90270020CF831E3C30
:105904008C270020B8C5ED3B88270020C424C63C62
:105914003333933F901900206F12833A39B4483DD2
:1059240094270020CDCC4C3D000096420000A042BC
:105934001C270020D8190020CDCC8C40CDCCCC3DE8
:105944009A9999BE5A6C0020FC690020000000005E
:1059540000803B45686A002000007A45556C0020B1
:105964007C6A0020142900203DB1D84AD848126826
:105974000068121A462A00F28A83D64B1E78002940
:1059840000F06A830023DFEDD47AF1EE000AB0EE72
:10599400000A84F84C10B4EEE76A84F85C30F6EE42
:1059A400007AC4ED156A84ED16BAF1EE10FAC4F863
:1059B40050E0C8BFC5EE86BA7BEEE7BA6BEEA00A2C
:1059C40005F086F89FEDC57ADFEDC57AEAEE877AB1
:1059D400F5EEC07AF1EE10FAC0F2AA839FEDC17A17
:1059E400F4EE477AF1EE10FA77FE277AF7EE006AC2
:1059F400C4ED007ADFEDBC5A9FEDBC7A76EEED7A09
:105A04009FEDB56AA7EEA57AC7EE007AF4EEC67AE2
:105A1400F1EE10FAC0F292839FEDB57AF4EE477A74
:105A2400F1EE10FA77FE277AB7EE007A9FEDB16AAD
:105A3400C4ED027AF0EE476AEDEE066AF4EEC76A48
:105A4400F1EE10FAC0F27783F1EE087AF4EE676AA9
:105A5400F1EE10FA77FEA66ADFEDA77A9FEDA77A3A
:105A6400ADEE277AB5EEC07AF1EE10FAC0F23183CA
:105A7400F7EE007AB4EE677AF1EE10FA37FE877A21
:105A84009FED9F6ADFED9F5ADFED9F7AEDEE065A98
:105A940065EE805AF4EEE75AF1EE10FAC0F216837E
:105AA400DFED9A7AF4EE675AF1EE10FA77FEA55A12
:105AB400DFED974ADFED977A9FED975AEDEEA47AE2
:105AC400F4EEC57AB0EE676AF1EE10FAC0F2FB822A
:105AD400F1EE027AB4EE676AF1EE10FA37FE866AE6
:105AE400002D40F0C282DFED8D4AB0EE643A002E04
:105AF40000F0B6828A4BB6EE004ADFED8A7AD3ED27
:105B0400003AA3EE844A63EEA73ADFED877A24EEE7
:105B1400274ADFED867A864BECEE279ADFED857A0D
:105B240093ED005AE5EE279AF6EE007AF4EEE79A42
:105B3400F1EE10FAC0F2C482F2EE007AF4EE679A43
:105B4400F1EE10FA77FEA99ADFED7B7AC4ED069A9E
:105B5400ECEE276A76EE8B7AF7EE006A77EEA37A9C
:105B6400F4EEE67AF1EE10FAC0F2A782F1EE086ADA
:105B7400F4EE667AF1EE10FA76FEA77ADFED6F6A3C
:105B8400F5EE003AC4ED017A68EEA66A76EE877AFD
:105B940077EE837AE5EE237AF5EEC07AF1EE10FA29
:105BA400C0F28882B7EE007AF4EE477AF1EE10FA8A
:105BB40077FE277AF6EE083A9FED617AC4ED037A10
:105BC400ACEE239AABEE079AB5EEC09AF1EE10FA5A
:105BD400C0F26D82F7EE087AB4EE679AF1EE10FA2D
:105BE40037FE899A7AEE267A9FED4A7A84ED079AEF
:105BF400EBEE077AF5EEC07AF1EE10FAC0F25482B9
:105C0400B6EE007AF4EE477AF1EE10FA77FE277AD0
:105C1400B7EE000AC4ED087ADFED4A6A9FED3A7ADE
:105C2400F0EE407AECEEA67A77EE847A27EEA50AB7
:105C3400B4EEC70AF1EE10FAC0F23382DFED337A24
:105C4400B4EE670AF1EE10FA37FE800AF0EE467AF7
:105C5400DFED385ADFED3C6A9FED2F7AECEEA57A42
:105C640084ED040AEBEE267AF4EEC77AF1EE10FA2C
:105C7400C0F21482B1EE027AF4EE477AF1EE10FA31
:105C840077FE277A9FED316AB7EE007ADFED306A4E
:105C9400ACEE068AC4ED057A38EE248AA5EE268A8F
:105CA400B4EEC78AF1EE10FAC0F21682F1EE047A6D
:105CB400B4EE678AF1EE10FA37FE888A84ED0B8A17
:105CC40072E1B0EE009AB0EE657AA1E414290020E6
:105CD400586A0020596C00206F12833A1F856B3F6D
:105CE400295C8F3E3333933F0AD7233D6F12833BA6
:105CF400CDCC4C3D6666864085EB513F0AD7A33D2B
:105D04000080224500000C43000020420080BB4577
:105D140033337340CDCC4C3ECDCCCC3D00000000A1
:105D2400706A00209A99993F6666663F3333B33FA1
:105D3400746A00206666A63F6666E63F6666E63ECF
:105D44003333B33E3333F33F9A99193FCDCC4C3FB1
:105D54003333333FE24B187C002800F08B8193ED02
:105D6400033ADFEDE04ADFEDE0BA9FEDE01A63EEBF
:105D7400244ADFEDDF7A63EE2BBA23EE011A23EE19
:105D8400273A93F82C10002900F05B81B6EE087ACC
:105D9400D3ED0A5ADFEDD77A9FEDD70ADFEDD71A94
:105DA40025EE877A9FEDD66A65EEA77A25EE800AFE
:105DB40065EEA11A65EE865A93F84820002A00F091
:105DC4002F8193ED116A11469FEDCB4A9FEDCD5A79
:105DD4009FEDCDBA26EE044ADFEDC80A26EE055A39
:105DE4009FEDCA2A26EE0BBADFEDC92A66EE200A19
:105DF400DFEDC83A26EE022A66EE222A66EE233A40
:105E040036EE077A84F8440084F8451084F8462076
:105E1400B5EEC07AF1EE10FAC0F2AE81B7EE00CA68
:105E2400B4EE4C7AF1EE10FA3CFE077A77EE847AFF
:105E340084ED0E7AF5EEC07AF1EE10FAC0F2998193
:105E4400B7EE007AF4EE477AF1EE10FA77FE277A8D
:105E5400B5EEC05AC4ED0F7AF1EE10FAC0F28681A5
:105E6400F7EE007AB4EE675AF1EE10FA37FE855A6F
:105E740079EEA49A84ED105AF6EE007A79EE869AB9
:105E8400F4EEE79AF1EE10FAC0F26D81F2EE007AC8
:105E9400F4EE679AF1EE10FA77FEA99A78EEAB8ADF
:105EA400C4ED069AF7EE007A78EE8B8AF4EEE78A70
:105EB400F1EE10FAC0F25481F1EE087AF4EE678A3A
:105EC400F1EE10FA77FEA88A3AEE807AC4ED018AE0
:105ED40037EE207AB5EEC07AF1EE10FAC0F23D81C9
:105EE400F7EE007AB4EE677AF1EE10FA37FE877AAD
:105EF40039EE019A84ED037A39EE069AB5EEC09A2A
:105F0400F1EE10FAC0F22681F7EE087AB4EE679A41
:105F1400F1EE10FA37FE899A7AEE217A84ED079A27
:105F240077EE827AF5EEC07AF1EE10FAC0F20F81C4
:105F3400B6EE007AF4EE477AF1EE10FA77FE277A9D
:105F440076EEA56AC4ED087A76EEA27AF5EEC07A0A
:105F5400F1EE10FAC0F2F880B6EE007AF4EE477A69
:105F6400F1EE10FA77FE277A38EE038AC4ED0A7A46
:105F7400B7EE007A38EE238AB4EEC78AF1EE10FA4F
:105F8400C0F2DF80F1EE047AB4EE678AF1EE10FA23
:105F940037FE888A0023604A84ED0B8A84F84930EE
:105FA400A4F84A301380937072B65C4B5C4A19783B
:105FB400127884F8471002B91A7062B6204603B00A
:105FC400BDEC0C8BBDE8F08F9FED587AFFF73BBB1F
:105FD400F0EE467AFFF7EEBBB0EE667AFFF772BBDF
:105FE400F0EE468AFFF74DBB9FED509AB0EE497A2A
:105FF400FFF70EBBDFED4D7AFFF7F1BADFED4B6A29
:10600400FFF7D6BA9FED496AFFF7BBBAB4EE67CA89
:10601400F1EE10FA2CFE27CA2EE49FED447A43E4F5
:10602400DFED423AF0EE632AB0EE632AF0EE630A43
:10603400B0EE63BAB0EE635AB0EE634AB0EE636A90
:10604400DEE6DFED3A5AF0EE651AB0EE650AF0EEE0
:10605400657AB0EE657AAFE6AEB10B46314692E4AE
:106064009FED324AF0EE443A53E5DFED244A9FEDCA
:106074002D3A3CE59FED2D3AB0EE431AF0EE43BACB
:10608400F0EE434A7DE685F0010329467BE4264A87
:106094001578002D7FF471AC1D706EE4F0EE477A34
:1060A400F0E5B0EE470AD1E5DFED207AB0E59FEDEB
:1060B4001F9A97E5DFED1D7A7CE5F0EE667A5DE5E3
:1060C400F0EE679A40E5B0EE456A09E5F0EE675AEE
:1060D400EEE49FED167AD3E4B0EE478AEEE500BF16
:1060E400FC6900206666E63F9A99993FCDCC0C3F47
:1060F400CDCC4C3F6666663F6666E63E3333B33EC0
:10610400CDCC4C3E3333933F33333340EC51383EA4
:10611400AE47613E3333B33F686A0020416C0020D0
:106124005A6C002047E17A3E3F6C002000000000DA
:106134005FED027A5AE4F0EE476A8DE4F0EE467AB7
:1061440072E4B0EE478A25E75FED087A0CE75FED6D
:10615400097AF5E61FED0B9ADEE61FED0C7AC7E629
:10616400F0EE678AB0E6F0EE679A97E61FED115AF3
:106174007EE65FED127A6BE61FED147A56E6F4EED6
:10618400E87AF1EE10FA88BFF0EE678AFFF774BB85
:10619400DDF804E0FFF7A6BB1C4940F6B7301C4A03
:1061A4000B6810B514681B1B834200D810BD0B6824
:1061B40004211848136004F0EBFA174B4FF4C8524B
:1061C400164802211B88DFED166A02FB03F390EDEB
:1061D400007A144807EE903AB8EE477AF8EEE77A78
:1061E40067EEA67A87EE870AB7EEC00A01F0ACFE26
:1061F40006210D4804F0CCFA0C4B0A48198801F02A
:106204006DFE0848BDE8104001F074BE142900205A
:106214000C290020BC080020186C0020B4110020B8
:106224000044AC43B8110020C4080020146C0020C2
:106234002DE9F04FC54C40F2EE28C54DC54FDFF8AF
:10624400609326682DED048B9BB004F01FFB2B7824
:10625400002B00F066813B78DB0740F16281236804
:10626400D9F800209B1A0E2B40F25B81A021BA487A
:106274000BF0A2FA0221012002F050FA02210820B8
:1062840002F04CFA00210A2002F048FA00211620FC
:1062940002F044FA0121022002F040FA0121032015
:1062A40002F03CFA0121042002F038FA0121052011
:1062B40002F034FA0121062002F030FA012109200B
:1062C40002F02CFA0C2001F083FF042001F0B0FF4F
:1062D400082002F02DFD02F0BBF9A04B0322A049D7
:1062E40018600A2002F054FA0E2001F019FF054646
:1062F40002F0AEF980EA054001F0D8FE4FF0FF311C
:10630400984801F02DF94FF0FF31974801F028F932
:106314004FF0FF31954801F023F9256823685B1B92
:10632400632B08D8FEF7C4F9012002F03DF9236875
:106334005B1B632BF6D901268D4FDFF82892DFF81B
:106344002882FEF7B5F90621484606F1FF3A01F026
:1063540077F906218346404601F072F90621054685
:10636400824801F06DF9BBF1000F034605DD7A6840
:1063740002FB0AB090FBF6F07860002D05DD3A6A66
:1063840002FB0A5595FBF6F53D62002B05DDFA6B21
:1063940002FB0A3393FBF6F3FB63256823685B1B5C
:1063A400132B08D8FEF784F9012002F0FDF82368C6
:1063B4005B1B132BF6D90136192EC2D1F96BB7EE3C
:1063C400008A6C4D3B6A7A6805F1050800916A48B9
:1063D4006A4901F0ABFDDFED6A8A6A4F0E206A4E0E
:1063E4009FED6A9A0FE0F4EEC87AF1EE10FA00F32A
:1063F400A68078EE677A4545E7EC017AE6EC017A07
:1064040016D015F8010F01F08BFE07EE900AB8EED6
:10641400E77AC7EE287AF5EEC07AF1EE10FAE2DAFE
:10642400F7EE007A4545E7EC017AE6EC017AE8D12B
:10643400162001F075FE07EE900ADFED516AB8EE02
:10644400E77AC7EE267AF5EEC07AF1EE10FA79DB38
:10645400B7EE007AF4EE477AF1EE10FA77FE277A77
:106464004B4B40264FF0E02502A8C3ED007AFFF71E
:1064740069F8602202A9C5F88861464802F012FA58
:10648400C5F8086144494FF48030444B0022032688
:1064940088619861CA61DA61C821042002F02AFB8C
:1064A400C821052002F026FBC821062002F022FBA9
:1064B400C821092002F01EFB256823685B1B772B8B
:1064C40008D8FEF7F5F8012002F06EF823685B1B8C
:1064D400772BF6D90021042002F00CFB00210520C3
:1064E40002F008FB0021062002F004FB0021092031
:1064F40002F000FB256823685B1B4F2B08D8FEF7CE
:10650400D7F8012002F050F823685B1B4F2BF6D913
:10651400013E16F0FF06BFD11BB0BDEC048BBDE8F5
:10652400F08F23682A789B1B32B1B3F5FA6F3FF6DC
:106534009DAE04F0ABF988E64345FAD996E6F0EE51
:10654400497A58E7DFED117A8AE700BF1429002061
:10655400606C00205F6C0020000020206827002071
:10656400410100008C260020B8260020E4260020EB
:10657400FC690020D8080020B8110020980F0020E2
:1065840000F07F45C0190020901900200000000091
:10659400242700209C690020B8270020F027002031
:1065A400946A00202DE9F041564D4822564904468C
:1065B400564E2DED028B84B09FED558A02F072F990
:1065C400D5ED000A9FED530A04F082FAF0EE407A0A
:1065D400D5ED010A9FED4F0A67EE887AC4ED007A83
:1065E40004F076FAF0EE407AD5ED020A9FED490AFE
:1065F40067EE887AC4ED017A04F06AFA464B20EE1D
:10660400080A1A7884ED020A3AB1444932680968E2
:10661400521A47F22F518A4270D8414A414B12789C
:10662400E96884F83020404A4048D2F800804FF0AE
:106634007E5293ED027AE2612A69D3ED057A2261F2
:106644006A69E16062613A491A68DB6890F848C097
:10665400A2616362027C90F82C3008689FED356A71
:10666400DFED356A354F27EE067AE06367EEA67AEA
:106674004868896897F800E0206400206164304924
:1066840084ED087AC4ED0B7A84F8312084F8323032
:1066940084F833C084F834E0C4F83880387008686B
:1066A400C0070CD5274D31682868091AB1F5FA7F5F
:1066B4000FD8204604B0BDEC028BBDE8F081012761
:1066C4003068204D0F6031682860091AB1F5FA7FEF
:1066D400EFD91D48CDE900CE316829601B4D1C4916
:1066E4000E682968711A02911A4901F01FFC2046AC
:1066F4002E6004B0BDEC028BBDE8F08100221A705C
:106704008BE700BF901900204008002014290020C6
:1067140000005C42000000424B6C0020B4270020C3
:10672400576C0020D8190020646A0020FC690020FE
:10673400806A002014AE473F3333B33E416C0020DF
:106744002822002004230020B81100200823002060
:10675400102700209C0800202DE9F0410120AAB058
:1067640001F0CAFF494DA0F10104FDF7A1FF484A19
:106774002B68B4FA84F4126864099B1A092B01D9B2
:10678400FBF7C4FC2046434EFEF794FAFDF7CAFA21
:10679400414B1A78002A6CD000221A703378002BEF
:1067A40057D120464FF0E027FEF790FD4FF0400808
:1067B400FCF7EEFF2A68394B12A81A60384B2A6896
:1067C4001A60FEF7BFFE602212A93648C7F8888116
:1067D40002F068F83378C7F80881002B4CD09DF894
:1067E400943068463049314A1B048B61936100231D
:1067F400CB61D361FFF7D6FE6846FEF70DF9FDF7CE
:1068040025FB2B4A2B6812689B1A0B2B02D92046B6
:10681400FBF732FDFDF73EFB12A8FDF70DFC3378C4
:1068240083B9244B9FED247AD3ED1D6AD3ED1E7AF0
:1068340077EEA67AF4EEC77AF1EE10FA0CDD2A6848
:106844001E4B1A60FDF734FF2AB0BDE8F041FFF794
:10685400A3BC1B4B1A70A4E7184A40F28A212B6888
:1068640010681B1A8B42EDD92B681360FEF7DEFC0F
:10687400E8E7FDF711F994E70B4A4FF48031D3614F
:1068840091610A4AC2E90613BBE700BF142900203C
:10689400506A00205A6C0020426C0020546A002088
:1068A400786A00209C690020B8270020F027002087
:1068B400802700201C690020BC74933C0829002018
:1068C400556C0020F0B5172283B00B21A64800F0C8
:1068D40007FEA64D00220B21A54800F001FE182258
:1068E4000B21A44800F0FCFDA34EA44A00212B6810
:1068F400166011611181D160002B00F032811946BC
:106904005B69002BFBD14A6100249D4B9FED9D7A6E
:106914004FF08040012113605461F6EE007A9A4BE7
:106924004FF07F5E54604FF0834C94720022974F77
:106934005A6783ED207A9A67DA611A6283F87C4099
:106944005A629A62DA621A635A639A63DA631A645D
:106954005A649A64DA641A65DA651A665A6683F8C0
:1069640070101C835C6583F85840DC6683F87D40B6
:106974009F66C3F8840083F8DC108549C3ED257A4B
:10698400C3F888108349C3F898E0C3F88C1082498F
:10699400C3F8A4C0C3F8AC00C3F89C20C3F8A0207B
:1069A400C3F8A820C3F8B020C3F8B420C3F8B820B3
:1069B400C3F8BC20C3F8C020C3F8D420C3F8D8203F
:1069C4004FF40052C3F890102146744883F8CC4029
:1069D400C3F8D040C3E9314405F090FB4FF40052B2
:1069E40021466F4805F08AFB6E48FCF75FFE6E484F
:1069F400FCF75CFE6D4A4FF400702B681146D460BE
:106A0400108141F8186B1161C2E90644002B00F0B3
:106A1400058119465B69002BFBD14A610024644B54
:106A24006248546154609472136000F0C1FC614880
:106A340000F05EFF5B4B2246009450495D4800F035
:106A4400CBFF5D4A5D495B4803F0D2FF5C4800F030
:106A54004FFF554B009401224849594800F0BCFFB0
:106A6400554A5649564803F0C3FF564800F040FFC4
:106A74004E4B224600944B49524800F0ADFF4E4A1B
:106A84004E49504803F0B4FF4F4800F031FF012055
:106A9400464B2246009044494B4800F09DFF464A2D
:106AA4004649494803F0A4FF484D494B00222E496A
:106AB40028689C605861DA601C821C839C769A6208
:106AC4005A649C859C8683F83640A3F84840A3F812
:106AD400504083F852403F4A3F48C3E900142968B4
:106AE4001963244999632968C3E90844C3E90F4435
:106AF400D96429682C68116004602968374A1C48E5
:106B0400D8611160364B286836492A6808601A60D3
:106B14002868354B2A6835491A600860264A344982
:106B2400344803F065FF286833492A68334B08600A
:106B34001A60286832492A68324B08601A6028684B
:106B440031492A68314B08601A60286830492A683C
:106B5400304B08601A6001F07BFD2F4B186003B0C6
:106B6400F0BD2A60D0E600BF8C2600204822002019
:106B7400B8260020E4260020100900201C2900204B
:106B84001C090020CDCC0C3F1C6900203DF1357A56
:106B94008FC2753C9A99993E0000484434290020DC
:106BA40034490020B8270020F0270020282700209F
:106BB4005009002068280020D4110020FD5C00004A
:106BC4007C2800204028002054280020142900207C
:106BD400FC690020506A0020502700209C270020D8
:106BE400B4270020B02700205C6A0020586A0020E7
:106BF400ED01000084190020482700204C270020C4
:106C0400802700200C290020546A0020786A002084
:106C14006C6A002008290020982700202A60FDE6DD
:106C2400F8B5002705463C46B4B33946284600F07B
:106C34002FFE08B3BB1D04F1040E00F1040C55F83B
:106C44002360B6F5803F47D000F582715CF8042BD1
:106C540036FB02F336FB12F203F30F0302F30F02C7
:106C6400C3EA0243DEF8002093FA12F38C454EF88F
:106C7400043BEBD100F0C0FD0137042FD4D12846EA
:106C84002146002200F0E0FD2046BDE8F84000F077
:106C9400B3BD0137042F3AD03946284600F004FE2C
:106CA40004460028F5D0BB1D55F82300B0F5803FFD
:106CB400E2D0211D04F582760B6830FB03F230FB31
:106CC40013F302F30F0203F30F03C2EA034341F881
:106CD400043BB142F0D1CFE700F10C0204F10C0304
:106CE40000F5867C53F8081C52F8086C91FA16F1EA
:106CF40043F8081C53F8041C52F8046C91FA16F17A
:106D0400083243F8041C08339445EBD1B2E7F8BDCC
:106D1400AD4BAE4A18682DE9F04FAD4C91B01979DE
:106D240008940368D17704F58062934209920ED2E5
:106D3400A84B1B78002B00F0288109994FF0E02321
:106D44004022089101F580610991C3F80822A24B01
:106D54001968A24B0C911868A14B0D901A88A14B8D
:106D64000A921C880B94002900F0DC81002800F0B2
:106D74004D819D4B9D4D1A4423449D4E01EB42028F
:106D84009C4C00EB43039C49D5F800B00E9503924C
:106D9400089D9A4A02939A4B5768D6F800A0D3F8F4
:106DA4000080D3F80490D1F800E04B68D4F808C010
:106DB400886805F110010F9605F58265166862680A
:106DC40024680795354601972746019C5E46CDF811
:106DD40014A0C24604941031039C06954D4634F920
:106DE40002BFABEB06080394029CA8EB0A09049EBD
:106DF40034F902AFA9EB05050294059C2F44AAEBD4
:106E04000405069C3A442C1B94443A440194A41B64
:106E1400A6440CEB02043A444FEA2C1C734421F8B8
:106E240020CC18447344C6180011734421F81E0C76
:106E3400A01824113A4421F81C4C02EB000C9C19B4
:106E440000117344361121F8180C1819241121F873
:106E54001A6C21F8164C4FEA2C1421F8144C041126
:106E640021F8124C079C8C42AFD10F993C46019FEC
:106E7400C1F800A00E99C1F800B05E490C605E4CE8
:106E8400C4E901305D4BC4F800E0C3E900575C4B32
:106E9400C3E900890A9B40330A930B9B4033C1E941
:106EA400012C0B93BFF34F8F4FF0E02308990998FF
:106EB400CA43C3F8701F2031024481420891C2F3CF
:106EC400421251D26AB3012A23D0022A1CD0032AC7
:106ED40015D0042A0ED0052A07D0062A40F01C81BA
:106EE400089AC3F8702F20320892089AC3F8702FBA
:106EF40020320892089AC3F8702F20320892089A18
:106F0400C3F8702F20320892089AC3F8702F2032E9
:106F14000892089A0999C3F8702F20328A4208927D
:106F240022D2089A02F12001C3F8702F4032C3F82C
:106F3400701FC3F8702F01F14002C3F8702F01F1E4
:106F44006002C3F8702F01F18002C3F8702F01F1C1
:106F5400A002C3F8702F01F1C002C3F8702F01F131
:106F6400E00209998A42DDD3BFF34F8FBFF36F8FDD
:106F74000A9B7F2B1CD81A4A13800B9B7F2B09D8A2
:106F8400184A138011B0BDE8F08F04F5006308922D
:106F94000993DCE60024134B0D981C8000F02CFCB4
:106FA400184B1A681C600D4B1A6011B0BDE8F08FC5
:106FB4000B4B00240C981C8000F01EFC124B1A682A
:106FC4001C60054B1A60D8E7E022002000800E40C8
:106FD40080A22020386C0020D0220020D82200205B
:106FE4001E6C0020206C002001000080542300202F
:106FF40058230020242300203C2300206C2300205D
:107004005C230020DC220020D42200200C9A002AD9
:1070140000F088808A4800260A998A4BD0F80080BC
:107024000E900B448848894902EB430BD0E900CE0B
:1070340008988D68D1E9002300F1100100F5826001
:107044000290C246BBF90280E1467746A8EB0A0CDF
:107054000BF1020021F80E6CC246ACEB090E019054
:1070640021F80A6C0846AEEB070721F8066C21F8F4
:10707400026CE1463A4477461344EC181344019DEC
:1070840005F1020BE5181344241121F8104C5C1986
:1070940013442D1121F80C5C1D19241121F8084CFE
:1070A4002C1121F8044C0199B1F90280A8EB0A0CC7
:1070B400ACEB090EAEEB07073A441344EC18134447
:1070C400E5181344241120F8104B5C192D111344B6
:1070D40000F1100120F80E6C20F80C5C1D1924112D
:1070E40020F80A6C20F8066C20F8084C2C1120F8C3
:1070F400026C20F8044C02988842A2D10E99C1F87F
:1071040000805249C1E900234F4B8D60C3E900CE92
:107114000A9B40330A93C5E6089AC3F8702F2032BD
:107124000892DDE60D9A002A00F0828048480B9907
:10713400444BD0F800E00B440F904648464902EB1C
:10714400430A0C9E8D68D346D0E9007C0898D1E9A7
:10715400002300F1100100F582600290F246B94666
:10716400BBF902E00BF10207E04621F8106C01972D
:10717400AEEB0A0721F80C6CF246A7EB090CB946F2
:10718400019F01F11000ACEB080821F8086C21F80C
:10719400046C07F1020B4244E04620311344EC181E
:1071A4001344E5181344241121F82E4CEC1813440D
:1071B4002D1121F82A5C1D19241121F8264C2C11BB
:1071C40021F8224CB7F902E020F8106CAEEB0A0764
:1071D40021F81C6C21F8186CA7EB090C21F8146C2D
:1071E400ACEB080842441344EC181344E518134468
:1071F400241120F80E4CEC182D11134420F80A5CCD
:107204001D19241120F8064C2C1120F8024C029868
:107214008142A3D10F99C1F800E00F49C1E90023CD
:107224000C4B8D60C3E9007C0B9B40330B9339E618
:107234004FF480620D99089804F060FF32E600BFB5
:107244005423002001000080642300203023002008
:1072540058230020742300204823002038B500213F
:10726400044600F015FB88B172B61C4A1368002B63
:107274002BD01B490D68002D2CD01560086000210F
:10728400184A118062B6184600F0B6FA0121204669
:1072940000F0FEFA98B172B6134A136883B1134929
:1072A4000C6854B114600024114A0860148062B65A
:1072B4001846BDE8384000F09FBA086062B638BD91
:1072C4000B4910600B8062B638BD064910600B8014
:1072D40062B6DBE7086062B6D8E700BFD0220020C0
:1072E400D42200201E6C0020D8220020DC220020A2
:1072F400206C002010B5044600F068FC204610BD48
:1073040038B5234C002342F210724FF40C61E06F45
:1073140040F44020E0671C200AF042FAE3691D496A
:1073240023F440631C481D4A43F40063E361A36AE9
:1073340019401B4B41F0CE01A16241680A4042F45E
:10734400002242609A68002A20DB164903200022AA
:107354004FF48034C1F828014FF08E45C1F8240160
:10736400114812491A66DA601D615C619861D9613D
:10737400C3F8E020C3F88C204FF0E062C3F89020FB
:10738400C3F89440C3F89800C3F89C1038BD00BFFC
:1073940000C00F4000FEFFFF00C00A40F8FFF7FFE7
:1073A4000040384000801F40130F0100000F0F0FF2
:1073B40010B5364C4FF400620021204604F09EFEC6
:1073C4003348012100F09EFB00233249324A0B600E
:1073D4001360FFF795FF2346BFF34F8F04F5006258
:1073E40004F120004FF0E021824234BF0122402208
:1073F40004EB4212C1F8703F20339342FAD1BFF339
:107404004F8FBFF36F8F224A0320244B2449C3F8C4
:1074140080014FF4806013681C600224D8829C6051
:10742400A4F60204D8830620596000211279DC6096
:107434001C4C988302F110001C61996199821A4CCA
:107444001A4B43F8204002F01F04194B012003EBB0
:107454005213A04014B29B0018601648164B40F813
:107464002410164940F82410A0F580401449C2762F
:10747400D3F8882042F00042C3F888209A68114368
:10748400996000F01DFB0F4B187010BD80A22020E6
:10749400E0220020D0220020D822002000801F40BB
:1074A4000200010120403840814F0000001C0020F0
:1074B4004038003800C00E400040384014000080BE
:1074C40001000090386C0020024A0349034803F08D
:1074D4008FBA00BFD411002065550000E0220020BF
:1074E400F8B528291B4B4FF49B770D4616460446E6
:1074F4004FF00101C0E902732CBF4FF0FF330123A9
:10750400282A44F6206228BF4FF0FF33026103604B
:10751400284601F003F93046002101F0FFF828461F
:10752400002101F0BFF80C4B2A0103EB0515995813
:10753400EA68C4E90721320103EB061698586FF094
:107544007042064BF1681B6862606361C4E909100C
:107554002046F8BD50C46201500C002014290020BC
:1075640001617047F0B472B6856A3249D0E90736D2
:10757400C6F888306B68426A23EA02036B606B6862
:10758400426A13436B602C4B476AC5F888704C6899
:107594001A682A4BA3FB0232920C02EB82025200BD
:1075A4004B681B1B9A42FBD86B6823EA07036B608A
:1075B400C369C6F8843062B6D0E90954C168A368C7
:1075C4002B42836905D006E001338361A2682A4215
:1075D40001D19942F8D8994223D372B6D0E909234C
:1075E400046AC3F8842059680A435A60416AC3F89C
:1075F40084105A6822EA01025A60C369C4F88830C8
:1076040062B6D0E90945C168AB681C42836904D1FC
:107614000BE08361AA68224207D0994203F1010377
:10762400F7D86FF00100F0BC70479942F9D90120F6
:10763400F0BC7047001000E0B411002083DE1B434F
:1076440070B500240D468461002936D003680646CF
:10765400A34239DB30460134FFF784FF0028E4B24B
:107664002DDBA542F6D11C49B36970680A688342D0
:10767400D6E904548CBFA3EB000CA0EB030C121B43
:10768400AA4215D907EE900AB8EE677A9FED106BFF
:10769400B7EEC77A27EE067BBDEEC77B17EE102A3E
:1076A400624505D96FF070420968104672607161D5
:1076B400834207D20020736070BD084670BD6FF02E
:1076C400010070BD181A70BD4FF0FF3070BD00BFCF
:1076D4009A9999999999B93F142900204FF0E02378
:1076E4004022C3F808227047F8B5144B144D1C68A7
:1076F4006E689CB1237A20466BB123686F681B685F
:1077040098476B68E188DB1BC3F38F12B1EB931FBF
:10771400A28038BFE2806469002CEBD1084B094A8F
:107724005B6810889B1B084CC3F38F11B0EB931F4D
:10773400218038BF1180BFF34F8FF8BD482200204D
:10774400001000E01A6C0020186C002030B472B6EF
:10775400244D254C2A8804F1700104EB82038B42EA
:107764003CD204F16F01501CC91A00EB910002E0F5
:107774000132824232D09C4653F8041B0029F7D0D0
:10778400B1FA81F04FF00043C34021EA0301CCF881
:10779400001001B90132154B2A801A88013291B2C6
:1077A400198062B6ACEB040C41F67C73C0EB006448
:1077B4004FEAAC0CC0EB841001240CEB8C1C03EBE3
:1077C400CC1303EB80030A480068C4541844094BE3
:1077D4001C88944230BC38BF1980704762B60020C0
:1077E40030BC70471C6C00204C220020146C00201C
:1077F40044220020166C0020428872B60378012BC4
:1078040003D9013B037062B67047D14353090B4857
:107814004FF0004201F01F01CA4050F823100A4300
:107824000749B1F800C040F823209C45054A88BFA9
:107834000B801388013B138062B670474C220020F2
:107844001C6C0020146C0020C36813B91DE0DB68B5
:10785400E3B1187A9042FAD110B4586893F809C089
:10786400006950F82C4054B1DB682BB1187A90426F
:10787400F3D0DB68002BF9D15DF8044B704740F876
:107884002C10087801300870EEE77047704700BF8D
:10789400437A8B4206D90369002253F8210043F846
:1078A400212070470020704738B5437A8B421BD99A
:1078B4000369002253F8214043F82120A4B123781E
:1078C400012B01D8204638BDFFF740FF054628B1FB
:1078D4004FF48072211D043000F0E4FF2378013B53
:1078E40023702C46204638BD0024204638BD00BFF6
:1078F40000220449C0E90022028102740A68086077
:10790400C2607047BC220020037CFBB903680146B7
:10791400FBB14368EBB1427A5B7A9A421CD230B431
:1079240072B62B4B1C68ECB1E368C3B1486801E044
:10793400DB68A3B15A688242FAD193F809C04A7A43
:107944009445F5D162B6042030BC7047012062B67C
:107954007047032062B67047022062B670476469BC
:10796400002CE1D11B4C236843B1994202D10BE0B6
:10797400994207D01A46DB68002BF9D1052062B67C
:1079840030BC704702F10C040D68E868E8B1C368C4
:107994001BB908E0DA683AB1134681421846F9D1B6
:1079A40062B60620D0E70346D960CB680020236086
:1079B4000123C860AA7A2B721A44AA724A68947A7C
:1079C40013721C4494720B74D9E7E960EDE700BFAD
:1079D40048220020BC22002010B5047C9DF808E059
:1079E4000CB1012010BD027280F809E0C0E9001357
:1079F400BDE81040FFF788BF38B5037C002B36D0B4
:107A040043680446427A5B7A9A4238D272B6016875
:107A1400CB68002B2DD0984233D01A46DB689C42A9
:107A24002AD0002BF9D16268607A136953F82000D8
:107A340048B1FFF7E1FE72B662680025607A136907
:107A4400216843F820508B7A013BDBB28B7203B977
:107A54000B72937A013BDBB2937203B913720A4B34
:107A640000201A6820741C60E26062B638BD0120F0
:107A740038BD62B6032038BDE368D360D3E7022083
:107A840038BDC368CB60CEE7BC22002010B50446E5
:107A9400FFF7B2FF094A136843B19C4202D108E0E0
:107AA4009C4205D01A46DB68002BF9D1204610BD54
:107AB4000C32E3682046136010BD00BFBC220020D6
:107AC4000C4B1A789AB90C4A0C4910B4C2F85811E4
:107AD4000B48D02401224FF0E02180F84640402496
:107AE4001046C1F808415DF8044B1A707047002035
:107AF400704700BF366C0020001C0020595900005C
:107B040000E400E070B472B621B9036813B10279DD
:107B14000F2A45D9294C2188002341FA03F212F097
:107B2400010208D00133102BF7D162B60022037191
:107B3400026070BC70474FF0010C0CFA03FC41EA80
:107B44000C01218062B61E4D5FFA83FC1D4940F290
:107B5400824680F804C0EC6F194483F0030344F0B8
:107B6400C0044901EC67A5F59F35174CA5F5807550
:107B7400266084F81AC084F81EC084F818C084F8FB
:107B84001FC00160C1E90022C1E90222C1E9042247
:107B9400C1E906225A5D42F0C0025A5570BC7047D2
:107BA400064C218841FA02F5ED07B5D5054D15447B
:107BB400B3EB451FB0D162B6BBE700BF266C002013
:107BC40000C00F408074000200800E4003790F2B28
:107BD40011D8094A937672B60849012290F804C074
:107BE4000B8802FA0CF223EA02030B8062B610221D
:107BF400002302710360704700800E40266C002051
:107C0400704700BF704700BF704700BF704700BF98
:107C140070B51A4C1A4D2368AB4202D0194AD16888
:107C240029BBA369AB4202D0164AD169C9B9236BF7
:107C3400AB4202D0134AD16A69B9A36CAB4209D0F2
:107C4400104AD16B31B101211B680F48D163BDE8E3
:107C54007040184770BD01211B680C48D1629847D9
:107C6400EBE701211B680A48D1619847DFE701214E
:107C74001B6804F10800D1609847D2E7C01E0020B9
:107C8400EC08002000410840101F0020F81E0020CE
:107C9400E01E002038B5064CA4F1600554F8083CF9
:107CA4002046183CDB689847AC42F7D138BD00BF8A
:107CB400101F002003682DE9F041044688B01746E0
:107CC400002B4BD000229A600122DA60304D04A8C8
:107CD400DFF8E0801D4451F8083B2D1102935B68E6
:107CE40005EB45069847F60006F1080058F80630FB
:107CF4004044DB6801909847264A04A9DDE9010362
:107D0400029248F806309B689847029B04A8DB68F7
:107D140098472368032220481F609A601F4A2379EA
:107D24001F4C535513785178C0F828428B4228BF12
:107D34000B469178D2788B4228BF0B46934228BFDA
:107D44001346184C4FF0E0224FF08061012084F874
:107D54007A30C2F80C1108B0BDE8F081124AD36E33
:107D640043F44053D3660122104B1A60104A134661
:107D74000260403298680028A8D0103393422360F0
:107D8400F8D100231846236008B0BDE8F08100BF95
:107D940000BFF7BFEC080020001C0020C811002021
:107DA400815E000000E400E000C00F400040084095
:107DB40000410840C01E0020F8B5036843B3154CC9
:107DC4000746154E1C44241104EB4405ED00735979
:107DD40005F10800DB6830449847104B002101226C
:107DE40073513B689960DA60FF230D4A1355137889
:107DF40050789478834228BF0346D078094AA34236
:107E040028BF2346834228BF034682F87A3039606C
:107E1400F8BD00BF00BFF7BFC01E0020EC08002063
:107E2400C811002000E400E010B4064B0020064C0A
:107E3400064A1C609C611C639C6405495DF8044B04
:107E440002F0D6BDC01E0020EC080020D411002092
:107E5400055F0000084602F085BC00BF012A70B52A
:107E640008BF0A228AB091B34FF0210E01E05FFAF5
:107E740086FE0EF1FF36B1FBF2F502FB15145FFA34
:107E840084FC092C0CF137040CF1300C98BF5FFA18
:107E94008CF40EF1280C88BFE4B29142EC442946DC
:107EA4000CF8244CE3D24BB10EF1FF3E2D225FFAC5
:107EB4008EFE0EF128036B4403F8242C036801A9F9
:107EC400CEF122025B68714498470AB070BD30223B
:107ED4004FF0210E8DF82520E5E700BF002903DBD4
:107EE40000230A22FFF7BABF49422D230A22FFF7D3
:107EF400B5BF00BF00B5036883B040F60D2C022265
:107F040001A95B68ADF804C0984703B05DF804FBB1
:107F1400054B022888BF034610B41C6818466368E2
:107F24005DF8044B184700BFB81100200EB400B52B
:107F340082B003AA52F8041B019204F031F802B093
:107F44005DF804EB03B07047B4EE400B70B5F1EE8E
:107F540010FA05462DED028B86B07CD6B0EEC07BC0
:107F64009FED476BB4EE467BF1EE10FA6BDC9FEDB0
:107F7400467BB4EEC70BF1EE10FA5ADC9FED447B5E
:107F8400B4EEC70BF1EE10FA53D4B5EEC00B0C46A9
:107F9400F1EE10FA5BD40023B6EE007B002C5ED029
:107FA4004FF0000C9FED3C6B0CF1010C27EE067BAF
:107FB4005FFA8CF2A242F7D330EE070B0A2228466E
:107FC400FCEEC07BB8EE678B17EE901A30EE488B50
:107FD400FFF744FF0F2C4FF02E03B2EE046B06465E
:107FE40028BF0F248DF808300DF1090302AA611E81
:107FF40053FA81F128EE060BFCEEC07BCDED017A3D
:108004009DF8043007EE903A3033B8EEE78B02F86F
:10801400013F914230EE488BECD12B68013402A928
:1080240028465B68E2B29847304606B0BDEC028B46
:1080340070BD2B6803221A495B6806B0BDEC028B45
:10804400BDE870401847036803221649F4E7B1EE0F
:10805400400B0123A0E7036803221349ECE730EE49
:10806400070B0A222846FCEEC07B17EE901A06B0D6
:10807400BDEC028BBDE87040FFF7F0BEAFF30080AB
:10808400FFFFFFFFFFFFEF7F000000E0FFFFEF4176
:10809400000000E0FFFFEFC19A9999999999B93FBF
:1080A400E8080020E4080020E008002008B1014BA3
:1080B4001860704740220020884200DB704730B4CB
:1080C400124C091A2368EBB1114A124D82FB032C9E
:1080D400DA179C44C2EB2C4244F2A71C05FB123372
:1080E4000D4D05FB02F20CFB0322002A0CDA6FF0A3
:1080F400004313442360B3FBF1F201FB123330BCA1
:1081040018447047054BF5E71346F3E74022002077
:108114005F0B4E831DF30100ECF4FFFF42CE0C1FF6
:108124001C2849D8F8B5254F04463B78E3B9244BBD
:108134001B5DFF2B29D0234A02EB041291680A68C5
:1081440002F44050B0F5805F30D01C061FD41E4CA2
:108154002360236AD80704D402F098FB236AD90762
:10816400FAD5194B586AF8BD174D184E01E002F0C4
:108174008DFBAB6C1B06FAD4B36C13F08003F6D101
:108184003B700F4B1B5DFF2BD5D10020F8BD0F4C6E
:1081940003F07F032360236ADA0704D402F076FB3A
:1081A400236ADB07FAD5094B586AF8BD22F48052DA
:1081B4001C060A60EBD4CAE7002070473C6C002020
:1081C400DC0E0020500C002000400C4000800C40CD
:1081D400082830B422D00A280CBF4FF405714FF49C
:1081E4004671104C104D636C626C2B400F4802F0CA
:1081F40003021A43636C03F0E00313430B43636409
:10820400436C426C2B4002F003021A43436C03F0AC
:10821400E0031343194330BC416470474FF4407189
:10822400DFE700BF00400C4000FCFFFF00800C4073
:1082340010B41F4C1F281F49A36C23F02003A36410
:10824400626C8B6C22F4404223F020038B644B6CF1
:1082540023F4404312D942F4404243F4404362645D
:108264004B641349134A8B6C5DF8044B43F02003B1
:108274008B64936C43F02003936470470F2808D9F0
:1082840042F4004243F4004309480A4942644B64FF
:10829400E7E7072804D942F4804243F48043F3E734
:1082A400032862644B64DCD85DF8044B704700BF5C
:1082B40000400C4000800C40A249A34B88422DE9A9
:1082C400F047A24C5E699A69D4F80C801BD9A04B84
:1082D400984240F20281C31A9E491B0AA1FB031370
:1082E40040F22761DB0903EB830303EB830303F20F
:1082F400E2438B4228BF0B46A3F54877964BA3FB7A
:108304000737FF0804E0954FB8428CBF0E270627B5
:108314008D4908F01F09D1F88030B94543F0C003F6
:10832400C1F880300CD228F01F08A1F5F82148EAE2
:108334000708C1F80C800B68002BFCDA08F01F0951
:1083440016F0007324D186490C698649A14300F0D4
:10835400EA8082F4805134464FF4805514F0605F13
:1083640004D026F060561E43774B5E6111F4405FE3
:1083740007D022F4405274492A438A618B6C1A074D
:10838400FCD446F00076704A5661936C9B06FCD48C
:10839400754CA04200F2CE804FF0010C01466346BA
:1083A40003FB011203F1010E0CF10105A24218D8DE
:1083B400BEF1080F4FF0010340F08D80BCF1040FB3
:1083C40000F291800A18A24200F2A48005FB00F199
:1083D400AC4603F1010E03FB01120CF10105A242AC
:1083E400E6D90CF1FF318C0286EA81215F48104402
:1083F4005F4A90427FD9DFF8A4A16C225D48584DB2
:10840400B0FBFEF0D5F800E0B0FBFCF0DFF890C163
:108414000EEA0C0CD44509D042F400524FF4805CAF
:10842400C5F800C02A602A68002AFCDA464A1569A1
:1084340005F007059D4203D01361936CDD03FCD462
:1084440011F4E05F09D026F4E05604F4E0543E4A07
:1084540026435661936C9907FCD44749474A014423
:1084640091423CD8464BC909A3FB0131090B4B1E71
:108474001B0286EA030212F4407F06D026F44076FB
:1084840003F44073304A334353612F4A536923F052
:1084940000735361936C9B06FCD43A4B4F45A3FB8A
:1084A40000234FF0FF324FEA9343B0FBF1F1B2FBEC
:1084B400F3F3354A1060354A1160354A136008D227
:1084C40028F01F08214A48EA0707D7601368002BE1
:1084D400FCDABDE8F087734662E7122718E74FF429
:1084E40040730421C5E70CF1FF31204807238C02B7
:1084F400104486EA8121274ADFF8A8A0A2FB0020C5
:10850400020D2548362A38BF362202FB00F042EA23
:108514000A0A74E74FEA8C24002386EA8C214FF080
:10852400010EAC4662E71D4686F0C05411464FF07A
:10853400C05313E700244FF0010C02463146234692
:10854400E64653E700A4781F00C00F40000008402F
:108554000046C32323B24C001F85EB5100366E0145
:1085640000800D4040300080FFB19F26808D5B006D
:10857400FF7EF64D00643F4D7FD1F0087F17B42C89
:108584009F10E50083DE1B43B4110020B0110020CE
:1085940004290020819F5E16001BB7006C20008018
:1085A4007F3001800020008000B970472DE9F84F2A
:1085B40001218146214C224D224E54E8003F2A6875
:1085C400306844E80013002BF7D11F494B684FF47F
:1085D4007A7BDFF878A01B1A01270BFB02F8DAF884
:1085E4000020A3FB02325A4594BF9044D84454E877
:1085F400003F2A68306844E80073002BF7D14B68C9
:10860400DAF800C01B1A0BFB02F2A3FB0C3CBCF50E
:108614007A7F94BF624402F57A72A2EB0802B2F543
:108624007A7F06D3B9F1010908F57A78DFD1BDE87C
:10863400F88F02F02BF90449D9E700BF182900206C
:108644001429002010290020001000E00429002033
:1086540030B40F4B4FF0010C0E4D0F4C53E8002F6C
:108664002868216843E800C2002AF7D10B4B5B68F5
:108674000B4A5B1A4FF47A71126801FB00F0A3FBFA
:10868400023230BC8A4294BF80184018704700BF41
:10869400182900201429002010290020001000E0CF
:1086A40004290020272816D80201104B03EB0010E0
:1086B4009B5810B4C2685C68144205D061B95DF877
:1086C400044BC3F888207047836851B1084A5DF8A9
:1086D400044B1A60704770475DF8044BC3F884205C
:1086E4007047044A5DF8044B1A607047500C002030
:1086F40038F001003830010027280BD8064B02015E
:1087040003EB00109A58C36892681A4214BF012000
:108714000020704700207047500C0020272829D8DB
:10872400164B0201012903EB00109A5810B4536848
:10873400C4680ED004290CD023EA04035360836870
:10874400A9B1022917D003290CBF0D4A0D4A1A609A
:1087540007E0234301295360836808D040F63802B8
:108764001A60436815225DF8044B1A60704738227A
:108774001A60F6E77047044A1A60F2E7500C0020CA
:10878400383001003800010038F00100704700BFA4
:10879400272858D80001F0B4344C354D2358AB4247
:1087A40056D049D8B3F1844F4BD0A5F58045AB42A0
:1087B40040D1304D2044304E304CC4F8B462D0E93E
:1087C40001C4C0684FF0E0264FF00057042AC6F8F1
:1087D40010712FD85E6926EA00065E614FF0050627
:1087E400CCF80060266846F4803626605C6824EA8B
:1087F40000045C60224C54F8224090FAA0F2B2FAD1
:1088040082F245F822106FEA00011DD0DD690F2ABB
:1088140001EA0501D9611DDC52000325D9689440A1
:1088240005FA02F221EA02022243DA6098615A69E7
:1088340002435A61F0BC7047124DAB42FAD1124D5B
:10884400B8E7124DB6E77047DA690243DA61EDE73B
:108854000F4DAFE7103A032519695200944005FA09
:1088640002F221EA020222431A61DFE7500C0020DF
:1088740000800042F817002021000000001C0020A6
:108884008808002000C00042F81800207817002053
:108894007818002008B5FDF7CBFCFDF75DFF01F06B
:1088A400F5FFFAE7844641EA000313F003036DD1B0
:1088B400403A41D351F8043B40F8043B51F8043B9F
:1088C40040F8043B51F8043B40F8043B51F8043BA6
:1088D40040F8043B51F8043B40F8043B51F8043B96
:1088E40040F8043B51F8043B40F8043B51F8043B86
:1088F40040F8043B51F8043B40F8043B51F8043B76
:1089040040F8043B51F8043B40F8043B51F8043B65
:1089140040F8043B51F8043B40F8043B51F8043B55
:1089240040F8043B51F8043B40F8043B51F8043B45
:1089340040F8043B403ABDD2303211D351F8043BE5
:1089440040F8043B51F8043B40F8043B51F8043B25
:1089540040F8043B51F8043B40F8043B103AEDD294
:108964000C3205D351F8043B40F8043B043AF9D2E5
:10897400043208D0D2071CBF11F8013B00F8013BB8
:1089840001D30B8803806046704700BF082A13D3C5
:108994008B078DD010F003038AD0C3F10403D21ADD
:1089A400DB071CBF11F8013B00F8013B80D331F811
:1089B400023B20F8023B7BE7043AD9D3013A11F891
:1089C400013B00F8013BF9D20B7803704B784370FC
:1089D4008B7883706046704702F04CBD01F1FF3C18
:1089E40070B56646002400E00134B0FBF2F502FBEA
:1089F4001503092B03F1370E03F130035FFA8EFEE2
:108A040098BF5FFA83FE9042284606F801EFEBD246
:108A1400631C0022C818CA547CB162461CF8015F6A
:108A240010F8016DA1EB0C0302328CF80060013BDD
:108A3400521A057023449A42EFDB084670BD00BF0A
:108A44004FF0010C0CFA01FC01EB410100EB411168
:108A540070B5B1F80EE01FFA8CF5254C1FFA8EFEA6
:108A640024782E010EFB033306F0F006E340B0F841
:108A740088417345A4B228BF73463443012AA0F841
:108A840088410DD0022A28D0C2B10CF00F02B0F8F0
:108A940088C11FFA8CFC4CEA020CA0F888C170BD96
:108AA4009BB20CF00F022D02CB82B0F8803105F49A
:108AB40070659BB22B43A0F88031E8E7AEEB030E60
:108AC4000CF00F021FFA8EFEA1F80AE0B0F8803114
:108AD4009BB21343A0F88031D9E79BB20CF00F028C
:108AE400CB83B0F880319BB21E43A0F88061CEE7FF
:108AF4000C1A002027284BD8F8B52A4D044615F83F
:108B0400202005EB8005012A2DD0022A3FD16B7865
:108B1400C3F3011003283ED0234A02EB803203F052
:108B2400030C224889B2634602EB4C1C0678BCF85D
:108B340006E05801BCF810301FFA8EFECEF1011E7B
:108B44001EFA83F303F1FF3E0EFB01F1F1408E4563
:108B540023D95B1AC3F101039BB289B20244ACF876
:108B6400063011820DE06A78C2F30113032B10D092
:108B74000F4800EB83308BB202F00301AA78FFF7B1
:108B84005FFF0C4BEA7803EB04135B681A60F8BDD3
:108B940070470948EFE7094AC1E7991E4FF6FF738A
:108BA400DBE700BFF80E002000C01D400C1A0020B7
:108BB40000C03D40500C002000803E4000801E401C
:108BC40000230F2248F2B82C194610B54FF4704414
:108BD4004FF4806EA0F88C414FF46044A0F88E21CD
:108BE4000A46A0F89031B0F888319BB243F0F00304
:108BF400A0F8883101EB4103013100EB4313042950
:108C04009C80A3F806E05A841A865A805A81A3F8F5
:108C14000EC05A82DA825A83DA83EBD1B0F88831F3
:108C24009BB243F00F03A0F88831B0F888319BB2AF
:108C340043F47063A0F8883110BD00BF374B384A45
:108C4400996F384841F47F0170B5996741F2010684
:108C5400D3F8801045F6C05543F226040A43C3F8FE
:108C64008020FFF7ADFF00F58040FFF7A9FF00F576
:108C74008040FFF7A5FF00F58040FFF7A1FF002229
:108C8400A0F503104FF00F0E114600EB42134FEA0C
:108C9400421C01329981042A5981A3F80EE09E8274
:108CA400DD8020F80C1019829C81EED100221E4830
:108CB4004FF00F0E41F20106114645F6C05543F23E
:108CC400260400EB42134FEA421C01329981042A24
:108CD4005981A3F80EE09E82DD8020F80C101982E1
:108CE4009C81EED1002211480F2641F20105114664
:108CF40045F6C05443F2260E00EB42134FEA421CE1
:108D040001329981042A5981DE819D82DC8020F818
:108D14000C101982A3F80CE0EED170BD00C00F4016
:108D2400000003FC00C03D4000001E4000401E4007
:108D340010280346044A28BF10231078012B38BF9B
:108D440001231370704700BF0C1A002072B6EFF3B2
:108D54000583524CC4F884301EF0040F0CBFEFF3AB
:108D64000882EFF309824FF0E0234D4E4D4DD3F8C6
:108D7400280DD3F82C1DC4E92201D3F8341DD3F8EF
:108D8400383DC4E924139369C4F89830D369C4F80E
:108D94009C3000F0D3F884ED280A01F017FE0B2173
:108DA4004FF0FF32C4F8A4000B46C4F880103E49CB
:108DB400301D5A40202402F00103013C01FB03F35F
:108DC40083EA5202F7D1A84202D073680646EFE75D
:108DD400324BC3F8A820BFF34F8F4FF0E023304944
:108DE400324AC3F8701FC3F8702FBFF34F8FBFF31D
:108DF4006F8F2F4A02252F48D36E2F4943F44053D7
:108E0400D3660560D3692D4823F07F0343F0400304
:108E1400D3610B6883423DD8264D00214FF0E023F7
:108E24004FF0FF3229600126C5F808112449C5F81E
:108E34000011C5F80861C3F88021C3F88421C3F880
:108E44008821C3F88C21C3F8902101E000F084F953
:108E5400D5F80C31002BF9D00134C5F80C614F2C36
:108E6400F4D9184B022018494FF00042C1F84001D0
:108E74005A63D5F80C313BB9144815490D4A0163BE
:108E8400D2F80C31002BFAD04FF0E023114AC3F88A
:108E94000C2DFEE7FFF710FABEE700BF00FF272006
:108EA40080FF2720A8FF27202083B8EDA0FF2720DC
:108EB40000C00F4000400840B4110020803DCD0B9D
:108EC400009F240000900D4000002E4000800F40C1
:108ED400F100AD0B0400FA050A490A6838B108B577
:108EE40013180948834204D810460B6008BD104685
:108EF400704703F0EDF90C234FF0FF320360104686
:108F040008BD00BFD01100200000282000207047B9
:108F14004FF0FF30704700BF4FF4005300204B6008
:108F2400704700BF012070474FF0FF30704700BF0B
:108F340030BFFDE730BFFDE7FFF708BF124AD2F8A4
:108F440080305B07FBD5D2F880301048C3F30B2385
:108F54000F4990ED007A07EE903A91ED006AB8EE71
:108F6400477A0C4AF8EEE77A0B4BD2ED006A77EEBB
:108F7400C77A93ED007AB8EE477A67EE867A87EE81
:108F8400A60A37EE400A704700810D40F4280020FD
:108F9400FC28002000290020F8280020836BF0B46E
:108FA4001BB1536843F40043536072B6446B3CB343
:108FB4001A4B2260D3F8B0410C421DD1184E776889
:108FC40004E07468E41BB4F5166F0BD2D3F8404187
:108FD40044F48044C3F84041D3F8B851D3F8404135
:108FE4006404EED50D4007D10C4CC0E90225D4F839
:108FF400B0310B43C4F8B031426362B6F0BC704781
:10900400064DC0E90224D5F8B0310B43C5F8B031A0
:109014000263426362B6F0BC704700BF00002E409A
:10902400001000E070B5056B9DB106462A46002489
:1090340003E012680134012A0CD0536813F0800352
:10904400F7D032632CB12846B36B2D689847013CA6
:10905400F9D170BDC6E90C33F4E700BF30B4D9B917
:109064001F4C204B0021204A01254FF0011099602C
:109074001D60C4E9023180245C60C2F8BC01D2F8EE
:10908400B0311A482B43C2F8B0310160D2F8B03184
:10909400002BFBD130BC70470904154B104C012543
:1090A40041F080019860104A596000F580511D60BC
:1090B400D96000F50051A364196100F5405100F531
:1090C4008040596100219861E164D2F8B03143F4E1
:1090D4008033C2F8B031D2F8B031002BFBD1C0E7F5
:1090E40000000020201F002000002E405C270020EC
:1090F400401F002010B472B60A4C01220A4923789A
:1091040002FA00F018432070D1F848311A0605D449
:1091140080221343C1F84421C1F8483162B65DF896
:10912400044B7047526C002000002E400849012275
:109134000B7802FA00F023EA0000087030B9054AFF
:10914400D2F8483123F08003C2F84831704700BF99
:10915400526C002000002E402DE9F04F9C4C83B04F
:10916400D4F84461F107C4F844616AD5D4F8AC3149
:10917400002B61D0DFF88482964DDFF878B208F5D1
:10918400805ADFF87C92944FC4F8AC31D5E90A20B8
:10919400D4F8403143F40053C4F84031D4F840319A
:1091A4009B04F5D5D4F8403123F40053C4F840317E
:1091B4004FF00113C4F8B431D4F8B43113F00113EF
:1091C400FAD191B240F2816CCBF80030614500F2E3
:1091D400D980B1F5D06F80F06181B1F5817F00F065
:1091E4008F8140F2AB8040F2023C614500F0B281D5
:1091F400B1F5A06F40F0C1807849EB648B60012326
:10920400A9640B6080234B604FF00113C4F8BC3198
:10921400D4F8B03143F48033C4F8B031D4F8B03169
:10922400002BFBD1130C5B0643F08073C4F854315C
:10923400D4F8AC31002BA7D1654AD2F8BC31002B4D
:109244004AD1720616D5624BD3F8AC21C3F8AC21CF
:10925400D3F8BC21C3F8BC21D3F8B041002CFBD116
:109264004FF0FF32C3F8B421D3F8843101F012F97E
:109274005B4B1C60F40103D55A4B1B6803B1984740
:10928400B00103D5584B1B6803B19847710708D543
:109294004F4BD3F8843113F400731AD0534B01228B
:1092A4001A704B4BD3F848311A060FD533060DD537
:1092B4004F4A13782BB1013BDBB21370002B00F043
:1092C400428203B0BDE8F04F00F0AABC03B0BDE891
:1092D400F08F464A1370E4E74649C2F8BC31086887
:1092E400034240F061813E4A14681C40A9D05FEA01
:1092F400144810D0374D4FF0010998FAA8F7B7FA7F
:1093040087F705EBC71009FA07F74030FFF78AFE25
:1093140038EA0708F1D1A4B2002C92D02D4D4FF0B9
:10932400010894FAA4F7B7FA87F705EBC71008FA0F
:1093340007F7FFF777FEBC43F3D182E7802900F0FB
:10934400A780822919D183B210F0780015D103F0D7
:109354007F0257F82210284A1080180600F1C081B5
:10936400CB0701D50123137002212348FFF776FEB2
:109374005EE7010C072900F045814FF00113C4F8A2
:10938400C03155E742F2210C6145F2D03AD942F29C
:109394002123994268D042F221339942EDD10F4BF7
:1093A40000229A60EA640122AB641A6080225A6047
:1093B4004FF00113C4F8BC31D4F8B03143F4803316
:1093C400C4F8B031D4F8B031002BFBD130E700BF82
:1093D40000002E4000000020C0012E40201F00206D
:1093E400602700200C6C0020106C0020616C0020B1
:1093F400676C00205C270020982800205427002058
:10940400401F0020B1F5086F3AD0B1F5106FB4D108
:10941400B548C2F307424FF0C81100930270B34A33
:10942400C4F8C821C4F8CC11C4F8D01101F034F840
:1094340000F08CFBAE4A0121009BAA6411608021DC
:10944400936051604FF00112EB64C4F8BC21D4F86E
:10945400B02142F48032C4F8B021CBF80030D4F803
:10946400B031002BFBD1E3E680B2002897D1A14BA9
:10947400C2F307421968A04B1960A04B1A708EE71B
:10948400994B01219E481B780370FFF7E7FDCFE657
:109494009B4802210380FFF7E1FDC9E6994B596817
:1094A40000293FF46AAF4FEA124E82B204E0196910
:1094B4000C3300293FF461AFB3F800C0F445F6D192
:1094C400B3F802C09445F2D14FEA1E22032A00F0F9
:1094D400D8801A89000C824228BF0246BEF5007F5C
:1094E40040F0D480884B89491878894B0092002831
:1094F40018BF19468748FFF7D5F9864B009ADAE07A
:1095040010F0780F83B27FF438AF03F07F0213F0CA
:10951400800F57F8223014BF23F4803323F0010363
:1095240047F822300022724BEA649A600122AB644D
:109534001A6080225A604FF00113C4F8BC31D4F889
:10954400B03143F48033C4F8B031D4F8B031002BD7
:10955400FBD16DE610F0780F83B27FF40EAF03F009
:109564007F0213F0800F57F8223014BF43F4803386
:1095740043F0010347F8223000225D4BEA649A600D
:109584000122AB641A6080225A604FF00113C4F8C0
:10959400BC31D4F8B03143F48033C4F8B031D4F8DA
:1095A400B031002BFBD143E6002008605A490C88F7
:1095B400486842F221018C427FF495AE80B20028C3
:1095C4007FF491AE5549564C03C9A18086284FEAD1
:1095D40011412060A1717FF486AE72B651480178C2
:1095E40041F008010170D2F848110D0605D480201D
:1095F4000143C2F84401C2F8481162B64A4A5021F4
:10960400117070E6EB6001234349C9F80030474B01
:109614000A60C9F80430464B4860C9F81030C5F8F0
:109624000890C9E9028AD4F8B02142F00102C4F8D2
:10963400B02103F5805203F50053C9F81420C9F88A
:109644001830D4F8B031002BFBD1294AEB64936075
:109654000123AA64136048F2800353604FF001139E
:10966400C4F8BC31D4F8B03143F48033C4F8B03119
:109674004FF48033CBF80030D4F8B031002BFBD159
:10968400D6E5000C0A78824228BF0246BEF5E06F98
:1096940050D11D4B1D4893F800C01D491D4BBCF112
:1096A400000F18BF014600921846FFF7FBF8072188
:1096B40003464170009A23F01F011344BFF34F8FF8
:1096C4004FF0E020C0F8701F20318B42FAD8BFF36E
:1096D4004F8FBFF36F8F0F481146FFF7BFFCA7E50D
:1096E400C9033FF53FAE3FE6606C00200200CC00AA
:1096F400201F002014290020946A00205F6C0020A1
:109704009828002000100020616C0020581C006084
:10971400F01C006080AA2020202200205427002072
:109724008C6A0020526C0020676C002080000700C7
:1097340054470020064B1846CDE90023FFF7B2F842
:10974400DDE90023B7E70320FFF7F0FC08F030F869
:1097540080AA20202DE9F0471F46831E022B01D941
:10976400BDE8F087DFF84C9015460C463C2209EB27
:10977400C01806464FEAC01A002108F10400240468
:1097840002F0BCFCB5FA85F20123520944EA4274A2
:1097940049F80A40C8F83870C8F80830002FDFD0FC
:1097A400034AB34011680B431360BDE8F08700BF60
:1097B40060270020000000202DE9F0470D46811E9F
:1097C400022901D9BDE8F087C701DFF84C90924621
:1097D400044640373C2200211E4609EB07082D04AD
:1097E40008F1040002F08AFCBAFA8AF2520945EA46
:1097F400427249F807200122C8F83860C8F80820E6
:10980400002EDFD0034B10341968A2400A431A60BB
:10981400BDE8F0876027002000000020120481606A
:10982400C36101F5405342F0800210B40124426048
:1098340001F50052046001F5805401F58041C460D3
:1098440081615DF8044BC0E904237047831E0A4616
:10985400022B00D97047064B00F110014FF0010CA8
:1098640003EBC0100CFA01F14030FFF797BB00BFC7
:1098740000000020831E0A46022B00D970470121F4
:10988400024B814003EBC010FFF788BB00000020AF
:1098940040687047124A134BD2F8200220F07F40F0
:1098A400984210B584B002D200EB800040000E4C08
:1098B40001A90A22FFF792F801A90023204611F812
:1098C400012B01333AB10A2B20F8022FF7D11623CA
:1098D400237004B010BD5B00DBB2237004B010BD74
:1098E40000441F4080969800F419002000F0F2BE56
:1098F40000F0C2BE00F026BF00F0E0BE00F07CBF66
:1099040000F052BF0846114600F042BF38B50C4B78
:1099140004460C4D1B68298843B1B1F5917F09D2E7
:109924004B1C9BB2084A2B80545438BDB1F5917F2F
:10993400F6D338BD00220448984700210123F1E7FB
:10994400D46A0020346C0020E86A0020F8B5144C76
:109954004FF0E025134E4FF4003204EB4024124F35
:1099640006EB40160346C5F88C2121463A8830465A
:10997400FFF754FF3B882344BFF34F8FC5F85C4F78
:109984002034A342FAD8BFF34F8FBFF36F8F042064
:109994003146FFF76FFF4FF40033C5F80C31F8BDC3
:1099A40020AB2020601F0020286C002042684FF666
:1099B400FC71114BC2F30E42C0691B889B1A0B4009
:1099C40017D00E4930B40E4C0E4D227821F81030C9
:1099D4000021013225F81010062A94BFD1B20A469C
:1099E400217009490C6823440B60084B985430BC1F
:1099F4007047FFF7ABBF00BF286C0020A8280020E9
:109A04004E6C0020C4280020A0280020E02800205C
:109A14002DE9F04F0123DFF828A1DFF828B183B046
:109A2400414E9AF80020414D414F8BF8003005EB30
:109A340042153388D7F80080CDE90002002B6DD1A0
:109A44003C4CDFF804912846FFF722FF10F0800019
:109A54005DD03B68A3EB0803282B04D901232370B2
:109A640003B0BDE8F08F2378002BF9D199F80030CA
:109A7400002BF5D000F00AFF3388002BE3D02E4AE8
:109A84009AF800101288D01A043B2C4C9BB2204444
:109A9400338000EB4120009E4902C0F8006C93BB68
:109AA40004F5406428460C442146FFF7B7FEBFF393
:109AB4004F8F04F1200204F50073934234BF012355
:109AC40010234FF0E02204EB4313C2F8704F20340C
:109AD4009C42FAD1BFF34F8FBFF36F8F0420294606
:109AE400FFF7B4FE019B02200133032B94BFDBB2CA
:109AF40000238AF80030FFF719FB00238BF80030AD
:109B040003B0BDE8F08F0220FFF7F4FAF5E70A4B43
:109B14009AF800101A8820701346B5E7064A01998E
:109B24001288D01AB0E700BF2C6C0020202100203E
:109B340014290020536C0020306C002020AB20201E
:109B44005B6C00205D6C0020606C0020214B70B5C4
:109B54001B78002B3BD04FF400731E461E49802215
:109B64001E4D00240B8000211D482B8002F0C6FAF4
:109B74001C4A21461C4B1470C0221C481C8002F055
:109B8400BDFA1B4A31461B4B042094609C60C2E919
:109B94000044194AC3E900441470184B184A1C7055
:109BA400184B14602246FFF7D5FD23462246298828
:109BB4000420FFF701FE20460134FFF7C7FE062C00
:109BC400F9D100231049114A0B70137070BD402362
:109BD4001E46C3E7616C0020286C0020306C002016
:109BE400202100205B6C00202C6C0020601F0020D2
:109BF400A8280020C42800204E6C0020506C0020AF
:109C0400A02800201D7C0000536C00205D6C002007
:109C1400024B1B780BB1FFF7FBBE7047606C002052
:109C24002DE9F843214B1D7815B9214E33880BB922
:109C3400BDE8F883DFF888801E4A98F800701E4C4F
:109C440002EB47191D4A04EB472412884846214673
:109C5400D21A2B46FFF7E2FDBFF34F8F04F1200227
:109C640004F50073934234BF012310234FF0E02224
:109C740004EB4313C2F8704F20349C42FAD1BFF373
:109C84004F8FBFF36F8F013749460420FFF7DEFD86
:109C9400032F4FF000034FF0020098BFFDB2338052
:109CA40088F80050BDE8F843FFF740BA5D6C002027
:109CB4002C6C00202021002020B72020306C0020B4
:109CC4005B6C0020F8B54FF400324FF0E023204CD9
:109CD400C3F88C211F4B227819788A422ED0D3B234
:109CE4001D4A1E4F01331E491E4E072B28BF002359
:109CF400D05C37F8102001EB40218D5804323168D4
:109D040092B2043927F810203160174931F8101045
:109D1400914207D94FF0E0234FF400322846C3F8AC
:109D24000C21F8BDDBB22370FFF710FE4FF0E023E7
:109D34004FF400322846C3F80C21F8BD00254FF03B
:109D4400E0234FF400322846C3F80C21F8BD00BFCD
:109D5400506C00204E6C0020E0280020C428002015
:109D640020AB2020A0280020A8280020F8B5064613
:109D7400FFF7A8FF90B1C0F3031300F00F059C4A4E
:109D84000446070A1370A5F10803062B08D807F048
:109D94000F030133002E45D0B34243D00020F8BD59
:109DA400AB1EF8B2012B19D9F72818BFF02801D936
:109DB400052D13D0042D00F085816B1F022B40F27A
:109DC40045810F2DEAD1F72808D8F02803D0894B14
:109DD4001B88002BE2D0FFF799FDDFE7F1380E284E
:109DE400DCD801A353F820F0CD810000DF8100000E
:109DF400FD8100000D8000000D8000000B8200003A
:109E04000D800000198200000D80000045810000D3
:109E14007B8100005F8100000D80000097810000BD
:109E2400B3810000082DC4F3033217D1082A15D1D9
:109E340071488021714A0768C4F30746DDB2117086
:109E4400240E1FB1314628462246B8476C4B0120E8
:109E54006C491D706C4B0E701C70F8BD092D14D12B
:109E6400092A12D1220E654900F0B4809020C4F36F
:109E74000746DDB20870D4B264490F68002FE5D0FC
:109E8400224631462846B847E0E70A2D05D10A2A7A
:109E940003D15F48A021594ACDE70B2D05D10B2AE8
:109EA40003D15C48B021554AC5E70C2D40F08A80A7
:109EB4000C2A40F08780584AC02050491268C4F3E5
:109EC4000746DDB20870240E002ABFD0314628466A
:109ED4009047BBE7514B1B68002B00F00A81C4F389
:109EE40007469847454B240E00251F70AEE74C4BA0
:109EF4001B68002BF3D14B4B1B68002B00F0ED804B
:109F0400FC20C4F307469847ECE7474B1B68002B3B
:109F1400E5D1444B1B68002B00F0DF80FB20C4F329
:109F240007469847DEE7414B1B68002BD7D13D4BD2
:109F34001B68002B00F0D180FE20C4F3074698472D
:109F4400D0E73B4B1B68002BC9D1364BC4F3074603
:109F54001B68002BC6D0FF209847C3E7354BC4F3DA
:109F640007461B68002BBDD030469847BAE7324BF2
:109F74001A68002A00F0B180630CC4F30640260C72
:109F840003F47E53F6B218439047ABE72B4BC4F36C
:109F940007461B68002BE7D1A4E7294BC4F3074607
:109FA4001B68002B9DD19DE7264B1B68002B96D187
:109FB4001C4B1B68002B00F09080F820C4F307466C
:109FC40098478FE70D2D62D10D2A60D11E4AD0200B
:109FD4000A4973E78020DDB2C4F3074608700649D6
:109FE4000F68002F7CD0314628461446B8472DE729
:109FF400626C0020346C0020AC6A0020666C002087
:10A00400636C0020646C0020656C0020B06A002042
:10A01400E46A0020A86A0020B86A0020C86A002008
:10A02400CC6A0020BC6A0020A46A0020986A002040
:10A03400D86A0020DC6A0020C06A0020C46A0020BC
:10A04400E06A0020A06A00209C6A0020FFF75EFC02
:10A05400052D08D0C4F30740FFF758FC072D02D1A3
:10A06400200EFFF753FC2B4B2B4819882B4A017009
:10A07400080A2B4C107000202A4A1880F023246808
:10A0840013707CB301222848A0470120F8BD0E2D8F
:10A094007FF484AE0E2A7FF481AE244AE020214965
:10A0A4001268087072B3610CC4F30640DDB201F4A7
:10A0B4007E51260C240E01432846F6B2A1F5005128
:10A0C4009047C3E6FFF722FCC4F30740FFF71EFCEA
:10A0D400200EFFF71BFC0020F8BDC4F3074601E780
:10A0E4003C46B3E6124B1B688BB10F4898470120DE
:10A0F400F8BD104B1B68002BEFD0FA20C4F30746C1
:10A104009847EFE6C4F30746DDB2240E9EE601202D
:10A11400F8BD00BF346C0020646C0020656C002026
:10A12400D46A0020666C0020E86A0020B46A00202B
:10A13400D06A0020BC6A0020F8B5144C4FF0E0252A
:10A14400134E4FF4003204EB4024124F06EB40163A
:10A154000346C5F88C2121463A883046FFF75EFB5A
:10A164003B882344BFF34F8FC5F85C4F2034A34290
:10A17400FAD8BFF34F8FBFF36F8F03203146FFF739
:10A1840079FB4FF40033C5F80C31F8BD20BF202013
:10A19400202000202A6C0020244B2DE9F0411C884B
:10A1A4004368C569C3F30E43E41A002C24DD204937
:10A1B40020480A780078D3B21F4E82421F4807D045
:10A1C40010F8038036F81870C7F50072944218D955
:10A1D4000133002226F81540082B194E88BF134678
:10A1E40026F8152098BFDAB2C554164B0A701A68BF
:10A1F40014441C60BDE8F0812846BDE8F041FFF737
:10A204009BBF07EB4820104922462744084401EB32
:10A214004521FEF747FB0B4A284626F818701368B9
:10A224002344BDE8F0411360FFF786BF2A6C002089
:10A234004F6C0020516C0020B4280020E828002036
:10A24400D0280020A428002020BF20201D4B1A78ED
:10A25400002A36D102F0FF031B4A12788AB32DE993
:10A26400F0411A4D2A8852B3194EC2F50068194FAD
:10A274003278194C07EB421704EBC22442463846A5
:10A284002146FFF7CBFA04EB0802BFF34F8F4FF0E0
:10A29400E023C3F8704F2034A242FAD8BFF34F8FA3
:10A2A400BFF36F8F03203946FFF7D0FA33780133B9
:10A2B400DBB2032B88BF0023337000232B80BDE85F
:10A2C400F08170475E6C0020606C00202E6C0020D2
:10A2D4005C6C0020A021002020CF20202DE9F04F2D
:10A2E40085B0CDE90110002900F0BF800023604C47
:10A2F400DFF89881DFF898A15E4F009301235E4A4E
:10A3040023705E4B1978B8F8003002EB4119002B2A
:10A3140040F0A7801E461D469B464846FFF7B8FA04
:10A3240010F0800000F08C80BFF34F8F9AF800305B
:10A3340084F800B005B93E68002B7DD13B689B1BB7
:10A34400782B00F287804E4B1B78002B74D000F0E2
:10A354009DFA0122B8F8003015462270002BDCD09B
:10A36400464AC3F5006011781A4600EBC120454DFA
:10A37400C9022844019D954217D20393DDE9015196
:10A384002A46FEF78FFA039B4FF040425B1BA8F866
:10A3940000303D4BC3F88420BFF34F8F0098002357
:10A3A4002844237005B0BDE8F08F364BCD180299D0
:10A3B400FEF778FA00234FF4006229464846FFF777
:10A3C4002DFABFF34F8F05F1200205F50063934288
:10A3D40034BF012340234FF0E02205EB4313C2F8BE
:10A3E400705F2035AB42FAD1BFF34F8FBFF36F8F4D
:10A3F40003204946FFF72AFA204A13780133DBB2D7
:10A40400032B84BF00231D4A1370B8F80030019A4F
:10A41400D11A009A1A4401910092029A1A44002314
:10A424000292194AA8F80030C2F88430BFF34F8F63
:10A43400237000297FF462AF009805B0BDE8F08F67
:10A444004FF400620D4B8AF8000019781346A8F8FF
:10A4540000208AE7012300988AF8003005B0BDE89F
:10A46400F08F1A46C3F500607FE70198E5E700BF67
:10A474005E6C002014290020A02100205C6C0020C8
:10A48400606C002020CF202000002E402E6C002085
:10A49400546C0020704700BF2D4B002180222D48B2
:10A4A40070B51B7800242C4D8B422C4E0CBF4023DE
:10A4B4004FF400732B80338001F020FE284A21469C
:10A4C400284B14704FF4807227481C8001F016FE4C
:10A4D400264A1021264B0220C2E90044C2E9024464
:10A4E400244AC3E900441470234AC3E90244234BB9
:10A4F4001C70234614602246FFF75EF92246318819
:10A5040003201F4BFFF726F9234601222988032045
:10A51400FFF752F920460134FFF70EFE082CF9D15B
:10A52400184B00214A221848184C0460C3F88410C0
:10A53400C3F88020D3F84821154942F08072C3F84B
:10A54400482121B1134A137843F00103137070BDFD
:10A55400616C0020A0210020326C00202A6C0020B5
:10A564005C6C00202E6C002020200020B4280020E9
:10A57400D02800204F6C0020A4280020516C00201B
:10A584000984000000002E400C6C0020BD840000F3
:10A5940000000000686C00202DE9F04F4FF0E0232C
:10A5A4004FF40032DFF8C8A083B0C3F88C218B4687
:10A5B4009AF8004000294FD08046E4B20027DFF823
:10A5C400B490264BABEB070225491B78A34204F158
:10A5D40001043FD0092C234B404628BF00241E5DB4
:10A5E40039F816C00CEB462319441F4B33F81650A8
:10A5F400A5EB0C05AA421CD20CEB462C18491B4CAB
:10A6040061440192FEF74EF9216839F81650584614
:10A61400019AA1EB0B012A44394429F81620216040
:10A624004FF0E0234FF40032C3F80C2103B0BDE82F
:10A63400F08F2A462F44FEF735F90C49E3B2304631
:10A644000A68A844521B0A608AF80030FFF774FDB8
:10A65400BB45B6D83846E3E70846E1E74F6C00202F
:10A6640020BF2020E8280020B4280020A4280020AF
:10A67400516C0020D02800200B4B0C4A127819781A
:10A68400D3B28A420DD0013309480A4A092B0A4938
:10A6940028BF0023C35C31F8131002EB4323585C3A
:10A6A40070474FF0FF3070474F6C0020516C002012
:10A6B400E828002020BF2020D0280020044B10B51B
:10A6C4001C680CB1204610BD00F0E0F8204610BD17
:10A6D400A42800202DE9F84F144E154D33782A781C
:10A6E400934221D0DCB2DFF85090DFF850B0DFF8AD
:10A6F4005080104F0134082C5FFA84FA01D90024E9
:10A70400A24619F80400DBF8003038F8102037F8B6
:10A714001010521A9B1ACBF80030FFF70DFD86F883
:10A7240000A02B78A342E5D1BDE8F88F516C00203E
:10A734004F6C0020D0280020E8280020A428002006
:10A74400B428002000B583B001210DF10700FFF704
:10A7540023FF20B19DF8070003B05DF804FB4FF020
:10A76400FF30F9E7094B00B583B01B788DF807007B
:10A774003BB101210DF10700FFF7B0FD03B05DF817
:10A7840004FB03F0FF0003B05DF804FB606C0020E1
:10A79400044B1B7803F0FF020BB1FFF79FBD10467B
:10A7A400704700BF606C00202DE9F0410024DFF801
:10A7B400448001230D4D27460D4E88F80030337830
:10A7C40028462035A34204F1010405D0FFF760F8C0
:10A7D400030658BF07F50067042CF0D1BFF34F8F71
:10A7E4000023384688F80030BDE8F081A02100201D
:10A7F4005C6C00205E6C00202DE9F8431D4B1B7837
:10A8040013B11D4D2A880AB9BDE8F8831B4EC2F561
:10A8140000691B4933784A461A4C01EB43181A4F16
:10A8240004EBC324012340463B7021460023FEF77A
:10A83400F5FF04EB0902BFF34F8F4FF0E023C3F899
:10A84400704F2034A242FAD8BFF34F8FBFF36F8FFB
:10A8540003204146FEF7FAFF33780133DBB2032BC2
:10A8640088BF0023337000232B80BFF34F8F3B70CE
:10A87400BDE8F883606C00202E6C00205C6C002026
:10A88400A021002020CF20205E6C00202DE9F84379
:10A894002D4B1E7866B12D4F3B784BB90123F10740
:10A8A4003B7043D4B20726D400233B70730701D412
:10A8B400BDE8F883264B1A68002AF9D0EFF3058225
:10A8C400002AF5D1EFF3108572B61868002834D049
:10A8D400204C2178002930D10122227042691A606B
:10A8E400002A2ED0916105B962B6002583684577A8
:10A8F40098472570DCE7DFF8648098F80030002B77
:10A90400D2D00025DFF858902B4659F82340013562
:10A91400236820461B69984710B163699B68984770
:10A9240098F80020EBB29A42EFD8BDE7FFF7C6FED5
:10A934000028B7D0AFF30080B4E7002DB8D162B6D9
:10A94400B6E7054B1A60CEE7686C00203B6C00202C
:10A95400C0220020376C0020CC220020396C00205B
:10A96400E822002070B5EFF3108272B60C4C206818
:10A9740080B10C4E00254369236073B19D6102B917
:10A9840062B6836845779847EFF3108272B6206801
:10A994000028F0D102B962B670BD3360EFE700BFA2
:10A9A400C8220020C4220020FFF7DCBF0449054A66
:10A9B4004968054B1960136801331360704700BF81
:10A9C400001000E01429002010290020074A506AD2
:10A9D400936A19468446506A936A9942F9D1844528
:10A9E400F7D1DB0B43EA4040704700BF00400D4005
:10A9F40003460846194601F03DBC00BF10EE103A6C
:10AA0400B3F17E5F3ED0A3F50001B1F1FE4F10EE2D
:10AA1400102A3AD2BFEE002B02F14043284903F535
:10AA24004D03C3F3C34001EB001091ED424B91ED94
:10AA3400447B91ED406B91ED465BD90DC9052DED3D
:10AA4400028B90ED021B90ED008B521ADB1500EE89
:10AA5400103A03EE902AB8EEC00BB7EEE33A30EEAC
:10AA6400010BA8EE032BBDEC028B22EE023BA4EEFD
:10AA7400027BA5EE020BA6EE037BA3EE070BB7EE5B
:10AA8400C00B70479FED0F0A7047590014D0B3F103
:10AA9400FF4F14D0002B0BDBB1F17F4F08D2DFED59
:10AAA4000A7A60EE277A17EE903AA3F13862B1E79A
:10AAB40000EE103A00F0DEBA012000F0C9BA704787
:10AAC400C8030020000000000000004B000000004C
:10AAD40030B410EE103A2DED028BA3F5000110EE08
:10AAE400902AB1F1FE4F10EE104A82B04FEA4201B3
:10AAF4007CD201F1FF3C6FF08070844580F0F780D8
:10AB0400002004F1404303F54D03C3F3C342DB0DBE
:10AB1400DB05E11ADB1507EE903AB14B03EB0212A9
:10AB240092ED003B04EE101AB7EEE06AB7EEC44AA9
:10AB3400BFEE000BA3EE040B93ED443B20EE001B91
:10AB440093ED464B93ED402BA0EE034B93ED425B0C
:10AB540093ED483BA0EE025B21EE012B92ED028BBC
:10AB6400B8EEE77B37EE087BA0EE037BA1EE047B17
:10AB7400A5EE027B26EE077B17EE903A48F2BF0162
:10AB8400C3F3CF338B4250D2B7EE000B954B93ED0A
:10AB9400402B37EE023B13EE102A33EE423B02F019
:10ABA4001F01821803EBC10093ED424B37EE437B48
:10ABB40053F83140456893ED446B93ED465BA7EE43
:10ABC400046B27EE074B0023181905EBC231A7EEDF
:10ABD400050B41EC170BA6EE040B20EE070BB7EEAA
:10ABE400C00B02B0BDEC028B30BC70474D1E6FF041
:10ABF4008070854280F0CE8059004D1E854280F0E1
:10AC04009280002B55DB0020B4F5000FBFF479AF20
:10AC1400DFED757A07EE103A67EE277A17EE904A61
:10AC240024F00044A4F138646BE79FED656BB4EE47
:10AC3400C67BF1EE10FA15DC9FED636BB4EEC67BB8
:10AC4400F1EE10FA20DD4FF04C5388B10193DDEDA5
:10AC5400016ABFEE006A76EE666AF4EE466AF1EEC9
:10AC640010FA11D002B0BDEC028B30BC00F0EAB98E
:10AC74000093DDED006AB7EE006A76EE866AF4EEC4
:10AC8400466AF1EE10FAEDD19FED516BB4EEC67B3E
:10AC9400F1EE10FA57D99FED506BB4EEC67BF1EE8E
:10ACA40010FA7FF571AF02B0BDEC028B30BC00F03E
:10ACB400C3B9C2F3C7517E2911DD962954DC0120A2
:10ACC400C1F1960100FA01F1481E104207D1114268
:10ACD40014BF01200020000424F0004494E700EE97
:10ACE400103A02B0BDEC028B30BC00F0C3B90029AD
:10ACF40052D0B3F17E5F2CD06400B4F17F4F2ED8D4
:10AD0400B1F17F4F2BD1B4F1FE4F4BD0B4F1FE4FD4
:10AD14006FEA020234BF00240124D20F94424CD0C3
:10AD24009FED320A5DE7002B20EE000A1EDB0020B7
:10AD340000293AD1002ABFF654AF02B0BDEC028B11
:10AD440030BC00F085B902B0BDEC028B30BC00F021
:10AD54006DB982F48002520012F5000F22D907EE79
:10AD6400903A37EEA00A3CE70020B5E7C2F3C75398
:10AD7400A3F17F001728DAD8C3F19600012303FA60
:10AD840000F0441E1442D2D11040D1D0B1EE400A9A
:10AD94001846CDE70029AFD184F48002520012F5A1
:10ADA400000FDCD8B7EE000A1BE7002ABFF619AF84
:10ADB400F7EE007A87EE800A13E720EEA00A10E788
:10ADC40071D5D1FFFFFF5F40E2AAA3FFFFFF5F4001
:10ADD4000000000000C062C00000000000A062C0CB
:10ADE400D8050020800200200000004B0000000075
:10ADF40030B510EE104AC4F30A53B3F57D7FB7EEB5
:10AE0400C06A83B01BD226EE065BB3F5667F6ED3B1
:10AE140026EE052B25EE021B734B93ED1A3B93EDA7
:10AE2400187B93ED164BA5EE037BA2EE046BB0EEFC
:10AE3400460BA7EE010BB7EEC00B03B030BD40F2DA
:10AE44002E4293425ED8684991ED087B26EE077B3B
:10AE5400FDEEC77B91ED0A5B17EE903A03F5000314
:10AE64001B1613F0020F07EE903A01F1700208BFAF
:10AE74000A46D807B8EEE77BA7EE456B26EE067BBD
:10AE84001BD403F0030301EBC30192ED1A4B91EDC4
:10AE9400002B92ED185B26EE026B92ED163BA7EEAB
:10AEA400045B26EE074B27EE047BA4EE036BA5EEB2
:10AEB400076BB7EEC60B03B030BD92ED142B27EE33
:10AEC400075B92ED126B92ED0E3BA7EE026B92EDD7
:10AED4000C0B92ED104BA7EE030B27EE057BA5EEB2
:10AEE400040BA6EE070BB7EEC00B03B030BD220D6A
:10AEF40012F4FF6FDFD1B7EEC55B00EE104A8DEDA3
:10AF0400015AD8E7B3F5FF6F4BD2384BC4F38362D1
:10AF140003EB820053F822200569C4F31603C4F33B
:10AF2400C25143F400038B40016A03FB02F2A3FB0A
:10AF34000110E3FB050202F100518D0F01F04041C5
:10AF4400511A00F069FA2A4B9FED257B05EBD47466
:10AF540041EC160B14F0020FA3F1700208BF134664
:10AF6400E90726EE077B27EE076B1FD404F00304E2
:10AF740002EBC40293ED1A4B92ED002B93ED185B98
:10AF840027EE027B93ED163BA6EE045B27EE064B01
:10AF940026EE046BA4EE037BA5EE067BB7EEC70B8F
:10AFA40089E703B0BDE8304000F064B893ED142B9A
:10AFB40026EE065B93ED127B93ED0E3BA6EE027B31
:10AFC40093ED0C0B93ED104BA6EE030B26EE056BE5
:10AFD400A5EE040BA7EE060BB7EEC00B6BE700BFA4
:10AFE400182D4454FB21193C00070020A40900201B
:10AFF4007007002010B582B08DED010A044601F0FF
:10B0040067F99DED010A046002B010BD30B1F1EEA4
:10B01400407A27EE800A2220FFF7ECBFF0EE407A58
:10B0240027EE800A2220FFF7E5BF00BF9FED010A4B
:10B03400FFF7ECBF000000109FED010AFFF7E6BF29
:10B044000000201A9FED010AFFF7E0BF0000007026
:10B054009FED070AFFEE007AB7EE007A00284FF062
:10B06400220047FE277A87EE800AFFF7C3BF00BF9E
:10B074000000000070EE407AB4EE400A87EEA77A32
:10B08400F1EE10FAB0EE470A02D62120FFF7B2BF64
:10B09400704700BF10EE101AC1F3C7520029A2F185
:10B0A4007F0CB4BF4FF0FF300120BCF11E0F0FDC4A
:10B0B400BCF1000F1DDBC1F31603BCF1160F43F402
:10B0C40000030ADD963A03FA02F202FB00F070472D
:10B0D400FDEEC07A17EE900A70474FF4800242FAF0
:10B0E4000CF21A44CCF1170C22FA0CF202FB00F019
:10B0F4007047BCF1FF3F18BF0020704781F000414A
:10B1040002E000BF83F0004330B54FEA41044FEA48
:10B11400430594EA050F08BF90EA020F1FBF54EAE3
:10B12400000C55EA020C7FEA645C7FEA655C00F07F
:10B13400E2804FEA5454D4EB5555B8BF6D420CDD50
:10B144002C4480EA020281EA030382EA000083EAD3
:10B15400010180EA020281EA0303362D88BF30BD73
:10B1640011F0004F4FEA01314FF4801C4CEA1131C9
:10B1740002D0404261EB410113F0004F4FEA033328
:10B184004CEA133302D0524263EB430394EA050FB3
:10B1940000F0A780A4F10104D5F1200E0DDB02FA22
:10B1A4000EFC22FA05F2801841F1000103FA0EF2B6
:10B1B400801843FA05F359410EE0A5F120050EF17C
:10B1C400200E012A03FA0EFC28BF4CF0020C43FAAD
:10B1D40005F3C01851EBE37101F0004507D54FF0BA
:10B1E400000EDCF1000C7EEB00006EEB0101B1F50A
:10B1F400801F1BD3B1F5001F0CD349085FEA300050
:10B204004FEA3C0C04F101044FEA445212F5800F5A
:10B2140080F09A80BCF1004F08BF5FEA500C50F1F7
:10B22400000041EB045141EA050130BD5FEA4C0CDA
:10B23400404141EB0101013C28BFB1F5801FE9D237
:10B2440091F0000F04BF01460020B1FA81F308BF5A
:10B254002033A3F10B03B3F120020CDA0C3208DD26
:10B2640002F1140CC2F10C0201FA0CF021FA02F101
:10B274000CE002F11402D8BFC2F1200C01FA02F171
:10B2840020FA0CFCDCBF41EA0C019040E41AA2BF96
:10B2940001EB0451294330BD6FEA04041F3C1CDA5E
:10B2A4000C340EDC04F11404C4F1200220FA04F07E
:10B2B40001FA02F340EA030021FA04F345EA030128
:10B2C40030BDC4F10C04C4F1200220FA02F001FAEA
:10B2D40004F340EA0300294630BD21FA04F029466C
:10B2E40030BD94F0000F83F4801306BF81F4801105
:10B2F4000134013D4EE77FEA645C18BF7FEA655C78
:10B3040029D094EA050F08BF90EA020F05D054EA49
:10B31400000C04BF1946104630BD91EA030F1EBF4E
:10B324000021002030BD5FEA545C05D14000494152
:10B3340028BF41F0004130BD14F580043CBF01F545
:10B34400801130BD01F0004545F0FE4141F470012B
:10B354004FF0000030BD7FEA645C1ABF1946104606
:10B364007FEA655C1CBF0B46024650EA013406BF07
:10B3740052EA033591EA030F41F4002130BD00BFC6
:10B3840090F0000F04BF0021704730B54FF4806483
:10B3940004F132044FF000054FF0000150E700BF04
:10B3A40090F0000F04BF0021704730B54FF4806463
:10B3B40004F1320410F0004548BF40424FF0000150
:10B3C4003EE700BF42004FEAE2014FEA31014FEA93
:10B3D40002701FBF12F07F4393F07F4F81F06051E2
:10B3E400704732F07F4208BF704793F07F4F04BF2D
:10B3F40041F40021704730B54FF4607401F000450A
:10B4040021F000411CE700BF50EA010208BF704769
:10B4140030B54FF000050AE050EA010208BF70475A
:10B4240030B511F0004502D5404261EB41014FF4C3
:10B43400806404F132045FEA915C3FF4D8AE4FF0CB
:10B4440003025FEADC0C18BF03325FEADC0C18BFAE
:10B45400033202EBDC02C2F1200300FA03FC20FAFF
:10B4640002F001FA03FE40EA0E0021FA02F114444C
:10B47400BDE600BF024B0146186800F003B800BFE8
:10B48400601700202DE9F04F01F10B06162E83B052
:10B49400044624D8102900F2BA8000F0A3FA10263A
:10B4A40018220220B54F3A44A2F1080153688B4296
:10B4B40000F0BA805A68D96822F003021A449D68E1
:10B4C400E9608D60516841F001012046516003F14B
:10B4D400080500F08DFA284603B0BDE8F08F36F079
:10B4E400070600F19480B14200F2918000F07AFAEC
:10B4F400B6F5FC7FC0F09A81730A00F08F80042BAC
:10B5040000F26F81B30903F1390003F1380CC30071
:10B514009A4F3B44A3F108055B689D4206D10CE0B9
:10B52400002980F22781DB689D4206D05A6822F008
:10B534000302911B0F29F3DD60463D69DFF850C219
:10B5440065457CD06A6822F00302931B0F2B00F33D
:10B554007B81002BC7E904CC80F26C81B2F5007FBB
:10B5640080F01A81D308796801334FEA521E012210
:10B5740002FA0EF20A4357F833E0C5F808E007EB85
:10B58400C3010839E9607A6047F83350CEF80C50AB
:10B59400831001219940914257D8114206D120F0DD
:10B5A40003004900114200F10400FAD007EBC0097E
:10B5B4004D468646D5F80C80454508D11DE1002B43
:10B5C40080F22481D8F80C80454500F01681D8F823
:10B5D400042022F00302931B0F2BF0DD2046D8E950
:10B5E400025408EB060146F00106C8F80460EC605A
:10B5F400A56043F00104C7E90411C1E902CC4C6021
:10B6040048F8023000F0F4F908F1080502E00C23D0
:10B6140023600025284603B0BDE8F08F4FF4007383
:10B6240040204FF03F0C73E7D3689A4208BF0230C2
:10B634007FF440AF3D69DFF858C1654582D17A682F
:10B644008310012199409142A7D9BD686B6823F00A
:10B6540003094E4503D8A9EB06030F2B7ADCDFF868
:10B6640034B1474BDBF800201B680132334405EB4F
:10B67400090A00F0338103F580530F3323F47F6804
:10B6840028F00F084146204600F0FAFD411C02460E
:10B6940000F0F380824500F2EE803A4B1968414491
:10B6A4001960084600F04E81DBF800100193013167
:10B6B4001BBFA2EB0A010918CBF80020196012F095
:10B6C400070B00F01781CBF108010A44CBF5805138
:10B6D40090440831A1EB0801C1F30B0A51462046FE
:10B6E400009200F0CDFD421CDDE9002300F04F8103
:10B6F400801A00EB0A081968BA6048F00100514446
:10B70400BD425060196000F02981B9F10F0F40F279
:10B7140027816868A9F10C0C2CF0070C00F00100DB
:10B7240040EA0C0068604FF0050E05EB0C00BCF11C
:10B734000F0FC0E901EE00F2328150681546124B3A
:10B744001A688A4238BF1960104B1A688A4238BF97
:10B75400196094E0AA1943F0010346F001066E60F3
:10B764002046BA60536000F043F90835284603B018
:10B77400BDE8F08FD9681A44A1E600BF4413002045
:10B784004C2500201C2500204425002048250020AD
:10B794004C1300204C170020B2F5206F4FEA5223BF
:10B7A40063D3142B00F2B78003F15C01C9005B334F
:10B7B40007EB010E7958AEF1080E8E4500F091802A
:10B7C4004B6823F00303934202D989688E45F7D16D
:10B7D400D1F80CE07A68C5E9021ECEF80850CD60B5
:10B7E400D6E6142B59D9542B00F29D80330B03F168
:10B7F4006F0003F16E0CC3008AE60EF1010E1EF019
:10B80400030F05F108057FF4D5AE51E042444546E7
:10B814005368D8F80C1043F00103536055F8083FFF
:10B824002046D9608B6000F0E3F8F3E6F00806F1F7
:10B83400080237E62A442046536843F00103536064
:10B84400083500F0D5F8E5E6A919204646F00106CA
:10B8540043F001046E60C7E90411C1E902CC4C60F5
:10B86400AB5000F0C5F80835D4E6930903F139016B
:10B87400C90038339CE7BD425FD0BD68686820F0DA
:10B8840003084645A8EB060302D80F2B3FF762AF27
:10B89400204600F0ADF80025BCE603F15C0003F19E
:10B8A4005B0CC30034E659F808394B4540F09680E8
:10B8B40010F0030F00F1FF30F5D17B6823EA010398
:10B8C4007B60490099423FF6C0AE19B9BDE6490014
:10B8D4000EF1040E1942FAD0704667E603F110081F
:10B8E400D0E69A104FF001087B6808FA02F21A4376
:10B8F4007A6070E702EB08014942C1F30B0A514632
:10B904002046009200F0BCFC431CDDE900237FF4D8
:10B91400EFAEDA46EFE6542B25D8130B03F16F0193
:10B92400C9006E3344E7B3F5AA7F25D8F30B03F1BE
:10B93400780003F1770CC300EAE5294B186840440A
:10B944001860B1E6CAF30B0CBCF1000F7FF4ACAE87
:10B95400BD68C84448F001006860F0E61546EEE6AC
:10B964000123536094E7B3F5AA7F23D8D30B03F1E3
:10B974007801C90077331BE740F25452934223D82D
:10B98400B30C03F17D0003F17C0CC300C0E5ABF103
:10B99400080BD844A8EB02084FF0000AABE605F107
:10B9A40008012046009300F0D5FDBD68009B68683F
:10B9B4001968C4E640F254518B420BD8930C03F13E
:10B9C4007D01C9007C33F3E64FF47E737F204FF092
:10B9D4007E0C9DE54FF47E717E23E9E67B6870E77B
:10B9E4001C250020014800F0A1BC00BF1425002044
:10B9F400014800F09DBC00BF142500202DE9F84F3C
:10BA04001746002900F098800C4607F10B05804684
:10BA1400FFF7E8FF162D54F8041C5BD810252A46BE
:10BA2400AF425CD821F003069642A4F1080962DA19
:10BA3400BC4BD3F808C009EB0600844500F097809E
:10BA4400D0F804C02CF0010303445B68DB0768D41E
:10BA54002CF0030C06EB0C03934247DACB0710D40B
:10BA640054F8083CA9EB030ADAF8043023F0030184
:10BA74008C44B444944580F211817318934280F24B
:10BA8400E88039464046FFF7FDFC0746E0B154F82C
:10BA9400043C23F001034B44A0F10802934200F05C
:10BAA400D280321F242A00F2F580132A00F2AC80DF
:10BAB40003462246116819605168596092689A6079
:10BAC4002146404600F046FD4046FFF791FF3846C8
:10BAD400BDE8F88F25F00705002D2A46A0DA0C23CF
:10BAE400C8F8003000273846BDE8F88F1E46D0E974
:10BAF4000223D3609A60731B0F2B22D8D9F8043029
:10BB040003F0010333434E44C9F80430736843F02F
:10BB14000103736040462746FFF76AFF3846BDE8D5
:10BB2400F88FC907ADD454F8083CA9EB030ADAF836
:10BB3400041021F00301A0E7BDE8F84F1146FFF718
:10BB4400A1BCD9F8042009EB050102F001024E441E
:10BB540043F001032A43C9F804204B60736843F09F
:10BB6400010308317360404600F0F4FCD2E7DCF8CE
:10BB7400040020F0030B06EB0B0C05F110008445C8
:10BB84004DDAC9073FF57DAF54F8081CA9EB010A4B
:10BB9400DAF8041021F003018B44B34458453FF70D
:10BBA4006CAF5746DAF80C1057F8080F321F242AE6
:10BBB400C160886000F2DB80132A40F2D6802168DD
:10BBC400CAF808106168CAF80C101B2A00F2DF805A
:10BBD40008340AF110022168116061685160A1689B
:10BBE40091600AEB0501ABEB050242F0010299609A
:10BBF4004A60DAF8043003F001032B434046CAF8E4
:10BC04000430FFF7F5FE6EE7236803606368436062
:10BC14001B2A68D804F1080200F108034AE709EB7B
:10BC240005029A60ACEB050343F00103536054F83A
:10BC3400043C03F001032B43404644F8043CFFF763
:10BC4400D7FE27464FE750F8043C23F003031E4475
:10BC540051E75746DAF80C1057F8080F321F242A18
:10BC6400C16088604CD8132A48D92168CAF80810E2
:10BC74006168CAF80C101B2A56D808340AF110025D
:10BC84001E462368136063685360A3689360D146BB
:10BC94003C4630E7214600F0B5F911E7D0E902133C
:10BCA4005746CB60996057F8081FDAF80C30CB6020
:10BCB400321F242A99602DD8132A29D92368CAF857
:10BCC40008306368CAF80C301B2A42D808340AF1D9
:10BCD400100322681A6062685A60A2689A60664615
:10BCE400D1463C4607E7A3688360E368C360242A1F
:10BCF40026D004F1100200F11003DBE63A46BFE758
:10BD0400214638461E46D14600F07CF93C46F2E610
:10BD14003B46DEE7214638466646D14600F072F9D6
:10BD24003C46E8E644130020A168CAF81010E16814
:10BD3400CAF81410242A20D010340AF118029FE7FC
:10BD4400236903616169416104F1180200F1180378
:10BD5400B0E6A368CAF81030E368CAF81430242A9D
:10BD640021D010340AF11803B3E73A4633E72146E9
:10BD7400384600F047F9164B33E72269CAF8182011
:10BD84006269CAF81C2018340AF1200278E7A16815
:10BD9400CAF81010E168CAF81410242A0DD010341F
:10BDA4000AF1180217E72369CAF818306369CAF858
:10BDB4001C3018340AF120038BE72269CAF81820D2
:10BDC4006269CAF81C2018340AF1200203E700BF94
:10BDD40044130020024A0349034800F0EFB800BFAF
:10BDE40054170020BDCC0000901000200C4B41687B
:10BDF400994210B5044601D002F028FEA168094B0F
:10BE0400994202D0204602F021FEE168064B994295
:10BE140004D02046BDE8104002F018BE10BD00BF9B
:10BE240050250020B8250020202600202DE9F843C5
:10BE34002A4C2B4B2B48DFF8C090DFF8C0802A4FE8
:10BE44001860002504230822294604F15C00274ECB
:10BE54006566C4E90253C4E90055C4E90455A56103
:10BE640000F04CF9224B63670822294604F1C40010
:10BE7400C4E90749C4E90987C4E91A55C4E91E5548
:10BE8400C4F8CC502567C4F88050E66200F036F957
:10BE9400184BC4F8DC30294604F16803082204F581
:10BEA4009670C4F88430C4E92298C4E92476C4E9BD
:10BEB4003455C4E93855C4F83451C4F8D850C4F8DA
:10BEC400E85000F01BF904F1D003C4E93C98C4E93C
:10BED4003E76C4F8EC30BDE8F88300BF502500205E
:10BEE4008826002045A000006DCF00008DCF000003
:10BEF400090001001200020009CF00002DCF00004C
:10BF040010B504460A4800F011FA636B23B9094BD3
:10BF1400094A1B68626323B1BDE81040044800F07D
:10BF240007BAFFF783FFBDE81040014800F000BAEC
:10BF340018250020882600205DA00000014800F09C
:10BF4400F5B900BF18250020014800F0F1B900BF81
:10BF540018250020F0B5ADF5057D04AF0093134618
:10BF64004FF400720E460392394603AA054600F0C8
:10BF740049F988B104460246039B3146284600F03D
:10BF840091F9BC42039004D02846214600F0E2FA1D
:10BF940003980DF5057DF0BD4FF0FF30F9E700BFC4
:10BFA40010B4054C8446134620685DF8044B0A46D9
:10BFB4006146FFF7CFBF00BF601700202DE9F843AB
:10BFC40080460F4616464FF00009D6E90154013D5C
:10BFD40011D4A389012B05F1FF3508D9B4F90E302A
:10BFE4000133214603D04046B84749EA00096B1C97
:10BFF40004F16804EDD13668002EE6D14846BDE868
:10C00400F88300BF88420DD98B1883420AD900EB0C
:10C01400020CBAB1624613F801CD02F801CD99427F
:10C02400F9D170470F2A0ED8034602F1FF3C4AB1FA
:10C034000CF1010C013B8C4411F8012B03F8012F86
:10C044006145F9D1704740EA01039B0750D1A2F141
:10C05400100370B501F1200C23F00F0501F1100E4F
:10C0640000F11004AC441B095EF8105C44F8105C49
:10C074005EF80C5C44F80C5C5EF8085C44F8085C00
:10C084005EF8045C44F8045C0EF1100EE64504F11D
:10C094001004E9D1013312F00C0F01EB031102F08B
:10C0A4000F0400EB031327D0043C24F003064FEAEB
:10C0B400940C1E441C1F8E465EF8045B44F8045F17
:10C0C400B442F9D10CF1010402F0030203EB84033E
:10C0D40001EB840102F1FF3C4AB10CF1010C013B7C
:10C0E4008C4411F8012B03F8012F6145F9D170BD7F
:10C0F40002F1FF3C03469BE72246EBE7830730B59A
:10C1040048D0541E002A3FD0CAB2034601E0013C85
:10C114003AD303F8012B9D07F9D1032C2DD9CDB2C5
:10C1240045EA05250F2C45EA054536D9A4F1100248
:10C1340022F00F0C03F1200EE6444FEA121C03F127
:10C14400100242E9045542E9025510327245F8D111
:10C154000CF1010214F00C0F03EB021204F00F0CAB
:10C1640013D0ACF1040323F003030433134442F863
:10C17400045B9342FBD10CF003042CB1C9B21C4400
:10C1840003F8011B9C42FBD130BD64461346002CCE
:10C19400F4D1F9E703461446BFE71A46A446E0E79C
:10C1A40040EA01039B0730B501D1032A0FD8844626
:10C1B40001F1FF3E07E01EF8011F03F8011B541EA6
:10C1C400C1B19C4622466346002AF4D130BD0B46D9
:10C1D4008446194653F8045BA5F1013424EA0504A6
:10C1E40014F0803FE4D1043A032A4CF8045B194666
:10C1F400EFD8DDE79444002CE8D003F8011B634535
:10C20400FBD130BD30B5146815469BB01A4609B150
:10C21400002C19D100214FF42273ADF80C30009199
:10C2240004914FF6FF7302910591ADF80E30694603
:10C234001E9B00F0ADFA002813DB009B286000224F
:10C244001A7004981BB030BD4FF4C163009104917F
:10C25400ADF80C302146E4DA8B23036000201BB0D8
:10C2640030BD0020EEE700BF014B93F82801704772
:10C27400D811002013460A460146022000F0D6B821
:10C2840038B5074D0022044608462A60FCF724FE10
:10C29400431C00D038BD2B68002BFBD0236038BD75
:10C2A4006427002038B50C46084D844611462046C4
:10C2B4001A4600232B606446FBF72AFE431C00D079
:10C2C40038BD2B68002BFBD0236038BD64270020C9
:10C2D400014B1868704700BF6017002070B50D4E01
:10C2E4000D4D761BB61006D0002455F8043B0134DE
:10C2F4009847A642F9D1094E094D761B05F054FA28
:10C30400B61006D0002455F8043B01349847A642E1
:10C31400F9D170BD001C0060001C0060101C00609E
:10C32400001C0060704700BF704700BF704700BF2B
:10C33400704700BF00000000000000000000000083
:10C3440000000000000000000000000000000000E9
:10C3540090F800F06DE9024520F007016FF0000C41
:10C3640010F0070491F820F040F049804FF00004E9
:10C374006FF00700D1E9002391F840F000F10800C4
:10C3840082FA4CF2A4FA8CF283FA4CF3A2FA8CF3FC
:10C394004BBBD1E9022382FA4CF200F10800A4FA63
:10C3A4008CF283FA4CF3A2FA8CF3E3B9D1E90423B7
:10C3B40082FA4CF200F10800A4FA8CF283FA4CF3EE
:10C3C400A2FA8CF37BB9D1E9062301F1200182FAA8
:10C3D4004CF200F10800A4FA8CF283FA4CF3A2FAAE
:10C3E4008CF3002BC6D0002A04BF04301A4612BABC
:10C3F400B2FA82F2FDE8024500EBD2007047D1E9BF
:10C40400002304F00305C4F100004FEAC50514F04D
:10C41400040F91F840F00CFA05F562EA05021CBF1E
:10C4240063EA050362464FF00004A9E72DE9F047EB
:10C43400DFF87CA00646DAF8000098460F469146DD
:10C44400FFF774FF184B1C6824B365681F2D24DCA8
:10C454005EB96B1C0235DAF80000636044F825709D
:10C46400FFF766FF0020BDE8F08704EB8501012398
:10C47400C1F88890D4F88821AB401A43022EC4F83E
:10C484008821C1F80881E4D1D4F88C211A43C4F876
:10C494008C21DEE7054C1C60D7E7DAF80000FFF7D3
:10C4A40047FF4FF0FF30DEE77C230020802300208D
:10C4B400CC110020F8B5244F0C460646FFF792FA3B
:10C4C400BB685D68C4F57E610F3125F003054B1927
:10C4D40023F47F6323F00F03A3F58054B4F5805F46
:10C4E40007DB00213046FFF7CBFEBB682B449842A4
:10C4F40004D03046FFF77CFA0020F8BD6142304694
:10C50400FFF7BEFE01300DD0104ABB682D1B45F06D
:10C5140001055D60136830461B1B1360FFF768FA62
:10C524000120F8BD00213046FFF7AAFEBA68831A3D
:10C534000F2BDEDD43F001035360054B03491B68F9
:10C54400C01A0860D5E700BF441300201C25002052
:10C554004C170020002961D0F8B50C460646FFF7B9
:10C5640041FA54F8042C7B4FA4F1080522F0010190
:10C5740005EB010CB868DCF80430604523F00303D4
:10C5840000F08B80D207CCF8043032D454F8082C55
:10C59400AD1A1144AA6807F1080082426AD00CEB74
:10C5A4000304D4F804E0EC68D4601EF0010FA26028
:10C5B40000F0978041F001036B60CCF80010B1F5F6
:10C5C400007F35D27868CB080122490901338A40BB
:10C5D400024357F833107A6007EBC302083AC5E9FF
:10C5E400021247F83350CD603046BDE8F840FFF7FB
:10C5F400FFB90CEB03025268D00710D4194407F1B9
:10C604000800DCF80830834273D0DCF80C20DA60D0
:10C61400936041F001036B606950D0E7704741F0CB
:10C624000103B1F5007F44F8043CCCF80010C9D3F1
:10C63400B1F5206F4FEA512348D28B0903F1390039
:10C6440003F13802C300F818FB580838984259D04F
:10C654005A6822F003028A4202D99B689842F7D1B1
:10C66400D868C5E902308560DD603046BDE8F84031
:10C67400FFF7BEB90CEB03025268D20763D40B4434
:10C68400DCE90212CA60916043F001026A6030463C
:10C69400EB50BDE8F840FFF7ABB90B44D10707D422
:10C6A40054F8082CAD1A1344D5E90212CA609160FB
:10C6B40043F001026A60284ABD6012689A4293D826
:10C6C400264B30461968FFF7F5FE8DE7142B0AD97F
:10C6D400542B1FD80B0B03F16F0003F16E02C30040
:10C6E400B1E719448DE703F15C0003F15B02C30079
:10C6F400A9E741F00103C7E90455C5E902006B60ED
:10C70400695071E779689210012404FA02F20A432D
:10C714007A60A6E7B3F5AA7F06D8CB0B03F17800BD
:10C7240003F17702C3008EE740F25452934206D8D5
:10C734008B0C03F17D0003F17C02C30083E74FF40B
:10C744007E737E227FE741F001036B60CCF800101A
:10C754004AE700BF44130020501700204C25002056
:10C7640082B049B15AB16BB113780B601278101EC4
:10C7740018BF012002B0704701A9002AF3D1104666
:10C7840002B070476FF00100F4E700BF0000000042
:10C794002DE9F04F2DED088BD1B00C460BEE101A9D
:10C7A40090460893834602F0CBFA03681293184626
:10C7B400FFF7CEFD20AF1090082200213846FFF786
:10C7C4009DFCA3891B0603D52369002B00F0558724
:10C7D40000239FED838B9FED849BCDE92533CDE929
:10C7E4001333CDE9153327AA0E932492924611935D
:10C7F40004934446A1467E4BD3F8E450FFF734FD3E
:10C804004A4603461CA900975846A847002800F04A
:10C81400B080C0F2A6801C9A252A034601D0994410
:10C82400E9E7B9EB0405064640F0A78000234FF082
:10C83400FF328DF867309846069309F1010999F89B
:10C84400003003922B25202609F10109A3F12002CF
:10C854005A2A00F2CF80DFE812F0E802CD00CD00C2
:10C86400E302CD00CD00CD006A00CD00CD0005026D
:10C874008402CD001002C902CD00BD025B005B0042
:10C884005B005B005B005B005B005B005B00CD005A
:10C89400CD00CD00CD00CD00CD00CD005301CD00A5
:10C8A40083011A02530153015301CD00CD00CD0081
:10C8B400CD001502CD00CD009602CD00CD00CD00F7
:10C8C400AB01CD00AA02CD00CD00E306CD00CD0022
:10C8D400CD00CD00CD00CD00CD00CD005301CD0065
:10C8E4008301DE015301530153017702DE017F000E
:10C8F400CD008902CD005F02E0062F027F00CD004B
:10C90400AB017C00B806CD00CD00BD06CD007C0097
:10C91400A3F13002002119F8013B01EB810102EB84
:10C924004101A3F13002092AF5D906918EE7584650
:10C9340002F006FA436815931846FFF709FD1690AE
:10C94400584602F0FDF983681393169B002B40F0C0
:10C954002D8699F8003077E799F8003048F02008E0
:10C9640072E7082200213846FFF7C8FB01239944E7
:10C9740041E7B9EB0405064611D0269B2B442693C8
:10C98400259B0133072BCAE9004525931CDC0AF1DA
:10C99400080A049B2B440493002E7FF447AF269B84
:10C9A400002B41F00B821BEE103AB3F90C3013F05C
:10C9B400400F049B18BF4FF0FF330493049851B009
:10C9C400BDEC088BBDE8F08F1BEE101A24AA584664
:10C9D40003F038FA0028E6D10DF19C0AD9E700BF2C
:10C9E4000000000000000000FFFFFFFFFFFFEF7FDB
:10C9F400D81100200B93002BD1D00021CDE90C11CC
:10CA04008DF8DC3001238DF86710029307910593AC
:10CA140003910F9137AC18F00203099302D0029BE3
:10CA24000233029318F084030A9305D1069B029AF9
:10CA34009D1A002D00F36983269A89B125990DF179
:10CA4400670001310132CAF8000007294FF00100E4
:10CA540026922591CAF8040000F3A2830AF1080A79
:10CA6400099B83B1259B1AA901330232CAF800102D
:10CA7400072B4FF0020126922593CAF8041000F305
:10CA8400A3830AF1080A0A9B802B00F06C82039BA3
:10CA940005995D1A002D00F3A58218F4807F40F0FB
:10CAA4000D82059BCAF804301A44259BCAF800403D
:10CAB4000133072B2692259300F31B830AF1080AFE
:10CAC40018F0040F05D0069B02995C1A002C00F3A1
:10CAD4008883049B069902988142ACBF5B181B189B
:10CAE4000493002A40F0B08200232593079B1BB1D6
:10CAF40007995846FFF72EFD0DF19C0A4C4679E63E
:10CB04000B93089B073323F00703B3EC028BB0EEBF
:10CB1400C87BB4EE497BF1EE10FA089340F3E98444
:10CB2400B5EEC08BF1EE10FA01F159809DF8671053
:10CB3400AB4CAC4B28F080080B9A472AC8BF1C4664
:10CB44000023CDE90C330322079302920592039349
:10CB54000F9300293FF45FAF029B013302935AE71E
:10CB6400432B0B9303D018F0100F00F05D85089D44
:10CB74000822002122A837ACFFF7C0FA22AB55F8EF
:10CB8400042B2146584602F073F9034601330590FD
:10CB940001F0EE82059B089523EAE37302930021DA
:10CBA400CDE90C118DF86710079103910F9132E7CD
:10CBB4000B93089B1A4600238DF86730134653F8ED
:10CBC400044B0893002C00F048850B9B532B00F07A
:10CBD400EC8618F010030C9340F0E786039B5D1C71
:10CBE40001F0E5800C991A46204602F0F1F807900E
:10CBF400002801F02883079B1A1B05920C9B0393C2
:10CC040022EAE2720F930D93079373239DF8671042
:10CC140002920B939DE718F0200F0B93089B3DD0D5
:10CC2400073323F007031A4611465B6851F8082BB3
:10CC340008911946002BC0F20C84039B013300F0C9
:10CC44009E8228F0800052EA0103029040F099820B
:10CC5400039B002B40F09A828046002303930593A4
:10CC640050AC06E1089B53F8042B0692002A80F28C
:10CC74001984069A08935242069299F8003048F0B3
:10CC84000408E1E599F8003048F00808DCE548F0CC
:10CC9400100818F0200F0B93089BC1D118F0100F47
:10CCA40040F00B8418F0400F00F0038433F9042B98
:10CCB4000893D1170B46BDE7089B48F00202029285
:10CCC40053F8042B089347F63003ADF86830782006
:10CCD400454B1193002102230B900020039C8DF8F7
:10CCE4006700601C00F0AD80029820F0800852EAD2
:10CCF400010040F0A480002C40F0AE86002BACD1A3
:10CD0400029B13F00103059300F0D18330238DF8C7
:10CD14003F310DF23F14ACE018F0200F40F0D48303
:10CD240018F0100F40F09F8618F0400F40F09787DE
:10CD340018F4007F00F09786089B049953F8042B9D
:10CD4400089311704C4655E599F80030682B03BFE1
:10CD540099F8013048F4007809F1010948F04008D5
:10CD640072E599F800308DF867506DE599F8003058
:10CD74006C2B03BF99F8013048F0200809F1010930
:10CD840048F0100860E50B9348F0100818F02001F3
:10CD940000F05183089B073323F00703596853F8C5
:10CDA400082B089328F480630293002395E70B93E0
:10CDB40048F010030293029B13F0200100F0298332
:10CDC400089B073323F00703596853F8082B08938B
:10CDD400012382E799F8003048F0800834E500BF69
:10CDE400F40B0020E4080020FC0B0020494611F855
:10CDF400013B2A2B01F04982A3F13002092A89461A
:10CE040098BF002101F2448119F8013B01EB810133
:10CE140002EB4101A3F13002092AF5D9039115E58A
:10CE240099F8003048F001080EE59DF86730002BB2
:10CE34007FF48FAD99F800308DF8676004E5CDF884
:10CE44000880012B00F09D81022B50AC20D1119859
:10CE540002F00F031209C35C04F8013D42EA0172B7
:10CE6400090952EA0103F3D150AB1B1BDDF808801A
:10CE74000593059A03989DF8671082424FF00003CA
:10CE8400B8BF0246CDE90C33079302920F9360E6D4
:10CE940002F00703D20842EA4172C908303352EA69
:10CEA4000105204604F8013DF2D1029AD10700F1B0
:10CEB4004D8250AB1B1B90460593DAE70B9B652B09
:10CEC40040F3D480B5EE408BF1EE10FA40F0C1810E
:10CED400259BBA49CAF80010013301320121072BFE
:10CEE40026922593CAF8041000F351850AF1080A22
:10CEF4001B9B0E998B4280F2D082109B12991A448C
:10CF0400CAE90013259B26920133072B259300F3CE
:10CF140097830AF1080A0E9B5C1E002C7FF7D0ADA4
:10CF2400102C259B40F36E851BEE106A102505E03E
:10CF34000AF1080A103C102C40F364850133A0491F
:10CF44001032072BCAE90015CDE92532F0DD24AAF9
:10CF54003146584602F076FF00287ED1DDE92532BD
:10CF64000DF19C0AE6E7069B02995D1A002D7FF7F6
:10CF74008EAD102D259B21DD099410261BEE104A41
:10CF840004E0103D102D0AF1080A16DD01338C4926
:10CF94001032072BCAE90016CDE92532F1DD24AAA7
:10CFA400214658460DF19C0A02F04CFF002854D14A
:10CFB400103D102DDDE92532E8DC099C8049CAF8D2
:10CFC400045001332A44072BCDE92532CAF8001056
:10CFD40000F32685039B05995D1A002D0AF1080AC2
:10CFE4007FF75BAD102D259B1FDD514610261BEEF0
:10CFF40010AA04E0103D102D01F1080114DD0133E5
:10D004006F481032072BC1E90006CDE92532F1DD66
:10D0140024AA5146584602F015FFF0B9103D102DD0
:10D02400DDE9253227A9EADC8A4601336449CAF8D6
:10D0340004502A44072BCDE92532CAF8001000F326
:10D04400DA810AF1080A28E51BEE101A24AA5846C8
:10D0540002F0F8FE00283FF447AD079B002B3FF495
:10D06400A2AC07995846FFF775FA9CE40E9B012B76
:10D0740040F37A81259BCAF8004001330132012133
:10D08400072B26922593CAF8041000F3F8810AF1BD
:10D09400080A1099129801330A44072BCAE90001BF
:10D0A400CDE9253200F3DD810AF1080AB5EE408BA3
:10D0B400F1EE10FA00F077810E9901330139013451
:10D0C4000A44072BCAF800402593CAF80410269294
:10D0D40000F35B810AF1080A1499CAF804100133B9
:10D0E4000A44072B1EA9CDE92532CAF800107FF7A0
:10D0F400E5AC1BEE101A24AA584602F0A3FE002841
:10D10400ABD1269A0DF19C0ADAE4102DDDE9251243
:10D114002C4E24DD179410231BEE104A084604E01D
:10D12400103D102D0AF1080A17DD013010320728CE
:10D13400CAE90063CDE92502F2DD24AA2146584656
:10D144000DF19C0A02F07EFE002886D1103D102DC0
:10D15400DDE925024FF01003E7DC179C014601319D
:10D164002A440729CDE92512CAF80060CAF80450F8
:10D1740000F3BD839DF867100AF1080A5DE4CDF859
:10D1840008800A2A71F1000380F0458330320123BC
:10D19400DDF808808DF83F2105930DF23F1468E611
:10D1A4001BEE101A24AA584602F04CFE00287FF405
:10D1B40054AF269A0DF19C0A52E400BF2C0C0020B7
:10D1C4006C100020300C00201BEE101A24AA5846C4
:10D1D40002F038FE00287FF440AF269A0DF19C0A35
:10D1E40051E4102C259BBE4E1FDD1BEE108A10252A
:10D1F40004E0103C102C0AF1080A16DD0133103249
:10D20400072BCAE90065CDE92532F2DD24AA41469F
:10D2140058460DF19C0A02F015FE00287FF41DAF5C
:10D22400103C102CDDE92532E8DC01332244072BC5
:10D23400CAE90064CDE925327FF74BAC1BEE101A26
:10D2440024AA584602F0FEFD00287FF406AF269A71
:10D254003FE41B99002940F35A830C9E0E9B9E4287
:10D26400A8BF1E46002E0BDD259B01333244072B3D
:10D27400CAE900462692259300F389860AF1080A32
:10D284000C9D002EA8BFAD1B002D00F303820C9B48
:10D2940018F4806F2344059340F01F821B9B0E9962
:10D2A4008B4203DB18F0010F00F0CF841099129821
:10D2B4000A44CAE9000125992692013107292591DA
:10D2C40000F3A5860AF1080A0E996518CC1A059B85
:10D2D400ED1AA542A8BF2546002D0DDDCAF8003081
:10D2E400259BCAF8045001332A44072B2692259320
:10D2F40000F3BB860AF1080A002DA8BF641B002CAA
:10D304007FF7DEAB102C259B40F37C831BEE106A69
:10D31400102505E00AF1080A103C102C40F3728332
:10D32400013370491032072BCAE90015CDE92532C3
:10D33400F0DD24AA3146584602F084FD00287FF42B
:10D344008CAEDDE925320DF19C0AE5E7302B3FF484
:10D354008BAD3023023804F8013C50AB1B1ADDF8C6
:10D3640008800593044684E518F0010F7FF482AE2B
:10D37400259BCAF80040013301320121072B269274
:10D384002593CAF804107FF7A5AE1BEE101A24AA41
:10D39400584602F057FD00287FF45FAEDDE92532E0
:10D3A4000DF19C0A98E60E994C1E002C7FF794AE62
:10D3B400102C40F361831BEE106A102505E00AF17E
:10D3C400080A103C102C40F35783013345491032AE
:10D3D400072BCAE90015CDE92532F0DD24AA314630
:10D3E400584602F02FFD00287FF437AEDDE92532E0
:10D3F4000DF19C0AE5E71BEE101A24AA584602F028
:10D4040021FD00287FF429AE269A0DF19C0AFFF72E
:10D4140044BB029B13F0100340F0C180029A12F047
:10D42400400200F07A83089850F8042B08901946BB
:10D4340092B2012351E418F0100355D118F04002C0
:10D4440000F05D83089850F8042B0890194692B2B6
:10D45400A8E4524261EB4101CDF808802D2001235C
:10D464003CE41BEE101A24AA584602F0EBFC0028F8
:10D474007FF4F3ADDDE925320DF19C0A16E61BEECF
:10D48400101A24AA584602F0DDFC00287FF4E5AD0A
:10D49400DDE925320DF19C0AFBE518F0010F3FF49C
:10D4A4000FAB2AE5089399F80030FFF7CDB950ACDB
:10D4B400DFE418F4007F40F0DB8353F8042B089377
:10D4C400D1170B46FFF7B6BB089B049853F8041B0F
:10D4D4000893C217C1E900024C46FFF78BB900BF9D
:10D4E400300C00206C100020089B53F8042B089388
:10D4F40058E4B4EE488BF1EE10FA80F194860B9B5D
:10D50400612B00F05285412B00F0C085039B013351
:10D514000B9B23F0200500F08084472D04D1039B4E
:10D52400002B08BF0123039318EE903A002B48F414
:10D5340080724646C0F21886B0EE48AB002390468F
:10D54400099307930B9B413B252B00F29883DFE85B
:10D5540013F06F0496039603960368046C04960311
:10D5640096039603960396039603960396039603EF
:10D5740096039603960396039603960396039603DF
:10D5840096039603960396039603960396039603CF
:10D594009603960396039603960368046C04089B0B
:10D5A40053F8042B08930123FFF797BB139B002B1D
:10D5B4003FF4CFA9139B1B78002B3FF4CAA999F819
:10D5C400003048F48068FFF73FB90B93CDF808802A
:10D5D400FFF7F1BB0B939A4B119318F0200100F065
:10D5E4000581089B073323F00703596853F8082B78
:10D5F400089318F0010F0AD052EA010307D00B9BDD
:10D604008DF86930302348F002088DF8683028F42A
:10D61400806302930223FFF760BB0B93FFF7B6BB53
:10D624000B93884B1193D8E7089B012153F8042BE3
:10D6340002918DF8DC200893059137ACFFF7AFBA5F
:10D644001BEE101A24AA584602F0FCFB00287FF4B3
:10D6540004AD269A0DF19C0A5DE4039B0794062B06
:10D66400224628BF062303942146CDE90C22764C9A
:10D67400029305930F92FFF76CBA40215846FDF7C9
:10D6840001FF20602061002800F00F8640236361C1
:10D69400FFF79EB8102D259B40F35D82514610265E
:10D6A4001BEE10AA04E00831103D102D40F3528205
:10D6B400013366481032072BC1E90006CDE9253253
:10D6C400F1DD24AA5146584602F0BCFB00287FF441
:10D6D400C4ACDDE9253227A9E6E70E9BCDF82490FA
:10D6E400E31803930D9BCDF82880139E059DDDF868
:10D6F4005890DDF83C800B941BEE101A5046002B1A
:10D7040034D0B8F1000F35D10D9B013B013E0D9390
:10D71400159BC0E90039259B01334A44072B269207
:10D7240025936CDC0830039B96F800C05B1B6345B3
:10D73400A8BF6346002B9A460CDD259C01341A448D
:10D74400072CC0E900532692259400F3778196F8BC
:10D7540000C00830BAF1000FACBFACEB0A04644659
:10D76400002C0ADC65440D9B002BCAD1B8F1000FD4
:10D7740000F0AC8308F1FF38CAE7102CDDF894C040
:10D7840024DD05954FF0100A63460D4604E0103C75
:10D79400102C00F1080016DD01332C491032072B40
:10D7A400C0E9001ACDE92532F1DD24AA29465846FC
:10D7B40002F048FB00287FF450AC103C102CDDE94B
:10D7C400253227A8E8DC2946059D9C460CF1010377
:10D7D40022444460072B1D4C0460CDE9253200F33C
:10D7E400C68396F800C008306544BCE718F01003FF
:10D7F40000F0C280089B53F8042B0893F9E624AA8E
:10D804005846059102F01EFB00287FF426AC269AA8
:10D81400059927A887E70298CDF81CA050AC00F41E
:10D82400806000250AEE10BA094BDDF84CA0CDF853
:10D834001490A3464FF00508AC46044610E000BF20
:10D84400FC0B0020100C0020240C00206C10002085
:10D85400CDCCCCCC0A2A71F1000136D34A463146EC
:10D86400501840F10000A3FB005626F0030505EB19
:10D874009605401B151A4FF0CC3661F1000E06FBDD
:10D8840005F6A5FB039503FB0E6609F0010E2E4475
:10D89400AEFB085E2D184FEA590930350BF8015CD0
:10D8A40049EAC6790CF1010C0BF1FF3B7608002C18
:10D8B400D0D09AF800008445CCD1BCF1FF0FC9D078
:10D8C4000A2A71F1000180F08F815C4650AB1B1B6A
:10D8D400DDF81490CDF84CA01AEE10BADDF81CA0B7
:10D8E400DDF80880CDF838C00593FFF7C2BA1BEE07
:10D8F400101A24AA584602F0A5FA00287FF4ADAB0A
:10D904009DF86710269A0DF19C0AFFF796B8259B9F
:10D91400BE48CAF80000013301320120072B2692C9
:10D924002593CAF8040000F377810AF1080A002954
:10D9340040F0AF800E9908F001030B433FF4C0A8F8
:10D94400109B12991A44CAE90013259B26920133AD
:10D95400072B259300F352820AF1080A0E99CAF89C
:10D96400004001330A44072BCDE92532CAF80410DC
:10D974007FF7A4A8FFF7BDBB18F0400200F0DD80DC
:10D98400089850F8042B0890194692B231E61BEE21
:10D99400101A24AA584602F055FA00287FF45DAB09
:10D9A400269A0DF19C0AFFF7A3BA22AE08220021A1
:10D9B40030461D94FEF7A2FB039B5A1C00F0DB804B
:10D9C4000025CDF80890CDF81C809946A8460CE0B7
:10D9D40037A9584601F04CFA431C404400F0C88370
:10D9E400484508DC00F0188480461D9A5259334695
:10D9F4000435002AECD1CDF81480DDF80890DDF868
:10DA04001C80C5E001338249CAF804402244072B34
:10DA1400CAF80010CDE925327FF750A8FFF769BB9B
:10DA24001BEE101A24AA584602F00CFA00287FF4C0
:10DA340014AB269A0DF19C0AFFF729B824AA58467C
:10DA4400059102F0FFF900287FF407AB96F800C0B7
:10DA5400269A059927A87DE6012BCDF808807FF446
:10DA6400F3A9FFF793BB089B049953F8042B4C4686
:10DA740011600893FEF7BEBE01336549CAF804403D
:10DA84002244072BCDE92532CAF800107FF722ABD8
:10DA94007BE4109B12981A44CAE90003259B269242
:10DAA4000133072B259300F3A9810AF1080A002901
:10DAB400BFF654AF4D42103180F20F831BEE101AA3
:10DAC400102605E00AF1080A103D102D40F30583E5
:10DAD40001334F481032072BCAE90006CDE925323D
:10DAE400F0DD24AA5846039102F0ACF900287FF433
:10DAF400B4AADDE9253203990DF19C0AE4E7089BF9
:10DB040018F400711ABF114653F8042B53F8042B70
:10DB1400089318BFD2B2FFF745B9029B13F4007102
:10DB2400089B1ABF114653F8042B53F8042B08938F
:10DB340018BFD2B20123FFF7D0B8089B18F40071C4
:10DB44001ABF114653F8042B53F8042B089318BF3B
:10DB5400D2B24EE58A4601332D49CAF804502A440C
:10DB6400072BCDE92532CAF8001000F339810AF1F8
:10DB7400080AFFF78CBB0023194600961DAA5846D5
:10DB840001F09CF903460133059000F0F1821D94E5
:10DB9400059B002B4ED0632B00F3188100230793C1
:10DBA40037AC082200213046FEF7A8FA059D0096FE
:10DBB4002B461DAA2146584601F080F9854240F0C3
:10DBC4007C83059A0023A35422EAE272CDE90C3344
:10DBD4009DF86710039302920F93FEF7BABF2D21AD
:10DBE4008DF86710FEF7A4BF169B1599ABEB030BDA
:10DBF4001A465846FEF7D4FA9AF80120054B0AB1A2
:10DC04000AF1010A4FF0000C28E600BF2C0C00209A
:10DC14006C100020CDCCCCCC1BEE101A24AA584694
:10DC240002F010F900287FF418AA1B99269A0DF126
:10DC34009C0A7CE6059B9DF867100F93CDE902339F
:10DC4400CDE90C330793FEF784BF0E990598651848
:10DC54002D1ACC1AA542A8BF2546FFF74DBB089B39
:10DC6400049953F8042B089311804C46FEF7C2BD67
:10DC740013F9042B0893D1170B46FEF7DBBF039A65
:10DC8400022122AB01931DAB009358461BABB0EEAF
:10DC94004A0B029201F04CFA472D029A044600F016
:10DCA4006181462D104405D12378302B00F06F821A
:10DCB4001B9A1044B5EE40ABF1EE10FA40F04681E9
:10DCC40003461B1B0E93472D00F01081462D00F0D8
:10DCD400B5811B9B0C930C9B412D03F1FF331B93CC
:10DCE40000F0E5819DF82C200021002BB8BF0C9B8F
:10DCF4008DF87820BABFC3F101032D222B22092B02
:10DD04008DF8792040F3DA810DF18F05DFF81CC41A
:10DD14002A4610468CFB0321DA17C2EBA10202EB60
:10DD24008201A3EB4101303100F8011C194663293B
:10DD3400134600F1FF32ECDC3033D9B2831E9D422E
:10DD440002F8011C40F28B8213460DF17A0201E0C5
:10DD540013F8011B02F8011B9D42F9D10DF1910347
:10DD64000DF17A021B1A13441EAA9B1A14930E9BDC
:10DD7400149A012B1A44059240F30382059B109ACE
:10DD84001344059326F48063059A43F480780023B2
:10DD9400CDE90C3322EAE2720F930292099B002B25
:10DDA40040F0B1809DF867100393FEF7D2BE204681
:10DDB400FEF7CEFA02460590FEF720BF1BEE101ABE
:10DDC40024AA584602F03EF8FEF7EDBD591C584609
:10DDD400FDF758FB0446002800F0CA810790E0E6EE
:10DDE4001BEE101A24AA584602F02CF800287FF4DF
:10DDF40034A9269A0DF19C0AFFF749BA1BEE101AB2
:10DE040024AA584602F01EF800287FF426A9DDE96A
:10DE140025321B990DF19C0A49E606230393FFF76B
:10DE240083BB039B02215A1C2BE7039A032128E797
:10DE34001BA8B0EE4A0B01F04FF8B4EE007B20EEC5
:10DE4400070BB5EE400BF1EE10FA01D101231B9341
:10DE5400B348039BB3EE005B013B224604E0B5EEFE
:10DE6400400BF1EE10FA13D020EE050BFDEEC07B53
:10DE7400B3F1FF3F17EE901A415CB8EEE76B94469E
:10DE840030EE460B02F8011B194603F1FF33E6D1CD
:10DE9400B6EE006BB4EEC60BF1EE10FA00F3488157
:10DEA400B4EE460BF1EE10FA04D117EE903ADB070C
:10DEB40000F13E81002906DB4B1C1344302102F89B
:10DEC400011B9342FBD1131B0E93FCE60B9C0E9B90
:10DED400DDF82490DDF828801396E3189D42294646
:10DEE40028BF194682460591FFF7D8B91B9B0C93AE
:10DEF400DA1C02DB039A93420CDD0B9B023B0B936F
:10DF040023F02005E7E62D2100238DF86710039305
:10DF1400FEF722BE0C9B0E9A9342C0F2BD80F0071E
:10DF24000C9B40F13281109A13440593710503D57B
:10DF34000C9B002B00F33581059B23EAE3730293CA
:10DF440067230B9300230F930D9327E7229B8342B0
:10DF5400BFF4B7AE30215A1C22921970229B98420A
:10DF6400F9D8AEE6F30700F1A780229BA9E624AA1C
:10DF74005846059101F066FF00287FF46EA896F8D4
:10DF840000C0269A059927A86544FFF7ECBB1BEE51
:10DF9400101A24AA584601F055FF00287FF45DA802
:10DFA400269A0DF19C0AFFF76BB978238DF8693036
:10DFB40030238DF86830039B632B48F0020600F38E
:10DFC400A6800023079337AC18EE903A002B48F450
:10DFD40081782BDBB0EE48AB0B9B23F020050023AC
:10DFE40009930B9B612B7FF4ADAAB0EE4A0B1BA8DF
:10DFF40000F072FFB4EE007B20EE070BB5EE400B91
:10E00400F1EE10FA01D101231B93464821E71BEEE0
:10E01400101A24AA584601F015FF00287FF41DA801
:10E024001B9B269A0DF19C0AFFF74EB90B9B23F01C
:10E0340020052D230993B1EE48ABD2E71B9A0C922D
:10E04400002A06F0010340F30D8103990B4340F0CD
:10E05400CF800C9B059366230B93720500F1A3807C
:10E06400059B23EAE37302936CE71BEE101A24AAC0
:10E07400584601F0E7FE00287EF4EFAF1B9C0E9B90
:10E08400269A1C1B0DF19C0AFFF736B958238DE71D
:10E0940000220392FEF7DABB0E9B109A9A180C9B8F
:10E0A4000592002B40F3AB8067230B93D5E70B9AC3
:10E0B4000F32D2B2012118E6A018FBE5002940F086
:10E0C400A88030228DF87A200DF17B02303302F8DB
:10E0D400013B1EABD31A149349E601331249CAF823
:10E0E40004502A44072BCDE92532CAF800107FF7E3
:10E0F40033AC1BEE101A24AA584601F0A3FE0028E4
:10E104007EF4ABAFDDE925320DF19C0A26E4591CFF
:10E114005846FDF7B7F9044650B3079054E700BFDB
:10E12400100C0020FC0B00206C1000206766666653
:10E13400CDF888C012F8011C90F80FC06145134651
:10E144000AD14FF0300E03F801EC229B591E2291A4
:10E1540013F8011C8C45F6D0392916BF0131817A98
:10E16400C9B203F8011CAEE600239046079360E7AA
:10E174001BEE102AB2F90C3043F040039381FEF7F2
:10E1840016BCF5077FF5FEADF8E50593CEE6B5EED2
:10E1940040ABF1EE10FA3FF48BADC2F101021B92D9
:10E1A40087E567230B9313990B78FF2B79D0002510
:10E1B4000C9A284603E001300131FF2B08D093422A
:10E1C40006DAD21A4B78002BF5D10B780135F4E737
:10E1D4000C9213910D900F950F9A0D9B1699134461
:10E1E400059A01FB0323059323EAE3730293D5E520
:10E1F400109BD3181944662305910B932DE7C3F1A3
:10E2040001031A4422EAE2730293672305920B93F3
:10E2140098E60DF17A0259E7039BDDF80890DDF8E2
:10E224001C800593B4E418EE903A002BB4BF2D2162
:10E234009DF86710254C264BB8BF8DF8671028F061
:10E244008008FEF779BC039B0293059373239DF822
:10E25400671003900F900D900B93FEF77ABC022386
:10E26400149384E5039A134305D101236622029390
:10E274000B92059366E6109B01331A4422EAE2737B
:10E284000293662305920B935CE6089A99F8013091
:10E29400894652F8041B089241EAE1710391FEF7A2
:10E2A400D3BA00230F930D9396E70C23CBF80030D9
:10E2B4004FF0FF330493FEF781BB1BEE102A9389C2
:10E2C40043F040039381FEF7C8BE00BFF80B002063
:10E2D400E0080020436C70B505460C464BB153F87A
:10E2E400240080B1026843F824200023C0E90333EA
:10E2F40070BD2122042100F04BFE0346686400280F
:10E30400EDD1002070BD012101FA04F6721D9200C6
:10E31400284600F03DFE0028F3D0C0E90146E4E7BA
:10E3240031B1436C4A6853F82200086043F8221064
:10E33400704700BF2DE9F0410E6980460F461D4627
:10E3440001F1140E0020DEF800108CB202FB04531D
:10E35400090C4FEA134C02FB01CC01309CB204EBD4
:10E364000C4486424EF8044B4FEA1C45EBDC3DB1AD
:10E37400BB68B34207DD07EB860301365D613E618E
:10E384003846BDE8F081796840460131FFF7A2FFC5
:10E394000446B0B13A69023207F10C0192000C3024
:10E3A400FAF780FAD8F844307A6853F822103960C2
:10E3B40043F82270274607EB860301365D613E6110
:10E3C400DEE7034B03482246BA2100F0C1FD00BF3B
:10E3D400040A0020180A0020030C1B04D3B900040B
:10E3E400102310F07F4F04BF0002083310F0704F69
:10E3F40004BF0001043310F0404F04BF8000023317
:10E40400002805DB10F0804F03F1010308BF20232F
:10E41400184670470023E4E7036813F0070208D0A6
:10E42400D9071FD49A0722D55B080360012210463E
:10E43400704799B209B91B0C1022D9B209B9083234
:10E444001B0A190704BF1B090432990704BF9B0860
:10E454000232D90703D45B0802F1010205D003603C
:10E46400104670470022104670472022DFE79B08C1
:10E47400022203601046704738B5436C04460D46CB
:10E484004BB15868B0B102685A6000220123C0E958
:10E494000435C26038BD2122042100F079FD034611
:10E4A40060640028EDD1094B0948002240F245116F
:10E4B40000F04EFD1C220121204600F069FD0028D9
:10E4C400F1D001220223C0E90123DEE7040A00207F
:10E4D400180A00202DE9F04F0E691569AE4285B087
:10E4E4008846144605DB2A46234635460C4616461E
:10E4F4009846A3686168AF19BB42B8BF0131FFF702
:10E50400E9FE0190002800F08780019B03F11409C3
:10E5140009EB870AD14505D24B46002243F8042B68
:10E524009A45FBD808F1140808EB860B04F1140390
:10E53400D8451A4603EB85055FD22B1B153B23F008
:10E54400030304331534A54238BF0423CDE902A7DD
:10E55400AC461F46924605E0090C29D1C34509F192
:10E56400040948D958F8041B8DB2002DF4D056463E
:10E574004C46002356F8041B22681FFA81FE90B211
:10E58400090C05FB0E00120C034405FB012202EBEF
:10E5940013429BB243EA0243B44544F8043B4FEAB6
:10E5A4001243E7D849F8073058F8041C090CD5D0B1
:10E5B400D9F8003050461A464C4600260588120CFD
:10E5C40001FB052216449BB243EA064344F8043B8C
:10E5D40050F8045B22682D0C93B201FB053303EB66
:10E5E400164384454FEA1346E8D8C34549F8073033
:10E5F40009F10409B6D8DDE902A7002F02DC05E021
:10E60400013F03D05AF8043D002BF9D0019B184672
:10E614001F6105B0BDE8F08F034B0448019A4FF425
:10E62400B17100F095FC00BF040A0020180A002014
:10E6340012F003032DE9F0411446064632D10D468B
:10E64400A41020D0D6F84080B8F1000F33D0E307EF
:10E654004FF0000707D4641015D0D8F80000A8B113
:10E664008046E307F7D5424629463046FFF732FF96
:10E67400B5B16968736C641053F821202A6043F8BB
:10E6840021500546E9D12846BDE8F081424641467D
:10E694003046FFF71FFFC8F8000007608046E0E738
:10E6A4000546D8E7013B0F4A52F823200023FFF721
:10E6B40041FE0546C4E701213046FFF70BFE8046C4
:10E6C40040B1012340F27122C0E9043200233064D6
:10E6D4000360BCE7044B0548424640F2451100F094
:10E6E40037FC00BFD00E0020040A0020180A0020C6
:10E6F4002DE9F0470D4614462F69AB68496807EBCE
:10E7040062177E1C9E4280464FEA621904DD5B005C
:10E714009E4201F10101FADC4046FFF7DBFD84462D
:10E72400002852D0B9F1000F00F114020EDD09F1F6
:10E7340005014FEA810E134600EB8101002043F8E6
:10E74400040B8B42FBD1AEF114031A44296905F181
:10E75400140314F01F0E03EB81012ED0CEF1200917
:10E7640010464FF0000A1C6804FA0EF444EA0A0446
:10E7740040F8044B53F8044B994224FA09FAF2D8AE
:10E784004B1B153B23F00303043305F115008142B1
:10E7940038BF0423BAF1000F18BF374642F803A06C
:10E7A400D8F844306A68CCF8107053F82210296005
:10E7B400604643F82250BDE8F087043A53F8040B4E
:10E7C40042F8040F9942F9D8EAE7034B034862463A
:10E7D4004FF4EF7100F0BCFB040A0020180A00207B
:10E7E4000B6984460069C01A16D10CF1140C14315B
:10E7F4000CEB830210B401EB830301E0944508D2CF
:10E8040052F8044D53F8041D8C42F7D005D24FF052
:10E81400FF305DF8044B7047704701205DF8044BEE
:10E82400704700BF2DE9F84F0F691369FF1A002FD5
:10E834000E4690467FD101F11405143202EB830297
:10E8440005EB830301E09D4278D253F8041D52F88E
:10E85400044DA142F7D069D37168FFF73BFD8146AF
:10E86400002877D03569D8F81020C76008F1140E55
:10E8740006F1140009F1140A06F110010EEB8202EC
:10E8840000EB850756464FF0000C5EF8044B51F838
:10E8940004BFA3B21CFA8BFCACEB03034FEA144C89
:10E8A400CCEB1B4C0CEB234C9BB243EA0C43724560
:10E8B40046F8043B4FEA2C4CE7D8A2EB0801153983
:10E8C40008F11508424521F0030404F1040438BF9B
:10E8D4000424204421F0030238BF0022874252441A
:10E8E400544418D92646014651F8043B1CFA83FCCB
:10E8F4004FEA2C4202EB13421FFA8CFC4CEA02430F
:10E904008F4246F8043B4FEA224CEDD8013F3F1AB0
:10E9140027F00307E21923B952F8043D013D002B07
:10E92400FAD0C9F810504846BDE8F88F334601279D
:10E934004646984690E7F9DB00278DE70021FFF76C
:10E94400C9FC814668B101220023C9E90423484671
:10E95400BDE8F88F064B07484A4640F2452100F0CF
:10E96400F7FA034B03484A4640F2372100F0F0FA25
:10E97400040A0020180A00202DE9F043884683B0D9
:10E98400012157EC106B1546FFF7A4FC0446002840
:10E9940051D0C7F30A59C7F31303B9F1000F01D0DB
:10E9A40043F48013002E019318D101A8FFF734FD1E
:10E9B400019A6261012200F120032261B9F1000F82
:10E9C40025D0A9F2334909EB03022046C3F13503EC
:10E9D400C8F800202B6003B0BDE8F08368460096B9
:10E9E400FFF71AFD034610B3DDE90002C3F120016D
:10E9F40002FA01F10143DA4061610192002AA26145
:10EA040014BF022201222261B9F1000FD9D1A3F26D
:10EA14003243C8F8003004EB82031869FFF7DCFCCA
:10EA2400C0EB421320462B6003B0BDE8F083009A8C
:10EA34006261019AE2E7034B0348224640F20F3138
:10EA440000F086FA040A0020180A002070B5002994
:10EA54004BD006460C4610B1436B002B48D0636E76
:10EA6400D80734D5B4F90C30002B3ED021463046BB
:10EA740000F050F8E36A054633B1E169304698473F
:10EA84000028B8BF4FF0FF35A3891A063CD4216B88
:10EA940041B104F14003994202D03046FDF75AFDDA
:10EAA40000232363616C21B13046FDF753FD00233D
:10EAB4006364FDF743FA636E0022DB07A2811FD56E
:10EAC400A06DFDF731FCFDF73FFA284670BDA38920
:10EAD4009905CBD4A06DFDF729FCB4F90C30002BBB
:10EAE400C4D1656E15F0010505D00025284670BD1A
:10EAF400FDF706FAB3E7A06DFDF71AFC284670BDD2
:10EB0400A06DFDF715FCDBE721693046FDF722FD1A
:10EB1400BDE700BFB1F90C202DE9F0410C46110707
:10EB2400804647D4636842F40062002BA2815EDD14
:10EB3400A56A002D58D00023D8F80060C8F800302A
:10EB440093B212F4805256D10123E1694046A8479A
:10EB5400431C67D0A389A56A5F0705D56368C01AFB
:10EB6400236B0BB1E36BC01AE169024600234046F4
:10EB7400A847411C41D1D8F80030002B3DD01D2BB3
:10EB840001D0162B56D1A3892269226023F4006395
:10EB940000216160A381216BC8F8006021B304F1F6
:10EBA4004003994202D04046FDF7D4FC0020206384
:10EBB400BDE8F0812669BEB193B2256826609A0744
:10EBC4000CBF63690023AD1BA3600BE02B463246E8
:10EBD400E169676A4046B847B0F1000CA5EB0C0543
:10EBE400664417DD002DF1DC0020BDE8F081E36B05
:10EBF400002B9DDCF8E7206DAEE7B4F90C302269F8
:10EC0400226023F40063A3810022DB046260C2D586
:10EC14002065C0E7A38943F040034FF0FF30A38190
:10EC2400BDE8F081D8F80030002B93D01D2B06D01E
:10EC3400162B04D0A38943F04003A381D5E7C8F879
:10EC44000060D1E738B50C46054608B1436B03B301
:10EC5400B4F90C0088B1636EDB0701D481050FD5CC
:10EC640028462146FFF756FF636EDA07054602D4AD
:10EC7400A3899B0508D5284638BD0546284638BDD6
:10EC8400A06DFDF753FBEBE7A06DFDF751FB2846A4
:10EC940038BDFDF735F9DBE710B50C46B1F90E10B8
:10ECA40000F07AF8002803DB236D0344236510BDCC
:10ECB400A38923F48053A38110BD00BF2DE9F04143
:10ECC4000C46B1F90C101F46CB05054616460BD46D
:10ECD40021F48051A1813B46B4F90E1032462846F6
:10ECE400BDE8F041FDF7DEBAB4F90E1002230022AC
:10ECF40000F03CF8B4F90C10EAE700BF10B50C467C
:10ED0400B1F90E1000F032F8A389421C0EBF23F4AF
:10ED1400805343F480532065A38110BDB1F90E10D4
:10ED240000F012B849B1FF2A02D80A7001207047D6
:10ED34008A2303604FF0FF3070470846704700BFD6
:10ED440000487047C812002038B5074D0022044619
:10ED540008462A60FAF7DCF8431C00D038BD2B685B
:10ED6400002BFBD0236038BD6427002038B50C4647
:10ED7400084D8446114620461A4600232B606446FB
:10ED8400FAF7D2F8431C00D038BD2B68002BFBD017
:10ED9400236038BD6427002038B50C46084D8446EE
:10EDA400114620461A4600232B606446FAF7AEF853
:10EDB400431C00D038BD2B68002BFBD0236038BD2A
:10EDC4006427002000000000000000000000000094
:10EDD40001F0FF01102A2BDB10F0070F08D010F808
:10EDE400013B013A8B422DD010F0070F42B3F6D10C
:10EDF400F0B441EA012141EA014122F007047FF025
:10EE040000070023F0E80256083C85EA010586EA7B
:10EE1400010685FA47F5A3FA87F586FA47F6A5FAB7
:10EE240087F68EB9EED1F0BC01F0FF0102F00702C3
:10EE340032B110F8013B013A83EA010313B1F8D16E
:10EE44000020704701387047002D06BF354603384F
:10EE5400073815F0010F07D1013015F4807F02BF88
:10EE6400013015F4C03F0130F0BC0138704700BFD9
:10EE740070B5054684B05BB11C4669B10E4B28469B
:10EE8400D3F8E0602346B047431C0FD004B070BDF4
:10EE940000F582740029F1D1074A2346D2F8E060D4
:10EEA40028460A4601A9B047431CEFD100228A2311
:10EEB40022602B6004B070BDD811002010B582B060
:10EEC400049CCDE900344FF0FF3302F06BFB02B039
:10EED40010BD00BF0000000030B482B08DED000B07
:10EEE400019A194C22F000430021A342016021DC65
:10EEF400009C1C431ED0154C144054B99FED107B4C
:10EF040020EE077B8DED007B019A6FF0350122F036
:10EF1400004322F0FF42DDE9004522F4E00242F022
:10EF24007F551B1545F40015A3F2FE33CDE90045CA
:10EF34000B4403609DED000B02B030BC704700BF72
:10EF44000000000000005043FFFFEF7F0000F07F4F
:10EF540000B50B4C25681446EE681A4685B0034686
:10EF64000D464CB107490095CDE9011430460649D8
:10EF740000F054FFF9F7DEFF04490C46F3E700BF45
:10EF84006017002064090020740900207009002023
:10EF940038B5A1FB02148CBBFCF774FA0546E0B14A
:10EFA40050F8042C22F00302043A242A17D8132A16
:10EFB4001AD91B2AC0E900441DD9242A14BF00F120
:10EFC400100200F118024FF00003C0E9024404BF2C
:10EFD40004614461C2E900339360284638BD214688
:10EFE400FDF78CF8284638BD02460023C2E90033F9
:10EFF4009360284638BD00F10802F6E7FDF768F98A
:10F004000C2300250360E8E72DE9F04F03690C6940
:10F01400A34283B0C0F28780013C01F11405A30030
:10F0240000F11408009355F8243058F824200133D3
:10F0340081469A4208EB840005EB84070190B2FBF9
:10F04400F3F63BD34FF0000CAE464046E24663462F
:10F054005EF804BB02681FFA8BFC06FB0C334FEA14
:10F06400134C4FEA1B4B06FB0BCC9BB2AAEB0303DE
:10F074001FFA8CFA13FA82F3CAEB124202EB234210
:10F084009BB243EA0243774540F8043B4FEA224AE5
:10F094004FEA1C43DCD2009B58F8033073B9019B40
:10F0A400043B984504D307E0984504F1FF3403D2A8
:10F0B40053F80429002AF7D0C9F810404846FFF74E
:10F0C4008FFB00282BDB01364146002355F8040B47
:10F0D400D1F800C082B29A1A030C12FA8CF2C3EB74
:10F0E4001C4303EB224392B242EA0342AF4241F88B
:10F0F400042B4FEA2343E9D258F8242008EB840375
:10F104006AB9043B984504D307E0984504F1FF34F9
:10F1140003D253F80429002AF7D0C9F81040304626
:10F1240003B0BDE8F08F002003B0BDE8F08F00BF4E
:10F134002DE9F04F2DED028B8FB08DED020B019177
:10F14400816B1A9D059357EC106B0446934641B1AD
:10F15400C26B4A60012393408B60FFF7E1F8002300
:10F16400A363B7F10008B4BF012300232B60BE4B97
:10F17400BCBF28F00048CDF80C8033EA080300F047
:10F184009F809DED028BB5EE408BF1EE10FA11D10C
:10F19400059A012313601B9B002B00F03F82B34BA5
:10F1A4001B9A1360013B009300980FB0BDEC028BD7
:10F1B400BDE8F08F0CAA0DA92046B0EE480BFFF76E
:10F1C400DBFB5FEA1853054640F09280DDE90C133F
:10F1D4000B4403F23242202A40F3FA82C2F1400285
:10F1E40008FA02F803F21242D64048EA060207EE91
:10F1F400102AB8EE477B581E17EE906A53EC172B73
:10F204004FF0010AA6F1F8739FED913B9FED927BBD
:10F214009FED935B06EE900A43EC122BB8EEE64B9F
:10F22400B7EE086B32EE466BA6EE037BA4EE057BCD
:10F23400FDEEC76BB5EEC07BF1EE10FA16EE907AD8
:10F2440008D5B8EEE66BB4EE476BF1EE10FA18BFD2
:10F2540007F1FF37162F00F24581854B03EBC703F7
:10F2640093ED007BB4EEC78BF1EE10FA57D5091A73
:10F274000023B1F1010807F1FF370A9300F1398146
:10F2840000230693002F52DA069B0497DB1B069398
:10F294007B420893019B092B4FF000074ED8052BA6
:10F2A40040F39D82043B01930026019B9A1E032A8E
:10F2B40000F22581DFE812F0AA03A7039D037E0371
:10F2C400059AC8F3130842F20F7358EA060813604C
:10F2D4001ED11B9B002B00F09185664B00930833D5
:10F2E4001B9A009813600FB0BDEC028BBDE8F08F41
:10F2F40018EE906AC6F31306A3F2FF3053EC182BF2
:10F3040046F07F530C994FF0000A43F440137BE717
:10F314001B9B002B40F03B83574B009344E7091A97
:10F324000023B1F101080A9300F1E380069300235E
:10F334000893019B0497092BB844B0D900230126F4
:10F34400019307964FF0FF399B460021E163CDF806
:10F354002C902046FEF7BEFF0090002800F0408568
:10F36400009BA363B9F10E0F00F2DC80002E00F0C5
:10F37400D980049B002B40F3DE833D4A03F00F0148
:10F3840002EBC10292ED007B1A11DB0540F182838E
:10F394003A4991ED086B02F00F02032088EE065BF8
:10F3A4005AB13649D60704D591ED006B013027EEEA
:10F3B400067B521001F10801F4D185EE076B0A9B1C
:10F3C4003BB1B7EE007BB4EEC76BF1EE10FA00F17F
:10F3D400AE8407EE900AB8EEE75BB1EE0C7BA5EEC7
:10F3E400067B17EE902A51EC170BA2F15071B9F17C
:10F3F400000F00F08883049E4A46079B002B00F010
:10F404004784B6EE003B1A4BFDEEC64B03EBC20C31
:10F41400B8EEE47B36EE477B1CED026B83EE065BB5
:10F4240041EC160B14EE900A35EE465B0099B4EEEF
:10F43400C75B3030F1EE10FA01F8010B00F3AC8435
:10F44400B7EE002BB2EE044B4FF0000C31E000BFDE
:10F4540061436F63A787D23FB3C8608B288AC63FD6
:10F46400FB799F501344D33F0000F07F2D0C002004
:10F4740010050020800B00208C0B0020E8040020E5
:10F484000CF1010C94454DDA27EE047B25EE045B68
:10F49400FDEEC76B16EE903AB8EEE63B303337EE2E
:10F4A400437BB4EEC57BF1EE10FA01F8013B00F1A9
:10F4B400738432EE476BB4EEC56BF1EE10FADFD510
:10F4C400009A049602E08A4200F05084894611F8BA
:10F4D400013D392BF7D00133DBB20B70049B0133B0
:10F4E400049355E1091A0123B1F101080A937FF548
:10F4F400C7AEC1F1010306934FF00008C2E600262F
:10F50400E66331462046FEF7E5FE0090002800F051
:10F514006784009BA3634FF0FF330B939946012349
:10F52400B34607930D9A002A55DB04990E2952DC41
:10F53400B74BBBF1000F03EBC10393ED006B15DA7E
:10F54400B9F1000F12DC40F0F282B1EE047B26EE3A
:10F55400077BB4EEC78BF1EE10FACA464E4600F2B2
:10F564006D82DDF800806FEA0B0B70E288EE067B9B
:10F57400BDEEC77B009917EE103AB9F1010F03F104
:10F584003003B8EEC75B01F8013BA5EE468B00F0F3
:10F594003483B2EE044B012311E088EE067BBDEE0A
:10F5A400C77B013317EE102A4B4502F13002B8EE47
:10F5B400C75B01F8012BA5EE468B00F01E8328EEF5
:10F5C400048BB5EE408BF1EE10FAE6D1049B0133C7
:10F5D40004938946DCE0079B43B3019B012B40F372
:10F5E4007682089B09F1FF3A534580F23F82089BDB
:10F5F400CDF820A0AAEB030217444FF0000AB9F19A
:10F60400000FC0F22583069B09934B44C84406931C
:10F6140001212046FEF730FF06460CE07D4B0093A7
:10F6240000980FB0BDEC028BBDE8F08F069BDDF8AF
:10F6340020A0079E0993099B6BB1B8F1000F0ADD66
:10F64400434506991A46A8BF4246891A9B1A069151
:10F654000993A8EB0208089B63B1079B002B00F0F9
:10F66400A782BAF1000F00F30482089BB3EB0A02ED
:10F6740040F0FF8201212046FEF7FEFE002F824665
:10F6840000F3AF80019B012B40F387810023089393
:10F694000120002F40F0B180404410F01F0000F022
:10F6A4007A81C0F12002042A00F3888040F0F681B8
:10F6B400069B002B05DD29461A462046FFF718F85D
:10F6C4000546B8F1000F05DD514642462046FFF7D6
:10F6D4000FF882460A9B002B40F03F81B9F1000FDE
:10F6E40040F32581079B002B40F0A380049B01334A
:10F6F4000493DDF80080012707E0294600230A224D
:10F704002046FEF717FE0137054651462846FFF707
:10F714007BFCB94500F1300008F8010BEDDCB9F1D0
:10F72400000F009ACCBFCB464FF0010B0346934425
:10F7340000272946012220460193FEF7D9FF5146AE
:10F744000546FFF74DF8002840F3AF811BF8013C54
:10F75400009A0BF1FF3B04E05A4500F0B1811BF81D
:10F76400013D392B0BF10109F6D001338BF8003040
:10F7740051462046FEF7D4FD56B12FB1B74203D00F
:10F7840039462046FEF7CCFD31462046FEF7C8FD3B
:10F7940029462046FEF7C4FD002389F80030DDE940
:10F7A40004231A601B9B002B3FF4FEAC0098C3F8A3
:10F7B40000900FB0BDEC028BBDE8F08FC0F11C00CF
:10F7C400069B03440693099B0344099380446FE713
:10F7D400C2F1200206FA02F207EE102A09E5012618
:10F7E40063E501463A462046FEF722FF019B012BC2
:10F7F400824640F3C58100230893DAF810200AEB0F
:10F8040082021069FEF7E8FDC0F1200044E700BF62
:10F81400100500202C0C0020314600230A2220462B
:10F82400FEF788FD0B9B002B064640F3CE8204971F
:10F834009946099B002B05DD31461A462046FEF702
:10F8440057FF0646089B002B40F0EB81B046029B15
:10F85400009F03F001027B1E4B440893019B0A9214
:10F864001343099351462846FFF7CEFB314683469E
:10F874002846FEF7B5FF4246514681462046FEF72C
:10F88400D1FFC26801460BF13003002A42D1CDE911
:10F8940006032846FEF7A4FF069902902046FEF7C9
:10F8A4003FFD029A079B1AB90999002900F07E824C
:10F8B400B9F1000FC0F28381019949EA01090A995B
:10F8C40051EA090900F07B81002A00F3C681089AF5
:10F8D4003B7007F101099742CB4600F0C4812946E9
:10F8E40000230A222046FEF725FD464505463146FB
:10F8F4004FF000034FF00A02204612D0FEF71AFD23
:10F904004146064600230A222046FEF713FD4F46D1
:10F914008046A7E720460293FEF702FD029B0122E0
:10F92400C6E7FEF707FD4F46064680469AE7019B69
:10F93400022B71DC079B002B7FF47BAF049B5146A9
:10F94400013328460493FFF75FFBDDF800B000F1B4
:10F9540030030BF8013B0027EBE651462846FEF73F
:10F964003FFF0028BFF6BAAE294600230A222046EC
:10F97400FEF7E0FC049B5F1E079B0546002B7FF40B
:10F984004BAF0B9B002B40F318829946B1E6BC4B5E
:10F9940000930333A4E41C2012E7DDE902010028EC
:10F9A4007FF474AEC1F31302002A00F0F480029BCA
:10F9B40008936DE601230793049B5B4403F101095B
:10F9C400B9F1010FCC460B93B8BF4FF0010C0021E5
:10F9D400BCF1170FE1637FF7BCAC01200422520095
:10F9E40002F114036345014600F10100F7D9E16314
:10F9F400AFE401230793BBF1000F52DDCDF82CB027
:10FA0400D946DC46E3E700230793D5E700230793B1
:10FA1400F1E7DDF82C900497B9F1000F7FF4A1AD64
:10FA240051464B4605222046FEF784FC0146824699
:10FA34002846FEF7D5FE00287FF793AD049B03F11B
:10FA4400010B009B3122984603F8012B0093514689
:10FA54002046FEF765FC0BF10103DDF800900493EA
:10FA6400CDF80080002E7FF48FAE91E6A3EB0A0A56
:10FA7400C5E5314652462046FEF7DAFD2A460146E0
:10FA840006462046FEF726FD294605462046FEF793
:10FA940047FCEAE50220B0EE485B81E4C0F13C009B
:10FAA4008EE64FF0010BD9464FE403D1019BDB07EF
:10FAB4003FF54CAED9461BF8013D302BFAD057E642
:10FAC400049B009A013304933123137050E6BAF176
:10FAD400000F00F0238102F23342069B0993134482
:10FAE400DDF820A00693904492E507EE900AB1EE6B
:10FAF4000C5BB8EEE77BA6EE075B15EE902A51ECA3
:10FB0400150BA2F1507141EC150BB1EE047B36EEEE
:10FB1400477BB4EEC57BF1EE10FA00F33781B1EE0A
:10FB2400455BB4EEC57BF1EE10FA7FF5FBAC4FF00C
:10FB3400000A564615E500F0F580049B51495A42E7
:10FB440002F00F0001EBC00191ED006B121128EEE1
:10FB5400066B00F04281B0EE467B4B490026022042
:10FB6400D30705D591ED005B0130012627EE057B17
:10FB7400521001F10801F3D1002E06FE076B1EE4BA
:10FB8400029B002B7FF437AEDDE90201C1F31302BF
:10FB9400002A40F037813D4A0A40002A00F0FA80EA
:10FBA400069B01330693012308F1010808936FE5CE
:10FBB4002946089A2046FEF73BFD05465AE5002AE9
:10FBC40012DD2946012220460193FEF791FD51469C
:10FBD4000546FEF705FE0028019B40F3E180392B22
:10FBE40000F0CA800BF13103B94609F8013B049BCC
:10FBF4000133374604934646BAE538EE088BB4EE33
:10FC0400C68BF1EE10FA0ADCB4EE468BF1EE10FA74
:10FC14007FF4DCAC17EE103AD8077FF5D7AC009A26
:10FC240054E471682046FEF755FB0746002800F0AF
:10FC3400DE80336902339A0006F10C010C30F8F7C8
:10FC440031FE394601222046FEF752FD8046FEE58C
:10FC5400069BA3EB09030993DAE4392B00F08C80AB
:10FC6400B9460133C1E7049A013237460492464645
:10FC74005FE529462046FEF7DBFC0546FAE400BFB3
:10FC84008C0B002010050020E80400200000F07F09
:10FC94005E4BFDEEC65B03EBC20C1CED023BB8EE03
:10FCA400E57B36EE477B41EC160B15EE901A23EEFE
:10FCB400063B00983031012A00F8011B00F08380D4
:10FCC400B2EE044B009B991827EE047BFDEEC76B44
:10FCD40016EE903A303300F8013B8142B8EEE65B11
:10FCE40037EE457BF0D1B6EE006B33EE065BB4EE37
:10FCF400C75BF1EE10FA3FF5E3AB36EE436BB4EEBF
:10FD0400C76BF1EE10FA7FF70DAC8946013919F88B
:10FD1400013C302BF9D0731C049339E50C9AC2F1E1
:10FD24003602DAE60220B0EE486BFFF748BBB9F1C1
:10FD3400000F3FF4DAAE0B9A002A7FF7F3ABB2EE72
:10FD4400044B26EE046B013007EE900A049BB8EED8
:10FD5400E75BB1EE0C7BA6EE057B17EE90CA51EC87
:10FD6400170B5E1EACF15071FFF747BB049B0133C8
:10FD740004933123FFF7B1BB049BBB4601330493C7
:10FD8400392337460BF8013B4646E1E44FF0000ABD
:10FD9400564653E608927BE4731C04938946F7E4C1
:10FDA4007FF422AFDA077FF51FAF18E7392BE3D0D2
:10FDB400B9F1000F3FF716AF16E7019B022B3FF78F
:10FDC40028AE0497BAE501468DE7019B022B3FF765
:10FDD40020AEDDF82C9004972BE50220FFF7EFBA54
:10FDE4000B4B0C48002240F2AF11FFF7B1F8084B5F
:10FDF40008483A4640F2EF21FFF7AAF8064B009371
:10FE0400FFF7D2B9029B0893F7E400BF1005002066
:10FE1400040A0020900B0020800B00200EB410B5C3
:10FE240083B005AB064C53F8042B019301462068BC
:10FE340000F0C4F803B0BDE8104003B0704700BF41
:10FE4400601700202DE9F04F9368176883B092463D
:10FE5400002B70D081468A6808680C46083743E056
:10FE6400A38913F4906F2ED0D4E90416A0EB0108F3
:10FE740006EB460606EBD67608F101007610284418
:10FE8400B042324684BF064632465B0537D511463A
:10FE94004846FBF7F7FA019000283AD04246216918
:10FEA400F8F700FDA289019B22F4906242F08002DF
:10FEB400A281A6EB080203EB08006661A26023613D
:10FEC40020602E46A84642465946FCF79BF8DAF8CD
:10FED4000830A2682068921B40445B1BA26020602B
:10FEE400CAF808303BB3083757E902B5002DFAD0F9
:10FEF400AA4216469046B3D92E46A846E3E748469A
:10FF0400FBF77CFD03460028D3D121694846FCF762
:10FF140021FBA3890C2243F04003C9F800204FF0D1
:10FF2400FF30A38100220023CAF80820CAF8043055
:10FF340003B0BDE8F08F00200023CAF8043003B0FA
:10FF4400BDE8F08F2DE9F84F4B6E9C0490462DD5FB
:10FF54009368126843B38B46064602F1080959E9CF
:10FF6400025A5FEA9A0715D0043D002401E0A74233
:10FF74000ED055F8041F5A46304601F05BFA431C74
:10FF840004F10104F3D10023C8E90133BDE8F88F7B
:10FF9400D8F808302AF0030AA3EB0A03C8F808309B
:10FFA40009F10809002BDAD10020ECE701F00CF884
:10FFB4000023C8E90133BDE8F88F00BF2DE9F04FF5
:10FFC4002DED028BC5B00DF1500A834608EE101AD0
:10FFD40016460021082250461C460793FCF78EF86B
:10FFE400BBF1000F04D0DBF83430002B00F0A08606
:0CFFF40018EE102A536EDB0740F1138555
:02000004600199
:10000000B2F90C108AB295040BD418EE103A41F4F0
:10001000005199815B6E8AB218EE101A23F40053D6
:100020004B66100740F1058118EE103A1B69002B52
:1000300000F0FF8002F01A030A2B00F00A8100236F
:10004000CDE91933CDE90D331BAA0C9318929146D3
:100050000B930593B0464446A84BD3F8E450FCF705
:1000600005F92246034612A9CDF800A05846A84734
:10007000002800F04581C0F23981129A252A0346F2
:1000800001D01C44E8E7B4EB0806054640F03C818B
:10009000002361788DF8433004F1010806934FF096
:1000A000FF371E462B2408F10108A1F120035A2B2B
:1000B00000F27881DFE813F0B50276017601B00234
:1000C0007601760176016A00760176017D028D0265
:1000D000760188029702760192025B005B005B006A
:1000E0005B005B005B005B005B005B007601760100
:1000F00076017601760176017601760176015C0261
:10010000840076017601760176017601760176012A
:10011000760176017601E8007601760176013302F8
:100120007601DA02760176018B0576017601760199
:1001300076017601760176017601760176015C0220
:100140008600760176017601CD0286007F00760179
:10015000C0027601FD02EA00ED027F007601330263
:100160007C006905760176016B0576017C00A1F1C2
:100170003003002218F8011B02EB820203EB42025B
:10018000A1F13003092BF5D906928EE75846FEF708
:10019000D9FD43680D931846FCF7DCF80E90054630
:1001A0005846FEF7CFFD83680B93002D40F0D684B0
:1001B00098F8001077E798F8001046F0200672E7EC
:1001C00046F01006B40640F18E81079B073323F0FA
:1001D00007031A46596852F8083B07920A46002955
:1001E000C0F27084791C00F0A28526F08001039192
:1001F00053EA020100F03F840A2B72F1000180F003
:10020000418530338DF80F31039E012304930DF2A5
:100210000F14049BBB42B8BF3B46039300230893D3
:100220009DF84330002B00F0CB80039B01330393F8
:10023000C6E018EE101A584618EE105A01F040F8B1
:10024000002840F05286AA8902F01A030A2B7FF494
:10025000F6AE18EE101AB1F90E30002BFFF6EFAE25
:100260004B6EDB0702D4970540F1128618EE101A88
:1002700023463246584600F069FE0590059845B081
:10028000BDEC028BBDE8F08F46F0100616F02002A0
:1002900000F03681079B073323F0070319465A689D
:1002A00051F8083B079126F480610391002100205A
:1002B0008DF84300781C00F01082039820F080062F
:1002C00053EA020040F00882002F40F038850029F0
:1002D00040F0D583039B13F00103049300F01184D5
:1002E00030238DF80F310DF20F1492E70822002110
:1002F0005046FBF705FF01231C44ADE6D811002052
:10030000B4EB080605461BD0199B1A9A01333244F8
:10031000072BC9E900861A9219931CDD002A00F008
:10032000A68318EE101A18AA5846FFF70DFE20BB38
:100330000DF16C09059B33440593002D7FF4A8AEA5
:100340001A9B002B40F0C18518EE103A0022B3F939
:100350000C30199215E009F10809EBE718EE101AB4
:1003600018AA5846FFF7F0FD002800F0A680089B69
:100370001BB108995846FCF7EFF818EE103AB3F99C
:100380000C3018EE102A526E12F0010F9AB200F0E3
:10039000A080500600F1B285059845B0BDEC028BF7
:1003A000BDE8F08F0029CBD000238DF84330012326
:1003B000CDE903338DF8AC102BAC002308931F4616
:1003C00016F00203099302D0039B0233039316F045
:1003D00084030A9305D1069B039A9D1A002D00F30E
:1003E0007B82DDE91903411C9DF8432082B1012283
:1003F0000133C9F8042007290DF14302CDE919138F
:10040000C9F8002000F34A82084609F108090131C1
:10041000099AE2B111AA0233C9F8002007294FF066
:100420000202CDE91913C9F8042040F35082002BD1
:1004300000F0438318EE101A18AA5846FFF784FDFF
:10044000002894D1DDE919030DF16C09411C0A9AC9
:10045000802A00F08481049ABD1A002D00F3D78110
:10046000049AC9F8004013440729CDE91913C9F8C3
:10047000042040F36E81002B00F0758218EE101AF4
:1004800018AA5846FFF760FD00287FF470AF1A9B4A
:100490000DF16C09750705D5069A0399541A002CBD
:1004A00000F36B82DDE9052103988142ACBF52184D
:1004B00012180592002B7FF451AF0899002319936D
:1004C000002900F049815846FCF746F80DF16C0907
:1004D000C1E59C053FF55DAF18EE104AA06DFBF736
:1004E00029FFA28955E7F006079A00F11F837106DC
:1004F00040F1198332F9043B0792DA1711466EE690
:1005000016F01003079940F0098316F0400000F040
:1005100001831A4651F8043B07919BB2C3E6079B3F
:100520001A4600238DF84330134653F8044B0393C7
:10053000002C00F01284532900F0658316F010059A
:1005400040F061837B1C00F0B3843A462946204684
:10055000FEF740FC0890002800F09F84031B039ADC
:10056000049323EAE3732F4607920393089557E613
:10057000432902D0F50640F12D83079D0822002172
:1005800016A82BACFBF7BCFD16AB55F8042B214687
:100590005846FEF76FFC03460133049000F0B38425
:1005A000049B079523EAE373039300238DF84330FC
:1005B00003E7079B53F8042B0692002A80F29C82E3
:1005C000069A5242CDE9062398F8001046F0040638
:1005D00069E598F800108DF8434064E598F800103C
:1005E00046F080065FE5424612F8011B2A2900F01A
:1005F0009684A1F13003092B90464FF000073FF697
:1006000054AD18F8011B07EB870703EB4707A1F16F
:100610003003092BF5D948E598F8001046F001069B
:1006200041E59DF84330002B7FF4C2AD202398F8BC
:1006300000108DF8433036E598F800106C2903BFA0
:1006400098F8011046F0200608F1010846F010065F
:1006500029E598F80010682903BF98F8011046F4BE
:10066000007608F1010846F040061CE546F010034C
:100670000393039B13F0200200F00682079B0733CD
:1006800023F0070319465A6851F8083B07910121E6
:100690000DE6079A46F00203039352F8043B0792D3
:1006A00047F63002ADF84420B84A0C9202210022ED
:1006B000FDE5B70600F14882F50600F146837406B1
:1006C00000F1D583B00540F14083079B059953F8AD
:1006D000042B07931170BEE4039601293FF48CADFF
:1006E000022944AC11D10C9803F00F011B09415CA5
:1006F00004F8011D43EA0273120953EA0201F3D11F
:10070000039E44AB1B1B049383E503F00701DB0846
:1007100043EA4273D208303153EA0205204604F816
:10072000011DF2D1039EF307EBD53029E8D0302329
:10073000023804F8013C44AB1B1A039E04930446A0
:1007400067E5049B1B9401221C931A9319920DF1E7
:100750006C0909F108099DE60DF16C097BE4069A24
:10076000039D551B002D7FF776AE102D40F3BB8304
:10077000099418EE104A07E000F1020C09F108098B
:100780001046103D102D1EDD8149C9F80010421C95
:1007900010331021072ACDE91923C9F80410EBDD25
:1007A00018AA002B74D0214658460DF16C09FFF7AA
:1007B000CBFB00287FF4DBADDDE91903103D102DE4
:1007C00000F1010CE0DC099C714AC9F804502B448B
:1007D000BCF1070FCDE919C3C9F8002040F394819B
:1007E000002B00F01F8318EE101A18AA5846FFF7C6
:1007F000ABFB00287FF4BBAD049ADDE91903BD1AF9
:10080000002D00F101010DF16C097FF729AE102DCB
:1008100029DD0994102718EE104A07E000F1020CB8
:1008200009F108091046103D102D1ADD421C5849E7
:100830001033072AC9E90017CDE91923EEDD18AAFC
:1008400003B3214658460DF16C09FFF77DFB0028E4
:100850007FF48DADDDE91903103D102D00F1010C81
:10086000E4DC099C61464A4AC9F804502B44072934
:10087000CDE91913C9F8002000F3E78009F1080950
:100880000131EDE54FF0010C18460DF16C09CAE796
:100890004FF0010C18460DF16C0972E7002B00F0C7
:1008A000048118EE101A18AA5846FFF74DFB0028CD
:1008B0007FF45DADDDE919030DF16C09411CA7E57D
:1008C000022311AA1C931B9201210DF16C09084609
:1008D00009F10809411CBAE5102D40F3E582DDE974
:1008E00019130F94084618EE104A07E000F1020CA5
:1008F00009F108091046103D102D1DDD2549C9F8E4
:100900000010421C10331021072ACDE91923C9F821
:100910000410EBDD18AA03B3214658460DF16C090B
:10092000FFF712FB00287FF422ADDDE91903103D2B
:10093000102D00F1010CE1DC0F9C6046154AC9F84E
:1009400004502B440728CDE91903C9F8002000F30F
:10095000C18009F10809411C46E518464FF0010C19
:100960000DF16C09C7E77607199353D5069A0399D9
:10097000541A002C4EDD0DF16C09102C40F3B0829E
:10098000199918EE106A10250DE000BFFC0B00202D
:100990007C100020400C0020881C09F10809114639
:1009A000103C102C1ADD4A1CB3481033072AC9E941
:1009B0000005CDE91923EFDD18AA33B331465846B7
:1009C000FFF7C2FA00287FF4D2ACDDE91913103C1E
:1009D000102C01F101000DF16C09E4DCA64AC9F804
:1009E000044023440728CDE91903C9F800207FF704
:1009F00059AD7BB118EE101A18AA5846FFF7A4FAA1
:100A000000287FF4B4AC1A9B4CE5012019460DF187
:100A10006C09C5E7DDE9053203998A42ACBF9B1832
:100A20005B18059349E5B2F90C108F0518EE103AE2
:100A30008AB23FF5E8AA18EE105A986DFBF778FCD9
:100A4000B5F90C108AB2FFF7DEBA002B3FF479AE8D
:100A500018EE101A18AA5846FFF776FA00287FF405
:100A600086AC19991A9B01310DF16C09F8E41992C1
:100A70000DF16C095EE4002F7FF4C3AB039E0027E9
:100A8000049744ACFFF7C5BB039B13F0100354D18C
:100A9000039A12F0400000F06B8107991A4651F852
:100AA000043B07919BB2012101E4099A002A64D119
:100AB000184601210DF16C09C9E4012118460DF118
:100AC0006C09C4E45B4262EB420203962D200121D3
:100AD000FFF7EEBB002B00F0888018EE101A18AA62
:100AE0005846FFF731FA00287FF441ACDDE91903DD
:100AF0000DF16C09411C77E498F800100793FFF79B
:100B0000D2BA44ACFFF785BB09F108090CF1010129
:100B10006046A0E416F4007240F0978151F8043B5F
:100B20000791FFF7C0BBB30500F1888152F8043B81
:100B30000792DA171146FFF752BB079951F8043BA9
:100B400007910121FFF7B3BB079B059853F8041BDE
:100B50000793C217C1E90002FFF77DBA0B9B002B78
:100B60003FF426AB0B9B1B78002B3FF421AB98F88E
:100B7000001046F48066FFF796BA022311AA1C9370
:100B80001B9201200DF16C09A2E6039671E53B4B27
:100B90000C9316F0200259D0079B073323F007036C
:100BA00018465A6850F8083B0790F40709D553EAED
:100BB000020006D08DF84510302146F002068DF86F
:100BC000441026F4806103910221FFF770BB2C4B87
:100BD0000C93DEE7079B012153F8042B03918DF85A
:100BE000AC20079304912BACDFE49DF84320002A4E
:100BF00040F03281099A002A7FF462AE1846012142
:100C00000DF16C0927E40021082216A81394FBF7C4
:100C100077FA791C00F0BC80002507942C460CE084
:100C20002BA95846FEF726F9421C204400F06B81A0
:100C3000B84208DC00F070810446139A525916AB92
:100C40000435002AECD10494079CAFE016F01003A1
:100C500007980CD116F0400405D01A4650F8043B12
:100C600007909BB2A1E716F4007240F0E18050F8C3
:100C7000043B079099E700BF400C0020FC0B0020CC
:100C8000100C00200399049744AC9E4608EE90BADD
:100C900001F480664FF0000C234606E0BEF10A0F17
:100CA00072F1000239D3A6462A46A6491EEB02007D
:100CB00040F100000F46A1FB001424F0030101EBFA
:100CC0009401401ABEEB00014FF0CC3562F10004F4
:100CD00005FB01F507FB0455A1FB07410D44052762
:100CE00004F00101A1FB071B09186408303103F867
:100CF000011C44EAC5740CF1010C013B6D08002E87
:100D0000CCD00B9909786145C8D1BCF1FF0FC5D093
:100D1000BEF10A0F72F100026CD21C4644AB1B1BE1
:100D2000049F039E049318EE90BAFFF772BA0396DD
:100D3000FFF762BA5846FBF7E5F8FFF75BB9012900
:100D400003967FF4CDACFFF75CBA079B059953F887
:100D5000042B11600793FFF77EB9062F3B46039AD9
:100D6000794C079228BF062304930393FFF725BB12
:100D7000039B079913F4007214BF51F8043B51F818
:100D8000043B07911CBF0246DBB20121FFF78FBA7B
:100D900016AB00930023194613AA5846FEF790F8A5
:100DA00003460133049000F0AE801394049B002BA3
:100DB00030D0632B63DC002308932BAC0822002186
:100DC00016A8FBF79DF9049D16AB009313AA2B46BA
:100DD00021465846FEF774F8854240F0AB80039BED
:100DE000049A07930023A3541F4622EAE273039355
:100DF000FFF716BA0E9A0D999B1A18460893FBF73F
:100E0000D1F90B99089B4A780AB101310B914FF047
:100E1000000C48E7039B0793049B03931F4608932A
:100E2000FFF7FEB9012118460DF16C09FFF713BB5E
:100E300050F8043B07902246DBB2B6E612F9043BB9
:100E40000792DA171146FFF7CAB951F8043B079128
:100E50000246DBB2FFF727BA01231C9301210DF1F3
:100E600043031B930DF16C090B46FFF7CDBA079BAB
:100E7000059953F8042B07931180FFF7ECB8591C20
:100E80005846FAF701FB044600283CD0089095E745
:100E9000886DFBF74FFAFFF7E9B9039B0793CDE99C
:100EA0000377089FFFF7BCB919981A9B013045E5F5
:100EB000039B07932046FBF74DFA20EAE0732F4689
:100EC000049003930895FFF7ABB918EE101A18AA0F
:100ED0005846FFF739F800283FF436AAFFF74DBA15
:100EE000199801307AE58C466EE46B6ED90705D40B
:100EF000AB899A0502D4A86DFBF71CFA4FF0FF33BB
:100F00000593FFF749BA18EE102AB2F90C3043F0F6
:100F100040039381FFF735BA079C049746E7079B88
:100F200098F8011053F8047B0793904647EAE77757
:100F3000FFF7B9B818EE102A938943F04003938164
:100F4000FFF715BACDCCCCCC240C002070B50C46E4
:100F50008989ADF58E6D21F00201ADF81410616E36
:100F60001B91E189ADF81610E1690991616A0B9155
:100F70001CA9029106914FF48061064604910791E5
:100F800018A80021CDE900320891FBF7CDF9DDE981
:100F9000003202A93046FFF713F8051E07DB02A94D
:100FA0003046FDF751FE002818BF4FF0FF35BDF861
:100FB00014305B0603D5A38943F04003A38118983E
:100FC000FBF7B4F928460DF58E6D70BD9368002BC4
:100FD00000F085802DE9F04FB1F90C300C4619076F
:100FE000804683B0174698B225D523691BB310F00D
:100FF00002033D682DD04FF0000ADFF8C0B256461C
:10100000B9465E453346524628BF5B464046002EF1
:1010100052D0E169676AB847002856DDD9F8083030
:101020001B1A8244361AC9F80830002BE9D1002077
:1010300003B0BDE8F08F2146404600F041F900289A
:1010400040F03881B4F90C303D6898B210F00203DA
:10105000D1D110F0010944D14E46009746B3820524
:10106000D4F808B040F18580B3455A4600F2B48008
:1010700010F4906F40F0C180206801924946FAF761
:10108000C3FFA368019AA3EB0B012368A16013447B
:10109000B24623600026009A9368A3EB0A03D1446A
:1010A0009360002BC3D0B4F90C0080B2002ED6D1CF
:1010B000D5E900960835D1E7D5E900A60835A0E7BF
:1010C00021464046FDF7C0FD88B3B4F90C3043F02B
:1010D00040034FF0FF30A38103B0BDE8F08F002044
:1010E00070471E46BA469946184600951F4666B395
:1010F000002832D04A46D4E904132068A568B242D9
:1011000028BF3246884204D905EB030B5A4500F349
:10111000A780934264DCE169656A3A464046A84785
:10112000B0F1000BD1DDB9EB0B09C9D00120DAF821
:101130000830A3EB0B035F44A6EB0B06CAF808309C
:10114000002B3FF474AF002ED2D1009A566813469C
:1011500008320092002EF8D01F6832460A21384625
:10116000FDF738FE002800F09C800130A0EB070955
:10117000C0E720682369984216D86269B24213D842
:101180006FF00043B34228BF3346E16993FBF2F3AB
:10119000676A02FB03F340464A46B847B0F1000ACB
:1011A00093DDA6EB0A0676E7B345DA4628BFB246DA
:1011B00052464946FAF728FFA3682268A3EB0A03C0
:1011C0005244A3602260002BEBD121464046FDF73C
:1011D0003BFD0028E5D078E72068B34632464CE76F
:1011E00039460192FAF710FF019AA3689B1AA3608F
:1011F000236813442360934695E723682169A3EB92
:10120000010B636903EB430A0AEBDA7A0BF1010382
:101210004FEA6A0A33445345524684BF9A465246BF
:1012200043052CD511464046FAF72EF900283BD04D
:101230005A4621690190F7F737FBA289019B22F4F6
:10124000906242F08002A28103EB0B002361AAEBC3
:101250000B03C4F814A0A3602060B34632460CE729
:1012600039465A46FAF7D0FE23685B44236021468C
:101270004046FDF7E9FC00283FF455AF25E740461E
:10128000FAF7BEFB03460028DED121694046FBF792
:1012900063F9B4F90C300C2223F08003C8F8002065
:1012A00015E7721C914626E70C22B4F90C30C8F8F9
:1012B00000200CE74FF0FF30BAE600BF00FCFF7FD4
:1012C00038B5314B1B6805460C4613B15A6B002AE2
:1012D0004ED0B4F90C3018079AB21CD5216929B345
:1012E00012F0010007D00020A06060694042A061B8
:1012F00039B1002038BD950758BF6069A06000294A
:10130000F7D1120658BF0846F4D543F04003A38135
:101310004FF0FF3038BDD1062ED5520714D42169C5
:1013200043F00803A3819AB20029D9D102F42070B6
:10133000B0F5007FD4D02146284600F047F9B4F933
:101340000C3021699AB2CBE7216B51B104F1400214
:10135000914204D02846FBF7FFF8B4F90C30002284
:10136000226321690022C4E9001223F02403D7E795
:101370001846FAF7C7FDACE7092243F040032A609C
:101380004FF0FF30A38138BD601700202DE9F047F2
:1013900082B0824688461446FAF768FF012803D1D6
:1013A00008F1FF33FE2B36D90DF10409424604F152
:1013B0005C0349465046FDF75DFD421C064632D0AF
:1013C00020B39DF804C0002509E023685A1C226060
:1013D00083F800C00135B54218D219F801CFA368CF
:1013E000013B002BA360F0DAA769BB4261462246AD
:1013F000504602DBBCF10A0FE7D100F053F9431C61
:10140000E8D10646304602B0BDE8F0874646304691
:1014100002B0BDE8F0875FFA88FC8DF804C006468C
:101420000DF10409CFE7A389304643F04003A381BF
:1014300002B0BDE8F08700BF30B5536E13F0010F66
:10144000B2F90C30144683B005469AB201D1980522
:101450001CD5900406D4626E43F4005342F400524B
:10146000A381626622462846FFF790FF636EDA0783
:10147000054602D4A3899B0502D5284603B030BD9A
:10148000A06DFAF757FF284603B030BDA06D01915B
:10149000FAF74EFFB4F90C3001999AB2D9E700BFC0
:1014A0002DE9F04F8BB0DDE9158A149F0391814639
:1014B00005921E46B8F1000F5CD0039B002B5ED056
:1014C000059B1D68002F6AD0741E4EB3039B0493C6
:1014D000043D002601950BE0039B2BBB019B1A6882
:1014E000002A3AD0BC455CD2013C631C664617D04A
:1014F000D8F800300293019BDAF8E05053F8042F3B
:10150000019307A943464846D8F804B0A847421CAF
:101510003AD000EB060CBC45DED9029BC8E9003B83
:1015200030460BB0BDE8F08F00280EDD049B019D16
:1015300018445A1E07A900F1FF3E11F8013B02F8BA
:10154000013F7245F9D101950490059B1A68043258
:101550001A60019B1A68002AC4D1039B0BB1059B3A
:101560001A600CF1FF3600223046C8F800200BB09C
:10157000BDE8F08F039B00F58678002BA0D1059B7A
:101580004FF0FF371D689FE706468A21002230464C
:10159000C9F80010C8F800200BB0BDE8F08F3E4637
:1015A000BEE76646BCE700BF10B584B0054C0698A0
:1015B000009007980190044800680294FFF770FFBC
:1015C00004B010BDD8110020601700202DE9F041B3
:1015D0008B890C46990796B008D504F14303012284
:1015E000C4E90432236016B0BDE8F081B4F90E10EE
:1015F0000029064625DB6A4600F0ACF800281FDB10
:10160000019D05F47045A5F50055B5FA85F54FF433
:1016100080686D094FF4006741463046F9F734FFA2
:10162000E0B1B4F90C30C4F8148043F080032060BA
:101630002061A38135BB3B43A38116B0BDE8F08197
:10164000A38913F0800519D04FF0400800254146CA
:1016500030462F46F9F718FF0028E2D1B4F90C30D4
:101660009A05C0D423F0030304F1430243F00203BC
:101670000121C4E90421A3812260B4E74FF480680A
:101680002F46C9E7B4F90E10304600F079F810B9CA
:10169000B4F90C30CFE7A38923F0030343F001032F
:1016A0001BB2C8E7F8B50D461446064610B1436BA9
:1016B000002B4CD0B4F90C20A369A360170790B29B
:1016C0001BD52369CBB1EDB281042F4622D5226808
:1016D0006169D31A994229DD0133A1680139A160FA
:1016E000511C2160157062699A4227D0A389DB07DB
:1016F00001D50A2D22D03846F8BD21463046FFF7E5
:10170000DFFD08BBB4F90C20236990B2EDB281046F
:101710002F46DCD442F40052A281626E616922F449
:10172000005262662268D31A9942D5DC21463046BF
:10173000FDF78AFA40B922680123CEE721463046F8
:10174000FDF782FA0028D6D04FF0FF37D3E7FAF73B
:10175000D9FBAFE770B50C46084D0346002620467E
:1017600011461C462E60F7F7D9FB431C00D070BD14
:101770002B68002BFBD0236070BD00BF64270020C6
:1017800038B5074D0022044608462A60F7F7CCFB1F
:10179000431C00D038BD2B68002BFBD0236038BD24
:1017A000642700205FF800F0151600605FF800F075
:1017B000A11B00605FF800F04D1B00605FF800F0B7
:0417C0006916006046
:0417C400F8B500BFB5
:0817C8002C92FF7F01000000DC
:1017D0000000000000000000000000000000000009
:1017E00000000000000000000000000000000000F9
:1017F00000000000000000000000000000000000E9
:1018000000000000000000000000000000000000D8
:1018100000000000000000000000000000000000C8
:1018200000000000000000000000000000000000B8
:1018300000000000000000000000000000000000A8
:101840000000000000000000000000000000000098
:101850000000000000000000000000000000000088
:101860000000000000000000000000000000000078
:101870000000000000000000000000000000000068
:101880000000000000000000000000000000000058
:101890000000000000000000000000000000000048
:1018A0000000000000000000000000000000000038
:1018B0000000000000000000000000000000000028
:1018C0000000000000000000000000000000000018
:1018D0000000000000000000000000000000000008
:1018E00000000000000000000000000000000000F8
:1018F00000000000000000000000000000000000E8
:1019000000000000000000000000000000000000D7
:1019100000000000000000000000000000000000C7
:1019200000000000000000000000000000000000B7
:1019300000000000000000000000000000000000A7
:101940000000000000000000000000000000000097
:101950000000000000000000000000000000000087
:101960000000000000000000000000000000000077
:101970000000000000000000000000000000000067
:101980000000000000000000000000000000000057
:101990000000000000000000000000000000000047
:1019A0000000000000000000000000000000000037
:1019B0000000000000000000000000000000000027
:1019C0000000000000000000000000000000000017
:1019D0000000000000000000000000000000000007
:1019E00000000000000000000000000000000000F7
:1019F00000000000000000000000000000000000E7
:101A000000000000000000000000000000000000D6
:101A100000000000000000000000000000000000C6
:101A200000000000000000000000000000000000B6
:101A300000000000000000000000000000000000A6
:101A40000000000000000000000000000000000096
:101A5000000000000000F03F748515D3B0D9EF3FBF
:101A60000F89F96C58B5EF3F515B12D00193EF3FEE
:101A70007B517D3CB872EF3FAAB968318754EF3F84
:101A80003862756E7A38EF3FE1DE1FF59D1EEF3F3D
:101A900015B7310AFE06EF3FCBA93A37A7F1EE3F63
:101AA0002234124CA6DEEE3F2D89616008CEEE3F57
:101AB000272A36D5DABFEE3F824F9D562BB4EE3F34
:101AC000295448DD07ABEE3F85553AB07EA4EE3F82
:101AD000CD3B7F669EA0EE3F745FECE8759FEE3FC6
:101AE0008701EB7314A1EE3F13CE4C9989A5EE3F0D
:101AF000DBA02A42E5ACEE3FE5C5CDB037B7EE3FFF
:101B000090F0A38291C4EE3F5D253EB203D5EE3F37
:101B1000ADD35A999FE8EE3F475EFBF276FFEE3F6A
:101B20009C5285DD9B19EF3F6990EFDC2037EF3F3A
:101B300087A4FBDC1858EF3F5F9B7B33977CEF3F1C
:101B4000DA90A4A2AFA4EF3F40456E5B76D0EF3FA2
:101B5000000000000000E8429423914BF86AAC3F7B
:101B6000F3C4FA50CEBFCE3FD6520CFF422EE63F12
:101B70000000000000003843FE822B6547154740F7
:101B80009423914BF86ABC3EF3C4FA50CEBF2E3F6B
:101B9000D6520CFF422E963FBEF3F879EC61F63F29
:101BA0001930965BC6FEDEBF3D88AF4AED71F53F4A
:101BB000A4FCD432680BDBBFB010F0F03995F43FD1
:101BC0007BB71F0A8B41D7BF8503B8B095C9F33FD8
:101BD0007BCF6D1AE99DD3BFA564880C190DF33F27
:101BE00031B6F2F39B1DD0BFA08E0B7B225EF23F7D
:101BF000F07A3B1B1D7CC9BF3F341A4A4ABBF13FF8
:101C00009F3CAF93E3F9C2BFBAE58AF05823F13F96
:101C10005C8D78BFCB60B9BFA70099413F95F03F7D
:101C2000CE5F47B69D6FAABF000000000000F03FE6
:101C30000000000000000000AC479AFD8C60EE3F01
:101C40003DF5249FCA38B33FA06A021FB3A4EC3FFE
:101C5000BA913854A976C43FE6FC6A573620EB3F68
:101C6000D2E4C44A0B84CE3F2DAAA163D1C2E93F7E
:101C70001C65C6F04506D43FED417803E686E83F93
:101C8000F89F1B2C9C8ED83F624853F5DC67E73FDA
:101C9000CC7BB14EA4E0DC3F4D7E0AF7B612D7BF35
:101CA000E0326849BFCADE3FDEE3FA9F4715E7BF6F
:101CB000B8C8355F4715F73F0080E03779C3414327
:101CC000176E05B5B5B89346F5F93FE9034F384DA2
:101CD000321D30F94877825A3CBF737FDD4F15754E
:101CE000000000000000F03F000000000000244061
:101CF00000000000000059400000000000408F403C
:101D0000000000000088C34000000000006AF840A6
:101D10000000000080842E4100000000D0126341CA
:101D20000000000084D797410000000065CDCD4140
:101D3000000000205FA00242000000E87648374221
:101D4000000000A2941A6D42000040E59C30A242BF
:101D50000000901EC4BCD64200003426F56B0C4334
:101D60000080E03779C3414300A0D88557347643DB
:101D700000C84E676DC1AB43003D9160E458E1433C
:101D8000408CB5781DAF154450EFE2D6E41A4B44B1
:101D900092D54D06CFF08044F64AE1C7022DB544F6
:101DA000B49DD9794378EA44BEF3F879EC61F63F03
:101DB0001930965BC6FEDEBF3D88AF4AED71F53F38
:101DC000A4FCD432680BDBBFB010F0F03995F43FBF
:101DD0007BB71F0A8B41D7BF8503B8B095C9F33FC6
:101DE0007BCF6D1AE99DD3BFA564880C190DF33F15
:101DF00031B6F2F39B1DD0BFA08E0B7B225EF23F6B
:101E0000F07A3B1B1D7CC9BF3F341A4A4ABBF13FE5
:101E10009F3CAF93E3F9C2BFBAE58AF05823F13F84
:101E20005C8D78BFCB60B9BFA70099413F95F03F6B
:101E3000CE5F47B69D6FAABF000000000000F03FD4
:101E40000000000000000000AC479AFD8C60EE3FEF
:101E50003DF5249FCA38B33FA06A021FB3A4EC3FEC
:101E6000BA913854A976C43FE6FC6A573620EB3F56
:101E7000D2E4C44A0B84CE3F2DAAA163D1C2E93F6C
:101E80001C65C6F04506D43FED417803E686E83F81
:101E9000F89F1B2C9C8ED83F624853F5DC67E73FC8
:101EA000CC7BB14EA4E0DC3F0B6E49C91676D23F25
:101EB0007AC675A06919D7BFDDBAA76C0AC7DE3F1D
:101EC000C8F6BE484715E7BF2BB82A654715F73F48
:101ED000000000000000F03F000000000000F0BF24
:101EE000000000000000F0BF000000000000F03F14
:101EF00083C8C96D305F6441182D4454FB21F93FFC
:101F0000000000000000F03F1C620CFDFFFFDFBF7F
:101F1000198F06E15355A53F9D359AE887C056BFF6
:101F2000C3F87B024393F93E03A695595455C5BFA8
:101F3000C40B23057610813F24CF7437EB9429BF5F
:101F4000000000000000F03F000000000000F0BFB3
:101F5000000000000000F0BF000000000000F03FA3
:101F600083C8C96D305F6441182D4454FB21F93F8B
:101F7000000000000000F0BF1C620CFDFFFFDF3F0F
:101F8000198F06E15355A5BF9D359AE887C0563F86
:101F9000C3F87B024393F9BE03A695595455C5BFB8
:101FA000C40B23057610813F24CF7437EB9429BFEF
:101FB000CDCC0C3F000000408FC2753C9A99993EF1
:101FC000000048440000003F0000C03F0000000047
:101FD0000000000000008041000000000000004000
:101FE00000000000000000000000000000000000F1
:101FF00000000000000000000000000000000000E1
:1020000000000000000000000000000001000000CF
:1020100000005C430000A5430000DC430000003FDB
:102020000000003F0000003FCDCCCC3E3333333FB7
:102030000000003F0000003F000000000000000022
:102040000000000000000000000000000000000090
:10205000000000000000000000000000010000007F
:1020600003000000020000000000000054533A206A
:102070007061643D2564256425642063763D256494
:10208000206973723D256C750A000000435055208D
:102090000000000025206D656D2000003E3E3E20C2
:1020A00054532044494345000E0F101112130000F1
:1020B0006E616E00696E66006F766600715E00008C
:1020C000755E0000795E00007D5E0000000000008B
:1020D00000000000914E0000000000000000000021
:1020E000A171000000000000000000008D09000048
:1020F0000000000000000000C5600000757B0000CB
:10210000717B00006D7B0000697B0000657B000037
:10211000617B00005D7B000000000000000000000B
:10212000CD540000290100002D0100003501000000
:102130003D0100002C2066756E6374696F6E3A2055
:1021400000000000617373657274696F6E20222550
:102150007322206661696C65643A2066696C65204B
:10216000222573222C206C696E6520256425732539
:10217000730A0000A2000000F9A2000083F9A20087
:102180006E83F9A24E6E83F9444E6E8315444E6EF3
:102190002915444EFC29154427FC29155727FC29ED
:1021A000D15727FCF5D1572734F5D157DD34F5D178
:1021B000C0DD34F5DBC0DD3462DBC0DD9562DBC041
:1021C000999562DB3C999562433C999590433C9983
:1021D0004190433C42616C6C6F632073756363652F
:1021E00065646564000000002F566F6C756D657343
:1021F0002F646174612F6A656E6B696E732F776FE0
:10220000726B73706163652F474E552D746F6F6CE1
:10221000636861696E2F61726D2D31312F73726346
:102220002F6E65776C69622D63796777696E2F6EA3
:1022300065776C69622F6C6962632F7374646C6973
:10224000622F6D707265632E6300000000202020F5
:102250002020202020202828282828202020202056
:102260002020202020202020202020202088101026
:102270001010101010101010101010101004040482
:102280000404040404040410101010101010414140
:10229000414141410101010101010101010101012E
:1022A0000101010101010101101010101010424242
:1022B00042424242020202020202020202020202FE
:1022C000020202020202020210101010200000009E
:1022D00000000000000000000000000000000000FE
:1022E00000000000000000000000000000000000EE
:1022F00000000000000000000000000000000000DE
:1023000000000000000000000000000000000000CD
:1023100000000000000000000000000000000000BD
:1023200000000000000000000000000000000000AD
:10233000000000000000000000000000000000009D
:10234000000000000000000000000000000000008D
:10235000496E66696E697479000000004E614E0036
:102360002F566F6C756D65732F646174612F6A658C
:102370006E6B696E732F776F726B73706163652F0D
:10238000474E552D746F6F6C636861696E2F617273
:102390006D2D31312F7372632F6E65776C69622DED
:1023A00063796777696E2F6E65776C69622F6C69E8
:1023B00062632F7374646C69622F64746F612E633F
:1023C00000000000494E46004E414E00303132338D
:1023D0003435363738396162636465660000000061
:1023E000303132333435363738394142434445464B
:1023F00000000000286E756C6C29000030000000A1
:1024000020202020202020202020202020202020CC
:1024100020202020202020202020202020202020BC
:1024200000000042C8801F40B8821F400800000022
:1024300000000042C4801F40B4821F40040000001E
:1024400000C0004224801F4014821F401000000082
:1024500000C0004228801F4018821F40200000005A
:1024600000C000422C801F401C821F404000000022
:1024700000C0004234801F4024821F400001000041
:102480000040004264811F4054831F40000400004C
:102490000040004280811F4070831F400000020006
:1024A000004000427C811F406C831F4000000100FF
:1024B0000040004268811F4058831F400008000010
:1024C000004000423C811F402C831F40010000005F
:1024D0000040004244811F4034831F40040000003C
:1024E0000040004240811F4030831F400200000036
:1024F0000040004248811F4038831F400800000010
:102500000000004204811F40F4821F4000000400CC
:102510000000004208811F40F8821F4000000800B0
:102520000000004218811F4008831F400000800007
:102530000000004214811F4004831F40000040003F
:102540000000004200811F40F0821F400000020096
:1025500000000042FC801F40EC821F400000010090
:102560000000004224811F4014831F40000000042B
:102570000000004228811F4018831F40000000080F
:10258000000000421C811F400C831F40000000011E
:102590000000004220811F4010831F400000000205
:1025A00000000042EC801F40DC821F400010000051
:1025B00000000042F0801F40E0821F400020000029
:1025C0000000004234811F4024831F40000000406F
:1025D0000000004238811F4028831F400000008017
:1025E0000080004294801F4084821F40000004004D
:1025F00000C0004290801F4080821F400000008089
:1026000000800042A8801F4098821F400000800088
:1026100000800042A4801F4094821F4000004000C0
:10262000004000426C811F405C831F40001000008E
:1026300000C0004230801F4020821F408000000008
:1026400000800042C8811F40B8831F400080000006
:1026500000800042C4811F40B4831F40004000003E
:1026600000800042C0811F40B0831F400020000056
:1026700000800042BC811F40AC831F40001000005E
:1026800000800042D0811F40C0831F400000020034
:1026900000800042CC811F40BC831F40000001002D
:1026A00005000000190000007D00000007080C0B69
:1026B00006050F000D0E0102838407080C0B0605AA
:1026C0000F000D0E010283840101000401000004CB
:1026D0000132010101320201011001010111010168
:1026E00001120102010302060103010601120202A6
:1026F00002000001020200010201000102100001BB
:10270000022200010223000100000000000000007E
:102710000221000102200001000000000000000072
:102720000130010101310101010200040103000433
:102730000000000000000000012102010121010150
:102740000000000000000000000000000110020175
:102750000101020101010101010002010100010169
:102760000102020101020101546F75636820626178
:1027700073656C696E65733A20256C6420256C6402
:1027800020256C640A0000002E0000004C435F43CB
:102790004F4C4C41544500004C435F435459504505
:1027A000000000004C435F4D4F4E455441525900CC
:1027B0004C435F4E554D4552494300004C435F54D6
:1027C000494D45004C435F4D4553534147455300E8
:1027D0000001000064170020120000000006000045
:1027E000881D00600A00000000020000F01C00606C
:1027F0009500000000070000581C006095000000D4
:1028000000030000541C00600000000001030904E4
:10281000301C00600000000002030904101C00606E
:102820000000000003030904F41900200000000068
:1028300000000000000000000000000030303030D8
:102840003030303030303030303030303030303088
:102850003030303030303030303030300000000038
:102860000000000050250020B82500202026002070
:102870000000000000000000000000000000000058
:102880000000000000000000000000000000000048
:102890000000000000000000000000000000000038
:1028A0000000000000000000000000000000000028
:1028B0000000000000000000000000000000000018
:1028C0000000000000000000000000000000000008
:1028D00000000000000000000000000000000000F8
:1028E00000000000000000000000000000000000E8
:1028F00000000000000000000100000000000000D7
:102900000E33CDAB34126DE6ECDE05000B0000009B
:1029100000000000000000000000000000000000B7
:1029200000000000000000000000000000000000A7
:102930000000000000000000000000000000000097
:102940000000000000000000000000000000000087
:102950000000000000000000000000000000000077
:102960000000000000000000000000000000000067
:102970000000000000000000000000000000000057
:102980000029DE07007B9A172809002000000000BC
:10299000E803000000000000FFFFFFFF10250020FB
:1029A00020EF202000000000430000000000000095
:1029B0000000000000000000000000000000000017
:1029C00000000000000000004300000000000000C4
:1029D00000000000000000000000000000000000F7
:1029E00000000000000000004300000000000000A4
:1029F00000000000000000000000000000000000D7
:102A00000000000000000000430000000000000083
:102A100000000000000000000000000000000000B6
:102A20000000000000000000430000000000000063
:102A30000000000000000000000000000000000096
:102A40000000000000000000430000000000000043
:102A50000000000000000000000000000000000076
:102A60000000000000000000430000000000000023
:102A70000000000000000000000000000000000056
:102A8000000000000000000095CF0000D1A9000068
:102A9000000000007C0A0020B80F00207009002010
:102AA00070090020700900207009002070090020C2
:102AB00070090020700900207009002070090020B2
:102AC000FFFFFFFFFFFFFFFFFFFFFFFFFFFF000014
:102AD000010041534349490000000000000000008C
:102AE00000000000000000000000000000000000E6
:102AF000000041534349490000000000000000006D
:102B000000000000000000000000000000000000C5
:102B1000000000000000000000000000441300203E
:102B2000441300204C1300204C13002054130020A9
:102B3000541300205C1300205C1300206413002059
:102B4000641300206C1300206C1300207413002009
:102B5000741300207C1300207C13002084130020B9
:102B6000841300208C1300208C1300209413002069
:102B7000941300209C1300209C130020A413002019
:102B8000A4130020AC130020AC130020B4130020C9
:102B9000B4130020BC130020BC130020C413002079
:102BA000C4130020CC130020CC130020D413002029
:102BB000D4130020DC130020DC130020E4130020D9
:102BC000E4130020EC130020EC130020F413002089
:102BD000F4130020FC130020FC1300200414002038
:102BE000041400200C1400200C14002014140020E5
:102BF000141400201C1400201C1400202414002095
:102C0000241400202C1400202C1400203414002044
:102C1000341400203C1400203C14002044140020F4
:102C2000441400204C1400204C14002054140020A4
:102C3000541400205C1400205C1400206414002054
:102C4000641400206C1400206C1400207414002004
:102C5000741400207C1400207C14002084140020B4
:102C6000841400208C1400208C1400209414002064
:102C7000941400209C1400209C140020A414002014
:102C8000A4140020AC140020AC140020B4140020C4
:102C9000B4140020BC140020BC140020C414002074
:102CA000C4140020CC140020CC140020D414002024
:102CB000D4140020DC140020DC140020E4140020D4
:102CC000E4140020EC140020EC140020F414002084
:102CD000F4140020FC140020FC1400200415002033
:102CE000041500200C1500200C15002014150020E0
:102CF000141500201C1500201C1500202415002090
:102D0000241500202C1500202C150020341500203F
:102D1000341500203C1500203C15002044150020EF
:102D2000441500204C1500204C150020541500209F
:102D3000541500205C1500205C150020641500204F
:102D4000641500206C1500206C15002074150020FF
:102D5000741500207C1500207C15002084150020AF
:102D6000841500208C1500208C150020941500205F
:102D7000941500209C1500209C150020A41500200F
:102D8000A4150020AC150020AC150020B4150020BF
:102D9000B4150020BC150020BC150020C41500206F
:102DA000C4150020CC150020CC150020D41500201F
:102DB000D4150020DC150020DC150020E4150020CF
:102DC000E4150020EC150020EC150020F41500207F
:102DD000F4150020FC150020FC150020041600202E
:102DE000041600200C1600200C16002014160020DB
:102DF000141600201C1600201C160020241600208B
:102E0000241600202C1600202C160020341600203A
:102E1000341600203C1600203C16002044160020EA
:102E2000441600204C1600204C160020541600209A
:102E3000541600205C1600205C160020641600204A
:102E4000641600206C1600206C16002074160020FA
:102E5000741600207C1600207C16002084160020AA
:102E6000841600208C1600208C160020941600205A
:102E7000941600209C1600209C160020A41600200A
:102E8000A4160020AC160020AC160020B4160020BA
:102E9000B4160020BC160020BC160020C41600206A
:102EA000C4160020CC160020CC160020D41600201A
:102EB000D4160020DC160020DC160020E4160020CA
:102EC000E4160020EC160020EC160020F41600207A
:102ED000F4160020FC160020FC1600200417002029
:102EE000041700200C1700200C17002014170020D6
:102EF000141700201C1700201C1700202417002086
:102F0000241700202C1700202C1700203417002035
:102F1000341700203C1700203C170020FFFFFFFF64
:102F20000000020000000000030000005025002007
:102F30009010002012010002EF020140C0168B0425
:102F40000103010203010000FD690000FD690000AA
:102F5000FD690000FD690000FD690000FD690000D9
:102F6000FD690000FD690000FD690000FD690000C9
:102F7000FD690000FD690000FD690000FD690000B9
:102F8000FD690000FD690000FD690000FD690000A9
:102F9000FD690000FD690000FD690000FD69000099
:102FA000FD690000FD690000FD690000FD69000089
:102FB000FD690000FD690000FD690000FD69000079
:102FC000FD690000FD690000FD690000FD69000069
:102FD000FD690000FD690000FD690000FD69000059
:102FE000FD690000FD690000FD690000FD69000049
:102FF000FD690000FD690000FD690000FD69000039
:10300000FD690000FD690000FD690000FD69000028
:10301000FD690000FD690000FD690000FD69000018
:10302000FD690000FD690000FD690000FD69000008
:10303000FD690000FD690000FD690000FD690000F8
:10304000FD690000FD690000FD690000FD690000E8
:10305000FD690000FD690000FD690000FD690000D8
:10306000FD690000FD690000FD690000FD690000C8
:10307000FD690000FD690000FD690000FD690000B8
:10308000FD690000FD690000FD690000FD690000A8
:10309000FD690000FD690000FD690000FD69000098
:1030A000FD690000FD690000FD690000FD69000088
:1030B000FD690000FD690000FD690000FD69000078
:1030C000FD690000FD690000FD690000FD69000068
:1030D000FD690000FD690000FD690000FD69000058
:1030E000FD690000FD690000FD690000FD69000048
:1030F000FD690000FD690000FD690000FD69000038
:10310000FD690000FD690000FD690000FD69000027
:10311000FD690000FD690000FD690000FD69000017
:10312000FD690000FD690000FD690000FD69000007
:10313000FD690000FD690000FD690000FD690000F7
:10314000FD690000FD690000FFFFFFFFFFFFFFFFBB
:10315000FFFFFFFF000000008000000030373C0050
:10316000CDCC0C3FC3F5A83E0000803ECDCC4C3EFC
:103170006666E63E3333B33E0000003F0000003F8A
:103180000000003F0000003F0000003F0000003F43
:103190000000003F0000003F0000003F0000003F33
:1031A0000000003F0000003F0000803E00000000E3
:1031B0000000000000000000000000009A99993E05
:1031C000F5792B6D0C0300000000000000000000EA
:1031D00000000000000000000000FF3C083C3C0034
:1031E00000000000000000000000000000000000DF
:1031F00000000000000000000000000000000000CF
:1032000000000000000000000000000000000000BE
:1032100000000000000000000000000000000000AE
:10322000000000000000000000000000000000009E
:10323000000000000000000000000000000000008E
:10324000000000000000000000000000000000007E
:10325000000000000000000000000000000000006E
:10326000000000000000000000000000000000005E
:10327000000000000000000000000000000000004E
:10328000000000000000000000000000000000003E
:10329000000000000000000000000000000000002E
:1032A000000000000000000000000000000000001E
:1032B000000000000000000000000000000000000E
:1032C00000000000000000000000000000000000FE
:1032D00000000000000000000000000000000000EE
:1032E00000000000000000000000000000000000DE
:1032F00000000000000000000000000000000000CE
:1033000000000000000000000000000000000000BD
:1033100000000000000000000000000000000000AD
:10332000000000000000000000000000000000009D
:10333000000000000000000000000000000000008D
:10334000000000000000000000000000000000007D
:10335000000000000000000000000000000000006D
:10336000000000000000000000000000000000005D
:10337000000000000000000000000000000000004D
:10338000000000000000000000000000000000003D
:10339000000000000000000000000000000000002D
:1033A000000000000000000000000000000000001D
:1033B000000000000000000000000000000000000D
:1033C00000000000000000000000000000000000FD
:1033D00000000000000000000000000000000000ED
:1033E00000000000000000000000000000000000DD
:1033F00000000000000000000000000000000000CD
:1034000000000000000000000000000000000000BC
:1034100000000000000000000000000000000000AC
:10342000000000000000000000000000000000009C
:10343000000000000000000000000000000000008C
:10344000000000000000000000000000000000007C
:10345000000000000000000000000000000000006C
:10346000000000000000000000000000000000005C
:10347000000000000000000000000000000000004C
:10348000000000000000000000000000000000003C
:10349000000000000000000000000000000000002C
:1034A000000000000000000000000000000000001C
:1034B000000000000000000000000000000000000C
:1034C00000000000000000000000000000000000FC
:1034D00000000000000000000000000000000000EC
:1034E00000000000000000000000000000000000DC
:1034F00000000000000000000000000000000000CC
:1035000000000000000000000000000000000000BB
:1035100000000000000000000000000000000000AB
:10352000000000000000000000000000000000009B
:10353000000000000000000000000000000000008B
:10354000000000000000000000000000000000007B
:10355000000000000000000000000000000000006B
:10356000000000000000000000000000000000005B
:10357000000000000000000000000000000000004B
:10358000000000000000000000000000000000003B
:10359000000000000000000000000000000000002B
:1035A000000000000000000000000000000000001B
:1035B000000000000000000000000000000000000B
:1035C00000000000000000000000000000000000FB
:1035D00000000000000000000000000000000000EB
:1035E00000000000000000000000000000000000DB
:1035F00000000000000000000000000000000000CB
:1036000000000000000000000000000000000000BA
:1036100000000000000000000000000000000000AA
:10362000000000000000000000000000000000009A
:10363000000000000000000000000000000000008A
:10364000000000000000000000000000000000007A
:10365000000000000000000000000000000000006A
:10366000000000000000000000000000000000005A
:10367000000000000000000000000000000000004A
:10368000000000000000000000000000000000003A
:10369000FFFFFFFFFFFFFFFFFFFFFFFFFFFFFFFF3A
:1036A000FFFFFFFFFFFFFFFFFFFFFFFFFFFFFFFF2A
:1036B000FFFFFFFFFFFFFFFFFFFFFFFFFFFFFFFF1A
:1036C000FFFFFFFFFFFFFFFFFFFFFFFFFFFFFFFF0A
:1036D000FFFFFFFFFFFFFFFFFFFFFFFFFFFFFFFFFA
:1036E000FFFFFFFFFFFFFFFFFFFFFFFFFFFFFFFFEA
:1036F000FFFFFFFFFFFFFFFFFFFFFFFFFFFFFFFFDA
:10370000FFFFFFFFFFFFFFFFFFFFFFFFFFFFFFFFC9
:10371000FFFFFFFFFFFFFFFFFFFFFFFFFFFFFFFFB9
:10372000FFFFFFFFFFFFFFFFFFFFFFFFFFFFFFFFA9
:10373000FFFFFFFFFFFFFFFFFFFFFFFFFFFFFFFF99
:10374000FFFFFFFFFFFFFFFFFFFFFFFFFFFFFFFF89
:10375000FFFFFFFFFFFFFFFFFFFFFFFFFFFFFFFF79
:10376000FFFFFFFFFFFFFFFFFFFFFFFFFFFFFFFF69
:10377000FFFFFFFFFFFFFFFFFFFFFFFFFFFFFFFF59
:10378000FFFFFFFFFFFFFFFFFFFFFFFFFFFFFFFF49
:10379000FFFFFFFFFFFFFFFFFFFFFFFFFFFFFFFF39
:1037A000FFFFFFFFFFFFFFFFFFFFFFFFFFFFFFFF29
:1037B000FFFFFFFFFFFFFFFFFFFFFFFFFFFFFFFF19
:1037C000FFFFFFFFFFFFFFFFFFFFFFFFFFFFFFFF09
:1037D000FFFFFFFFFFFFFFFFFFFFFFFFFFFFFFFFF9
:1037E000FFFFFFFFFFFFFFFFFFFFFFFFFFFFFFFFE9
:1037F000FFFFFFFFFFFFFFFFFFFFFFFFFFFFFFFFD9
:1038000000000000000000000000000000000000B8
:1038100000000000000000000000000000000000A8
:103820000000000000000000000000000000000098
:103830000000000000000000000000000000000088
:103840000000000000000000000000000000000078
:103850000000000000000000000000000000000068
:103860000000000000000000000000000000000058
:103870000000000000000000000000000000000048
:103880000000000000000000000000000000000038
:103890000000000000000000000000000000000028
:1038A0000000000000000000000000000000000018
:1038B0000000000000000000000000000000000008
:1038C00000000000000000000000000000000000F8
:1038D00000000000000000000000000000000000E8
:1038E00000000000000000000000000000000000D8
:1038F00000000000000000000000000000000000C8
:1039000000000000000000000000000000000000B7
:1039100000000000000000000000000000000000A7
:103920000000000000000000000000000000000097
:103930000000000000000000000000000000000087
:103940000000000000000000000000000000000077
:103950000000000000000000000000000000000067
:103960000000000000000000000000000000000057
:103970000000000000000000000000000000000047
:103980000000000000000000000000000000000037
:103990000000000000000000000000000000000027
:1039A0000000000000000000000000000000000017
:1039B0000000000000000000000000000000000007
:1039C00000000000000000000000000000000000F7
:1039D00000000000000000000000000000000000E7
:1039E00000000000000000000000000000000000D7
:1039F00000000000000000000000000000000000C7
:103A000000000000000000000000000000000000B6
:103A100000000000000000000000000000000000A6
:103A20000000000000000000000000000000000096
:103A30000000000000000000000000000000000086
:103A40000000000000000000000000000000000076
:103A50000000000000000000000000000000000066
:103A60000000000000000000000000000000000056
:103A70000000000000000000000000000000000046
:103A80000000000000000000000000000000000036
:103A90000000000000000000000000000000000026
:103AA0000000000000000000000000000000000016
:103AB0000000000000000000000000000000000006
:103AC00000000000000000000000000000000000F6
:103AD00000000000000000000000000000000000E6
:103AE00000000000000000000000000000000000D6
:103AF00000000000000000000000000000000000C6
:103B000000000000000000000000000000000000B5
:103B100000000000000000000000000000000000A5
:103B20000000000000000000000000000000000095
:103B30000000000000000000000000000000000085
:103B40000000000000000000000000000000000075
:103B50000000000000000000000000000000000065
:103B60000000000000000000000000000000000055
:103B70000000000000000000000000000000000045
:103B80000000000000000000000000000000000035
:103B90000000000000000000000000000000000025
:103BA0000000000000000000000000000000000015
:103BB0000000000000000000000000000000000005
:103BC00000000000000000000000000000000000F5
:103BD00000000000000000000000000000000000E5
:103BE00000000000000000000000000000000000D5
:103BF00000000000000000000000000000000000C5
:103C000000000000000000000000000000000000B4
:103C100000000000000000000000000000000000A4
:103C20000000000000000000000000000000000094
:103C30000000000000000000000000000000000084
:103C40000000000000000000000000000000000074
:103C50000000000000000000000000000000000064
:103C60000000000000000000000000000000000054
:103C70000000000000000000000000000000000044
:103C80000000000000000000000000000000000034
:103C90000000000000000000000000000000000024
:103CA0000000000000000000000000000000000014
:103CB0000000000000000000000000000000000004
:103CC00000000000000000000000000000000000F4
:103CD00000000000000000000000000000000000E4
:103CE00000000000000000000000000000000000D4
:103CF00000000000000000000000000000000000C4
:103D000000000000000000000000000000000000B3
:103D100000000000000000000000000000000000A3
:103D20000000000000000000000000000000000093
:103D30000000000000000000000000000000000083
:103D40000000000000000000000000000000000073
:103D50000000000000000000000000000000000063
:103D60000000000000000000000000000000000053
:103D70000000000000000000000000000000000043
:103D80000000000000000000000000000000000033
:103D90000000000000000000000000000000000023
:103DA0000000000000000000000000000000000013
:103DB0000000000000000000000000000000000003
:103DC00000000000000000000000000000000000F3
:103DD00000000000000000000000000000000000E3
:103DE00000000000000000000000000000000000D3
:103DF00000000000000000000000000000000000C3
:103E000000000000000000000000000000000000B2
:103E100000000000000000000000000000000000A2
:103E20000000000000000000000000000000000092
:103E30000000000000000000000000000000000082
:103E40000000000000000000000000000000000072
:103E50000000000000000000000000000000000062
:103E60000000000000000000000000000000000052
:103E70000000000000000000000000000000000042
:103E80000000000000000000000000000000000032
:103E90000000000000000000000000000000000022
:103EA0000000000000000000000000000000000012
:103EB0000000000000000000000000000000000002
:103EC00000000000000000000000000000000000F2
:103ED00000000000000000000000000000000000E2
:103EE00000000000000000000000000000000000D2
:103EF00000000000000000000000000000000000C2
:103F000000000000000000000000000000000000B1
:103F100000000000000000000000000000000000A1
:103F20000000000000000000000000000000000091
:103F30000000000000000000000000000000000081
:103F40000000000000000000000000000000000071
:103F50000000000000000000000000000000000061
:103F60000000000000000000000000000000000051
:103F70000000000000000000000000000000000041
:103F80000000000000000000000000000000000031
:103F90000000000000000000000000000000000021
:103FA0000000000000000000000000000000000011
:103FB0000000000000000000000000000000000001
:103FC00000000000000000000000000000000000F1
:103FD00000000000000000000000000000000000E1
:103FE00000000000000000000000000000000000D1
:103FF00000000000000000000000000000000000C1
:1040000000000000000000000000000000000000B0
:1040100000000000000000000000000000000000A0
:104020000000000000000000000000000000000090
:104030000000000000000000000000000000000080
:104040000000000000000000000000000000000070
:104050000000000000000000000000000000000060
:104060000000000000000000000000000000000050
:104070000000000000000000000000000000000040
:104080000000000000000000000000000000000030
:104090000000000000000000000000000000000020
:1040A0000000000000000000000000000000000010
:1040B0000000000000000000000000000000000000
:1040C00000000000000000000000000000000000F0
:1040D00000000000000000000000000000000000E0
:1040E00000000000000000000000000000000000D0
:1040F00000000000000000000000000000000000C0
:1041000000000000000000000000000000000000AF
:10411000000000000000000000000000000000009F
:10412000000000000000000000000000000000008F
:10413000000000000000000000000000000000007F
:10414000000000000000000000000000000000006F
:10415000000000000000000000000000000000005F
:10416000000000000000000000000000000000004F
:10417000000000000000000000000000000000003F
:10418000000000000000000000000000000000002F
:10419000000000000000000000000000000000001F
:1041A000000000000000000000000000000000000F
:1041B00000000000000000000000000000000000FF
:1041C00000000000000000000000000000000000EF
:1041D00000000000000000000000000000000000DF
:1041E00000000000000000000000000000000000CF
:1041F00000000000000000000000000000000000BF
:1042000000000000000000000000000000000000AE
:10421000000000000000000000000000000000009E
:10422000000000000000000000000000000000008E
:10423000000000000000000000000000000000007E
:10424000000000000000000000000000000000006E
:10425000000000000000000000000000000000005E
:10426000000000000000000000000000000000004E
:10427000000000000000000000000000000000003E
:10428000000000000000000000000000000000002E
:10429000000000000000000000000000000000001E
:1042A000000000000000000000000000000000000E
:1042B00000000000000000000000000000000000FE
:1042C00000000000000000000000000000000000EE
:1042D00000000000000000000000000000000000DE
:1042E00000000000000000000000000000000000CE
:1042F00000000000000000000000000000000000BE
:1043000000000000000000000000000000000000AD
:10431000000000000000000000000000000000009D
:10432000000000000000000000000000000000008D
:10433000000000000000000000000000000000007D
:10434000000000000000000000000000000000006D
:10435000000000000000000000000000000000005D
:10436000000000000000000000000000000000004D
:10437000000000000000000000000000000000003D
:10438000000000000000000000000000000000002D
:10439000000000000000000000000000000000001D
:1043A000000000000000000000000000000000000D
:1043B00000000000000000000000000000000000FD
:1043C00000000000000000000000000000000000ED
:1043D00000000000000000000000000000000000DD
:1043E00000000000000000000000000000000000CD
:1043F00000000000000000000000000000000000BD
:040000056000100087
:00000001FF
