:0200000460009A
:100000004643464200000156000000000103030081
:1000100000000000000000000000000000000000E0
:1000200000000000000000000000000000000000D0
:1000300000000000000000000000000000000000C0
:1000400000000000010408000000000000000000A3
:100050000000200000000000000000000000000080
:100060000000000000000000000000000000000090
:100070000000000000000000000000000000000080
:10008000EB04180A063204260000000000000000FD
:10009000050404240000000000000000000000002F
:1000A0000000000000000000000000000000000050
:1000B0000604000000000000000000000000000036
:1000C0000000000000000000000000000000000030
:1000D00020041808000000000000000000000000DC
:1000E0000000000000000000000000000000000010
:1000F0000000000000000000000000000000000000
:10010000D8041808000000000000000000000000F3
:100110000204180804200000000000000000000095
:1001200000000000000000000000000000000000CF
:10013000600400000000000000000000000000005B
:1001400000000000000000000000000000000000AF
:10015000000000000000000000000000000000009F
:10016000000000000000000000000000000000008F
:10017000000000000000000000000000000000007F
:10018000000000000000000000000000000000006F
:10019000000000000000000000000000000000005F
:1001A000000000000000000000000000000000004F
:1001B000000000000000000000000000000000003F
:1001C000000100000010000001000000000000001D
:1001D000000001000000000000000000000000001E
:1001E000000000000000000000000000000000000F
:1001F00000000000000000000000000000000000FF
:10020000FFFFFFFFFFFFFFFFFFFFFFFFFFFFFFFFFE
:10021000FFFFFFFFFFFFFFFFFFFFFFFFFFFFFFFFEE
:10022000FFFFFFFFFFFFFFFFFFFFFFFFFFFFFFFFDE
:10023000FFFFFFFFFFFFFFFFFFFFFFFFFFFFFFFFCE
:10024000FFFFFFFFFFFFFFFFFFFFFFFFFFFFFFFFBE
:10025000FFFFFFFFFFFFFFFFFFFFFFFFFFFFFFFFAE
:10026000FFFFFFFFFFFFFFFFFFFFFFFFFFFFFFFF9E
:10027000FFFFFFFFFFFFFFFFFFFFFFFFFFFFFFFF8E
:10028000FFFFFFFFFFFFFFFFFFFFFFFFFFFFFFFF7E
:10029000FFFFFFFFFFFFFFFFFFFFFFFFFFFFFFFF6E
:1002A000FFFFFFFFFFFFFFFFFFFFFFFFFFFFFFFF5E
:1002B000FFFFFFFFFFFFFFFFFFFFFFFFFFFFFFFF4E
:1002C000FFFFFFFFFFFFFFFFFFFFFFFFFFFFFFFF3E
:1002D000FFFFFFFFFFFFFFFFFFFFFFFFFFFFFFFF2E
:1002E000FFFFFFFFFFFFFFFFFFFFFFFFFFFFFFFF1E
:1002F000FFFFFFFFFFFFFFFFFFFFFFFFFFFFFFFF0E
:10030000FFFFFFFFFFFFFFFFFFFFFFFFFFFFFFFFFD
:10031000FFFFFFFFFFFFFFFFFFFFFFFFFFFFFFFFED
:10032000FFFFFFFFFFFFFFFFFFFFFFFFFFFFFFFFDD
:10033000FFFFFFFFFFFFFFFFFFFFFFFFFFFFFFFFCD
:10034000FFFFFFFFFFFFFFFFFFFFFFFFFFFFFFFFBD
:10035000FFFFFFFFFFFFFFFFFFFFFFFFFFFFFFFFAD
:10036000FFFFFFFFFFFFFFFFFFFFFFFFFFFFFFFF9D
:10037000FFFFFFFFFFFFFFFFFFFFFFFFFFFFFFFF8D
:10038000FFFFFFFFFFFFFFFFFFFFFFFFFFFFFFFF7D
:10039000FFFFFFFFFFFFFFFFFFFFFFFFFFFFFFFF6D
:1003A000FFFFFFFFFFFFFFFFFFFFFFFFFFFFFFFF5D
:1003B000FFFFFFFFFFFFFFFFFFFFFFFFFFFFFFFF4D
:1003C000FFFFFFFFFFFFFFFFFFFFFFFFFFFFFFFF3D
:1003D000FFFFFFFFFFFFFFFFFFFFFFFFFFFFFFFF2D
:1003E000FFFFFFFFFFFFFFFFFFFFFFFFFFFFFFFF1D
:1003F000FFFFFFFFFFFFFFFFFFFFFFFFFFFFFFFF0D
:10040000FFFFFFFFFFFFFFFFFFFFFFFFFFFFFFFFFC
:10041000FFFFFFFFFFFFFFFFFFFFFFFFFFFFFFFFEC
:10042000FFFFFFFFFFFFFFFFFFFFFFFFFFFFFFFFDC
:10043000FFFFFFFFFFFFFFFFFFFFFFFFFFFFFFFFCC
:10044000FFFFFFFFFFFFFFFFFFFFFFFFFFFFFFFFBC
:10045000FFFFFFFFFFFFFFFFFFFFFFFFFFFFFFFFAC
:10046000FFFFFFFFFFFFFFFFFFFFFFFFFFFFFFFF9C
:10047000FFFFFFFFFFFFFFFFFFFFFFFFFFFFFFFF8C
:10048000FFFFFFFFFFFFFFFFFFFFFFFFFFFFFFFF7C
:10049000FFFFFFFFFFFFFFFFFFFFFFFFFFFFFFFF6C
:1004A000FFFFFFFFFFFFFFFFFFFFFFFFFFFFFFFF5C
:1004B000FFFFFFFFFFFFFFFFFFFFFFFFFFFFFFFF4C
:1004C000FFFFFFFFFFFFFFFFFFFFFFFFFFFFFFFF3C
:1004D000FFFFFFFFFFFFFFFFFFFFFFFFFFFFFFFF2C
:1004E000FFFFFFFFFFFFFFFFFFFFFFFFFFFFFFFF1C
:1004F000FFFFFFFFFFFFFFFFFFFFFFFFFFFFFFFF0C
:10050000FFFFFFFFFFFFFFFFFFFFFFFFFFFFFFFFFB
:10051000FFFFFFFFFFFFFFFFFFFFFFFFFFFFFFFFEB
:10052000FFFFFFFFFFFFFFFFFFFFFFFFFFFFFFFFDB
:10053000FFFFFFFFFFFFFFFFFFFFFFFFFFFFFFFFCB
:10054000FFFFFFFFFFFFFFFFFFFFFFFFFFFFFFFFBB
:10055000FFFFFFFFFFFFFFFFFFFFFFFFFFFFFFFFAB
:10056000FFFFFFFFFFFFFFFFFFFFFFFFFFFFFFFF9B
:10057000FFFFFFFFFFFFFFFFFFFFFFFFFFFFFFFF8B
:10058000FFFFFFFFFFFFFFFFFFFFFFFFFFFFFFFF7B
:10059000FFFFFFFFFFFFFFFFFFFFFFFFFFFFFFFF6B
:1005A000FFFFFFFFFFFFFFFFFFFFFFFFFFFFFFFF5B
:1005B000FFFFFFFFFFFFFFFFFFFFFFFFFFFFFFFF4B
:1005C000FFFFFFFFFFFFFFFFFFFFFFFFFFFFFFFF3B
:1005D000FFFFFFFFFFFFFFFFFFFFFFFFFFFFFFFF2B
:1005E000FFFFFFFFFFFFFFFFFFFFFFFFFFFFFFFF1B
:1005F000FFFFFFFFFFFFFFFFFFFFFFFFFFFFFFFF0B
:10060000FFFFFFFFFFFFFFFFFFFFFFFFFFFFFFFFFA
:10061000FFFFFFFFFFFFFFFFFFFFFFFFFFFFFFFFEA
:10062000FFFFFFFFFFFFFFFFFFFFFFFFFFFFFFFFDA
:10063000FFFFFFFFFFFFFFFFFFFFFFFFFFFFFFFFCA
:10064000FFFFFFFFFFFFFFFFFFFFFFFFFFFFFFFFBA
:10065000FFFFFFFFFFFFFFFFFFFFFFFFFFFFFFFFAA
:10066000FFFFFFFFFFFFFFFFFFFFFFFFFFFFFFFF9A
:10067000FFFFFFFFFFFFFFFFFFFFFFFFFFFFFFFF8A
:10068000FFFFFFFFFFFFFFFFFFFFFFFFFFFFFFFF7A
:10069000FFFFFFFFFFFFFFFFFFFFFFFFFFFFFFFF6A
:1006A000FFFFFFFFFFFFFFFFFFFFFFFFFFFFFFFF5A
:1006B000FFFFFFFFFFFFFFFFFFFFFFFFFFFFFFFF4A
:1006C000FFFFFFFFFFFFFFFFFFFFFFFFFFFFFFFF3A
:1006D000FFFFFFFFFFFFFFFFFFFFFFFFFFFFFFFF2A
:1006E000FFFFFFFFFFFFFFFFFFFFFFFFFFFFFFFF1A
:1006F000FFFFFFFFFFFFFFFFFFFFFFFFFFFFFFFF0A
:10070000FFFFFFFFFFFFFFFFFFFFFFFFFFFFFFFFF9
:10071000FFFFFFFFFFFFFFFFFFFFFFFFFFFFFFFFE9
:10072000FFFFFFFFFFFFFFFFFFFFFFFFFFFFFFFFD9
:10073000FFFFFFFFFFFFFFFFFFFFFFFFFFFFFFFFC9
:10074000FFFFFFFFFFFFFFFFFFFFFFFFFFFFFFFFB9
:10075000FFFFFFFFFFFFFFFFFFFFFFFFFFFFFFFFA9
:10076000FFFFFFFFFFFFFFFFFFFFFFFFFFFFFFFF99
:10077000FFFFFFFFFFFFFFFFFFFFFFFFFFFFFFFF89
:10078000FFFFFFFFFFFFFFFFFFFFFFFFFFFFFFFF79
:10079000FFFFFFFFFFFFFFFFFFFFFFFFFFFFFFFF69
:1007A000FFFFFFFFFFFFFFFFFFFFFFFFFFFFFFFF59
:1007B000FFFFFFFFFFFFFFFFFFFFFFFFFFFFFFFF49
:1007C000FFFFFFFFFFFFFFFFFFFFFFFFFFFFFFFF39
:1007D000FFFFFFFFFFFFFFFFFFFFFFFFFFFFFFFF29
:1007E000FFFFFFFFFFFFFFFFFFFFFFFFFFFFFFFF19
:1007F000FFFFFFFFFFFFFFFFFFFFFFFFFFFFFFFF09
:10080000FFFFFFFFFFFFFFFFFFFFFFFFFFFFFFFFF8
:10081000FFFFFFFFFFFFFFFFFFFFFFFFFFFFFFFFE8
:10082000FFFFFFFFFFFFFFFFFFFFFFFFFFFFFFFFD8
:10083000FFFFFFFFFFFFFFFFFFFFFFFFFFFFFFFFC8
:10084000FFFFFFFFFFFFFFFFFFFFFFFFFFFFFFFFB8
:10085000FFFFFFFFFFFFFFFFFFFFFFFFFFFFFFFFA8
:10086000FFFFFFFFFFFFFFFFFFFFFFFFFFFFFFFF98
:10087000FFFFFFFFFFFFFFFFFFFFFFFFFFFFFFFF88
:10088000FFFFFFFFFFFFFFFFFFFFFFFFFFFFFFFF78
:10089000FFFFFFFFFFFFFFFFFFFFFFFFFFFFFFFF68
:1008A000FFFFFFFFFFFFFFFFFFFFFFFFFFFFFFFF58
:1008B000FFFFFFFFFFFFFFFFFFFFFFFFFFFFFFFF48
:1008C000FFFFFFFFFFFFFFFFFFFFFFFFFFFFFFFF38
:1008D000FFFFFFFFFFFFFFFFFFFFFFFFFFFFFFFF28
:1008E000FFFFFFFFFFFFFFFFFFFFFFFFFFFFFFFF18
:1008F000FFFFFFFFFFFFFFFFFFFFFFFFFFFFFFFF08
:10090000FFFFFFFFFFFFFFFFFFFFFFFFFFFFFFFFF7
:10091000FFFFFFFFFFFFFFFFFFFFFFFFFFFFFFFFE7
:10092000FFFFFFFFFFFFFFFFFFFFFFFFFFFFFFFFD7
:10093000FFFFFFFFFFFFFFFFFFFFFFFFFFFFFFFFC7
:10094000FFFFFFFFFFFFFFFFFFFFFFFFFFFFFFFFB7
:10095000FFFFFFFFFFFFFFFFFFFFFFFFFFFFFFFFA7
:10096000FFFFFFFFFFFFFFFFFFFFFFFFFFFFFFFF97
:10097000FFFFFFFFFFFFFFFFFFFFFFFFFFFFFFFF87
:10098000FFFFFFFFFFFFFFFFFFFFFFFFFFFFFFFF77
:10099000FFFFFFFFFFFFFFFFFFFFFFFFFFFFFFFF67
:1009A000FFFFFFFFFFFFFFFFFFFFFFFFFFFFFFFF57
:1009B000FFFFFFFFFFFFFFFFFFFFFFFFFFFFFFFF47
:1009C000FFFFFFFFFFFFFFFFFFFFFFFFFFFFFFFF37
:1009D000FFFFFFFFFFFFFFFFFFFFFFFFFFFFFFFF27
:1009E000FFFFFFFFFFFFFFFFFFFFFFFFFFFFFFFF17
:1009F000FFFFFFFFFFFFFFFFFFFFFFFFFFFFFFFF07
:100A0000FFFFFFFFFFFFFFFFFFFFFFFFFFFFFFFFF6
:100A1000FFFFFFFFFFFFFFFFFFFFFFFFFFFFFFFFE6
:100A2000FFFFFFFFFFFFFFFFFFFFFFFFFFFFFFFFD6
:100A3000FFFFFFFFFFFFFFFFFFFFFFFFFFFFFFFFC6
:100A4000FFFFFFFFFFFFFFFFFFFFFFFFFFFFFFFFB6
:100A5000FFFFFFFFFFFFFFFFFFFFFFFFFFFFFFFFA6
:100A6000FFFFFFFFFFFFFFFFFFFFFFFFFFFFFFFF96
:100A7000FFFFFFFFFFFFFFFFFFFFFFFFFFFFFFFF86
:100A8000FFFFFFFFFFFFFFFFFFFFFFFFFFFFFFFF76
:100A9000FFFFFFFFFFFFFFFFFFFFFFFFFFFFFFFF66
:100AA000FFFFFFFFFFFFFFFFFFFFFFFFFFFFFFFF56
:100AB000FFFFFFFFFFFFFFFFFFFFFFFFFFFFFFFF46
:100AC000FFFFFFFFFFFFFFFFFFFFFFFFFFFFFFFF36
:100AD000FFFFFFFFFFFFFFFFFFFFFFFFFFFFFFFF26
:100AE000FFFFFFFFFFFFFFFFFFFFFFFFFFFFFFFF16
:100AF000FFFFFFFFFFFFFFFFFFFFFFFFFFFFFFFF06
:100B0000FFFFFFFFFFFFFFFFFFFFFFFFFFFFFFFFF5
:100B1000FFFFFFFFFFFFFFFFFFFFFFFFFFFFFFFFE5
:100B2000FFFFFFFFFFFFFFFFFFFFFFFFFFFFFFFFD5
:100B3000FFFFFFFFFFFFFFFFFFFFFFFFFFFFFFFFC5
:100B4000FFFFFFFFFFFFFFFFFFFFFFFFFFFFFFFFB5
:100B5000FFFFFFFFFFFFFFFFFFFFFFFFFFFFFFFFA5
:100B6000FFFFFFFFFFFFFFFFFFFFFFFFFFFFFFFF95
:100B7000FFFFFFFFFFFFFFFFFFFFFFFFFFFFFFFF85
:100B8000FFFFFFFFFFFFFFFFFFFFFFFFFFFFFFFF75
:100B9000FFFFFFFFFFFFFFFFFFFFFFFFFFFFFFFF65
:100BA000FFFFFFFFFFFFFFFFFFFFFFFFFFFFFFFF55
:100BB000FFFFFFFFFFFFFFFFFFFFFFFFFFFFFFFF45
:100BC000FFFFFFFFFFFFFFFFFFFFFFFFFFFFFFFF35
:100BD000FFFFFFFFFFFFFFFFFFFFFFFFFFFFFFFF25
:100BE000FFFFFFFFFFFFFFFFFFFFFFFFFFFFFFFF15
:100BF000FFFFFFFFFFFFFFFFFFFFFFFFFFFFFFFF05
:100C0000FFFFFFFFFFFFFFFFFFFFFFFFFFFFFFFFF4
:100C1000FFFFFFFFFFFFFFFFFFFFFFFFFFFFFFFFE4
:100C2000FFFFFFFFFFFFFFFFFFFFFFFFFFFFFFFFD4
:100C3000FFFFFFFFFFFFFFFFFFFFFFFFFFFFFFFFC4
:100C4000FFFFFFFFFFFFFFFFFFFFFFFFFFFFFFFFB4
:100C5000FFFFFFFFFFFFFFFFFFFFFFFFFFFFFFFFA4
:100C6000FFFFFFFFFFFFFFFFFFFFFFFFFFFFFFFF94
:100C7000FFFFFFFFFFFFFFFFFFFFFFFFFFFFFFFF84
:100C8000FFFFFFFFFFFFFFFFFFFFFFFFFFFFFFFF74
:100C9000FFFFFFFFFFFFFFFFFFFFFFFFFFFFFFFF64
:100CA000FFFFFFFFFFFFFFFFFFFFFFFFFFFFFFFF54
:100CB000FFFFFFFFFFFFFFFFFFFFFFFFFFFFFFFF44
:100CC000FFFFFFFFFFFFFFFFFFFFFFFFFFFFFFFF34
:100CD000FFFFFFFFFFFFFFFFFFFFFFFFFFFFFFFF24
:100CE000FFFFFFFFFFFFFFFFFFFFFFFFFFFFFFFF14
:100CF000FFFFFFFFFFFFFFFFFFFFFFFFFFFFFFFF04
:100D0000FFFFFFFFFFFFFFFFFFFFFFFFFFFFFFFFF3
:100D1000FFFFFFFFFFFFFFFFFFFFFFFFFFFFFFFFE3
:100D2000FFFFFFFFFFFFFFFFFFFFFFFFFFFFFFFFD3
:100D3000FFFFFFFFFFFFFFFFFFFFFFFFFFFFFFFFC3
:100D4000FFFFFFFFFFFFFFFFFFFFFFFFFFFFFFFFB3
:100D5000FFFFFFFFFFFFFFFFFFFFFFFFFFFFFFFFA3
:100D6000FFFFFFFFFFFFFFFFFFFFFFFFFFFFFFFF93
:100D7000FFFFFFFFFFFFFFFFFFFFFFFFFFFFFFFF83
:100D8000FFFFFFFFFFFFFFFFFFFFFFFFFFFFFFFF73
:100D9000FFFFFFFFFFFFFFFFFFFFFFFFFFFFFFFF63
:100DA000FFFFFFFFFFFFFFFFFFFFFFFFFFFFFFFF53
:100DB000FFFFFFFFFFFFFFFFFFFFFFFFFFFFFFFF43
:100DC000FFFFFFFFFFFFFFFFFFFFFFFFFFFFFFFF33
:100DD000FFFFFFFFFFFFFFFFFFFFFFFFFFFFFFFF23
:100DE000FFFFFFFFFFFFFFFFFFFFFFFFFFFFFFFF13
:100DF000FFFFFFFFFFFFFFFFFFFFFFFFFFFFFFFF03
:100E0000FFFFFFFFFFFFFFFFFFFFFFFFFFFFFFFFF2
:100E1000FFFFFFFFFFFFFFFFFFFFFFFFFFFFFFFFE2
:100E2000FFFFFFFFFFFFFFFFFFFFFFFFFFFFFFFFD2
:100E3000FFFFFFFFFFFFFFFFFFFFFFFFFFFFFFFFC2
:100E4000FFFFFFFFFFFFFFFFFFFFFFFFFFFFFFFFB2
:100E5000FFFFFFFFFFFFFFFFFFFFFFFFFFFFFFFFA2
:100E6000FFFFFFFFFFFFFFFFFFFFFFFFFFFFFFFF92
:100E7000FFFFFFFFFFFFFFFFFFFFFFFFFFFFFFFF82
:100E8000FFFFFFFFFFFFFFFFFFFFFFFFFFFFFFFF72
:100E9000FFFFFFFFFFFFFFFFFFFFFFFFFFFFFFFF62
:100EA000FFFFFFFFFFFFFFFFFFFFFFFFFFFFFFFF52
:100EB000FFFFFFFFFFFFFFFFFFFFFFFFFFFFFFFF42
:100EC000FFFFFFFFFFFFFFFFFFFFFFFFFFFFFFFF32
:100ED000FFFFFFFFFFFFFFFFFFFFFFFFFFFFFFFF22
:100EE000FFFFFFFFFFFFFFFFFFFFFFFFFFFFFFFF12
:100EF000FFFFFFFFFFFFFFFFFFFFFFFFFFFFFFFF02
:100F0000FFFFFFFFFFFFFFFFFFFFFFFFFFFFFFFFF1
:100F1000FFFFFFFFFFFFFFFFFFFFFFFFFFFFFFFFE1
:100F2000FFFFFFFFFFFFFFFFFFFFFFFFFFFFFFFFD1
:100F3000FFFFFFFFFFFFFFFFFFFFFFFFFFFFFFFFC1
:100F4000FFFFFFFFFFFFFFFFFFFFFFFFFFFFFFFFB1
:100F5000FFFFFFFFFFFFFFFFFFFFFFFFFFFFFFFFA1
:100F6000FFFFFFFFFFFFFFFFFFFFFFFFFFFFFFFF91
:100F7000FFFFFFFFFFFFFFFFFFFFFFFFFFFFFFFF81
:100F8000FFFFFFFFFFFFFFFFFFFFFFFFFFFFFFFF71
:100F9000FFFFFFFFFFFFFFFFFFFFFFFFFFFFFFFF61
:100FA000FFFFFFFFFFFFFFFFFFFFFFFFFFFFFFFF51
:100FB000FFFFFFFFFFFFFFFFFFFFFFFFFFFFFFFF41
:100FC000FFFFFFFFFFFFFFFFFFFFFFFFFFFFFFFF31
:100FD000FFFFFFFFFFFFFFFFFFFFFFFFFFFFFFFF21
:100FE000FFFFFFFFFFFFFFFFFFFFFFFFFFFFFFFF11
:100FF000FFFFFFFFFFFFFFFFFFFFFFFFFFFFFFFF01
:10100000D1002043ED15006000000000000000004A
:10101000201000600010006000D0006000000000A0
:101020000000006000DC000000000000FFFFFFFF88
:10103000FFFFFFFFFFFFFFFFFFFFFFFFFFFFFFFFC0
:10104000FFFFFFFFFFFFFFFFFFFFFFFFFFFFFFFFB0
:10105000FFFFFFFFFFFFFFFFFFFFFFFFFFFFFFFFA0
:10106000FFFFFFFFFFFFFFFFFFFFFFFFFFFFFFFF90
:10107000FFFFFFFFFFFFFFFFFFFFFFFFFFFFFFFF80
:10108000FFFFFFFFFFFFFFFFFFFFFFFFFFFFFFFF70
:10109000FFFFFFFFFFFFFFFFFFFFFFFFFFFFFFFF60
:1010A000FFFFFFFFFFFFFFFFFFFFFFFFFFFFFFFF50
:1010B000FFFFFFFFFFFFFFFFFFFFFFFFFFFFFFFF40
:1010C000FFFFFFFFFFFFFFFFFFFFFFFFFFFFFFFF30
:1010D000FFFFFFFFFFFFFFFFFFFFFFFFFFFFFFFF20
:1010E000FFFFFFFFFFFFFFFFFFFFFFFFFFFFFFFF10
:1010F000FFFFFFFFFFFFFFFFFFFFFFFFFFFFFFFF00
:10110000FFFFFFFFFFFFFFFFFFFFFFFFFFFFFFFFEF
:10111000FFFFFFFFFFFFFFFFFFFFFFFFFFFFFFFFDF
:10112000FFFFFFFFFFFFFFFFFFFFFFFFFFFFFFFFCF
:10113000FFFFFFFFFFFFFFFFFFFFFFFFFFFFFFFFBF
:10114000FFFFFFFFFFFFFFFFFFFFFFFFFFFFFFFFAF
:10115000FFFFFFFFFFFFFFFFFFFFFFFFFFFFFFFF9F
:10116000FFFFFFFFFFFFFFFFFFFFFFFFFFFFFFFF8F
:10117000FFFFFFFFFFFFFFFFFFFFFFFFFFFFFFFF7F
:10118000FFFFFFFFFFFFFFFFFFFFFFFFFFFFFFFF6F
:10119000FFFFFFFFFFFFFFFFFFFFFFFFFFFFFFFF5F
:1011A000FFFFFFFFFFFFFFFFFFFFFFFFFFFFFFFF4F
:1011B000FFFFFFFFFFFFFFFFFFFFFFFFFFFFFFFF3F
:1011C000FFFFFFFFFFFFFFFFFFFFFFFFFFFFFFFF2F
:1011D000FFFFFFFFFFFFFFFFFFFFFFFFFFFFFFFF1F
:1011E000FFFFFFFFFFFFFFFFFFFFFFFFFFFFFFFF0F
:1011F000FFFFFFFFFFFFFFFFFFFFFFFFFFFFFFFFFF
:10120000FFFFFFFFFFFFFFFFFFFFFFFFFFFFFFFFEE
:10121000FFFFFFFFFFFFFFFFFFFFFFFFFFFFFFFFDE
:10122000FFFFFFFFFFFFFFFFFFFFFFFFFFFFFFFFCE
:10123000FFFFFFFFFFFFFFFFFFFFFFFFFFFFFFFFBE
:10124000FFFFFFFFFFFFFFFFFFFFFFFFFFFFFFFFAE
:10125000FFFFFFFFFFFFFFFFFFFFFFFFFFFFFFFF9E
:10126000FFFFFFFFFFFFFFFFFFFFFFFFFFFFFFFF8E
:10127000FFFFFFFFFFFFFFFFFFFFFFFFFFFFFFFF7E
:10128000FFFFFFFFFFFFFFFFFFFFFFFFFFFFFFFF6E
:10129000FFFFFFFFFFFFFFFFFFFFFFFFFFFFFFFF5E
:1012A000FFFFFFFFFFFFFFFFFFFFFFFFFFFFFFFF4E
:1012B000FFFFFFFFFFFFFFFFFFFFFFFFFFFFFFFF3E
:1012C000FFFFFFFFFFFFFFFFFFFFFFFFFFFFFFFF2E
:1012D000FFFFFFFFFFFFFFFFFFFFFFFFFFFFFFFF1E
:1012E000FFFFFFFFFFFFFFFFFFFFFFFFFFFFFFFF0E
:1012F000FFFFFFFFFFFFFFFFFFFFFFFFFFFFFFFFFE
:10130000FFFFFFFFFFFFFFFFFFFFFFFFFFFFFFFFED
:10131000FFFFFFFFFFFFFFFFFFFFFFFFFFFFFFFFDD
:10132000FFFFFFFFFFFFFFFFFFFFFFFFFFFFFFFFCD
:10133000FFFFFFFFFFFFFFFFFFFFFFFFFFFFFFFFBD
:10134000FFFFFFFFFFFFFFFFFFFFFFFFFFFFFFFFAD
:10135000FFFFFFFFFFFFFFFFFFFFFFFFFFFFFFFF9D
:10136000FFFFFFFFFFFFFFFFFFFFFFFFFFFFFFFF8D
:10137000FFFFFFFFFFFFFFFFFFFFFFFFFFFFFFFF7D
:10138000FFFFFFFFFFFFFFFFFFFFFFFFFFFFFFFF6D
:10139000FFFFFFFFFFFFFFFFFFFFFFFFFFFFFFFF5D
:1013A000FFFFFFFFFFFFFFFFFFFFFFFFFFFFFFFF4D
:1013B000FFFFFFFFFFFFFFFFFFFFFFFFFFFFFFFF3D
:1013C000FFFFFFFFFFFFFFFFFFFFFFFFFFFFFFFF2D
:1013D000FFFFFFFFFFFFFFFFFFFFFFFFFFFFFFFF1D
:1013E000FFFFFFFFFFFFFFFFFFFFFFFFFFFFFFFF0D
:1013F000FFFFFFFFFFFFFFFFFFFFFFFFFFFFFFFFFD
:10140000824205D051F8043B40F8043B8242F9D8AF
:10141000704700BF044A05494FF0000342F8043BFF
:101420009142FBD8704700BFC01A0020402800201E
:1014300080B5BFF34F8F00F0BDF9534C534B0820DC
:101440005349C3F85401534AC3F800115248C3F832
:10145000F0405249FFF7D4FF514A52495248FFF732
:10146000CFFF524CFFF7D6FF4FF470004FF0E02152
:1014700000234F4AC1F8880D44F823200133B02BD4
:10148000FAD14C4B80214C4A03F8011B9342FBD10B
:101490004FF0E025494F4A4A4FF0FF31C5F8084D5B
:1014A0000026D5F8243D43F4E023C5F8243DFB692C
:1014B00023F07F0343F04003FB617B6A23F07F034B
:1014C00043F040037B629166D1661167516700F07B
:1014D00079F93C4B63223C49A3633C4BE363032310
:1014E0006A613B4AAE612B61C5F8202DD5F8FC2D11
:1014F000384B42F08072C5F8FC2D1A6842F00102A8
:101500001A605B680B6000F0E7F9334800F070FB8D
:10151000F96E324B324A41F44051F9661E60C3F80D
:101520000861C3F81861C3F82861C3F83861936B88
:10153000DB0708D442F615632A4951651365936B9E
:1015400043F001039363264A274C936843F0011349
:10155000936000F005F900F043FB00F0EBF900F0B8
:101560002BF92368132BFCD900F07CFA2368B3F520
:10157000967FFBD300F024F900F020F900F01CFB6B
:1015800000F022FB30BFFDE70C0D111300800D4071
:101590001B1018205897000000000000941D0060E8
:1015A000C01A0020F0B400600000002000180020E5
:1015B000A563000000E400E0A0E400E000C00F40EC
:1015C00000C00A40D97F0000E8250020DD7F000030
:1015D00000002020001000E00046C3230040084027
:1015E00000400D400000C056EC250020054B4FF494
:1015F0002A01054A05485A641864054A99639546C4
:10160000FFF716FF00C00A40AFAAAAAA07002000F1
:10161000000007201BB9124B1B6F9B041ED400F067
:101620003F000F4B22F0604221F0604140F48910EE
:101630001867C3F88010C3F890201A6F22F4805204
:101640001A671A6F002AFCDAD3F87011054A0A40AB
:10165000C3F870211A6F22F480321A67704700BFF6
:1016600000800D40FF7F7FFFB1F5607FF0B50E4633
:101670008DB028BF4FF460760F46054672B62E4BEC
:1016800000247022186021462C4B2D481C8000F04D
:101690009FFACFB121462A484FF0010C4A0901F0C8
:1016A0001F03013150F822400CFA03F38E4243EA43
:1016B000040340F82230F1D8284600234380013348
:1016C00000F582709E42F9D81E4C257815B162B69D
:1016D0000DB0F0BD082000F06BFA1B4B80220646CF
:1016E000009302A90693194B0271056008A80293A2
:1016F00000F082FA06A9164A304600F06DFA069B01
:1017000008A8DB689847009B02A8DB689847237805
:10171000002BDCD10F4B104AC3F858210F49D020C1
:101720004FF0E023402281F84600C3F8082101234E
:10173000237062B60DB0F0BD3C1E0020BC27002017
:10174000441E0020D2270020DC080020AD4F0000FE
:101750001B10010000180020B94F000000E400E059
:10176000104BA020104AD96E41F4403110B4D96614
:1017700040F23764D96E41F44071D9665464906484
:10178000936C1B06FCD4094A40F23761A0235164D4
:101790009364936C13F08003FBD1054A13705DF8DA
:1017A000044B704700C00F4000400C4000800C40CC
:1017B000D8270020704700BF704700BF704700BFA8
:1017C00000BF704710B44FF0E023002110243248CE
:1017D000C3F8941DC3F89C4D1124C3F8A00D2F48E5
:1017E000C3F89C4D1224C3F8A00D2D48C3F89C4D9E
:1017F0002C4AC3F8A00D2C4C42F015022B48C3F81C
:101800009C4DC3F8A00D2A4C2A48C3F89C4DC3F840
:10181000A00D294CC3F89C2D2848294AC3F8A04D97
:10182000C3F89C0DC3F8A02D02F5A022254C0C3264
:101830002548C3F89C4DC3F8A02D244AC3F89C0D3D
:10184000C3F8A02D02F14062214C02322148C3F8B6
:101850009C4DC3F8A02D0A32C3F89C0DC3F8A02DEF
:1018600000BF00BF00BF00BF00BF0122C3F8942D1E
:10187000BFF34F8FBFF36F8FC3F8501FBFF34F8F6E
:10188000BFF36F8FD3F8142D5DF8044B42F4403250
:10189000C3F8142D704700BF3F0000102500080753
:1018A000090010004028002013002000210002073A
:1018B0001400002025000813090000101600202045
:1018C00027000B1317000040180000602F000B07C3
:1018D000190000701A000080F0B4154A40274FF438
:1018E00080314FF480564FF400554FF4404443F29A
:1018F0004200136913F0020F0ED113F4005F0FD0F2
:1019000013F4805F0ED0002BF3DA13F4803F0BD179
:101910005B060BD5F0BC7047946151619061E8E7BC
:101920005561E6E75661E4E79161E2E75761E0E778
:1019300000800D403F4A03203F49F3EE095AD2F898
:1019400080304FF0000C9FED3D6A23F001039FEDC6
:101950003C5A30B4C2F88030C2F89000D1F8E010A0
:10196000384DCBB2384C39482B6007EE903A0B0D0E
:10197000C1F30B21F8EEE77A06EE903A07EE101A63
:10198000334BB8EEC77A2160F8EEE66A314937EE9C
:10199000C66A37EEC55A76EEC76A77EEE57A26EE66
:1019A000266AC3ED006A25EE265AD2F8803067EE2B
:1019B000A64AC0ED007AC6EE275A274885EE276A68
:1019C000C4EEA76A75EE875AFCEEE55A36EE076A52
:1019D00015EE904ABCEEC66A43EA045376EE877A67
:1019E000C2F8803016EE103AD2F89041FCEEE77A59
:1019F00001EA0341214317EE903AC2F89011C3F374
:101A00000B03D2F890110B431449C2F89031D2F86D
:101A1000803043F00203C2F88030114B80F840C0A0
:101A2000C1F840314FF0E023012230BCC3F8082157
:101A3000704700BF00810D4000441F400000AA42D3
:101A40000000B442D4250020D0250020D825002055
:101A5000DC2500200000FF0F00E400E0001800205B
:101A600069650000314B40F6617210B5C3F8202162
:101A700040F2044400F0B8F82D4A2E49D2F88030E4
:101A80002D4843F00303C2F880302C4BC1F860416D
:101A900002681A4203D1D1F8A8319A071BD0254A0F
:101AA0004FF00041244B5963D2F8403143F0020318
:101AB000C2F84031D2F840319B07FBD44FF40030DC
:101AC0004FF0E0211C4B4FF00042C1F88C0219206E
:101AD0009A6300F075F8184A4FF08040154C0021C9
:101AE00090630A20164B11604FF42072C4F8A801CD
:101AF000184600F06DF84FF4800203464FF4810061
:101B000040F243111860C4F858311A640D4B0E4A64
:101B1000C4F84811C3F804224FF0E0224FF400311A
:101B20000123C2F80C11C4F8403110BD00800D40F3
:101B300000C00F4000002E4000900D40001C1E0011
:101B400000000020001800208967000008B50E4B37
:101B50001B6E9B0700D4FBBE72B60C4B00200C4AD8
:101B6000C3F8400103F160430A49A3F55F23116400
:101B70009D46BFF34F8F4FF400130748074ADB69B8
:101B800002609B68984700BF00441F4000002E4041
:101B900000C00A400300200000802020000012EB5B
:101BA000F8B500BFF8BC08BC9E46704700000000B6
:101BB0005FF800F0316000005FF800F0AD930000C6
:101BC0005FF800F0015C00005FF800F0ED5E0000DF
:101BD0005FF800F0CD9200005FF800F03D55000086
:101BE0005FF800F0956200005FF800F0C56E00003D
:101BF0005FF800F0115900005FF800F02D010000BF
:101C000005010000C5420000954F0000B1560000DC
:101C100020036400690063006500460072006900EB
:101C200065006E006400200076002E003000310058
:101C3000220353006900670069006C0049006E00D0
:101C400073007400720075006D0065006E00740012
:101C5000730000000403090409029500030100C099
:101C600032080B0002020201000904000001020216
:101C700001000524001001052401010104240206CD
:101C80000524060001070582031000100904010065
:101C9000020A000000070503024000000705830256
:101CA00040000009040200020103000007240100B3
:101CB0000125000624020101000624020202000997
:101CC00024030103010201000924030204010101AC
:101CD000000905040240000000000525010101097A
:101CE00005840240000000000525010103000000FA
:101CF00009029500030100C032080B000202020134
:101D00000009040000010202010005240010010581
:101D100024010101042402060524060001070582AE
:101D20000310000509040100020A00000007050372
:101D300002000200070583020002000904020002FB
:101D4000010300020724010001250006240201010D
:101D50000206240202020209240301030102010215
:101D60000924030204010101020905040200020022
:101D700000000525010101090584020002000000A0
:101D800005250101030000000A060002EF020140E0
:041D9000010000004E
:101D9400000000000000000000000000000000003F
:101DA400000000000000000000000000000000002F
:101DB400F8B54FF084439D695A6915400DD0254FFD
:101DC40001269D6195FAA5F4B4FA84F457F82430F9
:101DD40006FA04F49847A543F4D11F4B9D695A6948
:101DE40015400DD01D4F01269D6195FAA5F4B4FA56
:101DF40084F457F8243006FA04F49847A543F4D140
:101E0400174B9D695A6915400DD0164F01269D61E7
:101E140095FAA5F4B4FA84F457F8243006FA04F4D5
:101E24009847A543F4D1104B9D695A6915400DD0CC
:101E34000E4F01269D6195FAA5F4B4FA84F457F87F
:101E4400243006FA04F49847A543F4D1BFF34F8F26
:101E5400F8BD00BF8412002000400042041300209B
:101E6400008000428413002000C0004204140020BB
:101E74000548064B1B1AD90F01EBA301491002D0E8
:101E8400034B03B118477047C01A0020C01A002042
:101E94000000000008B5054B1BB105490548AFF328
:101EA4000080BDE80840FFF7E3BF00BF000000006A
:101EB4001425002000DC0060036818470B680360E9
:101EC400704700BF0B680360704700BF704700BFD6
:101ED40010B505F0B1FD1A490B68C31AB3F5FA7FC2
:101EE4002DD9184C184A2360A2FB03C2174C086072
:101EF400012117489209217016490468A2F10B00C8
:101F04000C6042F20471884212D807EE902A9FEDC9
:101F1400126AF7EE006A114AF8EEE77A86EE277A3B
:101F2400B4EE667AF1EE10FA36FE877A82ED007A24
:101F34000B4A0C491A448A4201D80B4A136010BD5B
:101F4400E4240020E8240020D34D6210D927002087
:101F5400EC25002010230020000048431423002017
:101F6400BFF2FCFF7EB92A000825002010B5044604
:101F740005F02EFA204610BD10B5064C237803B99F
:101F840010BD4FF60F0007F023F82378013BDBB2B6
:101F9400237010BDE5270020B0EE007AF2EE0C6A43
:101FA40038B54E4CF0EE477A94ED036AE6EE267AA5
:101FB4002DED028BF4EEC77AF1EE10FA5EDBB3EE90
:101FC400007AF4EEC77AF1EE10FA55DCFDEEE77A0A
:101FD40017EE902A424D4FF47A70D4ED028A2B68A2
:101FE4009FED408A013393FBF2F102FB11332B6026
:101FF40005F054FA07EE900AF8EE677A87EE887ACD
:10200400F4EEC78AF1EE10FA3DDC374B2A6803EB95
:102014008203D3ED007ADFED356AD4ED045AB0EED5
:10202400667A9FED336A3348334CA5EE867A01888D
:10203400C4ED007A0B094A0883EA1123B4EEE67A68
:1020440003F0010342EA0323F1EE10FA038017DBE5
:10205400DFED2A6AB4EE667AF1EE10FA36FE877A7C
:10206400274BD3ED006A77EEE67ABDEC028BE7EE00
:10207400876AC3ED006A38BD1022ABE70222A9E7E4
:10208400B0EE667AECE74FF47A7005F007FA07EEE3
:10209400900AF6EE006A2A68F8EE677A124B91000D
:1020A40003EB820287EE887AD2ED007A37EE667A05
:1020B400E7EE267AF5EEC07AF1EE10FA0BDBB7EE16
:1020C400007AF4EE477AF1EE10FA77FE277A0B44A1
:1020D400C3ED007A9FE7DFED0B7AF8E7EC140020FC
:1020E4009023002000007A44502300200AD7233C88
:1020F4009A99993E42150020801200203333B33E52
:102104007C120020000000002DE9F043D74CD84B8E
:1021140022682DED028B1A6083B0002800F08781BD
:10212400FF21032005F0DAFE0021022005F0D6FE8F
:10213400D04B1A7832B1D04922680968521A812AE0
:1021440040F27B81CD4A002112781970DAB1CC4A71
:10215400236812689B1AB3F5966FC0F02A82C94DA2
:102164002B7A002B00F0B5810120C74B2168187031
:102174002268C648521A016040F6B8318A4240F2D9
:102184004E8200221A70C24BB2EE0E7AD3ED057A5B
:1021940067EE877AF5EEC07AF1EE10FAC0F242816A
:1021A400F4EEC77AF1EE10FA00F33482FCEEE77A2B
:1021B40017EE904A04F00102C4F34008C4F3800906
:1021C400C4F3C004B34B93ED008AB5EEC08AF1EEBC
:1021D40010FAC0F24281F7EE007ADFEDAF5AB4EEA6
:1021E400E78AF1EE10FA01DC68EE255AAB4BD3ED29
:1021F400007AF5EEC07AF1EE10FAC0F23481B7EE4F
:10220400007AF4EEC77AF1EE10FA00F300829FED43
:10221400A27A27EE876AA24BB1EE007AD3ED2D7A2B
:1022240067EE877AF5EEC07AF1EE10FAC0F2188103
:10223400B7EE007AF4EEC77A9FED977AF1EE10FAD2
:1022440001DC27EE877AF1EE006AD3ED2E7A67EE91
:10225400A67AF5EEC07AF1EE10FAC0F23781F7EE05
:10226400006AF4EEE67AF1EE10FA00F3CD81DFEDC8
:102274008A6A67EEA67A8B4B8B4FD3ED006A8B4E3E
:10228400F4EEE56A8A4D75EEE65AF1EE10FA4CBFAB
:10229400B6EE005A9FED875A65EE855A76EEA56A2A
:1022A400D7ED005AF4EEC65A36EE656AC3ED006AFD
:1022B400F1EE10FA4CBFB6EE005A9FED7E5A26EEB0
:1022C400056A9FED7D5A28EE058A75EE865A96EDCD
:1022D400006AB4EEC76AC7ED005A37EE467AF1EEEB
:1022E40010FA4CBFF6EE005ADFED725A27EE257A4B
:1022F400DFED695A36EE076A95ED007AB4EEE77AB7
:1023040086ED006A77EEC77AF1EE10FA4CBFB6EEAE
:10231400006A9FED686A002A67EE867A9FED676A15
:1023240037EE277A46FE257AE8EE276A85ED007AAD
:10233400F4EEC66AF1EE10FAC0F2C680F4EEE56A75
:10234400F1EE10FA00F35E81FCEEE67ACDED017A4F
:102354009DF80410042005F0C1FDB8F1000FDFED75
:102364004E6A9FED567AD7ED007A07FE267AE8EE9C
:10237400077AF5EEC07AF1EE10FAC0F2A380F4EE1B
:10238400E67AF1EE10FA00F33B81FCEEE77ACDED4C
:10239400017A9DF80410052005F0A0FDB9F1000FA5
:1023A400DFED3D6A9FED457AD6ED007A07FE267A89
:1023B400E8EE077AF5EEC07AF1EE10FAC0F280800A
:1023C400F4EEE67AF1EE10FA00F31881FCEEE77A07
:1023D400CDED017A9DF80410062005F07FFD002C58
:1023E400DFED2D6A9FED357AD5ED007A07FE267A6A
:1023F400E8EE077AF5EEC07AF1EE10FA2BDBF4EE94
:10240400E67AF1EE10FA24DCFCEEE77ACDED017AFF
:102414009DF80410092003B0BDEC028BBDE8F04325
:1024240005F05CBD0024A146A0462246CAE601464A
:10243400032005F053FDFF2177E6FF21042005F07A
:102444004DFD0021052005F049FD0021062005F081
:1024540045FDFF21DEE70021DCE7DFED185AC5E684
:102464009FED167AEFE69FED156AD4E6EC25002081
:10247400FC240020DD27002044230020F527002031
:10248400FC25002004150020F4270020002600204D
:102494009C1400201423002000007F431C230020F0
:1024A400A8230020F0240020F8240020EC2400209D
:1024B400F4240020CDCC4C3D3333B33E0000000067
:1024C400002189E7002166E7002143E75FED057AF3
:1024D400D1E62B7D1BB995F8201000295BD0012093
:1024E400534B2168187022685248521A016040F612
:1024F400B8318A423FF645AE0021042005F0EEFCD7
:102504002B7D0520002B14BFFF21002105F0E6FCE4
:1025140095F820300620002B14BFFF21002105F080
:10252400DDFC454BB1EE007AD3ED2E7A67EE877A67
:10253400F5EEC07AF1EE10FA76DBB7EE007AF4EE3F
:10254400C77AF1EE10FA6CDC9FED3C7A67EE877A7D
:102554003B4D95ED007AB4EEE77A77EEC77AF1EE6B
:1025640010FA4CBFF6EE006ADFED366A67EEA67A23
:1025740077EE277AF5EEC07AC5ED007AF1EE10FA1F
:10258400FFF669AF9FED2D7AF4EEC77AF1EE10FAFB
:102594007FF73AAF5DE7264B1A78002A3FF4F3AD94
:1025A400244822680068121A40F6B8308242A4D93E
:1025B400E7E5254C042023788B4208BFFF2105F072
:1025C4008DFC23780520012B0CBFFF21002105F091
:1025D40085FC23780620022B0CBFFF21002105F087
:1025E4007DFC23780920032B0CBFFF21002103B0BD
:1025F400BDEC028BBDE8F04305F070BCFF21EBE6B7
:10260400FF21C8E6FF21A5E6DFED0C7A33E69FED56
:102614000B6A00E60124A146A0462246D2E5FF212A
:102624006BE7DFED067A93E7DFED087A90E700BF0A
:10263400F427002000260020A823002000007F4368
:10264400F4240020CDCC4C3DF227002000000000F3
:10265400F0B5254D8DB0254C2B780BB923784BB1B3
:1026640023782BB1224B1B7803F0FF06002B32D0CA
:102674000DB0F0BD1F4B1A68002AF1D01E6842F657
:10268400F7639E42ECD94FF60F00012706F0A0FC39
:102694001722174B02A908A81A70174B2F70009322
:1026A4000693164B0293FFF709FC154B06A9154830
:1026B400A3FB0636360906EB4606F200013A04F09F
:1026C40005FE069B08A8DB689847009B02A8DB6808
:1026D40098472770C4E70B4804F07AFE1823267045
:1026E4002B700DB0F0BD00BFE4270020E6270020CA
:1026F400E527002008250020DC080020E90100006F
:10270400ABAAAAAA941400202DE9F04F2DED108B4A
:10271400B7B0054604F04AFB0446149004F046FBA7
:102724001590002C00F04A84002800F042847C229A
:1027340005F1C00117A805F0A9FAB1EE0C7AD5EDA0
:10274400337AD5ED355A67EE877AD5ED483ACDED33
:10275400045AD5ED365AF5EEC07AD5F83431CDEDBC
:10276400015AD5ED385AF1EE10FAD5ED306ACDEDB7
:10277400125AD5ED465A95ED314ACDED035A95EDF1
:10278400325A95ED346AD5ED394A95ED3A9A95F871
:10279400F82095F8FD60D5ED475A95F82481D5F8D1
:1027A4003811CDED023A1393C0F29080F4EEC77A5B
:1027B400F1EE10FA01F33181BDEEE77A394817EEF4
:1027C400104A062CA8BF0624631C04EB840707EEFA
:1027D400104A03EB8303B8EEC77A00EB830300EBE4
:1027E4008700D3ED003A37EEC77A90ED00DA93ED27
:1027F400013A73EECD7AD0ED012AD3ED023AD0ED51
:1028040003CAA7EE27DA73EE627A93ED033A33EE46
:102814006C3AE7EE272AD0ED027A73EEE73AE7EE58
:1028240003CAE7EE237AD3ED043ACDED002AD0EDC6
:10283400042A73EEE23AE7EE232ACDED082A9FED4F
:102844001C7AB4EEC76AF1EE10FA50DBB7EE007AE8
:10285400B4EEC76AF1EE10FA09DC9DED007A2DEEB4
:1028640006DA67EE867A27EE067A8DED007A95F819
:102874004430002E49D0002B00F050870133DBB2E6
:10288400122B28BF00239DED006A9FED077A85F87F
:10289400443036EE077A8DED007A9FED047A3DEEF2
:1028A40007DA34E0980700203333B33E295C0F3D48
:1028B400000000009A99193ECDCC0C3F00442C47EF
:1028C400EC51383E9A99593F0AD7A33C1FED087A38
:1028D4001FED09DAB4EEC76AF0EE4DCA8DED08DAE1
:1028E400F0EE4D7A8DED00DAF1EE10FAAEDA9DEDF0
:1028F400006A2DEE07DA67EE877A95F8443026EE03
:10290400076A8DED006A002EB5D1002BB6D11FEDFC
:10291400177AE4EE877A9DED007AB5EEC07AF1EE8F
:1029240010FACDED077AC0F2F386F0EE047AB4EE35
:10293400677AF1EE10FA77FE877ACDED007AB5EE7C
:10294400C0DAF1EE10FAC0F2DF86F6EE087AB4EEE1
:1029540067DAF1EE10FA37FE8DDA9DED077AB5EEFF
:10296400C07AF1EE10FAC0F2C9865FED2D7AB4EEAA
:10297400677AF1EE10FA77FE877ACDED077A5FED8C
:10298400317A95F8BC30C5EE277ACDED0F7A002B5D
:1029940000F0A28695ED087AD5ED097A76EEC76A3D
:1029A4001FED396A34EE675AA6EE867AE5EE067AAA
:1029B40085ED087AC5ED097A002A00F0148305F143
:1029C400480305F15406AC461FED427A0D461FED4F
:1029D400426A30AC002713991093986C54F8042F72
:1029E400824200F0F782D3ED0C7A9A64F4EEC77A4F
:1029F40059651D66F1EE10FAF4EEC67A67FE876A31
:102A0400C3ED0C6AF1EE10FA01D51F60DF609F611F
:102A140004339E42E1D108F00308EC4B9DED047AA7
:102A2400F5EEC05A03EB88036546D3ED007AF1EE68
:102A340010FAE74B67EE27AA03EB8803D3ED007A7D
:102A4400E44BCDED047A03EB8803D3ED007AE24B3B
:102A5400CDED0E7A03EB8803D3ED006AC0F2ED8767
:102A6400B7EE007AF4EEC75AF1EE10FA00F39B8643
:102A74009FEDED6ADFEDD97AA5EE867A65EEA77A49
:102A84008DED0C7A9DED026AB5EEC06AF1EE10FA96
:102A9400C0F2E187B7EE007AB4EE476AF1EE10FABD
:102AA40037FE067A8DED027A36EEA77AB5EEC07A55
:102AB400F1EE10FAC0F2DB87DFEDC97AB4EE677A83
:102AC400F1EE10FA77FE877ACDED0D7A159B149A04
:102AD40003F1020903F581730232DFEDCF9A9FED12
:102AE400CCBA9FEDD0CA099211938DED05DACDEDE4
:102AF4000ACAB8F1000F40F05982DDED0A7A9FED61
:102B0400B97AF4EEC77AF1EE10FA40F34F82D5EDBC
:102B14000C7AB7EE007ADDED0F6A76EEA77AF4EE62
:102B2400C77AF1EE10FAA8BF77EEC77AB6EE007A4C
:102B3400C5ED0C7AF4EEC77AB1EE007AF1EE10FA34
:102B440040F16587BFEE008AA7EE878ADFEDA67A9B
:102B5400B6EE000A68EE277A27EE800A07F098FBA3
:102B640030EE480ADDED127AA0EE278A8DED0B8A4D
:102B7400DFEDA98A0DF19C0A0DF19506DFED9BDAD4
:102B8400B0EE689A9FEDA3AA9FED99EA4FF0000B6F
:102B94009FED98FADFED98EA109C94ED0C8A377853
:102BA400B4EEED8AF1EE10FA06D52FB9DAF8282042
:102BB400A36C9A4200F0FE86D4ED0F7A9AED007A67
:102BC400DFED8E6A37EE677AE7EE267A9DED037ABB
:102BD40027EE877AC4ED0F7AC7EE8BBADDED047A5F
:102BE40027EE277AC7EE0B7AB8F1000F40F0E385A1
:102BF4009DED057A94ED090A27EE000A9FED8A7A85
:102C040020EE070A94ED037A77EE877AB0EEC07A65
:102C1400C4ED037AB4EECA7AB7EE007AF1EE10FA94
:102C2400F4EEC77A88BFB0EE690AF1EE10FAC0F28A
:102C34003E8677EEC77A30EE270AC4ED037AFBFEB0
:102C4400407A30EE670A20EE0C0A07F021FBB0EE62
:102C540040DAB5EEC0DADDED007A67EE8D5AF1EEBA
:102C640010FA40F33286F7EE007A9DED087A77EE9B
:102C7400277A65EEA75A9DED057AD4ED067AD4ED50
:102C840000CA67EE277A9DED077A27EE0D5AB0EE5B
:102C9400E77AB4EECA7AF1EE10FA88BFF0EE697AF8
:102CA40037EEAC7AF0EEC57A37EE257AF4EECA7ACE
:102CB400F1EE10FA88BFB0EE695A37EE057AFBFEE2
:102CC400477A37EE677A27EE0C7AB0EE470A8DED35
:102CD400067A07F0DDFA9DED067AF0EE40FAB0EEE2
:102CE400470A07F0D9FBDDED0A7ADFED3E6AB0EE64
:102CF400407AF4EEE67AF1EE10FA11DDF6EE005ABF
:102D0400DDED0B6AE6EEA55AB0EE655AF7EE005A11
:102D140075EEE75AE5EE275A6FEEA5FA20EE257A0E
:102D240068EE2FFA28EE077A3BEEAC6AC4ED06FA99
:102D3400F7EE005A84ED09DAB4EEE56AF1EE10FA22
:102D4400F4EECEAAA8BF36EE656AF1EE10FA84ED71
:102D5400006A00F3EB848FB9B5EEC08AF1EE10FA85
:102D64000CDDDAED036A68EE266AF4EEED6AF1EE44
:102D740010FA48BFF0EE696AC4ED0C6A5FFA8BF38F
:102D8400BBF1000F00F08D85012B03D06FEE8FFA9D
:102D940027EE2E7A39EE2F9A78EE878A0BF1010B03
:102DA40004340AF1040A0136BBF1030F7FF4F5AED3
:102DB400DFED137AB9EE007ADDED014A29EE279AA8
:102DC40029EE249AB4EEC79A34E000BFBC08002070
:102DD400CC080020AC0800209C0800205C8FC23E78
:102DE40085EB513F0AD7A33BDB0F4940ACC52737DE
:102DF400AE47813FAE47413F295C9F3FAE47613EAE
:102E0400CDCC0C3FCDCCCC3E000000C700FEFF462D
:102E140000442C47FFFF7F7F000000000AD7233CBB
:102E2400EE7C7F3FDB0FC9406666263FCDCCCC3DB0
:102E3400295C8F3EF1EE10FAC0F28C85F1EE006A47
:102E4400B4EEE69AF1EE10FA00F3C38569EE095A7E
:102E5400F3EE0B6AB2EE025A68EEA77A35EEA66A72
:102E6400E5EE856A67EEA48A26EE096AF4EEC78A5F
:102E7400C6EE267AF1EE10FAB0EEE76AC0F2C48527
:102E8400B1EE007AF4EEC78AF1EE10FA00F37D8514
:102E940028EEA85A5FED214AB3EE0B7AB2EE024A4D
:102EA400B4EE646A75EE075AA5EE047AF1EE10FAF0
:102EB40065EEA85AF0EE476A85EEA67A00F29C8584
:102EC4005FED2E6AF0EEC75A67EEA67A5FED2F6AC1
:102ED400F4EE665AF1EE10FA40F28885F0EE695A83
:102EE400B0EE697AD5ED2D6AF4EEC66AD5ED2D6A99
:102EF400F1EE10FA40F1208576EE666A1FED3F5A36
:102F040066EE856A95ED2D6A76EE266AC5ED2D6A24
:102F1400D5ED2E6AF4EEE56AD5ED2E6AF1EE10FADF
:102F240040F1028575EEE66A1FED4A6A66EE866A2E
:102F34005FED4B5A95ED2E6AF4EEE57A76EE266A4D
:102F4400F1EE10FAC5ED2E6AC0F201855FED516A0B
:102F5400F4EEE67AF1EE10FA00F33785FDEEE77A47
:102F640017EE903A1BB25FED587A099AB4EEE77AFD
:102F740022F8023F0992F1EE10FAC0F2E5845FED07
:102F84005D7AB4EEE77AF1EE10FA00F31A85BDEE3D
:102F9400C77A17EE103A1BB229F8023F119B4B4532
:102FA40000F00083B8F1000F3FF4A7ADCDED0B9A0C
:102FB400DEE5149B13B1184603F04EFF159B002B5E
:102FC40000F0AF83184637B0BDEC108BBDE8F04F6E
:102FD40003F042BF586D88427FF405AD186EA842D5
:102FE4007FF401AD14E55FED766AFFEE00AAD5ED3E
:102FF40007DAC7EEA67A95ED10FAD5ED0EFAD5EDFF
:103004000CEA159B149A87EE267A9C1C961C03F5F1
:1030140081775FED808A1FED80CA5FED7EBA1FED78
:1030240081BA1FED81AACDED067AF0EE6D7AF0EE4D
:103034004FDAB0EE6EFAF0EE6FEAF0EE67FA8DED6D
:10304400057AEAE1B0EE6A8AAFEE278A95ED0B0ABB
:103054001FED8B7A2DEE000ADDED067A7FEEA7FADE
:1030640020EE070AF7EE007AB0EEC07AB4EEE87A02
:10307400F1EE10FAF4EEE7FA88BFB0EE4C0AF1EE86
:1030840010FAA8BF7FEEE7FA30EE2F0AC5ED07FA73
:10309400FBFE407A30EE670A20EE2B0A07F0F8F8C0
:1030A400B5EEC00AF0EE409AF1EE10FA40F3D38187
:1030B400F7EE007A9DED007ADDED086A27EE007ADE
:1030C40076EEA77A27EE277ADDED077A95ED0A3AB0
:1030D40067EEA93A95ED064A63EE0D7AF0EEE32A1F
:1030E400B0EEE72AB4EEE82AF1EE10FAF4EEE82A9C
:1030F40088BFF0EE4C7AF1EE10FAB4EECB9A74EE8F
:10310400277A88BFF0EE4C3AF1EE10FA77EE877A20
:1031140077EEA37A0DDDB0EEE97A5FEDBC2A5FEDC0
:10312400BC3A23EE223A27EE297AA7EE233AE3EEBD
:10313400097ABBFE677A77EEC77A8DED034A67EEAC
:10314400AB7AB0EE670ACDED027A07F0A1F8DDEDB7
:10315400027AB0EE40EAB0EE670A07F09DF9DDEDC1
:10316400057A9DED034AF7EE003AB0EE407A34EE6C
:10317400274AB4EEE34AF1EE10FAA8BF34EE634AEC
:1031840085ED064A95ED0D4A85ED0DEA3EEE444A7D
:10319400AEEE8A4AB4EEEA4AF0EE44EAF1EE10FAF0
:1031A400C0F29B81F7EE003AB4EEE34AF1EE10FA76
:1031B40073FE843A95ED0F4AC5ED0A3A39EEC44AD6
:1031C400C5ED0F9AADEE8A4AB4EEEA4AF0EE44DA5F
:1031D400F1EE10FAC0F27E81B7EE004AF4EEC4DAE2
:1031E400F1EE10FA34FE2D4ADFEDD83A85ED0B4AA4
:1031F400F4EEE3CAF1EE10FA23DD9FEDD50AF6EE04
:10320400003A8DED037A28EE000ACDED023A20EE65
:10321400230A07F03DF830EE480ADDED127AB7EEE6
:10322400004ADDED023AA7EE808A9DED037A34EE82
:103234006C4AE8EE233AA3EEAC4A2EEE04EA27EEFB
:10324400047A9FEDC44ADDED047AF4EEC47AF1EE1B
:1032540010FA00F3BE81B4EECB9AF1EE10FA19DD48
:10326400B7EE004A9FEDBC3ADFEDBC3A29EE033AD3
:1032740039EEC45A69EE233AA3EE054AB0EE4E3A4B
:10328400B0EE475A97EE443A9EEE045AA3EE83EA10
:10329400A3EE857ADDED016AB9EE005A6EEE267A68
:1032A400F4EEC57AF1EE10FAC0F21F81B1EE003AE5
:1032B400F4EEC37AF1EE10FA00F3C68167EEA72AA2
:1032C400B3EE0B4AB2EE022A27EE267A72EE843A65
:1032D400A2EE824AB4EEC57A63EEA73AF1EE10FA92
:1032E400C3EE847AB0EEE74AC0F2CA81B4EEC37A80
:1032F400F1EE10FA00F3DD8127EE073AB3EE0B5A34
:10330400F2EE022AB4EE684A73EE053AA3EE225AAC
:10331400F1EE10FA63EE873A83EE857AF0EEC73A5F
:1033240000F2A880F4EE683AF1EE10FA40F2CD8192
:10333400F4EEEAEA9FED8A7A85ED0BCA67EE877AA6
:1033440085ED0FCAF1EE10FA80F2A880FFEE00EAD4
:10335400DFED84DAF0EE4C3AB0EE4C7A95ED2D5A6E
:10336400DFED816AB4EEC45A95ED2D5A34EE455A18
:1033740095ED2D4AF1EE10FA4CBF9FED7C3A9FED8E
:10338400733A25EE035A34EE054A85ED2D4A95ED40
:103394002E5AB4EEE35A95ED2E5A33EEC55AD5EDB6
:1033A4002E3AF1EE10FAF4EEE67A4CBF9FED6F3A46
:1033B4009FED663AF1EE10FA25EE035A33EE855A84
:1033C40085ED2E5AC0F28F80DFED653AF4EEE37A94
:1033D400F1EE10FA00F33B81FDEEE77A17EE903A36
:1033E4001AB2DFED617A26F8022FB4EEE77AF1EE35
:1033F40010FAC0F2C380DFED5A7AB4EEE77AF1EE48
:1034040010FA00F32781BDEEC77A17EE103A1BB20B
:1034140024F8023FA74200F0B780DDED0F7A3FEEBB
:1034240027FAF7EE007AB4EEE7FAF1EE10FAA8BF45
:103434003FEE67FAF6EE007A85ED0CFAB4EEE7FAA1
:10344400F1EE007AF1EE10FA3FF5FCADB0EE088A29
:10345400AFEE678AFAE5B6EE004ADDED086AF7EEEC
:10346400007A9DED007A27EE007AE6EEC47A27EE24
:10347400277A29E6F4EE683A85ED0ACA85ED0DCA85
:10348400F1EE10FA40F20A81B0EE4C4ADFED35EA73
:10349400F0EE4C7A85ED0BCA85ED0FCAB7EE006AE3
:1034A400F4EEC6EAF1EE10FA00F30681DFED2DDA50
:1034B400B0EE6D7AF0EE6D3AF4EEEADAF1EE10FA6F
:1034C4000EDBB7EE005AF4EE45DAF1EE10FA75FEB3
:1034D4002DDA43E7BFEE004A86E6FFEE003A69E6DE
:1034E400FFEE00DA3AE7224A7BE7DFED227ADDEDF0
:1034F400016AB9EE005A27EE267AB4EEC57AF1EEE7
:1035040010FAC0F2AA80B1EE005A9FED1B4AB4EE45
:10351400C57AF1EE10FA7FF7EFAEB0EE447A9FED84
:10352400105ADFED153A67EE857A27EE057AF4EE48
:10353400EAEAF1EE10FAC0F2A080B7EE005AF4EE17
:1035440045EAF1EE10FA75FE2EEAB5E70AD7A33B79
:10355400DB0F4940AE47813FCDCC0C3F3333B33E04
:1035640000FEFF4600000000000000C7CDCCCC3EAA
:103574000080FFFFA0BF80BFA0BF803FE14B24F8C5
:10358400023FA7427FF449AF149985ED2D4AC5ED5A
:103594000EEAC5ED10DA85ED2E5AA1F80221159A2E
:1035A400A2F80231149E28460022314603F07CFC26
:1035B400159C01222846214603F076FC304603F090
:1035C4004BFC204637B0BDEC108BBDE8F04F03F048
:1035D40043BC2EEE27EA0823B7EE004AB8EE003AC1
:1035E400F0EE003A03E0013B33EECEEA0DD0B4EE48
:1035F400C4EAF1EE10FAF6DCB4EEEAEAF1EE10FAFF
:1036040003D5013B33EE4EEAF1D1DDED047AB7EE9A
:10361400004AB8EE003A082327EE277AF0EE003A83
:1036240004E033EEC77A013B3FF415AEB4EEC47A3E
:10363400F1EE10FAF5DCB4EEEA7AF1EE10FA7FF569
:103644000AAE33EE477AEEE7DFEDAF7A4FE747F69F
:10365400FF72C6E647F6FF73DAE6F4EEEAEA9FED98
:10366400AB5ADFEDA93A67EE857A9FEDA97AF1EEC0
:1036740010FAB0EE634ABFF660AFFFEE00EA1BE754
:103684009FEDA47AB4EE684AF1EE10FA7FF647AFE4
:10369400DFED9D3A85ED0ACA85ED0DCA9FED9B5A73
:1036A400B0EE4C4AF0EE4C7ADFED9BEA27EE057A59
:1036B40002E79FED957AE5E7F0EE4C3ADFED96DA16
:1036C400B0EE4C7AF0EE46EA48E69FED905A67EE8B
:1036D400857A27EE057A2AE7279BF0EE447AB0EE46
:1036E400667AC5F88430289BC5F88830299BC5F8CC
:1036F4008C30012385F8BC30FFF750B9DFED867AB2
:10370400CDED077AFFF73BB99FED83DAFFF725B9D3
:10371400DFED817ACDED007AFFF711B90223FFF7CF
:10372400B2B837B0BDEC108BBDE8F08F6FEEAAFADB
:103734000823F7EE006AFFEE005AB8EE005AB0EE26
:10374400006A03E0013B76EE6FFA0DD0F4EEE6FA80
:10375400F1EE10FAF6DCF4EEE5FAF1EE10FA03D528
:10376400013B75EE6FFAF1D127EE2A7A0823F7EEC2
:10377400006AFFEE005AB8EE005AB0EE006A04E0A8
:1037840036EE477A013B3FF4E6AAB4EEE67AF1EE70
:1037940010FAF5DCB4EEE57AF1EE10FA7FF5DBAA67
:1037A40035EE477AEEE7DFED5D7ACDED0C7ADFEDAD
:1037B4005C7AFFF767B994ED037A77EE877AB7EE10
:1037C400007AC4ED037AF4EEC77AF1EE10FAC0F28F
:1037D400888077EEC77A37EEA90AC4ED037AFBFE38
:1037E400407A30EE670A20EE0C0A06F051FDB0EE86
:1037F40040DA9DED0D7AB0EE086AD4ED067ADDED7F
:10380400026A67EE277AB7EE007AF0EE475AE6EEE0
:10381400865ADDED006AB0EEE76A26EE8D5ADDEDDC
:103824000E6AB4EECA6ABFEE006A65EE8D5AF1EE16
:1038340010FA25EE265ADDED0C6AF4EEC65A88BF5E
:10384400F0EE697A25EE265AF1EE10FA56DBF4EE24
:10385400475AF1EE10FA77FE255AD4ED00CADDED91
:10386400026A37EEAC7AF6EE007A37EE057A66EE47
:10387400A77AA7EEA57A27EE0C7AB0EE470A8DED6B
:10388400067A06F005FD9DED067AF0EE40FAB0EEFC
:10389400470A06F001FE28EE007A68EE2FFAFFF7D9
:1038A40043BA6FEEAEFA27EE0F7AFFF773BA77EEEC
:1038B400807ABBFE677A77EEC77A27EE8C0A06F029
:1038C400E7FCB0EE40DAFFF7C4B9B6EE007ADDEDFE
:1038D400086AF7EE007AE6EEC77A65EEA75AFFF7B4
:1038E400CAB977EEA97ABBFE677A77EEC77A27EE74
:1038F4008C0A06F0CDFCB0EE40DA7AE7F0EE465AD8
:10390400ABE700BF0080FFFFA0BF803F00FEFF4683
:103914009FBE00C7A0BF80BF000000003333D33F69
:103924005C8FC23E0AD7A33B75EEE66A1FED036ABD
:1039340066EE866AFFF7FCBA76EE666A1FED076AE2
:1039440066EE866AFFF7DEBA4C4BFFF725BB4B4B9E
:10395400FFF709BBDFED4A7ADFED4A6AB9EE007A78
:1039640068EEA68ADDED016A68EEA68AF4EEC78ADF
:10397400F1EE10FA30DBB1EE007A9FED436AF4EE1B
:10398400C78AF1EE10FA7FF783AA9FED3F7ADFED45
:103994003F6AB4EE666AF1EE10FA21D9DFED3C6AB3
:1039A400B0EE696AF0EE697ADFED375A27EE267ACF
:1039B400FFF798BA636D139A93427FF4FDA8FFF75B
:1039C400EDB947F6FF73FFF7E7BA47F6FF73FFF762
:1039D400CABADFED2D7ABFE79FED297A9FED2A6AF7
:1039E400DFED2B6ADFED285A67EEA67ADFED286A51
:1039F40027EE267AFFF776BAF0EEC75AB0EE696A78
:103A0400F0EE697AFFF762BA9FED1D7ABFE7B0EE78
:103A1400088AA7EEC78AFFF799B8DFED1E7ADFEDB3
:103A24001ECACDED087ADFED1D7AB0EE6CDACDED6D
:103A3400007AF0EE6C7AFEF702BF9DED026AF7EEB3
:103A4400007AB5EEC06ACDED0C7ADFED137AF1EEB3
:103A540010FABFF61FA89FED107A8DED027A36EEAC
:103A6400A77AB5EEC07AF1EE10FABFF625A8DFED1D
:103A74000A7ACDED0D7AFFF729B800BF0080FFFF69
:103A8400A0BF80BFCDCC0C3FA0BF803FFFFF7F7F96
:103A940000FEFF461F856B3F00000000CDCCCC3FED
:103AA4002C492D4A38B510680B681B1A092B2DEDCB
:103AB400028B19D9294C0B68DFED298A04F12405FE
:103AC4009FED288A13600A21206802F001FD237A01
:103AD4006BB9B0F5486F30DC63729FED237A84EDE7
:103AE400017A0C34AC42EED1BDEC028B38BDB0F59A
:103AF400E16F19DB0023A37220EAE070A0F5E16016
:103B040007EE900AF8EEE77A87EEA87AB4EEC87A60
:103B1400F1EE10FA1BDBF7EE007AB4EE677AF1EE01
:103B240010FA37FE877ADAE7A37A0133DBB2032B84
:103B3400A372E1D900232372CEE7627A0132D2B2B2
:103B44006272002AC9D00122A3722272D4E79FEDC7
:103B5400057AC4E7EC250020F42500200415002094
:103B64000000AF44CDCC4C3E000000004B4B40F273
:103B7400ED221968914279D949491A680868121ADC
:103B8400112A73D91B682DE9F047464F4FF4D01919
:103B9400DFF81C81444E2DED028B0B6082B09FED4B
:103BA400438A002156E0F4EEC87AF1EE10FA64DCA0
:103BB400FCEEE77ACDED017A9DF804A05346F6ECCD
:103BC400017A67EE887AF5EEC07AF1EE10FA4EDBF0
:103BD400F4EEC87AF1EE10FA4CDCFCEEE77ACDEDA7
:103BE400017A9DF804502C4698F80020FF2A05D04D
:103BF4009A1A002AB8BF5242012A0DDD1B06A9F504
:103C0400C0224BF20B0003F0FE431343184305F0AC
:103C1400DFF9012188F800A098F80630FF2B05D0C1
:103C2400E31A002BB8BF5B42012B0CDD24064BF2D8
:103C34000B0004F0FE4444EA0904204305F0C8F9EB
:103C4400012188F8065009F5803908F10108B9F511
:103C5400001F15D0F7EC017A67EE887AF5EEC07A8A
:103C6400F1EE10FA9FDA00239A46A8E77047002481
:103C74002546B9E77F242546B6E77F239A469EE783
:103C840021B902B0BDEC028BBDE8F08702B0BDECF7
:103C9400028BBDE8F04705F0A3B900BFEC25002076
:103CA4004C2300209C140020EC1400200000FE4251
:103CB4008414002070B4274C274D22782748284EBE
:103CC40002F1030CA0FB023121F0010303EB5103C9
:103CD400D31A013203EB430105EB8101097A09B9D7
:103CE400F15CB9B19445EDD11B4900224FF0FF338B
:103CF4001C4D087A40B9581C25D055F8226055F857
:103D04002300864238BF134601320C31032AF0D116
:103D14005A1C16D01448154950F82320013240F893
:103D240023200A680F4801320A6040F82320013337
:103D34000A4AA2FB031222F0010101EB52029B1A70
:103D4400237070BC7047134601320C31032AD0D162
:103D5400DEE700BFF127002004150020ABAAAAAAC1
:103D640028260020182600200C26002024260020C7
:103D7400134A00231349904210B528BF1046124C31
:103D8400124AA04238BF2046114C1060114A0B70F1
:103D94001370237843B9104B00221B78227013B997
:103DA4000E4C237823B110BD0D4803F011FBF2E74C
:103DB4004FF60F2005F00CF90123237010BD00BF4E
:103DC400C0C62D00E4270020400D03000825002074
:103DD400E6270020E5270020E8270020E927002027
:103DE400941400202DE9F041394E8046394C0E20C0
:103DF400771D25462DED048BDFED378A9FED379A2D
:103E04009FED378A12E0F4EEE76AF1EE10FA1FDC58
:103E140077EEE67A95ED007ABE4277EEC77AA7EEA2
:103E2400887AA5EC017A16D016F8010F03F06CFB22
:103E340007EE100AF7EE007AB8EEC77AC7EE286AE2
:103E4400F5EEC06AF1EE10FADDDAF7EE007AE1E79A
:103E5400F0EE497ADEE7234B1A7842450ED0224A27
:103E64001C4E83F800804FF00133204D1360938083
:103E74000FCE0FC596E8030085E803001C4A002610
:103E84001C4B1949B8F1000F08BF1346DFED1A6A3D
:103E9400164A03F1180511F8010B94ED007A60B18C
:103EA400D2ED007A77EE677AF0EEE77AF4EEE67A0E
:103EB400F1EE10FA03D401F8016C83ED007A0433B7
:103EC400043404329D42E6D1BDEC048BBDE8F0819C
:103ED40038080020D414002000F07F4500000000C2
:103EE4009A99993DE227002054250020BC14002013
:103EF4009C140020EC140020BC74933C38B52DEDC8
:103F0400068BF6EE008A4FF47A70B3EE0E7AF1EE79
:103F1400007AB2EE0E9AB0EE08AAF0EE689AB0EE0D
:103F2400408AA0EE09AAE0EE279AA0EE079A03F0D1
:103F3400B5FA07EE900A9FED7D5AF6EE085A9FED0A
:103F44007C6AB8EE677ADFED7B6AF7EE00AAC7EE0B
:103F5400057A77EEE87A67EE887AE7EEA5AA6AEE44
:103F640086AAF4EEE6AAF1EE10FAC0F2DC809FED28
:103F7400727AF4EE47AAF1EE10FA77FE2AAAF7EE67
:103F8400008A9FED6E6ADFED6A6A9FED6A7AE7EE5A
:103F9400C68A68EEA68AF4EEC78AF1EE10FAC0F279
:103FA400BF80DFED657AF4EE678AF1EE10FA77FEF2
:103FB400A88A4FF47A7003F071FA07EE900A9FED25
:103FC4005B4AF6EE004AB8EE677A9FED5D5AF7EE6B
:103FD400006ADFED575A9FED576AC7EE047A77EE11
:103FE400E47A67EE887AE7EE856A66EEA56AF4EE0F
:103FF400C66AF1EE10FAC0F29080DFED4F7AF4EE6B
:10400400676AF1EE10FA77FEA66A4E4CBBEE045ACC
:104014004D4DD4ED007A95ED007A4C4BF0EE674AA5
:1040240077EEC75A93ED006A65EE8A5A39EE469ADE
:1040340069EEC69AD7EE094AE7EE879AAAEEA57A00
:10404400B4EEC57AF1EE10FA5ED4F3EE045AB4EE8F
:10405400657AF1EE10FA35FE877AE8EEA47A85EDFA
:10406400007AFBEE045AF4EEE57AF1EE10FA4ED43F
:10407400B3EE047AF4EE477AF1EE10FA77FE277A7B
:10408400B0EE467AC4ED007AA6EEA97AB5EEC07A0F
:10409400F1EE10FA3ED4DFED2E7AB4EE677AF1EE4B
:1040A40010FA37FE877ADFED2B7A4FF47A7083EDBE
:1040B400007AF6EE008A28EE278A03F0EFF906EE7E
:1040C400900A9FED1A9AD5ED007A4FF47A70F8EEC3
:1040D400666A86EE897A37EE687AE7EE087AC5ED85
:1040E400007A03F0DBF907EE100AD4ED007AF8EE5B
:1040F400476A86EE897A37EE687AE7EE087ABDEC8D
:10410400068BC4ED007A38BDB0EE457AA5E7F0EE33
:10411400657AB5E79FED107AC5E7F0EE466A74E775
:10412400F0EE478A45E7F0EE66AA28E700007A44F5
:104134005839343C6F12833BA69BC43CCDCC0C3F16
:104144009A99593F0025002090140020042500204E
:10415400000020428FC2753D0000000070B5184D6C
:1041640004462B78B3B9174B1B7A9BB1164B1B78BB
:104174000BB9FDF711FF154A154E136815480133A5
:1041840029781360144B32681A600123037001B15B
:1041940034B970BD114B93ED020AFFF7AFFEE5E7AA
:1041A4000F4B104D196828685A68441C481C511C50
:1041B4009A682C600132186059609A6070BD00BF23
:1041C400F527002004150020DF27002020230020ED
:1041D400EC250020DC270020102300209C14002064
:1041E4000C260020F825002008B572B61F4A0021CD
:1041F40013781170DBB262B66BB11D4B187830BB0B
:10420400FFF7ACFF1B4B1C4A1968914203D919688C
:104214001A4A914225D91A4B1A4A1B6812689B1AEA
:10422400B3F5FA7F0FD9184BDFED186AD3ED007A96
:104234009FED177A67EEA67AF4EEC77AF1EE10FADC
:1042440002D500221A6008BDC3ED007A08BD114AE8
:10425400012011491368087003441360FFF72AFD15
:10426400D0E71868FFF784FDD5E700BFD927002001
:10427400F5270020E8240020400D0300BFC62D00D0
:10428400EC25002010230020142300203333733F37
:104294000AD7233C20230020DC2700202DE9F84303
:1042A4001620514C03F030F907EE900ADFED4F5A17
:1042B400F8EEE76A4E4B9FED4F6AD3ED007A86EE37
:1042C400A57A4D4A4D4811684D4D77EE676A80EDE9
:1042D400007AE6EE867AC3ED007ACB0703D4012197
:1042E400236811602B60474E337853B1DFED466A83
:1042F400B4EEE67AF1EE10FA65DD23682B60BDE8D2
:10430400F883DFED426AB4EEE67AF1EE10FA47DDA7
:10431400DFF8349103F090FB22688046D9F80070EE
:104324003B4BC71B2A603B4A3B44934233D83A4B2E
:104334003A4A18780123137000284ED0384A394974
:104344000B70136801331360FFF7B4FC364B21681C
:10435400A3FB0723354A9B09116040F68432A3F17D
:104364003301914212D807EE903A9FED316AF7EE8D
:10437400006A304BF8EEE77A86EE277AB4EE667A76
:10438400F1EE10FA36FE877A83ED007A2A4B2B4A37
:104394003B44934224D90123C9F800803370ACE72D
:1043A4009FED277AF4EEC77AF1EE10FAB0DC2368B9
:1043B40047F2305229685B1A9342A0D9174B002266
:1043C4001A70BDE8F8839FED1F7AF4EEC77AF1EE18
:1043D40010FA92DC00233370E9E7FFF7BFFEB5E77C
:1043E4003846FFF7C5FCD6E7EC25002000F07F45F2
:1043F4001C2300200AD7A33C341E002018230020CD
:10440400241F0020DB270020BC74933C8FC2F53CA2
:10441400AF3CFFFF6E032D00F5270020DA270020B4
:1044240020230020DC270020D34D6210102300201D
:104434000000484314230020BFF2FCFF7EB92A0089
:10444400CDCC4C3D295C0F3D281F00202DE9F047C1
:104454007C22E14904462DED0E8B03F017FCDF4B63
:104464001F78002F00F0FE81DD4DDE4ED5ED057A7C
:10447400B0EE674AF7EE005A96ED015AF1EE0C6A77
:10448400D94BB6EE007AD6ED043AB0EE656A9FEDEC
:10449400D73AF0EE004AD6ED039AF1EE04AA96ED6F
:1044A40002BAA5EE266AD3ED006AB0EE475AD5EDFE
:1044B400008A77EEE67AD5F80480B0EE658AA3EE3A
:1044C400A45ADFEDCB4ADFEDCB3AE7EE836AFBFE7D
:1044D400467A36EE676AE4EE243ADFEDC74A37EEF1
:1044E400A54AC4F82480A9EEAA8A6BEE244A34EEC5
:1044F400674AC3ED006AC14B38EE87AAC4ED036A6C
:10450400E6EE047AA360BE4BC4ED063AD3ED000A8E
:10451400C4ED044A84ED058A65EE276A2AEE26AACC
:10452400002F40F0A681DFF8389395ED049A99F8AE
:1045340014A0B5EEC09ABAF1000F00F0C281F1EEFA
:1045440010FAC0F2F482B4EEE59AF1EE10FA00F338
:1045540064839FEDAC7ADFEDAC7A9FEDAC6AF0EE4C
:10456400676AE9EE066A76EE876AF4EEE76AF1EEC8
:1045740010FA80F26883F0EE676AB6EE007A70EEA5
:10458400C77AA7EEA67AB5EEC07AF1EE10FAC0F2B9
:104594004183F7EE007AB4EE677AF1EE10FA77FE13
:1045A400870AB3EE000A05F0E3FCDFED997AF1EE39
:1045B40004AABAF1000F60EE27BADFED967A47FE3F
:1045C400AAAAB5EEC09AF7EE007AF1EE10FA09DB6A
:1045D400B4EEE79AF1EE10FA00F31483B1EE0C7A1C
:1045E400E9EE077A8C4BF3EE046A77EEAA7A93ED40
:1045F400006AF2EE080AB0EE000A86EE267A67EE4A
:104604008B7A67EE277AC7EEA00A05F0B1FC834BDC
:104614001A782BEE800A002A40F03C81F3EE047AEB
:10462400B4EEE70AF1EE10FAC0F24881DFED7C7ACD
:10463400B4EE670AF1EE10FA37FE800A6AEE007AE9
:1046440084ED000AB3EE047AF4EEC77AF1EE10FAC0
:10465400C0F230829FED737AF4EE477AF1EE10FAED
:1046640077FE277AB0EE007AC4ED017AF2EE0C6A96
:1046740095ED03AAD5ED02AAF0EE477AC4ED0BAA94
:10468400EAEE267AF4EEC77AF1EE10FAC0F210825E
:10469400B3EE007AF4EEC77AF1EE10FA00F31E815D
:1046A400FDEEE77A17EE903A9FED5F7ADFED5F6AF1
:1046B400F0EE477A6363E9EE267AF4EEC77AF1EE18
:1046C40010FAC0F2F2819FED5A7AF4EE477AF1EED5
:1046D40010FA77FE277A574A574B1268C4ED0C7AC2
:1046E4006267564A84F838701268A2671A68A2662C
:1046F4005A689B68E2662367002F00F00281504FDE
:10470400F6EE00CAB3EE08CA04F1400A354E07F1CA
:104714000309DFED3FEA3D469FED4ABADFED4ABAB1
:104724009FED4ADA15F8013BB2EE08EAB0EE000A52
:10473400FF2BA3F1450200F0D38007EE902AF8EE98
:10474400E70AD6ED007A77EEEC7AC0EE8E0A67EED1
:104754008CDA05F00DFCB0EE408AB0EE000ACDEE26
:104764008E0A05F005FC28EE2B8A28EE000AB4EE2A
:10477400EE0AF1EE10FAC0F2C180B4EE4B0AF1EE8B
:1047840010FA3BFE000A4D4506F10406AAEC010AA4
:10479400C8D104F14C052E4EDFED2EBA04F15809B0
:1047A4009FED2DBA9FED2D8AF0EE690AB0EE480A0E
:1047B40005F0DEFB20EE2B0AFFEE007A20EE0B0A5A
:1047C40087EE800A05F0FAFAA5EC010A4D4500F0DF
:1047D400EF80F6EC019AE7E7F0060020F5270020C9
:1047E400EC1400209C140020FC1E0020295C0F3DCA
:1047F4006666E63F9A99193F6666263F0000404088
:104804007C120020CDCC0C3F0AD7A33D1F856B3F03
:1048140000005C420000000090140020E727002004
:1048240000007A4500803B460AD7233C9A99993E7A
:104834003333B33EF82500200C2600200826002040
:10484400281500200000DC440000DC430000004286
:10485400AC1400208FC2753C00442C470000C842B1
:1048640004150020C64EC74DD6ED057A95ED054AD0
:1048740000E6B3EE000ADFF8549305F079FBC24B6F
:10488400DFEDC27A1A7820EE270A95ED049A002A01
:104894003FF4C4AEBE4ABF4912680968521A47F2CF
:1048A4002F518A4240F20E81F3EE047A00221A70EC
:1048B400B4EEE70AF1EE10FABFF6B8AEB0EE670A4E
:1048C400BCE6F1EE10FAC0F21681B4EEE59AF1EE10
:1048D40010FA00F312819FEDC87A3CE61023E3E658
:1048E400B0EE4D0AD6ED000A05F042FB20EE2E0A8A
:1048F400B4EEEE0AF1EE10FABFF63FAFB0EE6E0A78
:1049040041E799F8082099F8141099F8203084F8B0
:104914003C2084F8392084F83A1084F83B30BBB149
:10492400DFED9D7AB7EE007A9C4B78EE277AA3628E
:10493400F4EEC77AF1EE10FAC0F2DA80B1EE087A3A
:10494400F4EE477AF1EE10FA77FE277AC4ED057A91
:10495400934B1B68002B40F00881924B1B7823B9C2
:10496400914B1B78002B00F0C180B6EE007AD6ED97
:10497400007A9FED8E0A77EEC77A27EE800A05F05B
:10498400B9FE18286FF01703A8BF18209842B8BFC3
:104994001846874B186072B6864B00211A78197036
:1049A40084F83E2062B6BDEC0E8B2046BDE8F0874D
:1049B400F7EE006A9FED807AB1EE0C6AC4F85C8071
:1049C40028EE877AF0EE667A84ED047AEAEE867A47
:1049D400F4EEE67AF1EE10FAC0F2C480B2EE007A98
:1049E400F4EE477AF1EE10FA77FE277AB7EE007A02
:1049F400724BF1EE046AC4ED167A1B78F0EE477A36
:104A0400634A6F4984F864306E4BEAEE267A09688B
:104A1400A361136884ED189A5B1AC4ED057AB3F5A3
:104A2400FA6F0DD9684B0026FF25D81C13F8011B1B
:104A340011B13D7003F8016C834207F10107F5D110
:104A4400624BA4EB8408D2F800A04FF00109197A54
:104A5400A8F17C085E4D04F139025B4803F1240E91
:104A6400DFF88CC15B4E79B9077817700C330130CD
:104A740001320CF1040C9E4506F1040605F8011BF5
:104A840089D0197A0029EFD02F7882F80090002F6E
:104A9400ECD137688FB9DCF800700137CCF80070BE
:104AA40048F82270C6F800A0E0E7F0EE477A12E674
:104AB4000223F9E5F0EE477AD4E5AAEB0707462F7F
:104AC400D4D9E8E7444BF2EE080AB0EE000A1B78AA
:104AD400453B07EE903AF8EEE77AC7EEA00A05F0F8
:104AE40047FADFED3E7A20EE270A97E5002050E7EB
:104AF400F0EE477A2AE7DFED3A5AB6EE007A70EE26
:104B0400C77AA5EEA77AB5EEC07AF0EE470AF1EEC1
:104B140010FA7ADBF7EE007AB4EEE77AF1EE10FAE7
:104B24007FF73FADDFED34AADFED34BA49E570EE2F
:104B3400C77ADFED2C6AA7EEA67AB5EEC07AF1EE5D
:104B440010FA64DBB4EEE57AF1EE10FA78DCB3EE39
:104B5400000AF0EE470A05F00BFADFED0C7A60EE7E
:104B640027BA2EE5F0EE667A40E702F065FF1E4AAA
:104B74001E4B1268801A98427FF6F7AEEDE600BF2E
:104B84009C140020EC140020E727002000005C4265
:104B9400EC250020102500206666E63E0AD7A33ED9
:104BA400E8240020E8270020DA2700200000404203
:104BB40070250020DC2700206666263FF2270020AF
:104BC400042600200000A03F282600200415002011
:104BD4000C1F0020001F0020471500200000DC43AC
:104BE4000AD7A33DAE47213FE42400207FC3C90177
:104BF4000C26002000005C420000000000005C4421
:104C04009A99B93FF2EE007AECE45FED05AA5FED04
:104C140007BAD6E45FED080AC3E470EEC77A5FED25
:104C2400086AA7EEA67AB5EEC07AF0EE470AF1EE6E
:104C340010FAECDBB4EEE57AF1EE10FA7FF7B1ACE2
:104C44005FED12BABDE45FED127AF4EE676AF1EE3D
:104C540010FA77FEA66A90E4BA4A13682DE9F04781
:104C6400DC072DED028B82B005D4B74B0124B74984
:104C74001B6814600B6090F83E30002B72D1B44D69
:104C84002B78002B40F01F81B24A1368DB0764D4F1
:104C9400AD4B1968B0482C78012501601560002CD3
:104CA4005BD01A68521A192A57D9AC49AC4A1B6806
:104CB400DFEDAC6A91ED2D7AD2ED007A036087FEC8
:104CC400277A27EE267AB5EEC07AF1EE10FAC0F212
:104CD4000981B4EEE67AF1EE10FA00F33081BCEE0D
:104CE400C77A4DF20D0017EE103A1B0403F4FE03CD
:104CF4001843B6EE006A9FED9C7ADFED9C6A77EE6E
:104D0400C67A77EEA77A67EE877AF4EEE67AF1EE62
:104D140010FAC0F21081F4EEC77AF1EE10FA00F343
:104D24000C81FDEEE77A4EF20E0417EE903A1BB2B8
:104D340003F30D0303F500531A04DB1102F4FE021E
:104D440042EA03631C4304F043F9204602B0BDEC7D
:104D5400028BBDE8F04704F03BB902B0BDEC028B16
:104D6400BDE8F087B2EE088AD0ED007AF4EEC87A96
:104D7400F1EE10FAC0F2BE809FED7D7AF4EEC77AB0
:104D8400F1EE10FA00F3B1809FED7A0A87EE800A03
:104D940005F086F8DFED787AE0EE087AF4EEC87A6A
:104DA400F1EE10FA00F1A6809FED747AF4EEC77A62
:104DB400F1EE10FA00F39980FCEEE77ACDED017A7A
:104DC4009DF8044026466E4B0020D91D13F8012F90
:104DD400A24208BF01308B42F8D1022817DD694B8B
:104DE400694A93ED007AD2ED007A77EE877AF5EE90
:104DF400C07AF1EE10FAACBF03236FF002031E4435
:104E04006C2EA8BF6C26182EB8BF1826F4B25F49C2
:104E14005F480A785F4B845401324D4DA3FB020373
:104E24005D48DFF878910768D01A03EB50033744E4
:104E34009B0887F30707C3EBC303D21A2B780A70C6
:104E4400002B5AD1DFF864813004DFF864A100F448
:104E5400FE0040EA0A0004F0BBF8B74289F80040BB
:104E640046D04AEA0740FFB204F0B2F8364B0122BA
:104E740088F8007019682A70344A11601A68521A46
:104E8400C82A27D9454B48F20804DFF8208118784E
:104E9400000400F4FE00204304F09AF898F800306F
:104EA400FF2B05D01B0403F4FE00204304F090F80C
:104EB400FF22002388F80020264A2B701368DB07A2
:104EC4003FF54BAFE4E6214A1F4B11681A68521AAA
:104ED400C82AD7D81F4A1168C9077FF5DAAE1E4819
:104EE4000168DEE64DF20D0003E7772634466AE7F3
:104EF400FF27BBE70C26344665E799F80030DFF856
:104F0400AC80FF2B0AD01B0448F2080003F4FE0314
:104F1400184304F05DF82B78002B95D098F80030F6
:104F2400FF2B91D01B0448F2080003F4FE0318433E
:104F340004F04EF888E71A4C05E71A4C03E71A48C0
:104F4400D7E600BF2C1E0020EC250020141F0020F3
:104F5400D6270020281E0020101F0020A823002090
:104F64001C2300200000FE4200F8FF4500F8FFC5A6
:104F740000803B460000DC4300008A420000EE4211
:104F8400B31400200025002090140020E027002006
:104F9400B4140020254992247025002044150020D3
:104FA4000EE001000EE07F7F0DD07F00451500204C
:104FB400099000502DE9F04F3E4E00F14007DFF814
:104FC4000CB14FF000083C4D012448F2080ADFF808
:104FD40000912DED068BDFED398A83B0DFED389A31
:104FE4009FED389A9FED38AA337A93B92A78002A2C
:104FF4004CD101340C3608F580780BF1010BE4B286
:1050040001350437042CEFD103B0BDEC068BBDE8A9
:10501400F08F2B78002BECD1B2EE088A97ED000AC2
:10502400B4EEC80AF1EE10FA20DBB4EEE80AF1EEB1
:1050340010FA3ADC80EE290A04F032FFF0EE497AE5
:10504400E0EE087AF4EEC87AF1EE10FA0ED4F4EE3B
:10505400CA7AF1EE10FA28DCFCEEE77ACDED017A9B
:105064009DF80430180400F4FE0002E04FF44020E0
:105074000C2348EA0000019340EA090003F0A8FF6A
:10508400019B8BF8003001232B70B2E79BF80000E2
:105094000193000400F4FE0040EA080040EA0A001C
:1050A40003F096FF019B2B70A3E74FF4EE007723E8
:1050B400DFE700BF04150020181F002000803B46D6
:1050C4000000DC4300008A420000EE42440E00204F
:1050D400099000642DE9F843A14CA24DA24FA34EC0
:1050E4002DED028B9FEDA28A002004F01FF800280A
:1050F4002CD0A04BA0491B78A04AF82B0978127831
:1051040033D0A3F19000B0FA80F04009002A45D0D2
:10511400002843D09A4B1B78002B6BD1994B9A4AA9
:105124009A4819700121DFF874C21268984B00780C
:105134008CF800101A600028D6D1964B1870FFF72F
:105144000DF8002003F0F2FF0028D2D1237843B1F8
:105154008D4B914A1B6812689B1AB3F57A7F00D96C
:105164002070BDEC028BBDE8F88387498A4A096840
:10517400237811600BB901232370864A1378013315
:10518400DBB2172B17D9814B00211B781170002B30
:10519400AAD17B4B1878FEF7E1FFA5E7802B01D05D
:1051A4005AB950B1764B1B78002B6AD1754A1278E4
:1051B4008A4299D1794A137096E7B02B94D1782911
:1051C40074D07B2972D007EE902A1439F8EEE77A6E
:1051D40087EE887A0B2987D8DFE811F08400A200D3
:1051E400A600AA00AE00B200B600BA00BE00F800E5
:1051F400FC000001644BDFF8CCE11A68DFF8C891C9
:105204007046674B1A604A46002310F801CBA84643
:10521400BCF1000F03D015F803C08C4540D0013316
:105224000C32032BF1D14FF0000C4FF0FF3399F8FF
:1052340008204AB9581C44D01EF80C20002A3DD03E
:105244001EF80320002A45D10CF1010C09F10C09C8
:10525400BCF1030FEBD15A1C3FF446AFA8465148AA
:10526400012208F803100EF8032002684E490132A7
:10527400026046F8232051F82320013241F823200C
:1052840032E7DFF840E10023724612F8010B18B14F
:10529400E85C884200F0AF800133032BF5D123E7AB
:1052A40092F808C0BCF1000FB9D1D8E7344B1B7891
:1052B400002B40F097803948037084E71EF80320E0
:1052C40042B163460CF1010C09F10C09BCF1030F66
:1052D400ADD1C0E756F82C0056F82320904238BFD1
:1052E4006346B1E7314B83ED007A87FB0103304815
:1052F400A3EBE17303EB4303A1EB4303DBB200EB4A
:105304008300D0F800C02B4800EB8300C0F800C035
:105314004FF0010C284800F803C0284B5A54E3E628
:10532400224B83ED017AE0E7204B83ED027ADCE740
:105334001E4B83ED037AD8E71C4B83ED047AD4E744
:105344001A4B83ED057AD0E71D4B83ED007ACCE749
:105354001B4B83ED017AC8E7194B83ED027AC4E74E
:10536400E827002028150020ABAAAA2A1826002026
:105374000000FE4201280020FF2700200028002012
:10538400F527002047150020EC250020DA2700200F
:1053940010250020E32700200C250020E72700200B
:1053A40004260020242600200C2600209C14002023
:1053B400D4140020BC1400205425002084140020A0
:1053C400EC14002028260020041500200D4B83ED4A
:1053D400037A8AE70B4B83ED047A86E7094B83ED66
:1053E400057A82E7084B0020188098704FF6FF7307
:1053F4002B80AB70E7E600220EF80320FF22EA546C
:1054040072E600BFEC140020282600202C4B9FEDF0
:105414002D7AD3ED057A77EE877A70B5F5EEC07AFA
:105424002DED028BF1EE10FA46DBB7EE007AF4EEC6
:10543400477AF1EE10FA77FE277AD3ED026A042553
:10544400DFED215A214AF4EEE56A9FED216A92EDDF
:10545400027A204EF1EE10FA9FED1F8AB4EEC67A5E
:10546400C3ED057A66FEA56AC3ED026AF1EE10FA91
:1054740027FE067A82ED027A102002F00FF8044625
:105484004FF47A7002F00AF807EE900A06EB8404EF
:10549400013DF8EE677A87EE887A84ED007AEBD1E5
:1054A4000E4B0F491B680F4A06EB8306BDEC028BBB
:1054B40033680B60136070BDDFED0B7ABDE700BF8E
:1054C4009C1400208FC2F53D6666E63EEC14002075
:1054D400CDCC0C3F5023002000007A4490230020C0
:1054E400801200207C120020000000002DE9F04111
:1054F400674E42F21070674FD6F80080664D674CD5
:105504002DED048B01F0CAFF07EE100A9FED648AAB
:1055140042F21070B8EE477ADFED628A9FED629A2C
:10552400DFED629AC7EE087A77EEA87AC6ED017AC3
:1055340001F0B4FF07EE100ADFED5D6ADFED5D7A7E
:1055440042F21070B8EE477A87EE086AE6EE267AE1
:10555400C6ED027A01F0A2FF07EE900A9FED567A9B
:1055640042F21070F8EE677AC7EE886AF0EE687A55
:10557400E6EE877AC6ED037A01F090FF07EE900A13
:1055840042F21070F8EE677A87EE887AF0EE497A84
:10559400E7EE297AC6ED047A01F080FF07EE100ADF
:1055A40042F21070B8EE477AC7EE087A77EEA87A1E
:1055B400C6ED057A01F072FF07EE100A42F2107090
:1055C400B8EE477AC7EE087A77EEA87AC7ED007A84
:1055D40001F064FF07EE100A42F21070B8EE477A49
:1055E400C7EE087A77EEA87AC7ED017A01F056FF84
:1055F40007EE900A9FED317A42F21070F8EE677A66
:10560400C7EE886AF0EE687AE6EE877AC7ED027A2A
:1056140001F044FF07EE100A42F21070B8EE477A28
:10562400C7EE087A77EEA87AC7ED037A01F036FF61
:1056340007EE100A42F21070B8EE477AC7EE087A05
:1056440077EEA87AC7ED047A01F028FF07EE900AF6
:105654001B4B4FF00132C6F80080F8EE677A1A60EF
:105664009A804FF0FF3287EE887A164B9A60C3E92E
:1056740000220FCD0FC495E8030084E80300A7EED1
:10568400299A87ED059ABDEC048BBDE8F08100BF33
:105694009C140020EC140020D4140020BC1400201E
:1056A40000401C4600000000CDCCCC3DCCCC4C3F8F
:1056B400CDCC4C3FCDCC4C3E9A99593F3333333FFC
:1056C40054250020841400202DE9F84307460820BF
:1056D4007B4C2DED028B02F003FA002823780CBFDB
:1056E4000126002674D1002B6ED1764A764D774977
:1056F40013702A680A6037B12B6842F210719B1A42
:105704008B4200F2DA802B689B1A40F6B83293423F
:1057140055D96C4B1A78002A51D101221A70002FE6
:1057240040F0A9806A490B7883F001030B70002BC9
:1057340000F0A480674B4FF07C51286819605960D1
:105744004FF00131644B654F19609980644B654992
:10575400654DD960654B1A70654B1A70654B1860BE
:105764000FCF0FC597E8030085E80300FF2104204D
:1057740002F0B4FBFF21052002F0B0FBFF2106205C
:1057840002F0ACFBFF21092002F0A8FBC82002F0C4
:10579400FFF80021042002F0A1FB0021052002F003
:1057A4009DFB0021062002F099FB0021092002F054
:1057B40095FB514B4FF0FF32C3E900229A602670EB
:1057C400BDEC028BBDE8F883404B3F4D1A6892E76D
:1057D400002BF4D03B4B1B78002BF0D13A4D3B4AC5
:1057E4002B6812689B1A162BE9D9394B1B78DBB14D
:1057F400424A1378013303F00303137001223C4B34
:105804001A702A683B4B1A602A683D4B1A603D4B5C
:10581400012228681A704FF0FF32374B3A499A60D8
:105824000860C3E90022CAE7DFF8F090FFF75EFEE4
:105834009FED368A4F4609F140084FF47A7001F023
:105844002DFE07EE900AF8EE677A87EE887AA7ECC9
:10585400017A4745F1D12E4B2E4A1B6809EB830987
:10586400D9F8003013602C4A13601D4B93ED020AE3
:10587400FEF744FBCBE7FFF739FE77E7DFF89C90B0
:105884009FED228A4D4609F140074FF47A7001F0EA
:1058940005FE07EE900AF8EE677A87EE887AA5ECA3
:1058A400017AAF42F1D11A4B1A4A1B6809EB830300
:1058B4001B681360184A136058E705F00DFE00BF1B
:1058C400E1270020DE270020EC25002048230020CB
:1058D400F5270020EC14002054250020D4140020C7
:1058E4009C1400209A99993EBC140020F3270020B0
:1058F400F42700200026002084140020F227002032
:10590400FC250020DD2700204423002000007A44E9
:1059140090230020801200207C12002050230020BD
:105924002DE9F043A04D40F2EE28A04CA04FDFF843
:10593400D8922E682DED048BA1B004F087F923785A
:10594400002B00F01D813B78DB0740F119812B68A7
:10595400D9F800209B1A0E2B40F21281A021954801
:1059640005F0B6FD02210120934C02F0CBF8022190
:105974000820B7EE008A02F0C5F800210A208F4EF5
:1059840002F0C0F800211620DFED8D8A02F0BAF88B
:10599400012103209FED8B9A02F0B4F8012102202B
:1059A400894D02F0AFF801210420671D02F0AAF826
:1059B4000121052002F0A6F80121062002F0A2F838
:1059C4000121092002F09EF80C2001F0F5FD0420CD
:1059D40001F022FE082002F09FFB02F02DF87B4B21
:1059E40003227B4918600A2002F0C6F80E2001F059
:1059F4008BFD804602F020F880EA084001F048FD63
:105A04004FF0FF31734800F0D7FC4FF0FF3172487C
:105A140000F0D2FC4FF0FF31704800F0CDFC0421BF
:105A24006C4800F0CBFC04216B4800F0C7FC6B48C9
:105A3400042100F0C3FC0E200FE0F4EEC87AF1EE6E
:105A440010FA00F3AB8078EE677ABC42E6EC017A98
:105A5400E5EC017A16D014F8010F01F055FD07EEBC
:105A6400900AB8EEE77AC7EE287AF5EEC07AF1EE3E
:105A740010FAE2DAF7EE007ABC42E6EC017AE5ECE1
:105A8400017AE8D1162001F03FFD07EE900ADFED20
:105A94004C6AB8EEE77AC7EE267AF5EEC07AF1EEF4
:105AA40010FA7EDBB7EE007AF4EE477AF1EE10FAE4
:105AB40077FE277A4A4900234A48DFED4B5A0A46C3
:105AC4009FED4A6ADFED4A6AC0ED007A07EE903A2C
:105AD400B0EE667A0133F8EEE77A102B67EEA57A1A
:105AE400A7EE867AA2EC017AF0D10B684FF0E0259C
:105AF400404A402601A8032413603F4A1360FEF77E
:105B0400A5FC7C2201A93D48C5F8886102F0BEF8D5
:105B140011213B48C5F8086104F01AF8394801F02E
:105B2400A9FCC821042002F0D9F9C821052002F0FB
:105B3400D5F9C821062002F0D1F9C821092002F0C4
:105B4400CDF9782001F024FF0021042002F0C6F9E9
:105B54000021052002F0C2F90021062002F0BEF95E
:105B64000021092002F0BAF9502001F011FF631E50
:105B740013F0FF04D5D121B0BDEC048BBDE8F08354
:105B84002B6822789B1B32B1B3F5FA6F3FF6E6AE71
:105B940004F05CF8D1E64345FAD9DFE6F0EE497A41
:105BA40053E7DFED087A85E7EC250020FB2700208A
:105BB400FA2700200000202038080020D4140020F8
:105BC40000F07F45000000009C140020E424002025
:105BD400410100008C220020B8220020E422002091
:105BE400502300201C2300200000803DCDCCCC3E5F
:105BF4009A99993E801200207C120020682400208B
:105C0400880C0020300E0020342600202DE9F047B7
:105C14000120A74D2DED028BA0B001F061FFA0F192
:105C24000104FFF757FAB4FA84F4FDF739FF640965
:105C34002046FEF7D7F8FEF7D7FAFEF72FFB2046EB
:105C4400FFF742FDFDF792FF2B78002B40F0E88030
:105C5400984B1A7A002A6BD0974A0121974B1170FE
:105C64001A68D1076AD5DFF8D482954F98F80030C6
:105C7400002B6FD0934B1A781AB12A78002A40F07F
:105C8400E3804FF0E0264FF04009FFF723FA01A824
:105C9400FEF7DCFB7C2201A98B48C6F8889101F051
:105CA400F5FF8A4BC6F808911A683B689B1A0B2BC0
:105CB40002D92046FCF728FA98F800300BB9FCF713
:105CC400C7FC2B7801A8002B00F0A780FFF772F91E
:105CD4002B7843BB7E4A7F4BD2ED2D5A92ED2E7A20
:105CE400D3ED007A37EE257A9FED7B6ADFED7B6A90
:105CF40037EE677AE7EE067AF4EEE67AC3ED007AD9
:105D0400F1EE10FA40F31E81754B00219FED757A78
:105D1400D3ED007A3C6867EE877A7348734A04606F
:105D24001160C3ED007A20B0BDEC028BBDE8F087B2
:105D3400624B61490A701A68D20794D4604F6C4A66
:105D44003968DFF8F881116001221A6098F8003090
:105D5400002B8FD1674EB2EE000ADFF8E491D6ED46
:105D6400000A04F005F9F3EE0E7AD9F8002020EECB
:105D7400270ADFED617A87EE808ABCEEC88A1AB9F9
:105D840018EE102A89ED008A59483B6801685B1AAD
:105D94009342FFF46FAF594B3A681B780260002BB3
:105DA40000F01E81B8EE488A96ED027A4FF47A70BC
:105DB400DFED537ADFED538AE7EE278A01F06EFBBD
:105DC40007EE900A9FED505AF6EE005ADFED4F6A47
:105DD400B8EE676AF7EE007A68EE266A86EE057A10
:105DE40037EE657A37EE077AE7EE287A68EE277A97
:105DF400F4EEE67AF1EE10FAC0F2EF809FED447A09
:105E040028EE078AF4EE487AF1EE10FA78FE277A43
:105E1400FCEEE77AC9ED007A2CE7FEF71DFF57E7A1
:105E2400254A0021254B11701A68254FD00704D448
:105E34002F4A3968116001221A60224BDFF8FC8076
:105E44001A78002A3FF41DAF00264FF6FF724FF078
:105E5400E0294FF0400A1E7031462E4B2E489E60BA
:105E6400C3E900662D4BC3E900669E602C4B1A8083
:105E74009A703C222B4B1E809E702B4B1E602B4B2A
:105E84001E602B4B1E702B4B1E60C9F888A105F0B9
:105E9400E5F8294B03F17C0207CA83E80700314681
:105EA40003F10C00242205F0D9F8C9F808A1E8E6AA
:105EB400F527002004150020DF270020301E0020D5
:105EC400EC250020F327002068240020FC24002077
:105ED400A82300206C250020CDCCCC3CBC74933C82
:105EE4006825002052B87E3F7825002064250020D4
:105EF4001C1F00209C14002000606A47DA27002041
:105F0400AE47613E8FC2753D00007A446666263F07
:105F14009A99B93F0C260020F0230020182600206F
:105F24002815002028260020F82500200826002017
:105F3400F1270020242600202C240020E82700201C
:105F4400201F0020374AF7EE006A9FED377A40F2AF
:105F54008A20D2ED007A354936EEE76A3B68096853
:105F6400E6EE077A5B1A8342C2ED007A2ED93B68CB
:105F74009FED2F6AA3F28A235B1A07EE903AF8EE9C
:105F8400677A87EE867AB5EEC07AF1EE10FA1DDBF9
:105F9400B4EEE67A274BF1EE10FA1BDCDFED267A3D
:105FA40083ED007AB4EEE77AF1EE10FA7FF7BBAE38
:105FB400224C40F28A223B6821685B1A93427FF6A6
:105FC400B2AEFFF723FA3B682360ACE6194B00221C
:105FD4001A60A8E6C3ED006AEAE7F0EE667A17E70E
:105FE4001846FEF7BBF8B8EE488ADFED157A9FED48
:105FF400157A68EE277AF4EEC77AF1EE10FA0DDB23
:106004009FED117AF4EEC77AF1EE10FA08DCFCEE9B
:10601400E77A17EE900AFDF7ABFEC5E60B48FAE700
:106024000B48F8E768250020A69B443B7825002010
:1060340000006144642500206666263F7425002024
:1060440000007A4400504348001B374A400D0300C7
:10605400C0C62D002DE9F04F172283B00B219448C0
:1060640000F06AF900220B21924800F065F9182229
:106074000B21914800F060F99049914B002291481E
:106084000C681A611A811860DA60002C00F00D8126
:10609400224611465269002AFBD14B61DFED8A7A10
:1060A40000258A4FB6EE007A894AF0EE006ADFEDE9
:1060B400895AB7EE004A9FED886AF7EE084ADFF87E
:1060C40074C207F10C085D614FF0020B5D600CF1C6
:1060D4007C099D720CF1880E1A60C3ED067AC3ED3B
:1060E400077AC3ED0A7AC3ED085AC3ED0B7AC3ED00
:1060F4000C7AC3ED0D7AC3ED0E7AC3ED0F7AC3EDBE
:10610400107A83F84450C3ED127AC3ED137AC3EDC9
:10611400147AC3ED157AC3ED167AC3ED177AC3ED7D
:10612400187AC3ED197AC3ED1A7AC3ED1B7AC3ED5D
:106134001C7AC3ED1D7AC3ED1E7AC3ED1F7AC3ED3D
:10614400207A83ED096A9FED655A654E97E807004A
:106154008CE807000822C3ED2D7AC3ED305A06F10E
:10616400180AC3F8F42083ED316A83ED354AC3ED90
:10617400364A83ED3C5AC3F8B050C3ED2E7A83F807
:10618400BC50C3ED326AC3ED337A83ED347A83EDC8
:10619400377A83ED3B7AC3ED387AC3ED397AC3EDB0
:1061A4003A7AC3F8F850C3E92455C3E92655C3E93C
:1061B4002855C3E92A55A3F8FC50C3ED466A86F86E
:1061C40009B0C6F810A083F8FE50C3ED477AC3EDBA
:1061D400487A83F82451C3F838513572F56097E84A
:1061E400070089E8070098E80700C3E94A55C3E9AE
:1061F4004C55C6E906558EE8070023466469002C11
:10620400FBD1384A5E613648326074607461B4729E
:1062140000F0FCFC344800F077FE314B2246009439
:106224002749314800F0E4FE304A31492E4803F052
:10623400BFFD304800F068FE01222F4C284B00922D
:106244001F492C4800F0D4FE284A2949294803F064
:10625400AFFD2068294B226829491A600860234A47
:106264002849294803F0A4FD206828492268284BBE
:1062740008601A60206827492268274B08601A6062
:10628400206826492268264B08601A602068254940
:106294002268254B08601A60206824492268244B30
:1062A40008601A6003B0BDE8F08F1C460B60F5E689
:1062B4008C220020B8220020E4220020401E00206E
:1062C400A823002058080020000000006C070020CC
:1062D4006408002000005C430000DC439A99193EE6
:1062E40024230020980800202C250020500E002094
:1062F4001553000040250020EC2500204C230020ED
:10630400F4250020DD010000941400201025002055
:1063140004260020FC2400204423002048230020DD
:10632400FC250020E4250020782500207425002089
:10633400002600202C240020F8B528291B4B4FF4FC
:106344009B770D46164604464FF00101C0E90273DF
:106354002CBF4FF0FF330123282A44F6206228BFC4
:106364004FF0FF3302610360284601F0CBFB304657
:10637400002101F0C7FB2846002101F087FB0C4BEC
:106384002A0103EB05159958EA68C4E9072132018B
:1063940003EB061698586FF07042064BF1681B68C1
:1063A40062606361C4E909102046F8BD50C462010B
:1063B4004C090020EC2500200161704707EE901A7B
:1063C4009FED0A6ADFED0A6AB8EE677AD0ED027AC9
:1063D400F8EE677A67EE877A67EE867A87EEA67AB2
:1063E400BCEEC77A80ED037A704700BF180D0F4EDC
:1063F4000024744BF0B472B6856A3249D0E907368A
:10640400C6F888306B68426A23EA02036B606B68E3
:10641400426A13436B602C4B476AC5F888704C681A
:106424001A682A4BA3FB0232920C02EB820252003E
:106434004B681B1B9A42FBD86B6823EA07036B600B
:10644400C369C6F8843062B6D0E90954C168A36848
:106454002B42836905D006E001338361A2682A4296
:1064640001D19942F8D8994223D372B6D0E90923CD
:10647400046AC3F8842059680A435A60416AC3F81D
:1064840084105A6822EA01025A60C369C4F8883049
:1064940062B6D0E90945C168AB681C42836904D17E
:1064A4000BE08361AA68224207D0994203F10103F9
:1064B400F7D86FF00100F0BC70479942F9D9012078
:1064C400F0BC7047001000E02C0E002083DE1B435C
:1064D40070B500240D468461002936D00368064651
:1064E400A34239DB30460134FFF784FF0028E4B2CD
:1064F4002DDBA542F6D11C49B36970680A68834252
:10650400D6E904548CBFA3EB000CA0EB030C121BC4
:10651400AA4215D907EE900AB8EE677A9FED106B80
:10652400B7EEC77A27EE067BBDEEC77B17EE102ABF
:10653400624505D96FF07042096810467260716156
:10654400834207D20020736070BD084670BD6FF0AF
:10655400010070BD181A70BD4FF0FF3070BD00BF50
:106564009A9999999999B93FEC250020AD4BAE4A77
:1065740018682DE9F04FAD4C91B01979089403686F
:10658400D17704F58062934209920ED2A84B1B780E
:10659400002B00F0288109994FF0E0234022089154
:1065A40001F580610991C3F80822A24B1968A24B36
:1065B4000C911868A14B0D901A88A14B0A921C8863
:1065C4000B94002900F0DC81002800F04D819D4BE4
:1065D4009D4D1A4423449D4E01EB42029C4C00EB1A
:1065E40043039C49D5F800B00E950392089D9A4A3E
:1065F40002939A4B5768D6F800A0D3F80080D3F8DA
:106604000490D1F800E04B68D4F808C0886805F11C
:1066140010010F9605F5826516686268246807956F
:10662400354601972746019C5E46CDF814A0C24624
:1066340004941031039C06954D4634F902BFABEB2C
:1066440006080394029CA8EB0A09049E34F902AFDD
:10665400A9EB05050294059C2F44AAEB0405069CAE
:106664003A442C1B94443A440194A41BA6440CEBD6
:1066740002043A444FEA2C1C734421F820CC1844F9
:106684007344C6180011734421F81E0CA018241179
:106694003A4421F81C4C02EB000C9C190011734481
:1066A400361121F8180C1819241121F81A6C21F844
:1066B400164C4FEA2C1421F8144C041121F8124CF6
:1066C400079C8C42AFD10F993C46019FC1F800A0B2
:1066D4000E99C1F800B05E490C605E4CC4E901300B
:1066E4005D4BC4F800E0C3E900575C4BC3E9008983
:1066F4000A9B40330A930B9B4033C1E9012C0B9353
:10670400BFF34F8F4FF0E02308990998CA43C3F8A9
:10671400701F2031024481420891C2F3421251D2C7
:106724006AB3012A23D0022A1CD0032A15D0042AD2
:106734000ED0052A07D0062A40F01C81089AC3F817
:10674400702F20320892089AC3F8702F20320892D2
:10675400089AC3F8702F20320892089AC3F8702F51
:1067640020320892089AC3F8702F20320892089AAF
:106774000999C3F8702F20328A42089222D2089ACB
:1067840002F12001C3F8702F4032C3F8701FC3F820
:10679400702F01F14002C3F8702F01F16002C3F8B9
:1067A400702F01F18002C3F8702F01F1A002C3F829
:1067B400702F01F1C002C3F8702F01F1E0020999B2
:1067C4008A42DDD3BFF34F8FBFF36F8F0A9B7F2BBA
:1067D4001CD81A4A13800B9B7F2B09D8184A1380A4
:1067E40011B0BDE8F08F04F5006308920993DCE66C
:1067F4000024134B0D981C8000F02EFB184B1A68D4
:106804001C600D4B1A6011B0BDE8F08F0B4B0024D7
:106814000C981C8000F020FB124B1A681C60054B7E
:106824001A60D8E7D81E002000800E4080A22020E5
:10683400D4270020C81E0020D01E0020BE27002020
:10684400C0270020010000805C1F0020601F002082
:106854002C1F0020441F0020741F0020641F0020F0
:10686400D41E0020CC1E00200C9A002A00F0888040
:106874008A4800260A998A4BD0F800800E900B446F
:106884008848894902EB430BD0E900CE08988D680B
:10689400D1E9002300F1100100F582600290C246A4
:1068A400BBF90280E1467746A8EB0A0C0BF1020023
:1068B40021F80E6CC246ACEB090E019021F80A6C6B
:1068C4000846AEEB070721F8066C21F8026CE14696
:1068D4003A4477461344EC181344019D05F1020B26
:1068E400E5181344241121F8104C5C1913442D119C
:1068F40021F80C5C1D19241121F8084C2C1121F8E5
:10690400044C0199B1F90280A8EB0A0CACEB090E16
:10691400AEEB07073A441344EC181344E518134448
:10692400241120F8104B5C192D11134400F11001AF
:1069340020F80E6C20F80C5C1D19241120F80A6C48
:1069440020F8066C20F8084C2C1120F8026C20F872
:10695400044C02988842A2D10E99C1F80080524991
:10696400C1E900234F4B8D60C3E900CE0A9B40333D
:106974000A93C5E6089AC3F8702F20320892DDE620
:106984000D9A002A00F0828048480B99444BD0F8B5
:1069940000E00B440F904648464902EB430A0C9E24
:1069A4008D68D346D0E9007C0898D1E9002300F132
:1069B400100100F582600290F246B946BBF902E08C
:1069C4000BF10207E04621F8106C0197AEEB0A07C1
:1069D40021F80C6CF246A7EB090CB946019F01F1B2
:1069E4001000ACEB080821F8086C21F8046C07F1DE
:1069F400020B4244E04620311344EC181344E518DA
:106A04001344241121F82E4CEC1813442D1121F8B1
:106A14002A5C1D19241121F8264C2C1121F8224C32
:106A2400B7F902E020F8106CAEEB0A0721F81C6CF1
:106A340021F8186CA7EB090C21F8146CACEB0808CE
:106A440042441344EC181344E5181344241120F869
:106A54000E4CEC182D11134420F80A5C1D19241156
:106A640020F8064C2C1120F8024C02988142A3D144
:106A74000F99C1F800E00F49C1E900230C4B8D6068
:106A8400C3E9007C0B9B40330B9339E64FF48062DF
:106A94000D99089804F0E2FA32E600BF5C1F00206A
:106AA400010000806C1F0020381F0020601F0020A0
:106AB4007C1F0020501F002038B50021044600F040
:106AC40017FA88B172B61C4A1368002B2BD01B49E5
:106AD4000D68002D2CD0156008600021184A118023
:106AE40062B6184600F0B8F90121204600F000FA19
:106AF40098B172B6134A136883B113490C6854B140
:106B040014600024114A0860148062B61846BDE877
:106B1400384000F0A1B9086062B638BD0B49106076
:106B24000B8062B638BD064910600B8062B6DBE7A5
:106B3400086062B6D8E700BFC81E0020CC1E002043
:106B4400BE270020D01E0020D41E0020C027002015
:106B540010B5044600F046FB204610BD38B5234C62
:106B6400002342F210724FF40C61E06F40F44020B5
:106B7400E0671C2004F0A4FCE3691D4923F440638E
:106B84001C481D4A43F40063E361A36A19401B4B8C
:106B940041F0CE01A16241680A4042F40022426001
:106BA4009A68002A20DB1649032000224FF480341F
:106BB400C1F828014FF08E45C1F82401114812494B
:106BC4001A66DA601D615C619861D961C3F8E020DE
:106BD400C3F88C204FF0E062C3F89020C3F89440CF
:106BE400C3F89800C3F89C1038BD00BF00C00F4024
:106BF40000FEFFFF00C00A40F8FFF7FF00403840E6
:106C040000801F40130F0100000F0F0F10B5364C0A
:106C14004FF400620021204604F020FA3348012199
:106C240000F07CFA00233249324A0B601360FFF70C
:106C340095FF2346BFF34F8F04F5006204F1200053
:106C44004FF0E021824234BF0122402204EB421281
:106C5400C1F8703F20339342FAD1BFF34F8FBFF393
:106C64006F8F224A0320244B2449C3F880014FF438
:106C7400806013681C600224D8829C60A4F602041D
:106C8400D8830620596000211279DC601C4C98835B
:106C940002F110001C61996199821A4C1A4B43F855
:106CA400204002F01F04194B012003EB5213A040B3
:106CB40014B29B0018601648164B40F8241016496D
:106CC40040F82410A0F580401449C276D3F88820F7
:106CD40042F00042C3F888209A681143996000F09A
:106CE400FBF90F4B187010BD80A22020D81E002085
:106CF400C81E0020D01E002000801F400200010199
:106D040020403840DD47000000180020403800389B
:106D140000C00E4000403840140000800100009084
:106D2400D4270020024A0349034803F041B800BFB6
:106D3400500E0020C14D0000D81E00204FF0E0236B
:106D44004022C3F808227047F8B5144B144D1C6850
:106D54006E689CB1237A20466BB123686F681B6808
:106D640098476B68E188DB1BC3F38F12B1EB931F69
:106D7400A28038BFE2806469002CEBD1084B094A39
:106D84005B6810889B1B084CC3F38F11B0EB931FF7
:106D9400218038BF1180BFF34F8FF8BD401E002003
:106DA400001000E0BA270020B827002030B472B6E3
:106DB400244D254C2A8804F1700104EB82038B4294
:106DC4003CD204F16F01501CC91A00EB910002E09F
:106DD4000132824232D09C4653F8041B0029F7D07A
:106DE400B1FA81F04FF00043C34021EA0301CCF82B
:106DF400001001B90132154B2A801A88013291B270
:106E0400198062B6ACEB040C41F67C73C0EB0064F1
:106E14004FEAAC0CC0EB841001240CEB8C1C03EB8C
:106E2400CC1303EB80030A480068C4541844094B8C
:106E34001C88944230BC38BF1980704762B6002069
:106E440030BC7047BC270020441E0020B42700201B
:106E54003C1E0020B6270020428872B60378012B1E
:106E640003D9013B037062B67047D14353090B4801
:106E74004FF0004201F01F01CA4050F823100A43AA
:106E84000749B1F800C040F823209C45054A88BF53
:106E94000B801388013B138062B67047441E0020A8
:106EA400BC270020B4270020C36813B91DE0DB68A9
:106EB400E3B1187A9042FAD110B4586893F809C033
:106EC400006950F82C4054B1DB682BB1187A904219
:106ED400F3D0DB68002BF9D15DF8044B704740F820
:106EE4002C10087801300870EEE77047704700BF37
:106EF400437A8B4206D90369002253F8210043F8F0
:106F0400212070470020704700220449C0E9002274
:106F1400028102740A680860C2607047B41E0020CF
:106F2400037CFBB903680146FBB14368EBB1427AC9
:106F34005B7A9A421CD230B472B62B4B1C68ECB10B
:106F4400E368C3B1486801E0DB68A3B15A688242D0
:106F5400FAD193F809C04A7A9445F5D162B604206F
:106F640030BC7047012062B67047032062B6704798
:106F7400022062B670476469002CE1D11B4C23687F
:106F840043B1994202D10BE0994207D01A46DB681B
:106F9400002BF9D1052062B630BC704702F10C0415
:106FA4000D68E868E8B1C3681BB908E0DA683AB16B
:106FB400134681421846F9D162B60620D0E703464B
:106FC400D960CB68002023600123C860AA7A2B72A1
:106FD4001A44AA724A68947A13721C4494720B7409
:106FE400D9E7E960EDE700BF401E0020B41E002091
:106FF40010B5047C9DF808E00CB1012010BD0272AC
:1070040080F809E0C0E90013BDE81040FFF788BF2D
:1070140038B5037C002B36D043680446427A5B7A49
:107024009A4238D272B60168CB68002B2DD09842B0
:1070340033D01A46DB689C422AD0002BF9D162680F
:10704400607A136953F8200048B1FFF705FF72B660
:1070540062680025607A1369216843F820508B7AAE
:10706400013BDBB28B7203B90B72937A013BDBB247
:10707400937203B913720A4B00201A6820741C60BF
:10708400E26062B638BD012038BD62B6032038BD67
:10709400E368D360D3E7022038BDC368CB60CEE792
:1070A400B41E002010B50446FFF7B2FF094A136866
:1070B40043B19C4202D108E09C4205D01A46DB68E9
:1070C400002BF9D1204610BD0C32E3682046136032
:1070D40010BD00BFB41E00200C4B1A789AB90C4A9C
:1070E4000C4910B4C2F858110B48D02401224FF0B7
:1070F400E02180F8464040241046C1F808415DF87C
:10710400044B1A7070470020704700BFD22700203C
:1071140000180020B94F000000E400E070B472B61B
:1071240021B9036813B102790F2A45D9294C218862
:10713400002341FA03F212F0010208D00133102BAC
:10714400F7D162B600220371026070BC70474FF041
:10715400010C0CFA03FC41EA0C01218062B61E4DBD
:107164005FFA83FC1D4940F2824680F804C0EC6F4C
:10717400194483F0030344F0C0044901EC67A5F506
:107184009F35174CA5F58075266084F81AC084F8DD
:107194001EC084F818C084F81FC00160C1E9002231
:1071A400C1E90222C1E90422C1E906225A5D42F082
:1071B400C0025A5570BC7047064C218841FA02F54A
:1071C400ED07B5D5054D1544B3EB451FB0D162B6F7
:1071D400BBE700BFC227002000C00F40807400023C
:1071E40000800E4003790F2B11D8094A937672B6AA
:1071F4000849012290F804C00B8802FA0CF223EA31
:1072040002030B8062B610220023027103607047F0
:1072140000800E40C2270020704700BF704700BFA7
:10722400704700BF704700BF70B51A4C1A4D2368F1
:10723400AB4202D0194AD16829BBA369AB4202D040
:10724400164AD169C9B9236BAB4202D0134AD16A39
:1072540069B9A36CAB4209D0104AD16B31B1012199
:107264001B680F48D163BDE87040184770BD012109
:107274001B680C48D1629847EBE701211B680A4858
:10728400D1619847DFE701211B6804F10800D16050
:107294009847D2E7C01A0020400800200041084067
:1072A400101B0020F81A0020E01A002038B5064C04
:1072B400A4F1600554F8083C2046183CDB68984764
:1072C400AC42F7D138BD00BF101B002003682DE984
:1072D400F041044688B01746002B4BD000229A6038
:1072E4000122DA60304D04A8DFF8E0801D4451F833
:1072F400083B2D1102935B6805EB45069847F600A1
:1073040006F1080058F806304044DB6801909847BD
:10731400264A04A9DDE90103029248F806309B6875
:107324009847029B04A8DB689847236803222048F7
:107334001F609A601F4A23791F4C53551378517864
:10734400C0F828428B4228BF0B469178D2788B42F2
:1073540028BF0B46934228BF1346184C4FF0E02237
:107364004FF08061012084F87A30C2F80C1108B023
:10737400BDE8F081124AD36E43F44053D366012230
:10738400104B1A60104A1346026040329868002875
:10739400A8D0103393422360F8D100231846236009
:1073A40008B0BDE8F08100BF00BFF7BF400800206F
:1073B40000180020400E00209954000000E400E072
:1073C40000C00F400040084000410840C01A00209F
:1073D400F8B5036843B3154C0746154E1C442411F5
:1073E40004EB4405ED00735905F10800DB683044F3
:1073F4009847104B0021012273513B689960DA6071
:10740400FF230D4A1355137850789478834228BF8C
:107414000346D078094AA34228BF2346834228BFA3
:10742400034682F87A303960F8BD00BF00BFF7BF69
:10743400C01A002040080020400E002000E400E0B4
:1074440010B4064B0020064C064A1C609C611C6369
:107454009C6405495DF8044B02F0AABCC01A0020E4
:1074640040080020500E00201D550000084602F080
:1074740059BB00BF00B5036883B040F60D2C02224F
:1074840001A95B68ADF804C0984703B05DF804FB3C
:1074940008B1014B18607047381E002000B97047CE
:1074A40014490A68EAB1D31730B4134C134D84FB62
:1074B400024C134C9444C3EB2C4304FB132244F2BC
:1074C400A71405FB03F304FB0233002B10DA6FF05F
:1074D40000421A440A60B2FBF0F330BC00FB1320F4
:1074E4007047084AB2FBF0F30A6000FB13207047B0
:1074F4001A46EFE7381E00205F0B4E83ECF4FFFFC3
:107504001DF3010042CE0C1F1C2849D8F8B5254FA5
:1075140004463B78E3B9244B1B5DFF2B29D0234A57
:1075240002EB041291680A6802F44050B0F5805FDF
:1075340030D01C061FD41E4C2360236AD80704D401
:1075440002F084FB236AD907FAD5194B586AF8BDAF
:10755400174D184E01E002F079FBAB6C1B06FAD410
:10756400B36C13F08003F6D13B700F4B1B5DFF2B04
:10757400D5D10020F8BD0F4C03F07F032360236AAC
:10758400DA0704D402F062FB236ADB07FAD5094B5D
:10759400586AF8BD22F480521C060A60EBD4CAE78C
:1075A40000207047D8270020CC0B00204C09002075
:1075B40000400C4000800C40082830B422D00A2837
:1075C4000CBF4FF405714FF44671104C104D636CB1
:1075D400626C2B400F4802F003021A43636C03F001
:1075E400E00313430B436364436C426C2B4002F08F
:1075F40003021A43436C03F0E0031343194330BC02
:10760400416470474FF44071DFE700BF00400C4015
:1076140000FCFFFF00800C4010B41F4C1F281F49C2
:10762400A36C23F02003A364626C8B6C22F44042AD
:1076340023F020038B644B6C23F4404312D942F4AF
:10764400404243F4404362644B641349134A8B6CD5
:107654005DF8044B43F020038B64936C43F02003E8
:10766400936470470F2808D942F4004243F400435E
:1076740009480A4942644B64E7E7072804D942F4FD
:10768400804243F48043F3E7032862644B64DCD80C
:107694005DF8044B704700BF00400C4000800C4074
:1076A400A249A34B88422DE9F047A24C5E699A692E
:1076B400D4F80C801BD9A04B984240F20281C31A23
:1076C4009E491B0AA1FB031340F22761DB0903EB6C
:1076D400830303EB830303F2E2438B4228BF0B468D
:1076E400A3F54877964BA3FB0737FF0804E0954FB3
:1076F400B8428CBF0E2706278D4908F01F09D1F820
:107704008030B94543F0C003C1F880300CD228F072
:107714001F08A1F5F82148EA0708C1F80C800B6896
:10772400002BFCDA08F01F0916F0007324D18649F7
:107734000C698649A14300F0EA8082F48051344602
:107744004FF4805514F0605F04D026F060561E4359
:10775400774B5E6111F4405F07D022F440527449C4
:107764002A438A618B6C1A07FCD446F00076704A6F
:107774005661936C9B06FCD4754CA04200F2CE80FB
:107784004FF0010C0146634603FB011203F1010EA5
:107794000CF10105A24218D8BEF1080F4FF0010305
:1077A40040F08D80BCF1040F00F291800A18A242CF
:1077B40000F2A48005FB00F1AC4603F1010E03FBCB
:1077C40001120CF10105A242E6D90CF1FF318C0241
:1077D40086EA81215F4810445F4A90427FD9DFF8EE
:1077E400A4A16C225D48584DB0FBFEF0D5F800E032
:1077F400B0FBFCF0DFF890C10EEA0C0CD44509D0C4
:1078040042F400524FF4805CC5F800C02A602A6834
:10781400002AFCDA464A156905F007059D4203D0A3
:107824001361936CDD03FCD411F4E05F09D026F4FA
:10783400E05604F4E0543E4A26435661936C99079B
:10784400FCD44749474A014491423CD8464BC909B4
:10785400A3FB0131090B4B1E1B0286EA030212F43F
:10786400407F06D026F4407603F44073304A334315
:1078740053612F4A536923F000735361936C9B0641
:10788400FCD43A4B4F45A3FB00234FF0FF324FEAA1
:107894009343B0FBF1F1B2FBF3F3354A1060354A80
:1078A4001160354A136008D228F01F08214A48EABB
:1078B4000707D7601368002BFCDABDE8F08773462E
:1078C40062E7122718E74FF440730421C5E70CF16F
:1078D400FF31204807238C02104486EA8121274A7D
:1078E400DFF8A8A0A2FB0020020D2548362A38BFE5
:1078F400362202FB00F042EA0A0A74E74FEA8C24BB
:10790400002386EA8C214FF0010EAC4662E71D4647
:1079140086F0C05411464FF0C05313E700244FF0D3
:10792400010C024631462346E64653E700A4781F7D
:1079340000C00F40000008400046C32323B24C009F
:107944001F85EB5100366E0100800D4040300080F1
:10795400FFB19F26808D5B00FF7EF64D00643F4D96
:107964007FD1F0087F17B42C9F10E50083DE1B4302
:107974002C0E0020280E0020E0250020819F5E169A
:10798400001BB7006C2000807F3001800020008045
:1079940000B970472DE9F84F01218146214C224D51
:1079A400224E54E8003F2A68306844E80013002B54
:1079B400F7D11F494B684FF47A7BDFF878A01B1A84
:1079C40001270BFB02F8DAF80020A3FB02325A4528
:1079D40094BF9044D84454E8003F2A68306844E88F
:1079E4000073002BF7D14B68DAF800C01B1A0BFBAD
:1079F40002F2A3FB0C3CBCF57A7F94BF624402F50F
:107A04007A72A2EB0802B2F57A7F06D3B9F10109C2
:107A140008F57A78DFD1BDE8F88F02F017F9044948
:107A2400D9E700BFF0250020EC250020E825002040
:107A3400001000E0E025002030B40F4B4FF0010CA3
:107A44000E4D0F4C53E8002F2868216843E800C20C
:107A5400002AF7D10B4B5B680B4A5B1A4FF47A711F
:107A6400126801FB00F0A3FB023230BC8A4294BFCF
:107A740080184018704700BFF0250020EC25002036
:107A8400E8250020001000E0E0250020272816D873
:107A94000201104B03EB00109B5810B4C2685C68E1
:107AA400144205D061B95DF8044BC3F888207047CF
:107AB400836851B1084A5DF8044B1A6070477047F7
:107AC4005DF8044BC3F884207047044A5DF8044B06
:107AD4001A6070474C09002038F00100383001006A
:107AE40027280BD8064B020103EB00109A58C368F1
:107AF40092681A4214BF012000207047002070478A
:107B04004C090020272829D8164B0201012903EB30
:107B140000109A5810B45368C4680ED004290CD0CD
:107B240023EA040353608368A9B1022917D0032907
:107B34000CBF0D4A0D4A1A6007E023430129536024
:107B4400836808D040F638021A60436815225DF84D
:107B5400044B1A60704738221A60F6E77047044AEB
:107B64001A60F2E74C0900203830010038000100A7
:107B740038F00100704700BF272858D80001F0B43E
:107B8400344C354D2358AB4256D049D8B3F1844FC9
:107B94004BD0A5F58045AB4240D1304D2044304E0A
:107BA400304CC4F8B462D0E901C4C0684FF0E02698
:107BB4004FF00057042AC6F810712FD85E6926EAE0
:107BC40000065E614FF00506CCF80060266846F4B6
:107BD400803626605C6824EA00045C60224C54F819
:107BE400224090FAA0F2B2FA82F245F822106FEA2B
:107BF40000011DD0DD690F2A01EA0501D9611DDCF0
:107C040052000325D968944005FA02F221EA0202DF
:107C14002243DA6098615A6902435A61F0BC7047A2
:107C2400124DAB42FAD1124DB8E7124DB6E7704788
:107C3400DA690243DA61EDE70F4DAFE7103A032545
:107C440019695200944005FA02F221EA0202224321
:107C54001A61DFE74C090020008000420413002071
:107C640021000000001800208407002000C000420A
:107C740004140020841200208413002008B5FDF7AA
:107C84004FFEFDF7C3FF01F0E1FFFAE7844641EA46
:107C9400000313F003036DD1403A41D351F8043B80
:107CA40040F8043B51F8043B40F8043B51F8043BD2
:107CB40040F8043B51F8043B40F8043B51F8043BC2
:107CC40040F8043B51F8043B40F8043B51F8043BB2
:107CD40040F8043B51F8043B40F8043B51F8043BA2
:107CE40040F8043B51F8043B40F8043B51F8043B92
:107CF40040F8043B51F8043B40F8043B51F8043B82
:107D040040F8043B51F8043B40F8043B51F8043B71
:107D140040F8043B51F8043B40F8043B403ABDD2E0
:107D2400303211D351F8043B40F8043B51F8043B82
:107D340040F8043B51F8043B40F8043B51F8043B41
:107D440040F8043B103AEDD20C3205D351F8043B11
:107D540040F8043B043AF9D2043208D0D2071CBFDD
:107D640011F8013B00F8013B01D30B880380604606
:107D7400704700BF082A13D38B078DD010F003037C
:107D84008AD0C3F10403D21ADB071CBF11F8013BEC
:107D940000F8013B80D331F8023B20F8023B7BE73B
:107DA400043AD9D3013A11F8013B00F8013BF9D266
:107DB4000B7803704B7843708B7883706046704700
:107DC40002F088BE01F1FF3C70B56646002400E075
:107DD4000134B0FBF2F502FB1503092B03F1370E56
:107DE40003F130035FFA8EFE98BF5FFA83FE904280
:107DF400284606F801EFEBD2631C0022C818CA54C7
:107E04007CB162461CF8015F10F8016DA1EB0C0314
:107E140002328CF80060013B521A057023449A42E6
:107E2400EFDB084670BD00BF4FF0010C0CFA01FCFB
:107E340001EB410100EB411170B5B1F80EE01FFAFE
:107E44008CF5254C1FFA8EFE24782E010EFB03338D
:107E540006F0F006E340B0F888417345A4B228BFA9
:107E640073463443012AA0F888410DD0022A28D051
:107E7400C2B10CF00F02B0F888C11FFA8CFC4CEAB6
:107E8400020CA0F888C170BD9BB20CF00F022D0249
:107E9400CB82B0F8803105F470659BB22B43A0F817
:107EA4008031E8E7AEEB030E0CF00F021FFA8EFEF2
:107EB400A1F80AE0B0F880319BB21343A0F88031F6
:107EC400D9E79BB20CF00F02CB83B0F880319BB2A0
:107ED4001E43A0F88061CEE74615002027284BD822
:107EE400F8B52A4D044615F8202005EB8005012A33
:107EF4002DD0022A3FD16B78C3F3011003283ED062
:107F0400234A02EB803203F0030C224889B2634611
:107F140002EB4C1C0678BCF806E05801BCF81030A3
:107F24001FFA8EFECEF1011E1EFA83F303F1FF3E0B
:107F34000EFB01F1F1408E4523D95B1AC3F1010315
:107F44009BB289B20244ACF8063011820DE06A7823
:107F5400C2F30113032B10D00F4800EB83308BB214
:107F640002F00301AA78FFF75FFF0C4BEA7803EBFA
:107F740004135B681A60F8BD70470948EFE7094AC3
:107F8400C1E7991E4FF6FF73DBE700BFE80B002043
:107F940000C01D404615002000C03D404C09002093
:107FA40000803E4000801E4000230F2248F2B82C7F
:107FB400194610B54FF470444FF4806EA0F88C410C
:107FC4004FF46044A0F88E210A46A0F89031B0F82E
:107FD40088319BB243F0F003A0F8883101EB4103F0
:107FE400013100EB431304299C80A3F806E05A8472
:107FF4001A865A805A81A3F80EC05A82DA825A83AA
:10800400DA83EBD1B0F888319BB243F00F03A0F8C8
:108014008831B0F888319BB243F47063A0F888319A
:1080240010BD00BF374B384A996F384841F47F017F
:1080340070B5996741F20106D3F8801045F6C05532
:1080440043F226040A43C3F88020FFF7ADFF00F58E
:108054008040FFF7A9FF00F58040FFF7A5FF00F57A
:108064008040FFF7A1FF0022A0F503104FF00F0E90
:10807400114600EB42134FEA421C01329981042A53
:108084005981A3F80EE09E82DD8020F80C1019823D
:108094009C81EED100221E484FF00F0E41F20106E2
:1080A400114645F6C05543F2260400EB42134FEA4D
:1080B400421C01329981042A5981A3F80EE09E8260
:1080C400DD8020F80C1019829C81EED10022114829
:1080D4000F2641F20105114645F6C05443F2260E1F
:1080E40000EB42134FEA421C01329981042A598160
:1080F400DE819D82DC8020F80C101982A3F80CE04C
:10810400EED170BD00C00F40000003FC00C03D4034
:1081140000001E4000401E4010280346044A28BFA9
:1081240010231078012B38BF01231370704700BF50
:108134004615002072B6EFF30583524CC4F8843020
:108144001EF0040F0CBFEFF30882EFF309824FF027
:10815400E0234D4E4D4DD3F8280DD3F82C1DC4E922
:108164002201D3F8341DD3F8383DC4E924139369AC
:10817400C4F89830D369C4F89C3000F0BFF884ED9B
:10818400280A01F003FE0B214FF0FF32C4F8A400CB
:108194000B46C4F880103E49301D5A40202402F09A
:1081A4000103013C01FB03F383EA5202F7D1A84225
:1081B40002D073680646EFE7324BC3F8A820BFF33A
:1081C4004F8F4FF0E0233049324AC3F8701FC3F891
:1081D400702FBFF34F8FBFF36F8F2F4A02252F48A5
:1081E400D36E2F4943F44053D3660560D3692D48B9
:1081F40023F07F0343F04003D3610B6883423DD8EF
:10820400264D00214FF0E0234FF0FF322960012674
:10821400C5F808112449C5F80011C5F80861C3F868
:108224008021C3F88421C3F88821C3F88C21C3F8C2
:10823400902101E000F070F9D5F80C31002BF9D051
:108244000134C5F80C614F2CF4D9184B022018499D
:108254004FF00042C1F840015A63D5F80C313BB9E4
:10826400144815490D4A0163D2F80C31002BFAD099
:108274004FF0E023114AC3F80C2DFEE7FFF710FA84
:10828400BEE700BF00FF272080FF2720A8FF27208C
:108294002083B8EDA0FF272000C00F400040084015
:1082A4002C0E0020803DCD0B009F240000900D403B
:1082B40000002E4000800F40F100AD0B0400FA05D1
:1082C4000A490A6838B108B513180948834204D822
:1082D40010460B6008BD1046704702F029FF0C23BE
:1082E4004FF0FF320360104608BD00BF4C0E002063
:1082F4000000282030BFFDE7FFF71CBF124AD2F868
:1083040080305B07FBD5D2F880301048C3F30B23D1
:108314000F4990ED007A07EE903A91ED006AB8EEBD
:10832400477A0C4AF8EEE77A0B4BD2ED006A77EE07
:10833400C77A93ED007AB8EE477A67EE867A87EECD
:10834400A60A37EE400A704700810D40D025002070
:10835400D8250020DC250020D4250020836BF0B430
:108364001BB1536843F40043536072B6446B3CB38F
:108374001A4B2260D3F8B0410C421DD1184E7768D5
:1083840004E07468E41BB4F5166F0BD2D3F84041D3
:1083940044F48044C3F84041D3F8B851D3F8404181
:1083A4006404EED50D4007D10C4CC0E90225D4F885
:1083B400B0310B43C4F8B031426362B6F0BC7047CD
:1083C400064DC0E90224D5F8B0310B43C5F8B031ED
:1083D4000263426362B6F0BC704700BF00002E40E7
:1083E400001000E070B5056B9DB106462A460024D6
:1083F40003E012680134012A0CD0536813F080039F
:10840400F7D032632CB12846B36B2D689847013CF2
:10841400F9D170BDC6E90C33F4E700BF30B4D9B963
:108424001F4C204B0021204A01254FF00110996078
:108434001D60C4E9023180245C60C2F8BC01D2F83A
:10844400B0311A482B43C2F8B0310160D2F8B031D0
:10845400002BFBD130BC70470904154B104C01258F
:1084640041F080019860104A596000F580511D6008
:10847400D96000F50051A364196100F5405100F57D
:108484008040596100219861E164D2F8B03143F42D
:108494008033C2F8B031D2F8B031002BFBD1C0E741
:1084A40000000020201B002000002E409C23002000
:1084B400401B002010B472B60A4C01220A492378EA
:1084C40002FA00F018432070D1F848311A0605D496
:1084D40080221343C1F84421C1F8483162B65DF8E3
:1084E400044B7047EE27002000002E40084901226B
:1084F4000B7802FA00F023EA0000087030B9054A4C
:10850400D2F8483123F08003C2F84831704700BFE5
:10851400EE27002000002E402DE9F04F9C4C83B044
:10852400D4F84461F107C4F844616AD5D4F8AC3195
:10853400002B61D0DFF88482964DDFF878B208F51D
:10854400805ADFF87C92944FC4F8AC31D5E90A2004
:10855400D4F8403143F40053C4F84031D4F84031E6
:108564009B04F5D5D4F8403123F40053C4F84031CA
:108574004FF00113C4F8B431D4F8B43113F001133B
:10858400FAD191B240F2816CCBF80030614500F22F
:10859400D980B1F5D06F80F06181B1F5817F00F0B1
:1085A4008F8140F2AB8040F2023C614500F0B28121
:1085B400B1F5A06F40F0C1807849EB648B60012372
:1085C400A9640B6080234B604FF00113C4F8BC31E5
:1085D400D4F8B03143F48033C4F8B031D4F8B031B6
:1085E400002BFBD1130C5B0643F08073C4F85431A9
:1085F400D4F8AC31002BA7D1654AD2F8BC31002B9A
:108604004AD1720616D5624BD3F8AC21C3F8AC211B
:10861400D3F8BC21C3F8BC21D3F8B041002CFBD162
:108624004FF0FF32C3F8B421D3F8843101F012F9CA
:108634005B4B1C60F40103D55A4B1B6803B198478C
:10864400B00103D5584B1B6803B19847710708D58F
:108654004F4BD3F8843113F400731AD0534B0122D7
:108664001A704B4BD3F848311A060FD533060DD583
:108674004F4A13782BB1013BDBB21370002B00F08F
:10868400428203B0BDE8F04F00F0AABC03B0BDE8DD
:10869400F08F464A1370E4E74649C2F8BC310868D3
:1086A400034240F061813E4A14681C40A9D05FEA4D
:1086B400144810D0374D4FF0010998FAA8F7B7FACB
:1086C40087F705EBC71009FA07F74030FFF78AFE72
:1086D40038EA0708F1D1A4B2002C92D02D4D4FF006
:1086E400010894FAA4F7B7FA87F705EBC71008FA5C
:1086F40007F7FFF777FEBC43F3D182E7802900F048
:10870400A780822919D183B210F0780015D103F023
:108714007F0257F82210284A1080180600F1C08101
:10872400CB0701D50123137002212348FFF776FEFE
:108734005EE7010C072900F045814FF00113C4F8EE
:10874400C03155E742F2210C6145F2D03AD942F2E8
:108754002123994268D042F221339942EDD10F4B43
:1087640000229A60EA640122AB641A6080225A6093
:108774004FF00113C4F8BC31D4F8B03143F4803362
:10878400C4F8B031D4F8B031002BFBD130E700BFCE
:1087940000002E4000000020C0012E40201B0020BD
:1087A400A0230020AC270020B0270020FC270020B5
:1087B400022800209C2300205C2500209423002014
:1087C400401B0020B1F5086F3AD0B1F5106FB4D159
:1087D400B548C2F307424FF0C81100930270B34A80
:1087E400C4F8C821C4F8CC11C4F8D01101F034F88D
:1087F40000F08CFBAE4A0121009BAA641160802129
:10880400936051604FF00112EB64C4F8BC21D4F8BA
:10881400B02142F48032C4F8B021CBF80030D4F84F
:10882400B031002BFBD1E3E680B2002897D1A14BF5
:10883400C2F307421968A04B1960A04B1A708EE767
:10884400994B01219E481B780370FFF7E7FDCFE6A3
:108854009B4802210380FFF7E1FDC9E6994B596863
:1088640000293FF46AAF4FEA124E82B204E019695C
:108874000C3300293FF461AFB3F800C0F445F6D1DE
:10888400B3F802C09445F2D14FEA1E22032A00F045
:10889400D8801A89000C824228BF0246BEF5007FA8
:1088A40040F0D480884B89491878894B009200287D
:1088B40018BF19468748FFF7E9F9864B009ADAE0B2
:1088C40010F0780F83B27FF438AF03F07F0213F017
:1088D400800F57F8223014BF23F4803323F00103B0
:1088E40047F822300022724BEA649A600122AB649A
:1088F4001A6080225A604FF00113C4F8BC31D4F8D6
:10890400B03143F48033C4F8B031D4F8B031002B23
:10891400FBD16DE610F0780F83B27FF40EAF03F055
:108924007F0213F0800F57F8223014BF43F48033D2
:1089340043F0010347F8223000225D4BEA649A6059
:108944000122AB641A6080225A604FF00113C4F80C
:10895400BC31D4F8B03143F48033C4F8B031D4F826
:10896400B031002BFBD143E6002008605A490C8843
:10897400486842F221018C427FF495AE80B200280F
:108984007FF491AE5549564C03C9A18086284FEA1D
:1089940011412060A1717FF486AE72B6514801780E
:1089A40041F008010170D2F848110D0605D4802069
:1089B4000143C2F84401C2F8481162B64A4A502140
:1089C400117070E6EB6001234349C9F80030474B4E
:1089D4000A60C9F80430464B4860C9F81030C5F83D
:1089E4000890C9E9028AD4F8B02142F00102C4F81F
:1089F400B02103F5805203F50053C9F81420C9F8D7
:108A04001830D4F8B031002BFBD1294AEB649360C1
:108A14000123AA64136048F2800353604FF00113EA
:108A2400C4F8BC31D4F8B03143F48033C4F8B03165
:108A34004FF48033CBF80030D4F8B031002BFBD1A5
:108A4400D6E5000C0A78824228BF0246BEF5E06FE4
:108A540050D11D4B1D4893F800C01D491D4BBCF15E
:108A6400000F18BF014600921846FFF70FF90721BF
:108A740003464170009A23F01F011344BFF34F8F44
:108A84004FF0E020C0F8701F20318B42FAD8BFF3BA
:108A94004F8FBFF36F8F0F481146FFF7BFFCA7E559
:108AA400C9033FF53FAE3FE6FB2700200200CC00A0
:108AB400201B0020EC25002034260020FA2700206B
:108AC4005C2500209C0C0020FC270020581C006022
:108AD400F01C006080AA2020201E00209423002087
:108AE4002C260020EE27002002280020800007000A
:108AF40094430020064B1846CDE90023FFF7C6F83F
:108B0400DDE90023B7E70320FFF7F0FC02F0E4FC03
:108B140080AA20202DE9F0471F46831E022B01D98D
:108B2400BDE8F087DFF84C9015460C463C2209EB73
:108B3400C01806464FEAC01A002108F104002404B4
:108B440002F08CFAB5FA85F20123520944EA427420
:108B540049F80A40C8F83870C8F80830002FDFD048
:108B6400034AB34011680B431360BDE8F08700BFAC
:108B7400A0230020000000202DE9F0470D46811EAF
:108B8400022901D9BDE8F087C701DFF84C9092466D
:108B9400044640373C2200211E4609EB07082D04F9
:108BA40008F1040002F05AFABAFA8AF2520945EAC4
:108BB400427249F807200122C8F83860C8F8082032
:108BC400002EDFD0034B10341968A2400A431A6008
:108BD400BDE8F087A023002000000020120481607B
:108BE400C36101F5405342F0800210B40124426095
:108BF40001F50052046001F5805401F58041C46020
:108C040081615DF8044BC0E904237047831E0A4662
:108C1400022B00D97047064B00F110014FF0010CF4
:108C240003EBC0100CFA01F14030FFF797BB00BF13
:108C340000000020831E0A46022B00D97047012140
:108C4400024B814003EBC010FFF788BB00000020FB
:108C540040687047124A134BD2F8200220F07F403C
:108C6400984210B584B002D200EB800040000E4C54
:108C740001A90A22FFF7A6F801A90023204611F84A
:108C8400012B01333AB10A2B20F8022FF7D1162316
:108C9400237004B010BD5B00DBB2237004B010BDC0
:108CA40000441F40809698002C15002000F0F2BE6E
:108CB40000F0C2BE00F026BF00F0E0BE00F07CBFB2
:108CC40000F052BF0846114600F042BF38B50C4BC5
:108CD40004460C4D1B68298843B1B1F5917F09D234
:108CE4004B1C9BB2084A2B80545438BDB1F5917F7C
:108CF400F6D338BD00220448984700210123F1E748
:108D040074260020D027002088260020F8B5144CB3
:108D14004FF0E025134E4FF4003204EB4024124F81
:108D240006EB40160346C5F88C2121463A883046A6
:108D3400FFF754FF3B882344BFF34F8FC5F85C4FC4
:108D44002034A342FAD8BFF34F8FBFF36F8F0420B0
:108D54003146FFF76FFF4FF40033C5F80C31F8BD0F
:108D640020AB2020601B0020C427002042684FF65F
:108D7400FC71114BC2F30E42C0691B889B1A0B4055
:108D840017D00E4930B40E4C0E4D227821F8103015
:108D94000021013225F81010062A94BFD1B20A46E8
:108DA400217009490C6823440B60084B985430BC6B
:108DB4007047FFF7ABBF00BFC42700208425002005
:108DC400EA270020A02500207C250020BC250020C7
:108DD4002DE9F04F0123DFF828A1DFF828B183B093
:108DE400414E9AF80020414D414F8BF8003005EB7D
:108DF40042153388D7F80080CDE90002002B6DD1ED
:108E04003C4CDFF804912846FFF722FF10F0800065
:108E14005DD03B68A3EB0803282B04D901232370FE
:108E240003B0BDE8F08F2378002BF9D199F8003016
:108E3400002BF5D000F00AFF3388002BE3D02E4A34
:108E44009AF800101288D01A043B2C4C9BB2204490
:108E5400338000EB4120009E4902C0F8006C93BBB4
:108E640004F5406428460C442146FFF7B7FEBFF3DF
:108E74004F8F04F1200204F50073934234BF0123A1
:108E840010234FF0E02204EB4313C2F8704F203458
:108E94009C42FAD1BFF34F8FBFF36F8F0420294652
:108EA400FFF7B4FE019B02200133032B94BFDBB216
:108EB40000238AF80030FFF719FB00238BF80030F9
:108EC40003B0BDE8F08F0220FFF7F4FAF5E70A4B90
:108ED4009AF800101A8820701346B5E7064A0199DB
:108EE4001288D01AB0E700BFC8270020201D002038
:108EF400EC250020EF270020CC27002020AB2020E9
:108F0400F6270020F8270020FB270020214B70B50E
:108F14001B78002B3BD04FF400731E461E49802261
:108F24001E4D00240B8000211D482B8002F096F872
:108F34001C4A21461C4B1470C0221C481C8002F0A1
:108F44008DF81B4A31461B4B042094609C60C2E997
:108F54000044194AC3E900441470184B184A1C70A1
:108F6400184B14602246FFF7D5FD23462246298874
:108F74000420FFF701FE20460134FFF7C7FE062C4C
:108F8400F9D100231049114A0B70137070BD4023AE
:108F94001E46C3E7FC270020C4270020CC2700205E
:108FA400201D0020F6270020C8270020601B002079
:108FB40084250020A0250020EA270020EC2700209B
:108FC4007C250020DD6F0000EF270020F82700201B
:108FD400024B1B780BB1FFF7FBBE7047FB27002049
:108FE4002DE9F843214B1D7815B9214E33880BB96F
:108FF400BDE8F883DFF888801E4A98F800701E4C9C
:1090040002EB47191D4A04EB4724128848462146BF
:10901400D21A2B46FFF7E2FDBFF34F8F04F1200273
:1090240004F50073934234BF012310234FF0E02270
:1090340004EB4313C2F8704F20349C42FAD1BFF3BF
:109044004F8FBFF36F8F013749460420FFF7DEFDD2
:10905400032F4FF000034FF0020098BFFDB233809E
:1090640088F80050BDE8F843FFF740BAF82700201D
:10907400C8270020201D002020B72020CC27002056
:10908400F6270020F8B54FF400324FF0E023204CCF
:10909400C3F88C211F4B227819788A422ED0D3B280
:1090A4001D4A1E4F01331E491E4E072B28BF0023A5
:1090B400D05C37F8102001EB40218D580432316820
:1090C40092B2043927F810203160174931F8101092
:1090D400914207D94FF0E0234FF400322846C3F8F9
:1090E4000C21F8BDDBB22370FFF710FE4FF0E02334
:1090F4004FF400322846C3F80C21F8BD00254FF088
:10910400E0234FF400322846C3F80C21F8BD00BF19
:10911400EC270020EA270020BC250020A025002001
:1091240020AB20207C25002084250020F8B50646AD
:10913400FFF7A8FF90B1C0F3031300F00F059C4A9A
:109144000446070A1370A5F10803062B08D807F094
:109154000F030133002E45D0B34243D00020F8BDA5
:10916400AB1EF8B2012B19D9F72818BFF02801D982
:10917400052D13D0042D00F085816B1F022B40F2C6
:1091840045810F2DEAD1F72808D8F02803D0894B60
:109194001B88002BE2D0FFF799FDDFE7F1380E289A
:1091A400DCD801A353F820F08D7500009F750000F2
:1091B400BD750000CD730000CD730000CB750000B9
:1091C400CD730000D9750000CD7300000575000053
:1091D4003B7500001F750000CD730000577500003B
:1091E40073750000082DC4F3033217D1082A15D172
:1091F40071488021714A0768C4F30746DDB21170D3
:10920400240E1FB1314628462246B8476C4B012034
:109214006C491D706C4B0E701C70F8BD092D14D177
:10922400092A12D1220E654900F0B4809020C4F3BB
:109234000746DDB20870D4B264490F68002FE5D048
:10924400224631462846B847E0E70A2D05D10A2AC6
:1092540003D15F48A021594ACDE70B2D05D10B2A34
:1092640003D15C48B021554AC5E70C2D40F08A80F3
:109274000C2A40F08780584AC02050491268C4F331
:109284000746DDB20870240E002ABFD031462846B6
:109294009047BBE7514B1B68002B00F00A81C4F3D5
:1092A40007469847454B240E00251F70AEE74C4BEC
:1092B4001B68002BF3D14B4B1B68002B00F0ED8097
:1092C400FC20C4F307469847ECE7474B1B68002B88
:1092D400E5D1444B1B68002B00F0DF80FB20C4F376
:1092E40007469847DEE7414B1B68002BD7D13D4B1F
:1092F4001B68002B00F0D180FE20C4F3074698477A
:10930400D0E73B4B1B68002BC9D1364BC4F307464F
:109314001B68002BC6D0FF209847C3E7354BC4F326
:1093240007461B68002BBDD030469847BAE7324B3E
:109334001A68002A00F0B180630CC4F30640260CBE
:1093440003F47E53F6B218439047ABE72B4BC4F3B8
:1093540007461B68002BE7D1A4E7294BC4F3074653
:109364001B68002B9DD19DE7264B1B68002B96D1D3
:109374001C4B1B68002B00F09080F820C4F30746B8
:1093840098478FE70D2D62D10D2A60D11E4AD02057
:109394000A4973E78020DDB2C4F307460870064922
:1093A4000F68002F7CD0314628461446B8472DE775
:1093B400FD270020D02700204C2600200128002073
:1093C400FE270020FF270020002800205026002030
:1093D40084260020482600205826002068260020E5
:1093E4006C2600205C26002044260020382600201D
:1093F400782600207C260020602600206426002099
:1094040080260020402600203C260020FFF75EFC3A
:10941400052D08D0C4F30740FFF758FC072D02D1EF
:10942400200EFFF753FC2B4B2B4819882B4A017055
:10943400080A2B4C107000202A4A1880F023246854
:1094440013707CB301222848A0470120F8BD0E2DDB
:109454007FF484AE0E2A7FF481AE244AE0202149B1
:109464001268087072B3610CC4F30640DDB201F4F3
:109474007E51260C240E01432846F6B2A1F5005174
:109484009047C3E6FFF722FCC4F30740FFF71EFC36
:10949400200EFFF71BFC0020F8BDC4F3074601E7CC
:1094A4003C46B3E6124B1B688BB10F48984701202A
:1094B400F8BD104B1B68002BEFD0FA20C4F307460D
:1094C4009847EFE6C4F30746DDB2240E9EE601207A
:1094D400F8BD00BFD0270020FF270020002800206F
:1094E400742600200128002088260020542600200D
:1094F400702600205C260020F8B5144C4FF0E025BF
:10950400134E4FF4003204EB4024124F06EB401686
:109514000346C5F88C2121463A883046FFF75EFBA6
:109524003B882344BFF34F8FC5F85C4F2034A342DC
:10953400FAD8BFF34F8FBFF36F8F03203146FFF785
:1095440079FB4FF40033C5F80C31F8BD20BF20205F
:10955400201C0020C6270020244B2DE9F0411C8844
:109564004368C569C3F30E43E41A002C24DD204983
:1095740020480A780078D3B21F4E82421F4807D091
:1095840010F8038036F81870C7F50072944218D9A1
:109594000133002226F81540082B194E88BF1346C4
:1095A40026F8152098BFDAB2C554164B0A701A680B
:1095B40014441C60BDE8F0812846BDE8F041FFF783
:1095C4009BBF07EB4820104922462744084401EB7F
:1095D4004521FEF75BFB0B4A284626F818701368F2
:1095E4002344BDE8F0411360FFF786BFC62700207F
:1095F400EB270020ED27002090250020C425002023
:10960400AC2500208025002020BF20201D4B1A7887
:10961400002A36D102F0FF031B4A12788AB32DE9DF
:10962400F0411A4D2A8852B3194EC2F50068194FF9
:109634003278194C07EB421704EBC22442463846F1
:109644002146FFF7CBFA04EB0802BFF34F8F4FF02C
:10965400E023C3F8704F2034A242FAD8BFF34F8FEF
:10966400BFF36F8F03203946FFF7D0FA3378013305
:10967400DBB2032B88BF0023337000232B80BDE8AB
:10968400F0817047F9270020FB270020CA2700201B
:10969400F7270020A01D002020CF20202DE9F04F27
:1096A40085B0CDE90110002900F0BF800023604C93
:1096B400DFF89881DFF898A15E4F009301235E4A9A
:1096C40023705E4B1978B8F8003002EB4119002B77
:1096D40040F0A7801E461D469B464846FFF7B8FA51
:1096E40010F0800000F08C80BFF34F8F9AF80030A8
:1096F40084F800B005B93E68002B7DD13B689B1B04
:10970400782B00F287804E4B1B78002B74D000F02E
:109714009DFA0122B8F8003015462270002BDCD0E7
:10972400464AC3F5006011781A4600EBC120454D46
:10973400C9022844019D954217D20393DDE90151E2
:109744002A46FEF7A3FA039B4FF040425B1BA8F89E
:1097540000303D4BC3F88420BFF34F8F00980023A3
:109764002844237005B0BDE8F08F364BCD1802991C
:10977400FEF78CFA00234FF4006229464846FFF7AF
:109784002DFABFF34F8F05F1200205F500639342D4
:1097940034BF012340234FF0E02205EB4313C2F80A
:1097A400705F2035AB42FAD1BFF34F8FBFF36F8F99
:1097B40003204946FFF72AFA204A13780133DBB223
:1097C400032B84BF00231D4A1370B8F80030019A9C
:1097D400D11A009A1A4401910092029A1A44002361
:1097E4000292194AA8F80030C2F88430BFF34F8FB0
:1097F400237000297FF462AF009805B0BDE8F08FB4
:109804004FF400620D4B8AF8000019781346A8F84B
:1098140000208AE7012300988AF8003005B0BDE8EB
:10982400F08F1A46C3F500607FE70198E5E700BFB3
:10983400F9270020EC250020A01D0020F727002098
:10984400FB27002020CF202000002E40CA27002024
:10985400F0270020704700BF2D4B002180222D48A7
:1098640070B51B7800242C4D8B422C4E0CBF40232A
:109874004FF400732B80338001F0F0FB284A21461B
:10988400284B14704FF4807227481C8001F0E6FBCB
:10989400264A1021264B0220C2E90044C2E90244B0
:1098A400244AC3E900441470234AC3E90244234B05
:1098B4001C70234614602246FFF75EF92246318865
:1098C40003201F4BFFF726F9234601222988032092
:1098D400FFF752F920460134FFF70EFE082CF9D1A8
:1098E400184B00214A221848184C0460C3F884100D
:1098F400C3F88020D3F84821154942F08072C3F898
:10990400482121B1134A137843F00103137070BD49
:10991400FC270020A01D0020CE270020C627002001
:10992400F7270020CA270020201C002090250020B3
:10993400AC250020EB27002080250020ED27002007
:10994400C977000000002E40AC2700207D7800007D
:1099540000000000032800202DE9F04F4FF0E02321
:109964004FF40032DFF8C8A083B0C3F88C218B46D3
:109974009AF8004000294FD08046E4B20027DFF86F
:10998400B490264BABEB070225491B78A34204F1A4
:1099940001043FD0092C234B404628BF00241E5D00
:1099A40039F816C00CEB462319441F4B33F81650F4
:1099B400A5EB0C05AA421CD20CEB462C18491B4CF7
:1099C40061440192FEF762F9216839F8165058464D
:1099D400019AA1EB0B012A44394429F8162021608D
:1099E4004FF0E0234FF40032C3F80C2103B0BDE87C
:1099F400F08F2A462F44FEF749F90C49E3B230466A
:109A04000A68A844521B0A608AF80030FFF774FD04
:109A1400BB45B6D83846E3E70846E1E7EB27002024
:109A240020BF2020C4250020902500208025002070
:109A3400ED270020AC2500200B4B0C4A1278197836
:109A4400D3B28A420DD0013309480A4A092B0A4984
:109A540028BF0023C35C31F8131002EB4323585C86
:109A640070474FF0FF307047EB270020ED270020B0
:109A7400C425002020BF2020AC250020044B10B5B5
:109A84001C680CB1204610BD00F0E0F8204610BD63
:109A9400802500202DE9F84F144E154D33782A788F
:109AA400934221D0DCB2DFF85090DFF850B0DFF8F9
:109AB4005080104F0134082C5FFA84FA01D9002435
:109AC400A24619F80400DBF8003038F8102037F803
:109AD4001010521A9B1ACBF80030FFF70DFD86F8D0
:109AE40000A02B78A342E5D1BDE8F88FED27002034
:109AF400EB270020AC250020C42500208025002071
:109B04009025002000B583B001210DF10700FFF777
:109B140023FF20B19DF8070003B05DF804FB4FF06C
:109B2400FF30F9E7094B00B583B01B788DF80700C7
:109B34003BB101210DF10700FFF7B0FD03B05DF863
:109B440004FB03F0FF0003B05DF804FBFB270020D7
:109B5400044B1B7803F0FF020BB1FFF79FBD1046C7
:109B6400704700BFFB2700202DE9F0410024DFF8F7
:109B7400448001230D4D27460D4E88F8003033787C
:109B840028462035A34204F1010405D0FFF760F80C
:109B9400030658BF07F50067042CF0D1BFF34F8FBD
:109BA4000023384688F80030BDE8F081A01D00206D
:109BB400F7270020F92700202DE9F8431D4B1B78D7
:109BC40013B11D4D2A880AB9BDE8F8831B4EC2F5AE
:109BD40000691B4933784A461A4C01EB43181A4F63
:109BE40004EBC324012340463B7021460023FEF7C7
:109BF400F5FF04EB0902BFF34F8F4FF0E023C3F8E6
:109C0400704F2034A242FAD8BFF34F8FBFF36F8F47
:109C140003204146FEF7FAFF33780133DBB2032B0E
:109C240088BF0023337000232B80BFF34F8F3B701A
:109C3400BDE8F883FB270020CA270020F72700206F
:109C4400A01D002020CF2020F92700202DE9F84373
:109C54002D4B1E7866B12D4F3B784BB90123F1078C
:109C64003B7043D4B20726D400233B70730701D45E
:109C7400BDE8F883264B1A68002AF9D0EFF3058271
:109C8400002AF5D1EFF3108572B61868002834D095
:109C9400204C2178002930D10122227042691A60B7
:109CA400002A2ED0916105B962B6002583684577F4
:109CB40098472570DCE7DFF8648098F80030002BC3
:109CC400D2D00025DFF858902B4659F823400135AF
:109CD400236820461B69984710B163699B689847BD
:109CE40098F80020EBB29A42EFD8BDE7FFF7C6FE22
:109CF4000028B7D0AFF30080B4E7002DB8D162B626
:109D0400B6E7054B1A60CEE703280020D7270020CA
:109D1400B81E0020D3270020C41E0020D527002011
:109D2400E01E002070B5EFF3108272B60C4C206870
:109D340080B10C4E00254369236073B19D6102B963
:109D440062B6836845779847EFF3108272B620684D
:109D54000028F0D102B962B670BD3360EFE700BFEE
:109D6400C01E0020BC1E0020FFF7DCBF0449054ACA
:109D74004968054B1960136801331360704700BFCD
:109D8400001000E0EC250020E8250020074A506A76
:109D9400936A19468446506A936A9942F9D1844574
:109DA400F7D1DB0B43EA4040704700BF00400D4051
:109DB40003460846194601F0A3B900BF10EE103A55
:109DC40040F22A41C3F30A528A42B7EEC03A32D86B
:109DD400B7EE000B2D4B93ED4A2B93ED481BB0EEE1
:109DE400417BA2EE037B17EE100A37EE417B00F0B5
:109DF4001F0203EBC20130B492EE037B93ED4C4B94
:109E040053F832404D6893ED4E6B93ED505BA4EEE6
:109E1400076B27EE074B00210A1905EBC033A5EEAB
:109E2400070B43EC172BA6EE040B30BC20EE070BFC
:109E3400B7EEC00B704713F5000F20D0B2F5FF6FDB
:109E44001AD2DFED137AB4EEE70AF1EE10FA10DC61
:109E5400DFED107AB4EEE70AF1EE10FA12D4DFED7A
:109E64000E7AB4EEE70AF1EE10FAB1D5002000F054
:109E740013BC002000F016BC30EE000A70479FEDC2
:109E8400070A7047002000F001BC00BF80020020D8
:109E94001772B142B4F1CFC2CF8ECEC2000000001F
:109EA40010EE103AB3F17E5F3ED0A3F50001B1F19C
:109EB400FE4F10EE102A3AD2BFEE002B02F14043BF
:109EC400284903F54D03C3F3C34001EB001091EDA2
:109ED400424B91ED447B91ED406B91ED465BD90D86
:109EE400C9052DED028B90ED021B90ED008B521AEB
:109EF400DB1500EE103A03EE902AB8EEC00BB7EE75
:109F0400E33A30EE010BA8EE032BBDEC028B22EEFC
:109F1400023BA4EE027BA5EE020BA6EE037BA3EEAE
:109F2400070BB7EEC00B70479FED0F0A704759003F
:109F340014D0B3F1FF4F14D0002B0BDBB1F17F4FE2
:109F440008D2DFED0A7A60EE277A17EE903AA3F191
:109F54003862B1E700EE103A00F0BCBB012000F01B
:109F6400A7BB7047C8030020000000000000004B9E
:109F740030B410EE103A2DED028BA3F5000110EE73
:109F8400902AB1F1FE4F10EE104A82B04FEA42011E
:109F94007CD201F1FF3C6FF08070844580F0F78043
:109FA400002004F1404303F54D03C3F3C342DB0D2A
:109FB400DB05E11ADB1507EE903AB14B03EB021215
:109FC40092ED003B04EE101AB7EEE06AB7EEC44A15
:109FD400BFEE000BA3EE040B93ED443B20EE001BFD
:109FE40093ED464B93ED402BA0EE034B93ED425B78
:109FF40093ED483BA0EE025B21EE012B92ED028B28
:10A00400B8EEE77B37EE087BA0EE037BA1EE047B82
:10A01400A5EE027B26EE077B17EE903A48F2BF01CD
:10A02400C3F3CF338B4250D2B7EE000B954B93ED75
:10A03400402B37EE023B13EE102A33EE423B02F084
:10A044001F01821803EBC10093ED424B37EE437BB3
:10A0540053F83140456893ED446B93ED465BA7EEAE
:10A06400046B27EE074B0023181905EBC231A7EE4A
:10A07400050B41EC170BA6EE040B20EE070BB7EE15
:10A08400C00B02B0BDEC028B30BC70474D1E6FF0AC
:10A094008070854280F0CE8059004D1E854280F04C
:10A0A4009280002B55DB0020B4F5000FBFF479AF8C
:10A0B400DFED757A07EE103A67EE277A17EE904ACD
:10A0C40024F00044A4F138646BE79FED656BB4EEB3
:10A0D400C67BF1EE10FA15DC9FED636BB4EEC67B24
:10A0E400F1EE10FA20DD4FF04C5388B10193DDED11
:10A0F400016ABFEE006A76EE666AF4EE466AF1EE35
:10A1040010FA11D002B0BDEC028B30BC00F0CABA18
:10A114000093DDED006AB7EE006A76EE866AF4EE2F
:10A12400466AF1EE10FAEDD19FED516BB4EEC67BA9
:10A13400F1EE10FA57D99FED506BB4EEC67BF1EEF9
:10A1440010FA7FF571AF02B0BDEC028B30BC00F0A9
:10A15400A3BAC2F3C7517E2911DD962954DC01202C
:10A16400C1F1960100FA01F1481E104207D11142D3
:10A1740014BF01200020000424F0004494E700EE02
:10A18400103A02B0BDEC028B30BC00F0A3BA002937
:10A1940052D0B3F17E5F2CD06400B4F17F4F2ED83F
:10A1A400B1F17F4F2BD1B4F1FE4F4BD0B4F1FE4F40
:10A1B4006FEA020234BF00240124D20F94424CD02F
:10A1C4009FED320A5DE7002B20EE000A1EDB002023
:10A1D40000293AD1002ABFF654AF02B0BDEC028B7D
:10A1E40030BC00F065BA02B0BDEC028B30BC00F0AC
:10A1F4004DBA82F48002520012F5000F22D907EE04
:10A20400903A37EEA00A3CE70020B5E7C2F3C75303
:10A21400A3F17F001728DAD8C3F19600012303FACB
:10A2240000F0441E1442D2D11040D1D0B1EE400A05
:10A234001846CDE70029AFD184F48002520012F50C
:10A24400000FDCD8B7EE000A1BE7002ABFF619AFEF
:10A25400F7EE007A87EE800A13E720EEA00A10E7F3
:10A2640071D5D1FFFFFF5F40E2AAA3FFFFFF5F406C
:10A274000000000000C062C00000000000A062C036
:10A28400E8040020800200200000004B00000000D1
:10A2940030B510EE104AC4F30A53B3F57D7FB7EE20
:10A2A400C06A83B01BD226EE065BB3F5667F6ED31D
:10A2B40026EE052B25EE021B734B93ED1A3B93ED13
:10A2C400187B93ED164BA5EE037BA2EE046BB0EE68
:10A2D400460BA7EE010BB7EEC00B03B030BD40F246
:10A2E4002E4293425ED8684991ED087B26EE077BA7
:10A2F400FDEEC77B91ED0A5B17EE903A03F5000380
:10A304001B1613F0020F07EE903A01F1700208BF1A
:10A314000A46D807B8EEE77BA7EE456B26EE067B28
:10A324001BD403F0030301EBC30192ED1A4B91ED2F
:10A33400002B92ED185B26EE026B92ED163BA7EE16
:10A34400045B26EE074B27EE047BA4EE036BA5EE1D
:10A35400076BB7EEC60B03B030BD92ED142B27EE9E
:10A36400075B92ED126B92ED0E3BA7EE026B92ED42
:10A374000C0B92ED104BA7EE030B27EE057BA5EE1D
:10A38400040BA6EE070BB7EEC00B03B030BD220DD5
:10A3940012F4FF6FDFD1B7EEC55B00EE104A8DED0E
:10A3A400015AD8E7B3F5FF6F4BD2384BC4F383623D
:10A3B40003EB820053F822200569C4F31603C4F3A7
:10A3C400C25143F400038B40016A03FB02F2A3FB76
:10A3D4000110E3FB050202F100518D0F01F0404131
:10A3E400511A00F049FB2A4B9FED257B05EBD474F1
:10A3F40041EC160B14F0020FA3F1700208BF1346D0
:10A40400E90726EE077B27EE076B1FD404F003044D
:10A4140002EBC40293ED1A4B92ED002B93ED185B03
:10A4240027EE027B93ED163BA6EE045B27EE064B6C
:10A4340026EE046BA4EE037BA5EE067BB7EEC70BFA
:10A4440089E703B0BDE8304000F044B993ED142B24
:10A4540026EE065B93ED127B93ED0E3BA6EE027B9C
:10A4640093ED0C0B93ED104BA6EE030B26EE056B50
:10A47400A5EE040BA7EE060BB7EEC00B6BE700BF0F
:10A48400182D4454FB21193C10060020EC08002030
:10A49400800600200000000038B510EE104AC4F316
:10A4A4000A53B3F57D7FB7EEC07A1ED227EE077B41
:10A4B400B3F5667F6FD327EE071B634B93ED142B25
:10A4C40093ED125B93ED0E3BA7EE025B93ED0C0B49
:10A4D40093ED104BA7EE030B27EE017BA1EE040BCB
:10A4E400A5EE070BB7EEC00B38BD40F22E429342E7
:10A4F40054D8554991ED086B27EE066BFDEEC66BFB
:10A5040091ED0A5B16EE903A03F500031B1613F067
:10A51400020F06EE903A01F1700208BF0A46D8070E
:10A52400B8EEE66BA6EE457B27EE076B1AD503F073
:10A53400030301EBC30191ED002B92ED1A4B92ED55
:10A54400185B92ED163BA6EE045B27EE027B27EE2A
:10A55400064B26EE046BA4EE037BA5EE067BB7EE5A
:10A56400C70B38BD92ED142B92ED127B92ED0E3B8E
:10A5740092ED0C0B92ED104B26EE065BA6EE027BE1
:10A58400A6EE030B26EE056BA5EE040BA7EE060B59
:10A59400B7EEC00B38BDB7EE000A38BDB3F5FF6F98
:10A5A4003DD22A4BC4F3836203EB820053F822208A
:10A5B4000569C4F31603C4F3C25143F400038B408A
:10A5C400016A03FB02F2A3FB0110E3FB050202F1A3
:10A5D40000518D0F01F04041511A00F04DFA1C4B0F
:10A5E4009FED177B05EBD47441EC160B14F0020FAE
:10A5F400A3F1700208BF1346E90726EE077B27EE96
:10A60400076B10D504F0030402EBC40292ED002B97
:10A6140093ED1A4B93ED185B93ED163B93E7BDE86E
:10A62400384000F057B893ED142B93ED127B93ED63
:10A634000E3B93ED0C0B93ED104B9DE7AFF30080B5
:10A64400182D4454FB21193C10060020EC0800206E
:10A654008006002010B582B08DED010A044600F09A
:10A6640067FD9DED010A046002B010BD30B1F1EE4A
:10A67400407A27EE800A2220FFF7ECBFF0EE407A02
:10A6840027EE800A2220FFF7E5BF00BF9FED010AF5
:10A69400FFF7ECBF000000109FED010AFFF7E6BFD3
:10A6A4000000201A9FED010AFFF7E0BF00000070D0
:10A6B4009FED070AFFEE007AB7EE007A00284FF00C
:10A6C400220047FE277A87EE800AFFF7C3BF00BF48
:10A6D4000000000070EE407AB4EE400A87EEA77ADC
:10A6E400F1EE10FAB0EE470A02D62120FFF7B2BF0E
:10A6F400704700BF10EE101AC1F3C7520029A2F12F
:10A704007F0CB4BF4FF0FF300120BCF11E0F0FDCF3
:10A71400BCF1000F1DDBC1F31603BCF1160F43F4AB
:10A7240000030ADD963A03FA02F202FB00F07047D6
:10A73400FDEEC07A17EE900A70474FF4800242FA99
:10A744000CF21A44CCF1170C22FA0CF202FB00F0C2
:10A754007047BCF1FF3F18BF0020704781F00041F3
:10A7640002E000BF83F0004330B54FEA41044FEAF2
:10A77400430594EA050F08BF90EA020F1FBF54EA8D
:10A78400000C55EA020C7FEA645C7FEA655C00F029
:10A79400E2804FEA5454D4EB5555B8BF6D420CDDFA
:10A7A4002C4480EA020281EA030382EA000083EA7D
:10A7B400010180EA020281EA0303362D88BF30BD1D
:10A7C40011F0004F4FEA01314FF4801C4CEA113173
:10A7D40002D0404261EB410113F0004F4FEA0333D2
:10A7E4004CEA133302D0524263EB430394EA050F5D
:10A7F40000F0A780A4F10104D5F1200E0DDB02FACC
:10A804000EFC22FA05F2801841F1000103FA0EF25F
:10A81400801843FA05F359410EE0A5F120050EF125
:10A82400200E012A03FA0EFC28BF4CF0020C43FA56
:10A8340005F3C01851EBE37101F0004507D54FF063
:10A84400000EDCF1000C7EEB00006EEB0101B1F5B3
:10A85400801F1BD3B1F5001F0CD349085FEA3000F9
:10A864004FEA3C0C04F101044FEA445212F5800F04
:10A8740080F09A80BCF1004F08BF5FEA500C50F1A1
:10A88400000041EB045141EA050130BD5FEA4C0C84
:10A89400404141EB0101013C28BFB1F5801FE9D2E1
:10A8A40091F0000F04BF01460020B1FA81F308BF04
:10A8B4002033A3F10B03B3F120020CDA0C3208DDD0
:10A8C40002F1140CC2F10C0201FA0CF021FA02F1AB
:10A8D4000CE002F11402D8BFC2F1200C01FA02F11B
:10A8E40020FA0CFCDCBF41EA0C019040E41AA2BF40
:10A8F40001EB0451294330BD6FEA04041F3C1CDA08
:10A904000C340EDC04F11404C4F1200220FA04F027
:10A9140001FA02F340EA030021FA04F345EA0301D1
:10A9240030BDC4F10C04C4F1200220FA02F001FA93
:10A9340004F340EA0300294630BD21FA04F0294615
:10A9440030BD94F0000F83F4801306BF81F48011AE
:10A954000134013D4EE77FEA645C18BF7FEA655C21
:10A9640029D094EA050F08BF90EA020F05D054EAF3
:10A97400000C04BF1946104630BD91EA030F1EBFF8
:10A984000021002030BD5FEA545C05D140004941FC
:10A9940028BF41F0004130BD14F580043CBF01F5EF
:10A9A400801130BD01F0004545F0FE4141F47001D5
:10A9B4004FF0000030BD7FEA645C1ABF19461046B0
:10A9C4007FEA655C1CBF0B46024650EA013406BFB1
:10A9D40052EA033591EA030F41F4002130BD00BF70
:10A9E40090F0000F04BF0021704730B54FF480642D
:10A9F40004F132044FF000054FF0000150E700BFAE
:10AA040090F0000F04BF0021704730B54FF480640C
:10AA140004F1320410F0004548BF40424FF00001F9
:10AA24003EE700BF42004FEAE2014FEA31014FEA3C
:10AA340002701FBF12F07F4393F07F4F81F060518B
:10AA4400704732F07F4208BF704793F07F4F04BFD6
:10AA540041F40021704730B54FF4607401F00045B3
:10AA640021F000411CE700BF50EA010208BF704713
:10AA740030B54FF000050AE050EA010208BF704704
:10AA840030B511F0004502D5404261EB41014FF46D
:10AA9400806404F132045FEA915C3FF4D8AE4FF075
:10AAA40003025FEADC0C18BF03325FEADC0C18BF58
:10AAB400033202EBDC02C2F1200300FA03FC20FAA9
:10AAC40002F001FA03FE40EA0E0021FA02F11444F6
:10AAD400BDE600BF024B0146186800F003B800BF92
:10AAE400641200202DE9F04F01F10B06162E83B0FD
:10AAF400044624D8102900F2BA8000F0A3FA1026E4
:10AB040018220220B54F3A44A2F1080153688B423F
:10AB140000F0BA805A68D96822F003021A449D688A
:10AB2400E9608D60516841F001012046516003F1F4
:10AB3400080500F08DFA284603B0BDE8F08F36F022
:10AB4400070600F19480B14200F2918000F07AFA95
:10AB5400B6F5FC7FC0F09A81730A00F08F80042B55
:10AB640000F26F81B30903F1390003F1380CC3001B
:10AB74009A4F3B44A3F108055B689D4206D10CE063
:10AB8400002980F22781DB689D4206D05A6822F0B2
:10AB94000302911B0F29F3DD60463D69DFF850C2C3
:10ABA40065457CD06A6822F00302931B0F2B00F3E7
:10ABB4007B81002BC7E904CC80F26C81B2F5007F65
:10ABC40080F01A81D308796801334FEA521E0122BA
:10ABD40002FA0EF20A4357F833E0C5F808E007EB2F
:10ABE400C3010839E9607A6047F83350CEF80C5055
:10ABF400831001219940914257D8114206D120F087
:10AC040003004900114200F10400FAD007EBC00927
:10AC14004D468646D5F80C80454508D11DE1002BEC
:10AC240080F22481D8F80C80454500F01681D8F8CC
:10AC3400042022F00302931B0F2BF0DD2046D8E9F9
:10AC4400025408EB060146F00106C8F80460EC6003
:10AC5400A56043F00104C7E90411C1E902CC4C60CA
:10AC640048F8023000F0F4F908F1080502E00C237A
:10AC740023600025284603B0BDE8F08F4FF400732D
:10AC840040204FF03F0C73E7D3689A4208BF02306C
:10AC94007FF440AF3D69DFF858C1654582D17A68D9
:10ACA4008310012199409142A7D9BD686B6823F0B4
:10ACB40003094E4503D8A9EB06030F2B7ADCDFF812
:10ACC40034B1474BDBF800201B680132334405EBF9
:10ACD400090A00F0338103F580530F3323F47F68AE
:10ACE40028F00F084146204600F010FA411C0246A5
:10ACF40000F0F380824500F2EE803A4B196841443B
:10AD04001960084600F04E81DBF800100193013110
:10AD14001BBFA2EB0A010918CBF80020196012F03E
:10AD2400070B00F01781CBF108010A44CBF58051E1
:10AD340090440831A1EB0801C1F30B0A51462046A7
:10AD4400009200F0E3F9421CDDE9002300F04F819A
:10AD5400801A00EB0A081968BA6048F001005144EF
:10AD6400BD425060196000F02981B9F10F0F40F223
:10AD740027816868A9F10C0C2CF0070C00F0010085
:10AD840040EA0C0068604FF0050E05EB0C00BCF1C6
:10AD94000F0FC0E901EE00F2328150681546124BE4
:10ADA4001A688A4238BF1960104B1A688A4238BF41
:10ADB400196094E0AA1943F0010346F001066E609D
:10ADC4002046BA60536000F043F90835284603B0C2
:10ADD400BDE8F08FD9681A44A1E600BF540E0020E4
:10ADE4005021002020210020482100204C21002057
:10ADF4005C0E00205C120020B2F5206F4FEA522353
:10AE040063D3142B00F2B78003F15C01C9005B33F8
:10AE140007EB010E7958AEF1080E8E4500F09180D3
:10AE24004B6823F00303934202D989688E45F7D116
:10AE3400D1F80CE07A68C5E9021ECEF80850CD605E
:10AE4400D6E6142B59D9542B00F29D80330B03F111
:10AE54006F0003F16E0CC3008AE60EF1010E1EF0C2
:10AE6400030F05F108057FF4D5AE51E04244454691
:10AE74005368D8F80C1043F00103536055F8083FA9
:10AE84002046D9608B6000F0E3F8F3E6F00806F1A1
:10AE9400080237E62A442046536843F0010353600E
:10AEA400083500F0D5F8E5E6A919204646F0010674
:10AEB40043F001046E60C7E90411C1E902CC4C609F
:10AEC400AB5000F0C5F80835D4E6930903F1390115
:10AED400C90038339CE7BD425FD0BD68686820F084
:10AEE40003084645A8EB060302D80F2B3FF762AFD1
:10AEF400204600F0ADF80025BCE603F15C0003F148
:10AF04005B0CC30034E659F808394B4540F0968091
:10AF140010F0030F00F1FF30F5D17B6823EA010341
:10AF24007B60490099423FF6C0AE19B9BDE64900BD
:10AF34000EF1040E1942FAD0704667E603F11008C8
:10AF4400D0E69A104FF001087B6808FA02F21A431F
:10AF54007A6070E702EB08014942C1F30B0A5146DB
:10AF64002046009200F0D2F8431CDDE900237FF470
:10AF7400EFAEDA46EFE6542B25D8130B03F16F013D
:10AF8400C9006E3344E7B3F5AA7F25D8F30B03F168
:10AF9400780003F1770CC300EAE5294B18684044B4
:10AFA4001860B1E6CAF30B0CBCF1000F7FF4ACAE31
:10AFB400BD68C84448F001006860F0E61546EEE656
:10AFC4000123536094E7B3F5AA7F23D8D30B03F18D
:10AFD4007801C90077331BE740F25452934223D8D7
:10AFE400B30C03F17D0003F17C0CC300C0E5ABF1AD
:10AFF400080BD844A8EB02084FF0000AABE605F1B1
:10B0040008012046009300F055F9BD68009B68686C
:10B014001968C4E640F254518B420BD8930C03F1E7
:10B024007D01C9007C33F3E64FF47E737F204FF03B
:10B034007E0C9DE54FF47E717E23E9E67B6870E724
:10B0440020210020014800F09DB800BF1C210020F1
:10B05400014800F099B800BF1C210020830730B5D7
:10B0640048D0541E002A3FD0CAB2034601E0013C36
:10B074003AD303F8012B9D07F9D1032C2DD9CDB276
:10B0840045EA05250F2C45EA054536D9A4F11002F9
:10B0940022F00F0C03F1200EE6444FEA121C03F1D8
:10B0A400100242E9045542E9025510327245F8D1C2
:10B0B4000CF1010214F00C0F03EB021204F00F0C5C
:10B0C40013D0ACF1040323F003030433134442F814
:10B0D400045B9342FBD10CF003042CB1C9B21C44B1
:10B0E40003F8011B9C42FBD130BD64461346002C7F
:10B0F400F4D1F9E703461446BFE71A46A446E0E74D
:10B1040013460A460146022000F040B838B5074D00
:10B114000022044608462A60FDF7D2F8431C00D0FA
:10B1240038BD2B68002BFBD0236038BDA42300203E
:10B13400014B1868704700BF6412002070B50D4EB3
:10B144000D4D761BB61006D0002455F8043B01348F
:10B154009847A642F9D1094E094D761B00F0B4F97F
:10B16400B61006D0002455F8043B01349847A64293
:10B17400F9D170BD001C0060001C0060101C006050
:10B18400001C0060704700BF704700BF2DE9F04706
:10B19400DFF87CA00646DAF8000098460F46914690
:10B1A400FFF7F0FF184B1C6824B365681F2D24DCDF
:10B1B4005EB96B1C0235DAF80000636044F8257050
:10B1C400FFF7E2FF0020BDE8F08704EB85010123CF
:10B1D400C1F88890D4F88821AB401A43022EC4F8F1
:10B1E4008821C1F80881E4D1D4F88C211A43C4F829
:10B1F4008C21DEE7054C1C60D7E7DAF80000FFF786
:10B20400C3FF4FF0FF30DEE7841F0020881F0020BB
:10B21400480E0020F8B5244F0C460646FFF712FFEF
:10B22400BB685D68C4F57E610F3125F003054B19D9
:10B2340023F47F6323F00F03A3F58054B4F5805FF8
:10B2440007DB00213046FFF761FFBB682B449842BF
:10B2540004D03046FFF7FCFE0020F8BD61423046C2
:10B26400FFF754FF01300DD0104ABB682D1B45F089
:10B2740001055D60136830461B1B1360FFF7E8FE91
:10B284000120F8BD00213046FFF740FFBA68831A59
:10B294000F2BDEDD43F001035360054B03491B68AC
:10B2A400C01A0860D5E700BF540E002020210020FA
:10B2B4005C120020002961D0F8B50C460646FFF761
:10B2C400C1FE54F8042C7B4FA4F1080522F00101BF
:10B2D40005EB010CB868DCF80430604523F0030387
:10B2E40000F08B80D207CCF8043032D454F8082C08
:10B2F400AD1A1144AA6807F1080082426AD00CEB27
:10B304000304D4F804E0EC68D4601EF0010FA260DA
:10B3140000F0978041F001036B60CCF80010B1F5A8
:10B32400007F35D27868CB080122490901338A406D
:10B33400024357F833107A6007EBC302083AC5E9B1
:10B34400021247F83350CD603046BDE8F840FFF7AD
:10B354007FBE0CEB03025268D00710D4194407F1E6
:10B364000800DCF80830834273D0DCF80C20DA6083
:10B37400936041F001036B606950D0E7704741F07E
:10B384000103B1F5007F44F8043CCCF80010C9D3A4
:10B39400B1F5206F4FEA512348D28B0903F13900EC
:10B3A40003F13802C300F818FB580838984259D002
:10B3B4005A6822F003028A4202D99B689842F7D164
:10B3C400D868C5E902308560DD603046BDE8F840E4
:10B3D400FFF73EBE0CEB03025268D20763D40B4462
:10B3E400DCE90212CA60916043F001026A603046EF
:10B3F400EB50BDE8F840FFF72BBE0B44D10707D450
:10B4040054F8082CAD1A1344D5E90212CA609160AD
:10B4140043F001026A60284ABD6012689A4293D8D8
:10B42400264B30461968FFF7F5FE8DE7142B0AD931
:10B43400542B1FD80B0B03F16F0003F16E02C300F2
:10B44400B1E719448DE703F15C0003F15B02C3002B
:10B45400A9E741F00103C7E90455C5E902006B609F
:10B46400695071E779689210012404FA02F20A43E0
:10B474007A60A6E7B3F5AA7F06D8CB0B03F1780070
:10B4840003F17702C3008EE740F25452934206D888
:10B494008B0C03F17D0003F17C02C30083E74FF4BE
:10B4A4007E737E227FE741F001036B60CCF80010CD
:10B4B4004AE700BF540E00206012002050210020F3
:10B4C4005FF800F0151600605FF800F0A11B006043
:10B4D4005FF800F0691600605FF800F04D1B006033
:04B4E400F8B500BFF8
:08B4E800CCE8FF7F0100000029
:10B4F000000000000000000000000000000000004C
:10B50000000000000000000000000000000000003B
:10B51000000000000000000000000000000000002B
:10B52000000000000000000000000000000000001B
:10B53000000000000000000000000000000000000B
:10B5400000000000000000000000000000000000FB
:10B5500000000000000000000000000000000000EB
:10B5600000000000000000000000000000000000DB
:10B5700000000000000000000000000000000000CB
:10B5800000000000000000000000000000000000BB
:10B5900000000000000000000000000000000000AB
:10B5A000000000000000000000000000000000009B
:10B5B000000000000000000000000000000000008B
:10B5C000000000000000000000000000000000007B
:10B5D000000000000000000000000000000000006B
:10B5E000000000000000000000000000000000005B
:10B5F000000000000000000000000000000000004B
:10B60000000000000000000000000000000000003A
:10B61000000000000000000000000000000000002A
:10B62000000000000000000000000000000000001A
:10B63000000000000000000000000000000000000A
:10B6400000000000000000000000000000000000FA
:10B6500000000000000000000000000000000000EA
:10B6600000000000000000000000000000000000DA
:10B6700000000000000000000000000000000000CA
:10B6800000000000000000000000000000000000BA
:10B6900000000000000000000000000000000000AA
:10B6A000000000000000000000000000000000009A
:10B6B000000000000000000000000000000000008A
:10B6C000000000000000000000000000000000007A
:10B6D000000000000000000000000000000000006A
:10B6E000000000000000000000000000000000005A
:10B6F000000000000000000000000000000000004A
:10B700000000000000000000000000000000000039
:10B710000000000000000000000000000000000029
:10B720000000000000000000000000000000000019
:10B730000000000000000000000000000000000009
:10B7400000000000000000000000000000000000F9
:10B7500000000000000000000000000000000000E9
:10B7600000000000000000000000000000000000D9
:10B77000000000000000F03F748515D3B0D9EF3F02
:10B780000F89F96C58B5EF3F515B12D00193EF3F31
:10B790007B517D3CB872EF3FAAB968318754EF3FC7
:10B7A0003862756E7A38EF3FE1DE1FF59D1EEF3F80
:10B7B00015B7310AFE06EF3FCBA93A37A7F1EE3FA6
:10B7C0002234124CA6DEEE3F2D89616008CEEE3F9A
:10B7D000272A36D5DABFEE3F824F9D562BB4EE3F77
:10B7E000295448DD07ABEE3F85553AB07EA4EE3FC5
:10B7F000CD3B7F669EA0EE3F745FECE8759FEE3F09
:10B800008701EB7314A1EE3F13CE4C9989A5EE3F4F
:10B81000DBA02A42E5ACEE3FE5C5CDB037B7EE3F41
:10B8200090F0A38291C4EE3F5D253EB203D5EE3F7A
:10B83000ADD35A999FE8EE3F475EFBF276FFEE3FAD
:10B840009C5285DD9B19EF3F6990EFDC2037EF3F7D
:10B8500087A4FBDC1858EF3F5F9B7B33977CEF3F5F
:10B86000DA90A4A2AFA4EF3F40456E5B76D0EF3FE5
:10B87000000000000000E8429423914BF86AAC3FBE
:10B88000F3C4FA50CEBFCE3FD6520CFF422EE63F55
:10B890000000000000003843FE822B65471547403A
:10B8A0009423914BF86ABC3EF3C4FA50CEBF2E3FAE
:10B8B000D6520CFF422E963FBEF3F879EC61F63F6C
:10B8C0001930965BC6FEDEBF3D88AF4AED71F53F8D
:10B8D000A4FCD432680BDBBFB010F0F03995F43F14
:10B8E0007BB71F0A8B41D7BF8503B8B095C9F33F1B
:10B8F0007BCF6D1AE99DD3BFA564880C190DF33F6A
:10B9000031B6F2F39B1DD0BFA08E0B7B225EF23FBF
:10B91000F07A3B1B1D7CC9BF3F341A4A4ABBF13F3A
:10B920009F3CAF93E3F9C2BFBAE58AF05823F13FD9
:10B930005C8D78BFCB60B9BFA70099413F95F03FC0
:10B94000CE5F47B69D6FAABF000000000000F03F29
:10B950000000000000000000AC479AFD8C60EE3F44
:10B960003DF5249FCA38B33FA06A021FB3A4EC3F41
:10B97000BA913854A976C43FE6FC6A573620EB3FAB
:10B98000D2E4C44A0B84CE3F2DAAA163D1C2E93FC1
:10B990001C65C6F04506D43FED417803E686E83FD6
:10B9A000F89F1B2C9C8ED83F624853F5DC67E73F1D
:10B9B000CC7BB14EA4E0DC3F4D7E0AF7B612D7BF78
:10B9C000E0326849BFCADE3FDEE3FA9F4715E7BFB2
:10B9D000B8C8355F4715F73FBEF3F879EC61F63F1D
:10B9E0001930965BC6FEDEBF3D88AF4AED71F53F6C
:10B9F000A4FCD432680BDBBFB010F0F03995F43FF3
:10BA00007BB71F0A8B41D7BF8503B8B095C9F33FF9
:10BA10007BCF6D1AE99DD3BFA564880C190DF33F48
:10BA200031B6F2F39B1DD0BFA08E0B7B225EF23F9E
:10BA3000F07A3B1B1D7CC9BF3F341A4A4ABBF13F19
:10BA40009F3CAF93E3F9C2BFBAE58AF05823F13FB8
:10BA50005C8D78BFCB60B9BFA70099413F95F03F9F
:10BA6000CE5F47B69D6FAABF000000000000F03F08
:10BA70000000000000000000AC479AFD8C60EE3F23
:10BA80003DF5249FCA38B33FA06A021FB3A4EC3F20
:10BA9000BA913854A976C43FE6FC6A573620EB3F8A
:10BAA000D2E4C44A0B84CE3F2DAAA163D1C2E93FA0
:10BAB0001C65C6F04506D43FED417803E686E83FB5
:10BAC000F89F1B2C9C8ED83F624853F5DC67E73FFC
:10BAD000CC7BB14EA4E0DC3F0B6E49C91676D23F59
:10BAE0007AC675A06919D7BFDDBAA76C0AC7DE3F51
:10BAF000C8F6BE484715E7BF2BB82A654715F73F7C
:10BB0000000000000000F03F000000000000F0BF57
:10BB1000000000000000F0BF000000000000F03F47
:10BB200083C8C96D305F6441182D4454FB21F93F2F
:10BB3000000000000000F03F1C620CFDFFFFDFBFB3
:10BB4000198F06E15355A53F9D359AE887C056BF2A
:10BB5000C3F87B024393F93E03A695595455C5BFDC
:10BB6000C40B23057610813F24CF7437EB9429BF93
:10BB7000000000000000F03F000000000000F0BFE7
:10BB8000000000000000F0BF000000000000F03FD7
:10BB900083C8C96D305F6441182D4454FB21F93FBF
:10BBA000000000000000F0BF1C620CFDFFFFDF3F43
:10BBB000198F06E15355A5BF9D359AE887C0563FBA
:10BBC000C3F87B024393F9BE03A695595455C5BFEC
:10BBD000C40B23057610813F24CF7437EB9429BF23
:10BBE00000005C430000DC43000000400000000057
:10BBF0000000003F0000803F0000C03F0000003F09
:10BC00000000000000000000000000000000003FF5
:10BC10009A99193E08000000000000000000000092
:10BC200000005C430000A5430000DC433BDF7F3F96
:10BC30003BDF7F3F3BDF7F3F000000400000000014
:10BC400000000000000000000000000000000000F4
:10BC500000000000000000000000000000005C4345
:10BC60000000A5430000DC433BDF7F3F3BDF7F3F1D
:10BC70003BDF7F3F000000000100000003000000E8
:10BC800002000000000000000000000000000000B2
:10BC9000000000000000000000000000CDCC0C3FC0
:10BCA0000000000000000000000000000000000094
:10BCB00000000000333333400000000000000000AB
:10BCC00000000000AE47613E3333B33F3333B33E31
:10BCD0000000000000000000000000006666663FF3
:10BCE000000000006666663F000000006666E63EF3
:10BCF00000000000EC51383E000000006666E63EA1
:10BD00000AD7A33ECDCC0C4000000000000000008C
:10BD10000000000000000000CDCCCC3F000000007F
:10BD2000000000001F856B3F0E0F10111213000062
:10BD3000895400008D540000915400009554000077
:10BD40000000000000000000656500000000000029
:10BD50000000000079090000000000000000000061
:10BD6000DD560000356F0000316F00002D6F0000C0
:10BD7000296F0000256F0000216F00001D6F00007B
:10BD80000000000000000000294D00008FC2F53DBA
:10BD9000AE47613ECDCCCC3D6666E63E0000803FBE
:10BDA0006666A63FCDCC0C3F6666863F0000803FAE
:10BDB0000000803F666606403333933F0000803FBB
:10BDC000D7A340400000803F0000C03F2901000091
:10BDD0002D010000350100003D010000A20000001F
:10BDE000F9A2000083F9A2006E83F9A24E6E83F9D6
:10BDF000444E6E8315444E6E2915444EFC2915445D
:10BE000027FC29155727FC29D15727FCF5D157279F
:10BE100034F5D157DD34F5D1C0DD34F5DBC0DD3488
:10BE200062DBC0DD9562DBC0999562DB3C9995626F
:10BE3000433C999590433C994190433C000000421B
:10BE4000C8801F40B8821F40080000000000004268
:10BE5000C4801F40B4821F400400000000C00042A4
:10BE600024801F4014821F401000000000C00042C8
:10BE700028801F4018821F402000000000C00042A0
:10BE80002C801F401C821F404000000000C0004268
:10BE900034801F4024821F40000100000040004207
:10BEA00064811F4054831F40000400000040004292
:10BEB00080811F4070831F4000000200004000424C
:10BEC0007C811F406C831F40000001000040004245
:10BED00068811F4058831F40000800000040004256
:10BEE0003C811F402C831F400100000000400042A5
:10BEF00044811F4034831F40040000000040004282
:10BF000040811F4030831F4002000000004000427B
:10BF100048811F4038831F40080000000000004295
:10BF200004811F40F4821F40000004000000004212
:10BF300008811F40F8821F400000080000000042F6
:10BF400018811F4008831F4000008000000000424D
:10BF500014811F4004831F40000040000000004285
:10BF600000811F40F0821F400000020000000042DC
:10BF7000FC801F40EC821F400000010000000042D6
:10BF800024811F4014831F40000000040000004271
:10BF900028811F4018831F40000000080000004255
:10BFA0001C811F400C831F40000000010000004264
:10BFB00020811F4010831F4000000002000000424B
:10BFC000EC801F40DC821F40001000000000004297
:10BFD000F0801F40E0821F4000200000000000426F
:10BFE00034811F4024831F400000004000000042B5
:10BFF00038811F4028831F400000008000800042DD
:10C0000094801F4084821F400000040000C0004252
:10C0100090801F4080821F4000000080008000420E
:10C02000A8801F4098821F400000800000800042CE
:10C03000A4801F4094821F40000040000040004246
:10C040006C811F405C831F400010000000C0004254
:10C0500030801F4020821F4080000000008000428E
:10C06000C8811F40B8831F4000800000008000424C
:10C07000C4811F40B4831F40004000000080004284
:10C08000C0811F40B0831F4000200000008000429C
:10C09000BC811F40AC831F400010000000800042A4
:10C0A000D0811F40C0831F4000000200008000427A
:10C0B000CC811F40BC831F400000010007080C0B0F
:10C0C00006050F000D0E0102838407080C0B060500
:10C0D0000F000D0E01028384010100040100000421
:10C0E00001320101013202010110010101110101BE
:10C0F00001120102010302060103010601120202FC
:10C100000200000102020001020100010210000110
:10C1100002220001022300010000000000000000D4
:10C1200002210001022000010000000000000000C8
:10C130000130010101310101010200040103000489
:10C1400000000000000000000121020101210101A6
:10C1500000000000000000000000000001100201CB
:10C1600001010201010101010100020101000101BF
:10C1700001020201010201014B6163634F535F340D
:10C18000305F4C207265616479000000000100009E
:10C19000681200201200000000060000881D0060E8
:10C1A0000A00000000020000F01C00609500000082
:10C1B00000070000581C006095000000000300000C
:10C1C000541C00600000000001030904301C0060E2
:10C1D0000000000002030904101C006000000000C1
:10C1E000030309042C1500200000000000000000DB
:10C1F00000000000000000000000000054210020AA
:10C20000BC210020242200200000000000000000CB
:10C21000000000000000000000000000000000001E
:10C22000000000000000000000000000000000000E
:10C2300000000000000000000000000000000000FE
:10C2400000000000000000000000000000000000EE
:10C2500000000000000000000000000000000000DE
:10C2600000000000000000000000000000000000CE
:10C2700000000000000000000000000000000000BE
:10C2800000000000000000000000000000000000AE
:10C2900001000000000000000E33CDAB34126DE64B
:10C2A000ECDE05000B0000000000000000000000B4
:10C2B000000000000000000000000000000000007E
:10C2C000000000000000000000000000000000006E
:10C2D000000000000000000000000000000000005E
:10C2E000000000000000000000000000000000004E
:10C2F000000000000000000000000000000000003E
:10C30000000000000000000000000000000000002D
:10C3100000000000000000000029DE07007B9A17E3
:10C320007008002000000000E8030000000000008A
:10C33000FFFFFFFF3C4043001821002020EF20209A
:10C34000000000000000000000000000540E00206B
:10C35000540E00205C0E00205C0E0020640E0020B5
:10C36000640E00206C0E00206C0E0020740E002065
:10C37000740E00207C0E00207C0E0020840E002015
:10C38000840E00208C0E00208C0E0020940E0020C5
:10C39000940E00209C0E00209C0E0020A40E002075
:10C3A000A40E0020AC0E0020AC0E0020B40E002025
:10C3B000B40E0020BC0E0020BC0E0020C40E0020D5
:10C3C000C40E0020CC0E0020CC0E0020D40E002085
:10C3D000D40E0020DC0E0020DC0E0020E40E002035
:10C3E000E40E0020EC0E0020EC0E0020F40E0020E5
:10C3F000F40E0020FC0E0020FC0E0020040F002094
:10C40000040F00200C0F00200C0F0020140F002040
:10C41000140F00201C0F00201C0F0020240F0020F0
:10C42000240F00202C0F00202C0F0020340F0020A0
:10C43000340F00203C0F00203C0F0020440F002050
:10C44000440F00204C0F00204C0F0020540F002000
:10C45000540F00205C0F00205C0F0020640F0020B0
:10C46000640F00206C0F00206C0F0020740F002060
:10C47000740F00207C0F00207C0F0020840F002010
:10C48000840F00208C0F00208C0F0020940F0020C0
:10C49000940F00209C0F00209C0F0020A40F002070
:10C4A000A40F0020AC0F0020AC0F0020B40F002020
:10C4B000B40F0020BC0F0020BC0F0020C40F0020D0
:10C4C000C40F0020CC0F0020CC0F0020D40F002080
:10C4D000D40F0020DC0F0020DC0F0020E40F002030
:10C4E000E40F0020EC0F0020EC0F0020F40F0020E0
:10C4F000F40F0020FC0F0020FC0F0020041000208F
:10C50000041000200C1000200C100020141000203B
:10C51000141000201C1000201C10002024100020EB
:10C52000241000202C1000202C100020341000209B
:10C53000341000203C1000203C100020441000204B
:10C54000441000204C1000204C10002054100020FB
:10C55000541000205C1000205C10002064100020AB
:10C56000641000206C1000206C100020741000205B
:10C57000741000207C1000207C100020841000200B
:10C58000841000208C1000208C10002094100020BB
:10C59000941000209C1000209C100020A41000206B
:10C5A000A4100020AC100020AC100020B41000201B
:10C5B000B4100020BC100020BC100020C4100020CB
:10C5C000C4100020CC100020CC100020D41000207B
:10C5D000D4100020DC100020DC100020E41000202B
:10C5E000E4100020EC100020EC100020F4100020DB
:10C5F000F4100020FC100020FC100020041100208A
:10C60000041100200C1100200C1100201411002036
:10C61000141100201C1100201C11002024110020E6
:10C62000241100202C1100202C1100203411002096
:10C63000341100203C1100203C1100204411002046
:10C64000441100204C1100204C11002054110020F6
:10C65000541100205C1100205C11002064110020A6
:10C66000641100206C1100206C1100207411002056
:10C67000741100207C1100207C1100208411002006
:10C68000841100208C1100208C11002094110020B6
:10C69000941100209C1100209C110020A411002066
:10C6A000A4110020AC110020AC110020B411002016
:10C6B000B4110020BC110020BC110020C4110020C6
:10C6C000C4110020CC110020CC110020D411002076
:10C6D000D4110020DC110020DC110020E411002026
:10C6E000E4110020EC110020EC110020F4110020D6
:10C6F000F4110020FC110020FC1100200412002085
:10C70000041200200C1200200C1200201412002031
:10C71000141200201C1200201C12002024120020E1
:10C72000241200202C1200202C1200203412002091
:10C73000341200203C1200203C1200204412002041
:10C74000441200204C1200204C120020FFFFFFFF7B
:10C7500000000200080D002012010002EF0201405B
:10C76000C0168B0401030102030100000000003F1A
:10C770000000003FE55D0000E55D0000E55D0000B4
:10C78000E55D0000E55D0000E55D0000E55D0000A1
:10C79000E55D0000E55D0000E55D0000E55D000091
:10C7A000E55D0000E55D0000E55D0000E55D000081
:10C7B000E55D0000E55D0000E55D0000E55D000071
:10C7C000E55D0000E55D0000E55D0000E55D000061
:10C7D000E55D0000E55D0000E55D0000E55D000051
:10C7E000E55D0000E55D0000E55D0000E55D000041
:10C7F000E55D0000E55D0000E55D0000E55D000031
:10C80000E55D0000E55D0000E55D0000E55D000020
:10C81000E55D0000E55D0000E55D0000E55D000010
:10C82000E55D0000E55D0000E55D0000E55D000000
:10C83000E55D0000E55D0000E55D0000E55D0000F0
:10C84000E55D0000E55D0000E55D0000E55D0000E0
:10C85000E55D0000E55D0000E55D0000E55D0000D0
:10C86000E55D0000E55D0000E55D0000E55D0000C0
:10C87000E55D0000E55D0000E55D0000E55D0000B0
:10C88000E55D0000E55D0000E55D0000E55D0000A0
:10C89000E55D0000E55D0000E55D0000E55D000090
:10C8A000E55D0000E55D0000E55D0000E55D000080
:10C8B000E55D0000E55D0000E55D0000E55D000070
:10C8C000E55D0000E55D0000E55D0000E55D000060
:10C8D000E55D0000E55D0000E55D0000E55D000050
:10C8E000E55D0000E55D0000E55D0000E55D000040
:10C8F000E55D0000E55D0000E55D0000E55D000030
:10C90000E55D0000E55D0000E55D0000E55D00001F
:10C91000E55D0000E55D0000E55D0000E55D00000F
:10C92000E55D0000E55D0000E55D0000E55D0000FF
:10C93000E55D0000E55D0000E55D0000E55D0000EF
:10C94000E55D0000E55D0000E55D0000E55D0000DF
:10C95000E55D0000E55D0000E55D0000E55D0000CF
:10C96000E55D0000E55D0000E55D0000E55D0000BF
:10C97000E55D0000FFFFFFFFFFFFFFFFFFFFFFFF81
:10C98000CDCCCC3D00000000800000000000003F46
:10C990000000003F0000003F0000003F0000003F9B
:10C9A0000000003FFFFFFFFFFFFFFF000000003F10
:10C9B0000000003F0000003F0000003F0000003F7B
:10C9C0000000003F0000003F0000003F0000003F6B
:10C9D0000000003F0000003F0000003F0000003F5B
:10C9E0000000003F000000000000803E9A99993E40
:10C9F000CDCCCC3E8C2200200000000000000000C6
:10CA0000B82200200000000000000000E422002006
:10CA10000000000000000000FFFFFF000C0300000A
:10CA20000000000000000000000000000000000006
:10CA300000006B01FFFF083C000000000000000048
:10CA400000000000000000000000000000000000E6
:10CA500000000000000000000000000000000000D6
:10CA600000000000000000000000000000000000C6
:10CA700000000000000000000000000000000000B6
:10CA800000000000000000000000000000000000A6
:10CA90000000000000000000000000000000000096
:10CAA0000000000000000000000000000000000086
:10CAB0000000000000000000000000000000000076
:10CAC0000000000000000000000000000000000066
:10CAD0000000000000000000000000000000000056
:10CAE0000000000000000000000000000000000046
:10CAF0000000000000000000000000000000000036
:10CB00000000000000000000000000000000000025
:10CB10000000000000000000000000000000000015
:10CB20000000000000000000000000000000000005
:10CB300000000000000000000000000000000000F5
:10CB400000000000000000000000000000000000E5
:10CB500000000000000000000000000000000000D5
:10CB600000000000000000000000000000000000C5
:10CB700000000000000000000000000000000000B5
:10CB800000000000000000000000000000000000A5
:10CB90000000000000000000000000000000000095
:10CBA0000000000000000000000000000000000085
:10CBB0000000000000000000000000000000000075
:10CBC0000000000000000000000000000000000065
:10CBD0000000000000000000000000000000000055
:10CBE0000000000000000000000000000000000045
:10CBF0000000000000000000000000000000000035
:10CC00000000000000000000000000000000000024
:10CC10000000000000000000000000000000000014
:10CC20000000000000000000000000000000000004
:10CC300000000000000000000000000000000000F4
:10CC400000000000000000000000000000000000E4
:10CC500000000000000000000000000000000000D4
:10CC600000000000000000000000000000000000C4
:10CC700000000000000000000000000000000000B4
:10CC800000000000000000000000000000000000A4
:10CC90000000000000000000000000000000000094
:10CCA0000000000000000000000000000000000084
:10CCB0000000000000000000000000000000000074
:10CCC0000000000000000000000000000000000064
:10CCD0000000000000000000000000000000000054
:10CCE0000000000000000000000000000000000044
:10CCF0000000000000000000000000000000000034
:10CD00000000000000000000000000000000000023
:10CD10000000000000000000000000000000000013
:10CD20000000000000000000000000000000000003
:10CD300000000000000000000000000000000000F3
:10CD400000000000000000000000000000000000E3
:10CD500000000000000000000000000000000000D3
:10CD600000000000000000000000000000000000C3
:10CD700000000000000000000000000000000000B3
:10CD800000000000000000000000000000000000A3
:10CD90000000000000000000000000000000000093
:10CDA0000000000000000000000000000000000083
:10CDB0000000000000000000000000000000000073
:10CDC0000000000000000000000000000000000063
:10CDD0000000000000000000000000000000000053
:10CDE0000000000000000000000000000000000043
:10CDF0000000000000000000000000000000000033
:10CE00000000000000000000000000000000000022
:10CE10000000000000000000000000000000000012
:10CE20000000000000000000000000000000000002
:10CE300000000000000000000000000000000000F2
:10CE400000000000000000000000000000000000E2
:10CE500000000000000000000000000000000000D2
:10CE600000000000000000000000000000000000C2
:10CE700000000000000000000000000000000000B2
:10CE800000000000000000000000000000000000A2
:10CE90000000000000000000000000000000000092
:10CEA0000000000000000000000000000000000082
:10CEB0000000000000000000000000000000000072
:10CEC0000000000000000000000000000000000062
:10CED0000000000000000000000000000000000052
:10CEE0000000000000000000000000000000000042
:10CEF0000000000000000000000000000000000032
:10CF00000000000000000000000000000000000021
:10CF10000000000000000000000000000000000011
:10CF20000000000000000000000000000000000001
:10CF300000000000000000000000000000000000F1
:10CF400000000000000000000000000000000000E1
:10CF500000000000000000000000000000000000D1
:10CF600000000000000000000000000000000000C1
:10CF700000000000000000000000000000000000B1
:10CF800000000000000000000000000000000000A1
:10CF90000000000000000000000000000000000091
:10CFA0000000000000000000000000000000000081
:10CFB000FFFFFFFFFFFFFFFFFFFFFFFFFFFFFFFF81
:10CFC000FFFFFFFFFFFFFFFFFFFFFFFFFFFFFFFF71
:10CFD000FFFFFFFFFFFFFFFFFFFFFFFFFFFFFFFF61
:10CFE000FFFFFFFFFFFFFFFFFFFFFFFFFFFFFFFF51
:10CFF000FFFFFFFFFFFFFFFFFFFFFFFFFFFFFFFF41
:10D000000000000000000000000000000000000020
:10D010000000000000000000000000000000000010
:10D020000000000000000000000000000000000000
:10D0300000000000000000000000000000000000F0
:10D0400000000000000000000000000000000000E0
:10D0500000000000000000000000000000000000D0
:10D0600000000000000000000000000000000000C0
:10D0700000000000000000000000000000000000B0
:10D0800000000000000000000000000000000000A0
:10D090000000000000000000000000000000000090
:10D0A0000000000000000000000000000000000080
:10D0B0000000000000000000000000000000000070
:10D0C0000000000000000000000000000000000060
:10D0D0000000000000000000000000000000000050
:10D0E0000000000000000000000000000000000040
:10D0F0000000000000000000000000000000000030
:10D10000000000000000000000000000000000001F
:10D11000000000000000000000000000000000000F
:10D1200000000000000000000000000000000000FF
:10D1300000000000000000000000000000000000EF
:10D1400000000000000000000000000000000000DF
:10D1500000000000000000000000000000000000CF
:10D1600000000000000000000000000000000000BF
:10D1700000000000000000000000000000000000AF
:10D18000000000000000000000000000000000009F
:10D19000000000000000000000000000000000008F
:10D1A000000000000000000000000000000000007F
:10D1B000000000000000000000000000000000006F
:10D1C000000000000000000000000000000000005F
:10D1D000000000000000000000000000000000004F
:10D1E000000000000000000000000000000000003F
:10D1F000000000000000000000000000000000002F
:10D20000000000000000000000000000000000001E
:10D21000000000000000000000000000000000000E
:10D2200000000000000000000000000000000000FE
:10D2300000000000000000000000000000000000EE
:10D2400000000000000000000000000000000000DE
:10D2500000000000000000000000000000000000CE
:10D2600000000000000000000000000000000000BE
:10D2700000000000000000000000000000000000AE
:10D28000000000000000000000000000000000009E
:10D29000000000000000000000000000000000008E
:10D2A000000000000000000000000000000000007E
:10D2B000000000000000000000000000000000006E
:10D2C000000000000000000000000000000000005E
:10D2D000000000000000000000000000000000004E
:10D2E000000000000000000000000000000000003E
:10D2F000000000000000000000000000000000002E
:10D30000000000000000000000000000000000001D
:10D31000000000000000000000000000000000000D
:10D3200000000000000000000000000000000000FD
:10D3300000000000000000000000000000000000ED
:10D3400000000000000000000000000000000000DD
:10D3500000000000000000000000000000000000CD
:10D3600000000000000000000000000000000000BD
:10D3700000000000000000000000000000000000AD
:10D38000000000000000000000000000000000009D
:10D39000000000000000000000000000000000008D
:10D3A000000000000000000000000000000000007D
:10D3B000000000000000000000000000000000006D
:10D3C000000000000000000000000000000000005D
:10D3D000000000000000000000000000000000004D
:10D3E000000000000000000000000000000000003D
:10D3F000000000000000000000000000000000002D
:10D40000000000000000000000000000000000001C
:10D41000000000000000000000000000000000000C
:10D4200000000000000000000000000000000000FC
:10D4300000000000000000000000000000000000EC
:10D4400000000000000000000000000000000000DC
:10D4500000000000000000000000000000000000CC
:10D4600000000000000000000000000000000000BC
:10D4700000000000000000000000000000000000AC
:10D48000000000000000000000000000000000009C
:10D49000000000000000000000000000000000008C
:10D4A000000000000000000000000000000000007C
:10D4B000000000000000000000000000000000006C
:10D4C000000000000000000000000000000000005C
:10D4D000000000000000000000000000000000004C
:10D4E000000000000000000000000000000000003C
:10D4F000000000000000000000000000000000002C
:10D50000000000000000000000000000000000001B
:10D51000000000000000000000000000000000000B
:10D5200000000000000000000000000000000000FB
:10D5300000000000000000000000000000000000EB
:10D5400000000000000000000000000000000000DB
:10D5500000000000000000000000000000000000CB
:10D5600000000000000000000000000000000000BB
:10D5700000000000000000000000000000000000AB
:10D58000000000000000000000000000000000009B
:10D59000000000000000000000000000000000008B
:10D5A000000000000000000000000000000000007B
:10D5B000000000000000000000000000000000006B
:10D5C000000000000000000000000000000000005B
:10D5D000000000000000000000000000000000004B
:10D5E000000000000000000000000000000000003B
:10D5F000000000000000000000000000000000002B
:10D60000000000000000000000000000000000001A
:10D61000000000000000000000000000000000000A
:10D6200000000000000000000000000000000000FA
:10D6300000000000000000000000000000000000EA
:10D6400000000000000000000000000000000000DA
:10D6500000000000000000000000000000000000CA
:10D6600000000000000000000000000000000000BA
:10D6700000000000000000000000000000000000AA
:10D68000000000000000000000000000000000009A
:10D69000000000000000000000000000000000008A
:10D6A000000000000000000000000000000000007A
:10D6B000000000000000000000000000000000006A
:10D6C000000000000000000000000000000000005A
:10D6D000000000000000000000000000000000004A
:10D6E000000000000000000000000000000000003A
:10D6F000000000000000000000000000000000002A
:10D700000000000000000000000000000000000019
:10D710000000000000000000000000000000000009
:10D7200000000000000000000000000000000000F9
:10D7300000000000000000000000000000000000E9
:10D7400000000000000000000000000000000000D9
:10D7500000000000000000000000000000000000C9
:10D7600000000000000000000000000000000000B9
:10D7700000000000000000000000000000000000A9
:10D780000000000000000000000000000000000099
:10D790000000000000000000000000000000000089
:10D7A0000000000000000000000000000000000079
:10D7B0000000000000000000000000000000000069
:10D7C0000000000000000000000000000000000059
:10D7D0000000000000000000000000000000000049
:10D7E0000000000000000000000000000000000039
:10D7F0000000000000000000000000000000000029
:10D800000000000000000000000000000000000018
:10D810000000000000000000000000000000000008
:10D8200000000000000000000000000000000000F8
:10D8300000000000000000000000000000000000E8
:10D8400000000000000000000000000000000000D8
:10D8500000000000000000000000000000000000C8
:10D8600000000000000000000000000000000000B8
:10D8700000000000000000000000000000000000A8
:10D880000000000000000000000000000000000098
:10D890000000000000000000000000000000000088
:10D8A0000000000000000000000000000000000078
:10D8B0000000000000000000000000000000000068
:10D8C0000000000000000000000000000000000058
:10D8D0000000000000000000000000000000000048
:10D8E0000000000000000000000000000000000038
:10D8F0000000000000000000000000000000000028
:10D900000000000000000000000000000000000017
:10D910000000000000000000000000000000000007
:10D9200000000000000000000000000000000000F7
:10D9300000000000000000000000000000000000E7
:10D9400000000000000000000000000000000000D7
:10D9500000000000000000000000000000000000C7
:10D9600000000000000000000000000000000000B7
:10D9700000000000000000000000000000000000A7
:10D980000000000000000000000000000000000097
:10D990000000000000000000000000000000000087
:10D9A0000000000000000000000000000000000077
:10D9B0000000000000000000000000000000000067
:10D9C0000000000000000000000000000000000057
:10D9D0000000000000000000000000000000000047
:10D9E0000000000000000000000000000000000037
:10D9F0000000000000000000000000000000000027
:10DA00000000000000000000000000000000000016
:10DA10000000000000000000000000000000000006
:10DA200000000000000000000000000000000000F6
:10DA300000000000000000000000000000000000E6
:10DA400000000000000000000000000000000000D6
:10DA500000000000000000000000000000000000C6
:10DA600000000000000000000000000000000000B6
:10DA700000000000000000000000000000000000A6
:10DA80000000000000000000000000000000000096
:10DA90000000000000000000000000000000000086
:10DAA0000000000000000000000000000000000076
:10DAB0000000000000000000000000000000000066
:10DAC0000000000000000000000000000000000056
:10DAD0000000000000000000000000000000000046
:10DAE0000000000000000000000000000000000036
:10DAF0000000000000000000000000000000000026
:10DB00000000000000000000000000000000000015
:10DB10000000000000000000000000000000000005
:10DB200000000000000000000000000000000000F5
:10DB300000000000000000000000000000000000E5
:10DB400000000000000000000000000000000000D5
:10DB500000000000000000000000000000000000C5
:10DB600000000000000000000000000000000000B5
:10DB700000000000000000000000000000000000A5
:10DB80000000000000000000000000000000000095
:10DB90000000000000000000000000000000000085
:10DBA0000000000000000000000000000000000075
:10DBB0000000000000000000000000000000000065
:10DBC0000000000000000000000000000000000055
:10DBD0000000000000000000000000000000000045
:10DBE0000000000000000000000000000000000035
:10DBF0000000000000000000000000000000000025
:040000056000100087
:00000001FF
