:0200000460009A
:100000004643464200000156000000000103030081
:1000100000000000000000000000000000000000E0
:1000200000000000000000000000000000000000D0
:1000300000000000000000000000000000000000C0
:1000400000000000010408000000000000000000A3
:100050000000200000000000000000000000000080
:100060000000000000000000000000000000000090
:100070000000000000000000000000000000000080
:10008000EB04180A063204260000000000000000FD
:10009000050404240000000000000000000000002F
:1000A0000000000000000000000000000000000050
:1000B0000604000000000000000000000000000036
:1000C0000000000000000000000000000000000030
:1000D00020041808000000000000000000000000DC
:1000E0000000000000000000000000000000000010
:1000F0000000000000000000000000000000000000
:10010000D8041808000000000000000000000000F3
:100110000204180804200000000000000000000095
:1001200000000000000000000000000000000000CF
:10013000600400000000000000000000000000005B
:1001400000000000000000000000000000000000AF
:10015000000000000000000000000000000000009F
:10016000000000000000000000000000000000008F
:10017000000000000000000000000000000000007F
:10018000000000000000000000000000000000006F
:10019000000000000000000000000000000000005F
:1001A000000000000000000000000000000000004F
:1001B000000000000000000000000000000000003F
:1001C000000100000010000001000000000000001D
:1001D000000001000000000000000000000000001E
:1001E000000000000000000000000000000000000F
:1001F00000000000000000000000000000000000FF
:10020000FFFFFFFFFFFFFFFFFFFFFFFFFFFFFFFFFE
:10021000FFFFFFFFFFFFFFFFFFFFFFFFFFFFFFFFEE
:10022000FFFFFFFFFFFFFFFFFFFFFFFFFFFFFFFFDE
:10023000FFFFFFFFFFFFFFFFFFFFFFFFFFFFFFFFCE
:10024000FFFFFFFFFFFFFFFFFFFFFFFFFFFFFFFFBE
:10025000FFFFFFFFFFFFFFFFFFFFFFFFFFFFFFFFAE
:10026000FFFFFFFFFFFFFFFFFFFFFFFFFFFFFFFF9E
:10027000FFFFFFFFFFFFFFFFFFFFFFFFFFFFFFFF8E
:10028000FFFFFFFFFFFFFFFFFFFFFFFFFFFFFFFF7E
:10029000FFFFFFFFFFFFFFFFFFFFFFFFFFFFFFFF6E
:1002A000FFFFFFFFFFFFFFFFFFFFFFFFFFFFFFFF5E
:1002B000FFFFFFFFFFFFFFFFFFFFFFFFFFFFFFFF4E
:1002C000FFFFFFFFFFFFFFFFFFFFFFFFFFFFFFFF3E
:1002D000FFFFFFFFFFFFFFFFFFFFFFFFFFFFFFFF2E
:1002E000FFFFFFFFFFFFFFFFFFFFFFFFFFFFFFFF1E
:1002F000FFFFFFFFFFFFFFFFFFFFFFFFFFFFFFFF0E
:10030000FFFFFFFFFFFFFFFFFFFFFFFFFFFFFFFFFD
:10031000FFFFFFFFFFFFFFFFFFFFFFFFFFFFFFFFED
:10032000FFFFFFFFFFFFFFFFFFFFFFFFFFFFFFFFDD
:10033000FFFFFFFFFFFFFFFFFFFFFFFFFFFFFFFFCD
:10034000FFFFFFFFFFFFFFFFFFFFFFFFFFFFFFFFBD
:10035000FFFFFFFFFFFFFFFFFFFFFFFFFFFFFFFFAD
:10036000FFFFFFFFFFFFFFFFFFFFFFFFFFFFFFFF9D
:10037000FFFFFFFFFFFFFFFFFFFFFFFFFFFFFFFF8D
:10038000FFFFFFFFFFFFFFFFFFFFFFFFFFFFFFFF7D
:10039000FFFFFFFFFFFFFFFFFFFFFFFFFFFFFFFF6D
:1003A000FFFFFFFFFFFFFFFFFFFFFFFFFFFFFFFF5D
:1003B000FFFFFFFFFFFFFFFFFFFFFFFFFFFFFFFF4D
:1003C000FFFFFFFFFFFFFFFFFFFFFFFFFFFFFFFF3D
:1003D000FFFFFFFFFFFFFFFFFFFFFFFFFFFFFFFF2D
:1003E000FFFFFFFFFFFFFFFFFFFFFFFFFFFFFFFF1D
:1003F000FFFFFFFFFFFFFFFFFFFFFFFFFFFFFFFF0D
:10040000FFFFFFFFFFFFFFFFFFFFFFFFFFFFFFFFFC
:10041000FFFFFFFFFFFFFFFFFFFFFFFFFFFFFFFFEC
:10042000FFFFFFFFFFFFFFFFFFFFFFFFFFFFFFFFDC
:10043000FFFFFFFFFFFFFFFFFFFFFFFFFFFFFFFFCC
:10044000FFFFFFFFFFFFFFFFFFFFFFFFFFFFFFFFBC
:10045000FFFFFFFFFFFFFFFFFFFFFFFFFFFFFFFFAC
:10046000FFFFFFFFFFFFFFFFFFFFFFFFFFFFFFFF9C
:10047000FFFFFFFFFFFFFFFFFFFFFFFFFFFFFFFF8C
:10048000FFFFFFFFFFFFFFFFFFFFFFFFFFFFFFFF7C
:10049000FFFFFFFFFFFFFFFFFFFFFFFFFFFFFFFF6C
:1004A000FFFFFFFFFFFFFFFFFFFFFFFFFFFFFFFF5C
:1004B000FFFFFFFFFFFFFFFFFFFFFFFFFFFFFFFF4C
:1004C000FFFFFFFFFFFFFFFFFFFFFFFFFFFFFFFF3C
:1004D000FFFFFFFFFFFFFFFFFFFFFFFFFFFFFFFF2C
:1004E000FFFFFFFFFFFFFFFFFFFFFFFFFFFFFFFF1C
:1004F000FFFFFFFFFFFFFFFFFFFFFFFFFFFFFFFF0C
:10050000FFFFFFFFFFFFFFFFFFFFFFFFFFFFFFFFFB
:10051000FFFFFFFFFFFFFFFFFFFFFFFFFFFFFFFFEB
:10052000FFFFFFFFFFFFFFFFFFFFFFFFFFFFFFFFDB
:10053000FFFFFFFFFFFFFFFFFFFFFFFFFFFFFFFFCB
:10054000FFFFFFFFFFFFFFFFFFFFFFFFFFFFFFFFBB
:10055000FFFFFFFFFFFFFFFFFFFFFFFFFFFFFFFFAB
:10056000FFFFFFFFFFFFFFFFFFFFFFFFFFFFFFFF9B
:10057000FFFFFFFFFFFFFFFFFFFFFFFFFFFFFFFF8B
:10058000FFFFFFFFFFFFFFFFFFFFFFFFFFFFFFFF7B
:10059000FFFFFFFFFFFFFFFFFFFFFFFFFFFFFFFF6B
:1005A000FFFFFFFFFFFFFFFFFFFFFFFFFFFFFFFF5B
:1005B000FFFFFFFFFFFFFFFFFFFFFFFFFFFFFFFF4B
:1005C000FFFFFFFFFFFFFFFFFFFFFFFFFFFFFFFF3B
:1005D000FFFFFFFFFFFFFFFFFFFFFFFFFFFFFFFF2B
:1005E000FFFFFFFFFFFFFFFFFFFFFFFFFFFFFFFF1B
:1005F000FFFFFFFFFFFFFFFFFFFFFFFFFFFFFFFF0B
:10060000FFFFFFFFFFFFFFFFFFFFFFFFFFFFFFFFFA
:10061000FFFFFFFFFFFFFFFFFFFFFFFFFFFFFFFFEA
:10062000FFFFFFFFFFFFFFFFFFFFFFFFFFFFFFFFDA
:10063000FFFFFFFFFFFFFFFFFFFFFFFFFFFFFFFFCA
:10064000FFFFFFFFFFFFFFFFFFFFFFFFFFFFFFFFBA
:10065000FFFFFFFFFFFFFFFFFFFFFFFFFFFFFFFFAA
:10066000FFFFFFFFFFFFFFFFFFFFFFFFFFFFFFFF9A
:10067000FFFFFFFFFFFFFFFFFFFFFFFFFFFFFFFF8A
:10068000FFFFFFFFFFFFFFFFFFFFFFFFFFFFFFFF7A
:10069000FFFFFFFFFFFFFFFFFFFFFFFFFFFFFFFF6A
:1006A000FFFFFFFFFFFFFFFFFFFFFFFFFFFFFFFF5A
:1006B000FFFFFFFFFFFFFFFFFFFFFFFFFFFFFFFF4A
:1006C000FFFFFFFFFFFFFFFFFFFFFFFFFFFFFFFF3A
:1006D000FFFFFFFFFFFFFFFFFFFFFFFFFFFFFFFF2A
:1006E000FFFFFFFFFFFFFFFFFFFFFFFFFFFFFFFF1A
:1006F000FFFFFFFFFFFFFFFFFFFFFFFFFFFFFFFF0A
:10070000FFFFFFFFFFFFFFFFFFFFFFFFFFFFFFFFF9
:10071000FFFFFFFFFFFFFFFFFFFFFFFFFFFFFFFFE9
:10072000FFFFFFFFFFFFFFFFFFFFFFFFFFFFFFFFD9
:10073000FFFFFFFFFFFFFFFFFFFFFFFFFFFFFFFFC9
:10074000FFFFFFFFFFFFFFFFFFFFFFFFFFFFFFFFB9
:10075000FFFFFFFFFFFFFFFFFFFFFFFFFFFFFFFFA9
:10076000FFFFFFFFFFFFFFFFFFFFFFFFFFFFFFFF99
:10077000FFFFFFFFFFFFFFFFFFFFFFFFFFFFFFFF89
:10078000FFFFFFFFFFFFFFFFFFFFFFFFFFFFFFFF79
:10079000FFFFFFFFFFFFFFFFFFFFFFFFFFFFFFFF69
:1007A000FFFFFFFFFFFFFFFFFFFFFFFFFFFFFFFF59
:1007B000FFFFFFFFFFFFFFFFFFFFFFFFFFFFFFFF49
:1007C000FFFFFFFFFFFFFFFFFFFFFFFFFFFFFFFF39
:1007D000FFFFFFFFFFFFFFFFFFFFFFFFFFFFFFFF29
:1007E000FFFFFFFFFFFFFFFFFFFFFFFFFFFFFFFF19
:1007F000FFFFFFFFFFFFFFFFFFFFFFFFFFFFFFFF09
:10080000FFFFFFFFFFFFFFFFFFFFFFFFFFFFFFFFF8
:10081000FFFFFFFFFFFFFFFFFFFFFFFFFFFFFFFFE8
:10082000FFFFFFFFFFFFFFFFFFFFFFFFFFFFFFFFD8
:10083000FFFFFFFFFFFFFFFFFFFFFFFFFFFFFFFFC8
:10084000FFFFFFFFFFFFFFFFFFFFFFFFFFFFFFFFB8
:10085000FFFFFFFFFFFFFFFFFFFFFFFFFFFFFFFFA8
:10086000FFFFFFFFFFFFFFFFFFFFFFFFFFFFFFFF98
:10087000FFFFFFFFFFFFFFFFFFFFFFFFFFFFFFFF88
:10088000FFFFFFFFFFFFFFFFFFFFFFFFFFFFFFFF78
:10089000FFFFFFFFFFFFFFFFFFFFFFFFFFFFFFFF68
:1008A000FFFFFFFFFFFFFFFFFFFFFFFFFFFFFFFF58
:1008B000FFFFFFFFFFFFFFFFFFFFFFFFFFFFFFFF48
:1008C000FFFFFFFFFFFFFFFFFFFFFFFFFFFFFFFF38
:1008D000FFFFFFFFFFFFFFFFFFFFFFFFFFFFFFFF28
:1008E000FFFFFFFFFFFFFFFFFFFFFFFFFFFFFFFF18
:1008F000FFFFFFFFFFFFFFFFFFFFFFFFFFFFFFFF08
:10090000FFFFFFFFFFFFFFFFFFFFFFFFFFFFFFFFF7
:10091000FFFFFFFFFFFFFFFFFFFFFFFFFFFFFFFFE7
:10092000FFFFFFFFFFFFFFFFFFFFFFFFFFFFFFFFD7
:10093000FFFFFFFFFFFFFFFFFFFFFFFFFFFFFFFFC7
:10094000FFFFFFFFFFFFFFFFFFFFFFFFFFFFFFFFB7
:10095000FFFFFFFFFFFFFFFFFFFFFFFFFFFFFFFFA7
:10096000FFFFFFFFFFFFFFFFFFFFFFFFFFFFFFFF97
:10097000FFFFFFFFFFFFFFFFFFFFFFFFFFFFFFFF87
:10098000FFFFFFFFFFFFFFFFFFFFFFFFFFFFFFFF77
:10099000FFFFFFFFFFFFFFFFFFFFFFFFFFFFFFFF67
:1009A000FFFFFFFFFFFFFFFFFFFFFFFFFFFFFFFF57
:1009B000FFFFFFFFFFFFFFFFFFFFFFFFFFFFFFFF47
:1009C000FFFFFFFFFFFFFFFFFFFFFFFFFFFFFFFF37
:1009D000FFFFFFFFFFFFFFFFFFFFFFFFFFFFFFFF27
:1009E000FFFFFFFFFFFFFFFFFFFFFFFFFFFFFFFF17
:1009F000FFFFFFFFFFFFFFFFFFFFFFFFFFFFFFFF07
:100A0000FFFFFFFFFFFFFFFFFFFFFFFFFFFFFFFFF6
:100A1000FFFFFFFFFFFFFFFFFFFFFFFFFFFFFFFFE6
:100A2000FFFFFFFFFFFFFFFFFFFFFFFFFFFFFFFFD6
:100A3000FFFFFFFFFFFFFFFFFFFFFFFFFFFFFFFFC6
:100A4000FFFFFFFFFFFFFFFFFFFFFFFFFFFFFFFFB6
:100A5000FFFFFFFFFFFFFFFFFFFFFFFFFFFFFFFFA6
:100A6000FFFFFFFFFFFFFFFFFFFFFFFFFFFFFFFF96
:100A7000FFFFFFFFFFFFFFFFFFFFFFFFFFFFFFFF86
:100A8000FFFFFFFFFFFFFFFFFFFFFFFFFFFFFFFF76
:100A9000FFFFFFFFFFFFFFFFFFFFFFFFFFFFFFFF66
:100AA000FFFFFFFFFFFFFFFFFFFFFFFFFFFFFFFF56
:100AB000FFFFFFFFFFFFFFFFFFFFFFFFFFFFFFFF46
:100AC000FFFFFFFFFFFFFFFFFFFFFFFFFFFFFFFF36
:100AD000FFFFFFFFFFFFFFFFFFFFFFFFFFFFFFFF26
:100AE000FFFFFFFFFFFFFFFFFFFFFFFFFFFFFFFF16
:100AF000FFFFFFFFFFFFFFFFFFFFFFFFFFFFFFFF06
:100B0000FFFFFFFFFFFFFFFFFFFFFFFFFFFFFFFFF5
:100B1000FFFFFFFFFFFFFFFFFFFFFFFFFFFFFFFFE5
:100B2000FFFFFFFFFFFFFFFFFFFFFFFFFFFFFFFFD5
:100B3000FFFFFFFFFFFFFFFFFFFFFFFFFFFFFFFFC5
:100B4000FFFFFFFFFFFFFFFFFFFFFFFFFFFFFFFFB5
:100B5000FFFFFFFFFFFFFFFFFFFFFFFFFFFFFFFFA5
:100B6000FFFFFFFFFFFFFFFFFFFFFFFFFFFFFFFF95
:100B7000FFFFFFFFFFFFFFFFFFFFFFFFFFFFFFFF85
:100B8000FFFFFFFFFFFFFFFFFFFFFFFFFFFFFFFF75
:100B9000FFFFFFFFFFFFFFFFFFFFFFFFFFFFFFFF65
:100BA000FFFFFFFFFFFFFFFFFFFFFFFFFFFFFFFF55
:100BB000FFFFFFFFFFFFFFFFFFFFFFFFFFFFFFFF45
:100BC000FFFFFFFFFFFFFFFFFFFFFFFFFFFFFFFF35
:100BD000FFFFFFFFFFFFFFFFFFFFFFFFFFFFFFFF25
:100BE000FFFFFFFFFFFFFFFFFFFFFFFFFFFFFFFF15
:100BF000FFFFFFFFFFFFFFFFFFFFFFFFFFFFFFFF05
:100C0000FFFFFFFFFFFFFFFFFFFFFFFFFFFFFFFFF4
:100C1000FFFFFFFFFFFFFFFFFFFFFFFFFFFFFFFFE4
:100C2000FFFFFFFFFFFFFFFFFFFFFFFFFFFFFFFFD4
:100C3000FFFFFFFFFFFFFFFFFFFFFFFFFFFFFFFFC4
:100C4000FFFFFFFFFFFFFFFFFFFFFFFFFFFFFFFFB4
:100C5000FFFFFFFFFFFFFFFFFFFFFFFFFFFFFFFFA4
:100C6000FFFFFFFFFFFFFFFFFFFFFFFFFFFFFFFF94
:100C7000FFFFFFFFFFFFFFFFFFFFFFFFFFFFFFFF84
:100C8000FFFFFFFFFFFFFFFFFFFFFFFFFFFFFFFF74
:100C9000FFFFFFFFFFFFFFFFFFFFFFFFFFFFFFFF64
:100CA000FFFFFFFFFFFFFFFFFFFFFFFFFFFFFFFF54
:100CB000FFFFFFFFFFFFFFFFFFFFFFFFFFFFFFFF44
:100CC000FFFFFFFFFFFFFFFFFFFFFFFFFFFFFFFF34
:100CD000FFFFFFFFFFFFFFFFFFFFFFFFFFFFFFFF24
:100CE000FFFFFFFFFFFFFFFFFFFFFFFFFFFFFFFF14
:100CF000FFFFFFFFFFFFFFFFFFFFFFFFFFFFFFFF04
:100D0000FFFFFFFFFFFFFFFFFFFFFFFFFFFFFFFFF3
:100D1000FFFFFFFFFFFFFFFFFFFFFFFFFFFFFFFFE3
:100D2000FFFFFFFFFFFFFFFFFFFFFFFFFFFFFFFFD3
:100D3000FFFFFFFFFFFFFFFFFFFFFFFFFFFFFFFFC3
:100D4000FFFFFFFFFFFFFFFFFFFFFFFFFFFFFFFFB3
:100D5000FFFFFFFFFFFFFFFFFFFFFFFFFFFFFFFFA3
:100D6000FFFFFFFFFFFFFFFFFFFFFFFFFFFFFFFF93
:100D7000FFFFFFFFFFFFFFFFFFFFFFFFFFFFFFFF83
:100D8000FFFFFFFFFFFFFFFFFFFFFFFFFFFFFFFF73
:100D9000FFFFFFFFFFFFFFFFFFFFFFFFFFFFFFFF63
:100DA000FFFFFFFFFFFFFFFFFFFFFFFFFFFFFFFF53
:100DB000FFFFFFFFFFFFFFFFFFFFFFFFFFFFFFFF43
:100DC000FFFFFFFFFFFFFFFFFFFFFFFFFFFFFFFF33
:100DD000FFFFFFFFFFFFFFFFFFFFFFFFFFFFFFFF23
:100DE000FFFFFFFFFFFFFFFFFFFFFFFFFFFFFFFF13
:100DF000FFFFFFFFFFFFFFFFFFFFFFFFFFFFFFFF03
:100E0000FFFFFFFFFFFFFFFFFFFFFFFFFFFFFFFFF2
:100E1000FFFFFFFFFFFFFFFFFFFFFFFFFFFFFFFFE2
:100E2000FFFFFFFFFFFFFFFFFFFFFFFFFFFFFFFFD2
:100E3000FFFFFFFFFFFFFFFFFFFFFFFFFFFFFFFFC2
:100E4000FFFFFFFFFFFFFFFFFFFFFFFFFFFFFFFFB2
:100E5000FFFFFFFFFFFFFFFFFFFFFFFFFFFFFFFFA2
:100E6000FFFFFFFFFFFFFFFFFFFFFFFFFFFFFFFF92
:100E7000FFFFFFFFFFFFFFFFFFFFFFFFFFFFFFFF82
:100E8000FFFFFFFFFFFFFFFFFFFFFFFFFFFFFFFF72
:100E9000FFFFFFFFFFFFFFFFFFFFFFFFFFFFFFFF62
:100EA000FFFFFFFFFFFFFFFFFFFFFFFFFFFFFFFF52
:100EB000FFFFFFFFFFFFFFFFFFFFFFFFFFFFFFFF42
:100EC000FFFFFFFFFFFFFFFFFFFFFFFFFFFFFFFF32
:100ED000FFFFFFFFFFFFFFFFFFFFFFFFFFFFFFFF22
:100EE000FFFFFFFFFFFFFFFFFFFFFFFFFFFFFFFF12
:100EF000FFFFFFFFFFFFFFFFFFFFFFFFFFFFFFFF02
:100F0000FFFFFFFFFFFFFFFFFFFFFFFFFFFFFFFFF1
:100F1000FFFFFFFFFFFFFFFFFFFFFFFFFFFFFFFFE1
:100F2000FFFFFFFFFFFFFFFFFFFFFFFFFFFFFFFFD1
:100F3000FFFFFFFFFFFFFFFFFFFFFFFFFFFFFFFFC1
:100F4000FFFFFFFFFFFFFFFFFFFFFFFFFFFFFFFFB1
:100F5000FFFFFFFFFFFFFFFFFFFFFFFFFFFFFFFFA1
:100F6000FFFFFFFFFFFFFFFFFFFFFFFFFFFFFFFF91
:100F7000FFFFFFFFFFFFFFFFFFFFFFFFFFFFFFFF81
:100F8000FFFFFFFFFFFFFFFFFFFFFFFFFFFFFFFF71
:100F9000FFFFFFFFFFFFFFFFFFFFFFFFFFFFFFFF61
:100FA000FFFFFFFFFFFFFFFFFFFFFFFFFFFFFFFF51
:100FB000FFFFFFFFFFFFFFFFFFFFFFFFFFFFFFFF41
:100FC000FFFFFFFFFFFFFFFFFFFFFFFFFFFFFFFF31
:100FD000FFFFFFFFFFFFFFFFFFFFFFFFFFFFFFFF21
:100FE000FFFFFFFFFFFFFFFFFFFFFFFFFFFFFFFF11
:100FF000FFFFFFFFFFFFFFFFFFFFFFFFFFFFFFFF01
:10100000D1002043ED15006000000000000000004A
:10101000201000600010006000D40060000000009C
:101020000000006000E0000000000000FFFFFFFF84
:10103000FFFFFFFFFFFFFFFFFFFFFFFFFFFFFFFFC0
:10104000FFFFFFFFFFFFFFFFFFFFFFFFFFFFFFFFB0
:10105000FFFFFFFFFFFFFFFFFFFFFFFFFFFFFFFFA0
:10106000FFFFFFFFFFFFFFFFFFFFFFFFFFFFFFFF90
:10107000FFFFFFFFFFFFFFFFFFFFFFFFFFFFFFFF80
:10108000FFFFFFFFFFFFFFFFFFFFFFFFFFFFFFFF70
:10109000FFFFFFFFFFFFFFFFFFFFFFFFFFFFFFFF60
:1010A000FFFFFFFFFFFFFFFFFFFFFFFFFFFFFFFF50
:1010B000FFFFFFFFFFFFFFFFFFFFFFFFFFFFFFFF40
:1010C000FFFFFFFFFFFFFFFFFFFFFFFFFFFFFFFF30
:1010D000FFFFFFFFFFFFFFFFFFFFFFFFFFFFFFFF20
:1010E000FFFFFFFFFFFFFFFFFFFFFFFFFFFFFFFF10
:1010F000FFFFFFFFFFFFFFFFFFFFFFFFFFFFFFFF00
:10110000FFFFFFFFFFFFFFFFFFFFFFFFFFFFFFFFEF
:10111000FFFFFFFFFFFFFFFFFFFFFFFFFFFFFFFFDF
:10112000FFFFFFFFFFFFFFFFFFFFFFFFFFFFFFFFCF
:10113000FFFFFFFFFFFFFFFFFFFFFFFFFFFFFFFFBF
:10114000FFFFFFFFFFFFFFFFFFFFFFFFFFFFFFFFAF
:10115000FFFFFFFFFFFFFFFFFFFFFFFFFFFFFFFF9F
:10116000FFFFFFFFFFFFFFFFFFFFFFFFFFFFFFFF8F
:10117000FFFFFFFFFFFFFFFFFFFFFFFFFFFFFFFF7F
:10118000FFFFFFFFFFFFFFFFFFFFFFFFFFFFFFFF6F
:10119000FFFFFFFFFFFFFFFFFFFFFFFFFFFFFFFF5F
:1011A000FFFFFFFFFFFFFFFFFFFFFFFFFFFFFFFF4F
:1011B000FFFFFFFFFFFFFFFFFFFFFFFFFFFFFFFF3F
:1011C000FFFFFFFFFFFFFFFFFFFFFFFFFFFFFFFF2F
:1011D000FFFFFFFFFFFFFFFFFFFFFFFFFFFFFFFF1F
:1011E000FFFFFFFFFFFFFFFFFFFFFFFFFFFFFFFF0F
:1011F000FFFFFFFFFFFFFFFFFFFFFFFFFFFFFFFFFF
:10120000FFFFFFFFFFFFFFFFFFFFFFFFFFFFFFFFEE
:10121000FFFFFFFFFFFFFFFFFFFFFFFFFFFFFFFFDE
:10122000FFFFFFFFFFFFFFFFFFFFFFFFFFFFFFFFCE
:10123000FFFFFFFFFFFFFFFFFFFFFFFFFFFFFFFFBE
:10124000FFFFFFFFFFFFFFFFFFFFFFFFFFFFFFFFAE
:10125000FFFFFFFFFFFFFFFFFFFFFFFFFFFFFFFF9E
:10126000FFFFFFFFFFFFFFFFFFFFFFFFFFFFFFFF8E
:10127000FFFFFFFFFFFFFFFFFFFFFFFFFFFFFFFF7E
:10128000FFFFFFFFFFFFFFFFFFFFFFFFFFFFFFFF6E
:10129000FFFFFFFFFFFFFFFFFFFFFFFFFFFFFFFF5E
:1012A000FFFFFFFFFFFFFFFFFFFFFFFFFFFFFFFF4E
:1012B000FFFFFFFFFFFFFFFFFFFFFFFFFFFFFFFF3E
:1012C000FFFFFFFFFFFFFFFFFFFFFFFFFFFFFFFF2E
:1012D000FFFFFFFFFFFFFFFFFFFFFFFFFFFFFFFF1E
:1012E000FFFFFFFFFFFFFFFFFFFFFFFFFFFFFFFF0E
:1012F000FFFFFFFFFFFFFFFFFFFFFFFFFFFFFFFFFE
:10130000FFFFFFFFFFFFFFFFFFFFFFFFFFFFFFFFED
:10131000FFFFFFFFFFFFFFFFFFFFFFFFFFFFFFFFDD
:10132000FFFFFFFFFFFFFFFFFFFFFFFFFFFFFFFFCD
:10133000FFFFFFFFFFFFFFFFFFFFFFFFFFFFFFFFBD
:10134000FFFFFFFFFFFFFFFFFFFFFFFFFFFFFFFFAD
:10135000FFFFFFFFFFFFFFFFFFFFFFFFFFFFFFFF9D
:10136000FFFFFFFFFFFFFFFFFFFFFFFFFFFFFFFF8D
:10137000FFFFFFFFFFFFFFFFFFFFFFFFFFFFFFFF7D
:10138000FFFFFFFFFFFFFFFFFFFFFFFFFFFFFFFF6D
:10139000FFFFFFFFFFFFFFFFFFFFFFFFFFFFFFFF5D
:1013A000FFFFFFFFFFFFFFFFFFFFFFFFFFFFFFFF4D
:1013B000FFFFFFFFFFFFFFFFFFFFFFFFFFFFFFFF3D
:1013C000FFFFFFFFFFFFFFFFFFFFFFFFFFFFFFFF2D
:1013D000FFFFFFFFFFFFFFFFFFFFFFFFFFFFFFFF1D
:1013E000FFFFFFFFFFFFFFFFFFFFFFFFFFFFFFFF0D
:1013F000FFFFFFFFFFFFFFFFFFFFFFFFFFFFFFFFFD
:10140000824205D051F8043B40F8043B8242F9D8AF
:10141000704700BF044A05494FF0000342F8043BFF
:101420009142FBD8704700BFC01A002060280020FE
:1014300080B5BFF34F8F00F0BDF9534C534B0820DC
:101440005349C3F85401534AC3F800115248C3F832
:10145000F0405249FFF7D4FF514A52495248FFF732
:10146000CFFF524CFFF7D6FF4FF470004FF0E02152
:1014700000234F4AC1F8880D44F823200133B02BD4
:10148000FAD14C4B80214C4A03F8011B9342FBD10B
:101490004FF0E025494F4A4A4FF0FF31C5F8084D5B
:1014A0000026D5F8243D43F4E023C5F8243DFB692C
:1014B00023F07F0343F04003FB617B6A23F07F034B
:1014C00043F040037B629166D1661167516700F07B
:1014D00079F93C4B63223C49A3633C4BE363032310
:1014E0006A613B4AAE612B61C5F8202DD5F8FC2D11
:1014F000384B42F08072C5F8FC2D1A6842F00102A8
:101500001A605B680B6000F0E7F9334800F074FB89
:10151000F96E324B324A41F44051F9661E60C3F80D
:101520000861C3F81861C3F82861C3F83861936B88
:10153000DB0708D442F615632A4951651365936B9E
:1015400043F001039363264A274C936843F0011349
:10155000936000F005F900F043FB00F0EBF900F0B8
:101560002BF92368132BFCD900F07CFA2368B3F520
:10157000967FFBD300F024F900F020F900F028FB5F
:1015800000F016FB30BFFDE70C0D111300800D407D
:101590001B101820E899000000000000941D006056
:1015A000C01A002080B70060000000200018002052
:1015B0002D66000000E400E0A0E400E000C00F4061
:1015C00000C00A40618200000C26002065820000F5
:1015D00000002020001000E00046C3230040084027
:1015E00000400D400000C05610260020054B4FF46F
:1015F0002A01054A05485A641864054A99639546C4
:10160000FFF716FF00C00A40AFAAAAAA07002000F1
:10161000000007201BB9124B1B6F9B041ED400F067
:101620003F000F4B22F0604221F0604140F48910EE
:101630001867C3F88010C3F890201A6F22F4805204
:101640001A671A6F002AFCDAD3F87011054A0A40AB
:10165000C3F870211A6F22F480321A67704700BFF6
:1016600000800D40FF7F7FFFB1F5607FF0B50E4633
:101670008DB028BF4FF460760F46054672B62E4BEC
:1016800000247022186021462C4B2D481C8000F04D
:101690009BFACFB121462A484FF0010C4A0901F0CC
:1016A0001F03013150F822400CFA03F38E4243EA43
:1016B000040340F82230F1D8284600234380013348
:1016C00000F582709E42F9D81E4C257815B162B69D
:1016D0000DB0F0BD082000F07FFA1B4B80220646BB
:1016E000009302A90693194B0271056008A80293A2
:1016F00000F066FA06A9164A304600F05DFA069B2D
:1017000008A8DB689847009B02A8DB689847237805
:10171000002BDCD10F4B104AC3F858210F49D020C1
:101720004FF0E023402281F84600C3F8082101234E
:10173000237062B60DB0F0BD3C1E0020E0270020F3
:10174000441E0020F6270020F80800203552000033
:101750001B100100001800204152000000E400E0CE
:10176000104BA020104AD96E41F4403110B4D96614
:1017700040F23764D96E41F44071D9665464906484
:10178000936C1B06FCD4094A40F23761A0235164D4
:101790009364936C13F08003FBD1054A13705DF8DA
:1017A000044B704700C00F4000400C4000800C40CC
:1017B000FC270020704700BF704700BF704700BF84
:1017C00000BF704710B44FF0E023002110243248CE
:1017D000C3F8941DC3F89C4D1124C3F8A00D2F48E5
:1017E000C3F89C4D1224C3F8A00D2D48C3F89C4D9E
:1017F0002C4AC3F8A00D2C4C42F015022B48C3F81C
:101800009C4DC3F8A00D2A4C2A48C3F89C4DC3F840
:10181000A00D294CC3F89C2D2848294AC3F8A04D97
:10182000C3F89C0DC3F8A02D02F5A022254C0C3264
:101830002548C3F89C4DC3F8A02D244AC3F89C0D3D
:10184000C3F8A02D02F14062214C02322148C3F8B6
:101850009C4DC3F8A02D0A32C3F89C0DC3F8A02DEF
:1018600000BF00BF00BF00BF00BF0122C3F8942D1E
:10187000BFF34F8FBFF36F8FC3F8501FBFF34F8F6E
:10188000BFF36F8FD3F8142D5DF8044B42F4403250
:10189000C3F8142D704700BF3F0000102500080753
:1018A000090010006028002013002000210002071A
:1018B0001400002025000813090000101600202045
:1018C00027000B1317000040180000602F000B07C3
:1018D000190000701A000080F0B4154A40274FF438
:1018E00080314FF480564FF400554FF4404443F29A
:1018F0004200136913F0020F0ED113F4005F0FD0F2
:1019000013F4805F0ED0002BF3DA13F4803F0BD179
:101910005B060BD5F0BC7047946151619061E8E7BC
:101920005561E6E75661E4E79161E2E75761E0E778
:1019300000800D403F4A03203F49F3EE095AD2F898
:1019400080304FF0000C9FED3D6A23F001039FEDC6
:101950003C5A30B4C2F88030C2F89000D1F8E010A0
:10196000384DCBB2384C39482B6007EE903A0B0D0E
:10197000C1F30B21F8EEE77A06EE903A07EE101A63
:10198000334BB8EEC77A2160F8EEE66A314937EE9C
:10199000C66A37EEC55A76EEC76A77EEE57A26EE66
:1019A000266AC3ED006A25EE265AD2F8803067EE2B
:1019B000A64AC0ED007AC6EE275A274885EE276A68
:1019C000C4EEA76A75EE875AFCEEE55A36EE076A52
:1019D00015EE904ABCEEC66A43EA045376EE877A67
:1019E000C2F8803016EE103AD2F89041FCEEE77A59
:1019F00001EA0341214317EE903AC2F89011C3F374
:101A00000B03D2F890110B431449C2F89031D2F86D
:101A1000803043F00203C2F88030114B80F840C0A0
:101A2000C1F840314FF0E023012230BCC3F8082157
:101A3000704700BF00810D4000441F400000AA42D3
:101A40000000B442F8250020F4250020FC250020E9
:101A5000002600200000FF0F00E400E00018002036
:101A6000F1670000314B40F6617210B5C3F82021D8
:101A700040F2044400F0B8F82D4A2E49D2F88030E4
:101A80002D4843F00303C2F880302C4BC1F860416D
:101A900002681A4203D1D1F8A8319A071BD0254A0F
:101AA0004FF00041244B5963D2F8403143F0020318
:101AB000C2F84031D2F840319B07FBD44FF40030DC
:101AC0004FF0E0211C4B4FF00042C1F88C0219206E
:101AD0009A6300F08DF8184A4FF08040154C0021B1
:101AE00090630A20164B11604FF42072C4F8A801CD
:101AF000184600F069F84FF4800203464FF4810065
:101B000040F243111860C4F858311A640D4B0E4A64
:101B1000C4F84811C3F804224FF0E0224FF400311A
:101B20000123C2F80C11C4F8403110BD00800D40F3
:101B300000C00F4000002E4000900D40001C1E0011
:101B40000000002000180020116A000008B50E4BAC
:101B50001B6E9B0700D4FBBE72B60C4B00200C4AD8
:101B6000C3F8400103F160430A49A3F55F23116400
:101B70009D46BFF34F8F4FF400130748074ADB69B8
:101B800002609B68984700BF00441F4000002E4041
:101B900000C00A400300200000802020000012EB5B
:101BA000F8B500BFF8BC08BC9E46704700000000B6
:101BB0005FF800F0756100005FF800F0C5570000A5
:101BC0005FF800F02D0100005FF800F0559500006F
:101BD0005FF800F0359600005FF800F0B962000091
:101BE0005FF800F01D6500005FF800F04D71000027
:101BF0005FF800F0895E00005FF800F0995B00007C
:101C000005010000394500001D520000395900004F
:101C100020036400690063006500460072006900EB
:101C200065006E006400200076002E003000310058
:101C3000220353006900670069006C0049006E00D0
:101C400073007400720075006D0065006E00740012
:101C5000730000000403090409029500030100C099
:101C600032080B0002020201000904000001020216
:101C700001000524001001052401010104240206CD
:101C80000524060001070582031000100904010065
:101C9000020A000000070503024000000705830256
:101CA00040000009040200020103000007240100B3
:101CB0000125000624020101000624020202000997
:101CC00024030103010201000924030204010101AC
:101CD000000905040240000000000525010101097A
:101CE00005840240000000000525010103000000FA
:101CF00009029500030100C032080B000202020134
:101D00000009040000010202010005240010010581
:101D100024010101042402060524060001070582AE
:101D20000310000509040100020A00000007050372
:101D300002000200070583020002000904020002FB
:101D4000010300020724010001250006240201010D
:101D50000206240202020209240301030102010215
:101D60000924030204010101020905040200020022
:101D700000000525010101090584020002000000A0
:101D800005250101030000000A060002EF020140E0
:041D9000010000004E
:101D9400000000000000000000000000000000003F
:101DA400000000000000000000000000000000002F
:101DB400F8B54FF084439D695A6915400DD0254FFD
:101DC40001269D6195FAA5F4B4FA84F457F82430F9
:101DD40006FA04F49847A543F4D11F4B9D695A6948
:101DE40015400DD01D4F01269D6195FAA5F4B4FA56
:101DF40084F457F8243006FA04F49847A543F4D140
:101E0400174B9D695A6915400DD0164F01269D61E7
:101E140095FAA5F4B4FA84F457F8243006FA04F4D5
:101E24009847A543F4D1104B9D695A6915400DD0CC
:101E34000E4F01269D6195FAA5F4B4FA84F457F87F
:101E4400243006FA04F49847A543F4D1BFF34F8F26
:101E5400F8BD00BFA412002000400042241300205B
:101E640000800042A413002000C00042241400207B
:101E74000548064B1B1AD90F01EBA301491002D0E8
:101E8400034B03B118477047C01A0020C01A002042
:101E94000000000008B5054B1BB105490548AFF328
:101EA4000080BDE80840FFF7E3BF00BF000000006A
:101EB4003825002000E00060036818470B680360C1
:101EC400704700BF0B680360704700BF704700BFD6
:101ED40010B505F0F5FE1B490B68C31AB3F5FA7F7C
:101EE4002FD9194C194A2360A2FB03C2184C08606D
:101EF400012018499209207017480968174C01609D
:101F0400A2F10B00216042F20471884212D807EE5C
:101F1400902A9FED136AF7EE006A124AF8EEE77A08
:101F240086EE277AB4EE667AF1EE10FA36FE877AF8
:101F340082ED007A0C4A0D491A448A4201D80C4AAF
:101F4400136010BD0425002008250020D34D621025
:101F5400FD2700201026002020230020102300202D
:101F64000000484314230020BFF2FCFF7EB92A007E
:101F74002825002010B5044605F06EFB204610BD50
:101F840010B5064C237803B910BD4FF60F0007F0C7
:101F940063F92378013BDBB2237010BD09280020CC
:101FA400B0EE007AF2EE0C6A38B54E4CF0EE477A99
:101FB40094ED036AE6EE267A2DED028BF4EEC77AF1
:101FC400F1EE10FA5EDBB3EE007AF4EEC77AF1EECE
:101FD40010FA55DCFDEEE77A17EE902A424D4FF4E5
:101FE4007A70D4ED028A2B689FED408A013393FB0B
:101FF400F2F102FB11332B6005F094FB07EE900A1B
:10200400F8EE677A87EE887AF4EEC78AF1EE10FA72
:102014003DDC374B2A6803EB8203D3ED007ADFED16
:10202400356AD4ED045AB0EE667A9FED336A3348CC
:10203400334CA5EE867A0188C4ED007A0B094A0870
:1020440083EA1123B4EEE67A03F0010342EA0323A0
:10205400F1EE10FA038017DBDFED2A6AB4EE667A3C
:10206400F1EE10FA36FE877A274BD3ED006A77EE4D
:10207400E67ABDEC028BE7EE876AC3ED006A38BDF1
:102084001022ABE70222A9E7B0EE667AECE74FF440
:102094007A7005F047FB07EE900AF6EE006A2A68AC
:1020A400F8EE677A124B910003EB820287EE887A8E
:1020B400D2ED007A37EE667AE7EE267AF5EEC07A4C
:1020C400F1EE10FA0BDBB7EE007AF4EE477AF1EE9C
:1020D40010FA77FE277A0B44C3ED007A9FE7DFED11
:1020E4000B7AF8E70C1500209423002000007A44B2
:1020F400542300200AD7233C9A99993E6215002064
:10210400A01200203333B33E9C12002000000000D4
:102114002DE9F043D74CD84B22682DED028B1A6081
:1021240083B0002800F08781FF21032006F01AF80D
:102134000021022006F016F8D04B1A7832B1D049AB
:1021440022680968521A812A40F27B81CD4A002113
:1021540012781970DAB1CC4A236812689B1AB3F565
:10216400966FC0F02A82C94D2B7A002B00F0B581FE
:102174000120C74B216818702268C648521A0160B2
:1021840040F6B8318A4240F24E8200221A70C24BA5
:10219400B2EE0E7AD3ED057A67EE877AF5EEC07A61
:1021A400F1EE10FAC0F24281F4EEC77AF1EE10FAC1
:1021B40000F33482FCEEE77A17EE904A04F0010251
:1021C400C4F34008C4F38009C4F3C004B34B93EDD3
:1021D400008AB5EEC08AF1EE10FAC0F24281F7EE41
:1021E400007ADFEDAF5AB4EEE78AF1EE10FA01DCC3
:1021F40068EE255AAB4BD3ED007AF5EEC07AF1EEDA
:1022040010FAC0F23481B7EE007AF4EEC77AF1EE38
:1022140010FA00F300829FEDA27A27EE876AA24BA0
:10222400B1EE007AD3ED307A67EE877AF5EEC07AB4
:10223400F1EE10FAC0F21881B7EE007AF4EEC77A24
:102244009FED977AF1EE10FA01DC27EE877AF1EE32
:10225400006AD3ED317A67EEA67AF5EEC07AF1EE34
:1022640010FAC0F23781F7EE006AF4EEE67AF1EE86
:1022740010FA00F3CD81DFED8A6A67EEA67A8B4B04
:102284008B4FD3ED006A8B4EF4EEE56A8A4D75EE02
:10229400E65AF1EE10FA4CBFB6EE005A9FED875A9B
:1022A40065EE855A76EEA56AD7ED005AF4EEC65A65
:1022B40036EE656AC3ED006AF1EE10FA4CBFB6EE75
:1022C400005A9FED7E5A26EE056A9FED7D5A28EE50
:1022D400058A75EE865A96ED006AB4EEC76AC7EDB4
:1022E400005A37EE467AF1EE10FA4CBFF6EE005A79
:1022F400DFED725A27EE257ADFED695A36EE076A6A
:1023040095ED007AB4EEE77A86ED006A77EEC77A47
:10231400F1EE10FA4CBFB6EE006A9FED686A002A2F
:1023240067EE867A9FED676A37EE277A46FE257A4E
:10233400E8EE276A85ED007AF4EEC66AF1EE10FA4B
:10234400C0F2C680F4EEE56AF1EE10FA00F35E81A5
:10235400FCEEE67ACDED017A9DF80410042005F038
:1023640001FFB8F1000FDFED4E6A9FED567AD7ED0D
:10237400007A07FE267AE8EE077AF5EEC07AF1EEE7
:1023840010FAC0F2A380F4EEE67AF1EE10FA00F34C
:102394003B81FCEEE77ACDED017A9DF8041005202F
:1023A40005F0E0FEB9F1000FDFED3D6A9FED457ADF
:1023B400D6ED007A07FE267AE8EE077AF5EEC07AC3
:1023C400F1EE10FAC0F28080F4EEE67AF1EE10FA43
:1023D40000F31881FCEEE77ACDED017A9DF8041044
:1023E400062005F0BFFE002CDFED2D6A9FED357A47
:1023F400D5ED007A07FE267AE8EE077AF5EEC07A84
:10240400F1EE10FA2BDBF4EEE67AF1EE10FA24DCAE
:10241400FCEEE77ACDED017A9DF80410092003B0B3
:10242400BDEC028BBDE8F04305F09CBE0024A14640
:10243400A0462246CAE60146032005F093FEFF218A
:1024440077E6FF21042005F08DFE0021052005F02C
:1024540089FE0021062005F085FEFF21DEE700212C
:10246400DCE7DFED185AC5E69FED167AEFE69FED3F
:10247400156AD4E6102600201C250020012800201F
:10248400482300201A28002020260020241500209C
:102494001928002024260020BC1400201423002026
:1024A40000007F431C230020AC23002010250020C3
:1024B400182500200C25002014250020CDCC4C3DEF
:1024C4003333B33E00000000002189E7002166E7B2
:1024D400002143E75FED057AD1E62B7D1BB995F822
:1024E400201000295BD00120534B2168187022680A
:1024F4005248521A016040F6B8318A423FF645AE5E
:102504000021042005F02EFE2B7D0520002B14BF96
:10251400FF21002105F026FE95F820300620002B2F
:1025240014BFFF21002105F01DFE454BB1EE007ADA
:10253400D3ED317A67EE877AF5EEC07AF1EE10FAD0
:1025440076DBB7EE007AF4EEC77AF1EE10FA6CDCC3
:102554009FED3C7A67EE877A3B4D95ED007AB4EEB9
:10256400E77A77EEC77AF1EE10FA4CBFF6EE006A1E
:10257400DFED366A67EEA67A77EE277AF5EEC07A53
:10258400C5ED007AF1EE10FAFFF669AF9FED2D7AF2
:10259400F4EEC77AF1EE10FA7FF73AAF5DE7264B17
:1025A4001A78002A3FF4F3AD244822680068121A0E
:1025B40040F6B8308242A4D9E7E5254C04202378BC
:1025C4008B4208BFFF2105F0CDFD23780520012BA8
:1025D4000CBFFF21002105F0C5FD23780620022B46
:1025E4000CBFFF21002105F0BDFD23780920032B3A
:1025F4000CBFFF21002103B0BDEC028BBDE8F0430A
:1026040005F0B0BDFF21EBE6FF21C8E6FF21A5E6FA
:10261400DFED0C7A33E69FED0B6A00E60124A14658
:10262400A0462246D2E5FF216BE7DFED067A93E769
:10263400DFED087A90E700BF192800202426002047
:10264400AC23002000007F4314250020CDCC4C3D5A
:102654001728002000000000F0B5254D8DB0254C52
:102664002B780BB923784BB123782BB1224B1B78F1
:1026740003F0FF06002B32D00DB0F0BD1F4B1A68DB
:10268400002AF1D01E6842F6F7639E42ECD94FF659
:102694000F00012706F0E0FD1722174B02A908A836
:1026A4001A70174B2F7000930693164B0293FFF783
:1026B40005FC154B06A91548A3FB0636360906EB9F
:1026C4004606F200013A04F045FF069B08A8DB68C1
:1026D4009847009B02A8DB6898472770C4E70B481B
:1026E40004F0BAFF182326702B700DB0F0BD00BFA4
:1026F400082800200A280020092800202825002076
:10270400F8080020F1010000ABAAAAAAB414002022
:102714002DE9F04F2DED108BBBB0054604F08AFC7B
:102724000446149004F086FC1590002C00F070848C
:10273400002800F068848C2205F1CC0117A805F06C
:10274400E9FBB1EE0C7AD5ED367AD5ED385A67EE61
:10275400877AD5ED4F3ACDED025AD5ED3B5AF5EED9
:10276400C07AD5F85031CDED125AD5ED4D5AF1EE6F
:1027740010FAD5ED336ACDED015A95ED344A95ED55
:10278400355A95ED376AD5ED39DAD5ED3C4A95EDF4
:102794003D9A95F8042195F80C61D5ED4E5A95F8BB
:1027A4004071D5F85411CDED003A1393C0F28680F0
:1027B400F4EEC77AF1EE10FA01F36581BDEEE77A23
:1027C400344817EE104A062CA8BF0624631C04EBF9
:1027D400840C07EE104A03EB8303B8EEC77A00EBD0
:1027E400830300EB8C00D3ED003A37EEC77AD0EDCB
:1027F40000CA93ED013A73EEEC7A90ED01DAD3ED71
:10280400023A90ED03CAE7EE27CAD0ED042A73EE2C
:102814004D7A93ED033A33EE4C3AA7EE27DAD0ED36
:10282400027A73EEE73AA7EE03CAE7EE237AD3ED12
:10283400043A73EEE23AE7EE232ACDED072A9FED40
:10284400187AB4EEC76AF1EE10FA48DBB7EE007AF4
:10285400B4EEC76AF1EE10FA05DC6CEE86CA2DEE12
:1028640006DA67EE867A95F84430002E41D0002BC4
:1028740000F07B870133DBB2122B28BF00239FEDCE
:10288400067A85F844303DEE07DA9FED047A7CEE53
:1028940087CA30E0B40700203333B33E295C0F3DD0
:1028A400000000009A99193ECDCC0C3F00442C47FF
:1028B400EC51383E9A99593F0AD7A33C1FED087A48
:1028C4005FED097AB4EEC76AF0EE67CACDED077A18
:1028D400B0EE67CAF1EE10FAB0EE67DAB6DA6CEE73
:1028E40087CA95F844302DEE07DA67EE877A002E12
:1028F400BDD1002BBED11FED157AB5EEC0DAE4EEE2
:10290400877AF1EE10FACDED067AC0F22A87F0EE5E
:10291400047AB4EE67DAF1EE10FA37FE8DDAF5EEEA
:10292400C0CAF1EE10FAC0F21887F6EE087AF4EE97
:1029340067CAF1EE10FA77FEACCA9DED067AB5EEE1
:10294400C07AF1EE10FAC0F202875FED297AB4EE94
:10295400677AF1EE10FA77FE877ACDED067A5FEDAD
:102964002D7A95F8C830C5EE277ACDED0F7A002B75
:1029740000F0DB8695ED087AD5ED097A76EEC74A44
:102984001FED356A34EE675AA4EE867AE5EE067AD0
:10299400F0EE476A85ED087AC5ED097A002A00F061
:1029A4004C8305F1480305F15406AE461FED3F7A0A
:1029B4000D461FED3F6A34AC4FF0000C1399109391
:1029C400586D54F8042F824200F02E83D3ED0C7A14
:1029D4005A65F4EEC77A1966DD66F1EE10FAF4EE84
:1029E400C67A67FE876AC3ED0C6AF1EE10FA03D566
:1029F400C3F800C0C3F80CC0C3F818C004339E4227
:102A0400DED107F00307EA4B9DED027AF5EEC05ADA
:102A140003EB87037546D3ED007AF1EE10FAE54B2C
:102A240067EE27AA03EB8703D3ED007AE24BCDEDE3
:102A3400027A03EB8703D3ED007AE04BCDED0E7AF7
:102A440003EB8703D3ED006AC1F22B80B7EE007A63
:102A5400F4EEC75AF1EE10FA00F3CC869FEDE96A62
:102A6400DFEDD77AA5EE867A65EEA77A8DED0C7A3E
:102A74009DED006AB5EEC06AF1EE10FAC1F21F8056
:102A8400B7EE007AB4EE476AF1EE10FA37FE067A32
:102A94008DED007A36EEA77AB5EEC07AF1EE10FA33
:102AA400C1F21980DFEDC77AB4EE677AF1EE10FA5D
:102AB40077FE877ACDED0D7A159BB946149A03F10A
:102AC400020803F5817302329FEDCD9A9FEDCABAD5
:102AD40008921193CDED03CA8DED04DACDED0BDA36
:102AE4008DED09CAB9F1000F40F08A82DDED097A53
:102AF4009FEDB57AF4EEC77AF1EE10FA40F38082D6
:102B0400D5ED0C7AB7EE007ADDED0F6A76EEA77A92
:102B1400F4EEC77AF1EE10FAA8BF77EEC77AB6EEF4
:102B2400007AC5ED0C7AF4EEC77AB1EE007AF1EED4
:102B340010FA40F1A287BFEE008AA7EE878ADFED84
:102B4400A37AB6EE000A68EE277A27EE800A07F029
:102B5400E3FC30EE480ADDED127AA0EE278A8DED13
:102B64000A8A9FEDA78A0DF1950A0DF1A00B9FED3E
:102B7400A9AAF0EE488ADFEDA19ADFED95DA0026E6
:102B8400DFED94EA9FED94EA109C9AF80330D4EDBB
:102B94000CCA93B1F5EEC0CAF1EE10FA0DDD9FED4B
:102BA400897ADFED907A6CEE87CAF4EEE7CAF1EE2B
:102BB40010FA00F12786C4ED0CCADFED8A7AF4EE30
:102BC400E7CAF1EE10FA00F121869AF80070DBED05
:102BD400067AF5EEC07AF1EE10FAC0F22F86B7EE5F
:102BE400007AF4EE477AF1EE10FA77FE277A94ED44
:102BF400127ADBED005ADFED796A75EEC75A94ED6F
:102C04000F6A77EEC67AA5EEA67ADFED756AA7EEAF
:102C1400A66ADDED017A67EE277A84ED127AC7EEB3
:102C24000BBA9DED027A84ED0F6A27EE877AF0EEF7
:102C340046FAC7EE0B7AB9F1000F40F003869DED1A
:102C4400037A94ED090A27EE000A9FED6E7A20EECE
:102C5400070A94ED037A77EE877AB0EEC07AC4ED72
:102C6400037AB4EEE97AB7EE007AF1EE10FAF4EEF4
:102C7400C77A88BFB0EE490AF1EE10FAC0F2808636
:102C840077EEC77A30EE270AC4ED037AFBFE407A6A
:102C940030EE670A20EE0A0A07F03EFCB0EE40FA76
:102CA400B5EEC0FAF1EE10FA40F35A86F7EE007A68
:102CB4009DED077A77EE277A9DED047A27EE0F4A89
:102CC40024EE274A9DED037AD4ED067A94ED00CAEA
:102CD40067EE277A9DED067A67EE0F4AB0EEE77A43
:102CE400B4EEE97AF1EE10FA88BFF0EE497A37EEE5
:102CF4008C7AF0EEE47A37EE047AF4EEE97AF1EEC7
:102D040010FA88BFF0EE494A37EE247AFBFE477A80
:102D140037EE677A27EE0A7AB0EE470A8DED057A28
:102D240007F0FAFB9DED057AB0EE40DAB0EE470A03
:102D340007F0F6FCDDED097ADFED236AB0EE407AA8
:102D4400F4EEE67AF1EE10FA11DDF6EE004ADDED6E
:102D54000A6AE6EEA44AB0EE644AF7EE004A74EE5C
:102D6400E74AE4EE274A2DEE24DA20EE247A2DEE0B
:102D74002CDA27EE2C0A3BEE8C5A84ED09FAB7EED6
:102D8400006A6FEE8D7A2FEE807AB4EEC65AC4EDE7
:102D9400067AF1EE10FAF4EEEDAAA8BF35EE465A23
:102DA400F1EE10FA84ED005A00F3E78434E000BF3A
:102DB400D8080020E8080020C8080020B80800202F
:102DC4005C8FC23E85EB513F0AD7A33BDB0F4940E2
:102DD400AE47813FAE47413F295C9F3FAE47613ECE
:102DE400295C0F3DACC52737CDCC0C3FCDCCCC3EB8
:102DF400000000C700FEFF4600442C47FFFF7F7F12
:102E0400000000006666263F0AD7233CCDCCCC3DAB
:102E1400295C8F3EDB0FC9409FB9F5EEC0CAF1EEC5
:102E240010FA0EDD9BED036A6CEE866A1FED136AE1
:102E3400F4EEC66AF1EE10FA48BFF0EE496AC4ED4A
:102E44000C6AF3B2002E00F07285012B03D067EEFA
:102E5400AE7A27EE0E7A78EEA78A38EE078A013624
:102E64000AF1010A04340BF1040B032E7FF48DAE36
:102E74005FED237AB9EE007ADDED0B4A68EEA78A9E
:102E840068EEA48AF4EEC78AF1EE10FAC0F29F85C8
:102E9400F1EE006AF4EEE68AF1EE10FA00F3C7856B
:102EA40068EEA85AF3EE0B6AB2EE025A68EE277A7D
:102EB40035EEA66AE5EE856A27EEA48A26EE286A30
:102EC400B4EEC78AC6EE267AF1EE10FAB0EEE76ADF
:102ED400C0F2D085B1EE007AB4EEC78AF1EE10FAF2
:102EE40000F3908528EE085A5FED3C4AB3EE0B7A66
:102EF400B2EE024AB4EE646A75EE075AA5EE047A9D
:102F0400F1EE10FA65EE885AF0EE476A85EEA67A7D
:102F140000F2A8855FED496AF0EEC75A67EEA67A1B
:102F24005FED4A6AF4EE665AF1EE10FA40F29485C7
:102F3400F0EE495AB0EE497AD5ED306AF4EEC66A3D
:102F4400D5ED306AF1EE10FA40F1338576EE666A1B
:102F54001FED5A5A66EE856A95ED306A76EE266A5A
:102F6400C5ED306AD5ED316AF4EEE56AD5ED316A26
:102F7400F1EE10FA40F1158575EEE66A1FED656A0B
:102F840066EE866A5FED665A95ED316AF4EEE57A8F
:102F940076EE266AF1EE10FAC5ED316AC0F21485B8
:102FA4005FED6C6AF4EEE67AF1EE10FA00F3468512
:102FB400FDEEE77A17EE903A1BB25FED737A089A4A
:102FC400B4EEE77A22F8023F0892F1EE10FAC0F26A
:102FD400F8845FED787AB4EEE77AF1EE10FA00F354
:102FE4002985BDEEC77A17EE103A1BB228F8023FC6
:102FF400119B434500F0FF82B9F1000F3FF476AD19
:103004008DED0A9AADE5149B13B1184604F068F8E7
:10301400159B002B00F0AC8318463BB0BDEC108B25
:10302400BDE8F04F04F05CB8186E88427FF4CEAC73
:10303400D86EA8427FF4CAACE0E41FED915ABFEE0B
:1030440000AAD5ED079AC7EE857A95ED10EAD5ED7D
:103054000EEA159B149A95ED0CBA9C1C86EE857AA3
:10306400961C03F581775FED9B8A5FED9BAA8DED3E
:1030740003DACDED017AF0EE697AF0EE6E9AF0EEB5
:103084004EEAB0EE67EA8DED007AECE1B0EE4A8AE2
:10309400ABEE278A95ED0B0A1FEDA67A2CEE800A7B
:1030A400DDED017A3EEE27EA20EE070AF7EE007A1C
:1030B400B0EEC07AB4EEE87AF1EE10FAB4EEE7EAD4
:1030C40088BFB0EE6A0AF1EE10FAA8BF3EEE67EAD6
:1030D40030EE0E0A85ED07EAFBFE407A30EE670A11
:1030E4005FEDB47A20EE270A07F016FAB5EEC00AAF
:1030F400F0EE40FAF1EE10FA40F3D381F7EE007AE5
:103104009DED037ADDED076A27EE007A76EEA77A65
:1031140027EE277ADDED067A95ED0A3A67EEAF3AA7
:1031240095ED06DA63EE2C7AF0EEE32AB0EEE72AA8
:10313400B4EEE82AF1EE10FAF4EEE82A88BFF0EED5
:103144006A7AF1EE10FA7DEE277A88BFF0EE6A3AD9
:1031540077EE877A1FEDD47AB4EEC79A77EEA37A26
:10316400F1EE10FA0DDDB0EEEF7A5FEDD82A5FEDE7
:10317400D83A23EE223A27EE2F7AA7EE233AE3EE4B
:10318400097ABBFE677A77EEC77A1FEDDE7A67EEBF
:1031940087BAB0EE6B0A07F0BFF9B0EE40FAB0EEB2
:1031A4006B0A07F0BDFADDED007AF7EE003A3DEE6A
:1031B400274ADFEDE17AB0EE407AB4EEE34AF1EE6D
:1031C40010FAA8BF34EE634A85ED064A95ED0D4A20
:1031D40085ED0DFA3FEE444AA9EEA74AB4EECA4A79
:1031E400F0EE449AF1EE10FAC0F29D81F7EE003A47
:1031F400B4EEE34AF1EE10FA73FE843A95ED0F4A09
:10320400DFEDCD7A3FEEC44AC5ED0A3AC5ED0FFABB
:10321400AEEEA74AB4EECA4AF0EE44EAF1EE10FA72
:10322400C0F27E81B7EE004AF4EEC4EAF1EE10FA81
:1032340034FE2E4ADFEDC13A85ED0B4AB4EEE3CA03
:10324400F1EE10FA23DD9FEDBE0AF6EE003A8DEDA5
:10325400057A28EE000ACDED043A20EE230A07F0A1
:103264005BF930EE480ADDED127AB7EE004ADDED87
:10327400043AA7EE808A9DED057A34EE4C4AE8EED6
:10328400233AA3EE8C4A2FEE04FA27EE047A9FED3C
:10329400AD4ADDED027AF4EEC47AF1EE10FA00F3F1
:1032A400C181DFEDA97AB4EEE79AF1EE10FA19DDE7
:1032B400B7EE004A9FEDA53ADFEDA53A29EE033AB1
:1032C4007FEEC44A69EE233AA3EE244AB0EE4F3AA5
:1032D400F0EE474A97EE443ADFEE044AA3EE83FA4F
:1032E400A3EEA47A6FEE2D7AF9EE004AF4EEE47AB6
:1032F400F1EE10FAC0F23C81B1EE003AF4EEC37A7A
:10330400F1EE10FA00F3C98167EEA72AB3EE0B4A77
:10331400B2EE022A27EE2D7A72EE843AA2EE824AA7
:10332400B4EEE47A63EEA73AF1EE10FAC3EE847ACF
:10333400B0EEE74AC0F2CD81B4EEC37AF1EE10FAF2
:1033440000F3E08127EE073AF3EE0B4AF2EE022A8D
:10335400B4EE684A73EE243AE3EE224AF1EE10FA30
:1033640063EE873A83EEA47AF0EEC73A00F2A880BF
:10337400F4EE683AF1EE10FA40F2D081F4EECA9A13
:103384009FED797AC5ED0BAA67EE877AC5ED0FAA92
:10339400F1EE10FA80F2A880FFEE009ADFED6DEAFC
:1033A400F0EE6A3AB0EE6A7AD5ED304ADFED6A6A39
:1033B400B4EEE44AD5ED304AD5ED302A74EE644AD1
:1033C400F1EE10FACCBF9FED653A9FED5C3A64EEE6
:1033D400834A72EEA42AC5ED302AD5ED314AF4EEC3
:1033E400E43AD5ED314A73EEE44AD5ED313AF1EEE3
:1033F40010FAF4EEE67ACCBF9FED584A9FED4F4A9F
:10340400F1EE10FA64EE844A73EEA43AC5ED313A53
:10341400C0F28F80DFED544AF4EEE47AF1EE10FA54
:1034240000F33E81FDEEE77A17EE903A1AB2DFED33
:103434004A7A26F8022FB4EEE77AF1EE10FAC0F2D7
:10344400C680DFED497AB4EEE77AF1EE10FA00F3C4
:103454002A81BDEEC77A17EE103A1BB224F8023F58
:10346400A74200F0BA80DDED0F7A3BEE27BAF7EE03
:10347400007AB4EEE7BAF1EE10FAA8BF3BEE67BAF1
:10348400F6EE007A85ED0CBAB4EEE7BAF1EE007A06
:10349400F1EE10FA3FF5FAADB0EE088AABEE678AAA
:1034A400F8E5B6EE004ADDED076AF7EE007A9DED29
:1034B400037A27EE007AE6EEC47A27EE277A29E625
:1034C400F4EE683AC5ED0AAAC5ED0DAAF1EE10FABC
:1034D40040F20D81B0EE6A4ADFED1E9AF0EE6A7A90
:1034E400C5ED0BAAC5ED0FAAB7EE006AF4EEC69AB5
:1034F400F1EE10FA00F30981B0EE6A7ADFED15EA15
:10350400F0EE6A3AF4EECAEAF1EE10FA0EDBF7EEE8
:10351400004AF4EE64EAF1EE10FA74FEAEEA43E710
:10352400BFEE004A86E6FFEE003A67E6FFEE00EAE9
:103534003AE70B4A7BE700BFEE7C7F3F0AD7A33B09
:10354400DB0F4940AE47813F0AD7233CCDCC0C3F2B
:103554003333B33E00000000000000C7CDCCCC3EA6
:103564000080FFFFA0BF80BF00FEFF46A0BF803FDA
:103574005FED047A27EE2D7AF9EE004AB4EEE47A90
:10358400F1EE10FAC0F29280F1EE004A1FED094A02
:10359400B4EEE47AF1EE10FA7FF7D4AEB0EE447AEA
:1035A4005FED0F4A5FED0F3A67EEA47A27EE247AB7
:1035B400F4EECA9AF1EE10FAC0F28880F7EE004AEF
:1035C400F4EE649AF1EE10FA74FEA99A9AE7DB4BD2
:1035D40024F8023FA7427FF446AF1499C5ED302A80
:1035E400C5ED0E9AC5ED10EAC5ED313AA1F80221F8
:1035F400159AA2F80231149E28460022314603F09F
:1036040097FD159C01222846214603F091FD304682
:1036140003F066FD20463BB0BDEC108BBDE8F04FD7
:1036240003F05EBD2FEE27FA0823B7EE004AB8EE8A
:10363400003AF0EE003A03E0013B33EECFFA0DD04E
:10364400B4EEC4FAF1EE10FAF6DCB4EECAFAF1EE16
:1036540010FA03D5013B33EE4FFAF1D1DDED027AD6
:10366400B7EE004AB8EE003A082327EE277AF0EEC8
:10367400003A04E033EEC77A013B3FF412AEB4EEF5
:10368400C47AF1EE10FAF5DCB4EECA7AF1EE10FA6F
:103694007FF507AE33EE477AEEE7DFEDA97A69E707
:1036A40047F6FF72C3E647F6FF73D7E6F4EECA9A0D
:1036B400DFEDA44ADFEDA23A67EEA47A9FEDA27A89
:1036C400F1EE10FAB0EE634ABFF678AFFFEE009A5F
:1036D40018E79FED9E7AB4EE684AF1EE10FA7FF691
:1036E4005FAFDFED973AC5ED0AAAC5ED0DAADFED90
:1036F400954AB0EE6A4AF0EE6A7ADFED959A27EEC3
:10370400247AFFE69FED8E7AE5E7F0EE6A3ADFED84
:1037140090EAB0EE6A7AF0EE469A45E6DFED894A21
:1037240067EEA47A27EE247A42E7289BF0EE447AE7
:10373400B0EE667AC5F89030299BC5F894302A9B80
:10374400C5F89830012385F8C830FFF717B9DFEDC5
:10375400807ACDED067AFFF702B9DFED7DCAFFF777
:10376400ECB89FED7BDAFFF7DAB80223FFF787B8EE
:103774003BB0BDEC108BBDE8F08F67EEAA7A08234E
:10378400B7EE006ABFEE005AF8EE004AF0EE005AB7
:1037940003E0013B75EEE77A0DD0F4EEC67AF1EE64
:1037A40010FAF6DCF4EEC57AF1EE10FA03D5013B1B
:1037B40074EEE77AF1D127EE2A7A0823B7EE006A8D
:1037C400BFEE005AF8EE004AF0EE005A04E035EE7F
:1037D400C77A013B3FF420ABB4EEC67AF1EE10FA9F
:1037E400F5DCB4EEC57AF1EE10FA7FF515AB34EEE4
:1037F400C77AEEE7DFED577ACDED0C7ADFED567A36
:10380400FFF736B9DFED52CA84ED0C9A9AF80070CE
:10381400002F7FF4DCA9DBF83420636D9A427FF437
:10382400D6A9236E139A93423FF419ABDBED067AC3
:10383400F5EEC07AF1EE10FABFF6D1A9DFED447AC5
:10384400FFF7D5B994ED037A77EE877AB7EE007A6D
:10385400C4ED037AF4EEC77AF1EE10FA03DB77EEE7
:10386400C77AC4ED037A77EE897ABBFE677A77EE7E
:10387400C77A27EE8A0A06F04FFE9DED0D7AD4ED45
:10388400067AB0EE085ADDED006AB0EE40FA67EE53
:10389400277AB7EE007AF0EE474AE6EE854ADDED88
:1038A400046AB0EEE75A26EE8F4ADDED0E6AB4EEF6
:1038B400E95ABFEE005A64EE8F4AF1EE10FA24EE94
:1038C400264ADDED0C6AF4EEC54A88BFF0EE497A6B
:1038D40024EE264AF1EE10FA60DBF4EE474AF1EEEC
:1038E40010FA77FE244A94ED00CADDED006A37EE43
:1038F4008C7AF6EE007A37EE047A66EEA77AA7EEB3
:10390400A47A27EE0A7AB0EE470A8DED057A06F01E
:1039140003FE9DED057AB0EE40DAB0EE470A06F0FC
:10392400FFFE20EE2C0A2DEE2CDAFFF724BA67EE08
:103934008E7A27EE2E7AFFF78EBA00BF0080FFFF43
:10394400A0BF803F00FEFF469FBE00C7A0BF80BF50
:10395400000000003333D33F5C8FC23E0AD7A33B41
:10396400B6EE007ADDED076AF7EE007AE6EEC77A86
:103974009DED047A27EE0F4A24EE274AFFF7A2B9F9
:1039840077EE807ABBFE677A77EEC77A27EE8A0AEB
:1039940006F0C2FDB0EE40FAFFF782B9F0EE454AF8
:1039A400A1E775EEE66A1FED136A66EE866AFFF715
:1039B400E9BA76EE666A1FED176A66EE866AFFF765
:1039C400CBBA484BFFF712BB464BFFF7F6BADFED15
:1039D400467ADFED466AB9EE007A28EE268ADDEDF6
:1039E4000B6A28EE268AB4EEC78AF1EE10FA29DBB8
:1039F400B1EE007A9FED3E6AB4EEC78AF1EE10FA9A
:103A04007FF770AA9FED3A7ADFED3A6AB4EE666A00
:103A1400F1EE10FA1AD9DFED386AB0EE496AF0EE29
:103A2400497ADFED335A27EE267AFFF785BADFEDC0
:103A3400307ACEE747F6FF73FFF7D8BA47F6FF733D
:103A4400FFF7BBBA9FED287A9FED296ADFED2A6A5A
:103A5400DFED275A67EEA67ADFED276A27EE267A8E
:103A6400FFF76ABAF0EEC75AB0EE496AF0EE497A47
:103A7400FFF756BA9FED1C7AC6E7B0EE088AA7EEA8
:103A8400C78AFFF75CB89FED1DCADFED1D7AF0EE23
:103A94004CCA9FED1CDACDED077AF0EE4C7AFEF7B6
:103AA400CEBE9DED006AF7EE007AB5EEC06ACDEDAC
:103AB4000C7ADFED127AF1EE10FABEF6E1AF9FED6B
:103AC4000F7A8DED007A36EEA77AB5EEC07AF1EE74
:103AD40010FABEF6E7AFDFED097ACDED0D7AFEF709
:103AE400EBBF00BF0080FFFFA0BF80BFCDCC0C3F69
:103AF400A0BF803FFFFF7F7F00FEFF460000000065
:103B04001F856B3FCDCCCC3F2C492D4A38B510686E
:103B14000B681B1A092B2DED028B19D9294C0B6844
:103B2400DFED298A04F124059FED288A13600A2118
:103B3400206802F011FE237A6BB9B0F5486F30DCCF
:103B440063729FED237A84ED017A0C34AC42EED19A
:103B5400BDEC028B38BDB0F5E16F19DB0023A37215
:103B640020EAE070A0F5E16007EE900AF8EEE77A4B
:103B740087EEA87AB4EEC87AF1EE10FA1BDBF7EE02
:103B8400007AB4EE677AF1EE10FA37FE877ADAE754
:103B9400A37A0133DBB2032BA372E1D9002323728E
:103BA400CEE7627A0132D2B26272002AC9D001220F
:103BB400A3722272D4E79FED057AC4E71026002091
:103BC40018260020241500200000AF44CDCC4C3E24
:103BD400000000004B4B40F2ED221968914279D964
:103BE40049491A680868121A112A73D91B682DE901
:103BF400F047464F4FF4D019DFF81C81444E2DEDA9
:103C0400028B0B6082B09FED438A002156E0F4EEF4
:103C1400C87AF1EE10FA64DCFCEEE77ACDED017AB5
:103C24009DF804A05346F6EC017A67EE887AF5EE27
:103C3400C07AF1EE10FA4EDBF4EEC87AF1EE10FA27
:103C44004CDCFCEEE77ACDED017A9DF804502C466D
:103C540098F80020FF2A05D09A1A002AB8BF5242C9
:103C6400012A0DDD1B06A9F5C0224BF20B0003F05F
:103C7400FE431343184305F0EFFA012188F800A02E
:103C840098F80630FF2B05D0E31A002BB8BF5B422F
:103C9400012B0CDD24064BF20B0004F0FE4444EA35
:103CA4000904204305F0D8FA012188F8065009F5E3
:103CB400803908F10108B9F5001F15D0F7EC017A35
:103CC40067EE887AF5EEC07AF1EE10FA9FDA0023F7
:103CD4009A46A8E7704700242546B9E77F2425467D
:103CE400B6E77F239A469EE721B902B0BDEC028B6A
:103CF400BDE8F08702B0BDEC028BBDE8F04705F0EB
:103D0400B3BA00BF1026002050230020BC140020AA
:103D14000C1500200000FE42A414002070B4274DAE
:103D2400274C2B782749284E03F1030CA1FB0302EF
:103D340022F0010000EB5200181A013300EB40029C
:103D440004EB8202127A0AB9325CBAB16345EDD14E
:103D54001B4A00234FF0FF301C4C117A41B9411C1F
:103D640026D054F8236054F820108E4238BF1846E9
:103D740001330C32032BF0D1431C17D01449154ADC
:103D840051F82030013341F8203013680F490133D2
:103D940041F820301360431C0A4A40B2A2FB0312CC
:103DA40022F0010101EB52029B1A2B7070BC704788
:103DB400184601330C32032BCFD1DDE7162800203F
:103DC40024150020ABAAAAAA4C2600203C260020D9
:103DD40030260020482600200D4B0E4A1B6812682E
:103DE40033B1D31A47F22F518B428CBF00230123E6
:103DF4000949096831B1521A47F22F518A4201D850
:103E040001207047054A1078002808BF18467047FB
:103E14002C25002010260020302500200C2800200E
:103E2400134A00231349904210B528BF1046124C80
:103E3400124AA04238BF2046114C1060114A0B7040
:103E44001370237843B9104B00221B78227013B9E6
:103E54000E4C237823B110BD0D4803F0FDFBF2E7AF
:103E64004FF60F2005F0F8F90123237010BD00BFB1
:103E7400C0C62D0008280020400D0300282500207E
:103E84000A280020092800200C2800200D280020E2
:103E9400B41400202DE9F041394E8046394C0E20EF
:103EA400771D25462DED048BDFED378A9FED379A7C
:103EB4009FED378A12E0F4EEE76AF1EE10FA1FDCA8
:103EC40077EEE67A95ED007ABE4277EEC77AA7EEF2
:103ED400887AA5EC017A16D016F8010F03F058FC85
:103EE40007EE100AF7EE007AB8EEC77AC7EE286A32
:103EF400F5EEC06AF1EE10FADDDAF7EE007AE1E7EA
:103F0400F0EE497ADEE7234B1A7842450ED0224A76
:103F14001C4E83F800804FF00133204D13609380D2
:103F24000FCE0FC596E8030085E803001C4A00265F
:103F34001C4B1949B8F1000F08BF1346DFED1A6A8C
:103F4400164A03F1180511F8010B94ED007A60B1DB
:103F5400D2ED007A77EE677AF0EEE77AF4EEE67A5D
:103F6400F1EE10FA03D401F8016C83ED007A043306
:103F7400043404329D42E6D1BDEC048BBDE8F081EB
:103F840054080020F414002000F07F4500000000D5
:103F94009A99993D0628002078250020DC140020F9
:103FA400BC1400200C150020BC74933C38B52DEDD6
:103FB400068BF6EE008A4FF47A70B3EE0E7AF1EEC9
:103FC400007AB2EE0E9AB0EE08AAF0EE689AB0EE5D
:103FD400408AA0EE09AAE0EE279AA0EE079A03F021
:103FE400A1FB07EE900A9FED7D5AF6EE085A9FED6D
:103FF4007C6AB8EE677ADFED7B6AF7EE00AAC7EE5B
:10400400057A77EEE87A67EE887AE7EEA5AA6AEE93
:1040140086AAF4EEE6AAF1EE10FAC0F2DC809FED77
:10402400727AF4EE47AAF1EE10FA77FE2AAAF7EEB6
:10403400008A9FED6E6ADFED6A6A9FED6A7AE7EEA9
:10404400C68A68EEA68AF4EEC78AF1EE10FAC0F2C8
:10405400BF80DFED657AF4EE678AF1EE10FA77FE41
:10406400A88A4FF47A7003F05DFB07EE900A9FED87
:104074005B4AF6EE004AB8EE677A9FED5D5AF7EEBA
:10408400006ADFED575A9FED576AC7EE047A77EE60
:10409400E47A67EE887AE7EE856A66EEA56AF4EE5E
:1040A400C66AF1EE10FAC0F29080DFED4F7AF4EEBA
:1040B400676AF1EE10FA77FEA66A4E4CBBEE045A1C
:1040C4004D4DD4ED007A95ED007A4C4BF0EE674AF5
:1040D40077EEC75A93ED006A65EE8A5A39EE469A2E
:1040E40069EEC69AD7EE094AE7EE879AAAEEA57A50
:1040F400B4EEC57AF1EE10FA5ED4F3EE045AB4EEDF
:10410400657AF1EE10FA35FE877AE8EEA47A85ED49
:10411400007AFBEE045AF4EEE57AF1EE10FA4ED48E
:10412400B3EE047AF4EE477AF1EE10FA77FE277ACA
:10413400B0EE467AC4ED007AA6EEA97AB5EEC07A5E
:10414400F1EE10FA3ED4DFED2E7AB4EE677AF1EE9A
:1041540010FA37FE877ADFED2B7A4FF47A7083ED0D
:10416400007AF6EE008A28EE278A03F0DBFA06EEE0
:10417400900A9FED1A9AD5ED007A4FF47A70F8EE12
:10418400666A86EE897A37EE687AE7EE087AC5EDD4
:10419400007A03F0C7FA07EE100AD4ED007AF8EEBD
:1041A400476A86EE897A37EE687AE7EE087ABDECDC
:1041B400068BC4ED007A38BDB0EE457AA5E7F0EE83
:1041C400657AB5E79FED107AC5E7F0EE466A74E7C5
:1041D400F0EE478A45E7F0EE66AA28E700007A4445
:1041E4005839343C6F12833BA69BC43CCDCC0C3F66
:1041F4009A99593F20250020B0140020242500203E
:10420400000020428FC2753D0000000070B5184DBB
:1042140004462B78B3B9174B1B7A9BB1164B1B780A
:104224000BB9FDF7BDFE154A154E13681548013349
:1042340029781360144B32681A600123037001B1AA
:1042440034B970BD114B93ED020AFFF7AFFEE5E7F9
:104254000F4B104D196828685A68441C481C511C9F
:104264009A682C600132186059609A6070BD00BF72
:104274001A280020241500200328002024230020CD
:10428400102600200028002010230020BC14002049
:10429400302600201C26002008B572B621490022D1
:1042A4000B780A70DBB262B68BB11F481F49204BF2
:1042B40000780A701A7030BBFFF7A8FF1D4B1E4A26
:1042C4001968914203D919681C4A914225D91C4B9B
:1042D4001C4A1B6812689B1AB3F5FA7F0FD91A4B54
:1042E400DFED1A6AD3ED007A9FED197A67EEA67AAC
:1042F400F4EEC77AF1EE10FA02D500221A6008BD76
:10430400C3ED007A08BD134A0120134913680870ED
:1043140003441360FFF702FDD0E71868FFF780FD40
:10432400D5E700BFFD2700201A2800200C28002014
:104334000728002008250020400D0300BFC62D00DB
:104344001026002010230020142300203333733F51
:104354000AD7233C24230020002800202DE9F84F0D
:1043640016206D4C03F014FA07EE900ADFED6B5A39
:10437400F8EEE76A6A4B9FED6B6AD3ED007A86EE3E
:10438400A57A694A69481168694D77EE676A80EDD4
:10439400007AE6EE867AC3ED007ACB0703D40121D6
:1043A400236811602B60634E33784BB3DFED626A90
:1043B400B4EEE67AF1EE10FA0BDDDFF8D481226870
:1043C40098F800302A6013B15C4B01221A70BDE8E2
:1043D400F88F9FED5B7AF4EEC77AF1EE10FAECDC1D
:1043E4000023337029680022236854485B1A47F27B
:1043F400305102708B42EAD9524B1A70BDE8F88FE3
:10440400DFED516AB4EEE67AF1EE10FA06DC9FEDC8
:104414004F7AF4EEC77AF1EE10FAE3DDDFF874A117
:1044240003F04EFC22688146DAF80070484BC71B43
:104434002A60484A3B44DFF8588193424FD84149A7
:104444000122002398F800000A7043490B70434985
:104454000B7000285DD04249DFF8E0B00B788BF890
:104464000020002B40D1487800283DD189780029CC
:104474003AD13C493C4B1A700B6813440B60FFF76C
:104484004DFC3A4B1870C043C0F3C0108BF80000C9
:10449400374B3849A3FB072322689B090A60364936
:1044A4000A60A3F1330140F68432914212D807EE38
:1044B400903A9FED326AF7EE006A314BF8EEE77AF4
:1044C40086EE277AB4EE667AF1EE10FA36FE877A33
:1044D40083ED007A2B4B2C4A3B44934215D901239C
:1044E400CAF8009033706AE7204AFF201C49107014
:1044F400264A881C13B1136801331360814202F108
:104504000402C5D011F8013FF4E73846FFF788FCF0
:10451400E5E7FFF77BFEBBE71026002000F07F45B0
:104524001C2300200AD7A33C341E0020182300209B
:10453400241F0020FF270020BC74933C1528002072
:10454400295C0F3DFE2700208FC2F53CCDCC4C3DAD
:10455400AF3CFFFF6E032D000C280020072800202D
:104564004C26002024230020002800206815002069
:10457400D34D621010230020202300200000484364
:1045840014230020BFF2FCFF7EB92A00302600204D
:104594001A280020281F00202DE9F04F8C22DE4924
:1045A40004462DED0E8B89B003F0B4FCDB4B1F7871
:1045B400002F00F00F82DA4DDA4ED5ED057AB0EE19
:1045C400674AF7EE005A96ED015AF1EE0C6AD64BA3
:1045D400B6EE007AD6ED043AB0EE656A9FEDD33AB2
:1045E400F0EE004A96ED039AF1EE04AA96ED02BAB3
:1045F400A5EE266AD3ED006AB0EE475AD5ED009ACF
:1046040077EEE67AD5F80480B0EE658AA3EEA45A74
:10461400DFEDC74ADFEDC73AE7EE836AFBFE467A71
:1046240036EE676AE4EE243ADFEDC34A37EEA54A74
:10463400C4F82480A9EE2A8A6BEE244A34EE674A31
:10464400C3ED006ABD4B39EE87AAC4ED036AE6EEFA
:10465400047AA360BA4BC4ED063AD3ED000AC4ED64
:10466400044A84ED058A65EE276A2AEE26AA002FFD
:1046740040F0B781DFF82493D5ED048A99F814A0AB
:10468400F5EEC08ABAF1000F00F0C981F1EE10FA1C
:10469400C0F26983F4EEE58AF1EE10FA00F3B28316
:1046A4009FEDA86ADFEDA87A9FEDA87AF0EE676A1D
:1046B400E8EE876A76EE866AF4EEE76AF1EE10FABF
:1046C40080F2B683F0EE676AB6EE007A70EEC77ACF
:1046D400A7EEA67AB5EEC07AF1EE10FAC0F28F8397
:1046E400F7EE007AB4EE677AF1EE10FA77FE870AF5
:1046F400B3EE000A05F080FDDFED957AF1EE04AA31
:10470400BAF1000F60EE27BADFED927A47FEAAAA4B
:10471400F5EEC08AF7EE007AF1EE10FA09DBF4EE5A
:10472400E78AF1EE10FA00F36283B1EE0C7AE8EE58
:10473400877A894BF3EE046A77EEAA7A93ED006ADE
:10474400F2EE080AB0EE000A86EE267A67EE8B7A5D
:1047540067EE277AC7EEA00A05F04EFD7F4B1A7864
:104764002BEE800A002A40F04D81B5EE007AF3EE7C
:10477400047A20EE070AB4EEE70AF1EE10FAC0F26A
:104784008C82DFED777AB4EE670AF1EE10FA37FE29
:10479400800A6AEE007A84ED000AB3EE047AF4EE3D
:1047A400C77AF1EE10FAC0F275829FED6E7AF4EEDC
:1047B400477AF1EE10FA77FE277AB0EE007AC4ED6C
:1047C400017AF2EE0C6A95ED03AAD5ED02AAF0EE99
:1047D400477AC4ED0BAAEAEE267AF4EEC77AF1EE34
:1047E40010FAC0F25282B3EE007AF4EEC77AF1EE18
:1047F40010FA00F32181FDEEE77A17EE903A9FED6F
:104804005A7ADFED5A6AF0EE477A6363E8EEA67AE5
:10481400F4EEC77AF1EE10FAC0F239829FED547AC1
:10482400F4EE477AF1EE10FA77FE277A514A524BAA
:104834001268C4ED0C7AC4F88420504A84F83870A5
:104844001268C4F888201A68A2675A689B68E267ED
:10485400C4F88030002F00F00481494FB5EE00CA3F
:10486400F3EE04BA04F1440A2E4E07F10309DFED16
:1048740038DA3D469FED43BADFED43CA9FED43DA94
:1048840015F8013BF6EE006AF2EE08EAFF2BB3EEF0
:10489400087AB0EE000AA3F1450200F0CF8007EEDB
:1048A400902AF8EEE70AD6ED007A77EEE67AC0EEC3
:1048B400AE0A27EE87EA05F09FFCB0EE408AB0EE20
:1048C400000ACEEE2E0A05F097FC28EE2C8A28EE7C
:1048D400000A20EE0C0AB4EEEB0AF1EE10FAC0F274
:1048E400BD80B4EE4B0AF1EE10FA3BFE000A4D45D2
:1048F40006F10406AAEC010AC2D104F15006DFED68
:1049040024BA9FED24BA2546DFF8949004F15C0A9A
:104914009FED218A46E000BFF00600201A280020FF
:104924000C150020BC140020FC1E0020295C0F3D47
:104934006666E63F9A99193F6666263F0000404046
:104944009C120020CDCC0C3F0AD7A33D1F856B3FA2
:1049540000005C4200000000B01400200B2800207E
:1049640000007A4500803B460AD7233C9A99993E39
:104974003333B33E1C260020302600202C26002092
:10498400481500200000DC440000DC430000004225
:104994008FC2753C00442C470000C84224150020F7
:1049A400CC140020F0EE490AB0EE480A05F024FCCD
:1049B40020EE2B0AFFEE007A20EE0B0A87EE800A27
:1049C40005F040FBA6EC010A564500F09580B9ECD1
:1049D400019AE7E7B64EB74DD6ED057A95ED054A4F
:1049E400EFE5B3EE000ADFF8209305F005FCB24BC7
:1049F400DFEDB27A1A7820EE270AD5ED048A002A70
:104A04003FF4B3AEAE4AAF4912680968521A47F28E
:104A14002F518A4240F2828100221A70A5E6F1EEFB
:104A240010FAC0F2BB81F4EEE58AF1EE10FA00F35D
:104A3400B7819FEDA56A35E61023E0E6B0EE4D0A96
:104A4400D6ED000A05F0D8FB20EE2D0A20EE0C0A64
:104A5400B4EEEB0AF1EE10FABFF643AFB3EE040A7C
:104A640045E799F8082099F8141099F8203084F84B
:104A74003F2084F8392084F83A1084F83B30BBB1E5
:104A8400DFED927AB7EE007A914B78EE277AA36243
:104A9400F4EEC77AF1EE10FAC0F26281B1EE087A50
:104AA400F4EE477AF1EE10FA77FE277AC4ED057A30
:104AB400884B1B68002B40F09081874B1B7823B9EF
:104AC400864B1B78002B00F03D81B6EE007AD6EDC4
:104AD400007A9FED830A77EEC77A27EE800A05F005
:104AE4004DFF18286FF01703A8BF18209842B8BFCD
:104AF40018467C4B1860BAE0F7EE006A9FED7A7AAC
:104B0400B1EE0C6AC4F86C8029EE877AF0EE667A0E
:104B140084ED047AEAEE867AF4EEE67AF1EE10FA9F
:104B2400C0F25881B2EE007AF4EE477AF1EE10FA50
:104B340077FE277A6D4BB7EE007AF1EE046AC4ED86
:104B44001A7A1B78F0EE477A5D4984F87430684B22
:104B5400EAEE267AC4ED1C8AA361664B1A680B68D8
:104B6400C4ED057A9B1A644AB3F5FA6F10D94FF075
:104B7400000E4FF0FF0C1346D61C13F8010B18B1AE
:104B840087F800C003F801EC9E4207F10107F4D155
:104B94000B68F7EE007A51784FF0010B0793A646A5
:104BA400564B92F800801B7892780593544B554FDE
:104BB40093F9003003912146069300235248DFF80D
:104BC40038919A46514EDFF850C19FED3F7A0492D6
:104BD400CDE90178027AB8F1000F0AD1039F47B9F1
:104BE400049F37B9059F27B15FB2069CA74200F026
:104BF400AB801ABB029C0CBB454C85F83920E45CA5
:104C040081ED177AFF2C4BD05CB2069FBC4247D093
:104C140085F83CA0013306F8012B019A0C30032BD4
:104C240005F1010502F104020CF1040C01F1040187
:104C340001921BD019F8012F0292CBE785F839B005
:104C4400C1ED177A85F83CA0002AE3D03478002C13
:104C5400E0D1019C246834BB079C019F3C60DCF8D4
:104C640000400134CCF800408C67D3E7744672B638
:104C7400284B00211A78197084F8412062B6204626
:104C840009B0BDEC0E8BBDE8F08F0223B7E5F0EE62
:104C9400477ACBE5F0EE477A8FE5B0EE670A78E520
:104CA40085F83CB0B6E7079F3C1B462CB2D9D3E746
:104CB400BC1400200C1500200B28002000005C42CE
:104CC4001026002034250020000000006666E63E21
:104CD4000AD7A33E082500200C280020FE27002028
:104CE40000004042942500206666263F17280020D5
:104CF4000000A03F282600204C2600201528002074
:104D040068150020001F0020241500200C1F00201F
:104D1400481500200028002030260020494BF2EEE0
:104D2400080AB0EE000A1B78453B07EE903AF8EE0D
:104D3400E77AC7EEA00A05F05FFADFED437A20EECA
:104D4400270A12E50020D4E6002A7FF477AF029CFC
:104D5400002C7FF473AF85F839B0C1ED177A57E7AB
:104D6400F0EE477AA2E670EEC77ADFED386AA7EE76
:104D7400A67AB5EEC07AF1EE10FA3DDBB4EEE57A30
:104D8400F1EE10FA51DCB3EE000AF0EE470A05F03A
:104D940033FADFED2F7A60EE27BAB9E4DFED2D5A4E
:104DA400B6EE007A70EEC77AA5EEA77AB5EEC07AB1
:104DB400F0EE470AF1EE10FA1CDBF7EE007AB4EEDF
:104DC400E77AF1EE10FA7FF793ACDFED23AADFED7B
:104DD40023BA9DE4F0EE667AACE602F071FF204A55
:104DE400204B1268801A98427FF66FAE65E6F2EEA9
:104DF400007A9EE4DFED18AADFED15BA88E4DFED52
:104E0400160A75E470EEC77ADFED176AA7EEA67A84
:104E1400B5EEC07AF0EE470AF1EE10FAECDBB4EE30
:104E2400E57AF1EE10FA7FF763ACDFED0CBA6FE4CC
:104E3400DFED0D7AF4EE676AF1EE10FA77FEA66AFA
:104E440042E400BF671500200000DC43AE47213F69
:104E540000005C420AD7A33D0000000000005C444F
:104E6400042500207FC3C9019A99B93FBA4A13683F
:104E74002DE9F047DC072DED028B82B005D4B74B4A
:104E84000124B7491B6814600B6090F84130002B73
:104E940072D1B44D2B78002B40F01F81B24A1368B5
:104EA400DB0764D4AD4B1968B0482C780125016048
:104EB4001560002C5BD01A68521A192A57D9AC49CC
:104EC400AC4A1B68DFEDAC6A91ED307AD2ED007A22
:104ED400036087FE277A27EE267AB5EEC07AF1EED4
:104EE40010FAC0F20981B4EEE67AF1EE10FA00F39A
:104EF4003081BCEEC77A4DF20D0017EE103A1B0458
:104F040003F4FE031843B6EE006A9FED9C7ADFEDCE
:104F14009C6A77EEC67A77EEA77A67EE877AF4EE24
:104F2400E67AF1EE10FAC0F21081F4EEC77AF1EEEF
:104F340010FA00F30C81FDEEE77A4EF20E0417EE40
:104F4400903A1BB203F30D0303F500531A04DB116B
:104F540002F4FE0242EA03631C4304F07DF9204696
:104F640002B0BDEC028BBDE8F04704F075B902B0A5
:104F7400BDEC028BBDE8F087B2EE088AD0ED007A72
:104F8400F4EEC87AF1EE10FAC0F2BE809FED7D7A9D
:104F9400F4EEC77AF1EE10FA00F3B1809FED7A0ACD
:104FA40087EE800A05F0C0F8DFED787AE0EE087A43
:104FB400F4EEC87AF1EE10FA00F1A6809FED747A4F
:104FC400F4EEC77AF1EE10FA00F39980FCEEE77A7A
:104FD400CDED017A9DF8044026466E4B0020D91D84
:104FE40013F8012FA24208BF01308B42F8D10228E6
:104FF40017DD694B694A93ED007AD2ED007A77EEBA
:10500400877AF5EEC07AF1EE10FAACBF03236FF0A5
:1050140002031E446C2EA8BF6C26182EB8BF182697
:10502400F4B25F495F480A785F4B845401324D4DB6
:10503400A3FB02035D48DFF878910768D01A03EBFD
:10504400500337449B0887F30707C3EBC303D21A03
:105054002B780A70002B5AD1DFF864813004DFF812
:1050640064A100F4FE0040EA0A0004F0F5F8B74237
:1050740089F8004046D04AEA0740FFB204F0ECF851
:10508400364B012288F8007019682A70344A11607E
:105094001A68521AC82A27D9454B48F20804DFF87F
:1050A40020811878000400F4FE00204304F0D4F8B2
:1050B40098F80030FF2B05D01B0403F4FE002043B6
:1050C40004F0CAF8FF22002388F80020264A2B7037
:1050D4001368DB073FF54BAFE4E6214A1F4B116829
:1050E4001A68521AC82AD7D81F4A1168C9077FF507
:1050F400DAAE1E480168DEE64DF20D0003E77726BE
:1051040034466AE7FF27BBE70C26344665E799F87F
:105114000030DFF8AC80FF2B0AD01B0448F20800F3
:1051240003F4FE03184304F097F82B78002B95D072
:1051340098F80030FF2B91D01B0448F2080003F4C8
:10514400FE03184304F088F888E71A4C05E71A4C64
:1051540003E71A48D7E600BF2C1E002010260020C3
:10516400141F0020FA270020281E0020101F0020F2
:10517400AC2300201C2300200000FE4200F8FF4561
:1051840000F8FFC500803B460000DC4300008A4273
:105194000000EE42D314002020250020B01400208B
:1051A40004280020D41400202549922494250020AA
:1051B400641500200EE001000EE07F7F0DD07F001B
:1051C40065150020099000502DE9F04F3E4E00F186
:1051D4004407DFF80CB14FF000083C4D012448F2BD
:1051E400080ADFF800912DED068BDFED398A83B0D4
:1051F400DFED389A9FED389A9FED38AA337A93B948
:105204002A78002A4CD101340C3608F580780BF149
:10521400010BE4B201350437042CEFD103B0BDEC2B
:10522400068BBDE8F08F2B78002BECD1B2EE088A08
:1052340097ED000AB4EEC80AF1EE10FA20DBB4EEE2
:10524400E80AF1EE10FA3ADC80EE290A04F06CFF69
:10525400F0EE497AE0EE087AF4EEC87AF1EE10FA4C
:105264000ED4F4EECA7AF1EE10FA28DCFCEEE77AFA
:10527400CDED017A9DF80430180400F4FE0002E03C
:105284004FF440200C2348EA0000019340EA09004F
:1052940003F0E2FF019B8BF8003001232B70B2E78F
:1052A4009BF800000193000400F4FE0040EA0800AB
:1052B40040EA0A0003F0D0FF019B2B70A3E74FF4F0
:1052C400EE007723DFE700BF24150020181F00201D
:1052D40000803B460000DC4300008A420000EE42AE
:1052E400640E0020099000642DE9F843A24DA34CFC
:1052F400A34FA44E2DED028B9FEDA38A002004F052
:1053040059F8002840D0A14BA1491B78A14AF82B99
:105314000978127848D0A3F19000B0FA80F04009DF
:10532400002A5ED000285CD09B4B1B78002B40F0F9
:105334008680DFF888E2994B99489A4A8EF80010E3
:105344000121D3F800C001701268186896491B68DF
:10535400086022B19B1A44F61F629342CED9934B44
:1053640018780028CAD101232B70914BC3F800C0D0
:10537400904BC3F800C0904B1870FEF747FF002015
:1053840004F018F80028BED12B784BB1834B47F2B8
:10539400305288491B6809685B1A934200D9287007
:1053A400BDEC028BBDE8F8837E4A7C4B1268196819
:1053B4001B6822B19B1A44F61F6293429ED97B4B11
:1053C4001B78002B9AD17B4B19602B780BB90123E6
:1053D4002B70794A13780133DBB2172B76D813700C
:1053E4008CE7802B01D05AB950B16B4B1B78002B42
:1053F40073D1724A12788A4280D1694A13707DE768
:10540400B02B7FF47BAF78297CD07B297AD007EE50
:10541400902A1439F8EEE77A87EE887A0B293FF65A
:105424006DAFDFE811F08B00E100E500E900ED006D
:10543400F100F500F900FD00010105010901574BD8
:10544400DFF89CE11A68DFF89C9170465C4B1A60A7
:105454004A46002310F801CBA046BCF1000F03D04C
:1054640014F803C08C4547D001330C32032BF1D11F
:105474004FF0000C4FF0FF3399F808204AB9581C3C
:105484004BD01EF80C20002A44D01EF80320002A1A
:105494004CD10CF1010C09F10C09BCF1030FEBD157
:1054A4005A1C3FF42BAFA0464648012208F80310CB
:1054B4000EF80320026844490132026046F82320B2
:1054C40051F82320013241F8232017E7324B187892
:1054D40000231370FEF79AFE10E7DFF804E10023BF
:1054E400724612F8010B18B1E05C884200F0B180FA
:1054F4000133032BF5D101E792F808C0BCF1000F8A
:10550400B2D1D1E7244B1B78002B40F0998024487A
:1055140003707CE71EF8032042B163460CF1010CD2
:1055240009F10C09BCF1030FA6D1B9E756F82C0018
:1055340056F82320904238BF6346AAE7234B83EDF5
:10554400007A87FB01032248A3EBE17303EB4303D7
:10555400A1EB4303DBB200EB8300D0F800C01D488D
:1055640000EB8300C0F800C04FF0010C1A4800F8AB
:1055740003C01A4B5A54C1E60C28002048150020D9
:10558400ABAAAA2A3C2600200000FE4226280020BE
:1055940024280020252800201A2800201026002076
:1055A4000B2800202023002034250020FE27002083
:1055B400302500202C250020072800206715002016
:1055C400282600204826002030260020BC14002075
:1055D400F4140020DC14002078250020A4140020FA
:1055E4004C260020241500201D4B83ED017AA8E7EA
:1055F4001B4B83ED027AA4E7194B83ED037AA0E7F2
:10560400174B83ED047A9CE7154B83ED057A98E7F5
:10561400144B83ED007A94E7124B83ED017A90E703
:10562400104B83ED027A8CE70E4B83ED037A88E707
:105634000C4B83ED047A84E70A4B83ED057A80E70B
:10564400094B0020188098704FF6FF732380A370D5
:10565400DDE600220EF80320FF22E2544EE600BFEE
:10566400BC1400200C1500204C2600202C4B9FED70
:105674002D7AD3ED057A77EE877A70B5F5EEC07A98
:105684002DED028BF1EE10FA46DBB7EE007AF4EE64
:10569400477AF1EE10FA77FE277AD3ED026A0425F1
:1056A400DFED215A214AF4EEE56A9FED216A92ED7D
:1056B400027A204EF1EE10FA9FED1F8AB4EEC67AFC
:1056C400C3ED057A66FEA56AC3ED026AF1EE10FA2F
:1056D40027FE067A82ED027A102002F023F80446AF
:1056E4004FF47A7002F01EF807EE900A06EB840479
:1056F400013DF8EE677A87EE887A84ED007AEBD183
:105704000E4B0F491B680F4A06EB8306BDEC028B58
:1057140033680B60136070BDDFED0B7ABDE700BF2B
:10572400BC1400208FC2F53D6666E63E0C150020D1
:10573400CDCC0C3F5423002000007A449423002055
:10574400A01200209C120020000000002DE9F0416E
:10575400674E42F21070674FD6F80080664D674C72
:105764002DED048B01F0DEFF07EE100A9FED648A35
:1057740042F21070B8EE477ADFED628A9FED629ACA
:10578400DFED629AC7EE087A77EEA87AC6ED017A61
:1057940001F0C8FF07EE100ADFED5D6ADFED5D7A08
:1057A40042F21070B8EE477A87EE086AE6EE267A7F
:1057B400C6ED027A01F0B6FF07EE900A9FED567A25
:1057C40042F21070F8EE677AC7EE886AF0EE687AF3
:1057D400E6EE877AC6ED037A01F0A4FF07EE900A9D
:1057E40042F21070F8EE677A87EE887AF0EE497A22
:1057F400E7EE297AC6ED047A01F094FF07EE100A69
:1058040042F21070B8EE477AC7EE087A77EEA87ABB
:10581400C6ED057A01F086FF07EE100A42F2107019
:10582400B8EE477AC7EE087A77EEA87AC7ED007A21
:1058340001F078FF07EE100A42F21070B8EE477AD2
:10584400C7EE087A77EEA87AC7ED017A01F06AFF0D
:1058540007EE900A9FED317A42F21070F8EE677A03
:10586400C7EE886AF0EE687AE6EE877AC7ED027AC8
:1058740001F058FF07EE100A42F21070B8EE477AB2
:10588400C7EE087A77EEA87AC7ED037A01F04AFFEB
:1058940007EE100A42F21070B8EE477AC7EE087AA3
:1058A40077EEA87AC7ED047A01F03CFF07EE900A80
:1058B4001B4B4FF00132C6F80080F8EE677A1A608D
:1058C4009A804FF0FF3287EE887A164B9A60C3E9CC
:1058D40000220FCD0FC495E8030084E80300A7EE6F
:1058E400299A87ED059ABDEC048BBDE8F08100BFD1
:1058F400BC1400200C150020F4140020DC1400203B
:1059040000401C4600000000CDCCCC3DCCCC4C3F2C
:10591400CDCC4C3FCDCC4C3E9A99593F3333333F99
:1059240078250020A41400202DE9F8430746082018
:105934007B4C2DED028B02F017FA002823780CBF64
:105944000126002674D1002B6ED1764A764D774914
:1059540013702A680A6037B12B6842F210719B1ADF
:105964008B4200F2DA802B689B1A40F6B8329342DD
:1059740055D96C4B1A78002A51D101221A70002F84
:1059840040F0A9806A490B7883F001030B70002B67
:1059940000F0A480674B4FF07C512868196059606F
:1059A4004FF00131644B654F19609980644B654930
:1059B400654DD960654B1A70654B1A70654B18605C
:1059C4000FCF0FC597E8030085E80300FF210420EB
:1059D40002F0C8FBFF21052002F0C4FBFF210620D2
:1059E40002F0C0FBFF21092002F0BCFBC82002F03A
:1059F40013F90021042002F0B5FB0021052002F078
:105A0400B1FB0021062002F0ADFB0021092002F0C9
:105A1400A9FB514B4FF0FF32C3E900229A60267074
:105A2400BDEC028BBDE8F883404B3F4D1A6892E70A
:105A3400002BF4D03B4B1B78002BF0D13A4D3B4A62
:105A44002B6812689B1A162BE9D9394B1B78DBB1EA
:105A5400424A1378013303F00303137001223C4BD1
:105A64001A702A683B4B1A602A683D4B1A603D4BFA
:105A7400012228681A704FF0FF32374B3A499A6076
:105A84000860C3E90022CAE7DFF8F090FFF75EFE82
:105A94009FED368A4F4609F140084FF47A7001F0C1
:105AA40041FE07EE900AF8EE677A87EE887AA7EC53
:105AB400017A4745F1D12E4B2E4A1B6809EB830925
:105AC400D9F8003013602C4A13601D4B93ED020A81
:105AD400FEF76CFACBE7FFF739FE77E7DFF89C9027
:105AE4009FED228A4D4609F140074FF47A7001F088
:105AF40019FE07EE900AF8EE677A87EE887AA5EC2D
:105B0400017AAF42F1D11A4B1A4A1B6809EB83039D
:105B14001B681360184A136058E705F021FE00BFA4
:105B24000528002002280020102600204C230020F5
:105B34001A2800200C15002078250020F4140020D9
:105B4400BC1400209A99993EDC14002018280020E7
:105B54001928002024260020A4140020172800203F
:105B640020260020012800204823002000007A4439
:105B740094230020A01200209C1200205423002013
:105B84002DE9F043A04D40F2EE28A04CA04FDFF8E1
:105B9400D8922E682DED048BA5B004F09BF92378E0
:105BA400002B00F01D813B78DB0740F119812B6845
:105BB400D9F800209B1A0E2B40F21281A02195489F
:105BC40005F0C6FD02210120934C02F0DFF802210A
:105BD4000820B7EE008A02F0D9F800210A208F4E7F
:105BE40002F0D4F800211620DFED8D8A02F0CEF801
:105BF400012103209FED8B9A02F0C8F801210220B5
:105C0400894D02F0C3F801210420671D02F0BEF89B
:105C14000121052002F0BAF80121062002F0B6F8AD
:105C24000121092002F0B2F80C2001F009FE042041
:105C340001F036FE082002F0B3FB02F041F87B4B82
:105C440003227B4918600A2002F0DAF80E2001F0E2
:105C54009FFD804602F034F880EA084001F05CFDC4
:105C64004FF0FF31734800F0EBFC4FF0FF31724806
:105C740000F0E6FC4FF0FF31704800F0E1FC042135
:105C84006C4800F0DFFC04216B4800F0DBFC6B483F
:105C9400042100F0D7FC0E200FE0F4EEC87AF1EEF8
:105CA40010FA00F3AB8078EE677ABC42E6EC017A36
:105CB400E5EC017A16D014F8010F01F069FD07EE46
:105CC400900AB8EEE77AC7EE287AF5EEC07AF1EEDC
:105CD40010FAE2DAF7EE007ABC42E6EC017AE5EC7F
:105CE400017AE8D1162001F053FD07EE900ADFEDAA
:105CF4004C6AB8EEE77AC7EE267AF5EEC07AF1EE92
:105D040010FA7EDBB7EE007AF4EE477AF1EE10FA81
:105D140077FE277A4A4900234A48DFED4B5A0A4660
:105D24009FED4A6ADFED4A6AC0ED007A07EE903AC9
:105D3400B0EE667A0133F8EEE77A102B67EEA57AB7
:105D4400A7EE867AA2EC017AF0D10B684FF0E02539
:105D5400404A402601A8032413603F4A1360FEF71B
:105D64001BFC8C2201A93D48C5F8886102F0D2F8D9
:105D740016213B48C5F8086104F02EF8394801F0B3
:105D8400BDFCC821042002F0EDF9C821052002F071
:105D9400E9F9C821062002F0E5F9C821092002F03A
:105DA400E1F9782001F038FF0021042002F0DAF94B
:105DB4000021052002F0D6F90021062002F0D2F9D4
:105DC4000021092002F0CEF9502001F025FF631EC6
:105DD40013F0FF04D5D125B0BDEC048BBDE8F083EE
:105DE4002B6822789B1B32B1B3F5FA6F3FF6E6AE0F
:105DF40004F070F8D1E64345FAD9DFE6F0EE497ACB
:105E040053E7DFED087A85E71026002020280020DC
:105E14001F2800200000202054080020F414002033
:105E240000F07F4500000000BC1400200425002081
:105E3400410100008C220020B8220020E42200202E
:105E4400542300201C2300200000803DCDCCCC3EF8
:105E54009A99993EA01200209C12002078240020D8
:105E6400A40C0020500E0020582600202DE9F047F5
:105E740001209B4D2DED028BA4B001F075FFA0F124
:105E84000104FFF731FAB4FA84F4FDF73DFE640926
:105E94002046FDF7FFFFFEF7FFF9FEF75FFA204605
:105EA400FFF742FDFDF796FE2B78002B7BD18D4B3F
:105EB4001B7A002B67D08C4B01218C4A1970136814
:105EC400D90766D58A4FFDF787FF002800F048817F
:105ED400884B1A7812B12A78002A75D14FF0E0263F
:105EE4004FF04008FFF700FA01A8FEF755FB8C229B
:105EF40001A98148C6F8888102F00CF87F4AC6F8E7
:105F040008813B6812689B1A0B2B02D92046FCF7C8
:105F1400FFF87B4B1B780BB9FCF79EFB2B7801A891
:105F2400002B3DD0FFF750F92B783BBB754A764BDD
:105F3400D2ED305A92ED317AD3ED007A37EE257AEC
:105F44009FED726ADFED726A37EE677AE7EE067AE2
:105F5400F4EEE67AC3ED007AF1EE10FA79DD6D4BDA
:105F640000219FED6D7AD3ED007A3C6867EE877A65
:105F74006A486B4A04601160C3ED007A24B0BDEC3A
:105F8400028BBDE8F087594A57490B701368DB0749
:105F940098D4574F634B396819600123136092E713
:105FA400FEF764FFC0E7504A0021504B11701A6895
:105FB4004F4FD00704D45B4A3968116001221A603C
:105FC4004C4B1A78002A89D00026FF2256494FF0FC
:105FD400E0291E704FF0400A544B0A7031461E608F
:105FE400534BDFF820819E6008F14800C3E9006646
:105FF400504B1E60504B1E70504BC3E900669E60B0
:106004004F4B9A704F4A168096704F4A16704FF64F
:10601400FF721A803C224D4B1E60C9F888A105F01E
:1060240061F94FF07E5308F58872C8F88430C8F8D7
:106034008830C8F88C3008F1900307CA83E8070059
:10604400314608F19C00242205F04CF9C9F808A156
:1060540044E7304AF7EE006A9FED3D7A40F28A2029
:10606400D2ED007A2D4936EEE76A3B680968E6EE20
:10607400077A5B1A8342C2ED007A40F2F7803B68EC
:106084009FED346AA3F28A235B1A07EE903AF8EE86
:10609400677A87EE867AB5EEC07AF1EE10FAC0F22E
:1060A400E580B4EEE67A1E4BF1EE10FA00F3E280DE
:1060B400DFED297A83ED007AB4EEE77AF1EE10FA97
:1060C4007FF75CAF254C40F28A223B6821685B1A5B
:1060D40093427FF653AFFFF7C9FA3B6823604DE75D
:1060E4001A2800202415002003280020301E002038
:1060F4001026002018280020782400201C250020C9
:106104000C280020AC23002090250020CDCCCC3CD2
:10611400BC74933C8C25002052B87E3F9C25002003
:10612400882500201C1F0020681500201C26002044
:10613400302600202C260020162800203C26002093
:10614400481500204C260020152800204826002051
:10615400A69B443B000061446666263F98250020C8
:10616400494B3A681B682BB1D21A47F22F539A4213
:106174007FF6AEAE454B1B78002B7FF4A9AEDFF85B
:106184004481B2EE000A424ED8ED000A04F034F81D
:10619400B3EE0E7ADFED3F7A326820EE070A87EE1F
:1061A400808ABCEEC88A1AB918EE102A86ED008AD5
:1061B40039483B6801685B1A9342FFF489AE3B6837
:1061C40003600020FEF722F8B8EE488ADFED337A48
:1061D4009FED337A68EE277AF4EEC77AF1EE10FA7F
:1061E4004EDB9FED307AF4EEC77AF1EE10FA49DC1B
:1061F400FCEEE77A17EE900AFDF712FEDFED2A8A2D
:1062040098ED027A4FF47A70DFED287AE7EE278A68
:1062140001F088FA07EE100A9FED205AF6EE005AB4
:10622400DFED236AB8EE476AF7EE007A68EE266A75
:1062340086EE057A37EE657A37EE077AE7EE287A46
:1062440068EE277AF4EEE67AF1EE10FA15DB9FEDAC
:10625400197A28EE078AF4EE487AF1EE10FA78FEFD
:10626400277AFCEEE77AC6ED007A31E6124B00227B
:106274001A6083E6C3ED006A24E7F0EE667AF0E77D
:106284000E48B9E70E48B7E720230020FE27002078
:10629400201F002000606A471C1F002000007A4471
:1062A40000504348001B374A8FC2753DAE47613EDC
:1062B4006666263F9A99B93F88250020400D030061
:1062C400C0C62D00BC1400202DE9F04F172283B066
:1062D4000B21994800F074F900220B21974800F033
:1062E4006FF918220B21964800F06AF99549964BEC
:1062F400002296480C681A611A811860DA60002C32
:1063040000F01681224611465269002AFBD14B61E6
:10631400DFED8F7A0025DFF8A4E2B6EE007A8D4A2D
:10632400F0EE006ADFED8C5A0EF10C0C9FED8B6AD7
:10633400B7EE004A8A4EF7EE084A5D610EF118087E
:106344005D6006F10C0A9D7206F18C091A604FF02B
:10635400020BC3ED067AC3ED077AC3ED0A7AC3EDE7
:10636400085AC3ED0B7AC3ED0C7AC3ED0D7AC3ED75
:106374000E7AC3ED0F7AC3ED107A83F84450C3ED5F
:10638400127AC3ED137AC3ED147AC3ED157AC3ED13
:10639400167AC3ED177AC3ED187AC3ED197AC3EDF3
:1063A4001A7AC3ED1B7AC3ED1C7AC3ED1D7AC3EDD3
:1063B4001E7AC3ED1F7AC3ED207A83ED096A694F13
:1063C4009FED695A9EE8070086E807009CE80700ED
:1063D4008AE807000822C3ED307AC3ED335A9836B1
:1063E40083ED346A83ED384AC3ED394AC3F8BC50AF
:1063F400C3ED317A83F8C850C3ED356AC3ED367AFC
:1064040083ED377A83ED3A7AC3ED3B7AC3E92755B6
:10641400C3E92955C3E92B55C3E92D55C3ED3C7A8E
:10642400C3F8002183ED3E7A83ED3F5AC3ED4D6AF4
:10643400C3ED3D7AA3F80C51C3ED4E7AC3ED4F7A08
:1064440083F84051C3F84C519CE8070089E80700E1
:1064540098E8070086E807009EE807000C36C3E9C1
:106464004155C3E9515586E80700C3E9545507F17E
:10647400180387F809B03D723B61FD60C7E9065512
:1064840023466469002CFBD1384A5F6135483A6081
:106494007C607C61BC7200F0FDFC354800F078FE45
:1064A400304B224600942849314800F0E5FE314A39
:1064B40031492F4803F0C0FD304800F069FE012245
:1064C4002F4C284B009220492C4800F0D5FE294A35
:1064D40029492A4803F0B0FD20682A4B22682A493A
:1064E4001A600860234A2949294803F0A5FD206859
:1064F40028492268284B08601A60206827492268C6
:10650400274B08601A60206826492268264B0860D9
:106514001A60206825492268254B08601A602068A3
:1065240024492268244B08601A6003B0BDE8F08F48
:106534001C460B60ECE600BF8C220020B822002031
:10654400E4220020401E0020AC2300207408002018
:10655400000000008008002000005C430000DC43D1
:1065640030240020282300209A99193EB4080020E2
:1065740050250020700E00209D5500006425002049
:10658400102600205023002018260020E5010000DA
:10659400B414002034250020282600201C250020C7
:1065A400482300204C230020202600200826002019
:1065B4009C25002098250020242600207C0700200C
:1065C400F8B528291B4B4FF49B770D461646044615
:1065D4004FF00101C0E902732CBF4FF0FF330123D8
:1065E400282A44F6206228BF4FF0FF33026103607B
:1065F400284601F0CBFB3046002101F0C7FB2846BA
:10660400002101F087FB0C4B2A0103EB0515995877
:10661400EA68C4E90721320103EB061698586FF0C3
:106624007042064BF1681B6862606361C4E909103B
:106634002046F8BD50C462016809002010260020DD
:106644000161704707EE901A9FED0A6ADFED0A6A4E
:10665400B8EE677AD0ED027AF8EE677A67EE877A59
:1066640067EE867A87EEA67ABCEEC77A80ED037A67
:10667400704700BF180D0F4E0024744BF0B472B66F
:10668400856A3249D0E90736C6F888306B68426AB1
:1066940023EA02036B606B68426A13436B602C4B02
:1066A400476AC5F888704C681A682A4BA3FB023203
:1066B400920C02EB820252004B681B1B9A42FBD8DD
:1066C4006B6823EA07036B60C369C6F8843062B65B
:1066D400D0E90954C168A3682B42836905D006E058
:1066E40001338361A2682A4201D19942F8D89942C0
:1066F40023D372B6D0E90923046AC3F88420596805
:106704000A435A60416AC3F884105A6822EA0102B3
:106714005A60C369C4F8883062B6D0E90945C168D3
:10672400AB681C42836904D10BE08361AA682242EE
:1067340007D0994203F10103F7D86FF00100F0BCD0
:1067440070479942F9D90120F0BC7047001000E06D
:106754004C0E002083DE1B4370B500240D4684617B
:10676400002936D003680646A34239DB304601349B
:10677400FFF784FF0028E4B22DDBA542F6D11C49C3
:10678400B36970680A688342D6E904548CBFA3EBEA
:10679400000CA0EB030C121BAA4215D907EE900AB9
:1067A400B8EE677A9FED106BB7EEC77A27EE067BDB
:1067B400BDEEC77B17EE102A624505D96FF0704213
:1067C4000968104672607161834207D200207360C9
:1067D40070BD084670BD6FF0010070BD181A70BD21
:1067E4004FF0FF3070BD00BF9A9999999999B93FBC
:1067F40010260020AD4BAE4A18682DE9F04FAD4C81
:1068040091B0197908940368D17704F580629342B2
:1068140009920ED2A84B1B78002B00F0288109990D
:106824004FF0E0234022089101F580610991C3F8FB
:106834000822A24B1968A24B0C911868A14B0D9029
:106844001A88A14B0A921C880B94002900F0DC8161
:10685400002800F04D819D4B9D4D1A4423449D4ECC
:1068640001EB42029C4C00EB43039C49D5F800B079
:106874000E950392089D9A4A02939A4B5768D6F84C
:1068840000A0D3F80080D3F80490D1F800E04B685E
:10689400D4F808C0886805F110010F9605F58265E3
:1068A4001668626824680795354601972746019C57
:1068B4005E46CDF814A0C24604941031039C06959C
:1068C4004D4634F902BFABEB06080394029CA8EBD7
:1068D4000A09049E34F902AFA9EB05050294059C4C
:1068E4002F44AAEB0405069C3A442C1B94443A44D6
:1068F4000194A41BA6440CEB02043A444FEA2C1C5A
:10690400734421F820CC18447344C618001173440E
:1069140021F81E0CA01824113A4421F81C4C02EB57
:10692400000C9C1900117344361121F8180C181925
:10693400241121F81A6C21F8164C4FEA2C1421F872
:10694400144C041121F8124C079C8C42AFD10F99BE
:106954003C46019FC1F800A00E99C1F800B05E4901
:106964000C605E4CC4E901305D4BC4F800E0C3E93F
:1069740000575C4BC3E900890A9B40330A930B9B85
:106984004033C1E9012C0B93BFF34F8F4FF0E02349
:1069940008990998CA43C3F8701F20310244814200
:1069A4000891C2F3421251D26AB3012A23D0022AB7
:1069B4001CD0032A15D0042A0ED0052A07D0062A93
:1069C40040F01C81089AC3F8702F20320892089A6C
:1069D400C3F8702F20320892089AC3F8702F20321F
:1069E4000892089AC3F8702F20320892089AC3F8C4
:1069F400702F20320892089A0999C3F8702F203218
:106A04008A42089222D2089A02F12001C3F8702F18
:106A14004032C3F8701FC3F8702F01F14002C3F86D
:106A2400702F01F16002C3F8702F01F18002C3F8E6
:106A3400702F01F1A002C3F8702F01F1C002C3F856
:106A4400702F01F1E00209998A42DDD3BFF34F8F21
:106A5400BFF36F8F0A9B7F2B1CD81A4A13800B9BA2
:106A64007F2B09D8184A138011B0BDE8F08F04F5C4
:106A7400006308920993DCE60024134B0D981C80F4
:106A840000F02EFB184B1A681C600D4B1A6011B0F5
:106A9400BDE8F08F0B4B00240C981C8000F020FB09
:106AA400124B1A681C60054B1A60D8E7D81E0020E8
:106AB40000800E4080A22020F8270020C81E00205D
:106AC400D01E0020E2270020E427002001000080DF
:106AD4005C1F0020601F00202C1F0020441F00208A
:106AE400741F0020641F0020D41E0020CC1E002030
:106AF4000C9A002A00F088808A4800260A998A4B5A
:106B0400D0F800800E900B448848894902EB430B6F
:106B1400D0E900CE08988D68D1E9002300F1100176
:106B240000F582600290C246BBF90280E1467746D6
:106B3400A8EB0A0C0BF1020021F80E6CC246ACEB78
:106B4400090E019021F80A6C0846AEEB070721F8FC
:106B5400066C21F8026CE1463A4477461344EC187B
:106B64001344019D05F1020BE5181344241121F887
:106B7400104C5C1913442D1121F80C5C1D192411BF
:106B840021F8084C2C1121F8044C0199B1F9028028
:106B9400A8EB0A0CACEB090EAEEB07073A4413441E
:106BA400EC181344E5181344241120F8104B5C1915
:106BB4002D11134400F1100120F80E6C20F80C5C28
:106BC4001D19241120F80A6C20F8066C20F8084CD2
:106BD4002C1120F8026C20F8044C02988842A2D1AF
:106BE4000E99C1F800805249C1E900234F4B8D60D2
:106BF400C3E900CE0A9B40330A93C5E6089AC3F85A
:106C0400702F20320892DDE60D9A002A00F082806F
:106C140048480B99444BD0F800E00B440F90464889
:106C2400464902EB430A0C9E8D68D346D0E9007CAA
:106C34000898D1E9002300F1100100F58260029068
:106C4400F246B946BBF902E00BF10207E04621F82F
:106C5400106C0197AEEB0A0721F80C6CF246A7EB17
:106C6400090CB946019F01F11000ACEB080821F8AA
:106C7400086C21F8046C07F1020B4244E046203111
:106C84001344EC181344E5181344241121F82E4C32
:106C9400EC1813442D1121F82A5C1D19241121F834
:106CA400264C2C1121F8224CB7F902E020F8106C84
:106CB400AEEB0A0721F81C6C21F8186CA7EB090C41
:106CC40021F8146CACEB080842441344EC18134448
:106CD400E5181344241120F80E4CEC182D1113441C
:106CE40020F80A5C1D19241120F8064C2C1120F8F8
:106CF400024C02988142A3D10F99C1F800E00F49D8
:106D0400C1E900230C4B8D60C3E9007C0B9B40332D
:106D14000B9339E64FF480620D99089804F0E2FA77
:106D240032E600BF5C1F0020010000806C1F0020C1
:106D3400381F0020601F00207C1F0020501F0020EF
:106D440038B50021044600F017FA88B172B61C4A1F
:106D54001368002B2BD01B490D68002D2CD0156017
:106D640008600021184A118062B6184600F0B8F98C
:106D74000121204600F000FA98B172B6134A136854
:106D840083B113490C6854B114600024114A08609B
:106D9400148062B61846BDE8384000F0A1B9086016
:106DA40062B638BD0B4910600B8062B638BD064927
:106DB40010600B8062B6DBE7086062B6D8E700BFFC
:106DC400C81E0020CC1E0020E2270020D01E002078
:106DD400D41E0020E427002010B5044600F046FB32
:106DE400204610BD38B5234C002342F210724FF4F4
:106DF4000C61E06F40F44020E0671C2004F0ACFC20
:106E0400E3691D4923F440631C481D4A43F40063AD
:106E1400E361A36A19401B4B41F0CE01A1624168B2
:106E24000A4042F4002242609A68002A20DB164994
:106E3400032000224FF48034C1F828014FF08E451E
:106E4400C1F82401114812491A66DA601D615C61B7
:106E54009861D961C3F8E020C3F88C204FF0E06258
:106E6400C3F89020C3F89440C3F89800C3F89C106A
:106E740038BD00BF00C00F4000FEFFFF00C00A4045
:106E8400F8FFF7FF0040384000801F40130F010057
:106E9400000F0F0F10B5364C4FF40062002120464E
:106EA40004F020FA3348012100F07CFA002332492F
:106EB400324A0B601360FFF795FF2346BFF34F8FF1
:106EC40004F5006204F120004FF0E021824234BF57
:106ED4000122402204EB4212C1F8703F2033934256
:106EE400FAD1BFF34F8FBFF36F8F224A0320244B95
:106EF4002449C3F880014FF4806013681C600224A5
:106F0400D8829C60A4F60204D8830620596000212C
:106F14001279DC601C4C988302F110001C619961A9
:106F240099821A4C1A4B43F8204002F01F04194B63
:106F3400012003EB5213A04014B29B0018601648C2
:106F4400164B40F82410164940F82410A0F5804050
:106F54001449C276D3F8882042F00042C3F888204E
:106F64009A681143996000F0FBF90F4B187010BD3B
:106F740080A22020D81E0020C81E0020D01E002081
:106F840000801F400200010120403840654A000093
:106F9400001800204038003800C00E40004038403F
:106FA4001400008001000090F8270020024A0349E1
:106FB400034803F041B800BF700E002049500000A0
:106FC400D81E00204FF0E0234022C3F80822704767
:106FD400F8B5144B144D1C686E689CB1237A204696
:106FE4006BB123686F681B6898476B68E188DB1B8B
:106FF400C3F38F12B1EB931FA28038BFE2806469A0
:10700400002CEBD1084B094A5B6810889B1B084C89
:10701400C3F38F11B0EB931F218038BF1180BFF3EE
:107024004F8FF8BD401E0020001000E0DE27002036
:10703400DC27002030B472B6244D254C2A8804F194
:10704400700104EB82038B423CD204F16F01501CAB
:10705400C91A00EB910002E00132824232D09C4610
:1070640053F8041B0029F7D0B1FA81F04FF0004324
:10707400C34021EA0301CCF8001001B90132154BD9
:107084002A801A88013291B2198062B6ACEB040CE2
:1070940041F67C73C0EB00644FEAAC0CC0EB841087
:1070A40001240CEB8C1C03EBCC1303EB80030A4888
:1070B4000068C4541844094B1C88944230BC38BF3F
:1070C4001980704762B6002030BC7047E02700206A
:1070D400441E0020D82700203C1E0020DA27002070
:1070E400428872B60378012B03D9013B037062B660
:1070F4007047D14353090B484FF0004201F01F0180
:10710400CA4050F823100A430749B1F800C040F8B8
:1071140023209C45054A88BF0B801388013B1380BC
:1071240062B67047441E0020E0270020D8270020C4
:10713400C36813B91DE0DB68E3B1187A9042FAD151
:1071440010B4586893F809C0006950F82C4054B141
:10715400DB682BB1187A9042F3D0DB68002BF9D1AD
:107164005DF8044B704740F82C1008780130087023
:10717400EEE77047704700BF437A8B4206D9036934
:10718400002253F8210043F8212070470020704763
:1071940000220449C0E90022028102740A680860DE
:1071A400C2607047B41E0020037CFBB9036801462B
:1071B400FBB14368EBB1427A5B7A9A421CD230B499
:1071C40072B62B4B1C68ECB1E368C3B1486801E0AC
:1071D400DB68A3B15A688242FAD193F809C04A7AAB
:1071E4009445F5D162B6042030BC7047012062B6E4
:1071F4007047032062B67047022062B67047646924
:10720400002CE1D11B4C236843B1994202D10BE01D
:10721400994207D01A46DB68002BF9D1052062B6E3
:1072240030BC704702F10C040D68E868E8B1C3682B
:107234001BB908E0DA683AB1134681421846F9D11D
:1072440062B60620D0E70346D960CB6800202360ED
:107254000123C860AA7A2B721A44AA724A68947AE3
:1072640013721C4494720B74D9E7E960EDE700BF14
:10727400401E0020B41E002010B5047C9DF808E0D8
:107284000CB1012010BD027280F809E0C0E90013BE
:10729400BDE81040FFF788BF38B5037C002B36D01B
:1072A40043680446427A5B7A9A4238D272B60168DD
:1072B400CB68002B2DD0984233D01A46DB689C4211
:1072C4002AD0002BF9D16268607A136953F8200040
:1072D40048B1FFF705FF72B662680025607A13694A
:1072E400216843F820508B7A013BDBB28B7203B9DF
:1072F4000B72937A013BDBB2937203B913720A4B9C
:1073040000201A6820741C60E26062B638BD012057
:1073140038BD62B6032038BDE368D360D3E70220EA
:1073240038BDC368CB60CEE7B41E002010B5044658
:10733400FFF7B2FF094A136843B19C4202D108E047
:107344009C4205D01A46DB68002BF9D1204610BDBB
:107354000C32E3682046136010BD00BFB41E002049
:107364000C4B1A789AB90C4A0C4910B4C2F858114B
:107374000B48D02401224FF0E02180F846404024FD
:107384001046C1F808415DF8044B1A70704700209C
:10739400704700BFF627002000180020415200006B
:1073A40000E400E070B472B621B9036813B1027945
:1073B4000F2A45D9294C2188002341FA03F212F0FF
:1073C400010208D00133102BF7D162B600220371F9
:1073D400026070BC70474FF0010C0CFA03FC41EAE8
:1073E4000C01218062B61E4D5FFA83FC1D4940F2F8
:1073F400824680F804C0EC6F194483F0030344F020
:10740400C0044901EC67A5F59F35174CA5F58075B7
:10741400266084F81AC084F81EC084F818C084F862
:107424001FC00160C1E90022C1E90222C1E90422AE
:10743400C1E906225A5D42F0C0025A5570BC704739
:10744400064C218841FA02F5ED07B5D5054D1544E2
:10745400B3EB451FB0D162B6BBE700BFE6270020FF
:1074640000C00F408074000200800E4003790F2B8F
:1074740011D8094A937672B60849012290F804C0DB
:107484000B8802FA0CF223EA02030B8062B6102284
:10749400002302710360704700800E40E62700203D
:1074A400704700BF704700BF704700BF704700BF00
:1074B40070B51A4C1A4D2368AB4202D0194AD168F0
:1074C40029BBA369AB4202D0164AD169C9B9236B5F
:1074D400AB4202D0134AD16A69B9A36CAB4209D05A
:1074E400104AD16B31B101211B680F48D163BDE84B
:1074F4007040184770BD01211B680C48D162984741
:10750400EBE701211B680A48D1619847DFE70121B5
:107514001B6804F10800D1609847D2E7C01A002024
:107524005C08002000410840101B0020F81A0020CD
:10753400E01A002038B5064CA4F1600554F8083C64
:107544002046183CDB689847AC42F7D138BD00BFF1
:10755400101B002003682DE9F041044688B017464B
:10756400002B4BD000229A600122DA60304D04A82F
:10757400DFF8E0801D4451F8083B2D1102935B684D
:1075840005EB45069847F60006F1080058F8063062
:107594004044DB6801909847264A04A9DDE90103C9
:1075A400029248F806309B689847029B04A8DB685F
:1075B40098472368032220481F609A601F4A237952
:1075C4001F4C535513785178C0F828428B4228BF7A
:1075D4000B469178D2788B4228BF0B46934228BF42
:1075E4001346184C4FF0E0224FF08061012084F8DC
:1075F4007A30C2F80C1108B0BDE8F081124AD36E9B
:1076040043F44053D3660122104B1A60104A1346C8
:107614000260403298680028A8D010339342236057
:10762400F8D100231846236008B0BDE8F08100BFFC
:1076340000BFF7BF5C08002000180020600E002087
:107644002157000000E400E000C00F400040084063
:1076540000410840C01A0020F8B5036843B3154C34
:107664000746154E1C44241104EB4405ED007359E0
:1076740005F10800DB6830449847104B00210122D3
:1076840073513B689960DA60FF230D4A13551378F0
:1076940050789478834228BF0346D078094AA3429D
:1076A40028BF2346834228BF034682F87A303960D4
:1076B400F8BD00BF00BFF7BFC01A00205C0800205F
:1076C400600E002000E400E010B4064B0020064CDD
:1076D400064A1C609C611C639C6405495DF8044B6C
:1076E40002F0AABCC01A00205C080020700E002022
:1076F400A5570000084602F059BB00BF00B5036857
:1077040083B040F60D2C022201A95B68ADF804C0D9
:10771400984703B05DF804FB08B1014B186070474B
:10772400381E002000B9704714490A68EAB1D3171B
:1077340030B4134C134D84FB024C134C9444C3EBF0
:107744002C4304FB132244F2A71405FB03F304FBAC
:107754000233002B10DA6FF000421A440A60B2FBC5
:10776400F0F330BC00FB13207047084AB2FBF0F37F
:107774000A6000FB132070471A46EFE7381E00200A
:107784005F0B4E83ECF4FFFF1DF3010042CE0C1F90
:107794001C2849D8F8B5254F04463B78E3B9244B57
:1077A4001B5DFF2B29D0234A02EB041291680A685F
:1077B40002F44050B0F5805F30D01C061FD41E4C3C
:1077C4002360236AD80704D402F084FB236AD90710
:1077D400FAD5194B586AF8BD174D184E01E002F05E
:1077E40079FBAB6C1B06FAD4B36C13F08003F6D1AF
:1077F4003B700F4B1B5DFF2BD5D10020F8BD0F4C08
:1078040003F07F032360236ADA0704D402F062FBE7
:10781400236ADB07FAD5094B586AF8BD22F4805273
:107824001C060A60EBD4CAE700207047FC2700203E
:10783400E80B00206809002000400C4000800C4048
:10784400082830B422D00A280CBF4FF405714FF435
:107854004671104C104D636C626C2B400F4802F063
:1078640003021A43636C03F0E00313430B436364A2
:10787400436C426C2B4002F003021A43436C03F046
:10788400E0031343194330BC416470474FF4407123
:10789400DFE700BF00400C4000FCFFFF00800C400D
:1078A40010B41F4C1F281F49A36C23F02003A364AA
:1078B400626C8B6C22F4404223F020038B644B6C8B
:1078C40023F4404312D942F4404243F440436264F7
:1078D4004B641349134A8B6C5DF8044B43F020034B
:1078E4008B64936C43F02003936470470F2808D98A
:1078F40042F4004243F4004309480A4942644B6499
:10790400E7E7072804D942F4804243F48043F3E7CD
:10791400032862644B64DCD85DF8044B704700BFF5
:1079240000400C4000800C40A249A34B88422DE942
:10793400F047A24C5E699A69D4F80C801BD9A04B1D
:10794400984240F20281C31A9E491B0AA1FB031309
:1079540040F22761DB0903EB830303EB830303F2A8
:10796400E2438B4228BF0B46A3F54877964BA3FB13
:107974000737FF0804E0954FB8428CBF0E2706274F
:107984008D4908F01F09D1F88030B94543F0C00390
:10799400C1F880300CD228F01F08A1F5F82148EA7C
:1079A4000708C1F80C800B68002BFCDA08F01F09EB
:1079B40016F0007324D186490C698649A14300F06E
:1079C400EA8082F4805134464FF4805514F0605FAD
:1079D40004D026F060561E43774B5E6111F4405F7D
:1079E40007D022F4405274492A438A618B6C1A07E7
:1079F400FCD446F00076704A5661936C9B06FCD426
:107A0400754CA04200F2CE804FF0010C0146634653
:107A140003FB011203F1010E0CF10105A24218D877
:107A2400BEF1080F4FF0010340F08D80BCF1040F4C
:107A340000F291800A18A24200F2A48005FB00F132
:107A4400AC4603F1010E03FB01120CF10105A24245
:107A5400E6D90CF1FF318C0286EA81215F4810449B
:107A64005F4A90427FD9DFF8A4A16C225D48584D4B
:107A7400B0FBFEF0D5F800E0B0FBFCF0DFF890C1FD
:107A84000EEA0C0CD44509D042F400524FF4805C49
:107A9400C5F800C02A602A68002AFCDA464A15693B
:107AA40005F007059D4203D01361936CDD03FCD4FC
:107AB40011F4E05F09D026F4E05604F4E0543E4AA1
:107AC40026435661936C9907FCD44749474A0144BD
:107AD40091423CD8464BC909A3FB0131090B4B1E0B
:107AE4001B0286EA030212F4407F06D026F4407695
:107AF40003F44073304A334353612F4A536923F0EC
:107B040000735361936C9B06FCD43A4B4F45A3FB23
:107B140000234FF0FF324FEA9343B0FBF1F1B2FB85
:107B2400F3F3354A1060354A1160354A136008D2C0
:107B340028F01F08214A48EA0707D7601368002B7A
:107B4400FCDABDE8F087734662E7122718E74FF4C2
:107B540040730421C5E70CF1FF31204807238C0250
:107B6400104486EA8121274ADFF8A8A0A2FB00205E
:107B7400020D2548362A38BF362202FB00F042EABD
:107B84000A0A74E74FEA8C24002386EA8C214FF01A
:107B9400010EAC4662E71D4686F0C05411464FF014
:107BA400C05313E700244FF0010C0246314623462C
:107BB400E64653E700A4781F00C00F4000000840C9
:107BC4000046C32323B24C001F85EB5100366E01DF
:107BD40000800D4040300080FFB19F26808D5B0007
:107BE400FF7EF64D00643F4D7FD1F0087F17B42C23
:107BF4009F10E50083DE1B434C0E0020480E00203E
:107C040004260020819F5E16001BB7006C200080B4
:107C14007F3001800020008000B970472DE9F84FC3
:107C240001218146214C224D224E54E8003F2A680E
:107C3400306844E80013002BF7D11F494B684FF418
:107C44007A7BDFF878A01B1A01270BFB02F8DAF81D
:107C54000020A3FB02325A4594BF9044D84454E810
:107C6400003F2A68306844E80073002BF7D14B6862
:107C7400DAF800C01B1A0BFB02F2A3FB0C3CBCF5A8
:107C84007A7F94BF624402F57A72A2EB0802B2F5DD
:107C94007A7F06D3B9F1010908F57A78DFD1BDE816
:107CA400F88F02F017F90449D9E700BF1426002021
:107CB400102600200C260020001000E004260020DE
:107CC40030B40F4B4FF0010C0E4D0F4C53E8002F06
:107CD4002868216843E800C2002AF7D10B4B5B688F
:107CE4000B4A5B1A4FF47A71126801FB00F0A3FB94
:107CF400023230BC8A4294BF80184018704700BFDB
:107D040014260020102600200C260020001000E07D
:107D140004260020272816D80201104B03EB00107C
:107D24009B5810B4C2685C68144205D061B95DF810
:107D3400044BC3F888207047836851B1084A5DF842
:107D4400044B1A60704770475DF8044BC3F88420F5
:107D54007047044A5DF8044B1A60704768090020B4
:107D640038F001003830010027280BD8064B0201F7
:107D740003EB00109A58C36892681A4214BF01209A
:107D8400002070470020704768090020272829D860
:107D9400164B0201012903EB00109A5810B45368E2
:107DA400C4680ED004290CD023EA0403536083680A
:107DB400A9B1022917D003290CBF0D4A0D4A1A6034
:107DC40007E0234301295360836808D040F6380252
:107DD4001A60436815225DF8044B1A607047382214
:107DE4001A60F6E77047044A1A60F2E7680900204F
:107DF400383001003800010038F00100704700BF3E
:107E0400272858D80001F0B4344C354D2358AB42E0
:107E140056D049D8B3F1844F4BD0A5F58045AB4239
:107E240040D1304D2044304E304CC4F8B462D0E9D7
:107E340001C4C0684FF0E0264FF00057042AC6F88A
:107E440010712FD85E6926EA00065E614FF00506C0
:107E5400CCF80060266846F4803626605C6824EA24
:107E640000045C60224C54F8224090FAA0F2B2FA6A
:107E740082F245F822106FEA00011DD0DD690F2A55
:107E840001EA0501D9611DDC52000325D96894403B
:107E940005FA02F221EA02022243DA6098615A6981
:107EA40002435A61F0BC7047124DAB42FAD1124DF5
:107EB400B8E7124DB6E77047DA690243DA61EDE7D5
:107EC4000F4DAFE7103A032519695200944005FAA3
:107ED40002F221EA020222431A61DFE76809002064
:107EE400008000422413002021000000001800201C
:107EF400A007002000C0004224140020A412002087
:107F0400A413002008B5FDF73BFEFDF7AFFF01F019
:107F1400E1FFFAE7844641EA000313F003036DD15D
:107F2400403A41D351F8043B40F8043B51F8043B38
:107F340040F8043B51F8043B40F8043B51F8043B3F
:107F440040F8043B51F8043B40F8043B51F8043B2F
:107F540040F8043B51F8043B40F8043B51F8043B1F
:107F640040F8043B51F8043B40F8043B51F8043B0F
:107F740040F8043B51F8043B40F8043B51F8043BFF
:107F840040F8043B51F8043B40F8043B51F8043BEF
:107F940040F8043B51F8043B40F8043B51F8043BDF
:107FA40040F8043B403ABDD2303211D351F8043B7F
:107FB40040F8043B51F8043B40F8043B51F8043BBF
:107FC40040F8043B51F8043B40F8043B103AEDD22E
:107FD4000C3205D351F8043B40F8043B043AF9D27F
:107FE400043208D0D2071CBF11F8013B00F8013B52
:107FF40001D30B8803806046704700BF082A13D35F
:108004008B078DD010F003038AD0C3F10403D21A76
:10801400DB071CBF11F8013B00F8013B80D331F8AA
:10802400023B20F8023B7BE7043AD9D3013A11F82A
:10803400013B00F8013BF9D20B7803704B78437095
:108044008B7883706046704702F088BE01F1FF3C74
:1080540070B56646002400E00134B0FBF2F502FB83
:108064001503092B03F1370E03F130035FFA8EFE7B
:1080740098BF5FFA83FE9042284606F801EFEBD2E0
:10808400631C0022C818CA547CB162461CF8015F04
:1080940010F8016DA1EB0C0302328CF80060013B77
:1080A400521A057023449A42EFDB084670BD00BFA4
:1080B4004FF0010C0CFA01FC01EB410100EB411102
:1080C40070B5B1F80EE01FFA8CF5254C1FFA8EFE40
:1080D40024782E010EFB033306F0F006E340B0F8DB
:1080E40088417345A4B228BF73463443012AA0F8DB
:1080F40088410DD0022A28D0C2B10CF00F02B0F88A
:1081040088C11FFA8CFC4CEA020CA0F888C170BD2F
:108114009BB20CF00F022D02CB82B0F8803105F433
:1081240070659BB22B43A0F88031E8E7AEEB030EF9
:108134000CF00F021FFA8EFEA1F80AE0B0F88031AD
:108144009BB21343A0F88031D9E79BB20CF00F0225
:10815400CB83B0F880319BB21E43A0F88061CEE798
:108164006615002027284BD8F8B52A4D044615F883
:10817400202005EB8005012A2DD0022A3FD16B78FF
:10818400C3F3011003283ED0234A02EB803203F0EC
:10819400030C224889B2634602EB4C1C0678BCF8F7
:1081A40006E05801BCF810301FFA8EFECEF1011E15
:1081B4001EFA83F303F1FF3E0EFB01F1F1408E45FD
:1081C40023D95B1AC3F101039BB289B20244ACF810
:1081D400063011820DE06A78C2F30113032B10D02C
:1081E4000F4800EB83308BB202F00301AA78FFF74B
:1081F4005FFF0C4BEA7803EB04135B681A60F8BD6D
:1082040070470948EFE7094AC1E7991E4FF6FF7323
:10821400DBE700BF040C002000C01D4066150020F1
:1082240000C03D406809002000803E4000801E40A0
:1082340000230F2248F2B82C194610B54FF47044AD
:108244004FF4806EA0F88C414FF46044A0F88E2166
:108254000A46A0F89031B0F888319BB243F0F0039D
:10826400A0F8883101EB4103013100EB43130429E9
:108274009C80A3F806E05A841A865A805A81A3F88F
:108284000EC05A82DA825A83DA83EBD1B0F888318D
:108294009BB243F00F03A0F88831B0F888319BB249
:1082A40043F47063A0F8883110BD00BF374B384ADF
:1082B400996F384841F47F0170B5996741F201061E
:1082C400D3F8801045F6C05543F226040A43C3F898
:1082D4008020FFF7ADFF00F58040FFF7A9FF00F510
:1082E4008040FFF7A5FF00F58040FFF7A1FF0022C3
:1082F400A0F503104FF00F0E114600EB42134FEAA6
:10830400421C01329981042A5981A3F80EE09E820D
:10831400DD8020F80C1019829C81EED100221E48C9
:108324004FF00F0E41F20106114645F6C05543F2D7
:10833400260400EB42134FEA421C01329981042ABD
:108344005981A3F80EE09E82DD8020F80C1019827A
:108354009C81EED1002211480F2641F201051146FD
:1083640045F6C05443F2260E00EB42134FEA421C7A
:1083740001329981042A5981DE819D82DC8020F8B2
:108384000C101982A3F80CE0EED170BD00C00F40B0
:10839400000003FC00C03D4000001E4000401E40A1
:1083A40010280346044A28BF10231078012B38BF35
:1083B40001231370704700BF6615002072B6EFF3F7
:1083C4000583524CC4F884301EF0040F0CBFEFF345
:1083D4000882EFF309824FF0E0234D4E4D4DD3F860
:1083E400280DD3F82C1DC4E92201D3F8341DD3F889
:1083F400383DC4E924139369C4F89830D369C4F8A8
:108404009C3000F0BFF884ED280A01F003FE0B2134
:108414004FF0FF32C4F8A4000B46C4F880103E4964
:10842400301D5A40202402F00103013C01FB03F3F8
:1084340083EA5202F7D1A84202D073680646EFE7F6
:10844400324BC3F8A820BFF34F8F4FF0E0233049DD
:10845400324AC3F8701FC3F8702FBFF34F8FBFF3B6
:108464006F8F2F4A02252F48D36E2F4943F4405370
:10847400D3660560D3692D4823F07F0343F040039E
:10848400D3610B6883423DD8264D00214FF0E02391
:108494004FF0FF3229600126C5F808112449C5F8B8
:1084A4000011C5F80861C3F88021C3F88421C3F81A
:1084B4008821C3F88C21C3F8902101E000F070F901
:1084C400D5F80C31002BF9D00134C5F80C614F2CD0
:1084D400F4D9184B022018494FF00042C1F840016A
:1084E4005A63D5F80C313BB9144815490D4A016358
:1084F400D2F80C31002BFAD04FF0E023114AC3F824
:108504000C2DFEE7FFF710FABEE700BF00FF27209F
:1085140080FF2720A8FF27202083B8EDA0FF272075
:1085240000C00F40004008404C0E0020803DCD0BA1
:10853400009F240000900D4000002E4000800F405A
:10854400F100AD0B0400FA050A490A6838B108B510
:1085540013180948834204D810460B6008BD10461E
:10856400704702F029FF0C234FF0FF3203601046DE
:1085740008BD00BF6C0E00200000282030BFFDE7BE
:10858400FFF71CBF124AD2F880305B07FBD5D2F844
:1085940080301048C3F30B230F4990ED007A07EEA7
:1085A400903A91ED006AB8EE477A0C4AF8EEE77A11
:1085B4000B4BD2ED006A77EEC77A93ED007AB8EEF2
:1085C400477A67EE867A87EEA60A37EE400A704746
:1085D40000810D40F4250020FC2500200026002009
:1085E400F8250020836BF0B41BB1536843F40043B7
:1085F400536072B6446B3CB31A4B2260D3F8B0415B
:108604000C421DD1184E776804E07468E41BB4F57D
:10861400166F0BD2D3F8404144F48044C3F8404170
:10862400D3F8B851D3F840416404EED50D4007D1D6
:108634000C4CC0E90225D4F8B0310B43C4F8B03176
:10864400426362B6F0BC7047064DC0E90224D5F817
:10865400B0310B43C5F8B0310263426362B6F0BC7B
:10866400704700BF00002E40001000E070B5056B9D
:108674009DB106462A46002403E012680134012A0B
:108684000CD0536813F08003F7D032632CB1284622
:10869400B36B2D689847013CF9D170BDC6E90C3322
:1086A400F4E700BF30B4D9B91F4C204B0021204A55
:1086B40001254FF0011099601D60C4E90231802446
:1086C4005C60C2F8BC01D2F8B0311A482B43C2F83E
:1086D400B0310160D2F8B031002BFBD130BC70470F
:1086E4000904154B104C012541F080019860104A93
:1086F400596000F580511D60D96000F50051A364F4
:10870400196100F5405100F58040596100219861DC
:10871400E164D2F8B03143F48033C2F8B031D2F816
:10872400B031002BFBD1C0E700000020201B00204B
:1087340000002E40A0230020401B002010B472B67D
:108744000A4C01220A49237802FA00F018432070E7
:10875400D1F848311A0605D480221343C1F84421C4
:10876400C1F8483162B65DF8044B70471228002006
:1087740000002E40084901220B7802FA00F023EA97
:108784000000087030B9054AD2F8483123F080035C
:10879400C2F84831704700BF1228002000002E4064
:1087A4002DE9F04F9C4C83B0D4F84461F107C4F830
:1087B40044616AD5D4F8AC31002B61D0DFF88482EF
:1087C400964DDFF878B208F5805ADFF87C92944F22
:1087D400C4F8AC31D5E90A20D4F8403143F400534D
:1087E400C4F84031D4F840319B04F5D5D4F8403175
:1087F40023F40053C4F840314FF00113C4F8B431EA
:10880400D4F8B43113F00113FAD191B240F2816C6F
:10881400CBF80030614500F2D980B1F5D06F80F01B
:108824006181B1F5817F00F08F8140F2AB8040F22D
:10883400023C614500F0B281B1F5A06F40F0C18007
:108844007849EB648B600123A9640B6080234B603F
:108854004FF00113C4F8BC31D4F8B03143F4803381
:10886400C4F8B031D4F8B031002BFBD1130C5B0643
:1088740043F08073C4F85431D4F8AC31002BA7D141
:10888400654AD2F8BC31002B4AD1720616D5624B28
:10889400D3F8AC21C3F8AC21D3F8BC21C3F8BC2174
:1088A400D3F8B041002CFBD14FF0FF32C3F8B42110
:1088B400D3F8843101F012F95B4B1C60F40103D549
:1088C4005A4B1B6803B19847B00103D5584B1B683A
:1088D40003B19847710708D54F4BD3F8843113F48B
:1088E40000731AD0534B01221A704B4BD3F8483102
:1088F4001A060FD533060DD54F4A13782BB1013B19
:10890400DBB21370002B00F0428203B0BDE8F04FDD
:1089140000F0AABC03B0BDE8F08F464A1370E4E748
:108924004649C2F8BC310868034240F061813E4ABE
:1089340014681C40A9D05FEA144810D0374D4FF09A
:10894400010998FAA8F7B7FA87F705EBC71009FAEF
:1089540007F74030FFF78AFE38EA0708F1D1A4B2DE
:10896400002C92D02D4D4FF0010894FAA4F7B7FAD9
:1089740087F705EBC71008FA07F7FFF777FEBC4344
:10898400F3D182E7802900F0A780822919D183B22C
:1089940010F0780015D103F07F0257F82210284A0E
:1089A4001080180600F1C081CB0701D50123137094
:1089B40002212348FFF776FE5EE7010C072900F049
:1089C40045814FF00113C4F8C03155E742F2210C40
:1089D4006145F2D03AD942F22123994268D042F259
:1089E40021339942EDD10F4B00229A60EA640122AF
:1089F400AB641A6080225A604FF00113C4F8BC3192
:108A0400D4F8B03143F48033C4F8B031D4F8B03181
:108A1400002BFBD130E700BF00002E4000000020F7
:108A2400C0012E40201B0020A4230020D0270020BA
:108A3400D42700202128002027280020A02300205C
:108A44008025002098230020401B0020B1F5086FEA
:108A54003AD0B1F5106FB4D1B548C2F307424FF024
:108A6400C81100930270B34AC4F8C821C4F8CC11E9
:108A7400C4F8D01101F034F800F08CFBAE4A0121A7
:108A8400009BAA6411608021936051604FF0011231
:108A9400EB64C4F8BC21D4F8B02142F48032C4F8A9
:108AA400B021CBF80030D4F8B031002BFBD1E3E691
:108AB40080B2002897D1A14BC2F307421968A04B9A
:108AC4001960A04B1A708EE7994B01219E481B78C0
:108AD4000370FFF7E7FDCFE69B4802210380FFF711
:108AE400E1FDC9E6994B596800293FF46AAF4FEAA2
:108AF400124E82B204E019690C3300293FF461AFCD
:108B0400B3F800C0F445F6D1B3F802C09445F2D1ED
:108B14004FEA1E22032A00F0D8801A89000C8242F0
:108B240028BF0246BEF5007F40F0D480884B8949B7
:108B34001878894B0092002818BF19468748FFF718
:108B4400E9F9864B009ADAE010F0780F83B27FF4EB
:108B540038AF03F07F0213F0800F57F8223014BFB0
:108B640023F4803323F0010347F822300022724BB0
:108B7400EA649A600122AB641A6080225A604FF062
:108B84000113C4F8BC31D4F8B03143F48033C4F8D1
:108B9400B031D4F8B031002BFBD16DE610F0780F72
:108BA40083B27FF40EAF03F07F0213F0800F57F807
:108BB400223014BF43F4803343F0010347F82230DA
:108BC40000225D4BEA649A600122AB641A60802241
:108BD4005A604FF00113C4F8BC31D4F8B03143F4F7
:108BE4008033C4F8B031D4F8B031002BFBD143E664
:108BF400002008605A490C88486842F221018C42DE
:108C04007FF495AE80B200287FF491AE5549564C5E
:108C140003C9A18086284FEA11412060A1717FF425
:108C240086AE72B65148017841F008010170D2F85D
:108C340048110D0605D480200143C2F84401C2F84E
:108C4400481162B64A4A5021117070E6EB60012364
:108C54004349C9F80030474B0A60C9F80430464B11
:108C64004860C9F81030C5F80890C9E9028AD4F8F8
:108C7400B02142F00102C4F8B02103F5805203F59B
:108C84000053C9F81420C9F81830D4F8B031002BB7
:108C9400FBD1294AEB6493600123AA64136048F270
:108CA400800353604FF00113C4F8BC31D4F8B031E1
:108CB40043F48033C4F8B0314FF48033CBF8003040
:108CC400D4F8B031002BFBD1D6E5000C0A788242EF
:108CD40028BF0246BEF5E06F50D11D4B1D4893F8E6
:108CE40000C01D491D4BBCF1000F18BF0146009286
:108CF4001846FFF70FF9072103464170009A23F045
:108D04001F011344BFF34F8F4FF0E020C0F8701FD2
:108D140020318B42FAD8BFF34F8FBFF36F8F0F48C8
:108D24001146FFF7BFFCA7E5C9033FF53FAE3FE699
:108D3400202800200200CC00201B00201026002048
:108D4400582600201F28002080250020BC0C00206D
:108D540021280020581C0060F01C006080AA2020FC
:108D6400201E0020982300205026002012280020D6
:108D7400272800208000070098430020064B18464F
:108D8400CDE90023FFF7C6F8DDE90023B7E70320A8
:108D9400FFF7F0FC02F0E4FC80AA20202DE9F04764
:108DA4001F46831E022B01D9BDE8F087DFF84C90E3
:108DB40015460C463C2209EBC01806464FEAC01A79
:108DC400002108F10400240402F08CFAB5FA85F2BB
:108DD4000123520944EA427449F80A40C8F8387039
:108DE400C8F80830002FDFD0034AB34011680B43A2
:108DF4001360BDE8F08700BFA4230020000000201A
:108E04002DE9F0470D46811E022901D9BDE8F087FE
:108E1400C701DFF84C909246044640373C220021BB
:108E24001E4609EB07082D0408F1040002F05AFA63
:108E3400BAFA8AF2520945EA427249F80720012235
:108E4400C8F83860C8F80820002EDFD0034B10346F
:108E54001968A2400A431A60BDE8F087A4230020E1
:108E64000000002012048160C36101F5405342F008
:108E7400800210B40124426001F50052046001F53F
:108E8400805401F58041C46081615DF8044BC0E900
:108E940004237047831E0A46022B00D97047064BF1
:108EA40000F110014FF0010C03EBC0100CFA01F1BA
:108EB4004030FFF797BB00BF00000020831E0A4626
:108EC400022B00D970470121024B814003EBC010F3
:108ED400FFF788BB0000002040687047124A134B1C
:108EE400D2F8200220F07F40984210B584B002D21C
:108EF40000EB800040000E4C01A90A22FFF7A6F8FF
:108F040001A90023204611F8012B01333AB10A2BA1
:108F140020F8022FF7D11623237004B010BD5B0094
:108F2400DBB2237004B010BD00441F40809698004B
:108F34004C15002000F0F2BE00F0C2BE00F026BFC7
:108F440000F0E0BE00F07CBF00F052BF08461146BE
:108F540000F042BF38B50C4B04460C4D1B68298801
:108F640043B1B1F5917F09D24B1C9BB2084A2B80C7
:108F7400545438BDB1F5917FF6D338BD002204486E
:108F8400984700210123F1E798260020F4270020C8
:108F9400AC260020F8B5144C4FF0E025134E4FF4E6
:108FA400003204EB4024124F06EB40160346C5F88A
:108FB4008C2121463A883046FFF754FF3B882344EE
:108FC400BFF34F8FC5F85C4F2034A342FAD8BFF3E8
:108FD4004F8FBFF36F8F04203146FFF76FFF4FF4BD
:108FE4000033C5F80C31F8BD20AB2020601B0020F5
:108FF400E827002042684FF6FC71114BC2F30E4281
:10900400C0691B889B1A0B4017D00E4930B40E4C14
:109014000E4D227821F810300021013225F810106D
:10902400062A94BFD1B20A46217009490C68234428
:109034000B60084B985430BC7047FFF7ABBF00BFC0
:10904400E8270020A82500200E280020C4250020A1
:10905400A0250020E02500202DE9F04F0123DFF8B2
:1090640028A1DFF828B183B0414E9AF80020414D81
:10907400414F8BF8003005EB42153388D7F8008058
:10908400CDE90002002B6DD13C4CDFF80491284659
:10909400FFF722FF10F080005DD03B68A3EB0803CC
:1090A400282B04D90123237003B0BDE8F08F237863
:1090B400002BF9D199F80030002BF5D000F00AFF0D
:1090C4003388002BE3D02E4A9AF800101288D01A65
:1090D400043B2C4C9BB22044338000EB4120009E87
:1090E4004902C0F8006C93BB04F5406428460C4464
:1090F4002146FFF7B7FEBFF34F8F04F1200204F5BA
:109104000073934234BF012310234FF0E02204EB99
:109114004313C2F8704F20349C42FAD1BFF34F8FEF
:10912400BFF36F8F04202946FFF7B4FE019B022092
:109134000133032B94BFDBB200238AF80030FFF71E
:1091440019FB00238BF8003003B0BDE8F08F022038
:10915400FFF7F4FAF5E70A4B9AF800101A88207022
:109164001346B5E7064A01991288D01AB0E700BF42
:10917400EC270020201D00201026002013280020AA
:10918400F027002020AB20201B2800201D280020D1
:1091940020280020214B70B51B78002B3BD04FF4C6
:1091A40000731E461E4980221E4D00240B800021A0
:1091B4001D482B8002F096F81C4A21461C4B147063
:1091C400C0221C481C8002F08DF81B4A31461B4B00
:1091D400042094609C60C2E90044194AC3E9004435
:1091E4001470184B184A1C70184B14602246FFF771
:1091F400D5FD2346224629880420FFF701FE204698
:109204000134FFF7C7FE062CF9D100231049114A97
:109214000B70137070BD40231E46C3E72128002045
:10922400E8270020F0270020201D00201B28002014
:10923400EC270020601B0020A8250020C425002066
:109244000E28002010280020A025002065720000B0
:10925400132800201D280020024B1B780BB1FFF7B8
:10926400FBBE7047202800202DE9F843214B1D78D0
:1092740015B9214E33880BB9BDE8F883DFF888802F
:109284001E4A98F800701E4C02EB47191D4A04EB65
:109294004724128848462146D21A2B46FFF7E2FD9E
:1092A400BFF34F8F04F1200204F50073934234BFDF
:1092B400012310234FF0E02204EB4313C2F8704F54
:1092C40020349C42FAD1BFF34F8FBFF36F8F013725
:1092D40049460420FFF7DEFD032F4FF000034FF053
:1092E400020098BFFDB2338088F80050BDE8F8430F
:1092F400FFF740BA1D280020EC270020201D002085
:1093040020B72020F02700201B280020F8B54FF4B8
:1093140000324FF0E023204CC3F88C211F4B2278FD
:1093240019788A422ED0D3B21D4A1E4F01331E49EA
:109334001E4E072B28BF0023D05C37F8102001EB0A
:1093440040218D580432316892B2043927F8102034
:109354003160174931F81010914207D94FF0E023DA
:109364004FF400322846C3F80C21F8BDDBB2237059
:10937400FFF710FE4FF0E0234FF400322846C3F805
:109384000C21F8BD00254FF0E0234FF400322846AD
:10939400C3F80C21F8BD00BF102800200E280020BF
:1093A400E0250020C425002020AB2020A02500209B
:1093B400A8250020F8B50646FFF7A8FF90B1C0F332
:1093C400031300F00F059C4A0446070A1370A5F125
:1093D4000803062B08D807F00F030133002E45D0ED
:1093E400B34243D00020F8BDAB1EF8B2012B19D90B
:1093F400F72818BFF02801D9052D13D0042D00F04B
:1094040085816B1F022B40F245810F2DEAD1F7288D
:1094140008D8F02803D0894B1B88002BE2D0FFF733
:1094240099FDDFE7F1380E28DCD801A353F820F0CA
:109434001578000027780000457800005576000074
:1094440055760000537800005576000061780000DE
:10945400557600008D770000C3770000A7770000E1
:1094640055760000DF770000FB770000082DC4F379
:10947400033217D1082A15D171488021714A07682F
:10948400C4F30746DDB21170240E1FB131462846DD
:109494002246B8476C4B01206C491D706C4B0E7012
:1094A4001C70F8BD092D14D1092A12D1220E654968
:1094B40000F0B4809020C4F30746DDB20870D4B243
:1094C40064490F68002FE5D0224631462846B84744
:1094D400E0E70A2D05D10A2A03D15F48A021594AA1
:1094E400CDE70B2D05D10B2A03D15C48B021554A99
:1094F400C5E70C2D40F08A800C2A40F08780584A3A
:10950400C02050491268C4F30746DDB20870240E27
:10951400002ABFD0314628469047BBE7514B1B6811
:10952400002B00F00A81C4F307469847454B240EEC
:1095340000251F70AEE74C4B1B68002BF3D14B4B3F
:109544001B68002B00F0ED80FC20C4F3074698470D
:10955400ECE7474B1B68002BE5D1444B1B68002B01
:1095640000F0DF80FB20C4F307469847DEE7414B59
:109574001B68002BD7D13D4B1B68002B00F0D1801A
:10958400FE20C4F307469847D0E73B4B1B68002BEB
:10959400C9D1364BC4F307461B68002BC6D0FF2045
:1095A4009847C3E7354BC4F307461B68002BBDD06F
:1095B40030469847BAE7324B1A68002A00F0B18067
:1095C400630CC4F30640260C03F47E53F6B218432E
:1095D4009047ABE72B4BC4F307461B68002BE7D13E
:1095E400A4E7294BC4F307461B68002B9DD19DE7D4
:1095F400264B1B68002B96D11C4B1B68002B00F0DC
:109604009080F820C4F3074698478FE70D2D62D168
:109614000D2A60D11E4AD0200A4973E78020DDB2AA
:10962400C4F30746087006490F68002F7CD0314602
:1096340028461446B8472DE722280020F4270020A6
:10964400702600202628002023280020242800201B
:109654002528002074260020A82600206C2600203F
:109664007C2600208C2600209026002080260020C6
:10967400682600205C2600209C260020A0260020CE
:109684008426002088260020A426002064260020AA
:1096940060260020FFF75EFC052D08D0C4F30740C8
:1096A400FFF758FC072D02D1200EFFF753FC2B4B7C
:1096B4002B4819882B4A0170080A2B4C1070002083
:1096C4002A4A1880F023246813707CB301222848A6
:1096D400A0470120F8BD0E2D7FF484AE0E2A7FF43E
:1096E40081AE244AE02021491268087072B3610CEB
:1096F400C4F30640DDB201F47E51260C240E01436E
:109704002846F6B2A1F500519047C3E6FFF722FCC4
:10971400C4F30740FFF71EFC200EFFF71BFC0020DC
:10972400F8BDC4F3074601E73C46B3E6124B1B6899
:109734008BB10F4898470120F8BD104B1B68002BD4
:10974400EFD0FA20C4F307469847EFE6C4F3074680
:10975400DDB2240E9EE60120F8BD00BFF4270020F0
:1097640024280020252800209826002026280020D0
:10977400AC26002078260020942600208026002095
:10978400F8B5144C4FF0E025134E4FF4003204EBBF
:109794004024124F06EB40160346C5F88C2121469F
:1097A4003A883046FFF75EFB3B882344BFF34F8F74
:1097B400C5F85C4F2034A342FAD8BFF34F8FBFF3F0
:1097C4006F8F03203146FFF779FB4FF40033C5F860
:1097D4000C31F8BD20BF2020201C0020EA270020E7
:1097E400244B2DE9F0411C884368C569C3F30E433B
:1097F400E41A002C24DD204920480A780078D3B2EA
:109804001F4E82421F4807D010F8038036F81870A4
:10981400C7F50072944218D90133002226F8154086
:10982400082B194E88BF134626F8152098BFDAB2C4
:10983400C554164B0A701A6814441C60BDE8F081C4
:109844002846BDE8F041FFF79BBF07EB48201049CD
:1098540022462744084401EB4521FEF75BFB0B4AF3
:10986400284626F8187013682344BDE8F0411360B5
:10987400FFF786BFEA2700200F28002011280020C8
:10988400B4250020E8250020D0250020A4250020B0
:1098940020BF20201D4B1A78002A36D102F0FF0386
:1098A4001B4A12788AB32DE9F0411A4D2A8852B323
:1098B400194EC2F50068194F3278194C07EB42175C
:1098C40004EBC224424638462146FFF7CBFA04EBA8
:1098D4000802BFF34F8F4FF0E023C3F8704F2034DA
:1098E400A242FAD8BFF34F8FBFF36F8F03203946DC
:1098F400FFF7D0FA33780133DBB2032B88BF0023A0
:10990400337000232B80BDE8F08170471E280020AF
:1099140020280020EE2700201C280020A01D002065
:1099240020CF20202DE9F04F85B0CDE9011000298A
:1099340000F0BF800023604CDFF89881DFF898A125
:109944005E4F009301235E4A23705E4B1978B8F88A
:10995400003002EB4119002B40F0A7801E461D4643
:109964009B464846FFF7B8FA10F0800000F08C8060
:10997400BFF34F8F9AF8003084F800B005B93E6801
:10998400002B7DD13B689B1B782B00F287804E4BCC
:109994001B78002B74D000F09DFA0122B8F8003037
:1099A40015462270002BDCD0464AC3F500601178BE
:1099B4001A4600EBC120454DC9022844019D954239
:1099C40017D20393DDE901512A46FEF7A3FA039B5C
:1099D4004FF040425B1BA8F800303D4BC3F8842095
:1099E400BFF34F8F009800232844237005B0BDE8CF
:1099F400F08F364BCD180299FEF78CFA00234FF402
:109A0400006229464846FFF72DFABFF34F8F05F150
:109A1400200205F50063934234BF012340234FF035
:109A2400E02205EB4313C2F8705F2035AB42FAD154
:109A3400BFF34F8FBFF36F8F03204946FFF72AFA16
:109A4400204A13780133DBB2032B84BF00231D4A61
:109A54001370B8F80030019AD11A009A1A4401918F
:109A64000092029A1A4400230292194AA8F800307C
:109A7400C2F88430BFF34F8F237000297FF462AFA4
:109A8400009805B0BDE8F08F4FF400620D4B8AF8E2
:109A9400000019781346A8F800208AE701230098EB
:109AA4008AF8003005B0BDE8F08F1A46C3F50060AF
:109AB4007FE70198E5E700BF1E280020102600205C
:109AC400A01D00201C2800202028002020CF2020BA
:109AD40000002E40EE27002014280020704700BF0D
:109AE4002D4B002180222D4870B51B7800242C4D6D
:109AF4008B422C4E0CBF40234FF400732B803380D9
:109B040001F0F0FB284A2146284B14704FF4807270
:109B140027481C8001F0E6FB264A1021264B022030
:109B2400C2E90044C2E90244244AC3E9004414706F
:109B3400234AC3E90244234B1C7023461460224683
:109B4400FFF75EF92246318803201F4BFFF726F901
:109B54002346012229880320FFF752F920460134C5
:109B6400FFF70EFE082CF9D1184B00214A221848A1
:109B7400184C0460C3F88410C3F88020D3F848213B
:109B8400154942F08072C3F8482121B1134A137871
:109B940043F00103137070BD21280020A01D002094
:109BA400F2270020EA2700201C280020EE270020AE
:109BB400201C0020B4250020D02500200F280020E0
:109BC400A425002011280020517A000000002E4016
:109BD400D0270020057B000000000000282800207A
:109BE4002DE9F04F4FF0E0234FF40032DFF8C8A026
:109BF40083B0C3F88C218B469AF8004000294FD0DB
:109C04008046E4B20027DFF8B490264BABEB0702A2
:109C140025491B78A34204F101043FD0092C234BAE
:109C2400404628BF00241E5D39F816C00CEB4623BD
:109C340019441F4B33F81650A5EB0C05AA421CD24D
:109C44000CEB462C18491B4C61440192FEF762F957
:109C5400216839F816505846019AA1EB0B012A44A1
:109C6400394429F8162021604FF0E0234FF40032E4
:109C7400C3F80C2103B0BDE8F08F2A462F44FEF749
:109C840049F90C49E3B230460A68A844521B0A60F9
:109C94008AF80030FFF774FDBB45B6D83846E3E7D1
:109CA4000846E1E70F28002020BF2020E8250020F7
:109CB400B4250020A425002011280020D025002050
:109CC4000B4B0C4A12781978D3B28A420DD0013367
:109CD40009480A4A092B0A4928BF0023C35C31F802
:109CE400131002EB4323585C70474FF0FF3070476A
:109CF4000F28002011280020E825002020BF202064
:109D0400D0250020044B10B51C680CB1204610BDB2
:109D140000F0E0F8204610BDA42500202DE9F84FFE
:109D2400144E154D33782A78934221D0DCB2DFF8F3
:109D34005090DFF850B0DFF85080104F0134082CF9
:109D44005FFA84FA01D90024A24619F80400DBF86A
:109D5400003038F8102037F81010521A9B1ACBF83C
:109D64000030FFF70DFD86F800A02B78A342E5D163
:109D7400BDE8F88F112800200F280020D0250020EE
:109D8400E8250020A4250020B425002000B583B0D8
:109D940001210DF10700FFF723FF20B19DF8070013
:109DA40003B05DF804FB4FF0FF30F9E7094B00B551
:109DB40083B01B788DF807003BB101210DF107003A
:109DC400FFF7B0FD03B05DF804FB03F0FF0003B040
:109DD4005DF804FB20280020044B1B7803F0FF02ED
:109DE4000BB1FFF79FBD1046704700BF202800202D
:109DF4002DE9F0410024DFF8448001230D4D27466E
:109E04000D4E88F80030337828462035A34204F1FB
:109E1400010405D0FFF760F8030658BF07F5006793
:109E2400042CF0D1BFF34F8F0023384688F800305C
:109E3400BDE8F081A01D00201C2800201E28002061
:109E44002DE9F8431D4B1B7813B11D4D2A880AB91F
:109E5400BDE8F8831B4EC2F500691B4933784A46B6
:109E64001A4C01EB43181A4F04EBC3240123404658
:109E74003B7021460023FEF7F5FF04EB0902BFF314
:109E84004F8F4FF0E023C3F8704F2034A242FAD82A
:109E9400BFF34F8FBFF36F8F03204146FEF7FAFFE6
:109EA40033780133DBB2032B88BF002333700023E4
:109EB4002B80BFF34F8F3B70BDE8F8832028002030
:109EC400EE2700201C280020A01D002020CF2020E9
:109ED4001E2800202DE9F8432D4B1E7866B12D4F26
:109EE4003B784BB90123F1073B7043D4B20726D426
:109EF40000233B70730701D4BDE8F883264B1A682E
:109F0400002AF9D0EFF30582002AF5D1EFF310858A
:109F140072B61868002834D0204C2178002930D13A
:109F24000122227042691A60002A2ED0916105B97B
:109F340062B600258368457798472570DCE7DFF82B
:109F4400648098F80030002BD2D00025DFF85890B8
:109F54002B4659F823400135236820461B6998474E
:109F640010B163699B68984798F80020EBB29A4255
:109F7400EFD8BDE7FFF7C6FE0028B7D0AFF30080E7
:109F8400B4E7002DB8D162B6B6E7054B1A60CEE748
:109F940028280020FB270020B81E0020F7270020D7
:109FA400C41E0020F9270020E01E002070B5EFF346
:109FB400108272B60C4C206880B10C4E00254369A7
:109FC400236073B19D6102B962B68368457798478F
:109FD400EFF3108272B620680028F0D102B962B69D
:109FE40070BD3360EFE700BFC01E0020BC1E002020
:109FF400FFF7DCBF0449054A4968054B196013683B
:10A0040001331360704700BF001000E010260020E9
:10A014000C260020074A506A936A19468446506AFF
:10A02400936A9942F9D18445F7D1DB0B43EA404066
:10A03400704700BF00400D4003460846194601F032
:10A04400A3B900BF10EE103A40F22A41C3F30A52FA
:10A054008A42B7EEC03A32D8B7EE000B2D4B93EDDF
:10A064004A2B93ED481BB0EE417BA2EE037B17EE27
:10A07400100A37EE417B00F01F0203EBC20130B43B
:10A0840092EE037B93ED4C4B53F832404D6893EDC5
:10A094004E6B93ED505BA4EE076B27EE074B00214C
:10A0A4000A1905EBC033A5EE070B43EC172BA6EEFC
:10A0B400040B30BC20EE070BB7EEC00B704713F552
:10A0C400000F20D0B2F5FF6F1AD2DFED137AB4EE91
:10A0D400E70AF1EE10FA10DCDFED107AB4EEE70ACD
:10A0E400F1EE10FA12D4DFED0E7AB4EEE70AF1EED7
:10A0F40010FAB1D5002000F013BC002000F016BC0B
:10A1040030EE000A70479FED070A7047002000F008
:10A1140001BC00BF800200201772B142B4F1CFC26B
:10A12400CF8ECEC20000000010EE103AB3F17E5F75
:10A134003ED0A3F50001B1F1FE4F10EE102A3AD241
:10A14400BFEE002B02F14043284903F54D03C3F34E
:10A15400C34001EB001091ED424B91ED447B91ED36
:10A16400406B91ED465BD90DC9052DED028B90ED49
:10A17400021B90ED008B521ADB1500EE103A03EE31
:10A18400902AB8EEC00BB7EEE33A30EE010BA8EE1E
:10A19400032BBDEC028B22EE023BA4EE027BA5EE68
:10A1A400020BA6EE037BA3EE070BB7EEC00B7047C2
:10A1B4009FED0F0A7047590014D0B3F1FF4F14D02C
:10A1C400002B0BDBB1F17F4F08D2DFED0A7A60EE92
:10A1D400277A17EE903AA3F13862B1E700EE103A0D
:10A1E40000F0BCBB012000F0A7BB7047C8030020EF
:10A1F400000000000000004B30B410EE103A2DEDCA
:10A20400028BA3F5000110EE902AB1F1FE4F10EE7F
:10A21400104A82B04FEA42017CD201F1FF3C6FF058
:10A224008070844580F0F780002004F1404303F5FA
:10A234004D03C3F3C342DB0DDB05E11ADB1507EE67
:10A24400903AB14B03EB021292ED003B04EE101A6C
:10A25400B7EEE06AB7EEC44ABFEE000BA3EE040B00
:10A2640093ED443B20EE001B93ED464B93ED402BC6
:10A27400A0EE034B93ED425B93ED483BA0EE025BF3
:10A2840021EE012B92ED028BB8EEE77B37EE087BD3
:10A29400A0EE037BA1EE047BA5EE027B26EE077BFA
:10A2A40017EE903A48F2BF01C3F3CF338B4250D23A
:10A2B400B7EE000B954B93ED402B37EE023B13EEBC
:10A2C400102A33EE423B02F01F01821803EBC10057
:10A2D40093ED424B37EE437B53F83140456893EDA1
:10A2E400446B93ED465BA7EE046B27EE074B00230C
:10A2F400181905EBC231A7EE050B41EC170BA6EEBE
:10A30400040B20EE070BB7EEC00B02B0BDEC028BC2
:10A3140030BC70474D1E6FF08070854280F0CE8057
:10A3240059004D1E854280F09280002B55DB0020A1
:10A33400B4F5000FBFF479AFDFED757A07EE103A8C
:10A3440067EE277A17EE904A24F00044A4F13864AB
:10A354006BE79FED656BB4EEC67BF1EE10FA15DC8E
:10A364009FED636BB4EEC67BF1EE10FA20DD4FF087
:10A374004C5388B10193DDED016ABFEE006A76EEBD
:10A38400666AF4EE466AF1EE10FA11D002B0BDEC42
:10A39400028B30BC00F0CABA0093DDED006AB7EE60
:10A3A400006A76EE866AF4EE466AF1EE10FAEDD1B2
:10A3B4009FED516BB4EEC67BF1EE10FA57D99FEDC9
:10A3C400506BB4EEC67BF1EE10FA7FF571AF02B0BC
:10A3D400BDEC028B30BC00F0A3BAC2F3C7517E2996
:10A3E40011DD962954DC0120C1F1960100FA01F136
:10A3F400481E104207D1114214BF0120002000045E
:10A4040024F0004494E700EE103A02B0BDEC028B55
:10A4140030BC00F0A3BA002952D0B3F17E5F2CD037
:10A424006400B4F17F4F2ED8B1F17F4F2BD1B4F13A
:10A43400FE4F4BD0B4F1FE4F6FEA020234BF00244A
:10A444000124D20F94424CD09FED320A5DE7002BD9
:10A4540020EE000A1EDB002000293AD1002ABFF6B4
:10A4640054AF02B0BDEC028B30BC00F065BA02B050
:10A47400BDEC028B30BC00F04DBA82F48002520075
:10A4840012F5000F22D907EE903A37EEA00A3CE706
:10A494000020B5E7C2F3C753A3F17F001728DAD829
:10A4A400C3F19600012303FA00F0441E1442D2D1F2
:10A4B4001040D1D0B1EE400A1846CDE70029AFD103
:10A4C40084F48002520012F5000FDCD8B7EE000AC3
:10A4D4001BE7002ABFF619AFF7EE007A87EE800A71
:10A4E40013E720EEA00A10E771D5D1FFFFFF5F400C
:10A4F400E2AAA3FFFFFF5F400000000000C062C0AB
:10A504000000000000A062C0E804002080020020D7
:10A514000000004B0000000030B510EE104AC4F3F8
:10A524000A53B3F57D7FB7EEC06A83B01BD226EE23
:10A53400065BB3F5667F6ED326EE052B25EE021B74
:10A54400734B93ED1A3B93ED187B93ED164BA5EEED
:10A55400037BA2EE046BB0EE460BA7EE010BB7EE45
:10A56400C00B03B030BD40F22E4293425ED868491E
:10A5740091ED087B26EE077BFDEEC77B91ED0A5B30
:10A5840017EE903A03F500031B1613F0020F07EEC3
:10A59400903A01F1700208BF0A46D807B8EEE77B8B
:10A5A400A7EE456B26EE067B1BD403F0030301EBF9
:10A5B400C30192ED1A4B91ED002B92ED185B26EE40
:10A5C400026B92ED163BA7EE045B26EE074B27EEDB
:10A5D400047BA4EE036BA5EE076BB7EEC60B03B0CA
:10A5E40030BD92ED142B27EE075B92ED126B92EDCA
:10A5F4000E3BA7EE026B92ED0C0B92ED104BA7EE07
:10A60400030B27EE057BA5EE040BA6EE070BB7EEB6
:10A61400C00B03B030BD220D12F4FF6FDFD1B7EED3
:10A62400C55B00EE104A8DED015AD8E7B3F5FF6F14
:10A634004BD2384BC4F3836203EB820053F82220DD
:10A644000569C4F31603C4F3C25143F400038B40F9
:10A65400016A03FB02F2A3FB0110E3FB050202F112
:10A6640000518D0F01F04041511A00F049FB2A4B73
:10A674009FED257B05EBD47441EC160B14F0020F0F
:10A68400A3F1700208BF1346E90726EE077B27EE05
:10A69400076B1FD404F0030402EBC40293ED1A4BBE
:10A6A40092ED002B93ED185B27EE027B93ED163BA6
:10A6B400A6EE045B27EE064B26EE046BA4EE037BAA
:10A6C400A5EE067BB7EEC70B89E703B0BDE83040C3
:10A6D40000F044B993ED142B26EE065B93ED127B48
:10A6E40093ED0E3BA6EE027B93ED0C0B93ED104B1A
:10A6F400A6EE030B26EE056BA5EE040BA7EE060BE8
:10A70400B7EEC00B6BE700BF182D4454FB21193C76
:10A714001006002008090020800600200000000028
:10A7240038B510EE104AC4F30A53B3F57D7FB7EE83
:10A73400C07A1ED227EE077BB3F5667F6FD327EE70
:10A74400071B634B93ED142B93ED125B93ED0E3BC0
:10A75400A7EE025B93ED0C0B93ED104BA7EE030BEE
:10A7640027EE017BA1EE040BA5EE070BB7EEC00BA1
:10A7740038BD40F22E42934254D8554991ED086BAE
:10A7840027EE066BFDEEC66B91ED0A5B16EE903A72
:10A7940003F500031B1613F0020F06EE903A01F1C5
:10A7A400700208BF0A46D807B8EEE66BA6EE457BF2
:10A7B40027EE076B1AD503F0030301EBC30191EDF8
:10A7C400002B92ED1A4B92ED185B92ED163BA6EE20
:10A7D400045B27EE027B27EE064B26EE046BA4EE09
:10A7E400037BA5EE067BB7EEC70B38BD92ED142BA9
:10A7F40092ED127B92ED0E3B92ED0C0B92ED104B11
:10A8040026EE065BA6EE027BA6EE030B26EE056B98
:10A81400A5EE040BA7EE060BB7EEC00B38BDB7EEE2
:10A82400000A38BDB3F5FF6F3DD22A4BC4F38362EF
:10A8340003EB820053F822200569C4F31603C4F322
:10A84400C25143F400038B40016A03FB02F2A3FBF1
:10A854000110E3FB050202F100518D0F01F04041AC
:10A86400511A00F04DFA1C4B9FED177B05EBD47485
:10A8740041EC160B14F0020FA3F1700208BF13464B
:10A88400E90726EE077B27EE076B10D504F00304D7
:10A8940002EBC40292ED002B93ED1A4B93ED185B7F
:10A8A40093ED163B93E7BDE8384000F057B893EDBD
:10A8B400142B93ED127B93ED0E3B93ED0C0B93ED68
:10A8C400104B9DE7AFF30080182D4454FB21193C35
:10A8D40010060020080900208006002010B582B070
:10A8E4008DED010A044600F067FD9DED010A046048
:10A8F40002B010BD30B1F1EE407A27EE800A22207A
:10A90400FFF7ECBFF0EE407A27EE800A2220FFF733
:10A91400E5BF00BF9FED010AFFF7ECBF0000001088
:10A924009FED010AFFF7E6BF0000201A9FED010A20
:10A93400FFF7E0BF000000709FED070AFFEE007A0A
:10A94400B7EE007A00284FF0220047FE277A87EE00
:10A95400800AFFF7C3BF00BF0000000070EE407A1A
:10A96400B4EE400A87EEA77AF1EE10FAB0EE470A89
:10A9740002D62120FFF7B2BF704700BF10EE101AB5
:10A98400C1F3C7520029A2F17F0CB4BF4FF0FF30CE
:10A994000120BCF11E0F0FDCBCF1000F1DDBC1F365
:10A9A4001603BCF1160F43F400030ADD963A03FACA
:10A9B40002F202FB00F07047FDEEC07A17EE900A37
:10A9C40070474FF4800242FA0CF21A44CCF1170C8F
:10A9D40022FA0CF202FB00F07047BCF1FF3F18BFF3
:10A9E4000020704781F0004102E000BF83F0004383
:10A9F40030B54FEA41044FEA430594EA050F08BF16
:10AA040090EA020F1FBF54EA000C55EA020C7FEAD9
:10AA1400645C7FEA655C00F0E2804FEA5454D4EB56
:10AA24005555B8BF6D420CDD2C4480EA020281EA20
:10AA3400030382EA000083EA010180EA020281EA58
:10AA44000303362D88BF30BD11F0004F4FEA0131AA
:10AA54004FF4801C4CEA113102D0404261EB4101B9
:10AA640013F0004F4FEA03334CEA133302D052423F
:10AA740063EB430394EA050F00F0A780A4F10104FB
:10AA8400D5F1200E0DDB02FA0EFC22FA05F2801835
:10AA940041F1000103FA0EF2801843FA05F359411B
:10AAA4000EE0A5F120050EF1200E012A03FA0EFC9A
:10AAB40028BF4CF0020C43FA05F3C01851EBE371C4
:10AAC40001F0004507D54FF0000EDCF1000C7EEBE1
:10AAD40000006EEB0101B1F5801F1BD3B1F5001F1F
:10AAE4000CD349085FEA30004FEA3C0C04F101043E
:10AAF4004FEA445212F5800F80F09A80BCF1004F67
:10AB040008BF5FEA500C50F1000041EB045141EAE8
:10AB1400050130BD5FEA4C0C404141EB0101013CB1
:10AB240028BFB1F5801FE9D291F0000F04BF0146A0
:10AB34000020B1FA81F308BF2033A3F10B03B3F172
:10AB440020020CDA0C3208DD02F1140CC2F10C0202
:10AB540001FA0CF021FA02F10CE002F11402D8BF60
:10AB6400C2F1200C01FA02F120FA0CFCDCBF41EA2C
:10AB74000C019040E41AA2BF01EB0451294330BDFB
:10AB84006FEA04041F3C1CDA0C340EDC04F11404D8
:10AB9400C4F1200220FA04F001FA02F340EA0300AF
:10ABA40021FA04F345EA030130BDC4F10C04C4F1F5
:10ABB400200220FA02F001FA04F340EA03002946D5
:10ABC40030BD21FA04F0294630BD94F0000F83F41F
:10ABD400801306BF81F480110134013D4EE77FEA02
:10ABE400645C18BF7FEA655C29D094EA050F08BF4E
:10ABF40090EA020F05D054EA000C04BF194610462F
:10AC040030BD91EA030F1EBF0021002030BD5FEA72
:10AC1400545C05D14000494128BF41F0004130BD9A
:10AC240014F580043CBF01F5801130BD01F00045EE
:10AC340045F0FE4141F470014FF0000030BD7FEA61
:10AC4400645C1ABF194610467FEA655C1CBF0B465C
:10AC5400024650EA013406BF52EA033591EA030F73
:10AC640041F4002130BD00BF90F0000F04BF00216B
:10AC7400704730B54FF4806404F132044FF000059E
:10AC84004FF0000150E700BF90F0000F04BF002117
:10AC9400704730B54FF4806404F1320410F000457D
:10ACA40048BF40424FF000013EE700BF42004FEA78
:10ACB400E2014FEA31014FEA02701FBF12F07F43F5
:10ACC40093F07F4F81F06051704732F07F4208BFAC
:10ACD400704793F07F4F04BF41F40021704730B5B3
:10ACE4004FF4607401F0004521F000411CE700BFFF
:10ACF40050EA010208BF704730B54FF000050AE082
:10AD040050EA010208BF704730B511F0004502D582
:10AD1400404261EB41014FF4806404F132045FEA84
:10AD2400915C3FF4D8AE4FF003025FEADC0C18BF2D
:10AD340003325FEADC0C18BF033202EBDC02C2F11F
:10AD4400200300FA03FC20FA02F001FA03FE40EAB1
:10AD54000E0021FA02F11444BDE600BF024B014685
:10AD6400186800F003B800BF841200202DE9F04FEA
:10AD740001F10B06162E83B0044624D8102900F2E4
:10AD8400BA8000F0A3FA102618220220B54F3A44E4
:10AD9400A2F1080153688B4200F0BA805A68D9685E
:10ADA40022F003021A449D68E9608D60516841F005
:10ADB40001012046516003F1080500F08DFA284690
:10ADC40003B0BDE8F08F36F0070600F19480B1427D
:10ADD40000F2918000F07AFAB6F5FC7FC0F09A8117
:10ADE400730A00F08F80042B00F26F81B30903F122
:10ADF400390003F1380CC3009A4F3B44A3F1080512
:10AE04005B689D4206D10CE0002980F22781DB6853
:10AE14009D4206D05A6822F00302911B0F29F3DDEC
:10AE240060463D69DFF850C265457CD06A6822F00F
:10AE34000302931B0F2B00F37B81002BC7E904CC87
:10AE440080F26C81B2F5007F80F01A81D3087968B2
:10AE540001334FEA521E012202FA0EF20A4357F856
:10AE640033E0C5F808E007EBC3010839E9607A600C
:10AE740047F83350CEF80C50831001219940914289
:10AE840057D8114206D120F003004900114200F1C5
:10AE94000400FAD007EBC0094D468646D5F80C806D
:10AEA400454508D11DE1002B80F22481D8F80C809F
:10AEB400454500F01681D8F8042022F00302931BC4
:10AEC4000F2BF0DD2046D8E9025408EB060146F0CA
:10AED4000106C8F80460EC60A56043F00104C7E90A
:10AEE4000411C1E902CC4C6048F8023000F0F4F9D6
:10AEF40008F1080502E00C2323600025284603B06E
:10AF0400BDE8F08F4FF4007340204FF03F0C73E71F
:10AF1400D3689A4208BF02307FF440AF3D69DFF83E
:10AF240058C1654582D17A688310012199409142C4
:10AF3400A7D9BD686B6823F003094E4503D8A9EB74
:10AF440006030F2B7ADCDFF834B1474BDBF8002023
:10AF54001B680132334405EB090A00F0338103F521
:10AF640080530F3323F47F6828F00F0841462046AE
:10AF740000F010FA411C024600F0F380824500F212
:10AF8400EE803A4B196841441960084600F04E813E
:10AF9400DBF80010019301311BBFA2EB0A01091871
:10AFA400CBF80020196012F0070B00F01781CBF1E9
:10AFB40008010A44CBF5805190440831A1EB080103
:10AFC400C1F30B0A51462046009200F0E3F9421CFB
:10AFD400DDE9002300F04F81801A00EB0A081968AC
:10AFE400BA6048F001005144BD425060196000F05D
:10AFF4002981B9F10F0F40F227816868A9F10C0C7F
:10B004002CF0070C00F0010040EA0C0068604FF0DF
:10B01400050E05EB0C00BCF10F0FC0E901EE00F2C8
:10B02400328150681546124B1A688A4238BF19603B
:10B03400104B1A688A4238BF196094E0AA1943F089
:10B04400010346F001066E602046BA60536000F0CA
:10B0540043F90835284603B0BDE8F08FD9681A448F
:10B06400A1E600BF740E0020502100202021002002
:10B07400482100204C2100207C0E00207C1200205E
:10B08400B2F5206F4FEA522363D3142B00F2B7803A
:10B0940003F15C01C9005B3307EB010E7958AEF193
:10B0A400080E8E4500F091804B6823F00303934211
:10B0B40002D989688E45F7D1D1F80CE07A68C5E9E0
:10B0C400021ECEF80850CD60D6E6142B59D9542B65
:10B0D40000F29D80330B03F16F0003F16E0CC3008B
:10B0E4008AE60EF1010E1EF0030F05F108057FF448
:10B0F400D5AE51E0424445465368D8F80C1043F0AD
:10B104000103536055F8083F2046D9608B6000F076
:10B11400E3F8F3E6F00806F1080237E62A4420468D
:10B12400536843F001035360083500F0D5F8E5E6B1
:10B13400A919204646F0010643F001046E60C7E9F0
:10B144000411C1E902CC4C60AB5000F0C5F80835DD
:10B15400D4E6930903F13901C90038339CE7BD42B1
:10B164005FD0BD68686820F003084645A8EB060375
:10B1740002D80F2B3FF762AF204600F0ADF8002550
:10B18400BCE603F15C0003F15B0CC30034E659F840
:10B1940008394B4540F0968010F0030F00F1FF3062
:10B1A400F5D17B6823EA01037B60490099423FF6AD
:10B1B400C0AE19B9BDE649000EF1040E1942FAD029
:10B1C400704667E603F11008D0E69A104FF00108C4
:10B1D4007B6808FA02F21A437A6070E702EB08010E
:10B1E4004942C1F30B0A51462046009200F0D2F8BE
:10B1F400431CDDE900237FF4EFAEDA46EFE6542B7F
:10B2040025D8130B03F16F01C9006E3344E7B3F57E
:10B21400AA7F25D8F30B03F1780003F1770CC30060
:10B22400EAE5294B186840441860B1E6CAF30B0CF0
:10B23400BCF1000F7FF4ACAEBD68C84448F0010017
:10B244006860F0E61546EEE60123536094E7B3F533
:10B25400AA7F23D8D30B03F17801C90077331BE706
:10B2640040F25452934223D8B30C03F17D0003F10E
:10B274007C0CC300C0E5ABF1080BD844A8EB020872
:10B284004FF0000AABE605F108012046009300F0F8
:10B2940055F9BD68009B68681968C4E640F25451CA
:10B2A4008B420BD8930C03F17D01C9007C33F3E688
:10B2B4004FF47E737F204FF07E0C9DE54FF47E713A
:10B2C4007E23E9E67B6870E720210020014800F036
:10B2D4009DB800BF1C210020014800F099B800BFB0
:10B2E4001C210020830730B548D0541E002A3FD0CB
:10B2F400CAB2034601E0013C3AD303F8012B9D078F
:10B30400F9D1032C2DD9CDB245EA05250F2C45EAF8
:10B31400054536D9A4F1100222F00F0C03F1200EDA
:10B32400E6444FEA121C03F1100242E9045542E9D3
:10B33400025510327245F8D10CF1010214F00C0FD1
:10B3440003EB021204F00F0C13D0ACF1040323F04E
:10B3540003030433134442F8045B9342FBD10CF01F
:10B3640003042CB1C9B21C4403F8011B9C42FBD159
:10B3740030BD64461346002CF4D1F9E70346144665
:10B38400BFE71A46A446E0E713460A4601460220F0
:10B3940000F040B838B5074D0022044608462A603C
:10B3A400FDF7D2F8431C00D038BD2B68002BFBD02E
:10B3B400236038BDA8230020014B1868704700BFE4
:10B3C4008412002070B50D4E0D4D761BB61006D0BC
:10B3D400002455F8043B01349847A642F9D1094E9C
:10B3E400094D761B00F0B0F9B61006D0002455F8CC
:10B3F400043B01349847A642F9D170BD001C00609B
:10B40400001C0060101C0060001C0060704700BF3E
:10B41400704700BF2DE9F047DFF87CA00646DAF854
:10B42400000098460F469146FFF7F0FF184B1C6842
:10B4340024B365681F2D24DC5EB96B1C0235DAF871
:10B444000000636044F82570FFF7E2FF0020BDE8C8
:10B45400F08704EB85010123C1F88890D4F8882192
:10B46400AB401A43022EC4F88821C1F80881E4D104
:10B47400D4F88C211A43C4F88C21DEE7054C1C60F7
:10B48400D7E7DAF80000FFF7C3FF4FF0FF30DEE73D
:10B49400841F0020881F0020680E0020F8B5244F68
:10B4A4000C460646FFF712FFBB685D68C4F57E6173
:10B4B4000F3125F003054B1923F47F6323F00F03A9
:10B4C400A3F58054B4F5805F07DB00213046FFF715
:10B4D40061FFBB682B44984204D03046FFF7FCFE62
:10B4E4000020F8BD61423046FFF754FF01300DD013
:10B4F400104ABB682D1B45F001055D60136830469A
:10B504001B1B1360FFF7E8FE0120F8BD0021304645
:10B51400FFF740FFBA68831A0F2BDEDD43F0010307
:10B524005360054B03491B68C01A0860D5E700BF88
:10B53400740E0020202100207C120020002961D0FC
:10B54400F8B50C460646FFF7C1FE54F8042C7B4FB1
:10B55400A4F1080522F0010105EB010CB868DCF840
:10B564000430604523F0030300F08B80D207CCF84D
:10B57400043032D454F8082CAD1A1144AA6807F1E7
:10B58400080082426AD00CEB0304D4F804E0EC68AF
:10B59400D4601EF0010FA26000F0978041F0010317
:10B5A4006B60CCF80010B1F5007F35D27868CB0819
:10B5B4000122490901338A40024357F833107A6063
:10B5C40007EBC302083AC5E9021247F83350CD60CD
:10B5D4003046BDE8F840FFF77FBE0CEB030252682B
:10B5E400D00710D4194407F10800DCF8083083426E
:10B5F40073D0DCF80C20DA60936041F001036B60D7
:10B604006950D0E7704741F00103B1F5007F44F879
:10B61400043CCCF80010C9D3B1F5206F4FEA512394
:10B6240048D28B0903F1390003F13802C300F8183A
:10B63400FB580838984259D05A6822F003028A42CB
:10B6440002D99B689842F7D1D868C5E90230856071
:10B65400DD603046BDE8F840FFF73EBE0CEB030268
:10B664005268D20763D40B44DCE90212CA609160C9
:10B6740043F001026A603046EB50BDE8F840FFF742
:10B684002BBE0B44D10707D454F8082CAD1A13442D
:10B69400D5E90212CA60916043F001026A60284A47
:10B6A400BD6012689A4293D8264B30461968FFF75A
:10B6B400F5FE8DE7142B0AD9542B1FD80B0B03F17D
:10B6C4006F0003F16E02C300B1E719448DE703F183
:10B6D4005C0003F15B02C300A9E741F00103C7E981
:10B6E4000455C5E902006B60695071E779689210EE
:10B6F400012404FA02F20A437A60A6E7B3F5AA7FAA
:10B7040006D8CB0B03F1780003F17702C3008EE770
:10B7140040F25452934206D88B0C03F17D0003F19E
:10B724007C02C30083E74FF47E737E227FE741F0FF
:10B7340001036B60CCF800104AE700BF740E0020D0
:10B7440080120020502100205FF800F0A11B00604F
:10B754005FF800F0691600605FF800F015160060ED
:10B764005FF800F04D1B00600000000000000000C6
:04B77400F8B500BF65
:08B77800C4E8FF7F010000009E
:10B7800000000000000000000000000000000000B9
:10B7900000000000000000000000000000000000A9
:10B7A0000000000000000000000000000000000099
:10B7B0000000000000000000000000000000000089
:10B7C0000000000000000000000000000000000079
:10B7D0000000000000000000000000000000000069
:10B7E0000000000000000000000000000000000059
:10B7F0000000000000000000000000000000000049
:10B800000000000000000000000000000000000038
:10B810000000000000000000000000000000000028
:10B820000000000000000000000000000000000018
:10B830000000000000000000000000000000000008
:10B8400000000000000000000000000000000000F8
:10B8500000000000000000000000000000000000E8
:10B8600000000000000000000000000000000000D8
:10B8700000000000000000000000000000000000C8
:10B8800000000000000000000000000000000000B8
:10B8900000000000000000000000000000000000A8
:10B8A0000000000000000000000000000000000098
:10B8B0000000000000000000000000000000000088
:10B8C0000000000000000000000000000000000078
:10B8D0000000000000000000000000000000000068
:10B8E0000000000000000000000000000000000058
:10B8F0000000000000000000000000000000000048
:10B900000000000000000000000000000000000037
:10B910000000000000000000000000000000000027
:10B920000000000000000000000000000000000017
:10B930000000000000000000000000000000000007
:10B9400000000000000000000000000000000000F7
:10B9500000000000000000000000000000000000E7
:10B9600000000000000000000000000000000000D7
:10B9700000000000000000000000000000000000C7
:10B9800000000000000000000000000000000000B7
:10B9900000000000000000000000000000000000A7
:10B9A0000000000000000000000000000000000097
:10B9B0000000000000000000000000000000000087
:10B9C0000000000000000000000000000000000077
:10B9D0000000000000000000000000000000000067
:10B9E0000000000000000000000000000000000057
:10B9F0000000000000000000000000000000000047
:10BA0000000000000000F03F748515D3B0D9EF3F6F
:10BA10000F89F96C58B5EF3F515B12D00193EF3F9E
:10BA20007B517D3CB872EF3FAAB968318754EF3F34
:10BA30003862756E7A38EF3FE1DE1FF59D1EEF3FED
:10BA400015B7310AFE06EF3FCBA93A37A7F1EE3F13
:10BA50002234124CA6DEEE3F2D89616008CEEE3F07
:10BA6000272A36D5DABFEE3F824F9D562BB4EE3FE4
:10BA7000295448DD07ABEE3F85553AB07EA4EE3F32
:10BA8000CD3B7F669EA0EE3F745FECE8759FEE3F76
:10BA90008701EB7314A1EE3F13CE4C9989A5EE3FBD
:10BAA000DBA02A42E5ACEE3FE5C5CDB037B7EE3FAF
:10BAB00090F0A38291C4EE3F5D253EB203D5EE3FE8
:10BAC000ADD35A999FE8EE3F475EFBF276FFEE3F1B
:10BAD0009C5285DD9B19EF3F6990EFDC2037EF3FEB
:10BAE00087A4FBDC1858EF3F5F9B7B33977CEF3FCD
:10BAF000DA90A4A2AFA4EF3F40456E5B76D0EF3F53
:10BB0000000000000000E8429423914BF86AAC3F2B
:10BB1000F3C4FA50CEBFCE3FD6520CFF422EE63FC2
:10BB20000000000000003843FE822B6547154740A7
:10BB30009423914BF86ABC3EF3C4FA50CEBF2E3F1B
:10BB4000D6520CFF422E963FBEF3F879EC61F63FD9
:10BB50001930965BC6FEDEBF3D88AF4AED71F53FFA
:10BB6000A4FCD432680BDBBFB010F0F03995F43F81
:10BB70007BB71F0A8B41D7BF8503B8B095C9F33F88
:10BB80007BCF6D1AE99DD3BFA564880C190DF33FD7
:10BB900031B6F2F39B1DD0BFA08E0B7B225EF23F2D
:10BBA000F07A3B1B1D7CC9BF3F341A4A4ABBF13FA8
:10BBB0009F3CAF93E3F9C2BFBAE58AF05823F13F47
:10BBC0005C8D78BFCB60B9BFA70099413F95F03F2E
:10BBD000CE5F47B69D6FAABF000000000000F03F97
:10BBE0000000000000000000AC479AFD8C60EE3FB2
:10BBF0003DF5249FCA38B33FA06A021FB3A4EC3FAF
:10BC0000BA913854A976C43FE6FC6A573620EB3F18
:10BC1000D2E4C44A0B84CE3F2DAAA163D1C2E93F2E
:10BC20001C65C6F04506D43FED417803E686E83F43
:10BC3000F89F1B2C9C8ED83F624853F5DC67E73F8A
:10BC4000CC7BB14EA4E0DC3F4D7E0AF7B612D7BFE5
:10BC5000E0326849BFCADE3FDEE3FA9F4715E7BF1F
:10BC6000B8C8355F4715F73FBEF3F879EC61F63F8A
:10BC70001930965BC6FEDEBF3D88AF4AED71F53FD9
:10BC8000A4FCD432680BDBBFB010F0F03995F43F60
:10BC90007BB71F0A8B41D7BF8503B8B095C9F33F67
:10BCA0007BCF6D1AE99DD3BFA564880C190DF33FB6
:10BCB00031B6F2F39B1DD0BFA08E0B7B225EF23F0C
:10BCC000F07A3B1B1D7CC9BF3F341A4A4ABBF13F87
:10BCD0009F3CAF93E3F9C2BFBAE58AF05823F13F26
:10BCE0005C8D78BFCB60B9BFA70099413F95F03F0D
:10BCF000CE5F47B69D6FAABF000000000000F03F76
:10BD00000000000000000000AC479AFD8C60EE3F90
:10BD10003DF5249FCA38B33FA06A021FB3A4EC3F8D
:10BD2000BA913854A976C43FE6FC6A573620EB3FF7
:10BD3000D2E4C44A0B84CE3F2DAAA163D1C2E93F0D
:10BD40001C65C6F04506D43FED417803E686E83F22
:10BD5000F89F1B2C9C8ED83F624853F5DC67E73F69
:10BD6000CC7BB14EA4E0DC3F0B6E49C91676D23FC6
:10BD70007AC675A06919D7BFDDBAA76C0AC7DE3FBE
:10BD8000C8F6BE484715E7BF2BB82A654715F73FE9
:10BD9000000000000000F03F000000000000F0BFC5
:10BDA000000000000000F0BF000000000000F03FB5
:10BDB00083C8C96D305F6441182D4454FB21F93F9D
:10BDC000000000000000F03F1C620CFDFFFFDFBF21
:10BDD000198F06E15355A53F9D359AE887C056BF98
:10BDE000C3F87B024393F93E03A695595455C5BF4A
:10BDF000C40B23057610813F24CF7437EB9429BF01
:10BE0000000000000000F03F000000000000F0BF54
:10BE1000000000000000F0BF000000000000F03F44
:10BE200083C8C96D305F6441182D4454FB21F93F2C
:10BE3000000000000000F0BF1C620CFDFFFFDF3FB0
:10BE4000198F06E15355A5BF9D359AE887C0563F27
:10BE5000C3F87B024393F9BE03A695595455C5BF59
:10BE6000C40B23057610813F24CF7437EB9429BF90
:10BE700000005C430000DC430000004000000000C4
:10BE80000000003F0000803F0000C03F0000003F76
:10BE90000000000000000000000000000000003F63
:10BEA0009A99193E08000000000000000000000000
:10BEB0000000000000005C430000A5430000DC43DC
:10BEC0003BDF7F3F3BDF7F3F3BDF7F3F0000803F2B
:10BED0000000803F0000803F0000004000000000A4
:10BEE0000000000000000000000000000000000052
:10BEF0000000000000000000000000000000803F83
:10BF00000000803F0000803F00005C430000A5432C
:10BF10000000DC433BDF7F3F3BDF7F3F3BDF7F3F7A
:10BF2000000000000100000003000000020000000B
:10BF30000000000000000000000000000000000001
:10BF40000000000000000000CDCC0C3F000000000D
:10BF500000000000000000000000000000000000E1
:10BF600033333340000000000000000000000000F8
:10BF7000AE47613E3333B33F3333B33E000000007E
:10BF800000000000000000006666663F0000000040
:10BF90006666663F000000006666E63E0000000040
:10BFA000EC51383E000000006666E63E0AD7A33E2C
:10BFB000CDCC0C400000000000000000000000009C
:10BFC00000000000CDCCCC3F0000000000000000CD
:10BFD0001F856B3F0E0F1011121300001157000048
:10BFE00015570000195700001D5700000000000001
:10BFF00000000000ED6700000000000000000000ED
:10C0000081090000000000000000000065590000E8
:10C01000BD710000B9710000B5710000B171000080
:10C02000AD710000A9710000A571000000000000C2
:10C0300000000000B14F00008FC2F53DAE47613EE9
:10C04000CDCCCC3D6666E63E0000803F6666A63FEE
:10C05000CDCC0C3F6666863F0000803F0000803FED
:10C06000666606403333933F0000803FD7A34040CD
:10C070000000803F0000C03F290100002D010000AA
:10C08000350100003D010000A2000000F9A20000FF
:10C0900083F9A2006E83F9A24E6E83F9444E6E833B
:10C0A00015444E6E2915444EFC29154427FC2915CC
:10C0B0005727FC29D15727FCF5D1572734F5D157FD
:10C0C000DD34F5D1C0DD34F5DBC0DD3462DBC0DD4D
:10C0D0009562DBC0999562DB3C999562433C9995EA
:10C0E00090433C994190433C00000042C8801F406F
:10C0F000B8821F400800000000000042C4801F40BA
:10C10000B4821F400400000000C0004224801F4091
:10C1100014821F401000000000C0004228801F4011
:10C1200018821F402000000000C000422C801F40E9
:10C130001C821F404000000000C0004234801F40AD
:10C1400024821F40000100000040004264811F4023
:10C1500054831F40000400000040004280811F40C3
:10C1600070831F4000000200004000427C811F409D
:10C170006C831F40000001000040004268811F40A6
:10C1800058831F4000080000004000423C811F40CF
:10C190002C831F40010000000040004244811F40EA
:10C1A00034831F40040000000040004240811F40D3
:10C1B00030831F40020000000040004248811F40C1
:10C1C00038831F40080000000000004204811F4027
:10C1D000F4821F40000004000000004208811F405C
:10C1E000F8821F40000008000000004218811F4034
:10C1F00008831F40000080000000004214811F409F
:10C2000004831F40000040000000004200811F40E6
:10C21000F0821F400000020000000042FC801F402E
:10C22000EC821F40000001000000004224811F40FA
:10C2300014831F40000000040000004228811F40BA
:10C2400018831F4000000008000000421C811F40AE
:10C250000C831F40000000010000004220811F40AD
:10C2600010831F400000000200000042EC801F40CD
:10C27000DC821F400010000000000042F0801F40E0
:10C28000E0821F40002000000000004234811F4077
:10C2900024831F40000000400000004238811F40FE
:10C2A00028831F40000000800080004294801F40CF
:10C2B00084821F400000040000C0004290801F40A4
:10C2C00080821F400000008000800042A8801F4044
:10C2D00098821F400000800000800042A4801F4020
:10C2E00094821F4000004000004000426C811F40CB
:10C2F0005C831F400010000000C0004230801F40DF
:10C3000020821F408000000000800042C8811F4042
:10C31000B8831F400080000000800042C4811F409D
:10C32000B4831F400040000000800042C0811F40D5
:10C33000B0831F400020000000800042BC811F40ED
:10C34000AC831F400010000000800042D0811F40DD
:10C35000C0831F400000020000800042CC811F40CB
:10C36000BC831F400000010007080C0B06050F00EE
:10C370000D0E0102838407080C0B06050F000D0E3D
:10C380000102838401010004010000040132010163
:10C39000013202010110010101110101011201022A
:10C3A000010302060103010601120202020000015C
:10C3B000020200010201000102100001022200013C
:10C3C0000223000100000000000000000221000123
:10C3D0000220000100000000000000000130010107
:10C3E000013101010102000401030004000000000A
:10C3F00000000000012102010121010100000000F4
:10C400000000000000000000011002010101020113
:10C41000010101010100020101000101010202010B
:10C42000010201014B6163634F535F34305F42414E
:10C4300053535F4C20726561647900000001000075
:10C44000881200201200000000060000881D006015
:10C450000A00000000020000F01C006095000000CF
:10C4600000070000581C0060950000000003000059
:10C47000541C00600000000001030904301C00602F
:10C480000000000002030904101C0060000000000E
:10C49000030309044C150020000000000000000008
:10C4A00000000000000000000000000054210020F7
:10C4B000BC21002024220020000000000000000019
:10C4C000000000000000000000000000000000006C
:10C4D000000000000000000000000000000000005C
:10C4E000000000000000000000000000000000004C
:10C4F000000000000000000000000000000000003C
:10C50000000000000000000000000000000000002B
:10C51000000000000000000000000000000000001B
:10C52000000000000000000000000000000000000B
:10C5300000000000000000000000000000000000FB
:10C5400001000000000000000E33CDAB34126DE698
:10C55000ECDE05000B000000000000000000000001
:10C5600000000000000000000000000000000000CB
:10C5700000000000000000000000000000000000BB
:10C5800000000000000000000000000000000000AB
:10C59000000000000000000000000000000000009B
:10C5A000000000000000000000000000000000008B
:10C5B000000000000000000000000000000000007B
:10C5C00000000000000000000029DE07007B9A1731
:10C5D0008C08002000000000E803000000000000BC
:10C5E000FFFFFFFF3C4043001821002020EF2020E8
:10C5F000000000000000000000000000740E002099
:10C60000740E00207C0E00207C0E0020840E002082
:10C61000840E00208C0E00208C0E0020940E002032
:10C62000940E00209C0E00209C0E0020A40E0020E2
:10C63000A40E0020AC0E0020AC0E0020B40E002092
:10C64000B40E0020BC0E0020BC0E0020C40E002042
:10C65000C40E0020CC0E0020CC0E0020D40E0020F2
:10C66000D40E0020DC0E0020DC0E0020E40E0020A2
:10C67000E40E0020EC0E0020EC0E0020F40E002052
:10C68000F40E0020FC0E0020FC0E0020040F002001
:10C69000040F00200C0F00200C0F0020140F0020AE
:10C6A000140F00201C0F00201C0F0020240F00205E
:10C6B000240F00202C0F00202C0F0020340F00200E
:10C6C000340F00203C0F00203C0F0020440F0020BE
:10C6D000440F00204C0F00204C0F0020540F00206E
:10C6E000540F00205C0F00205C0F0020640F00201E
:10C6F000640F00206C0F00206C0F0020740F0020CE
:10C70000740F00207C0F00207C0F0020840F00207D
:10C71000840F00208C0F00208C0F0020940F00202D
:10C72000940F00209C0F00209C0F0020A40F0020DD
:10C73000A40F0020AC0F0020AC0F0020B40F00208D
:10C74000B40F0020BC0F0020BC0F0020C40F00203D
:10C75000C40F0020CC0F0020CC0F0020D40F0020ED
:10C76000D40F0020DC0F0020DC0F0020E40F00209D
:10C77000E40F0020EC0F0020EC0F0020F40F00204D
:10C78000F40F0020FC0F0020FC0F002004100020FC
:10C79000041000200C1000200C10002014100020A9
:10C7A000141000201C1000201C1000202410002059
:10C7B000241000202C1000202C1000203410002009
:10C7C000341000203C1000203C10002044100020B9
:10C7D000441000204C1000204C1000205410002069
:10C7E000541000205C1000205C1000206410002019
:10C7F000641000206C1000206C10002074100020C9
:10C80000741000207C1000207C1000208410002078
:10C81000841000208C1000208C1000209410002028
:10C82000941000209C1000209C100020A4100020D8
:10C83000A4100020AC100020AC100020B410002088
:10C84000B4100020BC100020BC100020C410002038
:10C85000C4100020CC100020CC100020D4100020E8
:10C86000D4100020DC100020DC100020E410002098
:10C87000E4100020EC100020EC100020F410002048
:10C88000F4100020FC100020FC10002004110020F7
:10C89000041100200C1100200C11002014110020A4
:10C8A000141100201C1100201C1100202411002054
:10C8B000241100202C1100202C1100203411002004
:10C8C000341100203C1100203C11002044110020B4
:10C8D000441100204C1100204C1100205411002064
:10C8E000541100205C1100205C1100206411002014
:10C8F000641100206C1100206C11002074110020C4
:10C90000741100207C1100207C1100208411002073
:10C91000841100208C1100208C1100209411002023
:10C92000941100209C1100209C110020A4110020D3
:10C93000A4110020AC110020AC110020B411002083
:10C94000B4110020BC110020BC110020C411002033
:10C95000C4110020CC110020CC110020D4110020E3
:10C96000D4110020DC110020DC110020E411002093
:10C97000E4110020EC110020EC110020F411002043
:10C98000F4110020FC110020FC11002004120020F2
:10C99000041200200C1200200C120020141200209F
:10C9A000141200201C1200201C120020241200204F
:10C9B000241200202C1200202C12002034120020FF
:10C9C000341200203C1200203C12002044120020AF
:10C9D000441200204C1200204C120020541200205F
:10C9E000541200205C1200205C120020641200200F
:10C9F000641200206C1200206C120020FFFFFFFF69
:10CA000000000200280D002012010002EF02014088
:10CA1000C0168B0401030102030100000000003F67
:10CA20000000003F6D6000006D6000006D60000060
:10CA30006D6000006D6000006D6000006D600000C2
:10CA40006D6000006D6000006D6000006D600000B2
:10CA50006D6000006D6000006D6000006D600000A2
:10CA60006D6000006D6000006D6000006D60000092
:10CA70006D6000006D6000006D6000006D60000082
:10CA80006D6000006D6000006D6000006D60000072
:10CA90006D6000006D6000006D6000006D60000062
:10CAA0006D6000006D6000006D6000006D60000052
:10CAB0006D6000006D6000006D6000006D60000042
:10CAC0006D6000006D6000006D6000006D60000032
:10CAD0006D6000006D6000006D6000006D60000022
:10CAE0006D6000006D6000006D6000006D60000012
:10CAF0006D6000006D6000006D6000006D60000002
:10CB00006D6000006D6000006D6000006D600000F1
:10CB10006D6000006D6000006D6000006D600000E1
:10CB20006D6000006D6000006D6000006D600000D1
:10CB30006D6000006D6000006D6000006D600000C1
:10CB40006D6000006D6000006D6000006D600000B1
:10CB50006D6000006D6000006D6000006D600000A1
:10CB60006D6000006D6000006D6000006D60000091
:10CB70006D6000006D6000006D6000006D60000081
:10CB80006D6000006D6000006D6000006D60000071
:10CB90006D6000006D6000006D6000006D60000061
:10CBA0006D6000006D6000006D6000006D60000051
:10CBB0006D6000006D6000006D6000006D60000041
:10CBC0006D6000006D6000006D6000006D60000031
:10CBD0006D6000006D6000006D6000006D60000021
:10CBE0006D6000006D6000006D6000006D60000011
:10CBF0006D6000006D6000006D6000006D60000001
:10CC00006D6000006D6000006D6000006D600000F0
:10CC10006D6000006D6000006D6000006D600000E0
:10CC20006D600000FFFFFFFFFFFFFFFFFFFFFFFF43
:10CC3000CDCCCC3D00000000800000000000003F93
:10CC40000000003F0000003F0000003F0000003FE8
:10CC50000000003FFFFFFFFFFFFFFF000000003F5D
:10CC60000000003F0000003F0000003F0000003FC8
:10CC70000000003F0000003F0000003F0000003FB8
:10CC80000000003F0000003F0000003F0000003FA8
:10CC90000000003F000000000000803E9A99993E8D
:10CCA000CDCCCC3E8C220020000000000000000013
:10CCB000B82200200000000000000000E422002054
:10CCC0000000000000000000FFFFFF000C03000058
:10CCD0000000000000000000000000000000000054
:10CCE00000006B01FFFF083CFF0000000000000097
:10CCF0000000000000000000000000000000000034
:10CD00000000000000000000000000000000000023
:10CD10000000000000000000000000000000000013
:10CD20000000000000000000000000000000000003
:10CD300000000000000000000000000000000000F3
:10CD400000000000000000000000000000000000E3
:10CD500000000000000000000000000000000000D3
:10CD600000000000000000000000000000000000C3
:10CD700000000000000000000000000000000000B3
:10CD800000000000000000000000000000000000A3
:10CD90000000000000000000000000000000000093
:10CDA0000000000000000000000000000000000083
:10CDB0000000000000000000000000000000000073
:10CDC0000000000000000000000000000000000063
:10CDD0000000000000000000000000000000000053
:10CDE0000000000000000000000000000000000043
:10CDF0000000000000000000000000000000000033
:10CE00000000000000000000000000000000000022
:10CE10000000000000000000000000000000000012
:10CE20000000000000000000000000000000000002
:10CE300000000000000000000000000000000000F2
:10CE400000000000000000000000000000000000E2
:10CE500000000000000000000000000000000000D2
:10CE600000000000000000000000000000000000C2
:10CE700000000000000000000000000000000000B2
:10CE800000000000000000000000000000000000A2
:10CE90000000000000000000000000000000000092
:10CEA0000000000000000000000000000000000082
:10CEB0000000000000000000000000000000000072
:10CEC0000000000000000000000000000000000062
:10CED0000000000000000000000000000000000052
:10CEE0000000000000000000000000000000000042
:10CEF0000000000000000000000000000000000032
:10CF00000000000000000000000000000000000021
:10CF10000000000000000000000000000000000011
:10CF20000000000000000000000000000000000001
:10CF300000000000000000000000000000000000F1
:10CF400000000000000000000000000000000000E1
:10CF500000000000000000000000000000000000D1
:10CF600000000000000000000000000000000000C1
:10CF700000000000000000000000000000000000B1
:10CF800000000000000000000000000000000000A1
:10CF90000000000000000000000000000000000091
:10CFA0000000000000000000000000000000000081
:10CFB0000000000000000000000000000000000071
:10CFC0000000000000000000000000000000000061
:10CFD0000000000000000000000000000000000051
:10CFE0000000000000000000000000000000000041
:10CFF0000000000000000000000000000000000031
:10D000000000000000000000000000000000000020
:10D010000000000000000000000000000000000010
:10D020000000000000000000000000000000000000
:10D0300000000000000000000000000000000000F0
:10D0400000000000000000000000000000000000E0
:10D0500000000000000000000000000000000000D0
:10D0600000000000000000000000000000000000C0
:10D0700000000000000000000000000000000000B0
:10D0800000000000000000000000000000000000A0
:10D090000000000000000000000000000000000090
:10D0A0000000000000000000000000000000000080
:10D0B0000000000000000000000000000000000070
:10D0C0000000000000000000000000000000000060
:10D0D0000000000000000000000000000000000050
:10D0E0000000000000000000000000000000000040
:10D0F0000000000000000000000000000000000030
:10D10000000000000000000000000000000000001F
:10D11000000000000000000000000000000000000F
:10D1200000000000000000000000000000000000FF
:10D1300000000000000000000000000000000000EF
:10D1400000000000000000000000000000000000DF
:10D1500000000000000000000000000000000000CF
:10D1600000000000000000000000000000000000BF
:10D1700000000000000000000000000000000000AF
:10D18000000000000000000000000000000000009F
:10D19000000000000000000000000000000000008F
:10D1A000000000000000000000000000000000007F
:10D1B000000000000000000000000000000000006F
:10D1C000000000000000000000000000000000005F
:10D1D000000000000000000000000000000000004F
:10D1E000000000000000000000000000000000003F
:10D1F000000000000000000000000000000000002F
:10D20000000000000000000000000000000000001E
:10D21000000000000000000000000000000000000E
:10D2200000000000000000000000000000000000FE
:10D2300000000000000000000000000000000000EE
:10D24000FFFFFFFFFFFFFFFFFFFFFFFFFFFFFFFFEE
:10D25000FFFFFFFFFFFFFFFFFFFFFFFFFFFFFFFFDE
:10D26000FFFFFFFFFFFFFFFFFFFFFFFFFFFFFFFFCE
:10D27000FFFFFFFFFFFFFFFFFFFFFFFFFFFFFFFFBE
:10D28000FFFFFFFFFFFFFFFFFFFFFFFFFFFFFFFFAE
:10D29000FFFFFFFFFFFFFFFFFFFFFFFFFFFFFFFF9E
:10D2A000FFFFFFFFFFFFFFFFFFFFFFFFFFFFFFFF8E
:10D2B000FFFFFFFFFFFFFFFFFFFFFFFFFFFFFFFF7E
:10D2C000FFFFFFFFFFFFFFFFFFFFFFFFFFFFFFFF6E
:10D2D000FFFFFFFFFFFFFFFFFFFFFFFFFFFFFFFF5E
:10D2E000FFFFFFFFFFFFFFFFFFFFFFFFFFFFFFFF4E
:10D2F000FFFFFFFFFFFFFFFFFFFFFFFFFFFFFFFF3E
:10D30000FFFFFFFFFFFFFFFFFFFFFFFFFFFFFFFF2D
:10D31000FFFFFFFFFFFFFFFFFFFFFFFFFFFFFFFF1D
:10D32000FFFFFFFFFFFFFFFFFFFFFFFFFFFFFFFF0D
:10D33000FFFFFFFFFFFFFFFFFFFFFFFFFFFFFFFFFD
:10D34000FFFFFFFFFFFFFFFFFFFFFFFFFFFFFFFFED
:10D35000FFFFFFFFFFFFFFFFFFFFFFFFFFFFFFFFDD
:10D36000FFFFFFFFFFFFFFFFFFFFFFFFFFFFFFFFCD
:10D37000FFFFFFFFFFFFFFFFFFFFFFFFFFFFFFFFBD
:10D38000FFFFFFFFFFFFFFFFFFFFFFFFFFFFFFFFAD
:10D39000FFFFFFFFFFFFFFFFFFFFFFFFFFFFFFFF9D
:10D3A000FFFFFFFFFFFFFFFFFFFFFFFFFFFFFFFF8D
:10D3B000FFFFFFFFFFFFFFFFFFFFFFFFFFFFFFFF7D
:10D3C000FFFFFFFFFFFFFFFFFFFFFFFFFFFFFFFF6D
:10D3D000FFFFFFFFFFFFFFFFFFFFFFFFFFFFFFFF5D
:10D3E000FFFFFFFFFFFFFFFFFFFFFFFFFFFFFFFF4D
:10D3F000FFFFFFFFFFFFFFFFFFFFFFFFFFFFFFFF3D
:10D40000000000000000000000000000000000001C
:10D41000000000000000000000000000000000000C
:10D4200000000000000000000000000000000000FC
:10D4300000000000000000000000000000000000EC
:10D4400000000000000000000000000000000000DC
:10D4500000000000000000000000000000000000CC
:10D4600000000000000000000000000000000000BC
:10D4700000000000000000000000000000000000AC
:10D48000000000000000000000000000000000009C
:10D49000000000000000000000000000000000008C
:10D4A000000000000000000000000000000000007C
:10D4B000000000000000000000000000000000006C
:10D4C000000000000000000000000000000000005C
:10D4D000000000000000000000000000000000004C
:10D4E000000000000000000000000000000000003C
:10D4F000000000000000000000000000000000002C
:10D50000000000000000000000000000000000001B
:10D51000000000000000000000000000000000000B
:10D5200000000000000000000000000000000000FB
:10D5300000000000000000000000000000000000EB
:10D5400000000000000000000000000000000000DB
:10D5500000000000000000000000000000000000CB
:10D5600000000000000000000000000000000000BB
:10D5700000000000000000000000000000000000AB
:10D58000000000000000000000000000000000009B
:10D59000000000000000000000000000000000008B
:10D5A000000000000000000000000000000000007B
:10D5B000000000000000000000000000000000006B
:10D5C000000000000000000000000000000000005B
:10D5D000000000000000000000000000000000004B
:10D5E000000000000000000000000000000000003B
:10D5F000000000000000000000000000000000002B
:10D60000000000000000000000000000000000001A
:10D61000000000000000000000000000000000000A
:10D6200000000000000000000000000000000000FA
:10D6300000000000000000000000000000000000EA
:10D6400000000000000000000000000000000000DA
:10D6500000000000000000000000000000000000CA
:10D6600000000000000000000000000000000000BA
:10D6700000000000000000000000000000000000AA
:10D68000000000000000000000000000000000009A
:10D69000000000000000000000000000000000008A
:10D6A000000000000000000000000000000000007A
:10D6B000000000000000000000000000000000006A
:10D6C000000000000000000000000000000000005A
:10D6D000000000000000000000000000000000004A
:10D6E000000000000000000000000000000000003A
:10D6F000000000000000000000000000000000002A
:10D700000000000000000000000000000000000019
:10D710000000000000000000000000000000000009
:10D7200000000000000000000000000000000000F9
:10D7300000000000000000000000000000000000E9
:10D7400000000000000000000000000000000000D9
:10D7500000000000000000000000000000000000C9
:10D7600000000000000000000000000000000000B9
:10D7700000000000000000000000000000000000A9
:10D780000000000000000000000000000000000099
:10D790000000000000000000000000000000000089
:10D7A0000000000000000000000000000000000079
:10D7B0000000000000000000000000000000000069
:10D7C0000000000000000000000000000000000059
:10D7D0000000000000000000000000000000000049
:10D7E0000000000000000000000000000000000039
:10D7F0000000000000000000000000000000000029
:10D800000000000000000000000000000000000018
:10D810000000000000000000000000000000000008
:10D8200000000000000000000000000000000000F8
:10D8300000000000000000000000000000000000E8
:10D8400000000000000000000000000000000000D8
:10D8500000000000000000000000000000000000C8
:10D8600000000000000000000000000000000000B8
:10D8700000000000000000000000000000000000A8
:10D880000000000000000000000000000000000098
:10D890000000000000000000000000000000000088
:10D8A0000000000000000000000000000000000078
:10D8B0000000000000000000000000000000000068
:10D8C0000000000000000000000000000000000058
:10D8D0000000000000000000000000000000000048
:10D8E0000000000000000000000000000000000038
:10D8F0000000000000000000000000000000000028
:10D900000000000000000000000000000000000017
:10D910000000000000000000000000000000000007
:10D9200000000000000000000000000000000000F7
:10D9300000000000000000000000000000000000E7
:10D9400000000000000000000000000000000000D7
:10D9500000000000000000000000000000000000C7
:10D9600000000000000000000000000000000000B7
:10D9700000000000000000000000000000000000A7
:10D980000000000000000000000000000000000097
:10D990000000000000000000000000000000000087
:10D9A0000000000000000000000000000000000077
:10D9B0000000000000000000000000000000000067
:10D9C0000000000000000000000000000000000057
:10D9D0000000000000000000000000000000000047
:10D9E0000000000000000000000000000000000037
:10D9F0000000000000000000000000000000000027
:10DA00000000000000000000000000000000000016
:10DA10000000000000000000000000000000000006
:10DA200000000000000000000000000000000000F6
:10DA300000000000000000000000000000000000E6
:10DA400000000000000000000000000000000000D6
:10DA500000000000000000000000000000000000C6
:10DA600000000000000000000000000000000000B6
:10DA700000000000000000000000000000000000A6
:10DA80000000000000000000000000000000000096
:10DA90000000000000000000000000000000000086
:10DAA0000000000000000000000000000000000076
:10DAB0000000000000000000000000000000000066
:10DAC0000000000000000000000000000000000056
:10DAD0000000000000000000000000000000000046
:10DAE0000000000000000000000000000000000036
:10DAF0000000000000000000000000000000000026
:10DB00000000000000000000000000000000000015
:10DB10000000000000000000000000000000000005
:10DB200000000000000000000000000000000000F5
:10DB300000000000000000000000000000000000E5
:10DB400000000000000000000000000000000000D5
:10DB500000000000000000000000000000000000C5
:10DB600000000000000000000000000000000000B5
:10DB700000000000000000000000000000000000A5
:10DB80000000000000000000000000000000000095
:10DB90000000000000000000000000000000000085
:10DBA0000000000000000000000000000000000075
:10DBB0000000000000000000000000000000000065
:10DBC0000000000000000000000000000000000055
:10DBD0000000000000000000000000000000000045
:10DBE0000000000000000000000000000000000035
:10DBF0000000000000000000000000000000000025
:10DC00000000000000000000000000000000000014
:10DC10000000000000000000000000000000000004
:10DC200000000000000000000000000000000000F4
:10DC300000000000000000000000000000000000E4
:10DC400000000000000000000000000000000000D4
:10DC500000000000000000000000000000000000C4
:10DC600000000000000000000000000000000000B4
:10DC700000000000000000000000000000000000A4
:10DC80000000000000000000000000000000000094
:10DC90000000000000000000000000000000000084
:10DCA0000000000000000000000000000000000074
:10DCB0000000000000000000000000000000000064
:10DCC0000000000000000000000000000000000054
:10DCD0000000000000000000000000000000000044
:10DCE0000000000000000000000000000000000034
:10DCF0000000000000000000000000000000000024
:10DD00000000000000000000000000000000000013
:10DD10000000000000000000000000000000000003
:10DD200000000000000000000000000000000000F3
:10DD300000000000000000000000000000000000E3
:10DD400000000000000000000000000000000000D3
:10DD500000000000000000000000000000000000C3
:10DD600000000000000000000000000000000000B3
:10DD700000000000000000000000000000000000A3
:10DD80000000000000000000000000000000000093
:10DD90000000000000000000000000000000000083
:10DDA0000000000000000000000000000000000073
:10DDB0000000000000000000000000000000000063
:10DDC0000000000000000000000000000000000053
:10DDD0000000000000000000000000000000000043
:10DDE0000000000000000000000000000000000033
:10DDF0000000000000000000000000000000000023
:10DE00000000000000000000000000000000000012
:10DE10000000000000000000000000000000000002
:10DE200000000000000000000000000000000000F2
:10DE300000000000000000000000000000000000E2
:10DE400000000000000000000000000000000000D2
:10DE500000000000000000000000000000000000C2
:10DE600000000000000000000000000000000000B2
:10DE700000000000000000000000000000000000A2
:10DE80000000000000000000000000000000000092
:10DE90000000000000000000000000000000000082
:10DEA0000000000000000000000000000000000072
:10DEB0000000000000000000000000000000000062
:10DEC0000000000000000000000000000000000052
:10DED0000000000000000000000000000000000042
:10DEE0000000000000000000000000000000000032
:10DEF0000000000000000000000000000000000022
:10DF00000000000000000000000000000000000011
:10DF10000000000000000000000000000000000001
:10DF200000000000000000000000000000000000F1
:10DF300000000000000000000000000000000000E1
:10DF400000000000000000000000000000000000D1
:10DF500000000000000000000000000000000000C1
:10DF600000000000000000000000000000000000B1
:10DF700000000000000000000000000000000000A1
:10DF80000000000000000000000000000000000091
:10DF90000000000000000000000000000000000081
:10DFA0000000000000000000000000000000000071
:10DFB0000000000000000000000000000000000061
:10DFC0000000000000000000000000000000000051
:10DFD0000000000000000000000000000000000041
:10DFE0000000000000000000000000000000000031
:10DFF0000000000000000000000000000000000021
:040000056000100087
:00000001FF
