:0200000460009A
:100000004643464200000156000000000103030081
:1000100000000000000000000000000000000000E0
:1000200000000000000000000000000000000000D0
:1000300000000000000000000000000000000000C0
:1000400000000000010408000000000000000000A3
:100050000000200000000000000000000000000080
:100060000000000000000000000000000000000090
:100070000000000000000000000000000000000080
:10008000EB04180A063204260000000000000000FD
:10009000050404240000000000000000000000002F
:1000A0000000000000000000000000000000000050
:1000B0000604000000000000000000000000000036
:1000C0000000000000000000000000000000000030
:1000D00020041808000000000000000000000000DC
:1000E0000000000000000000000000000000000010
:1000F0000000000000000000000000000000000000
:10010000D8041808000000000000000000000000F3
:100110000204180804200000000000000000000095
:1001200000000000000000000000000000000000CF
:10013000600400000000000000000000000000005B
:1001400000000000000000000000000000000000AF
:10015000000000000000000000000000000000009F
:10016000000000000000000000000000000000008F
:10017000000000000000000000000000000000007F
:10018000000000000000000000000000000000006F
:10019000000000000000000000000000000000005F
:1001A000000000000000000000000000000000004F
:1001B000000000000000000000000000000000003F
:1001C000000100000010000001000000000000001D
:1001D000000001000000000000000000000000001E
:1001E000000000000000000000000000000000000F
:1001F00000000000000000000000000000000000FF
:10020000FFFFFFFFFFFFFFFFFFFFFFFFFFFFFFFFFE
:10021000FFFFFFFFFFFFFFFFFFFFFFFFFFFFFFFFEE
:10022000FFFFFFFFFFFFFFFFFFFFFFFFFFFFFFFFDE
:10023000FFFFFFFFFFFFFFFFFFFFFFFFFFFFFFFFCE
:10024000FFFFFFFFFFFFFFFFFFFFFFFFFFFFFFFFBE
:10025000FFFFFFFFFFFFFFFFFFFFFFFFFFFFFFFFAE
:10026000FFFFFFFFFFFFFFFFFFFFFFFFFFFFFFFF9E
:10027000FFFFFFFFFFFFFFFFFFFFFFFFFFFFFFFF8E
:10028000FFFFFFFFFFFFFFFFFFFFFFFFFFFFFFFF7E
:10029000FFFFFFFFFFFFFFFFFFFFFFFFFFFFFFFF6E
:1002A000FFFFFFFFFFFFFFFFFFFFFFFFFFFFFFFF5E
:1002B000FFFFFFFFFFFFFFFFFFFFFFFFFFFFFFFF4E
:1002C000FFFFFFFFFFFFFFFFFFFFFFFFFFFFFFFF3E
:1002D000FFFFFFFFFFFFFFFFFFFFFFFFFFFFFFFF2E
:1002E000FFFFFFFFFFFFFFFFFFFFFFFFFFFFFFFF1E
:1002F000FFFFFFFFFFFFFFFFFFFFFFFFFFFFFFFF0E
:10030000FFFFFFFFFFFFFFFFFFFFFFFFFFFFFFFFFD
:10031000FFFFFFFFFFFFFFFFFFFFFFFFFFFFFFFFED
:10032000FFFFFFFFFFFFFFFFFFFFFFFFFFFFFFFFDD
:10033000FFFFFFFFFFFFFFFFFFFFFFFFFFFFFFFFCD
:10034000FFFFFFFFFFFFFFFFFFFFFFFFFFFFFFFFBD
:10035000FFFFFFFFFFFFFFFFFFFFFFFFFFFFFFFFAD
:10036000FFFFFFFFFFFFFFFFFFFFFFFFFFFFFFFF9D
:10037000FFFFFFFFFFFFFFFFFFFFFFFFFFFFFFFF8D
:10038000FFFFFFFFFFFFFFFFFFFFFFFFFFFFFFFF7D
:10039000FFFFFFFFFFFFFFFFFFFFFFFFFFFFFFFF6D
:1003A000FFFFFFFFFFFFFFFFFFFFFFFFFFFFFFFF5D
:1003B000FFFFFFFFFFFFFFFFFFFFFFFFFFFFFFFF4D
:1003C000FFFFFFFFFFFFFFFFFFFFFFFFFFFFFFFF3D
:1003D000FFFFFFFFFFFFFFFFFFFFFFFFFFFFFFFF2D
:1003E000FFFFFFFFFFFFFFFFFFFFFFFFFFFFFFFF1D
:1003F000FFFFFFFFFFFFFFFFFFFFFFFFFFFFFFFF0D
:10040000FFFFFFFFFFFFFFFFFFFFFFFFFFFFFFFFFC
:10041000FFFFFFFFFFFFFFFFFFFFFFFFFFFFFFFFEC
:10042000FFFFFFFFFFFFFFFFFFFFFFFFFFFFFFFFDC
:10043000FFFFFFFFFFFFFFFFFFFFFFFFFFFFFFFFCC
:10044000FFFFFFFFFFFFFFFFFFFFFFFFFFFFFFFFBC
:10045000FFFFFFFFFFFFFFFFFFFFFFFFFFFFFFFFAC
:10046000FFFFFFFFFFFFFFFFFFFFFFFFFFFFFFFF9C
:10047000FFFFFFFFFFFFFFFFFFFFFFFFFFFFFFFF8C
:10048000FFFFFFFFFFFFFFFFFFFFFFFFFFFFFFFF7C
:10049000FFFFFFFFFFFFFFFFFFFFFFFFFFFFFFFF6C
:1004A000FFFFFFFFFFFFFFFFFFFFFFFFFFFFFFFF5C
:1004B000FFFFFFFFFFFFFFFFFFFFFFFFFFFFFFFF4C
:1004C000FFFFFFFFFFFFFFFFFFFFFFFFFFFFFFFF3C
:1004D000FFFFFFFFFFFFFFFFFFFFFFFFFFFFFFFF2C
:1004E000FFFFFFFFFFFFFFFFFFFFFFFFFFFFFFFF1C
:1004F000FFFFFFFFFFFFFFFFFFFFFFFFFFFFFFFF0C
:10050000FFFFFFFFFFFFFFFFFFFFFFFFFFFFFFFFFB
:10051000FFFFFFFFFFFFFFFFFFFFFFFFFFFFFFFFEB
:10052000FFFFFFFFFFFFFFFFFFFFFFFFFFFFFFFFDB
:10053000FFFFFFFFFFFFFFFFFFFFFFFFFFFFFFFFCB
:10054000FFFFFFFFFFFFFFFFFFFFFFFFFFFFFFFFBB
:10055000FFFFFFFFFFFFFFFFFFFFFFFFFFFFFFFFAB
:10056000FFFFFFFFFFFFFFFFFFFFFFFFFFFFFFFF9B
:10057000FFFFFFFFFFFFFFFFFFFFFFFFFFFFFFFF8B
:10058000FFFFFFFFFFFFFFFFFFFFFFFFFFFFFFFF7B
:10059000FFFFFFFFFFFFFFFFFFFFFFFFFFFFFFFF6B
:1005A000FFFFFFFFFFFFFFFFFFFFFFFFFFFFFFFF5B
:1005B000FFFFFFFFFFFFFFFFFFFFFFFFFFFFFFFF4B
:1005C000FFFFFFFFFFFFFFFFFFFFFFFFFFFFFFFF3B
:1005D000FFFFFFFFFFFFFFFFFFFFFFFFFFFFFFFF2B
:1005E000FFFFFFFFFFFFFFFFFFFFFFFFFFFFFFFF1B
:1005F000FFFFFFFFFFFFFFFFFFFFFFFFFFFFFFFF0B
:10060000FFFFFFFFFFFFFFFFFFFFFFFFFFFFFFFFFA
:10061000FFFFFFFFFFFFFFFFFFFFFFFFFFFFFFFFEA
:10062000FFFFFFFFFFFFFFFFFFFFFFFFFFFFFFFFDA
:10063000FFFFFFFFFFFFFFFFFFFFFFFFFFFFFFFFCA
:10064000FFFFFFFFFFFFFFFFFFFFFFFFFFFFFFFFBA
:10065000FFFFFFFFFFFFFFFFFFFFFFFFFFFFFFFFAA
:10066000FFFFFFFFFFFFFFFFFFFFFFFFFFFFFFFF9A
:10067000FFFFFFFFFFFFFFFFFFFFFFFFFFFFFFFF8A
:10068000FFFFFFFFFFFFFFFFFFFFFFFFFFFFFFFF7A
:10069000FFFFFFFFFFFFFFFFFFFFFFFFFFFFFFFF6A
:1006A000FFFFFFFFFFFFFFFFFFFFFFFFFFFFFFFF5A
:1006B000FFFFFFFFFFFFFFFFFFFFFFFFFFFFFFFF4A
:1006C000FFFFFFFFFFFFFFFFFFFFFFFFFFFFFFFF3A
:1006D000FFFFFFFFFFFFFFFFFFFFFFFFFFFFFFFF2A
:1006E000FFFFFFFFFFFFFFFFFFFFFFFFFFFFFFFF1A
:1006F000FFFFFFFFFFFFFFFFFFFFFFFFFFFFFFFF0A
:10070000FFFFFFFFFFFFFFFFFFFFFFFFFFFFFFFFF9
:10071000FFFFFFFFFFFFFFFFFFFFFFFFFFFFFFFFE9
:10072000FFFFFFFFFFFFFFFFFFFFFFFFFFFFFFFFD9
:10073000FFFFFFFFFFFFFFFFFFFFFFFFFFFFFFFFC9
:10074000FFFFFFFFFFFFFFFFFFFFFFFFFFFFFFFFB9
:10075000FFFFFFFFFFFFFFFFFFFFFFFFFFFFFFFFA9
:10076000FFFFFFFFFFFFFFFFFFFFFFFFFFFFFFFF99
:10077000FFFFFFFFFFFFFFFFFFFFFFFFFFFFFFFF89
:10078000FFFFFFFFFFFFFFFFFFFFFFFFFFFFFFFF79
:10079000FFFFFFFFFFFFFFFFFFFFFFFFFFFFFFFF69
:1007A000FFFFFFFFFFFFFFFFFFFFFFFFFFFFFFFF59
:1007B000FFFFFFFFFFFFFFFFFFFFFFFFFFFFFFFF49
:1007C000FFFFFFFFFFFFFFFFFFFFFFFFFFFFFFFF39
:1007D000FFFFFFFFFFFFFFFFFFFFFFFFFFFFFFFF29
:1007E000FFFFFFFFFFFFFFFFFFFFFFFFFFFFFFFF19
:1007F000FFFFFFFFFFFFFFFFFFFFFFFFFFFFFFFF09
:10080000FFFFFFFFFFFFFFFFFFFFFFFFFFFFFFFFF8
:10081000FFFFFFFFFFFFFFFFFFFFFFFFFFFFFFFFE8
:10082000FFFFFFFFFFFFFFFFFFFFFFFFFFFFFFFFD8
:10083000FFFFFFFFFFFFFFFFFFFFFFFFFFFFFFFFC8
:10084000FFFFFFFFFFFFFFFFFFFFFFFFFFFFFFFFB8
:10085000FFFFFFFFFFFFFFFFFFFFFFFFFFFFFFFFA8
:10086000FFFFFFFFFFFFFFFFFFFFFFFFFFFFFFFF98
:10087000FFFFFFFFFFFFFFFFFFFFFFFFFFFFFFFF88
:10088000FFFFFFFFFFFFFFFFFFFFFFFFFFFFFFFF78
:10089000FFFFFFFFFFFFFFFFFFFFFFFFFFFFFFFF68
:1008A000FFFFFFFFFFFFFFFFFFFFFFFFFFFFFFFF58
:1008B000FFFFFFFFFFFFFFFFFFFFFFFFFFFFFFFF48
:1008C000FFFFFFFFFFFFFFFFFFFFFFFFFFFFFFFF38
:1008D000FFFFFFFFFFFFFFFFFFFFFFFFFFFFFFFF28
:1008E000FFFFFFFFFFFFFFFFFFFFFFFFFFFFFFFF18
:1008F000FFFFFFFFFFFFFFFFFFFFFFFFFFFFFFFF08
:10090000FFFFFFFFFFFFFFFFFFFFFFFFFFFFFFFFF7
:10091000FFFFFFFFFFFFFFFFFFFFFFFFFFFFFFFFE7
:10092000FFFFFFFFFFFFFFFFFFFFFFFFFFFFFFFFD7
:10093000FFFFFFFFFFFFFFFFFFFFFFFFFFFFFFFFC7
:10094000FFFFFFFFFFFFFFFFFFFFFFFFFFFFFFFFB7
:10095000FFFFFFFFFFFFFFFFFFFFFFFFFFFFFFFFA7
:10096000FFFFFFFFFFFFFFFFFFFFFFFFFFFFFFFF97
:10097000FFFFFFFFFFFFFFFFFFFFFFFFFFFFFFFF87
:10098000FFFFFFFFFFFFFFFFFFFFFFFFFFFFFFFF77
:10099000FFFFFFFFFFFFFFFFFFFFFFFFFFFFFFFF67
:1009A000FFFFFFFFFFFFFFFFFFFFFFFFFFFFFFFF57
:1009B000FFFFFFFFFFFFFFFFFFFFFFFFFFFFFFFF47
:1009C000FFFFFFFFFFFFFFFFFFFFFFFFFFFFFFFF37
:1009D000FFFFFFFFFFFFFFFFFFFFFFFFFFFFFFFF27
:1009E000FFFFFFFFFFFFFFFFFFFFFFFFFFFFFFFF17
:1009F000FFFFFFFFFFFFFFFFFFFFFFFFFFFFFFFF07
:100A0000FFFFFFFFFFFFFFFFFFFFFFFFFFFFFFFFF6
:100A1000FFFFFFFFFFFFFFFFFFFFFFFFFFFFFFFFE6
:100A2000FFFFFFFFFFFFFFFFFFFFFFFFFFFFFFFFD6
:100A3000FFFFFFFFFFFFFFFFFFFFFFFFFFFFFFFFC6
:100A4000FFFFFFFFFFFFFFFFFFFFFFFFFFFFFFFFB6
:100A5000FFFFFFFFFFFFFFFFFFFFFFFFFFFFFFFFA6
:100A6000FFFFFFFFFFFFFFFFFFFFFFFFFFFFFFFF96
:100A7000FFFFFFFFFFFFFFFFFFFFFFFFFFFFFFFF86
:100A8000FFFFFFFFFFFFFFFFFFFFFFFFFFFFFFFF76
:100A9000FFFFFFFFFFFFFFFFFFFFFFFFFFFFFFFF66
:100AA000FFFFFFFFFFFFFFFFFFFFFFFFFFFFFFFF56
:100AB000FFFFFFFFFFFFFFFFFFFFFFFFFFFFFFFF46
:100AC000FFFFFFFFFFFFFFFFFFFFFFFFFFFFFFFF36
:100AD000FFFFFFFFFFFFFFFFFFFFFFFFFFFFFFFF26
:100AE000FFFFFFFFFFFFFFFFFFFFFFFFFFFFFFFF16
:100AF000FFFFFFFFFFFFFFFFFFFFFFFFFFFFFFFF06
:100B0000FFFFFFFFFFFFFFFFFFFFFFFFFFFFFFFFF5
:100B1000FFFFFFFFFFFFFFFFFFFFFFFFFFFFFFFFE5
:100B2000FFFFFFFFFFFFFFFFFFFFFFFFFFFFFFFFD5
:100B3000FFFFFFFFFFFFFFFFFFFFFFFFFFFFFFFFC5
:100B4000FFFFFFFFFFFFFFFFFFFFFFFFFFFFFFFFB5
:100B5000FFFFFFFFFFFFFFFFFFFFFFFFFFFFFFFFA5
:100B6000FFFFFFFFFFFFFFFFFFFFFFFFFFFFFFFF95
:100B7000FFFFFFFFFFFFFFFFFFFFFFFFFFFFFFFF85
:100B8000FFFFFFFFFFFFFFFFFFFFFFFFFFFFFFFF75
:100B9000FFFFFFFFFFFFFFFFFFFFFFFFFFFFFFFF65
:100BA000FFFFFFFFFFFFFFFFFFFFFFFFFFFFFFFF55
:100BB000FFFFFFFFFFFFFFFFFFFFFFFFFFFFFFFF45
:100BC000FFFFFFFFFFFFFFFFFFFFFFFFFFFFFFFF35
:100BD000FFFFFFFFFFFFFFFFFFFFFFFFFFFFFFFF25
:100BE000FFFFFFFFFFFFFFFFFFFFFFFFFFFFFFFF15
:100BF000FFFFFFFFFFFFFFFFFFFFFFFFFFFFFFFF05
:100C0000FFFFFFFFFFFFFFFFFFFFFFFFFFFFFFFFF4
:100C1000FFFFFFFFFFFFFFFFFFFFFFFFFFFFFFFFE4
:100C2000FFFFFFFFFFFFFFFFFFFFFFFFFFFFFFFFD4
:100C3000FFFFFFFFFFFFFFFFFFFFFFFFFFFFFFFFC4
:100C4000FFFFFFFFFFFFFFFFFFFFFFFFFFFFFFFFB4
:100C5000FFFFFFFFFFFFFFFFFFFFFFFFFFFFFFFFA4
:100C6000FFFFFFFFFFFFFFFFFFFFFFFFFFFFFFFF94
:100C7000FFFFFFFFFFFFFFFFFFFFFFFFFFFFFFFF84
:100C8000FFFFFFFFFFFFFFFFFFFFFFFFFFFFFFFF74
:100C9000FFFFFFFFFFFFFFFFFFFFFFFFFFFFFFFF64
:100CA000FFFFFFFFFFFFFFFFFFFFFFFFFFFFFFFF54
:100CB000FFFFFFFFFFFFFFFFFFFFFFFFFFFFFFFF44
:100CC000FFFFFFFFFFFFFFFFFFFFFFFFFFFFFFFF34
:100CD000FFFFFFFFFFFFFFFFFFFFFFFFFFFFFFFF24
:100CE000FFFFFFFFFFFFFFFFFFFFFFFFFFFFFFFF14
:100CF000FFFFFFFFFFFFFFFFFFFFFFFFFFFFFFFF04
:100D0000FFFFFFFFFFFFFFFFFFFFFFFFFFFFFFFFF3
:100D1000FFFFFFFFFFFFFFFFFFFFFFFFFFFFFFFFE3
:100D2000FFFFFFFFFFFFFFFFFFFFFFFFFFFFFFFFD3
:100D3000FFFFFFFFFFFFFFFFFFFFFFFFFFFFFFFFC3
:100D4000FFFFFFFFFFFFFFFFFFFFFFFFFFFFFFFFB3
:100D5000FFFFFFFFFFFFFFFFFFFFFFFFFFFFFFFFA3
:100D6000FFFFFFFFFFFFFFFFFFFFFFFFFFFFFFFF93
:100D7000FFFFFFFFFFFFFFFFFFFFFFFFFFFFFFFF83
:100D8000FFFFFFFFFFFFFFFFFFFFFFFFFFFFFFFF73
:100D9000FFFFFFFFFFFFFFFFFFFFFFFFFFFFFFFF63
:100DA000FFFFFFFFFFFFFFFFFFFFFFFFFFFFFFFF53
:100DB000FFFFFFFFFFFFFFFFFFFFFFFFFFFFFFFF43
:100DC000FFFFFFFFFFFFFFFFFFFFFFFFFFFFFFFF33
:100DD000FFFFFFFFFFFFFFFFFFFFFFFFFFFFFFFF23
:100DE000FFFFFFFFFFFFFFFFFFFFFFFFFFFFFFFF13
:100DF000FFFFFFFFFFFFFFFFFFFFFFFFFFFFFFFF03
:100E0000FFFFFFFFFFFFFFFFFFFFFFFFFFFFFFFFF2
:100E1000FFFFFFFFFFFFFFFFFFFFFFFFFFFFFFFFE2
:100E2000FFFFFFFFFFFFFFFFFFFFFFFFFFFFFFFFD2
:100E3000FFFFFFFFFFFFFFFFFFFFFFFFFFFFFFFFC2
:100E4000FFFFFFFFFFFFFFFFFFFFFFFFFFFFFFFFB2
:100E5000FFFFFFFFFFFFFFFFFFFFFFFFFFFFFFFFA2
:100E6000FFFFFFFFFFFFFFFFFFFFFFFFFFFFFFFF92
:100E7000FFFFFFFFFFFFFFFFFFFFFFFFFFFFFFFF82
:100E8000FFFFFFFFFFFFFFFFFFFFFFFFFFFFFFFF72
:100E9000FFFFFFFFFFFFFFFFFFFFFFFFFFFFFFFF62
:100EA000FFFFFFFFFFFFFFFFFFFFFFFFFFFFFFFF52
:100EB000FFFFFFFFFFFFFFFFFFFFFFFFFFFFFFFF42
:100EC000FFFFFFFFFFFFFFFFFFFFFFFFFFFFFFFF32
:100ED000FFFFFFFFFFFFFFFFFFFFFFFFFFFFFFFF22
:100EE000FFFFFFFFFFFFFFFFFFFFFFFFFFFFFFFF12
:100EF000FFFFFFFFFFFFFFFFFFFFFFFFFFFFFFFF02
:100F0000FFFFFFFFFFFFFFFFFFFFFFFFFFFFFFFFF1
:100F1000FFFFFFFFFFFFFFFFFFFFFFFFFFFFFFFFE1
:100F2000FFFFFFFFFFFFFFFFFFFFFFFFFFFFFFFFD1
:100F3000FFFFFFFFFFFFFFFFFFFFFFFFFFFFFFFFC1
:100F4000FFFFFFFFFFFFFFFFFFFFFFFFFFFFFFFFB1
:100F5000FFFFFFFFFFFFFFFFFFFFFFFFFFFFFFFFA1
:100F6000FFFFFFFFFFFFFFFFFFFFFFFFFFFFFFFF91
:100F7000FFFFFFFFFFFFFFFFFFFFFFFFFFFFFFFF81
:100F8000FFFFFFFFFFFFFFFFFFFFFFFFFFFFFFFF71
:100F9000FFFFFFFFFFFFFFFFFFFFFFFFFFFFFFFF61
:100FA000FFFFFFFFFFFFFFFFFFFFFFFFFFFFFFFF51
:100FB000FFFFFFFFFFFFFFFFFFFFFFFFFFFFFFFF41
:100FC000FFFFFFFFFFFFFFFFFFFFFFFFFFFFFFFF31
:100FD000FFFFFFFFFFFFFFFFFFFFFFFFFFFFFFFF21
:100FE000FFFFFFFFFFFFFFFFFFFFFFFFFFFFFFFF11
:100FF000FFFFFFFFFFFFFFFFFFFFFFFFFFFFFFFF01
:10100000D1002043ED15006000000000000000004A
:10101000201000600010006000140160000000005B
:10102000000000600020010000000000FFFFFFFF43
:10103000FFFFFFFFFFFFFFFFFFFFFFFFFFFFFFFFC0
:10104000FFFFFFFFFFFFFFFFFFFFFFFFFFFFFFFFB0
:10105000FFFFFFFFFFFFFFFFFFFFFFFFFFFFFFFFA0
:10106000FFFFFFFFFFFFFFFFFFFFFFFFFFFFFFFF90
:10107000FFFFFFFFFFFFFFFFFFFFFFFFFFFFFFFF80
:10108000FFFFFFFFFFFFFFFFFFFFFFFFFFFFFFFF70
:10109000FFFFFFFFFFFFFFFFFFFFFFFFFFFFFFFF60
:1010A000FFFFFFFFFFFFFFFFFFFFFFFFFFFFFFFF50
:1010B000FFFFFFFFFFFFFFFFFFFFFFFFFFFFFFFF40
:1010C000FFFFFFFFFFFFFFFFFFFFFFFFFFFFFFFF30
:1010D000FFFFFFFFFFFFFFFFFFFFFFFFFFFFFFFF20
:1010E000FFFFFFFFFFFFFFFFFFFFFFFFFFFFFFFF10
:1010F000FFFFFFFFFFFFFFFFFFFFFFFFFFFFFFFF00
:10110000FFFFFFFFFFFFFFFFFFFFFFFFFFFFFFFFEF
:10111000FFFFFFFFFFFFFFFFFFFFFFFFFFFFFFFFDF
:10112000FFFFFFFFFFFFFFFFFFFFFFFFFFFFFFFFCF
:10113000FFFFFFFFFFFFFFFFFFFFFFFFFFFFFFFFBF
:10114000FFFFFFFFFFFFFFFFFFFFFFFFFFFFFFFFAF
:10115000FFFFFFFFFFFFFFFFFFFFFFFFFFFFFFFF9F
:10116000FFFFFFFFFFFFFFFFFFFFFFFFFFFFFFFF8F
:10117000FFFFFFFFFFFFFFFFFFFFFFFFFFFFFFFF7F
:10118000FFFFFFFFFFFFFFFFFFFFFFFFFFFFFFFF6F
:10119000FFFFFFFFFFFFFFFFFFFFFFFFFFFFFFFF5F
:1011A000FFFFFFFFFFFFFFFFFFFFFFFFFFFFFFFF4F
:1011B000FFFFFFFFFFFFFFFFFFFFFFFFFFFFFFFF3F
:1011C000FFFFFFFFFFFFFFFFFFFFFFFFFFFFFFFF2F
:1011D000FFFFFFFFFFFFFFFFFFFFFFFFFFFFFFFF1F
:1011E000FFFFFFFFFFFFFFFFFFFFFFFFFFFFFFFF0F
:1011F000FFFFFFFFFFFFFFFFFFFFFFFFFFFFFFFFFF
:10120000FFFFFFFFFFFFFFFFFFFFFFFFFFFFFFFFEE
:10121000FFFFFFFFFFFFFFFFFFFFFFFFFFFFFFFFDE
:10122000FFFFFFFFFFFFFFFFFFFFFFFFFFFFFFFFCE
:10123000FFFFFFFFFFFFFFFFFFFFFFFFFFFFFFFFBE
:10124000FFFFFFFFFFFFFFFFFFFFFFFFFFFFFFFFAE
:10125000FFFFFFFFFFFFFFFFFFFFFFFFFFFFFFFF9E
:10126000FFFFFFFFFFFFFFFFFFFFFFFFFFFFFFFF8E
:10127000FFFFFFFFFFFFFFFFFFFFFFFFFFFFFFFF7E
:10128000FFFFFFFFFFFFFFFFFFFFFFFFFFFFFFFF6E
:10129000FFFFFFFFFFFFFFFFFFFFFFFFFFFFFFFF5E
:1012A000FFFFFFFFFFFFFFFFFFFFFFFFFFFFFFFF4E
:1012B000FFFFFFFFFFFFFFFFFFFFFFFFFFFFFFFF3E
:1012C000FFFFFFFFFFFFFFFFFFFFFFFFFFFFFFFF2E
:1012D000FFFFFFFFFFFFFFFFFFFFFFFFFFFFFFFF1E
:1012E000FFFFFFFFFFFFFFFFFFFFFFFFFFFFFFFF0E
:1012F000FFFFFFFFFFFFFFFFFFFFFFFFFFFFFFFFFE
:10130000FFFFFFFFFFFFFFFFFFFFFFFFFFFFFFFFED
:10131000FFFFFFFFFFFFFFFFFFFFFFFFFFFFFFFFDD
:10132000FFFFFFFFFFFFFFFFFFFFFFFFFFFFFFFFCD
:10133000FFFFFFFFFFFFFFFFFFFFFFFFFFFFFFFFBD
:10134000FFFFFFFFFFFFFFFFFFFFFFFFFFFFFFFFAD
:10135000FFFFFFFFFFFFFFFFFFFFFFFFFFFFFFFF9D
:10136000FFFFFFFFFFFFFFFFFFFFFFFFFFFFFFFF8D
:10137000FFFFFFFFFFFFFFFFFFFFFFFFFFFFFFFF7D
:10138000FFFFFFFFFFFFFFFFFFFFFFFFFFFFFFFF6D
:10139000FFFFFFFFFFFFFFFFFFFFFFFFFFFFFFFF5D
:1013A000FFFFFFFFFFFFFFFFFFFFFFFFFFFFFFFF4D
:1013B000FFFFFFFFFFFFFFFFFFFFFFFFFFFFFFFF3D
:1013C000FFFFFFFFFFFFFFFFFFFFFFFFFFFFFFFF2D
:1013D000FFFFFFFFFFFFFFFFFFFFFFFFFFFFFFFF1D
:1013E000FFFFFFFFFFFFFFFFFFFFFFFFFFFFFFFF0D
:1013F000FFFFFFFFFFFFFFFFFFFFFFFFFFFFFFFFFD
:10140000824205D051F8043B40F8043B8242F9D8AF
:10141000704700BF044A05494FF0000342F8043BFF
:101420009142FBD8704700BFC01E0020E03400206E
:1014300080B5BFF34F8F00F0BDF9534C534B0820DC
:101440005349C3F85401534AC3F800115248C3F832
:10145000F0405249FFF7D4FF514A52495248FFF732
:10146000CFFF524CFFF7D6FF4FF470004FF0E02152
:1014700000234F4AC1F8880D44F823200133B02BD4
:10148000FAD14C4B80214C4A03F8011B9342FBD10B
:101490004FF0E025494F4A4A4FF0FF31C5F8084D5B
:1014A0000026D5F8243D43F4E023C5F8243DFB692C
:1014B00023F07F0343F04003FB617B6A23F07F034B
:1014C00043F040037B629166D1661167516700F07B
:1014D00079F93C4B63223C49A3633C4BE363032310
:1014E0006A613B4AAE612B61C5F8202DD5F8FC2D11
:1014F000384B42F08072C5F8FC2D1A6842F00102A8
:101500001A605B680B6000F0E7F9334800F060FB9D
:10151000F96E324B324A41F44051F9661E60C3F80D
:101520000861C3F81861C3F82861C3F83861936B88
:10153000DB0708D442F615632A4951651365936B9E
:1015400043F001039363264A274C936843F0011349
:10155000936000F005F900F03FFB00F0EBF900F0BC
:101560002BF92368132BFCD900F07CFA2368B3F520
:10157000967FFBD300F024F900F020F900F03CFB4B
:1015800000F016FB30BFFDE70C0D111300800D407D
:101590001B101820B8D6000000000000941D006049
:1015A000C01E002050F4006000000020001C00203D
:1015B0003DA8000000E400E0A0E400E000C00F400F
:1015C00000C00A4071C400003832002075C4000019
:1015D00000002020001000E00046C3230040084027
:1015E00000400D400000C0563C320020054B4FF437
:1015F0002A01054A05485A641864054A99639546C4
:10160000FFF716FF00C00A40AFAAAAAA07002000F1
:10161000000007201BB9124B1B6F9B041ED400F067
:101620003F000F4B22F0604221F0604140F48910EE
:101630001867C3F88010C3F890201A6F22F4805204
:101640001A671A6F002AFCDAD3F87011054A0A40AB
:10165000C3F870211A6F22F480321A67704700BFF6
:1016600000800D40FF7F7FFFB1F5607FF0B50E4633
:101670008DB028BF4FF460760F46054672B62E4BEC
:1016800000247022186021462C4B2D481C8000F04D
:1016900097FACFB121462A484FF0010C4A0901F0D0
:1016A0001F03013150F822400CFA03F38E4243EA43
:1016B000040340F82230F1D8284600234380013348
:1016C00000F582709E42F9D81E4C257815B162B69D
:1016D0000DB0F0BD082000F06FFA1B4B80220646CB
:1016E000009302A90693194B0271056008A80293A2
:1016F00000F06AFA06A9164A304600F075FA069B11
:1017000008A8DB689847009B02A8DB689847237805
:10171000002BDCD10F4B104AC3F858210F49D020C1
:101720004FF0E023402281F84600C3F8082101234E
:10173000237062B60DB0F0BD54220020503400205A
:101740005C22002066340020E4060020CD920000D8
:101750001B100100001C0020D992000000E400E0F2
:10176000104BA020104AD96E41F4403110B4D96614
:1017700040F23764D96E41F44071D9665464906484
:10178000936C1B06FCD4094A40F23761A0235164D4
:101790009364936C13F08003FBD1054A13705DF8DA
:1017A000044B704700C00F4000400C4000800C40CC
:1017B00075340020704700BF704700BF704700BFFE
:1017C00000BF704710B44FF0E023002110243248CE
:1017D000C3F8941DC3F89C4D1124C3F8A00D2F48E5
:1017E000C3F89C4D1224C3F8A00D2D48C3F89C4D9E
:1017F0002C4AC3F8A00D2C4C42F015022B48C3F81C
:101800009C4DC3F8A00D2A4C2A48C3F89C4DC3F840
:10181000A00D294CC3F89C2D2848294AC3F8A04D97
:10182000C3F89C0DC3F8A02D02F5A022254C0C3264
:101830002548C3F89C4DC3F8A02D244AC3F89C0D3D
:10184000C3F8A02D02F14062214C02322148C3F8B6
:101850009C4DC3F8A02D0A32C3F89C0DC3F8A02DEF
:1018600000BF00BF00BF00BF00BF0122C3F8942D1E
:10187000BFF34F8FBFF36F8FC3F8501FBFF34F8F6E
:10188000BFF36F8FD3F8142D5DF8044B42F4403250
:10189000C3F8142D704700BF3F0000102500080753
:1018A00009001000E034002013002000210002078E
:1018B0001400002025000813090000101600202045
:1018C00027000B1317000040180000602F000B07C3
:1018D000190000701A000080F0B4154A40274FF438
:1018E00080314FF480564FF400554FF4404443F29A
:1018F0004200136913F0020F0ED113F4005F0FD0F2
:1019000013F4805F0ED0002BF3DA13F4803F0BD179
:101910005B060BD5F0BC7047946151619061E8E7BC
:101920005561E6E75661E4E79161E2E75761E0E778
:1019300000800D403F4A03203F49F3EE095AD2F898
:1019400080304FF0000C9FED3D6A23F001039FEDC6
:101950003C5A30B4C2F88030C2F89000D1F8E010A0
:10196000384DCBB2384C39482B6007EE903A0B0D0E
:10197000C1F30B21F8EEE77A06EE903A07EE101A63
:10198000334BB8EEC77A2160F8EEE66A314937EE9C
:10199000C66A37EEC55A76EEC76A77EEE57A26EE66
:1019A000266AC3ED006A25EE265AD2F8803067EE2B
:1019B000A64AC0ED007AC6EE275A274885EE276A68
:1019C000C4EEA76A75EE875AFCEEE55A36EE076A52
:1019D00015EE904ABCEEC66A43EA045376EE877A67
:1019E000C2F8803016EE103AD2F89041FCEEE77A59
:1019F00001EA0341214317EE903AC2F89011C3F374
:101A00000B03D2F890110B431449C2F89031D2F86D
:101A1000803043F00203C2F88030114B80F840C0A0
:101A2000C1F840314FF0E023012230BCC3F8082157
:101A3000704700BF00810D4000441F400000AA42D3
:101A40000000B4422432002020320020283200203E
:101A50002C3200200000FF0F00E400E0001C0020FA
:101A600001AA0000314B40F6617210B5C3F8202185
:101A700040F2044400F0B4F82D4A2E49D2F88030E8
:101A80002D4843F00303C2F880302C4BC1F860416D
:101A900002681A4203D1D1F8A8319A071BD0254A0F
:101AA0004FF00041244B5963D2F8403143F0020318
:101AB000C2F84031D2F840319B07FBD44FF40030DC
:101AC0004FF0E0211C4B4FF00042C1F88C0219206E
:101AD0009A6300F08DF8184A4FF08040154C0021B1
:101AE00090630A20164B11604FF42072C4F8A801CD
:101AF000184600F065F84FF4800203464FF4810069
:101B000040F243111860C4F858311A640D4B0E4A64
:101B1000C4F84811C3F804224FF0E0224FF400311A
:101B20000123C2F80C11C4F8403110BD00800D40F3
:101B300000C00F4000002E4000900D40001C1E0011
:101B400000000020001C002021AC000008B50E4B56
:101B50001B6E9B0700D4FBBE72B60C4B00200C4AD8
:101B6000C3F8400103F160430A49A3F55F23116400
:101B70009D46BFF34F8F4FF400130748074ADB69B8
:101B800002609B68984700BF00441F4000002E4041
:101B900000C00A400300200000802020000012EB5B
:101BA000F8B500BFF8BC08BC9E46704700000000B6
:101BB0005FF800F085A300005FF800F0C9A4000002
:101BC0005FF800F049D100005FF800F02D0100003F
:101BD0005FF800F0A99D00005FF800F02DA700005D
:101BE0005FF800F05DB300005FF800F0A59800001A
:101BF0005FF800F099A000005FF800F029D2000023
:101C0000050100006D810000B9900000199A0000E4
:101C100020036400690063006500460072006900EB
:101C200065006E006400200076002E003000310058
:101C3000220353006900670069006C0049006E00D0
:101C400073007400720075006D0065006E00740012
:101C5000730000000403090409029500030100C099
:101C600032080B0002020201000904000001020216
:101C700001000524001001052401010104240206CD
:101C80000524060001070582031000100904010065
:101C9000020A000000070503024000000705830256
:101CA00040000009040200020103000007240100B3
:101CB0000125000624020101000624020202000997
:101CC00024030103010201000924030204010101AC
:101CD000000905040240000000000525010101097A
:101CE00005840240000000000525010103000000FA
:101CF00009029500030100C032080B000202020134
:101D00000009040000010202010005240010010581
:101D100024010101042402060524060001070582AE
:101D20000310000509040100020A00000007050372
:101D300002000200070583020002000904020002FB
:101D4000010300020724010001250006240201010D
:101D50000206240202020209240301030102010215
:101D60000924030204010101020905040200020022
:101D700000000525010101090584020002000000A0
:101D800005250101030000000A060002EF020140E0
:041D9000010000004E
:101D9400000000000000000000000000000000003F
:101DA400000000000000000000000000000000002F
:101DB400F8B54FF084439D695A6915400DD0254FFD
:101DC40001269D6195FAA5F4B4FA84F457F82430F9
:101DD40006FA04F49847A543F4D11F4B9D695A6948
:101DE40015400DD01D4F01269D6195FAA5F4B4FA56
:101DF40084F457F8243006FA04F49847A543F4D140
:101E0400174B9D695A6915400DD0164F01269D61E7
:101E140095FAA5F4B4FA84F457F8243006FA04F4D5
:101E24009847A543F4D1104B9D695A6915400DD0CC
:101E34000E4F01269D6195FAA5F4B4FA84F457F87F
:101E4400243006FA04F49847A543F4D1BFF34F8F26
:101E5400F8BD00BF1419002000400042941900206E
:101E640000800042141A002000C00042941A00208E
:101E74000548064B1B1AD90F01EBA301491002D0E8
:101E8400034B03B118477047C01E0020C01E00203A
:101E94000000000008B5054B1BB105490548AFF328
:101EA4000080BDE80840FFF7E3BF00BF000000006A
:101EB400D42F002000200160036818470B680360DA
:101EC400704700BF0B680360704700BF704700BFD6
:101ED40010B5044609F030FC204610BD70B509F079
:101EE400F7FF2E4B1C68041BB4F57A7F4CD92C4A9F
:101EF4002C4912780C60186012B92B4B01221A700D
:101F04002A494FF0010C2A4A2A4B82F800C0A3FB4D
:101F140004230A68284862449B090A60A3F10B0160
:101F2400264A0068106042F20472914212D807EE09
:101F3400903A9FED236AF7EE006A224BF8EEE77AB7
:101F440086EE277AB4EE667AF1EE10FA36FE877AD8
:101F540083ED007A1C4B1D4A2344934214D81C4E33
:101F64001C4D33788BB12B789BB900231A4A4FF65A
:101F74000F002B7013700BF077FA0BF07DFA00232F
:101F8400164A146033702B7070BD2B78002BF6D07A
:101F9400E9E7134809F0D0FBE7E700BF702F002002
:101FA40095340020742F00207F3400201C2F002043
:101FB40077340020D34D62103C320020142F0020CF
:101FC40000004843182F0020BFF2FCFF7EB92A000E
:101FD400833400208534002084340020281B002012
:101FE4002C1B002010B5064C237803B910BD4FF606
:101FF4000F000BF039FA2378013BDBB2237010BDDC
:102004008434002003460022114910B4114C43F8D3
:10201400184B4FF4807482610481C0E903230B6878
:102024009BB11A465B69002BFBD1506100230A4C1B
:1020340047F6FF714FF4004204605DF8044B4361BE
:1020440043608372C183028470470860EEE700BF77
:102054005822002094060020AC06002000220346EB
:1020640013494FF4806C10B4124C43F8284BA0F879
:1020740008C0C0E903230B68C0E90A22C0E90C22A6
:102084009BB11A465B69002BFBD1506100224FF4CF
:10209400803309495DF8044B4261426082720160F9
:1020A400C0E90633C0E9083370470860EEE700BFB3
:1020B400582200209406002088060020000000001A
:1020C400F0B5D0ED597A0646834F012504462DED2F
:1020D4000E8BD0ED57CA85B0DFED80DA6CEEA7CA5F
:1020E4009FED7FDA9FED6EAB9FED6FBB9FED708B25
:1020F4009FED719B96F868216B1E032A00F2A38062
:10210400DFE802F0A165027F8CEEAD6AD7ED007ABC
:1021140026EE276AF3EE047AB4EEE76AF1EE10FADB
:102124006AD4DFED707AB4EEE76AF1EE10FA40F3A8
:102134009180B0EE4B5BDFED6CEA96ED587AB7EE2A
:10214400C77AB6EE006B27EE057BB4EEC67BF1EEE4
:1021540010FA00F18D80B4EEC97BF1EE10FA00F3B1
:102164008A80B7EEC7CBB0EE6E0A01350CF06CF87E
:10217400B0EE40EAB0EE6E0A24340CF0B3F83CEE54
:102184000C7AB7EE006A0A2DF8EE006A07F104072C
:10219400CEEE077A20EE260A77EE865A36EE677A76
:1021A400C6EE256A67EEA67A20EE260A27EE267A80
:1021B400F1EE676A44ED037A04ED010A44ED026A24
:1021C40084ED007A96D105B0BDEC0E8BF0BD07EE20
:1021D400905AB6EE007AB8EEE76A6CEE8D7A36EE77
:1021E400076A26EE066A26EE276AF3EE047AB4EE50
:1021F400E76AF1EE10FA94D5B0EE4A5BDFED3BEA04
:102204009BE73B4AF7EE087A3CEEAC7ACDED01CA87
:10221400A2FB03126CEEA77A22F0010051088DEDA7
:10222400037A00EB520004AACDED027A1B1A02EBEA
:102234008102013352ED037A06EE103AB8EEC66A13
:1022440026EE276A66E707EE905AB8EEE76A26EEAE
:102254002C6A5FE7DFED277A96ED587AB4EEE76AE9
:10226400F1EE10FA0ADDB0EE485BDFED23EA66E733
:10227400B6EE00CA77E79FED21CA74E7B7EEC66AE7
:102284009FED0F4B9FED105B26EE055B26EE046B76
:102294009FED0F4B86EE040BF7EEC0EB4FE700BF4C
:1022A4005E3855297A6A4F4009944A702F8BE8406A
:1022B400B4C4205B3B74EE40000000000070A740F3
:1022C400182D4454FB211940182D4454FB21094076
:1022D400000000C0B48AE540280600200000DC426B
:1022E400A48DE33E00007A4640D61140D7AB3A3B7A
:1022F400ABAAAAAAE2199B46ABF4344000803B4542
:102304003649002238B5364D04460B680560026133
:102314000281C260002B5ED01A465B69002BFBD1A0
:10232400546100252F4B20464FF4A2722946656163
:102334006560A57240F8183B0CF0CEFD2A4A4FF0B8
:102344007C512A4BC4F85C214FF08042C4F87C11C4
:102354004FF07E502649C4F86021C4F890111A88C1
:1023640024499B78A4F86921002284F86B31234620
:10237400C4F87011C4F8841104F5A27184F868518A
:10238400C4F87451A063E065C4F88000C4F8A400E4
:10239400C4F8C800C4F8EC00C4F81001C4F834014F
:1023A400C4F85801C4F86401C4F86C21C4F8782155
:1023B400C4F88021C4F88821C4F88C0198632433BC
:1023C4001A61DA609A605A608B42F7D12046FFF7AF
:1023D40077FE204638BD0860A3E700BF58220020DE
:1023E40094060020A006002000005C431006002094
:1023F400EFBEADDE9A99993E10B5224C2248227860
:1024040090F86831032AA8BF03229A4207D080F8C3
:102414006821FFF755FE2378032BA8BF03231B482D
:1024240090F868219A4207D080F86831FFF748FE97
:102434002378032BA8BF0323154890F868219A42F8
:1024440007D080F86831FFF73BFE2378032BA8BF41
:102454000323104890F868219A4207D080F8683125
:10246400FFF72EFE2378032BA8BF03230A4890F816
:1024740068219A4200D110BD80F86831FFF720FE30
:1024840010BD00BFD02F0020AC2600204028002023
:10249400D4290020682B0020FC2C0020144B10B5FC
:1024A400044613F8200009F0EFFA07EE900ADFED76
:1024B400116AB7EE000AF8EEE77A0F4B1A5D87EE61
:1024C400A67A30EE470A8AB10C4A9FED0D7A02EBE8
:1024D4008402D2ED007A70EE677AF0EEE77AF4EED9
:1024E400C77AF1EE10FA01DD00221A5510BD00BFC3
:1024F4004C06002000C07F44902F0020782F00203D
:102504000AD7A33D384B40F2ED221968914263D9B2
:1025140036491A680868121A112A5DD91A68344BA8
:1025240034481B682DE9F0432DED028B8DB00A6011
:10253400314D4FF4A019314C01AE31490027314AD5
:102544004BF20B080393304B95ED000A1268256893
:102554001B68046808682D49029404902C4C086890
:1025640005922C492C4A08932C4B2468096812685C
:102574001B6801959FED2A8A2A4D8DED000A069469
:10258400079009910A920B9301E0B6EC010A20EE40
:10259400080A0CF0A9F915F8013B80F30704FF2B96
:1025A40049EA0460A4EB030309F5803904D0002B45
:1025B400B8BF5B42012B06DD012740EA08000AF0A0
:1025C40053FF05F8014CB9F5001FDED12FB90DB04A
:1025D400BDEC028BBDE8F08370470DB0BDEC028BFF
:1025E400BDE8F0430AF048BF3C320020B02F002081
:1025F400441B0020581B0020541B00205C1B00209F
:10260400341B0020381B00203C1B0020481B0020EA
:10261400401B0020C83100204C1B0020501B002010
:102624000000FE42141B002070B52DED048BB0EEAB
:10263400408AF0EE608AF0EE419AB0EE619A00288A
:1026440000F0DA800021022009F06CFC0121032053
:10265400F0EEE99A09F066FC714A724BB0EEC99A41
:1026640092ED007AD3ED007ADFED6F6A79EEC79AC6
:1026740039EE679A9FED6D6A28EE260AA9EE867AEE
:10268400E9EE067AB5EEC00AF1EE10FA82ED007AB0
:10269400C3ED007A00F1B780B4EE660AF1EE10FAE9
:1026A40036FE800ADFED606A68EEA60AF5EEC00A1F
:1026B400F1EE10FA00F1B080F4EE660AF1EE10FAD1
:1026C40076FEA00ADFED5A6A27EE267AB5EEC07AC6
:1026D400F1EE10FA00F19D80DFED536AB4EE667AF4
:1026E400F1EE10FA36FE877ADFED516A67EEA67ACC
:1026F400F5EEC07AF1EE10FA00F18880DFED4A6A57
:10270400F4EE667AF1EE10FA76FEA77A494B0420CD
:10271400494ED3ED006A494DF4EEC06A484C30EEA0
:10272400660AF1EE10FA4CBFB6EE006A9FED456AF8
:1027340020EE060A96ED006AB4EEE06A70EEC60A70
:1027440076EE806AF1EE10FAC3ED006A4CBFF6EE45
:10275400005ADFED3C5A60EEA50A76EE205A95ED5C
:10276400006AB4EEC76AC6ED005A37EE467AF1EE57
:1027740010FA4CBFF6EE005ADFED325A27EE257AF6
:1027840036EE076A94ED007AB4EEE77A85ED006AD6
:1027940077EEC77AF1EE10FA4CBFB6EE006A9FED01
:1027A400296A67EE867A37EE277AFDEEE67A84EDBB
:1027B400007A17EE901A09F0DDFDD6ED007A0520B7
:1027C400FDEEE77A17EE901A09F0D4FDD5ED007A04
:1027D4000620FDEEE77A17EE901A09F0CBFDD4ED52
:1027E400007A0920FDEEE77ABDEC048B17EE901A0F
:1027F400BDE8704009F0BEBD04460121022009F085
:1028040091FB214623E79FED100A4BE7DFED0E7A9B
:102814007CE79FED0D7A67E7DFED0B0A52E700BF17
:10282400A4260020A826002000007F43CDCCCC3E67
:102834000000C843982F00209C2F0020A02F0020C8
:10284400A42F0020CDCC4C3D00000000B3F5486F10
:102854000CDD0B78022B01D801330B7000231370AD
:102864000B78012B08D9012303707047B3F5E16F8E
:1028740003DB00230B70137070471378022B01D80D
:102884000133137000230B701278012AF4D90370FA
:10289400704700BF2DE9F843DD4D40F2EE28DD4CD2
:1028A400DD4FDFF8C4932E682DED028B0BF01AFC7C
:1028B4002378002B00F0D9823B78DB0740F1D582E6
:1028C4002B68D9F800209B1A0E2B40F2CE82C82028
:1028D400D24D09F0A9FA0121022009F05FFB012180
:1028E400032009F05BFB0121042009F057FB0121BF
:1028F400052009F053FB0121062009F04FFB0121BB
:10290400092009F04BFB082009F052FE7821C44845
:102914000CF092FD95F868312BB10023284685F818
:102924006831FFF7CDFB9FEDBF7AD5ED577ADFED28
:10293400BE6A77EE677AF0EEE77AF4EEE67AF1EEC5
:1029440010FA00F3BE82B0EE007AD5ED587ADFEDCE
:10295400B76A77EE677AF0EEE77AF4EEE67AF1EEAC
:1029640010FA00F3A8824FF07C51B148B14AB24B3F
:10297400C5F87801C5F87C11C5F88021D5F8901107
:10298400C5F88431A54D9FEDB96AAC4C2A46AC48D4
:1029940005F5A276DFEDAB6A04FB0103243204FBE8
:1029A400030107EE903A964207EE101AF8EEE77A22
:1029B400B8EEC77A67EE867A27EE067A67EEA67ACD
:1029C40027EE267AC2ED037A82ED047AE4D104FB81
:1029D40001009D4E07EE900A96F86831C5F8900103
:1029E400F8EEE77A67EE867A67EEA67AC5ED627A44
:1029F4002BB10023304686F86831FFF761FB9FED69
:102A0400937AD6ED577ADFED886A77EE677AF0EE3F
:102A1400E77AF4EEE67AF1EE10FA00F34682B0EECD
:102A2400007AD6ED587ADFED816A77EE677AF0EEB8
:102A3400E77AF4EEE67AF1EE10FA00F330824FF022
:102A44007C517B487B4A7C4BC6F87801C6F87C11E4
:102A5400C6F88021D6F89011C6F884317A4E9FEDDD
:102A6400836A764C3246764806F5A275DFED756AC0
:102A740004FB0103243204FB030107EE903A954260
:102A840007EE101AF8EEE77AB8EEC77A67EE867AA0
:102A940027EE067A67EEA67A27EE267AC2ED037A47
:102AA40082ED047AE4D104FB0100694D07EE900A3B
:102AB40095F86831C6F89001F8EEE77A67EE867A01
:102AC40067EEA67AC6ED627A2BB10023284685F814
:102AD4006831FFF7F5FA9FED5F7AD5ED577ADFEDB0
:102AE400526A77EE677AF0EEE77AF4EEE67AF1EE80
:102AF40010FA00F3F281B7EE087AD5ED587ADFEDDB
:102B04004B6A77EE677AF0EEE77AF4EEE67AF1EE66
:102B140010FA00F3DC814FF07C5100204E4A4F4BF9
:102B2400C5F87801C5F87C11C5F88021D5F8901155
:102B3400C5F88431464D9FED4D6A404C2A464048C5
:102B440005F5A276DFED3F6A04FB0103243204FBA2
:102B5400030107EE903A964207EE101AF8EEE77A70
:102B6400B8EEC77A67EE867A27EE067A67EEA67A1B
:102B740027EE267AC2ED037A82ED047AE4D104FBCF
:102B84000100374E07EE900A96F86831C5F89001B7
:102B9400F8EEE77A67EE867A67EEA67AC5ED627A92
:102BA4002BB10023304686F86831FFF789FA9FED90
:102BB4002D7AD6ED577ADFED1C6A77EE677AF0EE60
:102BC400E77AF4EEE67AF1EE10FA00F36281B7EEFA
:102BD400087AD6ED587ADFED156A77EE677AF0EE6B
:102BE400E77AF4EEE67AF1EE10FA00F34C814FF056
:102BF4007C510020184A194BC6F87801C6F87C119C
:102C0400C6F88021D6F89011C6F88431144E2FE00E
:102C14003C320020A2340020A1340020AC26002045
:102C2400000020200000DC42CDCCCC3D6F12833A62
:102C34003333333F9A99993ECDCC4C3E0D661900FF
:102C44005FF36E3C0AD7233C402800200000254354
:102C5400D429002000005C439A99193ECDCCCC3D88
:102C6400682B00200000A543C8320020000000307B
:102C74001FED026AA24C3246A24806F5A275DFEDAA
:102C8400A26A04FB0103243204FB030107EE903A19
:102C9400954207EE101AF8EEE77AB8EEC77A67EEB7
:102CA400867A27EE067A67EEA67A27EE267AC2EDB2
:102CB400037A82ED047AE4D104FB0100934D07EE1C
:102CC400900A95F86831C6F89001F8EEE77A67EE55
:102CD400867A67EEA67AC6ED627A2BB1002328467F
:102CE40085F86831FFF7ECF99FED897AD5ED577ACD
:102CF400DFED886A77EE677AF0EEE77AF4EEE67A4B
:102D0400F1EE10FA00F3F580B7EE087AD5ED587AB3
:102D1400DFED816A77EE677AF0EEE77AF4EEE67A31
:102D2400F1EE10FA00F3DF804FF07C5100207B4A73
:102D34007B4BC5F87801C5F87C11C5F88021D5F81E
:102D44009011C5F88431714D9FED766A6C4C2A461A
:102D54006C4805F5A276DFED6C6A04FB01032432AE
:102D640004FB030107EE903A964207EE101AF8EEC0
:102D7400E77AB8EEC77A67EE867A27EE067A67EEC8
:102D8400A67A27EE267AC2ED037A82ED047AE4D19C
:102D940004FB0100644A654B002407EE900A4CF6DC
:102DA400CC41C5F890010120F8EEE77AD461DC61EA
:102DB40080461462F7EE008A67EE867A9161996123
:102DC40002211C6267EEA67A54625C629FED588A07
:102DD400C5ED627A09F0E2F80820022109F0DEF874
:102DE40021460A20534D09F0D9F8534E09F070F8E2
:102DF400524B0322524918600A2009F009F921466E
:102E04001620504C09F0CAF84FF0FF314E4804F137
:102E1400180708F065F84FF0FF314C4808F060F8E7
:102E24004B484FF0FF3108F05BF80E2001E056F8F4
:102E3400040FC0B208F028FE07EE900A05F8018BD3
:102E4400B8EEE77AC7EE087A78EEE77AE4EC017A2E
:102E5400A742ECD110213F480BF0C6F83E48BDEC28
:102E6400028BBDE8F84308F005BD2B6822789B1B54
:102E740032B1B3F5FA6F3FF62AAD0BF033F915E52D
:102E84004345FAD923E5354886ED587AFFF718F912
:102E9400ADE6324886ED577AFFF712F997E63048E7
:102EA40086ED587AFFF70CF9C9E52D4886ED577A77
:102EB400FFF706F9B3E52B4885ED587AFFF700F9DB
:102EC40051E5284885ED577AFFF7FAF83BE526489F
:102ED40085ED587AFFF7F4F81DE6234885ED577A17
:102EE400FFF7EEF807E6094885ED587AFFF7E8F8AA
:102EF4001AE7064885ED577AFFF7E2F804E700BFC2
:102F04000D6619005FF36E3C0AD7233CFC2C0020AD
:102F14000000DC43CDCCCC3D6F12833A9A99193E24
:102F2400CDCCCC3D00000030EC2F0020243000201C
:102F340000C07F44902F00204C060020702F0020FA
:102F44004D010000782F0020902E0020BC2E002080
:102F5400E82E0020E00A0020C0140020682B002086
:102F640040280020AC260020D42900202DE9F04F71
:102F740001202DED0E8BA1B008F0FEFF03460820C2
:102F84001C46029308F0F8FF7F4AA4F10103B0FA4B
:102F940080F0B3FA83F340095B0904931378834206
:102FA40000F00E85794D7A4B2968107019602B68F2
:102FB4005B1A232B00F21384764B1B7801930023B6
:102FC4009FED759A9FED758ADFED758ADFF81C8297
:102FD400744E754F059300200AF0F4FA00287ED051
:102FE4003378F82B46D0902B00F00983802B00F027
:102FF4008083B02BEFD16D4B19783B7807EE901A94
:103004004A2BF8EEE77A87EE897A01F03C86A3F141
:1030140014022B2A05F2EF83DFE812F03A3149312A
:103024004431263121318F318A31853180317B31F0
:1030340076317131ED2BED2BED2BED2BED2BED2BB3
:10304400ED2BED2BED2BED2BED2BED2BED2BED2BBC
:10305400ED2BED2BED2BED2BED2BED2B6C316731A7
:1030640062315D31583153314E31353130312B318C
:103074001C313F314E4B196839B12A6847F22F533E
:10308400521A9A428CBF002101214A4B2A681A60C5
:1030940098F8003013B9012388F80030464A1378B1
:1030A4000133DBB2172B40F222830023434C13700D
:1030B4002378002B40F02F8300298CD1404A1368D9
:1030C400002B44F0A9873F4B1B78002B83D13E4B48
:1030D400012200201A700AF075FA002880D198F8AD
:1030E4000030044643B1334B1A682B689B1A47F2ED
:1030F4003052934200F23C83344A2B6811685B1AC5
:103104000B2B01F26F84019BDFF8E490002B00F09D
:103114002B8499F80030002B00F02F832C4B1A6875
:10312400029B012B06D12B6842F210719B1A8B4231
:1031340006F28E862B689B1A40F6B832934204D965
:10314400244B1A78002A02F0F4801C4B0393224B80
:103154000793224B0893224B1A460693012389F8BE
:1031640000301378049A934200F0C1801D4EDFF8BA
:1031740084A0F7EE008A9FED098A0E20DFF86490A0
:103184000AF1180B184F39E07C3400203C3200203F
:103194004C2F00207D3400200000FE4200C07F44FC
:1031A40000009042A8340020A6340020A734002058
:1031B400C82F0020C42F0020823400209434002023
:1031C400742F002078340020863400206C320020D4
:1031D400502F00207B340020EC2F002024300020CE
:1031E40081340020902F00204C0600208B340020D6
:1031F40080340020782F002057F8040FC0B208F064
:1032040043FC07EE900A4FF00103B8EEE77A09F8A1
:10321400013BC7EE087A78EEE77AEAEC017AD34507
:10322400EAD1069B049A1A70019B002B5FD11AAF56
:103234004FF00009BA46484609F10109FFF72EF993
:10324400AAEC010AB9F1060FF5D1039B93F800C06B
:10325400BCF1000F01F05487AD4B4FF0000EDFEDD1
:10326400AD6AAD4A981D13F8011B97ED007A69B950
:10327400D2ED007A77EE677AF0EEE77AF4EEE67A4A
:10328400F1EE10FA02DD2968E6460991984207F149
:103294000407A2EC017AE6D1BEF1000F05D0099B28
:1032A40001229E4F3B609E4B1A70029B012B02F041
:1032B4000E83337813B99B4B1A9A1A60737813B937
:1032C400994B1B9A1A60B37813B9984B1C9A1A60DD
:1032D400F37813B9964B1D9A1A60337913B9954B49
:1032E4001E9A1A60737913B9934B1F9A1A60FFF7E9
:1032F40009F9162008F0C8FB07EE900A9FED8F6AC3
:10330400F8EEE77A8E4BDFED8F6A87EE867AD3ED9F
:10331400007A37EE676AE6EE267AC3ED007A8A4BC6
:103324001A68D70740F16282884F894E3378002BA0
:1033340000F03682DFED876AB4EEE67AF1EE10FA39
:1033440007DC9FED857AF4EEC77AF1EE10FA40F3CC
:103354003582824B00221A7001233370804B196826
:103364002B683B602B685B1AB3F5FA7F10D97D4B51
:10337400DFED7D6AD3ED007A9FED7C7A67EEA67A65
:10338400F4EEC77AF1EE10FA01F17587C3ED007A15
:1033940098F800303BB1764B1B68002B43F06A83EE
:1033A400744B1B789BB1744EDFF8FC91337823B9CE
:1033B40099F80030002B01F0668799F8003033B19A
:1033C4006E4B1B7803F0FF07002B04F08F8572B659
:1033D4006B48037F03F0FF020BB10023037762B64F
:1033E4001AB372B647F6FF714FF40043B0F91E20CA
:1033F400C183B0F92010038462B6002A9FED617A7C
:10340400B8BF52420029B8BF494293B28AB293422C
:10341400B8BF134607EE903AF8EEE77A87EE878A4C
:10342400B5EEC08AF1EE10FA01D89FED578A72B654
:103434005648037F03F0FF020BB10023037762B603
:103444002AB372B647F6FF714FF40043B0F91E2059
:10345400C183B0F92010038462B6002ADFED496A03
:10346400B8BF52420029B8BF494293B28AB29342CC
:10347400B8BF134607EE903AF8EEE77A87EEA67ADD
:10348400B4EEC87AF1EE10FA88BFB0EE478AB5EE12
:10349400C08A3F4BDFED3F7A0D93F1EE10FAD4BFB3
:1034A40093ED008A83ED008AB4EEE78AF1EE10FA18
:1034B40040F3798287EE887A374BD3ED007A019313
:1034C400B4EEE77AF1EE10FA77FE877A9FED337A5D
:1034D400F4EEC77AF1EE10FA00F16282B7EE007AE8
:1034E400F4EE477AF1EE10FA77FE277A019BC3EDEA
:1034F400007A039B1B780993002B40F0FD82284B34
:103504001A68D60740F1618226482B684EE000BF56
:10351400902F0020A69B443C843200209C32002043
:103524009B340020881B00208C1B0020901B002053
:10353400681B00206C1B0020701B002000C07F440F
:10354400242F00200AD7A33C282200201423002083
:103554007A340020BC74933C295C0F3D79340020FC
:10356400142F0020182F00203333733F0AD7233C35
:10357400742F002078340020833400208434002009
:103584004C31002000FEFF46000000007031002096
:1035940024230020713D0A3F201B0020CDCC4C3D4C
:1035A400302200201C2300208534002002689B1A4E
:1035B4000B2B00F21482904A904B0E92904A129375
:1035C4000F921A780E9B1B78002B01F09D830F9BA2
:1035D4001B78002B01F09A86002A40F039824FF0C4
:1035E400010900224B460A920C92059283F00101D4
:1035F4001140139100210B91012101F097BB814BE4
:103604001A783B78002A7ED07F4901207F4C0B70CA
:103614007F49227808702C687E4928680860002A4F
:1036240000F0898007EE903AB3EE087AF8EE677AF4
:1036340077EEC77A87EEA87AB5EEC07AF1EE10FA83
:1036440003F1E681F7EE007AB4EE677AF1EE10FA50
:1036540037FE877ADA1DF3EE086A7F2AA8BF7F2235
:10366400D2B207EE902A6C4AF8EE677A82ED007ABD
:1036740077EEE67AC7EEA86AF5EEC06AF1EE10FAC4
:1036840003F1C281F7EE007AF4EE676AF1EE10FA04
:1036940077FEA66A0C33B3EE087A7F2BA8BF7F238C
:1036A400DBB207EE903A5D4BF8EE677AC3ED006A41
:1036B40077EEC77A87EEA87AB5EEC07AF1EE10FA03
:1036C40003F19E81F7EE007AB4EE677AF1EE10FA18
:1036D40037FE877A524A0121524B197013680B4402
:1036E4001360514B83ED007A504B1C6073E41370EC
:1036F40071E4454B1A783B789A427FF46CAC444BA6
:1037040000221A7067E44049097899427FF463AC57
:103714003F4B1A705FE4464A1368002B31D1454B86
:103724001B78002B7FF457AC3E4B01221A703F4BA1
:103734002A681A604FE43E4A1368002B43F05F8600
:103744003C4B1B78002B7FF446AC3B4A13681BB1FF
:10375400E31A1E2B7FF63FAC01231460374A88F826
:10376400003013700022364B1A70364B1C6032E462
:10377400334B88F800001870BEE42A68324B1A6094
:10378400CEE408F0A5FB314B1B68C01A304B9842BD
:103794007FF621AC274B1B78002B7FF41CACC3E7CE
:1037A400DFED2C6AB4EEE67AF1EE10FA5CDC9FED04
:1037B4002A7AF4EEC77AF1EE10FA55DC3A682B68EF
:1037C40026499B1A00220A7047F2305132708B420C
:1037D40041F25585154B1968164B1A70C2E51378DA
:1037E4001A4601931E4B1A70FFF7E9BB2A681D4F56
:1037F4003A6001221A6098E56A3400206C34002093
:103804006B340020A7340020B31B00209434002024
:103814008A340020CC2F0020881B00208C1B002021
:103824001C2F002077340020901B0020142F002030
:10383400742F002078340020C82F00208634002004
:1038440082340020C42F0020502F0020702F00202D
:103854007FC3C9018FC2F53CCDCC4C3D79340020E7
:103864007D34002014230020059B002B7FF471ADD0
:103874007C497D480A6801320A60D24302F00102A1
:10388400027008F025FB794B83461A68A0EB020A04
:103894002A683A60039A1278002A44F06785744AC9
:1038A400744975485144814204F232847348DFF804
:1038B40038C2A0FB0A10012180098CF80010DFF83F
:1038C4002CC2A0F1330E8CF8001040F6843C296819
:1038D400E645116012D807EE900A9FED696AF7EE8B
:1038E400006A6848F8EEE77A86EE277AB4EE667ADC
:1038F400F1EE10FA36FE877A80ED007A6248DFF83E
:10390400F0C1504460452AD8DFF8E89199F80010D6
:10391400002946F0488100215C48019289F8001092
:1039240001704FF60F0009F09FFD09F0A5FD5848FE
:103934000021039BC0F800A05648019A0170197831
:103944004A4B002944F0E4831168534A104601228B
:103954000270524AC2F800A0514AC2F800B0C3F83B
:1039640000B001233370FBE499F80030002B41F0E0
:103974000A844C4B03934C4B07934C4E4C4A002304
:10398400079906920B7089F800301378049A9342D1
:10399400484B0793484B08933FF449ACFFF7E7BB08
:1039A400F0EE477AA2E5454BB7EE007ADFED446AC4
:1039B400D3ED007A019337EE677AE7EE267A85E550
:1039C400404B414D1968FFF7F2BA01212A683F487C
:1039D40019602B6802609B1A0B2B7FF6ECAD2B68E9
:1039E4000A2103603A4807F0EBFA0A2107463948EE
:1039F40007F0E6FA0A210646374807F0E1FAB7F578
:103A0400486F364B01F32487B7F5E16FC4F2228681
:103A14000E93B6F5486F324B41F324871A460F9341
:103A2400012313700D9BB0F5486F93ED008A2D4B65
:103A340044F31E831A461293012313700E9B1B78C2
:103A4400002B04F056840F9B1B78002B02F001819D
:103A54000023012219460C930592134689460A91C4
:103A6400C4E500BF202F0020793400202823002043
:103A7400142F0020AF3CFFFF6E032D00D34D6210C6
:103A840000004843182F0020BFF2FCFF84340020BC
:103A9400281B0020833400207F340020742F002052
:103AA400702F0020943400207B340020902F0020BD
:103AB40081340020EC2F002024300020201B002023
:103AC4006F12033B4C2F00203C3200201C230020AB
:103AD400902E0020BC2E0020E82E00206A34002006
:103AE4006B3400206C3400207734002078340020BC
:103AF4007EB92A0085340020D44BF3EE08DA9FED1A
:103B0400D40AB2EE089AD3ED000A0AF00DFDDFEDF7
:103B1400D1AAD14B60EE2ABA9FEDCD0AD3ED000AAB
:103B24000AF002FDCD4B20EE2ABA9FEDC90AD3ED6F
:103B3400000A0AF0F9FCCA4BF0EE6D0A9FEDC9DAEF
:103B4400D3ED007A60EE2AAADFEDC7CAB0EE000A10
:103B5400E7EE8D0A9FEDC5CA70EEEC0AC0EE890A45
:103B64000AF0E2FCC24BD3ED007AF0EE6D0A20EECF
:103B74000CAAB0EE000AE7EE8D0A70EEEC0AC0EE75
:103B8400890A0AF0D1FCBB4BD3ED007AF0EE6D0A42
:103B940060EE0C9AB0EE000AE7EE8D0A70EEEC0AC5
:103BA400C0EE890A0AF0C0FCB34B1A68D60720EEAF
:103BB4000C9A04D4B14A2968116001221A60B04BEE
:103BC4001A78002A41F09183AE4B1E682B689B1B28
:103BD400952BAD4B94BF012200221A7009D9A74B33
:103BE4001A682B689B1AB3F5FA5F02D9A74B002217
:103BF4001A70A74B1A78A74B0593002A41F0F58752
:103C04001878A54B19780993002841F0F287002908
:103C140041F0EF872B689B1BB3F5C86FC1F0E987B0
:103C24009E4B28681E68801B142846F205809C4819
:103C34009FED9C7A90ED00DADFED9B7A2DEE07DAAA
:103C44000690B4EEE7DA80ED00DAF1EE10FA06F150
:103C5400EE809FED964ADFED963ADFED964A2DEE23
:103C6400044A6DEE233A9FED947A6DEE244A93480C
:103C7400D0ED007A109038EE678AE8EE077AC0ED4E
:103C8400007A286818608E4BDFED8E7AD3ED005AE7
:103C9400B0EE67CA9FED8C7A77EEE57A2E688B4892
:103CA400E7EE875A0660C3ED005A0023002A02F0AB
:103CB40037878748D0ED007A864890ED007A0C90DB
:103CC400F4EEC77AF1EE10FA67FE877A002902F063
:103CD4002E87814890ED006A804890ED007A0A9022
:103CE400B4EEC76AF1EE10FA26FE076A002B02F062
:103CF40025877B4890ED007A7A48D0ED006A0B90D6
:103D0400B4EEE67AF1EE10FA27FE267AB4EEC76A2C
:103D14001340F1EE10FA26FE076AF4EE467AF1EE4D
:103D240010FA27FE866A012B02D1002903F0D18004
:103D34009FED645AF0EE456AF6EE087AA5EEA7DA2E
:103D4400B5EEC0DAF1EE10FA04F1A080F7EE007AD5
:103D5400B4EE67DAF1EE10FA37FE8DDADFED627A4F
:103D64009FED537A614BA5EEA77ADFED617AD3ED2F
:103D740000CA604BD3ED008A37EE047A9FED5E4AA9
:103D8400E5EE847AB4EEEC7AF1EE10FA77EEA37AEB
:103D940088BFF0EE47CAF4EEE87AF1EE10FA88BF75
:103DA400F0EE678ADFED557AE6EE278A78EEA68A8A
:103DB400F5EEC08AF1EE10FA04F17080DFED507A6E
:103DC400F4EE678AF1EE10FA77FEA88A9FED4D7A39
:103DD400DFED4D7A4D4BE5EE877A9FED4D7A93ED0D
:103DE400008A28EE088A77EEA47AB4EEE78AF1EE28
:103DF40010FA28FE278AA6EE078A38EE058AB5EE61
:103E0400C08AF1EE10FA04F14580F7EE007AB4EEC0
:103E1400678AF1EE10FA37FE888AF3EE047AB4EE7C
:103E2400E7AAF1EE10FA07D4DFED3B7AB4EEE7AA85
:103E3400F1EE10FA77FE8A7ADFF8D8B0DFED1C6A6B
:103E44009BED577A37EEC77A68E000BF681B002005
:103E540000004843CDCC4C3D6C1B0020701B00205F
:103E6400881B00200000904200008A420000DC43CE
:103E74008C1B0020901B0020342200202C230020C7
:103E8400773400203432002092340020763400202D
:103E940098340020993400209A340020A83200205D
:103EA400B8320020F6287C3F6F12833AEC51383E3A
:103EB400CDCCCC3DCDCC4C3E0AD7233D8032002026
:103EC4007C32002000000000BC74933CB43200201B
:103ED4009431002070320020983100207432002088
:103EE4009C310020783200209A99193E741B0020DE
:103EF4008FC2F53E801B0020295C0F3E8FC2753EA9
:103F0400EC51783FAE47613E0AD7A33D841B0020A5
:103F14006666E63ED42900200000FA44B0EEC77A73
:103F2400B4EEE67AF1EE10FA04F3EB80F3EE047AE1
:103F3400F4EEE79AF1EE10FA07D45FED097AF4EEA5
:103F4400E79AF1EE10FA77FEA97ADFF8FCA3DFED29
:103F5400E86A9AED577A37EEC77AB0EEC77AB4EECC
:103F6400E67AF1EE10FA04F3C580F3EE047AB4EEC7
:103F7400E79AF1EE10FA07D4DFEDDE7AB4EEE79AB1
:103F8400F1EE10FA77FE897ADB4FDFEDD96A97ED0F
:103F9400577A37EEC77AB0EEC77AB4EEE67AF1EE26
:103FA40010FA04F3A080DFEDD57AF4EEE7BAF1EE6F
:103FB40010FA07D4F2EE047AF4EEE7BAF1EE10FA4E
:103FC40077FEAB7A9BED587ADFEDCD6A37EEC77A90
:103FD400B0EEC77AB4EEE67AF1EE10FA04F37C8020
:103FE400DFEDC67AB4EEE7BAF1EE10FA07D4F2EEDA
:103FF400047AB4EEE7BAF1EE10FA77FE8B7A9AED12
:10400400587ADFEDBF6A37EEC77AB0EEC77AB4EEFE
:10401400E67AF1EE10FA04F34A80DFEDB87AF4EEB2
:10402400E7AAF1EE10FA07D4F2EE047AF4EEE7AA66
:10403400F1EE10FA77FEAA7A97ED587ADFEDB06ABE
:1040440037EEC77AB0EEC77AB4EEE67AF1EE10FA3C
:1040540004F32680B7EE007ADBED597ADFEDA96A26
:1040640077EE677AF0EEE77AF4EEE67AF1EE10FA9C
:1040740004F30680A44EF3EE027A9FEDA47AD6ED03
:1040840000DA6DEEA77AF4EEC77AF1EE10FA02F1D7
:104094001C879FED9F7AF4EEC77AF1EE10FA04F3D1
:1040A40061819FED9C7AC7EE870AB0EE000A0AF0A0
:1040B4003BFADAED597A9FED937A70EE677AF0EE77
:1040C400E77AF4EEC77AF1EE10FA03F3E087B2EE82
:1040D400087ADFED8E7A6DEEC7DAF4EEE7DAF1EE08
:1040E40010FA02F1EE86DFED8A7AF4EEE7DAF1EE09
:1040F40010FA04F32881DFED877ACDEEA70AB0EE3B
:10410400000A0AF011FAD7ED597A9FED7E7A70EE23
:10411400677AF0EEE77AF4EEC77AF1EE10FA03F379
:10412400CD87DFED7D7AF4EEE78AF1EE10FA03F144
:104134008B869FED7A7AF4EEC78AF1EE10FAB4EE2C
:10414400E78A37FE287A8BED607AF1EE10FA07D40D
:10415400F7EE007AB4EEE78AF1EE10FA77FE887A89
:10416400DFED6D6AF4EEE68AF1EE10FA04F11D81DA
:104174009FED6A7ACBED617AF4EEC78AF1EE10FA1C
:10418400B4EEE68A37FE287A8AED607AF1EE10FA08
:1041940003F16686F7EE007AB4EEE78AF1EE10FAE0
:1041A400F5EEC08A77FE887ACAED617AF1EE10FAEC
:1041B40004F123819FED597AF4EEC78AF1EE10FAE7
:1041C40037FE287AB5EEC08AF1EE10FA05F1F482D2
:1041D400F7EE007AB4EEE78AF1EE10FA77FE887A09
:1041E400DFED4F5ADFED4F6A9FED416AECEE256A31
:1041F40087ED607A9FED4C7AC7ED617AEDEE066A41
:10420400F4EEC76AF1EE10FA02F13386DFED477A75
:10421400F4EE676AF1EE10FA77FEA66A444B93F85F
:104224000080444B0E93B8F1000F00F0A7801B7878
:10423400002B40F0A380069B9FED2D7AD3ED007AEE
:1042440077EE877AF5EEC07AF1EE10FA04F15F8426
:10425400B7EE007AF4EE477AF1EE10FA77FE277A99
:10426400069ADBF89031DFF8E4B0C2ED007ADFEDB6
:10427400325A5A469FED316A0BF5A27630483149DD
:1042840000FB0313243207EE903A00FB0313B8EE4D
:10429400E77A07EE903AF8EEE77A27EE257A67EEAA
:1042A400A57A27EE067A67EE867A82ED037AC2ED66
:1042B400047A9642E4D100FB0311F5EEC06A07EEDE
:1042C400901ACBF89011F1EE10FAF8EEE77A67EE57
:1042D400A57A67EE867ACBED627A05F19282F7EEE3
:1042E400007AF4EEE76AF1EE10FA77FEA67A2FE090
:1042F400CDCCCC3D0000FA44FC2C0020CDCC4C3D70
:104304006F12833A17B7D138BC320020000048C27C
:10431400000048420000964400000000EC51783F41
:104324008FC2F53DEC51383F9A99193F3333733FAF
:10433400983400206D340020000000300AD7233C5C
:104344000D6619005FF36E3C682B0020D429002011
:10435400F5EEC0CACBED5B7AF1EE10FA05F14D82B1
:10436400F7EE007AF4EEE7CAF1EE10FA77FEAC7AD3
:104374004FF40073CBED5C7ACBF87431059B93F862
:1043840000C0D24B0F93BCF1000F74D01B78002BEC
:1043940071D1069B9FEDCE7AD3ED007A77EE877AC2
:1043A400F5EEC07AF1EE10FA04F1B983B7EE007AB3
:1043B400F4EE477AF1EE10FA77FE277A069ADAF8E5
:1043C4009031DFF848A3C2ED007ADFEDC25A5246BD
:1043D4009FEDC16A0AF5A276C048C14900FB0313E8
:1043E400243207EE903A00FB0313B8EEE77A07EEA7
:1043F400903AF8EEE77A27EE257A67EEA57A27EE6B
:10440400067A67EE867A82ED037AC2ED047A9642E2
:10441400E4D100FB0311F5EEC06A07EE901ACAF866
:104424009011F1EE10FAF8EEE77A67EEA57A67EEEE
:10443400867ACAED627A05F1DC81F7EE007AF4EE51
:10444400E76AF1EE10FA77FEA67AF5EEC0CACAED75
:104454005B7AF1EE10FA05F1C881F7EE007AF4EE1A
:10446400E7CAF1EE10FA77FEAC7A4FF40073CAEDA6
:104474005C7ACAF87431099BDFF894921E78002E96
:1044840074D099F80030002B70D1069B9FED907A80
:10449400D3ED007A77EE877AF5EEC07AF1EE10FA72
:1044A40004F13983B7EE007AF4EE477AF1EE10FAAC
:1044B40077FE277A069AD7F890318A4FC2ED007AB0
:1044C400DFED845A3A469FED846A07F5A27E83485D
:1044D400834900FB0313243207EE903A00FB0313D5
:1044E400B8EEE77A07EE903AF8EEE77A27EE257A07
:1044F40067EEA57A27EE067A67EE867A82ED037A6E
:10450400C2ED047A9645E4D100FB0311F5EEC06ACE
:1045140007EE901AC7F89011F1EE10FAF8EEE77A68
:1045240067EEA57A67EE867AC7ED627A05F159815E
:10453400F7EE007AF4EE676AF1EE10FA77FEA66AF7
:10454400F5EEC0CAC7ED5B6AF1EE10FA05F14581DC
:10455400F7EE007AF4EE67CAF1EE10FA77FEACCA11
:104564004FF40073C7ED5CCAC7F874310F9B89F828
:10457400006083F800C05C4E0E9BDFF898913268AF
:1045840083F80080D9F800309A4242F0BD84574E37
:10459400DFF884917379B8F1000F02F03D84002BA9
:1045A40004F0D4803379002B42F03B84D6ED00BA7A
:1045B400059B86F8058093F80080737CB8F1000FA2
:1045C40002F0F983002B04F0AF80337C002B42F01F
:1045D400F78396ED03BA099B86F8118093F800805F
:1045E400737FB8F1000F02F0B983002B04F06B80E5
:1045F400337F002B42F0B783D6ED06AAF3EE047A9C
:1046040086F81D80B4EEE7AAF1EE10FA42F1918328
:104614000F26F3EE047A364B1E70F4EEE79AF1EEB1
:1046240010FA42F171830F23F3EE047ADFF8EC8081
:1046340088F80030B4EEE79AF1EE10FA42F1D7822E
:104644000F232C490B702C4B1B78002B02F0E982B2
:104654002A4B1A78002A04F04080059B284E1B78C8
:10466400002B02F01B843378002B04F07980099B23
:10467400244E1B78002B02F000843378002B04F0C6
:1046840041801D4B1B78002B42F05E82059B1B78FA
:10469400002B42F05982099B1B78002B42F0548274
:1046A400194A2B6811685B1A092B03F20E85DFED9A
:1046B400227AF4EEE78AF1EE10FA03F1F3839FED28
:1046C400187AF4EEC78AF1EE10FA37E06E3400205F
:1046D400CDCCCC3D000000300AD7233C0D66190038
:1046E4005FF36E3CFC2C00201C2F00204432002081
:1046F400B01B0020B21B0020983400208734002017
:1047040088340020893400204C220020682B0020AB
:104714006F34002020230020B0320020B11B002081
:10472400EC51783F00006144A4703D3FEC51383EA9
:10473400AE47613E1F85AB3F00000000B4EEE78A40
:1047440037FE287A8BED607AF1EE10FA07D4F7EE93
:10475400007AB4EEE78AF1EE10FA77FE887A1FED5C
:104764000A7AF4EEC78AF1EE10FA03F134861FEDEB
:10477400147ACBED617AF4EEC78AF1EE10FAB5EE55
:10478400C08A37FE287A8AED607AF1EE10FA03F1D6
:104794009583F7EE007AB4EEE78AF1EE10FAF5EEBF
:1047A400C08A77FE887ACAED617AF1EE10FA03F1D5
:1047B4000E865FED257AF4EE678AF1EE10FA77FE45
:1047C400A88AB5EEC08AF1EE10FA04F1F187F7EE8B
:1047D400007AB4EE678AF1EE10FA37FE888AD9F8C7
:1047E40000202B681FED316A9B1A5FED316A079A2E
:1047F40007EE903A08994BF65103C7ED608AB8EE7C
:10480400677A87ED618AD361CB61C7EE067AC2E924
:104814000833C1E9083377EEA67AF4EEE67AF1EECE
:1048240010FA02F1F582B7EE007AF4EE477AF1EE6F
:1048340010FA77FE277AF7EE006A1FED445A069BBA
:104844001FED456AB0EE667AD3ED005AACEE057AF8
:10485400A5EE867AB4EEE67AF1EE10FA03F1E88278
:104864005FED4C6AB4EE667AF1EE10FA36FE877AA2
:10487400019BF5EEC0BAD3ED006AF1EE10FA67EED3
:10488400A67AB8BF5FED54BA67EE877A67EEABBA23
:10489400F5EEC0BAF1EE10FA03F1C682B0EE007A7A
:1048A400F4EE47BAF1EE10FA77FE2BBAB5EEC0BAC1
:1048B400CBED63BAF1EE10FAB8BF1FED61BA27EE83
:1048C4008BBAB5EEC0BAF1EE10FA03F1A982B0EEDC
:1048D400007AB4EE47BAF1EE10FA37FE0BBAF5EEF1
:1048E400C0AA8AED63BAF1EE10FAB8BF5FED6EAA02
:1048F40027EEAA0AB5EEC00AF1EE10FA03F18C8293
:10490400F0EE007AB4EE670AF1EE10FA37FE800A90
:1049140087ED630A2D4A2B6811685B1A132B42D961
:104924002B681360029B012B02F07D800121022081
:1049340007F0F8FA002302930299032007F0F2FA31
:10494400234A1378002B01F06382224B19682B68E9
:104954005B1AB3F5167F81F05B82DFF884B0042024
:10496400DBF80020002A0CBFFF21002107F002FD24
:10497400DBF800200520012A0CBFFF21002107F0ED
:10498400F9FCDBF800200620022A0CBFFF210021DD
:1049940007F0F0FCDBF800300920032B14BF21469C
:1049A400FF2107F0E7FC0C4B1A68D00741F1928114
:1049B4000A492B680A689B1A40F6B832934201F2FE
:1049C400958121B0BDEC0E8BBDE8F08FA82F00209F
:1049D4007E340020642F0020382200203023002061
:1049E400D02F00202B680A21AC48136006F0E8FAA7
:1049F4000A218146AA4806F0E3FA0A210746A94893
:104A040006F0DEFAA8490646A84AA9484B46FDF72F
:104A14001DFF01313B46A74AA74807EE909AFDF7D0
:104A240015FF33460131A54AA548FDF70FFFF8EEFF
:104A3400E77ADFEDA46A9FEDA47A77EEE67AC7EE13
:104A4400876AF5EEC06AF1EE10FA00F15B84F7EEC6
:104A5400007AF4EE676AF1EE10FA77FEA66A07EEC2
:104A6400907A9FED987A9FED986AF8EEE77A77EE60
:104A7400C77A87EE867AB5EEC07AF1EE10FA03F1C2
:104A8400DF81F7EE007AB4EE677AF1EE10FA37FEC2
:104A9400877A07EE906ADFED8C5AB8EEE76ADFEDAD
:104AA400897A36EE676AC6EE257AF5EEC07AF1EEBB
:104AB40010FA03F1C181B7EE006AF4EE467AF1EE22
:104AC40010FA76FE277A7A4B1978002901F0CE87FE
:104AD4009FED7E6AF4EE466AF1EE10FA98BFF0EEAE
:104AE400466A754B1A787A4BC3ED006A002A01F0C6
:104AF400B9879FED766AB4EE467AF1EE10FA98BF64
:104B0400B0EE467A6E4B73481B7880ED007A002B2A
:104B140001F0A4879FED6D6AF4EE467AF1EE10FA87
:104B240098BFF0EE467A6C48C0ED007A59B96B48EC
:104B3400DFED6B5A90ED006A2E6826EE256A80ED53
:104B4400006A684806605AB96748DFED655A90ED17
:104B5400006A2E6826EE256A80ED006A63480660C6
:104B64005BB96348DFED5E5A90ED006A2E6826EE6D
:104B7400256A80ED006A5F48066049B359490868B0
:104B84002968091AB1F5966F22D99FED5B6A5349DA
:104B940066EE866ADFED595A91ED006A0C9136EEA5
:104BA400256AB4EEE66AF1EE10FA26FE266AB5EE40
:104BB400C06AF1EE10FA03F1D087F7EE006AB4EEA2
:104BC400666AF1EE10FA36FE866A0C9981ED006A87
:104BD4004AB3464A11682A68521AB2F5966F22D926
:104BE400DFED456A404A27EE267A9FED446AD2ED0E
:104BF400006A0A9276EE866AF4EEC76AF1EE10FA5B
:104C040066FE876AF5EEC06AF1EE10FA03F18F874B
:104C1400B7EE007AF4EE476AF1EE10FA77FE266AF0
:104C24000A9AC2ED006A002B3EF46DAA314B1A6851
:104C34002B689B1AB3F5966F7EF665AA9FED2E7AC4
:104C44002B4B67EE877ADFED2D6A93ED007A0B9399
:104C540037EE267AB4EEE77AF1EE10FA27FE277AD9
:104C6400B5EEC07AF1EE10FA03F15D87F7EE007A43
:104C7400B4EE677AF1EE10FA37FE877A0B9B83ED78
:104C8400007AFEF740BA1E4C2378002B3EF4A3A909
:104C940005931C4B83ED007AFEF79DB9902E0020FE
:104CA400BC2E0020E82E002068320020641B002067
:104CB40098340020651B002099340020661B0020D6
:104CC4009A3400200080ED4500006144295C8F3E49
:104CD40094310020983100209C3100207032002053
:104CE4009A99593FA031002074320020A431002049
:104CF40078320020A8310020CDCC0C3F6F12033B4A
:104D040094340020242F00200F9B1B780A93002B3F
:104D140040F0AF85002A43F0F482002399461A46F6
:104D240019460B930A930C9305931393BA4E306868
:104D3400C00704D4B9482F68076001203060B84E1A
:104D44003068C70704D4B7482F6807600120306073
:104D5400B54E3068C00704D4B4482F6807600120FA
:104D64003060B34F23B1387810B92E68AB48066071
:104D7400B04E31B1307820B9D5F800C0A948C0F898
:104D840000C0AD4852B190F800C0BCF1000F05D18D
:104D9400D5F800E0DFF894C2CCF800E03B70317045
:104DA4000270002B00F0FD879C4BF0EE086ADFEDEB
:104DB400A35A18682B689FEDA26A1B1A07EE903A53
:104DC400F8EE677A87EEA57A77EE467AC7EEA69A6A
:104DD400F5EEC09AF1EE10FA00F1E387F7EE007AEF
:104DE400F4EE679AF1EE10FA77FEA99A002900F022
:104DF400DD878C4BF0EE086ADFED905A19682B685A
:104E04009FED8F6A5B1A07EE903AF8EE677A87EEA9
:104E1400A57A77EE467A87EEA69AB5EEC09AF1EEB9
:104E240010FA00F1C387F7EE007AB4EEE79AF1EED8
:104E340010FA41F3F185B0EE679A002A40F0BB877F
:104E4400F0EE49AA9FED7FAA7F4BF4EE499ADFED7D
:104E54007F7A93ED007AF1EE10FA38EE478A29FE54
:104E6400899AA8EE277A83ED007A059B002B40F0FF
:104E74000087DFED777AB4EEE77AF1EE10FA40F1CD
:104E8400F886F7EE006A9FED736A734BD3ED007AF0
:104E9400069376EEE76AE6EE867AF5EEC07AF1EEF0
:104EA40010FA01F1BF82F7EE006AF4EE667AF1EED1
:104EB40010FA76FEA77ADFED696A069BB4EEE67A0D
:104EC400C3ED007AF1EE10FA02DD2A68644B1A6031
:104ED400059B002B01F03080624B0022624E1A6069
:104EE4003368DA0743F14F84604B1093604B1A68C0
:104EF400D70741F190825F490A682B689B1A182BE7
:104F04001BD95D4B2A681B780A60002B01F09B8239
:104F140000231F46594E3278FF2A05D09A1A002AD8
:104F2400B8BF5242012A08DD1B044DF20D0003F400
:104F3400FE03184308F098FA3770059B002B40F0E5
:104F4400BE850E9B1B783BB90F9B1B7823B9129B24
:104F54001B78002B00F0B385069BDFED497A93EDB7
:104F6400006A9FED487A484BA6EE277ADFED476A40
:104F7400D3ED007AB4EEE77AF1EE10FA88BFF0EEE2
:104F8400477AE9EE267AF5EEC07AB0EE67BAF1EE2A
:104F940010FA02F1EB87F7EE007AB4EE67BAF1EE9D
:104FA40010FA37FE8BBA0C9B0A9A134343F03C82E7
:104FB400099B002B43F038829FED228A344BDFEDAE
:104FC400307A93ED007A0B9B38EE078AAAEEA78A13
:104FD400002B02F00D879FED2F7ADFED2A7AE9EEA0
:104FE400077A38EE278AB5EEC08AF1EE10FA02F19C
:104FF4000987DFED297AB4EE678AF1EE10FA37FEFD
:10500400888A264B9FED267AD3ED008ADFED257A38
:10501400E9EE078A4CE000BF3C2200203423002044
:105024004022002038230020442200203C2300207A
:1050340070340020713400207234002000007A445F
:105044003333B33E00000000BC310020CDCCCC3C57
:10505400EC51383DBC74933BB83100206F12033DD2
:10506400C4310020B43100202C2200207F340020E1
:10507400482200204023002078340020AE1B00206A
:10508400EC51383E8FC2F53D401B00200AD7233E29
:10509400441B0020295C0F3EEC51783FC8310020AE
:1050A400AE47613E000038420000504200003042EA
:1050B40068EEA78AF5EEC08AF1EE10FA02F15A877B
:1050C400F4EE678AF1EE10FA77FEA88A0C9B002BA7
:1050D40002F07C86B3EE097A5FED0D7A0A9BA9EEA5
:1050E400A77A002B40F05284099B002B03F0018522
:1050F400BBEE049A5FED137AAAEE679A00F04CBCFB
:10510400029B012B00F0C1833378FBB9954B1B68DC
:10511400002B44F08483944B1B78002B03F0ED8424
:10512400B6EE007ADDED1A7A9FED900A77EEC77A33
:1051340027EE800A09F0D8FB18286FF01703A8BFE0
:1051440018209842B8BF1846894B1870737813B961
:10515400884B1B9A1A60B37813B9874B1C9A1A6050
:10516400F37813B9854B1D9A1A60337913B9844BBC
:105174001E9A1A607379002B7EF4B9A8814B1F9A8A
:105184001A60FEF7B4B8804B07931B78002B40F0ED
:10519400CB807E4B1A682B689B1A40F6B732934239
:1051A4007B4B03933EF6E9AB1B78002B03F0188589
:1051B400029B012B04F08C83DFF834B2F7EE008AF3
:1051C400744EDBF80000DFF82CA20130724F9FED23
:1051D400738AD0F1000C00F003000CF0030C58BFEC
:1051E400CCF10000CBF80000FDF706F96C484FF055
:1051F40001022B6802706B48069403604B466A48B0
:10520400B1466A4C02702868386037460E202E4634
:1052140055469A4601E054F8040FC0B206F034FC37
:1052240007EE900A4FF00103B8EEE77A07F8013B66
:105234005F4BC7EE087A78EEE77AE5EC017AAB4289
:10524400E9D10B215B48069C08F0CEFEDBF8002078
:105254003546594B4E46D14653F8227037B138463D
:1052640009F0D6FE0146384608F0BEFE534806F063
:1052740001FB03F0BDBF00221A60FEF789B8504B52
:105284001968FEF76FB84F4B1A68002A3EF495A8C8
:10529400D3F800A042F6F7639A457EF68EA84A4BEF
:1052A4001722012716A914931CA81A93474B1A70A6
:1052B400474B37701693FCF701FE464B1AA9464834
:1052C400A3FB0A231B0903EB4303DA00013A06F0AC
:1052D400B1F91A9B1CA8DB689847149B16A8DB68D5
:1052E400984789F80070FEF768B800222E681A7093
:1052F40001223A4B1E603A4B1A702A68394B1A60E5
:10530400FEF764BCDFED386AFFF7A9BB002A40F062
:10531400A084002101230A46894605910C93139128
:105324000B91CDE9091101E5194B1A4E0393FEF7D0
:1053340025BB01271F70029BBB4204F0C98014499E
:10534400B7EE008A294A0E200B78DFED148A83F029
:105354000103DFF8A0A0DFF83CB0144E03911370F2
:105364000B704BE0742F0020783400200000404282
:105374008D340020541B0020581B0020441B0020A7
:10538400341B0020381B00207B340020502F0020C9
:1053940094340020902F00209C32002000C07F44D1
:1053A4007E340020642F00209B3400204C06002013
:1053B400902F002098090020A8140020C014002079
:1053C400142F0020281B0020E40600208434002031
:1053D40055020000ABAAAAAA2C1B002034320020DC
:1053E400763400202C230020000000009534002097
:1053F400D02F0020782F002056F8040FC0B206F0FA
:1054040043FB07EE900AE24BB8EEE77A0BF8017B18
:10541400C7EE287A78EE677AEAEC017A5345EBD145
:10542400DC4B4FF0FF32C3E900229A60039B1B78E8
:10543400002B03F04D82D84BF3EE087ADFEDD76AE8
:10544400002193ED006A4CF6CC439FEDD57AF2EE41
:10545400080AE6EE267AD34FD34E002207974FF080
:105464007C50DFF88CB3B0EE000ADFF888A332601A
:1054740077EEC77AF260B261B180C7EEA00A3182DA
:10548400B183CBF87821CBF87C01CAF87821CAF82B
:105494007C01C7E90613C7E90833C44FC7E90613FB
:1054A400C7E90833089709F03FF8DFEDC17A20EE29
:1054B400270AF3EE047AB4EEE70AF1EE10FA04F1E7
:1054C400FF82DFEDBC7AB4EE670AF1EE10FA37FE24
:1054D400800ADFF824B39FEDB87ADBED577A70EEDB
:1054E400677AF0EEE77AF4EEC77AF1EE10FA04F395
:1054F4005383B24B9FEDB20AD3ED000A09F014F8BE
:10550400DFEDB07A20EE270AB4EEE70AF1EE10FAE6
:1055140004F1EA82F2EE047AB4EE670AF1EE10FACC
:1055240037FE800ADBED587A9FEDA77A70EE677A32
:10553400F0EEE77AF4EEC77AF1EE10FA04F3098399
:10554400A24BF3EE087ADFED956AF2EE080A93EDCA
:10555400006AB0EE000A9FED927AE6EE267A77EEC4
:10556400C77AC7EEA00A08F0DFFFDFED917A20EEDC
:10557400270AF3EE047AB4EEE70AF1EE10FA04F126
:10558400AF82DFED8C7AB4EE670AF1EE10FA37FEE3
:10559400800ADFF868A29FED887ADAED577A70EE18
:1055A400677AF0EEE77AF4EEC77AF1EE10FA04F3D4
:1055B400EC82874B9FED820AD3ED000A08F0B4FF1A
:1055C400DFED807A20EE270AB4EEE70AF1EE10FA56
:1055D40004F18282F2EE047AB4EE670AF1EE10FA74
:1055E40037FE800ADAED587A9FED777A70EE677AA3
:1055F400F0EEE77AF4EEC77AF1EE10FA04F3BE8225
:10560400744BF3EE087ADFED656AF2EE080A93ED67
:10561400006AB0EE000A9FED627AE6EE267A77EE33
:10562400C77AC7EEA00A08F07FFFDFED617A20EEAB
:10563400270AF3EE047AB4EEE70AF1EE10FA04F165
:105644004782DFED5C7AB4EE670AF1EE10FA37FEBA
:10565400800A614F9FED587AD7ED577A70EE677ADA
:10566400F0EEE77AF4EEC77AF1EE10FA04F37F82F3
:105674005A4B9FED530AD3ED000A08F055FFDFEDB6
:10568400517A20EE270AB4EEE70AF1EE10FA04F19B
:105694001B82F2EE047AB4EE670AF1EE10FA37FEDA
:1056A400800AD7ED587A9FED487A70EE677AF0EE6B
:1056B400E77AF4EEC77AF1EE10FA04F35182484B1C
:1056C40093ED007A474BB5EEC07AD3ED007AF1EE54
:1056D40010FA67EEA77A04F12682DFED436AB7EE8B
:1056E400006AB4EEE67AF1EE10FAF4EE467A76FE4B
:1056F400876AF1EE10FA76FE277AB5EEC07AF1EEFB
:1057040010FA04F1F5819FED386AB4EEC67AF1EE31
:1057140010FA44F3EF81B0EE467A4FF07E53CBEDAE
:10572400606ACBED617ACBF88C314FF0000BCAF88C
:105734008C318AED607ACAED617A4FF0000AA6F8DE
:1057440004B0C6F800A0C7F88C3187ED606AC7EDD5
:10575400617A06F0BDFBC6F80CA0B060A6F810B0E4
:1057640006F0B6FBC6F818A0A6F81CB0706106F0E7
:10577400AFFB1E4F4BF65103079A0899D361CB61D7
:1057840013620B6253624B623B783062FF2B37E04B
:10579400902F0020141B0020881B00200000904242
:1057A40000008A42EC2F00204432002024300020E4
:1057B4000000DC430000FA44CDCCCC3D681B002043
:1057C40000004843CDCC4C3D6F12833A8C1B002023
:1057D4006C1B0020901B0020FC2C0020701B002060
:1057E400801B0020841B0020EC51783FAC1B002060
:1057F400AC26002040280020D4290020682B00205B
:1058040009D01B0448F2080003F4FE03184307F010
:105814002BFEFF233B70434E3378FF2B09D01B0430
:1058240048F2080003F4FE03184307F01DFEFF23AB
:1058340033703D4A01212B683C4F11700E213C48C6
:105844003B6008F0D1FB3B4806F014F8FDF783BC3D
:105854001A460E93B6F5486F4FF001031370364B9A
:105864003EF7DCA8B6F5E16FC2F211870F93FEF79D
:10587400D9B8002A42F040854FF000094B46CDF8D4
:105884003090CDF81490FDF7B1BE337813B92B4B9B
:105894001A9A1A60737813B9294B1B9A1A60B37851
:1058A40013B9284B1C9A1A60F37813B9264B1D9A26
:1058B4001A60337913B9254B1E9A1A607379002B39
:1058C4007DF415AD224B1F9A1A60FDF710BD337895
:1058D40013B9204B1A9A1A60737813B91E4B1B9A8A
:1058E4001A60B3782BB91D4B1C9A1A602A681C4B9A
:1058F4001A60F3782BB91B4B1D9A1A602A68184B4F
:105904001A60337913B9184B1E9A1A607379002BF5
:105914007DF4EDAC154B1F9A1A602A68104B1A607F
:10592400FDF7E5BCAD1B00209B3400209C32002019
:105934007C090020C01400206B340020401B002090
:10594400481B00203C1B0020C83100204C1B0020B9
:10595400501B00207C1B0020781B0020801B002093
:10596400A4320020741B0020BC320020841B0020C1
:105974000000000000005042000048C2ABAA2ABD4B
:105984000A9B002B03F0A7801FED077AB3EE099A58
:105994005FED087AAAEEA79A0B9B2BB1F3EE0E7A71
:1059A400A9EEA77AAAEE679A5FED0D7AB4EEE77ACC
:1059B400F1EE10FA42F1A3825FED100ADFF8ECB2C7
:1059C400B0EE000A08F0B0FD9FEDAD7ADBED597A38
:1059D40070EE677AF0EEE77AF4EEC77AF1EE10FA39
:1059E40002F39D8339EE289ADFEDA67AB4EEE79AA6
:1059F400F1EE10FA02F1E681DFEDA37AB4EEE79A54
:105A0400F1EE10FA02F31485DFEDA07AC9EE270A4D
:105A1400DFF89CA2B0EE000A08F086FDDAED597AB0
:105A24009FED977A70EE677AF0EEE77AF4EEC77A34
:105A3400F1EE10FA02F37A83DFED957AB4EEE78A99
:105A4400F1EE10FA02F182829FED927AB4EEC78AE7
:105A5400F1EE10FAB4EEE7BA77FE086ACBED606AAD
:105A6400F1EE10FA02F18A85F7EE007AB4EEE7BAA5
:105A7400F1EE10FAB5EEC08A77FE8B7ACBED617A3F
:105A8400F1EE10FA02F17685DFED827AB4EEE78A60
:105A9400F1EE10FA01DD9FED7F8AB5EEC0BAF1EEAA
:105AA40010FA03F19686F7EE007AB4EE67BAF1EED7
:105AB40010FA37FE8BBA8AED608A8AED61BA019BCF
:105AC400DFED756AD3ED007A9FED747A67EEA67AFE
:105AD400F4EEC77AF1EE10FA00F3F8819FED707AD4
:105AE400F4EEC77AF1EE10FA00F1B487B0EE677AFB
:105AF400BEEEC87A17EE103A04F1C7811A46079928
:105B040010988B61089B9A610378002B3EF402AFD6
:105B1400644BB2EE027AF6EE007A634AD3ED006A81
:105B240000211688E6EE877A017030090B4680EA78
:105B34001620760800F00100FDEEE77A46EA00261A
:105B440017EE900A16800928A8BF09200328B8BFB9
:105B5400032046FA01F202F001028A4001311343A4
:105B640088429BB2F5D1002BF7EE006A9FED487A8C
:105B74004FF0000208BF07234C4943FA02F70132F1
:105B8400243117F0010F47FE267A092AC1ED057A60
:105B9400F3D13309002183EA1623760803F00103C5
:105BA40046EA03260B4646FA01F202F001028A4055
:105BB4000131134388429BB2F5D1002BF7EE006A02
:105BC4009FED337A4FF0000208BF0723384943FAA8
:105BD40002F00132243110F0010F47FE267A092A1F
:105BE400C1ED057AF3D1FEF795BE324918780991D3
:105BF4000978314F2B683E689B1B142B40F2458774
:105C04002E4B9FED2F7A93ED00DADFED2E7A2DEEF9
:105C140007DA0693B4EEE7DA83ED00DAF1EE10FA70
:105C240044F12880DFED1A7A069BB0EE67DA9FED27
:105C3400267AC3ED007A254BD3ED007A109338EE23
:105C4400678AE8EE077AC3ED007A2B683B6000F0C0
:105C54002CBF4FF00009012349461A46CDF828907D
:105C6400CDF83090CDF81490CDF84C900B93FFF70D
:105C74005DB8DFED076A9FED166AFFF706B900BF4E
:105C840017B7D138000048C20000484200009644CB
:105C940000000000EC51783FEC51383F00FEFF4615
:105CA40000FEFFC64C1B0020AA1B0020AC260020CF
:105CB400402800209A340020A8320020B832002066
:105CC400F6287C3F6F12833A0AD7233D80320020A6
:105CD400BC74933C01202A687D4918602B680A60D3
:105CE4009B1A40F6B83293427EF66BAE2B68794825
:105CF4000B60042108F078F9774B4FF4C851774AC8
:105D04001B88DFED776A01FB03F392ED007A022131
:105D1400744807EE903AB8EE477AF8EEE77A67EE01
:105D2400A67A87EE870AB7EEC00A05F0C5FD0621FC
:105D34006D4808F059F96D4B6A48198805F08EFDD5
:105D440006216B4808F050F9039B6A4A022118782F
:105D5400694B002814BF1046184608F045F906217F
:105D6400664808F041F90D9B03215E4893ED000A53
:105D7400B7EEC00A05F0A0FD0921614808F034F926
:105D8400019B0321574893ED000AB7EEC00A05F0C2
:105D940093FD544821B0BDEC0E8BBDE8F04F05F0E7
:105DA40069BDDFED589A00297FF423A89FED559A29
:105DB400002A3FF445A8544BF0EE086ADFED535A2D
:105DC4001A682B689FED526A9B1A07EE903AF8EE18
:105DD400677A87EEA57A77EE467A87EEA6AAB5EEBD
:105DE400C0AAF1EE10FA00F11A86F7EE007AB4EECA
:105DF40067AAF1EE10FA37FE8AAAB4EEC9AAF0EE49
:105E040049AAF1EE10FA88BFB0EE4A9AFFF71CB81F
:105E1400039B1B78002B02F096803E4B00211B78DD
:105E2400117033B93C4B1B781BB93C4B1B78002BCE
:105E340037D001233A4E3B4F33702B683B60DFF879
:105E4400F4B00420DBF8001000290CBFFF2100216E
:105E540006F090FADBF80010052001290CBFFF21A1
:105E6400002106F087FADBF80010062002290CBF97
:105E7400FF21002106F07EFADBF800300920032B15
:105E840014BF2146FF2106F075FA3A682B689B1A65
:105E940040F6AC5293427EF686AD00233370FEF793
:105EA40082BD1F4E3378002B43F0DD871E4B0498D0
:105EB400D3ED000A0D9BD3ED001A1C4BB0EE611A12
:105EC40093ED000AFCF7B0FBFEF76DBD184B15E629
:105ED40030230020F80900204C340020BC1400209A
:105EE4000044AC43C0140020000A002048340020C1
:105EF400080A00207809002074090020100A0020F4
:105F0400180A0020000000003C23002000007A440E
:105F14003333B33E98340020993400209A3400205F
:105F24009B3400209C320020242F0020182F0020B6
:105F34000000FF7FD02F00209E4B40F28A211A6878
:105F44002B689B1A8B4240F274852B68F7EE006A2B
:105F54009FED996AA3F28A239B1A07EE903AF8EE12
:105F6400677A87EE867AB4EEE67AF1EE10FA40F3B9
:105F74005D82924B1193C3ED006A914940F28A22EB
:105F84002B6809685B1A934240F2FE818D4B9FEDAA
:105F94008E6A93ED00BA8D4BB4EEC6BADFED8C6A0F
:105FA40093ED008A8B4BF1EE10FADFED8B7AB4EEB1
:105FB400E68AD3ED008A894B2BFE06BA9FED880A48
:105FC400F1EE10FAD3ED000AF4EEE68A28FE268AF2
:105FD400F1EE10FAF4EEE70A68FEA68AF1EE10FA82
:105FE40060FEA70A08F0A0FA7E4BDFED7F7A00225C
:105FF4001F8860EE27BA134647F06F0141FA02F09A
:1060040000F00100904001320343072A9BB2F5D10E
:10601400764E002BF7EE006A9FED7C7A08BF0723CB
:106024000022B346314643FA02F00132243110F023
:10603400010F47FE267A092AC1ED057AF3D17808C3
:10604400002140F07B000B4640FA01F202F001020D
:106054008A400131134307299BB2F5D1644F002BC9
:10606400F7EE006A9FED697A08BF07230022BA465B
:10607400394643FA02F00132243110F0010F47FE91
:10608400267A092AC1ED057AF3D1DFED577AF4EEC9
:10609400E7BAF1EE10FA02F11481F2EE047A9BED04
:1060A400587ADFED546AF4EEE7BAF1EE10FA77FEAF
:1060B400AB7A37EEC77AB0EEC77AB4EEE67AF1EE91
:1060C40010FA02F30F81DFED487AF4EEE7BAF1EE4D
:1060D40010FA02F10381F2EE047AF4EE67BAF1EEFB
:1060E40010FA77FEABBADAED587A9FED427A7BEE7E
:1060F400E77AF0EEE77AF4EEC77AF1EE10FA02F3FB
:10610400BF823D4BDFED3D6AD3ED007A9FED3C7AD3
:1061140067EEA67AF4EEC77AF1EE10FA81F2FB8606
:10612400B5EEC0BA00238BED5E7AF1EE10FA02F1FF
:106134000285F0EE477AB7EE007AB4EEC7BAF1EE14
:1061440010FAF5EEC07A77FE0B6ACBED5F6AF1EEDA
:1061540010FA03F10783F4EE477AF1EE10FA77FEB2
:10616400277AB5EEC0BAF1EE10FA02F1F284B7EE76
:10617400007AB4EEC7BAF1EE10FA37FE0B7AF5EEF8
:10618400C08ACAED5E7A8AED5F7AF1EE10FA43D4E2
:10619400DFED1C7AF4EEE78AF1EE10FA02F36F8376
:1061A400B5EEC08AF1EE10FA3ED59FED188A02F0E2
:1061B4004EBB00BFC431002000006144B431002054
:1061C400C0310020341B00207B14AE3E401B002055
:1061D400CDCC4C3E441B00208FC2753E381B0020A2
:1061E40000004843AA1B0020CDCC4C3DAC26002027
:1061F400402800206F12833A501B0020CDCC4C3F26
:106204009A99993E1F856B3F9A99593F0000000067
:10621400000000300AD7233C5FED048AB5EEC08A43
:10622400F1EE10FA03F1D0825FED097AB4EEE78A59
:10623400F1EE10FA02F309835FED0C7AF4EEE78ACB
:10624400F1EE10FA43F11A84B5EEC08ACBED607A10
:10625400F1EE10FA43F18C80F0EE678ACBED617AAF
:10626400B0EE678A1FED165A5FED165ADBF89031CF
:1062740081488249824ACAED608A8AED618A01FBBB
:106284000323243607EE903A01FB0323B8EEE77AA2
:1062940007EE903AF8EEE77A27EE057A67EE857A0C
:1062A40027EE257A67EEA57A86ED037AC6ED047AA1
:1062B400B042E4D101FB03229FED726ADFED726A02
:1062C40007EE902ACBF89021DAF89031F8EEE77ACD
:1062D4006E486A496A4A67EE857A67EEA57ACBED1D
:1062E400627A01FB0323243707EE903A01FB032370
:1062F400B8EEE77A07EE903AF8EEE77A27EE067AF8
:1063040067EE867A27EE267A67EEA67A87ED037A19
:10631400C7ED047AB842E4D101FB0322B5EEC0BA5A
:1063240007EE902AF1EE10FAF8EEE77A67EE867A35
:1063340067EEA67A03F10C80B7EE007AB4EEC7BA22
:10634400F1EE10FA01DDB0EE47BAB0EE4B7A504BE5
:106354001321CAF89021CBF86C31CAF86C314FF490
:1063640000734C4ACBF87431CAF874312B684A482C
:10637400CAED627A8BED5CBA8AED5C7A136007F041
:1063840033FE464805F076FA454E3368D90740F1A6
:106394005A83444F444E3368002B41F0528698F898
:1063A4000030002B01F0368005F092FD3F4B386041
:1063B4001A78002A3EF498AD00221A703C4B1093D0
:1063C400B9F1000F20D10B9BF3B9139BE3B93368E8
:1063D400002B7FD1374B1B78002B40F0848098F83A
:1063E4000030002B7FD1DFF8E89005F071FD064600
:1063F400D9F80030002B42F01F8098F80030002BB1
:1064040042F0AF83012778E0642005F007FB4028C1
:106414007EF66CADDBE72A680120274918600A6024
:10642400FEF76BBDDFED257AFEF745BDDFED247A7F
:10643400244BB4EEE77A119383ED007AF1EE10FA6F
:106444003FF79BADA0E7204A9FED207AD2ED007A7A
:1064540067EE877AF5EEC07AF1EE10FA02D51F46A0
:10646400FEF758BDF4EEC77AF1EE10FA43F3048553
:106474007F231F46FEF74EBDF02700200D6619004E
:106484005FF36E3C000000300AD7233C84290020CF
:106494003D0AD73EC0310020BC090020C0140020B2
:1064A4002C22002018230020742F00208634002082
:1064B4007F340020783400204023002000000000B6
:1064C4006666263FB4310020242F00200000FE42DF
:1064D400C02F002005F0FCFCE24B1B68C01AE24B05
:1064E40098423FF677AF05F0F3FC98F80070064643
:1064F400002F41F08A85DFF8C893DFF8C8A3DFF8DE
:10650400C8839AF80030002B00F080812B68D8F8FB
:1065140000209B1AB3F5FA6F00F278812B68C9F852
:106524000060C8F8003027B10023D04A1370D04A65
:106534001370D04FB3EE0E6AF2EE0E7A4FF47A7007
:10654400B0EE08BA97ED007AF1EE006ADFF87C83CA
:10655400B6EE008ADFF87893A7EE27BAE7EE067A5C
:10656400A7EE268AF0EE678A05F058FA07EE900A3D
:10657400DFEDC15A9FEDC17ABBEE045AF8EE677A9B
:10658400DFEDBF6ABF4B87EEA56AD8ED007AF0EE67
:10659400674AE6EE076A99ED006A37EEC67AF0EECE
:1065A400465A27EE0B7AE6EE875A93ED007A78EE98
:1065B400C78A28EE478AD6EE284AF4EEC55AA7EED3
:1065C400868AF1EE10FA00F17D87B3EE046AF4EEE8
:1065D400465AF1EE10FA76FE255AE6EEA47AC9ED93
:1065E400005ABBEE046AF4EEC67AF1EE10FA00F13A
:1065F4006D87B3EE046AF4EE467AF1EE10FA76FE95
:10660400277AA6EE887AC8ED007AB5EEC07AF1EE64
:1066140010FA01F1F684DFED9C7AB4EE677AF1EEBC
:1066240010FA37FE877A974B4FF47A70D7ED008AC9
:10663400F6EE00BA83ED007A05F0F0F907EE900A61
:106644009FED8DCA9FED91BA4FF47A70F8EE676AA8
:10665400D9ED007A68EE8B8A9FED8D8A8D4E86EE99
:106664008C7A37EE6B7AE7EE287AC9ED007A05F07A
:10667400D5F907EE900A98ED007A874BB8EE676A71
:10668400DFED865AF7EE007AC6EE0C6A76EEEB6A18
:10669400A6EEA87A88ED007A93ED007A77EEC77AB1
:1066A400A7EEA58A05F014FC3368C01ABCEEC88AAC
:1066B40018EE103A834241F26385DFF818B2DFF82E
:1066C40018A2B3EE088A764B9FED76BAF2EE08CAAA
:1066D400D3ED007AB0EE000AF0EE480ADFED728ADC
:1066E4009FED72CAE7EE8B0A70EEE80AC0EEAC0AC0
:1066F40007F01AFF6E4BD3ED007AA7EE8B8A60EE9B
:106704000CBAB0EE000A78EE680AC0EEAC0A07F0E4
:106714000BFF684B1B7820EE0CDA43B1664B1A680A
:106724002B689B1A47F22F52934242F24A864FF447
:106734007A7097ED00CA05F071F907EE900A9FEDA3
:106744004E8ABFEE00BAF8EE677A4FF47A70F0EE34
:1067540000CAB0EE4BEA87EE887AF2EE08DA2CEE45
:106764002DCAA7EE2CEA05F059F907EE900AF3EECC
:10677400046AD8ED005AB6EE007AF8EE677AC5EEF0
:10678400A68A87EE886AD9ED007AC7EEA60AB0EE2B
:106794006C0A68EE8C8A68EE878AA6EE2CBA60EEE4
:1067A4008C0A60EE870AEEEE0C0AC0EEAD0A07F022
:1067B400BBFEEBEE0C8A20EE2B8AB0EE6C0AC8EE20
:1067C400AD0A07F0B1FE9FED3D7A60EE0D8AF3EE5F
:1067D4000E7AB4EEE78AF1EE10FA0DD4B4EEC78A5D
:1067E400F1EE10FA1CDD38EE478A37EE488AB4EE33
:1067F400E78AF1EE10FAF1D537EEC88A38EE278A27
:10680400B4EEC78AF1EE10FAE3DDECE74FF60F20A1
:1068140006F02AFE06F030FE01238AF800307DE6F9
:10682400F3EE0E7A9FED257AF4EEE78AF1EE10FA94
:106834000DD4F4EEC78AF1EE10FA57DD78EEC78A6C
:1068440077EE688AF4EEE78AF1EE10FAF1D577EE86
:10685400E88A78EEA78AF4EEC78AF1EE10FAE3DD4F
:10686400ECE700BF702F00207FC3C90183340020F0
:1068740085340020341B002000007A44A69BC43BCE
:106884006F12033CBC2F0020000020420AD7A33D16
:1068940000401C46AC2F0020481B00200050C34879
:1068A400541B00200000904200008A420000DC4398
:1068B400581B00208A340020CC2F002000007A4589
:1068C400C02F00208C3400206C2F0020B82F002013
:1068D400241B0020AC260020402800208FC2F53D58
:1068E400EC51383E8FC2753E0AD7233E5FED056AF0
:1068F400069BB0EE666A1FED065A93ED007A5FEDD3
:10690400075AA7EE056A5FED087AD04BE7EE257AC1
:1069140093ED00BACE4BB4EECB6A93ED00CAF1EE20
:1069240010FAF4EECC7A88BFB0EE46BAF1EE10FA63
:1069340088BFB0EE67CAB4EEE6CAF1EE10FA01F110
:106944003D82DFEDC47AB4EE67CAF1EE10FA37FE89
:106954008CCAC14BDFEDC16A93ED00DADFEDC07A7A
:10696400A9EE26DAB4EEE7DAF1EE10FA01F1E481E9
:10697400DFEDBC7AB4EEE7DAF1EE10FA01F34C8500
:10698400DFEDB97A2DEE27DA9FEDB86ADFEDB87A3C
:10699400F0EE466AD7ED00BADFEDB65AB64BEAEE32
:1069A40006BAE7EE276ADFEDB57AD3ED00DAE7EE53
:1069B400257A0C9BF4EEED6AF1EE10FAF4EEE7BAE8
:1069C40088BFF0EE66DAF1EE10FA6BFEA7BA002B80
:1069D40000F0A885B3EE09EADFEDA97A0A9BA9EED7
:1069E400A7EA002B40F0AC85099B002B02F07D80C8
:1069F400FBEE04CADFEDA37AEAEE67CA00F0A6BD97
:106A04009FEDA17AFCF766BEDFED9F6AFCF742BEFC
:106A14009FED9D7AFCF71EBE002A7FF4CCA99FED62
:106A24009AAAFFF7EAB90021022005F07BFAFDF7E4
:106A340083BF964B964E1A46119300231360336816
:106A4400DB073FF5A6AC05F043FA924F012338600B
:106A540033609FE4904B1A46FFF751B8DFED8A7A12
:106A6400FEF761B89FED887AFEF74CB8DFED866AD1
:106A7400FEF737B805F02CFA884B1B68C01A884B10
:106A840098427CF690ACFCF78BBC864B9FED867AE3
:106A9400D3ED007A109338EE678AE8EE077AC3EDF7
:106AA400007A824B93ED00DA06939FED817A77EEBC
:106AB400676A86EE87CAB5EEC0CAF1EE10FA01F134
:106AC4006F85B7EE007AB4EE47CAF1EE10FA37FEDE
:106AD4000CCA784BDFED786AD3ED005A9FED777AD4
:106AE4003CEE656A9FED614AF4EEC77ADFED743AD5
:106AF400DFED744A2DEE044AE6EE265AF1EE10FA62
:106B04006DEE233A6DEE244AC3ED005A0B4601465E
:106B14007DF7CCA82E686C480660002A7DF4C9A8CD
:106B24006A48D0ED007A0C9000297DF4D2A8684818
:106B340090ED006A0A90002B7DF4DBA8654890ED87
:106B4400007A0B90FDF7E2B8634B644AD3ED007A08
:106B540092ED007AF4EEC77AF1EE10FA02DAF0EE72
:106B6400477A13465E4A92ED007AB4EEE77AF1EE84
:106B740010FAB8BF93ED007A0A9BD3ED006A0B9B21
:106B8400D3ED007AF4EEE76AF1EE10FA81F2418176
:106B9400F0EE676A4F4B0C9AB6EE006ADFED3A5A94
:106BA400D2ED007AF4EEE67ADFED4E6AF1EE10FAF9
:106BB400B8BFD3ED007A67EE867AE7EE067AC7FEB1
:106BC400A57A67EEA67AF4EEE67AF1EE10FA01F30E
:106BD4001D81FCEEE77A4DF20D0017EE903A1B048E
:106BE40003F4FE03184306F03FFCFDF759BD9FED87
:106BF400410A89EE000A07F02DFCDFED3F7AB2EE80
:106C0400087AE0EE077AF4EEC77AF1EE10FA41F171
:106C140084830C2334490B70344B1B78002B7DF494
:106C240017AD334B1A78002A3DF417AD320448F2FD
:106C340008000E9302F4FE02104306F015FC002235
:106C44000E9B29491A70FDF708BD00BF401B0020A8
:106C54003C1B00201F856B3FC8310020AE47613EBE
:106C64008FC2753D48E17A3F00003842EC51383E0E
:106C74000AD7A33E0AD7233E501B00200AD7A33DC0
:106C8400000050420000304200000000B4310020F7
:106C94002C2200201823002000000180702F0020E7
:106CA4007FC3C901803200200AD7233DB8320020B7
:106CB400F4FDD43C7C320020BC74933CA69B443C41
:106CC400CDCCCC3DCDCC4C3EB43200207032002033
:106CD4007432002078320020983100209C3100204A
:106CE400943100200000FE42B21B002098340020A2
:106CF400873400200000DC4300008A420AD7233C8A
:106D04000024744917B751381FED060A89EE800A2A
:106D140007F0A0FB5FED087AB2EE087AE0EE077A9E
:106D2400F4EEC77AF1EE10FA41F102830C23FDF779
:106D34007BBC1FED100A8AEE000A07F08BFB5FEDA7
:106D4400127AB2EE087AE0EE077AF4EEC77AF1EE40
:106D540010FA41F1FC820C26FDF75BBC002B3DF4DC
:106D640047AC0123337705F0B3F85FED1C7A336A3F
:106D7400F4EEE7AA1FED1E7AC01AF1EE10FA6AFECD
:106D8400A7AA07EE900AF8EE677A87EE870AB1EEB3
:106D9400400A80EE2A0A07F0EBFA5FED267AB4EE99
:106DA400E70AF0EE40AAF1EE10FA01F1C78486ED8D
:106DB400060AFDF723BC002B3DF407AC0123337412
:106DC40005F086F85FED337A7369B4EEE7BA1FED28
:106DD400347AC01AF1EE10FA2BFE27BA07EE900AA5
:106DE400F8EE677A87EE870AB1EE400A80EE0B0A66
:106DF40007F0BEFA5FED3D7AB4EEE70AB0EE40BAB2
:106E0400F1EE10FA01F1498486ED030AFDF7E3BBC4
:106E1400F0EE667AFDF70FBD002B3DF4C3AB012302
:106E2400337105F055F85FED4B7AB368F4EEE7BAC9
:106E34001FED4D7AC01AF1EE10FA6BFEA7BA07EEF9
:106E4400900AF8EE677A87EE870AB1EE400A80EE80
:106E54002B0A07F08DFA5FED557AB4EEE70AF0EEEF
:106E640040BAF1EE10FA01F1208486ED000AFDF734
:106E74009FBBF0EE476AFDF7D1B93378002B3DF4A0
:106E840000AC0B7848F208001B0403F4FE0318431B
:106E940006F0EAFA00233370FDF7F3BB3378002BD6
:106EA4003DF4E5AB98F8003048F208001B0403F405
:106EB400FE03184306F0D8FA00230D493370FDF79A
:106EC400D6BBDFED0C0AFDF71AB9DFED0A0AFDF7B0
:106ED400ECB89FED097A9FED095ADFED097ADFEDF1
:106EE400096AA6EE075AE6EE276AFCF725BF00BF3B
:106EF400B21B0020ABAA2ABDAE47613EEC51383E1E
:106F04008FC2F53DCDCCCC3D1021E34807F06CF8A1
:106F1400002331680A22E14804F0BAFCDF4804F097
:106F2400A9FC109BDFEDDE7A93ED007A3368B4EEB2
:106F3400E77AC9F80030F1EE10FA41F12082D94B1A
:106F4400DFEDD95A0E931B789FEDD87A0133DFED2C
:106F5400D87ADBB20C2BA8BF0C2306EE903ADBB236
:106F6400B8EEE66A66EE255A26EE076A0E9A1370A4
:106F7400069B93ED007A77EE877AF5EEC07AF1EE10
:106F840010FA01F13D83F7EE006AF4EEE67AF1EED1
:106F940010FA42F30384F0EE667A9FEDC67A9FED11
:106FA400C65ADFEDC64ADFEDC66A069BECEE246ADC
:106FB400C3ED007ADFEDC37A76EE856A76EEA56AD4
:106FC400F4EEE76AF1EE10FA01F1EB81F7EE007AE4
:106FD400F4EE676AF1EE10FA77FEA66A38EE077AE5
:106FE400DFEDB97A37EE066AB4EEE76AF1EE10FA2D
:106FF40001F1D381DFEDB57AB4EE676AF1EE10FAF0
:1070040037FE866ADFF8E482DBF890319FEDB05AF0
:10701400C346DFEDB05A08F5A276AF484246AF4901
:1070240000FB0313243207EE903A00FB0313B8EE7F
:10703400E77A07EE903AF8EEE77A27EE057A67EEFC
:10704400857A27EE257A67EEA57A82ED037AC2ED7A
:10705400047A9642E4D100FB0311DFF89492DAF843
:10706400903107EE901ACBF890119FED994ACA46D9
:10707400F8EEE77ADFED974A974809F5A276974943
:107084004A4667EE857A67EEA57ACBED627A00FB15
:107094000313243207EE903A00FB0313B8EEE77AA9
:1070A40007EE903AF8EEE77A27EE047A67EE847AF0
:1070B40027EE247A67EEA47A82ED037AC2ED047A8D
:1070C4009642E4D100FB0311854AD7F8903107EECC
:1070D400901ACAF890119FED7E5A1746F8EEE77A97
:1070E400DFED7C5A7C4802F5A2767C4967EE847A0F
:1070F4000F9267EEA47ACAED627A00FB031324327E
:1071040007EE903A00FB0313B8EEE77A07EE903AE5
:10711400F8EEE77A27EE057A67EE857A27EE257A88
:1071240067EEA57A82ED037AC2ED047A9642E4D141
:1071340000FB03119FED6F7A07EE901AF4EEC76A15
:10714400C7F89011F8EEE77AF1EE10FA67EE857A57
:1071540067EEA57AC7ED627A01F12682F7EE007A2E
:10716400F4EEE76AF1EE10FAB4EEC76A77FEA67A97
:10717400CBED5B7AF1EE10FA07D4F7EE007AB4EEB9
:10718400E76AF1EE10FA37FE867ADFED5A7AF4EE0A
:10719400E76AF1EE10FA02F1E982F7EE007A4FF4B1
:1071A40000738BED5C7ACBF87431F4EEE76AF1EEA0
:1071B40010FAB5EEC06A77FEA67ACAED5B7AF1EEF4
:1071C40010FA01F10182F7EE007A4FF40073CAF865
:1071D4007431B4EEE76AF1EE10FAF5EEC06A37FEE8
:1071E400867A8AED5C7AF1EE10FA02F1E982F4EE25
:1071F400676AF1EE10FA77FEA66AB5EEC06AF1EEA0
:1072040010FA02F1A284F7EE007AB4EE676AF1EEA6
:1072140010FA37FE866AF7EE00CA324E40F20112C7
:107224004FF40073C7ED5B6AB280C6ED00CAC7F8BD
:10723400743187ED5C6A04F04BFE40F20112B060D9
:10724400C6ED03CA328204F043FE40F20112C6EDD9
:1072540006CAB283706104F03BFE0E9B00223062CA
:1072640093F800E0204B0E92BEF1020FB3F800C079
:107274001946134688BF09204FEA1C1298BF0620FE
:1072840082EA1C224FEA5C0C02F001024CEA022260
:107294000A80194630E000BFD0090020C014002045
:1072A400295C0F3D9C340020CDCCCC3CBC74933C79
:1072B4008FC2753E0AD7233EAE47613ECDCC4C3ECD
:1072C400EC51383F7B142E3F8FC2F53D9A99593FBC
:1072D400000000300AD7233C0D6619005FF36E3CB2
:1072E400FC2C002044320020AA1B0020D4290020BA
:1072F400682B00200000000042FA01FC0CF0010C95
:107304000CFA01FC013143EA0C0381429BB2F3D134
:10731400002BF7EE006A1FED097A4FF0000108BF59
:10732400072343FA01FC013108F124081CF0010F82
:1073340047FE267A0929C8ED057AF2D113090021FE
:1073440083EA1223520803F0010342EA032C0B469A
:107354004CFA01F202F001028A40013113438142E6
:107364009BB2F5D1002BF7EE006A1FED1E7A4FF0A9
:10737400000208BF072343FA02F1013209F124098C
:1073840011F0010F47FE267A092AC9ED057AF2D1D8
:107394004FEA1C13002183EA1C234FEA5C0C03F020
:1073A40001034CEA032C0B464CFA01F202F00102F1
:1073B4008A400131134381429BB2F5D1002BF7EE91
:1073C400006A1FED347A4FF0000208BF07230F99BB
:1073D40043FA02F00132243110F0010F47FE267AFD
:1073E400092AC1ED057AF3D1BEF1030F01F2D3816D
:1073F400384BDFF8049193F80080FDF7CBB804F024
:1074040067FD354B1B68C01A344B98427BF6E3ADDD
:10741400FCF796B9324BD3ED000AF5EEC00AF1EE53
:1074240010FA01F1F580F7EE007AF4EE670AF1EE56
:1074340010FA77FEA00A9FED2B0AF6EE008A07F0F9
:1074440073F8B0EE408A04F043FDDFED347ADFEDEB
:10745400266A28EE277ADFF8A4A03B68C6EE877A6E
:107464009AED007AC01A77EEA87AFCEEE77AF8EE85
:10747400677A67EE877AFCEEE77A17EE903A8342F2
:107484003DF632AD04F024FD38604FF47A7004F018
:10749400C5FA07EE900A9FED156AF0EE046AF8EE5D
:1074A400677A134B87EE867AF0EE687A27EE267AAF
:1074B400D3ED006A0F4BE7EE267A1093CAED007AFB
:1074C400FEF77EBFF0EE455AFFF787B8F0EE467A36
:1074D400FFF797B898340020702F00207FC3C901AC
:1074E4005C1B0020565555420024744900007A4420
:1074F400341B00207F340020B0320020D41400203C
:1075040000003042000050420000FA44000048C22B
:10751400000048420000964417B7D138CDCCCC3D8A
:107524008FC2F53D099B002B00F0FD83BBEE04EAFE
:107534005FED0D7A0A9BAAEE67EA002B00F0F9834F
:10754400F3EE09CA5FED117AEAEEA7CA0B9B2BB1E1
:10755400F3EE0E7AA9EEA7EAEAEE67CAF3EE047A2E
:10756400B4EEE78AF1EE10FA07D45FED197AB4EEBF
:10757400E78AF1EE10FA77FE887A9BED577A5FED91
:10758400196A37EEC77AB0EEC77AB4EEE67AF1EE4E
:1075940010FA00F37786F3EE047AF4EEE78AF1EE5C
:1075A40010FA00F1BD835FED287AF4EE678AF1EEFC
:1075B40010FA77FEA88ADAED577A1FED287A78EE6A
:1075C400E77AF0EEE77AF4EEC77AF1EE10FA00F318
:1075D40052865FED327AB4EEE7EAF1EE10FA00F18A
:1075E4009C835FED357AB4EEE7EAF1EE10FA00F32E
:1075F40055875FED387ACEEE270AB0EE000A06F022
:1076040093FFDBED597A1FED3C7A70EE677AF0EE6A
:10761400E77AF4EEC77AF1EE10FA00F348867CEECE
:107624008DCA5FED467AF4EEE7CAF1EE10FA00F186
:1076340071835FED497AF4EEE7CAF1EE10FA00F3D4
:10764400EF865FED4C7ACCEEA70AB0EE000A06F0A6
:107654006BFFDAED597A1FED507A70EE677AF0EE2F
:10766400E77AF4EEC77AF1EE10FA00F31986069B76
:107674005FED567A93ED007A5FED570A964BE7EE8D
:10768400270A9FED960AD3ED007AF4EEE70AF1EEAD
:1076940010FA98BFF0EE670A06F046FFDFED907A25
:1076A40060EE278AF4EEE78AF1EE10FA00F1A48284
:1076B400F2EE047A9BED587ADFED8A6AF4EEE78AFB
:1076C400F1EE10FA77FEA87A37EEC77AB0EEC77AF1
:1076D400B4EEE67AF1EE10FA00F39E82DFED807AE2
:1076E400F4EEE78AF1EE10FA00F19382F2EE047AF6
:1076F400F4EE678AF1EE10FA77FEA88ADAED587A8A
:107704009FED787A78EEE77AF0EEE77AF4EEC77ACE
:10771400F1EE10FA00F3BD8599ED006AF3EE046A08
:10772400F7EE007A119BF0EEC65ADFED6F3AB3EE36
:10773400045A93ED004A77EECC7A069B85EEA67A3E
:107744000A9AD3ED004A0C9BF4EEC77A98ED007ABE
:10775400B0EEC77AF1EE10FAC7EE056A9FED637AD0
:107764004CBFDFED635ADFED635A6DEEA55AF4EEBC
:10777400E67ADFED617ADFED616AE4EE237AF1EE19
:1077840010FAA9EE26BA4CBF9FED595A9FED595AEB
:10779400E4EE877A2DEE855AF4EEE57AF1EE10FAEE
:1077A400F4EEC57A88BFF0EE675AF1EE10FA88BF9E
:1077B400B0EE675A134303D1099B002B00F0878670
:1077C4004F4B9FED4D7AD3ED007A77EE877A9FED9C
:1077D400467A0B9BEAEE877A3BB1DFED4A6A9FED6E
:1077E4004A7AA9EE267A77EE877ADFED443ADFED1E
:1077F400476A9FED447AE4EE236ADFED473AE4EE0C
:10780400876A9FED417A24EE877AA4EE237AF4EE18
:10781400E76AF1EE10FAB4EEC7BA88BFF0EE667A02
:10782400F1EE10FAF5EEC05A2BFE07BAF1EE10FA9B
:1078340000F1B783B7EE007AF4EE475AF1EE10FA8E
:1078440077FE255ADFED336ACBED5E5AF4EEE6BAE5
:10785400F1EE10FA00F19283B7EE007AF4EEC7BAB3
:10786400F1EE10FAB4EEE65A77FE2B5ACBED5F5ADE
:10787400F1EE10FA00F17A86B4EEC75AF1EE10FA7E
:1078840001DDB7EE005AF5EEC0BAF1EE10FA01F1DF
:107894006587B7EE007AF4EE47BAF1EE10FA77FE98
:1078A4002BBAF5EEC07A8AED5E5ACAED5FBAF1EEF4
:1078B40010FA00F179839FED167AF4EEC77AF1EEAF
:1078C40010FA00F3FB84B5EEC0BAF1EE10FA2DD530
:1078D4009FED10BA34E000BF381B0020000048437D
:1078E400CDCC4C3D6F12833AEC51383EAE47613EED
:1078F4003333333FCDCC4C3E9A99193E0AD7233EBD
:10790400441B0020295C0F3E8FC2F53D0AD7A33DDE
:10791400EC51783F00000000CDCCCC3DEC51383F19
:1079240000FEFF4600FEFFC60000FE42B7EE007AEE
:10793400B4EEC7BAF1EE10FA40F30086B0EE47BADF
:107944001FED0C7AF4EEC77AF1EE10FA40F1598586
:10795400F0EE477A8BED607A8BED61BAB7EE007A80
:10796400B4EE47BAF1EE10FA37FE0BBA1FED165A11
:107974001FED167A019BA4EE857ACAED607AD3EDE9
:10798400005A5FED196A8AED61BA67EE257AF4EE62
:10799400E67AF1EE10FA00F345811FED1E7AF4EE5B
:1079A400C77AF1EE10FA00F17D85B0EE677ABEEE8B
:1079B400C87A17EE103A02F171821A46F2EE04BA4E
:1079C4001FED27BAF3EE048A0799DD4836EE2B6AD9
:1079D4008B61089BC6EE287A9A6167EE8B7AFCEE7F
:1079E400E77A17EE903A1B0603F0FE43184305F0BE
:1079F4003BFD98ED007AD34837EE2B7AC7EE287A10
:107A040067EE8B7AFCEEE77A17EE903A1B0603F0EA
:107A1400FE43184305F028FDCB4B9FEDCC7AD3ED04
:107A2400006ACB48C6EE877A67EE8B7AFCEEE77A7B
:107A340017EE903A1B0603F0FE43184305F014FDBD
:107A4400B4EEE88AF1EE10FA40F1BD804FF00F0B6E
:107A5400DA46C04E4FF0000EBF4B96F9002003F1FA
:107A6400070C13F8011F514508BF0EF1010E9C4588
:107A7400F7D1BEF1020F00F3D780ABF14503B2EEAC
:107A8400087A02EB0B0607EE903A86F30706F8EE47
:107A9400E77AB6EB0B03C7EE870A18BF01231193ED
:107AA400AE4AAF491078B0EE000AAE4B01F800A020
:107AB4000130A3FB00E3A0EB030E03EB5E039B0882
:107AC400C3EBC303C01A107006F02EFDDFEDA67AD7
:107AD40020EE270A88EE000A06F0BCFCDFEDA37A4C
:107AE4009FEDA36A9FEDA37ADFEDA36A20EE270A38
:107AF400C0EE067A67EE877AF4EEE67AF1EE10FAD3
:107B040077D4F4EEC77AF1EE10FA00F3CF84FDEEE9
:107B1400E77A4EF20E0817EE903A1BB203F30D0308
:107B240003F500531804DB1100F4FE0040EA03637C
:107B340043EA0808914B1B78FF2B09D0534507D023
:107B44001B0448F2080003F4FE03184305F08CFC00
:107B5400DFF8549299F80000FF280DD0119B1BB157
:107B6400F3B2984201F05084030448F2080003F48D
:107B7400FE03184305F078FCD7ED007A4FEA0B4278
:107B84009FED7F7A49F2090002F4FE0267EE877ADC
:107B9400FCEEE77A17EE903A46331B0603F0FE43F9
:107BA4001343184305F060FC119B002B40F0098639
:107BB400FF23404689F8003005F056FC6F4B83F8EC
:107BC40000A0FDF793B99FED680A88EE000A06F05D
:107BD40041FCDFED6C7AB2EE087AE0EE077AF4EE5F
:107BE400C77AF1EE10FA40F165844FF00C0BDA46D7
:107BF4002FE7DFF8B8819DE79BED587ADFED626AE5
:107C040037EEC77AB0EEC77AB4EEE67AF1EE10FA40
:107C140002DCDFED5E8A71E55D48CBED587AFAF758
:107C24004FFA5BE55B4BC8E6D8ED005A05209FEDA3
:107C34005A6AF0EE008AD9ED007AF6EE00BA424BA9
:107C4400E5EE867A9FED557AD3ED006A9FED54BA3E
:107C5400E6EE877AF5EEC07AF1EE10FAACBF4FF09B
:107C6400010A4FF0FF3A03F0D9FE0230B2EE087A6F
:107C740096F9006043B2B0EE680A0AFB03BBBBF19D
:107C84006C0FA8BF4FF06C0BBBF1180FB8BF4FF0CF
:107C9400180BABF145035E445FFA8BFA07EE903A9A
:107CA40086F30706F8EEE77AB6EB0B0318BF012359
:107CB400C7EE870A1193CDED130A06F035FCDFED0C
:107CC4002A7A4FF47A7020EE278A03F0A7FE07EE93
:107CD400900A4FF47A70F8EE676AD9ED007A86EE6E
:107CE4008B7A37EE6B7AE7EE287AC9ED007A03F0E7
:107CF40095FE07EE900ADDED130AF8EE676AD8EDFB
:107D0400007A86EE8B7A37EE6B7AE7EE287AC8ED46
:107D1400007AC5E6DFED260A97E4DFED250A6CE478
:107D2400F0EE678A47E40A9B9FED23EA002B7FF479
:107D340007ACF0EE4ECA09E49FED1ADAFEF724BE52
:107D44000BB010000BB01100BC2F0020000020422B
:107D54000BB012008D340020D7140020733400209F
:107D6400D8140020254992240000DC4300009644E6
:107D74000000C84200F8FF4500F8FFC5AC1B002016
:107D84000000644200008A426F12833ACDCC4C3D1D
:107D9400AC2600200000FF7F9A99D93F52B89E3E3E
:107DA40000007A44D7A33040AD1B00200EE0010050
:107DB400ABAA2ABD0000304200000000B0EE66CA43
:107DC400FEF7C7BD5FED060AFDF722BE099B002B37
:107DD4003DF4D6ADBBEE047A5FED0A7A0A9BAAEEB7
:107DE400677A002B7DF4D2ADB0EE479AFDF7D4BD8F
:107DF4005FED0F7A38EE278AB5EEC08AF1EE10FAFD
:107E04007DF5F7A81FED148AFDF7FBB8CB48FEF704
:107E1400EABECB4BFEF7BFBE9FEDCA0AFCF778BDA6
:107E24009FEDC8BAFCF75BBDDFEDC6BAFCF73EBDFB
:107E3400B0EE667AFCF71CBDDFEDC27AFCF743BEF8
:107E44009FEDC07AFCF725BEB5EEC08ACBED607A13
:107E5400F1EE10FA7CF57CA9CBED617ACAED607A7B
:107E6400DFEDB87AF4EEE78ACAED617AF1EE10FA42
:107E740001F1D1849FEDB47AF4EEC78AF1EE10FAE1
:107E84003CF7AEA9B0EE687AFCF79CB99FEDADDA89
:107E9400FBF764BF9FEDAB8AFBF7BFBFDFEDA98A99
:107EA400FBF794BFB5EEC08ACBED607AF1EE10FA21
:107EB4007CF54DACCBED617ACAED607ADFEDA17A49
:107EC400F4EEE78ACAED617AF1EE10FA01F19D84CD
:107ED4009FED9D7AF4EEC78AF1EE10FA7CF771AC4F
:107EE400F0EE478AB0EE678AFCF779BC974803F056
:107EF40023FC182389F800703370FBF768BADFEDB0
:107F0400947AB4EEE77AF1EE10FA40F3D683DFED1B
:107F1400910AFDF753BDDFED8B6AF4EEE67AF1EEDC
:107F240010FA40F17983B5EEC0BACBED5E6AF1EE9A
:107F340010FA7EF500A9F0EE667ACBED5F6AB0EE3A
:107F4400667AFEF71CB91370FDF7B0BFB5EEC0BA80
:107F5400CBED607AF1EE10FA7DF586ADB0EE678A6E
:107F6400CBED617AB0EE67BAFDF7A5BD9FED75BAAA
:107F7400FDF719B8DFED738AFDF7A8B8B5EEC05A5E
:107F8400CBED5F6AF1EE10FA01F11582B7EE007ADB
:107F9400B4EEC75AF1EE10FA3FF773ACF0EE66BADE
:107FA4007FE4DFED685A4DE4DFED667AB5EEC0BAE2
:107FB400F1EE10FA7FF5BAAC9FED62BACBED607AC0
:107FC400B7EE007AB4EEC7BAF1EE10FAF5EEC07A65
:107FD40037FE0B7A8BED617AF1EE10FA01F14A85E6
:107FE4009FED597AF4EE477AF1EE10FA77FE277A8C
:107FF400B5EEC0BAF1EE10FA7FF5B0AC9FED51BA10
:10800400B4E49FED507AFEF70EBB534B2A681A6016
:10801400524B1E60FEF78DBA039203F059FF504B8A
:10802400039A1B68C01A4F4B984204D94E4B1B78D5
:10803400002B3BF44CA82378002B3AF4CCAFFBF78D
:108044006BBB03F045FF464B1B68C01A454B984277
:108054003EF6A5A9454A109203F03AFF434A386018
:108064001378002B3CF442AF00231370FEF7A8B939
:10807400B0F5E16FC0F2F4821A781293FBF7A2BA5A
:108084003B488BED597AFAF71BF8FBF7F3BF3948F5
:108094008AED590AFAF714F8D6ED00DAFCF717B8A6
:1080A4003548C7ED587AFAF70BF8FBF7D3BF3148D8
:1080B400CAED587AFAF704F8FBF7AFBF2E4887EDFC
:1080C400590AF9F7FDFFFCF72CB82B682B4813600D
:1080D40005F0CAF9FCF7EBBA2548CBED587AF9F765
:1080E400EFFFFBF77DBF3846C7ED577AF9F7E8FF96
:1080F400FBF759BF5046CAED577AF9F7E1FFFBF792
:1081040034BF5846CBED577AF9F7DAFFFBF70EBFC9
:10811400C3F800B0012311683370FBF721B9584646
:108124008BED590AF9F7CCFFFDF75CBC50468AED9C
:10813400590AF9F7C5FFFDF77FBC00BF0DD07F00DA
:108144007432002000000000EC51783F2C1B00200A
:1081540000004842ABAA2A3D6C2F0020C02F00200B
:10816400702F00207FC3C901783400207F340020A1
:10817400D4290020682B0020FC2C00200EE00100F4
:1081840003F0A6FED449D54B3060D3ED007A0B88BA
:10819400F4EECB7A1A0982EA1322F1EE10FA4FEACE
:1081A400530302F0010243EA02260E8000F16B83BE
:1081B4009FEDCB7AF4EEC77AF1EE10FA01F33A832D
:1081C400B2EE027AE7EE87BAFDEEEB7A17EE900A8A
:1081D4000928A8BF09200328B8BF032000210B46A3
:1081E40046FA01F202F001028A400131134381424E
:1081F4009BB2F5D1002BDFF8F0B2F7EE006A9FEDE9
:10820400CE7A08BF07230022594643FA02FC013202
:1082140024311CF0010F47FE267A092AC1ED057AA4
:10822400F3D13102002201F48071134641EA560170
:1082340041FA02F606F001069640013233438242C7
:108244009BB2F5D1002BDFF89CA2F7EE006A9FEDFC
:10825400BA7A08BF07230022514643FA02F00132DA
:10826400243110F0010F47FE267A092AC1ED057A60
:10827400F3D1FEF726BA9B48CAED578AF9F720FFD7
:10828400FFF7A7B99848CBED577AF9F719FFFFF72D
:1082940082B99448CAED588AF9F712FFFFF73CBA3D
:1082A40090488AED590AF9F70BFFFFF7E0B98E48B9
:1082B4008BED590AF9F704FFFFF7B1B9F0EE477AED
:1082C40074E69BED587ADFED896A37EEC77AB0EE33
:1082D400C77AB4EEE67AF1EE10FA03DCDFED84BA85
:1082E400FDF701BF8048CBED587AF9F7E9FEFDF7B9
:1082F400EABE0F9B1B7823B1002301220A93FDF7EA
:10830400BBBA002301229946194609920B930A939A
:108314000C9305931393FCF709BD9FED767AF4EE65
:10832400C77AF1EE10FA41F3D0857323FCF789B9CB
:108334009FED707AF4EEC77AF1EE10FA41F3BD8541
:108344007323FCF771B9DFED6C0AFBF7D8BE9FED20
:10835400697AF4EEC77AF1EE10FA41F36085732678
:10836400FCF757B9DFED640AFBF79FBE6348644A24
:1083740001680131016029681160FBF791BA614B12
:108384000E931B78002B40F095839FED6B6AF0EE03
:10839400465ADFED5D7AFEF7E9BDB0EE676AFEF797
:1083A40031BEF0EE676AFEF719BEB5EEC08ACBEDBA
:1083B400617ACAED606AF1EE10FA7BF5EBAEB0EECD
:1083C400667ACAED616AF0EE667AFBF709BFDFED03
:1083D4005A8AFCF7F6B9B5EEC08ACBED617A8AED1C
:1083E400607AF1EE10FA7CF5D4A9F0EE478A8AEDB2
:1083F400617AB0EE478AFCF7F2B99FED4F7AFBF74A
:10840400E1BE9FED427AF4EEC77AF1EE10FA7FF7FF
:10841400D5AD8BED607AD3E59FED3DDAFEF7B4BAC6
:10842400DFED350AFFF711B99FED3A8AFCF7C6BDB7
:10843400DFED310AFDF7ECBAC31ADFED375A9FEDD1
:108444002C6A07EE903A354BDFED356A93ED007AEE
:10845400F8EE677A27EE257AA7EE867A83ED007A1E
:108464001B681A93DDED1A7AF4EEE67AF1EE10FA4F
:1084740000F12F839DED1A7ADFED2A7AB4EEE77AC4
:10848400F1EE10FA01F33A83DDED1A7AFCEEE77AA5
:1084940017EE903A244A1360FDF7AFBFDFED160ADA
:1084A400FFF7ABB8214B1A46FFF788BADFF8848090
:1084B400FFF740BB9FED0F7AF4EEC77AF1EE10FAA6
:1084C40041F3C8844FF0730BDA46FFF7C2BA184B76
:1084D400D3ED007AFFF77BB9AA1B00204C1B0020C8
:1084E4008FC2753F40280020AC2600206F12833ACB
:1084F400CDCC4C3D0000E642ABAA2A3D1C2F002007
:10850400142F00209C3400208FC2F53DEC51783F9D
:10851400EC5134429A99193E3333733F601B002067
:10852400001B37488096184B281B00200000018050
:10853400441B00200EE07F7F000000001FED027A44
:10854400F4EEC77AF1EE10FA40F16086B5EEC0BAE7
:108554008BED607AF1EE10FA7FF532AD8BED617A36
:10856400F0EE477AB0EE47BAFFF700BAB0EE665ABB
:10857400FFF789B91FED108AFDF78FBAB5EEC08AEF
:10858400CBED617AF1EE10FA01F18B84B4EEC78A77
:10859400F1EE10FA3DF77FAAB0EE67BAFDF78BBA99
:1085A4001FED1BCAFEF795BAB5EEC06A8BED5B7A78
:1085B400F1EE10FA7EF5E1AD4FF400738BED5C7AC9
:1085C4008AED5B7ACBF874315FED257A4FF4007352
:1085D400F4EEE76ACAED5C7ACAF87431F1EE10FA87
:1085E40000F1B086B7EE007AF4EEC76AF1EE10FA45
:1085F4007EF703AEF0EE476AB0EE676AFEF70BBE95
:108604001FED337AB0EE475AF0EE477AFEF7C9BC55
:108614005FED370AFEF70FBFB7EE007AF4EEC77AC4
:10862400F1EE10FAB4EEE6BA37FE277A8BED5E7AF5
:10863400F1EE10FA7DF57FADF5EEC07ACBED5F6A11
:10864400F1EE10FA40F17B82F0EE667AB0EE667AD3
:10865400FDF795BD1A460E9300231370FBF7D9B9A5
:108664001A461293002313700E9B1A780F9B1B78E3
:10867400002A00F0C585002B3CF44BAEFAF7AFBFDF
:108684008248CAED58BAF9F71BFDFDF73ABD1A4600
:108694000F9300231370FBF7C5B9DFED7D7AB0EEBD
:1086A40067BAC6ED037AFBF796BFDFED797AF0EE91
:1086B40067BAC6ED007AFBF77BBFDFED767AC7EECB
:1086C400270AFDF77BB94FF07E53B361012333775B
:1086D40003F0FEFB3062FBF78BBF32046E480E934F
:1086E40002F4FE02104304F0BFFE01220E9B6B490C
:1086F4001A706B4A1278002A7BF4AFAF694A167875
:10870400FEF794BA0B7864481B0403F4FE03184381
:1087140004F0AAFE012361493370099B1B78002BE6
:108724007BF4AFAFFEF7ADBB4FF07E53F360012394
:10873400337403F0CDFB7061FBF747BFDFED547A70
:10874400F0EE67AAC6ED067AFBF758BF4FF07E53EA
:1087540033600123337103F0BBFBB060FBF722BF2E
:1087640098F800304C481B0403F4FE03184304F04B
:108774007BFE012349493370059B1B78002B7BF456
:1087840076AFFEF78FBB03F0A3FB474B18600123C2
:108794003360FCF7A9BB2B681221DFF82891A3F5FD
:1087A40061732A684148C9F80030414B1A6005F0EA
:1087B4001BFC404803F05EF8394B93F80080FBF74C
:1087C400E9BEF3B2D7ED007A49F209009FED3A7A97
:1087D400119367EE877AFCEEE77A17EE902A463219
:1087E400120602F0FE4242EA0642104304F03CFE46
:1087F400119BFFF7DEB9D2B20B2A3AF6ECAB2F4A43
:10880400F7EE009A2E4C0E201344DFF8BCA0DFF8DC
:10881400BC9004F1180B03F8141C01E059F8040F80
:10882400C0B203F031F907EE900A4FF00103B8EE3D
:10883400E77A0AF8013BC7EE087A79EEE77AE4ECC6
:10884400017AA345EAD1FAF7C6BBB0EE678ADFED39
:10885400107AF4EEE78AF1EE10FA40F17F85F0EE3B
:10886400678ACBED607A8BED618AF7EE007AB4EE1D
:10887400678AF1EE10FA37FE888AFDF7F3BCF0EE52
:10888400678AFDF7CBBC0320A8E400BF4028002082
:10889400000000000000964409900064B21B002010
:1088A40098340020B01B002018230020E409002085
:1088B400AC320020C014002000006442141B0020CD
:1088C400782F0020B0320020902F00204C0600208A
:1088D400A74AA849A848D2ED005A4FF07C529FED10
:1088E400A77ADFEDA77A4B6265EE875A4362079158
:1088F400F4EEE75A0890C1E90733C0E90733A14B06
:10890400F1EE10FAC3ED5E7AC3F87C219E4BC3ED01
:108914005E7AC3F87C219D4BC3F87C21C3ED5E7A5B
:108924004CF6CC438B618361994B93ED005A07D489
:10893400F4EEC85AF7EE007AF1EE10FA77FEA57A53
:10894400B5EEC05ADFF884B2CBED5E7AF1EE10FAE0
:1089540001F1E180F7EE007AB4EEE75AF1EE10FA95
:1089640077FE857ADBF89031CBED5F7ADFF85CB285
:108974009FED886ADFED886A5A4688480BF5A2762F
:10898400874900FB0313243207EE903A00FB0313DC
:10899400B8EEE77A07EE903AF8EEE77A27EE067A31
:1089A40067EE867A27EE267A67EEA67A82ED037A58
:1089B400C2ED047A9642E4D100FB0311F5EEC05AED
:1089C40007EE901ACBF89011F1EE10FAF8EEE77A70
:1089D40067EE867A67EEA67ACBED627A01F197802C
:1089E400F7EE007AF4EE675AF1EE10FA77FEA55A24
:1089F400B5EEC05ADFF8D8A1CAED5E5AF1EE10FA0E
:108A040001F18D80F7EE007AB4EE675AF1EE10FAB8
:108A140037FE855ADAF890318AED5F5ADFF8B0A153
:108A24009FED5C6ADFED5C6A52465C480AF5A2760B
:108A34005B4900FB0313243207EE903A00FB031357
:108A4400B8EEE77A07EE903AF8EEE77A27EE067A80
:108A540067EE867A27EE267A67EEA67A82ED037AA7
:108A6400C2ED047A9642E4D100FB03114D4E07EEA9
:108A7400901A3378CAF89011F8EEE77A67EE867A9E
:108A840067EEA67ACAED627A002B41F0AF80464EBB
:108A94003378002B41F09C80444E3378002B41F016
:108AA40089800B21424805F09FFA424802F0E2FE19
:108AB400FAF751BB013BDFED405ADFED407ADBB200
:108AC40007EE103AB8EEC76A66EE255A26EE276A14
:108AD4005FE43B4BDEE40B9B002B41F01280DFEDA7
:108AE400280AB0EE609AFCF769BFDFED25CAFEF7ED
:108AF4002DBD9FED239AFCF74FBF98F80030002B53
:108B04007CF40EAB2F4B1A9A1A60FCF71FBBDFEDF7
:108B14001C7AFBF7A5BBDFED1A7AFBF7CBBCDFEDC4
:108B2400187AFBF74BBC9FED167AFCF7A7B8DFED7C
:108B3400146AFCF775B8F0EE477ACBF87C31B7EEDF
:108B4400007AF4EEC77AF1EE10FA7DF70AABF0EE94
:108B5400477A9FED0B7AFDF712BB9FED096AFCF78C
:108B640034B82A68184BC9F800601A60FDF7DCBCF9
:108B7400501B0020EC2F0020243000203333333FDF
:108B840000000000D4290020682B0020FC2C0020C9
:108B9400341B0020000000300AD7233C0D66190066
:108BA4005FF36E3C87340020883400208934002031
:108BB4008C090020C0140020CDCCCC3CBC74933C68
:108BC4006CDC02005C1B00206C2F0020AC26002013
:108BD4004028002000007A44CDCCCC3D9999193F1F
:108BE4004FF47A701FED058A02F018FF07EE900A21
:108BF4005FED079A4FF47A70F8EE677A5FED09AA91
:108C0400474BB7EE009A474F87EE887A9FED46AA06
:108C1400464EDFED478ADFF850A1F0EE697AE7EEC1
:108C24002A7AC3ED007A02F0F9FE07EE900A414B6E
:108C34004FF47A70F8EE677A87EE887AF0EE697A04
:108C4400E7EE2A7AC3ED007A02F0E8FE07EE900A16
:108C54009FED397A4FF47A70F8EE677AC7EE886A36
:108C6400F0EE697AE6EE877AC7ED007A02F0D6FE76
:108C740007EE900A314B4FF47A70F8EE677A87EE7C
:108C8400887AE7EE2A9AC3ED009A02F0C7FE07EE4F
:108C9400900A2B4B4FF47A70B8EE677ADFED297A9D
:108CA400C7EE086AE6EE8A7AC3ED007A02F0B6FEF1
:108CB40007EE900A244B4FF47A70B8EE677ADFED32
:108CC400237AC7EE086AE6EE8A7AC3ED007A02F0E8
:108CD400A5FE07EE900A1E4B4FF47A70B8EE677A41
:108CE400DFED1C7AC7EE086AE6EE8A7AC3ED007AF5
:108CF40002F094FE07EE900ADFED176A174A0E2081
:108D0400B8EE677ADFED167A164B0694344687EE92
:108D1400086A9B46E6EE267AC2ED007A28E000BF98
:108D2400541B0020341B00209A99193F902F0020D7
:108D340000C07F44581B0020CCCC4C3F441B002077
:108D4400381B0020CDCC4C3E401B0020000000000E
:108D5400C83100209A9999BE3333333F3C1B00201D
:108D64009A99993E4C060020782F00205BF8040F56
:108D7400C0B202F089FE07EE900A4FF00103B8EE8C
:108D8400E77A04F8013BE54BC7EE287A79EE677A77
:108D9400EAEC017A5345E9D1E14BF3EE087ADFEDD1
:108DA400E16AF2EE080A93ED006AB0EE000A9FED64
:108DB400DE7AE6EE267A069C77EEC77AC7EEA00A3C
:108DC40005F0B2FBDFEDD97A20EE270AF3EE047A40
:108DD400B4EEE70AF1EE10FA00F11A87DFEDD47A67
:108DE400B4EE670AF1EE10FA37FE800ADFF898B3A2
:108DF4009FEDD07ADBED577A70EE677AF0EEE77A82
:108E0400F4EEC77AF1EE10FA00F3C887CA4BF3EE1A
:108E1400087ADFEDC46AF2EE080A93ED006AB0EE58
:108E2400000A9FEDC17AE6EE267A77EEC77AC7EE9E
:108E3400A00A05F079FBDFEDBD7A20EE270AF3EEF8
:108E4400047AB4EEE70AF1EE10FA00F1E986DFEDF8
:108E5400B87AB4EE670AF1EE10FA37FE800ADFF84A
:108E64002CA39FEDB47ADAED577A70EE677AF0EEC0
:108E7400E77AF4EEC77AF1EE10FA00F37E87AF4B8F
:108E84009FEDAF7AD3ED007ADFEDAE6A67EE877AB5
:108E9400F4EEE67AF1EE10FA00F1BE86F4EEC77A4B
:108EA400F1EE10FA00F381879FEDA77AC7EE870AE7
:108EB400B0EE000A05F038FBDAED597A9FEDA37A9B
:108EC40070EE677AF0EEE77AF4EEC77AF1EE10FA14
:108ED40000F34C879E4B9FED9F0AD3ED000ACDED26
:108EE400060A05F021FBDFED9C7ADDED060A20EE93
:108EF400270AB4EEE70AF1EE10FA00F19986F2EED1
:108F0400047AB4EE670AF1EE10FA37FE800ADBED5C
:108F1400587A9FED927A70EE677AF0EEE77AF4EE83
:108F2400C77AF1EE10FA00F32F879FED8A0A05F055
:108F3400FBFADFED897A20EE270AB4EEE70AF1EEB8
:108F440010FA00F17186F2EE047AB4EE670AF1EEDB
:108F540010FA37FE800ADAED587A9FED807A70EEC7
:108F6400677AF0EEE77AF4EEC77AF1EE10FA00F3DE
:108F7400F6867B4B9FED7B6AD3ED007A9FED7A7A80
:108F840067EE867AD7ED006AF4EEC77AF1EE10FA4E
:108F940000F1D586B7EE006AF4EEC67AF1EE10FA67
:108FA400F4EEC76A76FE275ACBED5E5AF1EE10FA5C
:108FB40000F10387B7EE007AF4EEC76AF1EE10FA17
:108FC400F5EEC07A37FE266A8BED5F6AF1EE10FA91
:108FD40000F1EF86F4EE477AF1EE10FA77FE277A85
:108FE400F5EEC06AF1EE10FA00F11587B7EE007ADB
:108FF400F4EE476AF1EE10FA77FE266A5B4BCAED8F
:109004005E7A93ED007ADFED587A594BB4EEE77A45
:10901400CAED5F6A93ED006AF1EE10FA00F17F8603
:10902400DFED546AB4EEE67AF1EE10FAB4EEE76AD4
:1090340076FE875ACBED605AF1EE10FA00F1D48631
:10904400F7EE007AB4EEE76AF1EE10FAB5EEC07A04
:1090540077FE867ACBED617AF1EE10FA00F1C086E4
:10906400DFED447AB4EE677AF1EE10FA37FE877AD0
:10907400B5EEC06AF1EE10FA00F1C986F7EE007A97
:10908400B4EE676AF1EE10FA37FE866ADBF89031C7
:10909400DFF8F4B09FED385ADFED385A5A463848B5
:1090A4000BF5A27737498AED607A8AED616A00FB95
:1090B4000313243207EE903A00FB0313B8EEE77A69
:1090C40007EE903AF8EEE77A27EE057A67EE857AAE
:1090D40027EE257A67EEA57A82ED037AC2ED047A4B
:1090E4009742E4D100FB0311DAF89031DFF89CA039
:1090F40007EE901ACBF890119FED1F6A5246F8EED6
:10910400E77ADFED1E6A1E480AF5A2771D4967EE6D
:10911400857A67EEA57ACBED627A39E0902F00204C
:10912400541B00200000904200008A420000DC43EF
:109134000000FA44CDCCCC3D581B0020C83100209F
:1091440000004842000048C20000964417B7D138D6
:10915400381B002000004843CDCC4C3D6F12833AAD
:10916400501B00203333333F00000000441B002019
:10917400401B0020EC51783F000000300AD7233C0C
:109184000D6619005FF36E3CAC26002040280020D9
:1091940000FB0313243207EE903A00FB0313B8EEEE
:1091A400E77A07EE903AF8EEE77A27EE067A67EE6A
:1091B400867A27EE267A67EEA67A82ED037AC2EDE6
:1091C400047A9742E4D100FB03119F4807EE901AFA
:1091D400CAF890110B21F8EEE77A67EE867A67EE0B
:1091E400A67ACAED627A04F0FFFE984802F042FBC8
:1091F400974B4FF0FF32C3E900229A60FAF7BEBBE7
:109204000A93002B3BF489ADFCF736BBDFED916A82
:10921400F4EEE67AF1EE10FAB4EEC7BA76FEA75A87
:10922400CBED605AF1EE10FA7EF5CAAEF5EEC07AD7
:109234008BED617AF1EE10FA3FF592A9F4EEE67A3D
:10924400F1EE10FA7EF7D4AEF0EE667AB0EE47BADD
:10925400FEF78CBB804B83ED007AF9F7BCBE7F4AE6
:1092640082ED007AFFF7CBBA7D4A82ED007AFFF7F0
:10927400C6BA7C4B83ED007AF9F7ADBE7A4B83ED29
:10928400007AF9F7A8BE794B83ED007AF9F7A3BE0B
:10929400774A82ED007AFFF7B2BA764B83ED007A13
:1092A400F9F799BE744A82ED007AFFF7A8BA734AB7
:1092B40082ED007AFFF7A3BA714B83ED007AF9F7D8
:1092C4008ABE704B83ED007AF9F785BE6E4B83ED51
:1092D400007AF9F780BE6D4B83ED007AF9F77BBE17
:1092E4006B4B83ED007AF9F776BE6A4B83ED007A17
:1092F400F9F771BE684B83ED007AF9F76CBE674AE3
:1093040082ED007AFFF77BBA654A82ED007AFFF7B7
:1093140076BA644A82ED007AFFF771BA624A82ED46
:10932400007AFFF76CBA614A82ED007AFFF767BAF8
:109334005F4A82ED007AFFF762BA5E4A82ED007AF4
:10934400FFF75DBAF0EE676AB0EE676AFDF763BFD8
:109354009FED59BAB0EE4B7AFCF7F9BFDFED3D7AD9
:10936400F4EEE78AF1EE10FA40F33082CBED607A46
:10937400F7EE007AB4EEE78AF1EE10FAF5EEC08A61
:1093840077FE887ACBED617AF1EE10FA00F13C8435
:10939400DFED307AF4EEE78AF1EE10FA01DDDFED6D
:1093A4002D8AB5EEC08AF1EE10FA7FF55EAA9FED24
:1093B400428AFCF757BFB0EE665AF0EE66BAFEF783
:1093C40070BA3E4BB0EE000A1E78A6F1450300EEDB
:1093D400903AF8EEE00AC0EEAC0A05F0A5F8F31DE9
:1093E4007F2BA8BF7F2360EE0CBAB0EE000A453B8A
:1093F40000EE903AF8EEE00AC0EEAC0A05F094F8FC
:1094040020EE0CDAFDF793B9D7ED007A4FEA0B4260
:109414009FED2B7A49F2090002F4FE02119367EEE4
:10942400877AFCEEE77A17EE90CA0CF1460C4FEA05
:109434000C6C0CF0FE4C4CEA0202104304F014F8DD
:10944400119BFFF7BFB900BFA4090020C01400207E
:10945400141B0020EC51783FBC320020341B002048
:10946400441B0020741B0020801B0020781B00205C
:10947400541B0020841B0020581B00205C1B002070
:109484007C1B0020701B00206C1B0020681B00202C
:10949400901B00208C1B0020881B0020501B0020E8
:1094A4004C1B0020C83100203C1B0020481B00201E
:1094B400401B0020381B002000000000B31B0020CC
:1094C4000000644200007A44CDCCCC3D9999193F08
:1094D4004FF47A701FED058A02F0A0FA07EE900AA5
:1094E4001FED07AA4FF47A70F8EE677A1FED09DAD8
:1094F400D24BF6EE00CADFEDD28AB7EE00BA87EEA1
:10950400887A9FEDD09ADFEDD0BADFEDD09A9FED47
:10951400D0CADFEDD0AAF0EE4A7ADFF8A0A3DFF8D4
:10952400A0B3CD4EE7EE0D7AC3ED007A02F076FAE1
:1095340007EE900AC94B4FF47A70F8EE677A87EE1B
:10954400887AF0EE4A7AE7EE0D7AC3ED007A02F0FB
:1095540065FA07EE900A9FEDC27AC24B4FF47A7017
:10956400F8EE677AC7EE886AF0EE4A7AE6EE877A12
:10957400C3ED007A02F052FA07EE900ABA4B4FF4A8
:109584007A70F8EE677A87EE887AA7EE0DAA83EDF3
:1095940000AA02F043FA07EE900AB44B4FF47A7033
:1095A400F8EE677A87EE887AF0EE687AE7EE097A61
:1095B400C3ED007A02F032FA07EE900AAC4B4FF496
:1095C4007A70F8EE677A87EE887AF0EE6B7AE7EED7
:1095D400097AC3ED007A02F021FA07EE900AA54B4E
:1095E4004FF47A70B8EE677ADFEDA37AC7EE086AB3
:1095F400E6EE897AC3ED007A02F010FA07EE900ADB
:109604009E4B4FF47A70F8EE677A87EE887AF0EE24
:10961400697AE7EE0C7AC3ED007A02F0FFF907EEFF
:10962400900A974B4FF47A70F8EE677A87EE887A4F
:10963400F0EE697AE7EE2C7AC3ED007A02F0EEF9E7
:1096440007EE900A8F4B4FF47A70F8EE677A87EE44
:10965400887AF0EE697AE7EE2C7AC3ED007A02F0AC
:10966400DDF907EE900A884B4FF47A70F8EE677ACA
:1096740087EE887AE7EE2C9AC3ED009A02F0CEF9D1
:1096840007EE900A814B4FF47A70F8EE677A87EE12
:10969400887AF0EE687AE7EE097AC3ED007A02F090
:1096A400BDF907EE900A7A4B4FF47A70F8EE677AB8
:1096B40087EE887AF0EE687AE7EE097AC3ED007AED
:1096C40002F0ACF907EE900A724B4FF47A70F8EEA0
:1096D400677A87EE887AE7EE098AC3ED008A02F09A
:1096E4009DF907EE900A6C4B4FF47A70F8EE677AA6
:1096F40087EE887AF0EE6B7AE7EE0C7AC3ED007AA7
:1097040002F08CF907EE900A9FED647A644B0E2008
:10971400F8EE677A029FC7EE886AE6EE87BAC3ED71
:1097240000BA01E056F8040FC0B202F0ADF907EE3A
:10973400900A5C4BB8EEE77A0BF8017BC7EE2A7A05
:109744007BEE677AEAEC017A5345EBD1564B4FF046
:10975400FF32C3E900229A60F9F7F7BCDFED3ABAA9
:10976400FEF79FB8DFED387AFCF7FBBCB5EEC06AB4
:109774004FF400738BED5C7ACAED5B7AF1EE10FA6C
:10978400CBF874317DF51FADF0EE676ACAF8743119
:10979400B0EE676ACAED5C7AFDF73DBD9FED435AB2
:1097A4009FED437A27EE855A27EE877AFDF7F9BBBA
:1097B4009FED258AFBF713B8DFED237AFAF710BD86
:1097C400DFED216AFDF719BD9FED1F8ACBED608A9D
:1097D400CEE59FED1DBAFCF76EB9DFED1BCAFAF7B3
:1097E400BFBEDFED196AFAF7ABBEDFED177AFAF701
:1097F4003CBEDFED157AFAF728BEDFED137AFAF7EF
:10980400B7BDDFED117AFAF7A3BDF0EE678AB0EECB
:10981400678AFAF7E4BFB0EE677AFAF7E1BC02F0C0
:1098240057FB244B1B68C01A234B98427BF678AC39
:10983400FBF771BC0920FEF7D1BC00BF541B00200C
:10984400CDCC4C3E9A99193F000000009A99993E5C
:109854003333333F00C07F444C060020581B0020A4
:10986400CCCC4C3F341B0020441B0020381B002070
:10987400401B0020C83100209A9999BE3C1B00204F
:10988400881B00208C1B0020901B0020681B0020DC
:109894006C1B0020701B0020801B00206666663F46
:1098A400841B0020902F0020141B0020AE47613E33
:1098B4000AD7233E702F00207FC3C901782F0020D0
:1098C400902F002000007A44CDCC4C3E9A99193F49
:1098D4004FF47A701FED058A02F0A0F807EE900AA3
:1098E4005FED078A4FF47A70F8EE677A5FED099AB4
:1098F400E54BB6EE009AE54E87EE887AE44FF0EE3B
:10990400687AE7EE297AC3ED007A02F087F807EE69
:10991400900AE04B4FF47A70F8EE677A87EE887A13
:10992400F0EE687AE7EE297AC3ED007A02F076F871
:1099340007EE900AD84B4FF47A70F8EE677A87EE08
:10994400887AF0EE687AE7EE297AC3ED007A02F0BD
:1099540065F807EE900A4FF47A70F8EE677A87EEAE
:10996400887AE7EE098AC6ED008A02F057F807EE16
:10997400900ADFEDCA6A4FF47A70B8EE677ADFEDC9
:10998400C87A87EE086AE6EE267AC7ED007A02F016
:1099940045F807EE100AD6ED006AD7ED007AB8EE66
:1099A400476A9FEDC07AC04B67EEA77AF4EEC76AA8
:1099B400C6EE085AB0EE476AF1EE10FAA5EE896ACF
:1099C40083ED006A00F19C819FEDB87AB7EE006ADE
:1099D400F4EEC76AF1EE10FAF4EE467A37FE267A10
:1099E400F1EE10FA76FE277AF5EEC06AF1EE10FA7F
:1099F40000F144819FEDAD6AF4EEC66AF1EE10FA0F
:109A040040F33E81F0EE466AA94BF7EE008AA94E78
:109A14000E2083ED607AC3ED617AB246A64B9FEDCA
:109A2400A78AC3ED606AC3ED617AA54BDFF8CCB2B7
:109A3400A44F83ED606AC3ED617A01E057F8040F27
:109A4400C0B202F021F807EE900A4FF00103B8EE1D
:109A5400E77A0AF8013B9C4BC7EE087A78EEE77A7E
:109A6400EBEC017A5B45E9D10B21984804F0BCFA90
:109A7400FBF7FCBBDFED8B7AFEF7BABA9FED8B7A6E
:109A8400F4EEC78AF1EE10FAB4EEE78A77FE286A9C
:109A9400CBED606AF1EE10FA7FF56AACF5EEC08AA0
:109AA400CBED617AF1EE10FA00F1F281F4EEC78A9F
:109AB400F1EE10FA3FF773ACB0EE678AFCF7D2BB55
:109AC400B0EE670AFBF705BDB0EE670AFBF7E9BD28
:109AD400B0EE670AFBF7BDBDB0EE670AFBF782BDC7
:109AE400B0EE670AFBF755BDB0EE670AFBF71ABD87
:109AF4009FED6C7AB0EE476AFBF70FBE744BFEF72E
:109B0400C9BC9FED687AB0EE479AFBF747BFDFED1B
:109B1400655AFEF76DBFDFED637AFEF723BF9FED55
:109B2400615AFEF777BFB7EE006ADFED5E6AF4EEC6
:109B3400C67AF1EE10FA7BF7E0ADF0EE467AB0EEBD
:109B4400667AB0EE666AFBF7E8BD9FED566AFDF7EC
:109B540062BB57488BED580AF8F7B2FAFBF7F0BC32
:109B6400574887ED580AF8F7ABFAFBF7A8BD384613
:109B740087ED570AF8F7A4FAFBF77ABD4E488AED49
:109B8400580AF8F79DFAFBF73BBD50468AED570A91
:109B9400F8F796FAFBF70DBD58468BED570AF8F720
:109BA4008FFAFBF7A6BC4B48019201F0C5FD019A60
:109BB400F9F7B1BE484B48F208001B781B0403F4C4
:109BC400FE03184303F050FC00233370FEF769BF13
:109BD400424B48F208001B781B0403F4FE031843AD
:109BE40003F042FC00233370FEF756BF3C4B48F2AF
:109BF40008001B781B0403F4FE03184303F034FC31
:109C040000233370FEF743BFDFED268AFFF7C9BB9D
:109C1400B0EE670AFFF7EAB8DFED320AFFF748B99A
:109C2400B0EE670AFFF71BB9B0EE670AFFF793B906
:109C3400B0EE670AFFF76BB92B4B9FED2C7AD3ED8F
:109C4400007A109338EE678A9FED294ADFED143AC3
:109C5400DFED284AE8EE077AC3ED007A264B93ED50
:109C640000DA06932DEE044A6DEE233A6DEE244A93
:109C7400FAF709B89FED1D7AFBF7DDBFDFED096A3E
:109C8400B0EE666AC0E600BF681B0020801B00209F
:109C9400841B00206C1B0020701B00203333333FD7
:109CA400CDCCCC3D00000000BC320020EC51783F0C
:109CB400D4290020902F0020682B002000C07F446E
:109CC400FC2C00204C060020902F0020B00900201E
:109CD400809698002C1B0020B21B0020B11B002092
:109CE400B01B0020ABAA2ABD803200200AD7233D36
:109CF400EC51383ECDCC4C3EB8320020782F0020B9
:109D0400B7EE006AF4EEC67AF1EE10FA7FF76CAEA5
:109D1400F0EE467AF0EE476AB0EE476A74E6B5EEC6
:109D2400C06ACBED607AF1EE10FA7FF589A9B0EE46
:109D3400677ACBED617AB0EE676AFFF7A7B9F5EE03
:109D4400C06A8BED5E7AF1EE10FA7FF533A9F0EE7E
:109D5400477A8BED5F7AF0EE476AFFF74FB95F48B9
:109D64008AED580AF8F7ACF9FFF703B95B488AEDB6
:109D7400590AF8F7A5F9FFF7ADB850468AED570A26
:109D8400F8F79EF9FFF77BB855488BED580AF8F7BA
:109D940097F9544BD3ED000AFFF7C7B858468BED3B
:109DA400570AF8F78DF9FFF731B8DFED4F0AFFF7DF
:109DB4007FB8DFED4E7AFFF713B9F5EEC07A8BED7D
:109DC4005F7AF1EE10FA72D4F4EEC67AF1EE10FA7C
:109DD4007FF706A9F0EE467AF0EE476AFFF70EB970
:109DE4009FED427AFFF744B9B5EEC07ACBED617AC4
:109DF400F1EE10FA3AD4B4EEE67AF1EE10FA7FF707
:109E040037A9B0EE667AB0EE676AFFF73FB99FED07
:109E1400376AFFF73BB9DFED356AFFF7EFB8FCEEC1
:109E2400E77ACDED0E7A9DF83860FAF7F2BBDFEDF4
:109E34002F7A0698F0EE674A9FED2D7AF0EE673A96
:109E4400C0ED007AB0EE674AB0EE67DAF9F70FBFFB
:109E540005F0E6FAFCEEE77ACDED117A9DF844A020
:109E6400D346FDF7F6BD234FFBF7E9BFB0EE677AA3
:109E7400B0EE676AFFF70AB9FCEEE77ACDED117A26
:109E84009DF844703B46FBF745B81B4AFBF737BEC9
:109E9400F0EE678AB0EE678AFCF7E4B9164AFDF77C
:109EA4008DBDB0EE678AB0EE67BAFBF704BEF0EE84
:109EB400477AF0EE476AFFF7A1B8FCEEE77ACDEDFA
:109EC4000E7A9DF83830FAF7AFBBFCEEE77ACDEDA9
:109ED4000E7A9DF83830FAF7B4BB00BF4028002052
:109EE400AC260020381B0020ABAA2A3D000000004D
:109EF4000AD7233D9C320020000001802DE9F04167
:109F0400172282B00B21A34800F0AAFF00220B21E4
:109F1400A14800F0A5FF18220B21A04800F0A0FFE3
:109F24009F48F8F7EDF99F48F8F7EAF99E48F8F7E3
:109F3400E7F99E48F8F7E4F99D48F8F7E1F99D48F8
:109F4400F8F78CF89C48F8F789F89C4A00239C4C55
:109F540011469C48D36041F8184B4FF40074936148
:109F6400D361036811611481002B00F08E811946BE
:109F74005B69002BFBD14A610024934B8F48012578
:109F840013600226546100275460947200F0D0FEDE
:109F94008E48F8F737F88E48F8F734F88D4801F012
:109FA40067F9844B22467E498A48009401F0D4F92B
:109FB400894A8A49874804F0D5F9894801F058F953
:109FC4007D4B224677498648009401F0C5F9824AC0
:109FD4008249834804F0C6F9824801F049F9754B77
:109FE4002246714900957F4801F0B6F97A4A7B49C7
:109FF4007C4804F0B7F97C4801F03AF96E4B2246EC
:10A0040069490095784801F0A7F9734A734976487D
:10A0140004F0A8F9754801F02BF9664B2246634910
:10A024000096724801F098F96B4A6C496F4804F045
:10A0340099F96F4801F01CF95F4B22465B49009681
:10A0440003266B4801F088F9634A6449684804F0C0
:10A0540089F9684801F00CF9564B22465449009698
:10A06400644801F079F95C4A5C49624804F07AF981
:10A07400614801F0FDF8504B22464D4900965E4878
:10A0840001F06AF9544A55495B4804F06BF95B489E
:10A0940001F0EEF8494B224646495848009401F035
:10A0A4005BF94D4A4D49554804F05CF9544801F0B8
:10A0B400DFF8424B224640490095514801F04CF9E3
:10A0C400454A46494E4804F04DF94E4801F0D0F84F
:10A0D4003E4B224637494B48009401F03DF93E4A35
:10A0E4003E49484804F03EF9474801F0C1F8384B6E
:10A0F400224631494448009401F02EF9434E364A31
:10A104003649414804F02EF9334A4149414804F0A4
:10A1140029F93268404B414D1A60414B05F124083E
:10A1240032681A6001F0D4FE3E4B18602F600C3583
:10A1340005F8084C05F8074C01F0CAFE454545F8FA
:10A14400040CF3D1306838493268384B08601A601F
:10A15400306837493268374B08601A6030683649CE
:10A164003268364B08601A60306835493268354BBE
:10A1740008601A603068344B326834491A603268B7
:10A18400334B08601A6001F0A3FE3468314B326827
:10A194001C6061E0902E0020BC2E0020E82E0020E0
:10A1A400AC26002040280020D4290020682B002061
:10A1B400FC2C0020EC2F002024300020282F00202D
:10A1C4009406002058220020E00600204C31002094
:10A1D400703100205C300020E81400207D960000DF
:10A1E40070300020D4300020E8300020FC30002003
:10A1F4001031002024310020383100208430002028
:10A2040098300020AC300020C03000203C320020C8
:10A21400410100002C1B00204C220020443200206D
:10A22400CC2F0020AC2F0020B02F0020502F002076
:10A234004C2F0020A0310020A4310020A8310020A0
:10A244006C320020642F0020A82F00209C320020B4
:10A25400482F0020C43100200D490E4B08601A60BD
:10A2640030680D4932680D4B08601A6030680C493B
:10A2740032680C4B08601A6030680B4932680B4B2B
:10A2840008601A6002B0BDE8F081026074E600BFA5
:10A29400B42F0020C0310020B4320020AC320020A2
:10A2A400A8320020B0320020A4320020A0320020C6
:10A2B4002DE9F0412DED068B044600F007FF002840
:10A2C40000F02C81F7EE009A0746D4ED626A861CF2
:10A2D40000F5817804F5A2759FED979A9FED978A12
:10A2E4009FED97AAD4F87431002B40F3DA80D4F8A8
:10A2F400901107EE103A9348F0EE498A924ABAEE6A
:10A30400EB7A94ED5B6A013B00FB0122C4F87431E3
:10A3140007EE902AC4F89021FAEEE07A67EE867A86
:10A32400E7EE878AD4ED5E7AF4EEC87AF1EE10FA9D
:10A3340000F3C180FEEE087AF4EEE76AF1EE10FA5B
:10A3440000F1A480F6EE087AF4EE676AF1EE10FAF2
:10A3540077FEA66AD4ED607A66EEA77AF4EEE97A1F
:10A36400F1EE10FA00F39580BFEE007AF4EEC77AAE
:10A37400F1EE10FA00F1C68027EEA77ADFED736ADA
:10A3840027EEC77AE7EE267AB1EE006AD4ED615A79
:10A39400B0EE697A2346DFED686AA5EE867AB0EE00
:10A3A400686AA7EE276A02E02433AB4232D093ED09
:10A3B4000E7AB4EEC87AF1EE10FAF5DD93ED0B5A8D
:10A3C400243353ED027A53ED033A67EE857AD3EDE5
:10A3D400035A13ED014A93ED045AE6EE237AD3EDC2
:10A3E400004AC3ED045A5A6883ED016A9A60E4EEA8
:10A3F400657AE4EEC57AF0EEE75AC3ED037AF4EE3B
:10A404004A5AF1EE10FA48BFF0EE497AAB42E7EE51
:10A41400276ACCD1D4ED637A66EEA76AF4EEE96AD2
:10A42400F1EE10FA38DCFFEE007AF4EEE76AF1EEB2
:10A4340010FA6AD466EEA67A9FED446AB6EE087AFC
:10A4440066EEE77AE7EE866AF4EEC76AF1EE10FA92
:10A454005FDCFEEE087AF4EEE76AF1EE10FA61D5FD
:10A46400F0EE676A3A4BC4ED626A26F8023F46454D
:10A474007FF438AF20463946002200F0A5FE384666
:10A48400BDEC068BBDE8F04100F076BEF0EE676AE5
:10A4940060E7F7EE007A77E7F6EE086A45F6FF73B1
:10A4A400E1E7D4ED5E7ADFED248AF4EEC87AF1EECA
:10A4B40010FA7FF73FAFD4F890212249224B94ED54
:10A4C4005F0A01FB0233DFED237A0AEE903AC4F807
:10A4D4009031FAEEE0AA2AEE800A30EE000AA6EEE7
:10A4E400A70A03F0B1FE94ED5F7A94ED5E6A79EE0B
:10A4F400C77AD4ED626A67EE807AE7EE2A7AE7EEED
:10A50400868A17E7F0EE477A3EE7FEEE086A104BBC
:10A51400A9E7F0EE476A45F6FF73A4E7BDEC068BA6
:10A52400BDE8F081DFED0C7A66EEA77AFDEEE77AFE
:10A5340017EE903A1BB296E7000000006F12833AC0
:10A5440008E53C1E0D6619005FF36E3C68B32A3EB5
:10A5540001A0FFFF280FC94000FEFF4610B50021EF
:10A56400044600F055FEC8B1031DB4F91EC0B4F989
:10A57400201000F5827E33F9022B9445A8BF94463F
:10A584009142B8BF11467345F5D10123A4F81EC00A
:10A5940021842377BDE8104000F0EEBD10BD00BF5C
:10A5A400F8B5002705463C46B4B33946284600F0C2
:10A5B4002FFE08B3BB1D04F1040E00F1040C55F882
:10A5C4002360B6F5803F47D000F582715CF8042B18
:10A5D40036FB02F336FB12F203F30F0302F30F020E
:10A5E400C3EA0243DEF8002093FA12F38C454EF8D6
:10A5F400043BEBD100F0C0FD0137042FD4D1284631
:10A604002146002200F0E0FD2046BDE8F84000F0BD
:10A61400B3BD0137042F3AD03946284600F004FE72
:10A6240004460028F5D0BB1D55F82300B0F5803F43
:10A63400E2D0211D04F582760B6830FB03F230FB77
:10A6440013F302F30F0203F30F03C2EA034341F8C7
:10A65400043BB142F0D1CFE700F10C0204F10C034A
:10A6640000F5867C53F8081C52F8086C91FA16F130
:10A6740043F8081C53F8041C52F8046C91FA16F1C0
:10A68400083243F8041C08339445EBD1B2E7F8BD13
:10A69400AD4BAE4A18682DE9F04FAD4C91B0197925
:10A6A40008940368D17704F58062934209920ED22C
:10A6B400A84B1B78002B00F0288109994FF0E02368
:10A6C4004022089101F580610991C3F80822A24B48
:10A6D4001968A24B0C911868A14B0D901A88A14BD4
:10A6E4000A921C880B94002900F0DC81002800F0F9
:10A6F4004D819D4B9D4D1A4423449D4E01EB4202D6
:10A704009C4C00EB43039C49D5F800B00E95039292
:10A71400089D9A4A02939A4B5768D6F800A0D3F83A
:10A724000080D3F80490D1F800E04B68D4F808C056
:10A73400886805F110010F9605F582651668626850
:10A7440024680795354601972746019C5E46CDF857
:10A7540014A0C24604941031039C06954D4634F966
:10A7640002BFABEB06080394029CA8EB0A09049E03
:10A7740034F902AFA9EB05050294059C2F44AAEB1A
:10A784000405069C3A442C1B94443A440194A41BAB
:10A79400A6440CEB02043A444FEA2C1C734421F8FF
:10A7A40020CC18447344C6180011734421F81E0CBD
:10A7B400A01824113A4421F81C4C02EB000C9C19FB
:10A7C40000117344361121F8180C1819241121F8BA
:10A7D4001A6C21F8164C4FEA2C1421F8144C04116D
:10A7E40021F8124C079C8C42AFD10F993C46019F33
:10A7F400C1F800A00E99C1F800B05E490C605E4C2F
:10A80400C4E901305D4BC4F800E0C3E900575C4B78
:10A81400C3E900890A9B40330A930B9B4033C1E987
:10A82400012C0B93BFF34F8F4FF0E0230899099845
:10A83400CA43C3F8701F2031024481420891C2F315
:10A84400421251D26AB3012A23D0022A1CD0032A0D
:10A8540015D0042A0ED0052A07D0062A40F01C8100
:10A86400089AC3F8702F20320892089AC3F8702F00
:10A8740020320892089AC3F8702F20320892089A5E
:10A88400C3F8702F20320892089AC3F8702F203230
:10A894000892089A0999C3F8702F20328A420892C4
:10A8A40022D2089A02F12001C3F8702F4032C3F873
:10A8B400701FC3F8702F01F14002C3F8702F01F12B
:10A8C4006002C3F8702F01F18002C3F8702F01F108
:10A8D400A002C3F8702F01F1C002C3F8702F01F178
:10A8E400E00209998A42DDD3BFF34F8FBFF36F8F24
:10A8F4000A9B7F2B1CD81A4A13800B9B7F2B09D8E9
:10A90400184A138011B0BDE8F08F04F50063089273
:10A914000993DCE60024134B0D981C8000F02CFCFA
:10A92400184B1A681C600D4B1A6011B0BDE8F08F0B
:10A934000B4B00240C981C8000F01EFC124B1A6870
:10A944001C60054B1A60D8E7F022002000800E40FE
:10A95400E079202068340020E0220020E822002052
:10A96400523400205434002001000080742300205D
:10A9740078230020442300205C2300208C23002023
:10A984007C230020EC220020E42200200C9A002AE0
:10A9940000F088808A4800260A998A4BD0F8008003
:10A9A4000E900B448848894902EB430BD0E900CE52
:10A9B40008988D68D1E9002300F1100100F5826048
:10A9C4000290C246BBF90280E1467746A8EB0A0C26
:10A9D4000BF1020021F80E6CC246ACEB090E01909B
:10A9E40021F80A6C0846AEEB070721F8066C21F83B
:10A9F400026CE1463A4477461344EC181344019D33
:10AA040005F1020BE5181344241121F8104C5C19CC
:10AA140013442D1121F80C5C1D19241121F8084C44
:10AA24002C1121F8044C0199B1F90280A8EB0A0C0D
:10AA3400ACEB090EAEEB07073A441344EC1813448D
:10AA4400E5181344241120F8104B5C192D111344FC
:10AA540000F1100120F80E6C20F80C5C1D19241173
:10AA640020F80A6C20F8066C20F8084C2C1120F809
:10AA7400026C20F8044C02988842A2D10E99C1F8C5
:10AA840000805249C1E900234F4B8D60C3E900CED9
:10AA94000A9B40330A93C5E6089AC3F8702F203204
:10AAA4000892DDE60D9A002A00F0828048480B994E
:10AAB400444BD0F800E00B440F904648464902EB63
:10AAC400430A0C9E8D68D346D0E9007C0898D1E9EE
:10AAD400002300F1100100F582600290F246B946AD
:10AAE400BBF902E00BF10207E04621F8106C019774
:10AAF400AEEB0A0721F80C6CF246A7EB090CB94639
:10AB0400019F01F11000ACEB080821F8086C21F852
:10AB1400046C07F1020B4244E04620311344EC1864
:10AB24001344E5181344241121F82E4CEC18134453
:10AB34002D1121F82A5C1D19241121F8264C2C1101
:10AB440021F8224CB7F902E020F8106CAEEB0A07AA
:10AB540021F81C6C21F8186CA7EB090C21F8146C73
:10AB6400ACEB080842441344EC181344E5181344AE
:10AB7400241120F80E4CEC182D11134420F80A5C13
:10AB84001D19241120F8064C2C1120F8024C0298AF
:10AB94008142A3D10F99C1F800E00F49C1E9002314
:10ABA4000C4B8D60C3E9007C0B9B40330B9339E65F
:10ABB4004FF480620D99089804F08EF932E600BFD4
:10ABC40074230020010000808423002050230020EF
:10ABD40078230020942300206823002038B5002126
:10ABE400044600F015FB88B172B61C4A1368002BAA
:10ABF4002BD01B490D68002D2CD015600860002156
:10AC0400184A118062B6184600F0B6FA01212046AF
:10AC140000F0FEFA98B172B6134A136883B113496F
:10AC24000C6854B114600024114A0860148062B6A0
:10AC34001846BDE8384000F09FBA086062B638BDD7
:10AC44000B4910600B8062B638BD064910600B805A
:10AC540062B6DBE7086062B6D8E700BFE0220020F6
:10AC6400E422002052340020E8220020EC220020BC
:10AC74005434002010B5044600F068FC204610BD92
:10AC840038B5234C002342F210724FF40C61E06F8C
:10AC940040F44020E0671C2004F0C6FBE3691D4932
:10ACA40023F440631C481D4A43F40063E361A36A30
:10ACB40019401B4B41F0CE01A16241680A4042F4A5
:10ACC400002242609A68002A20DB164903200022F1
:10ACD4004FF48034C1F828014FF08E45C1F82401A7
:10ACE400114812491A66DA601D615C619861D96184
:10ACF400C3F8E020C3F88C204FF0E062C3F8902042
:10AD0400C3F89440C3F89800C3F89C1038BD00BF42
:10AD140000C00F4000FEFFFF00C00A40F8FFF7FF2D
:10AD24000040384000801F40130F0100000F0F0F38
:10AD340010B5364C4FF400620021204604F0CCF8E4
:10AD44003348012100F09EFB00233249324A0B6054
:10AD54001360FFF795FF2346BFF34F8F04F500629E
:10AD640004F120004FF0E021824234BF012240224E
:10AD740004EB4212C1F8703F20339342FAD1BFF37F
:10AD84004F8FBFF36F8F224A0320244B2449C3F80B
:10AD940080014FF4806013681C600224D8829C6098
:10ADA400A4F60204D8830620596000211279DC60DD
:10ADB4001C4C988302F110001C61996199821A4C11
:10ADC4001A4B43F8204002F01F04194B012003EBF7
:10ADD4005213A04014B29B0018601648164B40F85A
:10ADE4002410164940F82410A0F580401449C27676
:10ADF400D3F8882042F00042C3F888209A681143AF
:10AE0400996000F01DFB0F4B187010BDE0792020F5
:10AE1400F0220020E0220020E822002000801F40D1
:10AE2400020001012040384001890000001C00207C
:10AE34004038003800C00E40004038401400008004
:10AE44000100009068340020024A0349034803F0DB
:10AE540089BA00BFE8140020E58E0000F02200202B
:10AE6400F8B528291B4B4FF49B770D46164604462C
:10AE74004FF00101C0E902732CBF4FF0FF330123EF
:10AE8400282A44F6206228BF4FF0FF330261036092
:10AE9400284601F083F83046002101F07FF8284667
:10AEA400002101F03FF80C4B2A0103EB05159958DA
:10AEB400EA68C4E90721320103EB061698586FF0DB
:10AEC4007042064BF1681B6862606361C4E9091053
:10AED4002046F8BD50C46201F40600203C32002034
:10AEE40001617047F0B472B6856A3249D0E9073619
:10AEF400C6F888306B68426A23EA02036B606B68A9
:10AF0400426A13436B602C4B476AC5F888704C68DF
:10AF14001A682A4BA3FB0232920C02EB8202520003
:10AF24004B681B1B9A42FBD86B6823EA07036B60D0
:10AF3400C369C6F8843062B6D0E90954C168A3680D
:10AF44002B42836905D006E001338361A2682A425B
:10AF540001D19942F8D8994223D372B6D0E9092392
:10AF6400046AC3F8842059680A435A60416AC3F8E2
:10AF740084105A6822EA01025A60C369C4F888300E
:10AF840062B6D0E90945C168AB681C42836904D143
:10AF94000BE08361AA68224207D0994203F10103BE
:10AFA400F7D86FF00100F0BC70479942F9D901203D
:10AFB400F0BC7047001000E0BC14002083DE1B438B
:10AFC40070B500240D468461002936D00368064616
:10AFD400A34239DB30460134FFF784FF0028E4B292
:10AFE4002DDBA542F6D11C49B36970680A68834217
:10AFF400D6E904548CBFA3EB000CA0EB030C121B8A
:10B00400AA4215D907EE900AB8EE677A9FED106B45
:10B01400B7EEC77A27EE067BBDEEC77B17EE102A84
:10B02400624505D96FF0704209681046726071611B
:10B03400834207D20020736070BD084670BD6FF074
:10B04400010070BD181A70BD4FF0FF3070BD00BF15
:10B054009A9999999999B93F3C3200204FF0E0238D
:10B064004022C3F808227047F8B5144B144D1C68ED
:10B074006E689CB1237A20466BB123686F681B68A5
:10B0840098476B68E188DB1BC3F38F12B1EB931F06
:10B09400A28038BFE2806469002CEBD1084B094AD6
:10B0A4005B6810889B1B084CC3F38F11B0EB931F94
:10B0B400218038BF1180BFF34F8FF8BD5822002084
:10B0C400001000E04E3400204C34002030B472B63E
:10B0D400244D254C2A8804F1700104EB82038B4231
:10B0E4003CD204F16F01501CC91A00EB910002E03C
:10B0F4000132824232D09C4653F8041B0029F7D017
:10B10400B1FA81F04FF00043C34021EA0301CCF8C7
:10B11400001001B90132154B2A801A88013291B20C
:10B12400198062B6ACEB040C41F67C73C0EB00648E
:10B134004FEAAC0CC0EB841001240CEB8C1C03EB29
:10B14400CC1303EB80030A480068C4541844094B29
:10B154001C88944230BC38BF1980704762B6002006
:10B1640030BC7047503400205C220020483400205A
:10B17400542200204A340020428872B60378012BFE
:10B1840003D9013B037062B67047D14353090B489E
:10B194004FF0004201F01F01CA4050F823100A4347
:10B1A4000749B1F800C040F823209C45054A88BFF0
:10B1B4000B801388013B138062B670475C22002029
:10B1C4005034002048340020C36813B91DE0DB6804
:10B1D400E3B1187A9042FAD110B4586893F809C0D0
:10B1E400006950F82C4054B1DB682BB1187A9042B6
:10B1F400F3D0DB68002BF9D15DF8044B704740F8BD
:10B204002C10087801300870EEE77047704700BFD3
:10B21400437A8B4206D90369002253F8210043F88C
:10B22400212070470020704738B5437A8B421BD9E0
:10B234000369002253F8214043F82120A4B1237864
:10B24400012B01D8204638BDFFF740FF054628B141
:10B254004FF48072211D043000F064FF2378013B19
:10B2640023702C46204638BD0024204638BD00BF3C
:10B2740000220449C0E90022028102740A680860BD
:10B28400C2607047CC220020037CFBB903680146EE
:10B29400FBB14368EBB1427A5B7A9A421CD230B478
:10B2A40072B62B4B1C68ECB1E368C3B1486801E08B
:10B2B400DB68A3B15A688242FAD193F809C04A7A8A
:10B2C4009445F5D162B6042030BC7047012062B6C3
:10B2D4007047032062B67047022062B67047646903
:10B2E400002CE1D11B4C236843B1994202D10BE0FD
:10B2F400994207D01A46DB68002BF9D1052062B6C3
:10B3040030BC704702F10C040D68E868E8B1C3680A
:10B314001BB908E0DA683AB1134681421846F9D1FC
:10B3240062B60620D0E70346D960CB6800202360CC
:10B334000123C860AA7A2B721A44AA724A68947AC2
:10B3440013721C4494720B74D9E7E960EDE700BFF3
:10B3540058220020CC22002010B5047C9DF808E07F
:10B364000CB1012010BD027280F809E0C0E900139D
:10B37400BDE81040FFF788BF38B5037C002B36D0FA
:10B3840043680446427A5B7A9A4238D272B60168BC
:10B39400CB68002B2DD0984233D01A46DB689C42F0
:10B3A4002AD0002BF9D16268607A136953F820001F
:10B3B40048B1FFF7E1FE72B662680025607A13694E
:10B3C400216843F820508B7A013BDBB28B7203B9BE
:10B3D4000B72937A013BDBB2937203B913720A4B7B
:10B3E40000201A6820741C60E26062B638BD012037
:10B3F40038BD62B6032038BDE368D360D3E70220CA
:10B4040038BDC368CB60CEE7CC22002010B504461B
:10B41400FFF7B2FF094A136843B19C4202D108E026
:10B424009C4205D01A46DB68002BF9D1204610BD9A
:10B434000C32E3682046136010BD00BFCC2200200C
:10B444000C4B1A789AB90C4A0C4910B4C2F858112A
:10B454000B48D02401224FF0E02180F846404024DC
:10B464001046C1F808415DF8044B1A70704700207B
:10B47400704700BF66340020001C0020D9920000F1
:10B4840000E400E070B472B621B9036813B1027924
:10B494000F2A45D9294C2188002341FA03F212F0DE
:10B4A400010208D00133102BF7D162B600220371D8
:10B4B400026070BC70474FF0010C0CFA03FC41EAC7
:10B4C4000C01218062B61E4D5FFA83FC1D4940F2D7
:10B4D400824680F804C0EC6F194483F0030344F0FF
:10B4E400C0044901EC67A5F59F35174CA5F5807597
:10B4F400266084F81AC084F81EC084F818C084F842
:10B504001FC00160C1E90022C1E90222C1E904228D
:10B51400C1E906225A5D42F0C0025A5570BC704718
:10B52400064C218841FA02F5ED07B5D5054D1544C1
:10B53400B3EB451FB0D162B6BBE700BF5634002061
:10B5440000C00F408074000200800E4003790F2B6E
:10B5540011D8094A937672B60849012290F804C0BA
:10B564000B8802FA0CF223EA02030B8062B6102263
:10B57400002302710360704700800E40563400209F
:10B58400704700BF704700BF704700BF704700BFDF
:10B5940070B51A4C1A4D2368AB4202D0194AD168CF
:10B5A40029BBA369AB4202D0164AD169C9B9236B3E
:10B5B400AB4202D0134AD16A69B9A36CAB4209D039
:10B5C400104AD16B31B101211B680F48D163BDE82A
:10B5D4007040184770BD01211B680C48D162984720
:10B5E400EBE701211B680A48D1619847DFE7012195
:10B5F4001B6804F10800D1609847D2E7C01E002000
:10B604007006002000410840101F0020F81E002092
:10B61400E01E002038B5064CA4F1600554F8083C3F
:10B624002046183CDB689847AC42F7D138BD00BFD0
:10B63400101F002003682DE9F041044688B0174626
:10B64400002B4BD000229A600122DA60304D04A80E
:10B65400DFF8E0801D4451F8083B2D1102935B682C
:10B6640005EB45069847F60006F1080058F8063041
:10B674004044DB6801909847264A04A9DDE90103A8
:10B68400029248F806309B689847029B04A8DB683E
:10B6940098472368032220481F609A601F4A237931
:10B6A4001F4C535513785178C0F828428B4228BF59
:10B6B4000B469178D2788B4228BF0B46934228BF21
:10B6C4001346184C4FF0E0224FF08061012084F8BB
:10B6D4007A30C2F80C1108B0BDE8F081124AD36E7A
:10B6E40043F44053D3660122104B1A60104A1346A8
:10B6F4000260403298680028A8D010339342236037
:10B70400F8D100231846236008B0BDE8F08100BFDB
:10B7140000BFF7BF70060020001C0020D0140020DA
:10B724000198000000E400E000C00F400040084021
:10B7340000410840C01E0020F8B5036843B3154C0F
:10B744000746154E1C44241104EB4405ED007359BF
:10B7540005F10800DB6830449847104B00210122B2
:10B7640073513B689960DA60FF230D4A13551378CF
:10B7740050789478834228BF0346D078094AA3427C
:10B7840028BF2346834228BF034682F87A303960B3
:10B79400F8BD00BF00BFF7BFC01E00207006002028
:10B7A400D014002000E400E010B4064B0020064C46
:10B7B400064A1C609C611C639C6405495DF8044B4B
:10B7C40002F0D0BDC01E002070060020E814002046
:10B7D40085980000084602F0F1BB00BF012A70B54D
:10B7E40008BF0A228AB091B34FF0210E01E05FFA3C
:10B7F40086FE0EF1FF36B1FBF2F502FB15145FFA7B
:10B8040084FC092C0CF137040CF1300C98BF5FFA5E
:10B814008CF40EF1280C88BFE4B29142EC44294622
:10B824000CF8244CE3D24BB10EF1FF3E2D225FFA0B
:10B834008EFE0EF128036B4403F8242C036801A93F
:10B84400CEF122025B68714498470AB070BD302281
:10B854004FF0210E8DF82520E5E700BF002903DB1A
:10B8640000230A22FFF7BABF49422D230A22FFF719
:10B87400B5BF00BF00B5036883B040F60D2C0222AB
:10B8840001A95B68ADF804C0984703B05DF804FBF8
:10B894005AB90368C9B2074A1B68934200B506D176
:10B8A40008465DF804EB02F089BBFFF797BF5DF82B
:10B8B40004EB1847459A0000B4EE400B70B5F1EE66
:10B8C40010FA05462DED028B86B07CD6B0EEC07B17
:10B8D4009FED476BB4EE467BF1EE10FA6BDC9FED07
:10B8E400467BB4EEC70BF1EE10FA5ADC9FED447BB5
:10B8F400B4EEC70BF1EE10FA53D4B5EEC00B0C4600
:10B90400F1EE10FA5BD40023B6EE007B002C5ED07F
:10B914004FF0000C9FED3C6B0CF1010C27EE067B05
:10B924005FFA8CF2A242F7D330EE070B0A222846C4
:10B93400FCEEC07BB8EE678B17EE901A30EE488BA6
:10B94400FFF74CFF0F2C4FF02E03B2EE046B0646AC
:10B9540028BF0F248DF808300DF1090302AA611ED7
:10B9640053FA81F128EE060BFCEEC07BCDED017A93
:10B974009DF8043007EE903A3033B8EEE78B02F8C6
:10B98400013F914230EE488BECD12B68013402A97F
:10B9940028465B68E2B29847304606B0BDEC028B9D
:10B9A40070BD2B6803221A495B6806B0BDEC028B9C
:10B9B400BDE870401847036803221649F4E7B1EE66
:10B9C400400B0123A0E7036803221349ECE730EEA0
:10B9D400070B0A222846FCEEC07B17EE901A06B02D
:10B9E400BDEC028BBDE87040FFF7F8BEAFF30080FA
:10B9F400FFFFFFFFFFFFEF7F000000E0FFFFEF41CD
:10BA0400000000E0FFFFEFC19A9999999999B93F15
:10BA14006C060020680600206406002000B9704708
:10BA240014490A68EAB1D31730B4134C134D84FB9C
:10BA3400024C134C9444C3EB2C4304FB132244F2F6
:10BA4400A71405FB03F304FB0233002B10DA6FF099
:10BA540000421A440A60B2FBF0F330BC00FB13202E
:10BA64007047084AB2FBF0F30A6000FB13207047EA
:10BA74001A46EFE7502200205F0B4E83ECF4FFFFE1
:10BA84001DF3010042CE0C1F1C2849D8F8B5254FE0
:10BA940004463B78E3B9244B1B5DFF2B29D0234A92
:10BAA40002EB041291680A6802F44050B0F5805F1A
:10BAB40030D01C061FD41E4C2360236AD80704D43C
:10BAC40002F010FB236AD907FAD5194B586AF8BD5E
:10BAD400174D184E01E002F005FBAB6C1B06FAD4BF
:10BAE400B36C13F08003F6D13B700F4B1B5DFF2B3F
:10BAF400D5D10020F8BD0F4C03F07F032360236AE7
:10BB0400DA0704D402F0EEFA236ADB07FAD5094B0C
:10BB1400586AF8BD22F480521C060A60EBD4CAE7C6
:10BB24000020704775340020240A0020F406002009
:10BB340000400C4000800C40A249A34B88422DE9F0
:10BB4400F047A24C5E699A69D4F80C801BD9A04BCB
:10BB5400984240F20281C31A9E491B0AA1FB0313B7
:10BB640040F22761DB0903EB830303EB830303F256
:10BB7400E2438B4228BF0B46A3F54877964BA3FBC1
:10BB84000737FF0804E0954FB8428CBF0E270627FD
:10BB94008D4908F01F09D1F88030B94543F0C0033E
:10BBA400C1F880300CD228F01F08A1F5F82148EA2A
:10BBB4000708C1F80C800B68002BFCDA08F01F0999
:10BBC40016F0007324D186490C698649A14300F01C
:10BBD400EA8082F4805134464FF4805514F0605F5B
:10BBE40004D026F060561E43774B5E6111F4405F2B
:10BBF40007D022F4405274492A438A618B6C1A0795
:10BC0400FCD446F00076704A5661936C9B06FCD4D3
:10BC1400754CA04200F2CE804FF0010C0146634601
:10BC240003FB011203F1010E0CF10105A24218D825
:10BC3400BEF1080F4FF0010340F08D80BCF1040FFA
:10BC440000F291800A18A24200F2A48005FB00F1E0
:10BC5400AC4603F1010E03FB01120CF10105A242F3
:10BC6400E6D90CF1FF318C0286EA81215F48104449
:10BC74005F4A90427FD9DFF8A4A16C225D48584DF9
:10BC8400B0FBFEF0D5F800E0B0FBFCF0DFF890C1AB
:10BC94000EEA0C0CD44509D042F400524FF4805CF7
:10BCA400C5F800C02A602A68002AFCDA464A1569E9
:10BCB40005F007059D4203D01361936CDD03FCD4AA
:10BCC40011F4E05F09D026F4E05604F4E0543E4A4F
:10BCD40026435661936C9907FCD44749474A01446B
:10BCE40091423CD8464BC909A3FB0131090B4B1EB9
:10BCF4001B0286EA030212F4407F06D026F4407643
:10BD040003F44073304A334353612F4A536923F099
:10BD140000735361936C9B06FCD43A4B4F45A3FBD1
:10BD240000234FF0FF324FEA9343B0FBF1F1B2FB33
:10BD3400F3F3354A1060354A1160354A136008D26E
:10BD440028F01F08214A48EA0707D7601368002B28
:10BD5400FCDABDE8F087734662E7122718E74FF470
:10BD640040730421C5E70CF1FF31204807238C02FE
:10BD7400104486EA8121274ADFF8A8A0A2FB00200C
:10BD8400020D2548362A38BF362202FB00F042EA6B
:10BD94000A0A74E74FEA8C24002386EA8C214FF0C8
:10BDA400010EAC4662E71D4686F0C05411464FF0C2
:10BDB400C05313E700244FF0010C024631462346DA
:10BDC400E64653E700A4781F00C00F400000084077
:10BDD4000046C32323B24C001F85EB5100366E018D
:10BDE40000800D4040300080FFB19F26808D5B00B5
:10BDF400FF7EF64D00643F4D7FD1F0087F17B42CD1
:10BE04009F10E50083DE1B43BC140020B8140020FF
:10BE140030320020819F5E16001BB7006C2000802A
:10BE24007F3001800020008000B970472DE9F84F71
:10BE340001218146214C224D224E54E8003F2A68BC
:10BE4400306844E80013002BF7D11F494B684FF4C6
:10BE54007A7BDFF878A01B1A01270BFB02F8DAF8CB
:10BE64000020A3FB02325A4594BF9044D84454E8BE
:10BE7400003F2A68306844E80073002BF7D14B6810
:10BE8400DAF800C01B1A0BFB02F2A3FB0C3CBCF556
:10BE94007A7F94BF624402F57A72A2EB0802B2F58B
:10BEA4007A7F06D3B9F1010908F57A78DFD1BDE8C4
:10BEB400F88F02F017F90449D9E700BF4032002097
:10BEC4003C32002038320020001000E030320020E4
:10BED40030B40F4B4FF0010C0E4D0F4C53E8002FB4
:10BEE4002868216843E800C2002AF7D10B4B5B683D
:10BEF4000B4A5B1A4FF47A71126801FB00F0A3FB42
:10BF0400023230BC8A4294BF80184018704700BF88
:10BF1400403200203C32002038320020001000E083
:10BF240030320020272816D80201104B03EB0010F2
:10BF34009B5810B4C2685C68144205D061B95DF8BE
:10BF4400044BC3F888207047836851B1084A5DF8F0
:10BF5400044B1A60704770475DF8044BC3F88420A3
:10BF64007047044A5DF8044B1A607047F4060020D9
:10BF740038F001003830010027280BD8064B0201A5
:10BF840003EB00109A58C36892681A4214BF012048
:10BF94000020704700207047F4060020272829D885
:10BFA400164B0201012903EB00109A5810B4536890
:10BFB400C4680ED004290CD023EA040353608368B8
:10BFC400A9B1022917D003290CBF0D4A0D4A1A60E2
:10BFD40007E0234301295360836808D040F6380200
:10BFE4001A60436815225DF8044B1A6070473822C2
:10BFF4001A60F6E77047044A1A60F2E7F406002074
:10C00400383001003800010038F00100704700BFEB
:10C01400272858D80001F0B4344C354D2358AB428E
:10C0240056D049D8B3F1844F4BD0A5F58045AB42E7
:10C0340040D1304D2044304E304CC4F8B462D0E985
:10C0440001C4C0684FF0E0264FF00057042AC6F838
:10C0540010712FD85E6926EA00065E614FF005066E
:10C06400CCF80060266846F4803626605C6824EAD2
:10C0740000045C60224C54F8224090FAA0F2B2FA18
:10C0840082F245F822106FEA00011DD0DD690F2A03
:10C0940001EA0501D9611DDC52000325D9689440E9
:10C0A40005FA02F221EA02022243DA6098615A692F
:10C0B40002435A61F0BC7047124DAB42FAD1124DA3
:10C0C400B8E7124DB6E77047DA690243DA61EDE783
:10C0D4000F4DAFE7103A032519695200944005FA51
:10C0E40002F221EA020222431A61DFE7F406002089
:10C0F400008000429419002021000000001C002050
:10C104001406002000C00042941A002014190020D4
:10C11400141A002008B5F6F7BDFBF6F727FF01F067
:10C12400E1FFFAE7844641EA000313F003036DD10B
:10C13400403A41D351F8043B40F8043B51F8043BE6
:10C1440040F8043B51F8043B40F8043B51F8043BED
:10C1540040F8043B51F8043B40F8043B51F8043BDD
:10C1640040F8043B51F8043B40F8043B51F8043BCD
:10C1740040F8043B51F8043B40F8043B51F8043BBD
:10C1840040F8043B51F8043B40F8043B51F8043BAD
:10C1940040F8043B51F8043B40F8043B51F8043B9D
:10C1A40040F8043B51F8043B40F8043B51F8043B8D
:10C1B40040F8043B403ABDD2303211D351F8043B2D
:10C1C40040F8043B51F8043B40F8043B51F8043B6D
:10C1D40040F8043B51F8043B40F8043B103AEDD2DC
:10C1E4000C3205D351F8043B40F8043B043AF9D22D
:10C1F400043208D0D2071CBF11F8013B00F8013B00
:10C2040001D30B8803806046704700BF082A13D30C
:10C214008B078DD010F003038AD0C3F10403D21A24
:10C22400DB071CBF11F8013B00F8013B80D331F858
:10C23400023B20F8023B7BE7043AD9D3013A11F8D8
:10C24400013B00F8013BF9D20B7803704B78437043
:10C254008B7883706046704702F07ABB01F1FF3C33
:10C2640070B56646002400E00134B0FBF2F502FB31
:10C274001503092B03F1370E03F130035FFA8EFE29
:10C2840098BF5FFA83FE9042284606F801EFEBD28E
:10C29400631C0022C818CA547CB162461CF8015FB2
:10C2A40010F8016DA1EB0C0302328CF80060013B25
:10C2B400521A057023449A42EFDB084670BD00BF52
:10C2C4004FF0010C0CFA01FC01EB410100EB4111B0
:10C2D40070B5B1F80EE01FFA8CF5254C1FFA8EFEEE
:10C2E40024782E010EFB033306F0F006E340B0F889
:10C2F40088417345A4B228BF73463443012AA0F889
:10C3040088410DD0022A28D0C2B10CF00F02B0F837
:10C3140088C11FFA8CFC4CEA020CA0F888C170BDDD
:10C324009BB20CF00F022D02CB82B0F8803105F4E1
:10C3340070659BB22B43A0F88031E8E7AEEB030EA7
:10C344000CF00F021FFA8EFEA1F80AE0B0F880315B
:10C354009BB21343A0F88031D9E79BB20CF00F02D3
:10C36400CB83B0F880319BB21E43A0F88061CEE746
:10C37400AF1B002027284BD8F8B52A4D044615F8E2
:10C38400202005EB8005012A2DD0022A3FD16B78AD
:10C39400C3F3011003283ED0234A02EB803203F09A
:10C3A400030C224889B2634602EB4C1C0678BCF8A5
:10C3B40006E05801BCF810301FFA8EFECEF1011EC3
:10C3C4001EFA83F303F1FF3E0EFB01F1F1408E45AB
:10C3D40023D95B1AC3F101039BB289B20244ACF8BE
:10C3E400063011820DE06A78C2F30113032B10D0DA
:10C3F4000F4800EB83308BB202F00301AA78FFF7F9
:10C404005FFF0C4BEA7803EB04135B681A60F8BD1A
:10C4140070470948EFE7094AC1E7991E4FF6FF73D1
:10C42400DBE700BF400A002000C01D40AF1B002016
:10C4340000C03D40F406002000803E4000801E40C5
:10C4440000230F2248F2B82C194610B54FF470445B
:10C454004FF4806EA0F88C414FF46044A0F88E2114
:10C464000A46A0F89031B0F888319BB243F0F0034B
:10C47400A0F8883101EB4103013100EB4313042997
:10C484009C80A3F806E05A841A865A805A81A3F83D
:10C494000EC05A82DA825A83DA83EBD1B0F888313B
:10C4A4009BB243F00F03A0F88831B0F888319BB2F7
:10C4B40043F47063A0F8883110BD00BF374B384A8D
:10C4C400996F384841F47F0170B5996741F20106CC
:10C4D400D3F8801045F6C05543F226040A43C3F846
:10C4E4008020FFF7ADFF00F58040FFF7A9FF00F5BE
:10C4F4008040FFF7A5FF00F58040FFF7A1FF002271
:10C50400A0F503104FF00F0E114600EB42134FEA53
:10C51400421C01329981042A5981A3F80EE09E82BB
:10C52400DD8020F80C1019829C81EED100221E4877
:10C534004FF00F0E41F20106114645F6C05543F285
:10C54400260400EB42134FEA421C01329981042A6B
:10C554005981A3F80EE09E82DD8020F80C10198228
:10C564009C81EED1002211480F2641F201051146AB
:10C5740045F6C05443F2260E00EB42134FEA421C28
:10C5840001329981042A5981DE819D82DC8020F860
:10C594000C101982A3F80CE0EED170BD00C00F405E
:10C5A400000003FC00C03D4000001E4000401E404F
:10C5B40010280346044A28BF10231078012B38BFE3
:10C5C40001231370704700BFAF1B002072B6EFF356
:10C5D4000583524CC4F884301EF0040F0CBFEFF3F3
:10C5E4000882EFF309824FF0E0234D4E4D4DD3F80E
:10C5F400280DD3F82C1DC4E92201D3F8341DD3F837
:10C60400383DC4E924139369C4F89830D369C4F855
:10C614009C3000F0BFF884ED280A01F003FE0B21E2
:10C624004FF0FF32C4F8A4000B46C4F880103E4912
:10C63400301D5A40202402F00103013C01FB03F3A6
:10C6440083EA5202F7D1A84202D073680646EFE7A4
:10C65400324BC3F8A820BFF34F8F4FF0E02330498B
:10C66400324AC3F8701FC3F8702FBFF34F8FBFF364
:10C674006F8F2F4A02252F48D36E2F4943F440531E
:10C68400D3660560D3692D4823F07F0343F040034C
:10C69400D3610B6883423DD8264D00214FF0E0233F
:10C6A4004FF0FF3229600126C5F808112449C5F866
:10C6B4000011C5F80861C3F88021C3F88421C3F8C8
:10C6C4008821C3F88C21C3F8902101E000F070F9AF
:10C6D400D5F80C31002BF9D00134C5F80C614F2C7E
:10C6E400F4D9184B022018494FF00042C1F8400118
:10C6F4005A63D5F80C313BB9144815490D4A016306
:10C70400D2F80C31002BFAD04FF0E023114AC3F8D1
:10C714000C2DFEE7FFF710FABEE700BF00FF27204D
:10C7240080FF2720A8FF27202083B8EDA0FF272023
:10C7340000C00F4000400840BC140020803DCD0BD9
:10C74400009F240000900D4000002E4000800F4008
:10C75400F100AD0B0400FA050A490A6838B108B5BE
:10C7640013180948834204D810460B6008BD1046CC
:10C77400704702F01BFC0C234FF0FF32036010469D
:10C7840008BD00BFE41400200000282030BFFDE7EE
:10C79400FFF71CBF124AD2F880305B07FBD5D2F8F2
:10C7A40080301048C3F30B230F4990ED007A07EE55
:10C7B400903A91ED006AB8EE477A0C4AF8EEE77ABF
:10C7C4000B4BD2ED006A77EEC77A93ED007AB8EEA0
:10C7D400477A67EE867A87EEA60A37EE400A7047F4
:10C7E40000810D4020320020283200202C3200200D
:10C7F40024320020836BF0B41BB1536843F400432C
:10C80400536072B6446B3CB31A4B2260D3F8B04108
:10C814000C421DD1184E776804E07468E41BB4F52B
:10C82400166F0BD2D3F8404144F48044C3F840411E
:10C83400D3F8B851D3F840416404EED50D4007D184
:10C844000C4CC0E90225D4F8B0310B43C4F8B03124
:10C85400426362B6F0BC7047064DC0E90224D5F8C5
:10C86400B0310B43C5F8B0310263426362B6F0BC29
:10C87400704700BF00002E40001000E070B5056B4B
:10C884009DB106462A46002403E012680134012AB9
:10C894000CD0536813F08003F7D032632CB12846D0
:10C8A400B36B2D689847013CF9D170BDC6E90C33D0
:10C8B400F4E700BF30B4D9B91F4C204B0021204A03
:10C8C40001254FF0011099601D60C4E902318024F4
:10C8D4005C60C2F8BC01D2F8B0311A482B43C2F8EC
:10C8E400B0310160D2F8B031002BFBD130BC7047BD
:10C8F4000904154B104C012541F080019860104A41
:10C90400596000F580511D60D96000F50051A364A1
:10C91400196100F5405100F580405961002198618A
:10C92400E164D2F8B03143F48033C2F8B031D2F8C4
:10C93400B031002BFBD1C0E700000020201F0020F5
:10C9440000002E405C2F0020401F002010B472B65F
:10C954000A4C01220A49237802FA00F01843207095
:10C96400D1F848311A0605D480221343C1F8442172
:10C97400C1F8483162B65DF8044B70479334002027
:10C9840000002E40084901220B7802FA00F023EA45
:10C994000000087030B9054AD2F8483123F080030A
:10C9A400C2F84831704700BF9334002000002E4085
:10C9B4002DE9F04F9C4C83B0D4F84461F107C4F8DE
:10C9C40044616AD5D4F8AC31002B61D0DFF884829D
:10C9D400964DDFF878B208F5805ADFF87C92944FD0
:10C9E400C4F8AC31D5E90A20D4F8403143F40053FB
:10C9F400C4F84031D4F840319B04F5D5D4F8403123
:10CA040023F40053C4F840314FF00113C4F8B43197
:10CA1400D4F8B43113F00113FAD191B240F2816C1D
:10CA2400CBF80030614500F2D980B1F5D06F80F0C9
:10CA34006181B1F5817F00F08F8140F2AB8040F2DB
:10CA4400023C614500F0B281B1F5A06F40F0C180B5
:10CA54007849EB648B600123A9640B6080234B60ED
:10CA64004FF00113C4F8BC31D4F8B03143F480332F
:10CA7400C4F8B031D4F8B031002BFBD1130C5B06F1
:10CA840043F08073C4F85431D4F8AC31002BA7D1EF
:10CA9400654AD2F8BC31002B4AD1720616D5624BD6
:10CAA400D3F8AC21C3F8AC21D3F8BC21C3F8BC2122
:10CAB400D3F8B041002CFBD14FF0FF32C3F8B421BE
:10CAC400D3F8843101F012F95B4B1C60F40103D5F7
:10CAD4005A4B1B6803B19847B00103D5584B1B68E8
:10CAE40003B19847710708D54F4BD3F8843113F439
:10CAF40000731AD0534B01221A704B4BD3F84831B0
:10CB04001A060FD533060DD54F4A13782BB1013BC6
:10CB1400DBB21370002B00F0428203B0BDE8F04F8B
:10CB240000F0AABC03B0BDE8F08F464A1370E4E7F6
:10CB34004649C2F8BC310868034240F061813E4A6C
:10CB440014681C40A9D05FEA144810D0374D4FF048
:10CB5400010998FAA8F7B7FA87F705EBC71009FA9D
:10CB640007F74030FFF78AFE38EA0708F1D1A4B28C
:10CB7400002C92D02D4D4FF0010894FAA4F7B7FA87
:10CB840087F705EBC71008FA07F7FFF777FEBC43F2
:10CB9400F3D182E7802900F0A780822919D183B2DA
:10CBA40010F0780015D103F07F0257F82210284ABC
:10CBB4001080180600F1C081CB0701D50123137042
:10CBC40002212348FFF776FE5EE7010C072900F0F7
:10CBD40045814FF00113C4F8C03155E742F2210CEE
:10CBE4006145F2D03AD942F22123994268D042F207
:10CBF40021339942EDD10F4B00229A60EA6401225D
:10CC0400AB641A6080225A604FF00113C4F8BC313F
:10CC1400D4F8B03143F48033C4F8B031D4F8B0312F
:10CC2400002BFBD130E700BF00002E4000000020A5
:10CC3400C0012E40201F0020602F0020403400201F
:10CC440044340020A3340020A93400205C2F0020A9
:10CC5400AC310020542F0020401F0020B1F5086F94
:10CC64003AD0B1F5106FB4D1B548C2F307424FF0D2
:10CC7400C81100930270B34AC4F8C821C4F8CC1197
:10CC8400C4F8D01101F034F800F08CFBAE4A012155
:10CC9400009BAA6411608021936051604FF00112DF
:10CCA400EB64C4F8BC21D4F8B02142F48032C4F857
:10CCB400B021CBF80030D4F8B031002BFBD1E3E63F
:10CCC40080B2002897D1A14BC2F307421968A04B48
:10CCD4001960A04B1A708EE7994B01219E481B786E
:10CCE4000370FFF7E7FDCFE69B4802210380FFF7BF
:10CCF400E1FDC9E6994B596800293FF46AAF4FEA50
:10CD0400124E82B204E019690C3300293FF461AF7A
:10CD1400B3F800C0F445F6D1B3F802C09445F2D19B
:10CD24004FEA1E22032A00F0D8801A89000C82429E
:10CD340028BF0246BEF5007F40F0D480884B894965
:10CD44001878894B0092002818BF19468748FFF7C6
:10CD5400E9F9864B009ADAE010F0780F83B27FF499
:10CD640038AF03F07F0213F0800F57F8223014BF5E
:10CD740023F4803323F0010347F822300022724B5E
:10CD8400EA649A600122AB641A6080225A604FF010
:10CD94000113C4F8BC31D4F8B03143F48033C4F87F
:10CDA400B031D4F8B031002BFBD16DE610F0780F20
:10CDB40083B27FF40EAF03F07F0213F0800F57F8B5
:10CDC400223014BF43F4803343F0010347F8223088
:10CDD40000225D4BEA649A600122AB641A608022EF
:10CDE4005A604FF00113C4F8BC31D4F8B03143F4A5
:10CDF4008033C4F8B031D4F8B031002BFBD143E612
:10CE0400002008605A490C88486842F221018C428B
:10CE14007FF495AE80B200287FF491AE5549564C0C
:10CE240003C9A18086284FEA11412060A1717FF4D3
:10CE340086AE72B65148017841F008010170D2F80B
:10CE440048110D0605D480200143C2F84401C2F8FC
:10CE5400481162B64A4A5021117070E6EB60012312
:10CE64004349C9F80030474B0A60C9F80430464BBF
:10CE74004860C9F81030C5F80890C9E9028AD4F8A6
:10CE8400B02142F00102C4F8B02103F5805203F549
:10CE94000053C9F81420C9F81830D4F8B031002B65
:10CEA400FBD1294AEB6493600123AA64136048F21E
:10CEB400800353604FF00113C4F8BC31D4F8B0318F
:10CEC40043F48033C4F8B0314FF48033CBF80030EE
:10CED400D4F8B031002BFBD1D6E5000C0A7882429D
:10CEE40028BF0246BEF5E06F50D11D4B1D4893F894
:10CEF40000C01D491D4BBCF1000F18BF0146009234
:10CF04001846FFF70FF9072103464170009A23F0F2
:10CF14001F011344BFF34F8F4FF0E020C0F8701F80
:10CF240020318B42FAD8BFF34F8FBFF36F8F0F4876
:10CF34001146FFF7BFFCA7E5C9033FF53FAE3FE647
:10CF4400A23400200200CC00201F00203C3200202C
:10CF5400C8320020A1340020AC3100201813002076
:10CF6400A3340020581C0060F01C0060E0812020E5
:10CF740020220020542F0020C032002093340020AF
:10CF8400A934002080000700544F0020064B1846A7
:10CF9400CDE90023FFF7C6F8DDE90023B7E7032056
:10CFA400FFF7F0FC02F03CFAE08120202DE9F04785
:10CFB4001F46831E022B01D9BDE8F087DFF84C9091
:10CFC40015460C463C2209EBC01806464FEAC01A27
:10CFD400002108F10400240401F07EFFB5FA85F273
:10CFE4000123520944EA427449F80A40C8F83870E7
:10CFF400C8F80830002FDFD0034AB34011680B4350
:10D004001360BDE8F08700BF602F002000000020FF
:10D014002DE9F0470D46811E022901D9BDE8F087AC
:10D02400C701DFF84C909246044640373C22002169
:10D034001E4609EB07082D0408F1040001F04CFF1B
:10D04400BAFA8AF2520945EA427249F807200122E3
:10D05400C8F83860C8F80820002EDFD0034B10341D
:10D064001968A2400A431A60BDE8F087602F0020C7
:10D074000000002012048160C36101F5405342F0B6
:10D08400800210B40124426001F50052046001F5ED
:10D09400805401F58041C46081615DF8044BC0E9AE
:10D0A40004237047831E0A46022B00D97047064B9F
:10D0B40000F110014FF0010C03EBC0100CFA01F168
:10D0C4004030FFF797BB00BF00000020831E0A46D4
:10D0D400022B00D970470121024B814003EBC010A1
:10D0E400FFF788BB0000002040687047124A134BCA
:10D0F400D2F8200220F07F40984210B584B002D2CA
:10D1040000EB800040000E4C01A90A22FFF7A6F8AC
:10D1140001A90023204611F8012B01333AB10A2B4F
:10D1240020F8022FF7D11623237004B010BD5B0042
:10D13400DBB2237004B010BD00441F4080969800F9
:10D14400941B002000F0F2BE00F0C2BE00F026BF27
:10D1540000F0E0BE00F07CBF00F052BF084611466C
:10D1640000F042BF38B50C4B04460C4D1B682988AF
:10D1740043B1B1F5917F09D24B1C9BB2084A2B8075
:10D18400545438BDB1F5917FF6D338BD002204481C
:10D19400984700210123F1E708330020643400207C
:10D1A4001C330020F8B5144C4FF0E025134E4FF417
:10D1B400003204EB4024124F06EB40160346C5F838
:10D1C4008C2121463A883046FFF754FF3B8823449C
:10D1D400BFF34F8FC5F85C4F2034A342FAD8BFF396
:10D1E4004F8FBFF36F8F04203146FFF76FFF4FF46B
:10D1F4000033C5F80C31F8BD80822020601F002068
:10D204005834002042684FF6FC71114BC2F30E42B1
:10D21400C0691B889B1A0B4017D00E4930B40E4CC2
:10D224000E4D227821F810300021013225F810101B
:10D23400062A94BFD1B20A46217009490C682344D6
:10D244000B60084B985430BC7047FFF7ABBF00BF6E
:10D2540058340020D43100208E340020F0310020D6
:10D26400CC3100200C3200202DE9F04F0123DFF8EF
:10D2740028A1DFF828B183B0414E9AF80020414D2F
:10D28400414F8BF8003005EB42153388D7F8008006
:10D29400CDE90002002B6DD13C4CDFF80491284607
:10D2A400FFF722FF10F080005DD03B68A3EB08037A
:10D2B400282B04D90123237003B0BDE8F08F237811
:10D2C400002BF9D199F80030002BF5D000F00AFFBB
:10D2D4003388002BE3D02E4A9AF800101288D01A13
:10D2E400043B2C4C9BB22044338000EB4120009E35
:10D2F4004902C0F8006C93BB04F5406428460C4412
:10D304002146FFF7B7FEBFF34F8F04F1200204F567
:10D314000073934234BF012310234FF0E02204EB47
:10D324004313C2F8704F20349C42FAD1BFF34F8F9D
:10D33400BFF36F8F04202946FFF7B4FE019B022040
:10D344000133032B94BFDBB200238AF80030FFF7CC
:10D3540019FB00238BF8003003B0BDE8F08F0220E6
:10D36400FFF7F4FAF5E70A4B9AF800101A882070D0
:10D374001346B5E7064A01991288D01AB0E700BFF0
:10D384005C340020202100203C3200209634002010
:10D3940060340020808220209D3400209F340020AF
:10D3A400A2340020214B70B51B78002B3BD04FF4E6
:10D3B40000731E461E4980221E4D00240B8000214E
:10D3C4001D482B8001F088FD1C4A21461C4B14701B
:10D3D400C0221C481C8001F07FFD1B4A31461B4BB8
:10D3E400042094609C60C2E90044194AC3E90044E3
:10D3F4001470184B184A1C70184B14602246FFF71F
:10D40400D5FD2346224629880420FFF701FE204645
:10D414000134FFF7C7FE062CF9D100231049114A45
:10D424000B70137070BD40231E46C3E7A334002065
:10D434005834002060340020202100209D34002036
:10D444005C340020601F0020D4310020F031002023
:10D454008E34002090340020CC31002075B40000BC
:10D46400963400209F340020024B1B780BB1FFF749
:10D47400FBBE7047A23400202DE9F843214B1D78F0
:10D4840015B9214E33880BB9BDE8F883DFF88880DD
:10D494001E4A98F800701E4C02EB47191D4A04EB13
:10D4A4004724128848462146D21A2B46FFF7E2FD4C
:10D4B400BFF34F8F04F1200204F50073934234BF8D
:10D4C400012310234FF0E02204EB4313C2F8704F02
:10D4D40020349C42FAD1BFF34F8FBFF36F8F0137D3
:10D4E40049460420FFF7DEFD032F4FF000034FF001
:10D4F400020098BFFDB2338088F80050BDE8F843BD
:10D50400FFF740BA9F3400205C3400202021002023
:10D51400808E2020603400209D340020F8B54FF424
:10D5240000324FF0E023204CC3F88C211F4B2278AB
:10D5340019788A422ED0D3B21D4A1E4F01331E4998
:10D544001E4E072B28BF0023D05C37F8102001EBB8
:10D5540040218D580432316892B2043927F81020E2
:10D564003160174931F81010914207D94FF0E02388
:10D574004FF400322846C3F80C21F8BDDBB2237007
:10D58400FFF710FE4FF0E0234FF400322846C3F8B3
:10D594000C21F8BD00254FF0E0234FF4003228465B
:10D5A400C3F80C21F8BD00BF903400208E34002055
:10D5B4000C320020F031002080822020CC31002069
:10D5C400D4310020F8B50646FFF7A8FF90B1C0F3A8
:10D5D400031300F00F059C4A0446070A1370A5F1D3
:10D5E4000803062B08D807F00F030133002E45D09B
:10D5F400B34243D00020F8BDAB1EF8B2012B19D9B9
:10D60400F72818BFF02801D9052D13D0042D00F0F8
:10D6140085816B1F022B40F245810F2DEAD1F7283B
:10D6240008D8F02803D0894B1B88002BE2D0FFF7E1
:10D6340099FDDFE7F1380E28DCD801A353F820F078
:10D6440025BA000037BA000055BA000065B80000DA
:10D6540065B8000063BA000065B8000071BA000044
:10D6640065B800009DB90000D3B90000B7B9000047
:10D6740065B80000EFB900000BBA0000082DC4F330
:10D68400033217D1082A15D171488021714A0768DD
:10D69400C4F30746DDB21170240E1FB1314628468B
:10D6A4002246B8476C4B01206C491D706C4B0E70C0
:10D6B4001C70F8BD092D14D1092A12D1220E654916
:10D6C40000F0B4809020C4F30746DDB20870D4B2F1
:10D6D40064490F68002FE5D0224631462846B847F2
:10D6E400E0E70A2D05D10A2A03D15F48A021594A4F
:10D6F400CDE70B2D05D10B2A03D15C48B021554A47
:10D70400C5E70C2D40F08A800C2A40F08780584AE7
:10D71400C02050491268C4F30746DDB20870240ED5
:10D72400002ABFD0314628469047BBE7514B1B68BF
:10D73400002B00F00A81C4F307469847454B240E9A
:10D7440000251F70AEE74C4B1B68002BF3D14B4BED
:10D754001B68002B00F0ED80FC20C4F307469847BB
:10D76400ECE7474B1B68002BE5D1444B1B68002BAF
:10D7740000F0DF80FB20C4F307469847DEE7414B07
:10D784001B68002BD7D13D4B1B68002B00F0D180C8
:10D79400FE20C4F307469847D0E73B4B1B68002B99
:10D7A400C9D1364BC4F307461B68002BC6D0FF20F3
:10D7B4009847C3E7354BC4F307461B68002BBDD01D
:10D7C40030469847BAE7324B1A68002A00F0B18015
:10D7D400630CC4F30640260C03F47E53F6B21843DC
:10D7E4009047ABE72B4BC4F307461B68002BE7D1EC
:10D7F400A4E7294BC4F307461B68002B9DD19DE782
:10D80400264B1B68002B96D11C4B1B68002B00F089
:10D814009080F820C4F3074698478FE70D2D62D116
:10D824000D2A60D11E4AD0200A4973E78020DDB258
:10D83400C4F30746087006490F68002F7CD03146B0
:10D8440028461446B8472DE7A43400206434002049
:10D85400E0320020A8340020A5340020A6340020A3
:10D86400A7340020E432002018330020DC320020EA
:10D87400EC320020FC32002000330020F032002083
:10D88400D8320020CC3200200C330020103300208A
:10D89400F4320020F832002014330020D432002067
:10D8A400D0320020FFF75EFC052D08D0C4F30740FA
:10D8B400FFF758FC072D02D1200EFFF753FC2B4B2A
:10D8C4002B4819882B4A0170080A2B4C1070002031
:10D8D4002A4A1880F023246813707CB30122284854
:10D8E400A0470120F8BD0E2D7FF484AE0E2A7FF4EC
:10D8F40081AE244AE02021491268087072B3610C99
:10D90400C4F30640DDB201F47E51260C240E01431B
:10D914002846F6B2A1F500519047C3E6FFF722FC72
:10D92400C4F30740FFF71EFC200EFFF71BFC00208A
:10D93400F8BDC4F3074601E73C46B3E6124B1B6847
:10D944008BB10F4898470120F8BD104B1B68002B82
:10D95400EFD0FA20C4F307469847EFE6C4F307462E
:10D96400DDB2240E9EE60120F8BD00BF6434002021
:10D97400A6340020A734002008330020A834002057
:10D984001C330020E832002004330020F032002051
:10D99400F8B5144C4FF0E025134E4FF4003204EB6D
:10D9A4004024124F06EB40160346C5F88C2121464D
:10D9B4003A883046FFF75EFB3B882344BFF34F8F22
:10D9C400C5F85C4F2034A342FAD8BFF34F8FBFF39E
:10D9D4006F8F03203146FFF779FB4FF40033C5F80E
:10D9E4000C31F8BD80962020202000205A340020DD
:10D9F400244B2DE9F0411C884368C569C3F30E43E9
:10DA0400E41A002C24DD204920480A780078D3B297
:10DA14001F4E82421F4807D010F8038036F8187052
:10DA2400C7F50072944218D90133002226F8154034
:10DA3400082B194E88BF134626F8152098BFDAB272
:10DA4400C554164B0A701A6814441C60BDE8F08172
:10DA54002846BDE8F041FFF79BBF07EB482010497B
:10DA640022462744084401EB4521FEF75BFB0B4AA1
:10DA7400284626F8187013682344BDE8F041136063
:10DA8400FFF786BF5A3400208F34002091340020E1
:10DA9400E031002014320020FC310020D03100207D
:10DAA400809620201D4B1A78002A36D102F0FF03FD
:10DAB4001B4A12788AB32DE9F0411A4D2A8852B3D1
:10DAC400194EC2F50068194F3278194C07EB42170A
:10DAD40004EBC224424638462146FFF7CBFA04EB56
:10DAE4000802BFF34F8F4FF0E023C3F8704F203488
:10DAF400A242FAD8BFF34F8FBFF36F8F032039468A
:10DB0400FFF7D0FA33780133DBB2032B88BF00234D
:10DB1400337000232B80BDE8F0817047A0340020CF
:10DB2400A23400205E3400209E340020A021002076
:10DB340080A620202DE9F04F85B0CDE90110002901
:10DB440000F0BF800023604CDFF89881DFF898A1D3
:10DB54005E4F009301235E4A23705E4B1978B8F838
:10DB6400003002EB4119002B40F0A7801E461D46F1
:10DB74009B464846FFF7B8FA10F0800000F08C800E
:10DB8400BFF34F8F9AF8003084F800B005B93E68AF
:10DB9400002B7DD13B689B1B782B00F287804E4B7A
:10DBA4001B78002B74D000F09DFA0122B8F80030E5
:10DBB40015462270002BDCD0464AC3F5006011786C
:10DBC4001A4600EBC120454DC9022844019D9542E7
:10DBD40017D20393DDE901512A46FEF7A3FA039B0A
:10DBE4004FF040425B1BA8F800303D4BC3F8842043
:10DBF400BFF34F8F009800232844237005B0BDE87D
:10DC0400F08F364BCD180299FEF78CFA00234FF4AF
:10DC1400006229464846FFF72DFABFF34F8F05F1FE
:10DC2400200205F50063934234BF012340234FF0E3
:10DC3400E02205EB4313C2F8705F2035AB42FAD102
:10DC4400BFF34F8FBFF36F8F03204946FFF72AFAC4
:10DC5400204A13780133DBB2032B84BF00231D4A0F
:10DC64001370B8F80030019AD11A009A1A4401913D
:10DC74000092029A1A4400230292194AA8F800302A
:10DC8400C2F88430BFF34F8F237000297FF462AF52
:10DC9400009805B0BDE8F08F4FF400620D4B8AF890
:10DCA400000019781346A8F800208AE70123009899
:10DCB4008AF8003005B0BDE8F08F1A46C3F500605D
:10DCC4007FE70198E5E700BFA03400203C32002044
:10DCD400A02100209E340020A234002080A6202011
:10DCE40000002E405E34002097340020704700BFAF
:10DCF4002D4B002180222D4870B51B7800242C4D1B
:10DD04008B422C4E0CBF40234FF400732B80338086
:10DD140001F0E2F8284A2146284B14704FF480722F
:10DD240027481C8001F0D8F8264A1021264B0220EF
:10DD3400C2E90044C2E90244244AC3E9004414701D
:10DD4400234AC3E90244234B1C7023461460224631
:10DD5400FFF75EF92246318803201F4BFFF726F9AF
:10DD64002346012229880320FFF752F92046013473
:10DD7400FFF70EFE082CF9D1184B00214A2218484F
:10DD8400184C0460C3F88410C3F88020D3F84821E9
:10DD9400154942F08072C3F8482121B1134A13781F
:10DDA40043F00103137070BDA3340020A0210020B0
:10DDB400623400205A3400209E3400205E34002057
:10DDC40020200020E0310020FC3100208F3400208E
:10DDD400D03100209134002061BC000000002E40AE
:10DDE4004034002015BD000000000000AA340020CB
:10DDF4002DE9F04F4FF0E0234FF40032DFF8C8A0D4
:10DE040083B0C3F88C218B469AF8004000294FD088
:10DE14008046E4B20027DFF8B490264BABEB070250
:10DE240025491B78A34204F101043FD0092C234B5C
:10DE3400404628BF00241E5D39F816C00CEB46236B
:10DE440019441F4B33F81650A5EB0C05AA421CD2FB
:10DE54000CEB462C18491B4C61440192FEF762F905
:10DE6400216839F816505846019AA1EB0B012A444F
:10DE7400394429F8162021604FF0E0234FF4003292
:10DE8400C3F80C2103B0BDE8F08F2A462F44FEF7F7
:10DE940049F90C49E3B230460A68A844521B0A60A7
:10DEA4008AF80030FFF774FDBB45B6D83846E3E77F
:10DEB4000846E1E78F3400208096202014320020A9
:10DEC400E0310020D031002091340020FC310020CA
:10DED4000B4B0C4A12781978D3B28A420DD0013315
:10DEE40009480A4A092B0A4928BF0023C35C31F8B0
:10DEF400131002EB4323585C70474FF0FF30704718
:10DF04008F34002091340020143200208096202089
:10DF1400FC310020044B10B51C680CB1204610BD28
:10DF240000F0E0F8204610BDD03100202DE9F84F74
:10DF3400144E154D33782A78934221D0DCB2DFF8A1
:10DF44005090DFF850B0DFF85080104F0134082CA7
:10DF54005FFA84FA01D90024A24619F80400DBF818
:10DF6400003038F8102037F81010521A9B1ACBF8EA
:10DF74000030FFF70DFD86F800A02B78A342E5D111
:10DF8400BDE8F88F913400208F340020FC3100204C
:10DF940014320020D0310020E031002000B583B0DD
:10DFA40001210DF10700FFF723FF20B19DF80700C1
:10DFB40003B05DF804FB4FF0FF30F9E7094B00B5FF
:10DFC40083B01B788DF807003BB101210DF10700E8
:10DFD400FFF7B0FD03B05DF804FB03F0FF0003B0EE
:10DFE4005DF804FBA2340020044B1B7803F0FF020D
:10DFF4000BB1FFF79FBD1046704700BFA23400204D
:10E004002DE9F0410024DFF8448001230D4D27461B
:10E014000D4E88F80030337828462035A34204F1A9
:10E02400010405D0FFF760F8030658BF07F5006741
:10E03400042CF0D1BFF34F8F0023384688F800300A
:10E04400BDE8F081A02100209E340020A0340020EF
:10E054002DE9F8431D4B1B7813B11D4D2A880AB9CD
:10E06400BDE8F8831B4EC2F500691B4933784A4664
:10E074001A4C01EB43181A4F04EBC3240123404606
:10E084003B7021460023FEF7F5FF04EB0902BFF3C2
:10E094004F8F4FF0E023C3F8704F2034A242FAD8D8
:10E0A400BFF34F8FBFF36F8F03204146FEF7FAFF94
:10E0B40033780133DBB2032B88BF00233370002392
:10E0C4002B80BFF34F8F3B70BDE8F883A234002050
:10E0D4005E3400209E340020A021002080A6202051
:10E0E400A03400202DE9F8432D4B1E7866B12D4F46
:10E0F4003B784BB90123F1073B7043D4B20726D4D4
:10E1040000233B70730701D4BDE8F883264B1A68DB
:10E11400002AF9D0EFF30582002AF5D1EFF3108538
:10E1240072B61868002834D0204C2178002930D1E8
:10E134000122227042691A60002A2ED0916105B929
:10E1440062B600258368457798472570DCE7DFF8D9
:10E15400648098F80030002BD2D00025DFF8589066
:10E164002B4659F823400135236820461B699847FC
:10E1740010B163699B68984798F80020EBB29A4203
:10E18400EFD8BDE7FFF7C6FE0028B7D0AFF3008095
:10E19400B4E7002DB8D162B6B6E7054B1A60CEE7F6
:10E1A400AA34002074340020D022002067340020D8
:10E1B400DC22002069340020F822002070B5EFF33F
:10E1C400108272B60C4C206880B10C4E0025436955
:10E1D400236073B19D6102B962B68368457798473D
:10E1E400EFF3108272B620680028F0D102B962B64B
:10E1F40070BD3360EFE700BFD8220020D422002096
:10E20400FFF7DCBF0449054A4968054B19601368E8
:10E2140001331360704700BF001000E03C3200205F
:10E2240038320020074A506A936A19468446506A75
:10E23400936A9942F9D18445F7D1DB0B43EA404014
:10E24400704700BF00400D40B5EEC00AF1EE10FA71
:10E254002CD4DFED207A20EE270AFDEEC07A32D4EA
:10E26400F8EEE77ADFED1C6A1C4AB7EE007A30EE6E
:10E27400670A20EE260AFCEEC07A17EE903AC3F342
:10E28400080307EE903A02EB8301F8EE677AD1EDCA
:10E29400006A70EE677A91ED010A37EE677A67EEED
:10E2A400807A27EE260A30EE270A7047DFED0C7AD3
:10E2B400B4EEE70AF1EE10FA0BDADFED067A20EE9F
:10E2C400270AFDEEC07A17EE903A013B07EE903A2A
:10E2D400C6E7704783F9223E00000044F40A002098
:10E2E400CD024CB4DFED1C7AB5EE007A20EE270A9D
:10E2F40030EE070AB5EEC00AFDEEC07AF1EE10FA70
:10E3040004D517EE903A013B07EE903AF8EEE77A1F
:10E31400DFED126A124AB7EE007A30EE670A20EE99
:10E32400260AFCEEC07A17EE903AC3F3080307EE10
:10E33400903A02EB8301F8EE677AD1ED006A70EE51
:10E34400677A91ED010A37EE677A67EE807A27EEF5
:10E35400260A30EE270A704783F9223E0000004463
:10E36400F40A002003460846194600F007BE00BF21
:10E3740010EE103A40F22A41C3F30A528A42B7EE31
:10E38400C03A32D8B7EE000B2D4B93ED4A2B93EDE8
:10E39400481BB0EE417BA2EE037B17EE100A37EE6A
:10E3A400417B00F01F0203EBC20130B492EE037B09
:10E3B40093ED4C4B53F832404D6893ED4E6B93ED17
:10E3C400505BA4EE076B27EE074B00210A1905EBFF
:10E3D400C033A5EE070B43EC172BA6EE040B30BCA1
:10E3E40020EE070BB7EEC00B704713F5000F20D0DB
:10E3F400B2F5FF6F1AD2DFED137AB4EEE70AF1EE4D
:10E4040010FA10DCDFED107AB4EEE70AF1EE10FA40
:10E4140012D4DFED0E7AB4EEE70AF1EE10FAB1D5BC
:10E42400002000F033BA002000F036BA30EE000AC3
:10E4340070479FED070A7047002000F021BA00BF23
:10E44400800200201772B142B4F1CFC2CF8ECEC287
:10E454000000000010EE103AB3F17E5F3ED0A3F549
:10E464000001B1F1FE4F10EE102A3AD2BFEE002B9C
:10E4740002F14043284903F54D03C3F3C34001EBC4
:10E48400001091ED424B91ED447B91ED406B91ED89
:10E49400465BD90DC9052DED028B90ED021B90ED65
:10E4A400008B521ADB1500EE103A03EE902AB8EEF8
:10E4B400C00BB7EEE33A30EE010BA8EE032BBDEC34
:10E4C400028B22EE023BA4EE027BA5EE020BA6EE2B
:10E4D400037BA3EE070BB7EEC00B70479FED0F0A4B
:10E4E4007047590014D0B3F1FF4F14D0002B0BDB4D
:10E4F400B1F17F4F08D2DFED0A7A60EE277A17EE8A
:10E50400903AA3F13862B1E700EE103A00F0DCB9BA
:10E51400012000F0C7B97047C803002000000000C4
:10E524000000004B0000000030B410EE103A2DED56
:10E53400028BA3F5000110EE902AB1F1FE4F10EE0C
:10E54400104A82B04FEA42017CD201F1FF3C6FF0E5
:10E554008070844580F0F780002004F1404303F587
:10E564004D03C3F3C342DB0DDB05E11ADB1507EEF4
:10E57400903AB14B03EB021292ED003B04EE101AF9
:10E58400B7EEE06AB7EEC44ABFEE000BA3EE040B8D
:10E5940093ED443B20EE001B93ED464B93ED402B53
:10E5A400A0EE034B93ED425B93ED483BA0EE025B80
:10E5B40021EE012B92ED028BB8EEE77B37EE087B60
:10E5C400A0EE037BA1EE047BA5EE027B26EE077B87
:10E5D40017EE903A48F2BF01C3F3CF338B4250D2C7
:10E5E400B7EE000B954B93ED402B37EE023B13EE49
:10E5F400102A33EE423B02F01F01821803EBC100E4
:10E6040093ED424B37EE437B53F83140456893ED2D
:10E61400446B93ED465BA7EE046B27EE074B002398
:10E62400181905EBC231A7EE050B41EC170BA6EE4A
:10E63400040B20EE070BB7EEC00B02B0BDEC028B4F
:10E6440030BC70474D1E6FF08070854280F0CE80E4
:10E6540059004D1E854280F09280002B55DB00202E
:10E66400B4F5000FBFF479AFDFED757A07EE103A19
:10E6740067EE277A17EE904A24F00044A4F1386438
:10E684006BE79FED656BB4EEC67BF1EE10FA15DC1B
:10E694009FED636BB4EEC67BF1EE10FA20DD4FF014
:10E6A4004C5388B10193DDED016ABFEE006A76EE4A
:10E6B400666AF4EE466AF1EE10FA11D002B0BDECCF
:10E6C400028B30BC00F0E8B80093DDED006AB7EED1
:10E6D400006A76EE866AF4EE466AF1EE10FAEDD13F
:10E6E4009FED516BB4EEC67BF1EE10FA57D99FED56
:10E6F400506BB4EEC67BF1EE10FA7FF571AF02B049
:10E70400BDEC028B30BC00F0C1B8C2F3C7517E2906
:10E7140011DD962954DC0120C1F1960100FA01F1C2
:10E72400481E104207D1114214BF012000200004EA
:10E7340024F0004494E700EE103A02B0BDEC028BE2
:10E7440030BC00F0C1B8002952D0B3F17E5F2CD0A8
:10E754006400B4F17F4F2ED8B1F17F4F2BD1B4F1C7
:10E76400FE4F4BD0B4F1FE4F6FEA020234BF0024D7
:10E774000124D20F94424CD09FED320A5DE7002B66
:10E7840020EE000A1EDB002000293AD1002ABFF641
:10E7940054AF02B0BDEC028B30BC00F083B802B0C1
:10E7A400BDEC028B30BC00F06BB882F480025200E6
:10E7B40012F5000F22D907EE903A37EEA00A3CE793
:10E7C4000020B5E7C2F3C753A3F17F001728DAD8B6
:10E7D400C3F19600012303FA00F0441E1442D2D17F
:10E7E4001040D1D0B1EE400A1846CDE70029AFD190
:10E7F40084F48002520012F5000FDCD8B7EE000A50
:10E804001BE7002ABFF619AFF7EE007A87EE800AFD
:10E8140013E720EEA00A10E771D5D1FFFFFF5F4098
:10E82400E2AAA3FFFFFF5F400000000000C062C037
:10E834000000000000A062C0E80400208002002064
:10E844000000004B0000000010B582B08DED010AFD
:10E85400044600F0ABFB9DED010A046002B010BD5C
:10E8640030B1F1EE407A27EE800A2220FFF7ECBFA8
:10E87400F0EE407A27EE800A2220FFF7E5BF00BFC2
:10E884009FED010AFFF7ECBF000000109FED010AA5
:10E89400FFF7E6BF0000201A9FED010AFFF7E0BF73
:10E8A400000000709FED070AFFEE007AB7EE007AD1
:10E8B40000284FF0220047FE277A87EE800AFFF7F0
:10E8C400C3BF00BF0000000070EE407AB4EE400AFF
:10E8D40087EEA77AF1EE10FAB0EE470A02D62120AD
:10E8E400FFF7B2BF704700BF10EE101AC1F3C75252
:10E8F4000029A2F17F0CB4BF4FF0FF300120BCF11E
:10E904001E0F0FDCBCF1000F1DDBC1F31603BCF1BD
:10E91400160F43F400030ADD963A03FA02F202FBEF
:10E9240000F07047FDEEC07A17EE900A70474FF47E
:10E93400800242FA0CF21A44CCF1170C22FA0CF2BF
:10E9440002FB00F07047BCF1FF3F18BF0020704786
:10E95400024B0146186800F003B800BFFC18002001
:10E964002DE9F04F01F10B06162E83B0044624D88E
:10E97400102900F2BA8000F0A3FA1026182202200F
:10E98400B54F3A44A2F1080153688B4200F0BA80B3
:10E994005A68D96822F003021A449D68E9608D60C0
:10E9A400516841F001012046516003F1080500F06F
:10E9B4008DFA284603B0BDE8F08F36F0070600F163
:10E9C4009480B14200F2918000F07AFAB6F5FC7FAF
:10E9D400C0F09A81730A00F08F80042B00F26F81DB
:10E9E400B30903F1390003F1380CC3009A4F3B44D7
:10E9F400A3F108055B689D4206D10CE0002980F272
:10EA04002781DB689D4206D05A6822F00302911BDD
:10EA14000F29F3DD60463D69DFF850C265457CD0BF
:10EA24006A6822F00302931B0F2B00F37B81002BF7
:10EA3400C7E904CC80F26C81B2F5007F80F01A81C2
:10EA4400D308796801334FEA521E012202FA0EF20A
:10EA54000A4357F833E0C5F808E007EBC301083967
:10EA6400E9607A6047F83350CEF80C5083100121E6
:10EA74009940914257D8114206D120F00300490031
:10EA8400114200F10400FAD007EBC0094D46864656
:10EA9400D5F80C80454508D11DE1002B80F2248176
:10EAA400D8F80C80454500F01681D8F8042022F0EF
:10EAB4000302931B0F2BF0DD2046D8E9025408EB28
:10EAC400060146F00106C8F80460EC60A56043F056
:10EAD4000104C7E90411C1E902CC4C6048F80230D2
:10EAE40000F0F4F908F1080502E00C232360002586
:10EAF400284603B0BDE8F08F4FF4007340204FF078
:10EB04003F0C73E7D3689A4208BF02307FF440AFEA
:10EB14003D69DFF858C1654582D17A6883100121C7
:10EB240099409142A7D9BD686B6823F003094E450B
:10EB340003D8A9EB06030F2B7ADCDFF834B1474B7B
:10EB4400DBF800201B680132334405EB090A00F0AE
:10EB5400338103F580530F3323F47F6828F00F08C3
:10EB64004146204600F010FA411C024600F0F380B2
:10EB7400824500F2EE803A4B196841441960084618
:10EB840000F04E81DBF80010019301311BBFA2EBB2
:10EB94000A010918CBF80020196012F0070B00F0E5
:10EBA4001781CBF108010A44CBF580519044083118
:10EBB400A1EB0801C1F30B0A51462046009200F074
:10EBC400E3F9421CDDE9002300F04F81801A00EBD9
:10EBD4000A081968BA6048F001005144BD42506007
:10EBE400196000F02981B9F10F0F40F2278168689C
:10EBF400A9F10C0C2CF0070C00F0010040EA0C0009
:10EC040068604FF0050E05EB0C00BCF10F0FC0E976
:10EC140001EE00F2328150681546124B1A688A429E
:10EC240038BF1960104B1A688A4238BF196094E0E3
:10EC3400AA1943F0010346F001066E602046BA604B
:10EC4400536000F043F90835284603B0BDE8F08F5F
:10EC5400D9681A44A1E600BFEC14002068250020FE
:10EC6400382500206025002064250020F4140020AD
:10EC7400F4180020B2F5206F4FEA522363D3142B0B
:10EC840000F2B78003F15C01C9005B3307EB010EAE
:10EC94007958AEF1080E8E4500F091804B6823F050
:10ECA4000303934202D989688E45F7D1D1F80CE069
:10ECB4007A68C5E9021ECEF80850CD60D6E6142B5A
:10ECC40059D9542B00F29D80330B03F16F0003F1EB
:10ECD4006E0CC3008AE60EF1010E1EF0030F05F15F
:10ECE40008057FF4D5AE51E0424445465368D8F850
:10ECF4000C1043F00103536055F8083F2046D960D7
:10ED04008B6000F0E3F8F3E6F00806F1080237E65A
:10ED14002A442046536843F001035360083500F049
:10ED2400D5F8E5E6A919204646F0010643F00104AA
:10ED34006E60C7E90411C1E902CC4C60AB5000F02D
:10ED4400C5F80835D4E6930903F13901C90038330D
:10ED54009CE7BD425FD0BD68686820F00308464563
:10ED6400A8EB060302D80F2B3FF762AF204600F052
:10ED7400ADF80025BCE603F15C0003F15B0CC300B5
:10ED840034E659F808394B4540F0968010F0030FEB
:10ED940000F1FF30F5D17B6823EA01037B60490071
:10EDA40099423FF6C0AE19B9BDE649000EF1040E12
:10EDB4001942FAD0704667E603F11008D0E69A10BB
:10EDC4004FF001087B6808FA02F21A437A6070E790
:10EDD40002EB08014942C1F30B0A51462046009256
:10EDE40000F0D2F8431CDDE900237FF4EFAEDA46ED
:10EDF400EFE6542B25D8130B03F16F01C9006E33D2
:10EE040044E7B3F5AA7F25D8F30B03F1780003F1A7
:10EE1400770CC300EAE5294B186840441860B1E652
:10EE2400CAF30B0CBCF1000F7FF4ACAEBD68C84450
:10EE340048F001006860F0E61546EEE601235360F1
:10EE440094E7B3F5AA7F23D8D30B03F17801C90063
:10EE540077331BE740F25452934223D8B30C03F1A7
:10EE64007D0003F17C0CC300C0E5ABF1080BD84472
:10EE7400A8EB02084FF0000AABE605F108012046B2
:10EE8400009300F0C7F9BD68009B68681968C4E680
:10EE940040F254518B420BD8930C03F17D01C9000D
:10EEA4007C33F3E64FF47E737F204FF07E0C9DE5B8
:10EEB4004FF47E717E23E9E67B6870E738250020F5
:10EEC400014800F09DB800BF34250020014800F03F
:10EED40099B800BF34250020830730B548D0541EAC
:10EEE400002A3FD0CAB2034601E0013C3AD303F8FA
:10EEF400012B9D07F9D1032C2DD9CDB245EA052567
:10EF04000F2C45EA054536D9A4F1100222F00F0C66
:10EF140003F1200EE6444FEA121C03F1100242E909
:10EF2400045542E9025510327245F8D10CF1010240
:10EF340014F00C0F03EB021204F00F0C13D0ACF11D
:10EF4400040323F003030433134442F8045B9342A1
:10EF5400FBD10CF003042CB1C9B21C4403F8011B0F
:10EF64009C42FBD130BD64461346002CF4D1F9E732
:10EF740003461446BFE71A46A446E0E713460A468A
:10EF84000146022000F0B2B838B5074D002204460D
:10EF940008462A60FDF7E0FB431C00D038BD2B680F
:10EFA400002BFBD0236038BD682F0020014B18686C
:10EFB400704700BFFC18002070B50D4E0D4D761B38
:10EFC400B61006D0002455F8043B01349847A642F5
:10EFD400F9D1094E094D761B00F02AFAB61006D075
:10EFE400002455F8043B01349847A642F9D170BD7A
:10EFF400001C0060001C0060101C0060001C00600D
:10F00400704700BF704700BF000000000000000010
:10F0140090F800F06DE9024520F007016FF0000C54
:10F0240010F0070491F820F040F049804FF00004FC
:10F034006FF00700D1E9002391F840F000F10800D7
:10F0440082FA4CF2A4FA8CF283FA4CF3A2FA8CF30F
:10F054004BBBD1E9022382FA4CF200F10800A4FA76
:10F064008CF283FA4CF3A2FA8CF3E3B9D1E90423CA
:10F0740082FA4CF200F10800A4FA8CF283FA4CF301
:10F08400A2FA8CF37BB9D1E9062301F1200182FABB
:10F094004CF200F10800A4FA8CF283FA4CF3A2FAC1
:10F0A4008CF3002BC6D0002A04BF04301A4612BACF
:10F0B400B2FA82F2FDE8024500EBD2007047D1E9D2
:10F0C400002304F00305C4F100004FEAC50514F061
:10F0D400040F91F840F00CFA05F562EA05021CBF32
:10F0E40063EA050362464FF00004A9E72DE9F047FF
:10F0F400DFF87CA00646DAF8000098460F469146F1
:10F10400FFF77EFF184B1C6824B365681F2D24DCB1
:10F114005EB96B1C0235DAF80000636044F82570B0
:10F12400FFF770FF0020BDE8F08704EB85010123A1
:10F13400C1F88890D4F88821AB401A43022EC4F851
:10F144008821C1F80881E4D1D4F88C211A43C4F889
:10F154008C21DEE7054C1C60D7E7DAF80000FFF7E6
:10F1640051FF4FF0FF30DEE79C230020A023002056
:10F17400E0140020F8B5244F0C460646FFF7A0FE25
:10F18400BB685D68C4F57E610F3125F003054B193A
:10F1940023F47F6323F00F03A3F58054B4F5805F59
:10F1A40007DB00213046FFF7EFFEBB682B44984293
:10F1B40004D03046FFF78AFE0020F8BD6142304695
:10F1C400FFF7E2FE01300DD0104ABB682D1B45F05D
:10F1D40001055D60136830461B1B1360FFF776FE64
:10F1E4000120F8BD00213046FFF7CEFEBA68831A2D
:10F1F4000F2BDEDD43F001035360054B03491B680D
:10F20400C01A0860D5E700BFEC14002038250020A0
:10F21400F4180020002961D0F8B50C460646FFF723
:10F224004FFE54F8042C7B4FA4F1080522F0010191
:10F2340005EB010CB868DCF80430604523F00303E7
:10F2440000F08B80D207CCF8043032D454F8082C68
:10F25400AD1A1144AA6807F1080082426AD00CEB87
:10F264000304D4F804E0EC68D4601EF0010FA2603B
:10F2740000F0978041F001036B60CCF80010B1F509
:10F28400007F35D27868CB080122490901338A40CE
:10F29400024357F833107A6007EBC302083AC5E912
:10F2A400021247F83350CD603046BDE8F840FFF70E
:10F2B4000DBE0CEB03025268D00710D4194407F1B9
:10F2C4000800DCF80830834273D0DCF80C20DA60E4
:10F2D400936041F001036B606950D0E7704741F0DF
:10F2E4000103B1F5007F44F8043CCCF80010C9D305
:10F2F400B1F5206F4FEA512348D28B0903F139004D
:10F3040003F13802C300F818FB580838984259D062
:10F314005A6822F003028A4202D99B689842F7D1C4
:10F32400D868C5E902308560DD603046BDE8F84044
:10F33400FFF7CCBD0CEB03025268D20763D40B4435
:10F34400DCE90212CA60916043F001026A6030464F
:10F35400EB50BDE8F840FFF7B9BD0B44D10707D423
:10F3640054F8082CAD1A1344D5E90212CA6091600E
:10F3740043F001026A60284ABD6012689A4293D839
:10F38400264B30461968FFF7F5FE8DE7142B0AD992
:10F39400542B1FD80B0B03F16F0003F16E02C30053
:10F3A400B1E719448DE703F15C0003F15B02C3008C
:10F3B400A9E741F00103C7E90455C5E902006B6000
:10F3C400695071E779689210012404FA02F20A4341
:10F3D4007A60A6E7B3F5AA7F06D8CB0B03F17800D1
:10F3E40003F17702C3008EE740F25452934206D8E9
:10F3F4008B0C03F17D0003F17C02C30083E74FF41F
:10F404007E737E227FE741F001036B60CCF800102D
:10F414004AE700BFEC140020F818002068250020FB
:10F424005FF800F04D1B00605FF800F015160060F7
:10F434005FF800F0A11B00605FF800F0691600603F
:04F44400F8B500BF58
:08F4480020EFFF7F010000002E
:10F4500000000000000000000000000000000000AC
:10F46000000000000000000000000000000000009C
:10F47000000000000000000000000000000000008C
:10F48000000000000000000000000000000000007C
:10F49000000000000000000000000000000000006C
:10F4A000000000000000000000000000000000005C
:10F4B000000000000000000000000000000000004C
:10F4C000000000000000000000000000000000003C
:10F4D000000000000000000000000000000000002C
:10F4E000000000000000000000000000000000001C
:10F4F000000000000000000000000000000000000C
:10F5000000000000000000000000000000000000FB
:10F5100000000000000000000000000000000000EB
:10F5200000000000000000000000000000000000DB
:10F5300000000000000000000000000000000000CB
:10F5400000000000000000000000000000000000BB
:10F5500000000000000000000000000000000000AB
:10F56000000000000000000000000000000000009B
:10F57000000000000000000000000000000000008B
:10F58000000000000000000000000000000000007B
:10F59000000000000000000000000000000000006B
:10F5A000000000000000000000000000000000005B
:10F5B000000000000000000000000000000000004B
:10F5C000000000000000000000000000000000003B
:10F5D000000000000000000000000000000000002B
:10F5E000000000000000000000000000000000001B
:10F5F000000000000000000000000000000000000B
:10F6000000000000000000000000000000000000FA
:10F6100000000000000000000000000000000000EA
:10F6200000000000000000000000000000000000DA
:10F6300000000000000000000000000000000000CA
:10F6400000000000000000000000000000000000BA
:10F6500000000000000000000000000000000000AA
:10F66000000000000000000000000000000000009A
:10F67000000000000000000000000000000000008A
:10F68000000000000000000000000000000000007A
:10F69000000000000000000000000000000000006A
:10F6A000000000000000000000000000000000005A
:10F6B000000000000000000000000000000000004A
:10F6C000000000000000000000000000000000003A
:10F6D000000000000000F03F748515D3B0D9EF3F63
:10F6E0000F89F96C58B5EF3F515B12D00193EF3F92
:10F6F0007B517D3CB872EF3FAAB968318754EF3F28
:10F700003862756E7A38EF3FE1DE1FF59D1EEF3FE0
:10F7100015B7310AFE06EF3FCBA93A37A7F1EE3F06
:10F720002234124CA6DEEE3F2D89616008CEEE3FFA
:10F73000272A36D5DABFEE3F824F9D562BB4EE3FD7
:10F74000295448DD07ABEE3F85553AB07EA4EE3F25
:10F75000CD3B7F669EA0EE3F745FECE8759FEE3F69
:10F760008701EB7314A1EE3F13CE4C9989A5EE3FB0
:10F77000DBA02A42E5ACEE3FE5C5CDB037B7EE3FA2
:10F7800090F0A38291C4EE3F5D253EB203D5EE3FDB
:10F79000ADD35A999FE8EE3F475EFBF276FFEE3F0E
:10F7A0009C5285DD9B19EF3F6990EFDC2037EF3FDE
:10F7B00087A4FBDC1858EF3F5F9B7B33977CEF3FC0
:10F7C000DA90A4A2AFA4EF3F40456E5B76D0EF3F46
:10F7D000000000000000E8429423914BF86AAC3F1F
:10F7E000F3C4FA50CEBFCE3FD6520CFF422EE63FB6
:10F7F0000000000000003843FE822B65471547409B
:10F800009423914BF86ABC3EF3C4FA50CEBF2E3F0E
:10F81000D6520CFF422E963FBEF3F879EC61F63FCC
:10F820001930965BC6FEDEBF3D88AF4AED71F53FED
:10F83000A4FCD432680BDBBFB010F0F03995F43F74
:10F840007BB71F0A8B41D7BF8503B8B095C9F33F7B
:10F850007BCF6D1AE99DD3BFA564880C190DF33FCA
:10F8600031B6F2F39B1DD0BFA08E0B7B225EF23F20
:10F87000F07A3B1B1D7CC9BF3F341A4A4ABBF13F9B
:10F880009F3CAF93E3F9C2BFBAE58AF05823F13F3A
:10F890005C8D78BFCB60B9BFA70099413F95F03F21
:10F8A000CE5F47B69D6FAABF000000000000F03F8A
:10F8B0000000000000000000AC479AFD8C60EE3FA5
:10F8C0003DF5249FCA38B33FA06A021FB3A4EC3FA2
:10F8D000BA913854A976C43FE6FC6A573620EB3F0C
:10F8E000D2E4C44A0B84CE3F2DAAA163D1C2E93F22
:10F8F0001C65C6F04506D43FED417803E686E83F37
:10F90000F89F1B2C9C8ED83F624853F5DC67E73F7D
:10F91000CC7BB14EA4E0DC3F4D7E0AF7B612D7BFD8
:10F92000E0326849BFCADE3FDEE3FA9F4715E7BF12
:10F93000B8C8355F4715F73FBEF3F879EC61F63F7D
:10F940001930965BC6FEDEBF3D88AF4AED71F53FCC
:10F95000A4FCD432680BDBBFB010F0F03995F43F53
:10F960007BB71F0A8B41D7BF8503B8B095C9F33F5A
:10F970007BCF6D1AE99DD3BFA564880C190DF33FA9
:10F9800031B6F2F39B1DD0BFA08E0B7B225EF23FFF
:10F99000F07A3B1B1D7CC9BF3F341A4A4ABBF13F7A
:10F9A0009F3CAF93E3F9C2BFBAE58AF05823F13F19
:10F9B0005C8D78BFCB60B9BFA70099413F95F03F00
:10F9C000CE5F47B69D6FAABF000000000000F03F69
:10F9D0000000000000000000AC479AFD8C60EE3F84
:10F9E0003DF5249FCA38B33FA06A021FB3A4EC3F81
:10F9F000BA913854A976C43FE6FC6A573620EB3FEB
:10FA0000D2E4C44A0B84CE3F2DAAA163D1C2E93F00
:10FA10001C65C6F04506D43FED417803E686E83F15
:10FA2000F89F1B2C9C8ED83F624853F5DC67E73F5C
:10FA3000CC7BB14EA4E0DC3F0B6E49C91676D23FB9
:10FA40007AC675A06919D7BFDDBAA76C0AC7DE3FB1
:10FA5000C8F6BE484715E7BF2BB82A654715F73FDC
:10FA6000242B300000000000010000000300000013
:10FA70000200000000000000000078420000E642A2
:10FA800000005A430080CD43004042440080BB4404
:10FA900000002F450080A24500E02B460E0000002C
:10FAA0000F00000010000000110000001200000014
:10FAB000130000006E616E00696E66006F7666006E
:10FAC000F1970000F5970000F9970000FD970000FE
:10FAD000000000000000000011880000000000008D
:10FAE00000000000FDA90000000000000000000070
:10FAF000218500000000000000000000CD8700000C
:10FB00000000000000000000459A0000CDB3000096
:10FB1000C9B30000C5B30000C1B30000BDB300000D
:10FB2000B9B30000B5B30000000000000000000001
:10FB30004D8E0000290100002D010000350100005C
:10FB40003D01000000000042C8801F40B8821F40F5
:10FB50000800000000000042C4801F40B4821F4023
:10FB60000400000000C0004224801F4014821F4097
:10FB70001000000000C0004228801F4018821F4073
:10FB80002000000000C000422C801F401C821F404B
:10FB90004000000000C0004234801F4024821F400B
:10FBA000000100000040004264811F4054831F4058
:10FBB000000400000040004280811F4070831F400D
:10FBC00000000200004000427C811F406C831F4007
:10FBD000000001000040004268811F4058831F4020
:10FBE00000080000004000423C811F402C831F4061
:10FBF000010000000040004244811F4034831F4048
:10FC0000040000000040004240811F4030831F403C
:10FC1000020000000040004248811F4038831F401E
:10FC2000080000000000004204811F40F4821F40D1
:10FC3000000004000000004208811F40F8821F40BD
:10FC4000000008000000004218811F4008831F4088
:10FC5000000080000000004214811F4004831F4008
:10FC6000000040000000004200811F40F0821F4061
:10FC70000000020000000042FC801F40EC821F4098
:10FC8000000001000000004224811F4014831F4037
:10FC9000000000040000004228811F4018831F401C
:10FCA00000000008000000421C811F400C831F4020
:10FCB000000000010000004220811F4010831F400F
:10FCC0000000000200000042EC801F40DC821F4068
:10FCD0000010000000000042F0801F40E0821F4042
:10FCE000002000000000004234811F4024831F4098
:10FCF000000000400000004238811F4028831F4060
:10FD0000000000800080004294801F4084821F40D9
:10FD10000000040000C0004290801F4080821F400D
:10FD20000000008000800042A8801F4098821F4091
:10FD30000000800000800042A4801F4094821F4089
:10FD400000004000004000426C811F405C831F4067
:10FD50000010000000C0004230801F4020821F4081
:10FD60008000000000800042C8811F40B8831F400F
:10FD70000080000000800042C4811F40B4831F4007
:10FD80000040000000800042C0811F40B0831F403F
:10FD90000020000000800042BC811F40AC831F4057
:10FDA0000010000000800042D0811F40C0831F402F
:10FDB0000000020000800042CC811F40BC831F4035
:10FDC0000000010052530000545300003E3E3E200C
:10FDD000544F554348204D4F444500003E3E3E2081
:10FDE0005253204D4F4445003E3E3E20454E47492C
:10FDF0004E4520003E3E3E2044494345205253009C
:10FE00003E3E3E2044494345205453003E3E3E2062
:10FE1000525320414E54492D53494C454E434500C1
:10FE2000435631205452494720747320636E743D09
:10FE3000000000003E3E3E2054532050554D5020BF
:10FE400045534341504500004350553D00000000DC
:10FE500025204D454D3D0000206D6F64653D00003F
:10FE6000207065616B3D0000206C696D4761696EB3
:10FE70003D00000007080C0B06050F000D0E0102E7
:10FE8000838407080C0B06050F000D0E0102838406
:10FE900001010004010000040132010101320201EC
:10FEA0000110010101110101011201020103020609
:10FEB0000103010601120202020000010202000118
:10FEC00002010001021000010222000102230001D0
:10FED00000000000000000000221000102200001DB
:10FEE00000000000000000000130010101310101AB
:10FEF00001020004010300040000000000000000F3
:10FF000001210201012101010000000000000000A8
:10FF100000000000011002010101020101010101C4
:10FF200001000201010001010102020101020101BF
:10FF30004D6F64616C4F5320763320726561647934
:10FF40000000000000000000920E493CB10AC93CCC
:10FF50002BC3163D2EFB483D752B7B3D04A9963DDA
:10FF600080B6AF3D36BDC83D2FBCE13D73B2FA3D12
:10FF700087CF093E8340163EB5AB223EA2102F3EEE
:10FF8000CF6E3B3EC2C5473E0115543E135C603EFA
:10FF90007F9A6C3ECCCF783EC07D823E938E883E69
:10FFA000229A8E3E32A0943E86A09A3EE59AA03ECA
:10FFB000128FA63ED47CAC3EEF63B23E2A44B83EDC
:10FFC000491DBE3E15EFC33E53B9C93ECA7BCF3E65
:10FFD0004136D53E80E8DA3E4F92E03E7533E63E4C
:10FFE000BBCBEB3EEA5AF13ECBE0F63E275DFC3E52
:10FFF000E4E7003F3D9C033F824B063F9BF5083FF3
:02000004600199
:100000006B9A0B3FDA390E3FCDD3103F2A68133F6E
:10001000D9F6153FC07F183FC6021B3FD17F1D3F59
:10002000CBF61F3F9967223F25D2243F5636273F04
:100030001594293F4AEB2B3FDE3B2E3FBB85303FDB
:10004000C9C8323FF304353F233A373F4268393F4E
:100050003B8F3B3FF9AE3D3F67C73F3F70D8413FC5
:1000600001E2433F03E4453F65DE473F12D1493F8C
:10007000F8BB4B3F029F4D3F207A4F3F3D4D513FD4
:100080004918533F31DB543FE595563F5348583F9D
:100090006AF2593F1A945B3F532D5D3F05BE5E3FA8
:1000A0002146603F97C5613F5A3C633F59AA643F70
:1000B000880F663FD86B673F3CBF683FA7096A3F20
:1000C0000C4B6B3F5E836C3F93B26D3F9ED86E3F8F
:1000D00073F56F3F0809713F5213723F4714733F26
:1000E000DD0B743F0BFA743FC6DE753F07BA763FEF
:1000F000C58B773FF853783F9812793F9DC7793F7A
:1001000002737A3FBE147B3FCDAC7B3F283B7C3FE4
:10011000C9BF7C3FAC3A7D3FCCAB7D3F23137E3FD4
:10012000B0707E3F6DC47E3F580E7F3F6D4E7F3F67
:10013000AB847F3F0FB17F3F97D37F3F43EC7F3F3F
:1001400011FB7F3F0000803F11FB7F3F43EC7F3F6F
:1001500097D37F3F0FB17F3FAB847F3F6D4E7F3F93
:10016000580E7F3F6DC47E3FB0707E3F23137E3FAD
:10017000CCAB7D3FAC3A7D3FC9BF7C3F283B7C3F49
:10018000CDAC7B3FBE147B3F02737A3F9DC7793F66
:100190009812793FF853783FC58B773F07BA763F7F
:1001A000C6DE753F0BFA743FDD0B743F4714733F97
:1001B0005213723F0809713F73F56F3F9ED86E3F2F
:1001C00093B26D3F5E836C3F0C4B6B3FA7096A3F58
:1001D0003CBF683FD86B673F880F663F59AA643FB2
:1001E0005A3C633F97C5613F2146603F05BE5E3F75
:1001F000532D5D3F1A945B3F6AF2593F5348583F75
:10020000E595563F31DB543F4918533F3D4D513F33
:10021000207A4F3F029F4D3FF8BB4B3F12D1493FE1
:1002200065DE473F03E4453F01E2433F70D8413F6D
:1002300067C73F3FF9AE3D3F3B8F3B3F4268393F89
:10024000233A373FF304353FC9C8323FBB85303FBF
:10025000DE3B2E3F4AEB2B3F1594293F5636273F76
:1002600025D2243F9967223FCBF61F3FD17F1D3F08
:10027000C6021B3FC07F183FD9F6153F2A68133FBF
:10028000CDD3103FDA390E3F6B9A0B3F9BF5083FF9
:10029000824B063F3D9C033FE4E7003F275DFC3E69
:1002A000CBE0F63EEA5AF13EBBCBEB3E7533E63E81
:1002B0004F92E03E80E8DA3E4136D53ECA7BCF3EE3
:1002C00053B9C93E15EFC33E491DBE3E2A44B83E50
:1002D000EF63B23ED47CAC3E128FA63EE59AA03EC0
:1002E00086A09A3E32A0943E229A8E3E938E883EFD
:1002F000C07D823ECCCF783E7F9A6C3E135C603EE0
:100300000115543EC2C5473ECF6E3B3EA2102F3E64
:10031000B5AB223E8340163E87CF093E73B2FA3D0D
:100320002FBCE13D36BDC83D80B6AF3D04A9963D2A
:10033000752B7B3D2EFB483D2BC3163DB10AC93CB6
:10034000920E493C00000000920E49BCB10AC9BCA3
:100350002BC316BD2EFB48BD752B7BBD04A996BDD6
:1003600080B6AFBD36BDC8BD2FBCE1BD73B2FABD0E
:1003700087CF09BE834016BEB5AB22BEA2102FBEEA
:10038000CF6E3BBEC2C547BE011554BE135C60BEF6
:100390007F9A6CBECCCF78BEC07D82BE938E88BE65
:1003A000229A8EBE32A094BE86A09ABEE59AA0BEC6
:1003B000128FA6BED47CACBEEF63B2BE2A44B8BED8
:1003C000491DBEBE15EFC3BE53B9C9BECA7BCFBE61
:1003D0004136D5BE80E8DABE4F92E0BE7533E6BE48
:1003E000BBCBEBBEEA5AF1BECBE0F6BE275DFCBE4E
:1003F000E4E700BF3D9C03BF824B06BF9BF508BFEF
:100400006B9A0BBFDA390EBFCDD310BF2A6813BF6A
:10041000D9F615BFC07F18BFC6021BBFD17F1DBF55
:10042000CBF61FBF996722BF25D224BF563627BF00
:10043000159429BF4AEB2BBFDE3B2EBFBB8530BFD7
:10044000C9C832BFF30435BF233A37BF426839BF4A
:100450003B8F3BBFF9AE3DBF67C73FBF70D841BFC1
:1004600001E243BF03E445BF65DE47BF12D149BF88
:10047000F8BB4BBF029F4DBF207A4FBF3D4D51BFD0
:10048000491853BF31DB54BFE59556BF534858BF99
:100490006AF259BF1A945BBF532D5DBF05BE5EBFA4
:1004A000214660BF97C561BF5A3C63BF59AA64BF6C
:1004B000880F66BFD86B67BF3CBF68BFA7096ABF1C
:1004C0000C4B6BBF5E836CBF93B26DBF9ED86EBF8B
:1004D00073F56FBF080971BF521372BF471473BF22
:1004E000DD0B74BF0BFA74BFC6DE75BF07BA76BFEB
:1004F000C58B77BFF85378BF981279BF9DC779BF76
:1005000002737ABFBE147BBFCDAC7BBF283B7CBFE0
:10051000C9BF7CBFAC3A7DBFCCAB7DBF23137EBFD0
:10052000B0707EBF6DC47EBF580E7FBF6D4E7FBF63
:10053000AB847FBF0FB17FBF97D37FBF43EC7FBF3B
:1005400011FB7FBF000080BF11FB7FBF43EC7FBF6B
:1005500097D37FBF0FB17FBFAB847FBF6D4E7FBF8F
:10056000580E7FBF6DC47EBFB0707EBF23137EBFA9
:10057000CCAB7DBFAC3A7DBFC9BF7CBF283B7CBF45
:10058000CDAC7BBFBE147BBF02737ABF9DC779BF62
:10059000981279BFF85378BFC58B77BF07BA76BF7B
:1005A000C6DE75BF0BFA74BFDD0B74BF471473BF93
:1005B000521372BF080971BF73F56FBF9ED86EBF2B
:1005C00093B26DBF5E836CBF0C4B6BBFA7096ABF54
:1005D0003CBF68BFD86B67BF880F66BF59AA64BFAE
:1005E0005A3C63BF97C561BF214660BF05BE5EBF71
:1005F000532D5DBF1A945BBF6AF259BF534858BF71
:10060000E59556BF31DB54BF491853BF3D4D51BF2F
:10061000207A4FBF029F4DBFF8BB4BBF12D149BFDD
:1006200065DE47BF03E445BF01E243BF70D841BF69
:1006300067C73FBFF9AE3DBF3B8F3BBF426839BF85
:10064000233A37BFF30435BFC9C832BFBB8530BFBB
:10065000DE3B2EBF4AEB2BBF159429BF563627BF72
:1006600025D224BF996722BFCBF61FBFD17F1DBF04
:10067000C6021BBFC07F18BFD9F615BF2A6813BFBB
:10068000CDD310BFDA390EBF6B9A0BBF9BF508BFF5
:10069000824B06BF3D9C03BFE4E700BF275DFCBE65
:1006A000CBE0F6BEEA5AF1BEBBCBEBBE7533E6BE7D
:1006B0004F92E0BE80E8DABE4136D5BECA7BCFBEDF
:1006C00053B9C9BE15EFC3BE491DBEBE2A44B8BE4C
:1006D000EF63B2BED47CACBE128FA6BEE59AA0BEBC
:1006E00086A09ABE32A094BE229A8EBE938E88BEF9
:1006F000C07D82BECCCF78BE7F9A6CBE135C60BEDC
:10070000011554BEC2C547BECF6E3BBEA2102FBE60
:10071000B5AB22BE834016BE87CF09BE73B2FABD09
:100720002FBCE1BD36BDC8BD80B6AFBD04A996BD26
:10073000752B7BBD2EFB48BD2BC316BDB10AC9BCB2
:10074000920E49BC00000080535452494E4753005A
:100750004241525300000000434156450000000052
:10076000504F4C590000000000010000001900200B
:100770001200000000060000881D00600A00000052
:1007800000020000F01C006095000000000700005F
:10079000581C00609500000000030000541C00601D
:1007A0000000000001030904301C0060000000008C
:1007B00002030904101C0060000000000303090488
:1007C000941B00200000000000000000000000005A
:1007D0000000000000000000000000006C25002068
:1007E000D42500203C26002000000000000000006E
:1007F00000000000000000000000000000000000F9
:1008000000000000000000000000000000000000E8
:1008100000000000000000000000000000000000D8
:1008200000000000000000000000000000000000C8
:1008300000000000000000000000000000000000B8
:1008400000000000000000000000000000000000A8
:100850000000000000000000000000000000000098
:100860000000000000000000000000000000000088
:1008700001000000000000000E33CDAB34126DE625
:10088000ECDE05000B00000000000000000000008E
:100890000000000000000000000000000000000058
:1008A0000000000000000000000000000000000048
:1008B0000000000000000000000000000000000038
:1008C0000000000000000000000000000000000028
:1008D0000000000000000000000000000000000018
:1008E0000000000000000000000000000000000008
:1008F0000000000000000000F8120020001300209B
:1009000008130020101300200029DE07007B9A172F
:10091000B806002000000000E8030000000000000E
:10092000FFFFFFFF0000803FFFFFFFFFFFFFFF0013
:100930003025002080C620200000000000000000BC
:1009400000000000EC140020EC140020F41400203F
:10095000F4140020FC140020FC14002004150020D6
:10096000041500200C1500200C1500201415002083
:10097000141500201C1500201C1500202415002033
:10098000241500202C1500202C15002034150020E3
:10099000341500203C1500203C1500204415002093
:1009A000441500204C1500204C1500205415002043
:1009B000541500205C1500205C15002064150020F3
:1009C000641500206C1500206C15002074150020A3
:1009D000741500207C1500207C1500208415002053
:1009E000841500208C1500208C1500209415002003
:1009F000941500209C1500209C150020A4150020B3
:100A0000A4150020AC150020AC150020B415002062
:100A1000B4150020BC150020BC150020C415002012
:100A2000C4150020CC150020CC150020D4150020C2
:100A3000D4150020DC150020DC150020E415002072
:100A4000E4150020EC150020EC150020F415002022
:100A5000F4150020FC150020FC15002004160020D1
:100A6000041600200C1600200C160020141600207E
:100A7000141600201C1600201C160020241600202E
:100A8000241600202C1600202C16002034160020DE
:100A9000341600203C1600203C160020441600208E
:100AA000441600204C1600204C160020541600203E
:100AB000541600205C1600205C16002064160020EE
:100AC000641600206C1600206C160020741600209E
:100AD000741600207C1600207C160020841600204E
:100AE000841600208C1600208C16002094160020FE
:100AF000941600209C1600209C160020A4160020AE
:100B0000A4160020AC160020AC160020B41600205D
:100B1000B4160020BC160020BC160020C41600200D
:100B2000C4160020CC160020CC160020D4160020BD
:100B3000D4160020DC160020DC160020E41600206D
:100B4000E4160020EC160020EC160020F41600201D
:100B5000F4160020FC160020FC16002004170020CC
:100B6000041700200C1700200C1700201417002079
:100B7000141700201C1700201C1700202417002029
:100B8000241700202C1700202C17002034170020D9
:100B9000341700203C1700203C1700204417002089
:100BA000441700204C1700204C1700205417002039
:100BB000541700205C1700205C17002064170020E9
:100BC000641700206C1700206C1700207417002099
:100BD000741700207C1700207C1700208417002049
:100BE000841700208C1700208C17002094170020F9
:100BF000941700209C1700209C170020A4170020A9
:100C0000A4170020AC170020AC170020B417002058
:100C1000B4170020BC170020BC170020C417002008
:100C2000C4170020CC170020CC170020D4170020B8
:100C3000D4170020DC170020DC170020E417002068
:100C4000E4170020EC170020EC170020F417002018
:100C5000F4170020FC170020FC17002004180020C7
:100C6000041800200C1800200C1800201418002074
:100C7000141800201C1800201C1800202418002024
:100C8000241800202C1800202C18002034180020D4
:100C9000341800203C1800203C1800204418002084
:100CA000441800204C1800204C1800205418002034
:100CB000541800205C1800205C18002064180020E4
:100CC000641800206C1800206C1800207418002094
:100CD000741800207C1800207C1800208418002044
:100CE000841800208C1800208C18002094180020F4
:100CF000941800209C1800209C180020A4180020A4
:100D0000A4180020AC180020AC180020B418002053
:100D1000B4180020BC180020BC180020C418002003
:100D2000C4180020CC180020CC180020D4180020B3
:100D3000D4180020DC180020DC180020E418002063
:100D4000E4180020FFFFFFFF0000020088130020CE
:100D500012010002EF020140C0168B0401030102E0
:100D6000030100007DA200007DA200007DA2000022
:100D70007DA200007DA200007DA200007DA20000F7
:100D80007DA200007DA200007DA200007DA20000E7
:100D90007DA200007DA200007DA200007DA20000D7
:100DA0007DA200007DA200007DA200007DA20000C7
:100DB0007DA200007DA200007DA200007DA20000B7
:100DC0007DA200007DA200007DA200007DA20000A7
:100DD0007DA200007DA200007DA200007DA2000097
:100DE0007DA200007DA200007DA200007DA2000087
:100DF0007DA200007DA200007DA200007DA2000077
:100E00007DA200007DA200007DA200007DA2000066
:100E10007DA200007DA200007DA200007DA2000056
:100E20007DA200007DA200007DA200007DA2000046
:100E30007DA200007DA200007DA200007DA2000036
:100E40007DA200007DA200007DA200007DA2000026
:100E50007DA200007DA200007DA200007DA2000016
:100E60007DA200007DA200007DA200007DA2000006
:100E70007DA200007DA200007DA200007DA20000F6
:100E80007DA200007DA200007DA200007DA20000E6
:100E90007DA200007DA200007DA200007DA20000D6
:100EA0007DA200007DA200007DA200007DA20000C6
:100EB0007DA200007DA200007DA200007DA20000B6
:100EC0007DA200007DA200007DA200007DA20000A6
:100ED0007DA200007DA200007DA200007DA2000096
:100EE0007DA200007DA200007DA200007DA2000086
:100EF0007DA200007DA200007DA200007DA2000076
:100F00007DA200007DA200007DA200007DA2000065
:100F10007DA200007DA200007DA200007DA2000055
:100F20007DA200007DA200007DA200007DA2000045
:100F30007DA200007DA200007DA200007DA2000035
:100F40007DA200007DA200007DA200007DA2000025
:100F50007DA200007DA200007DA200007DA2000015
:100F60007DA20000FFFFFFFFFFFFFFFFFFFFFFFF6E
:100F70000000803FCDCCCC3D20A107000000000048
:100F8000800000000000003F0000003F9A99193FD8
:100F90009A99993ECDCCCC3E0000003F3333333F8D
:100FA000CDCC4C3F3333B33E3D0AD73ECDCCCC3EC7
:100FB0000024F44802020200CDCC0C3F9A99193F5C
:100FC0006666263FCDCC4C3E9A99193F0000003F03
:100FD0009A99193F0000003FCDCCCC3E0000003F65
:100FE0009A99193F0C030000000000000000000067
:100FF000000000000000000000006B01FFFFFF0880
:101000003C3E403C000000000000000000000000EA
:1010100000000000000000000000000000000000D0
:1010200000000000000000000000000000000000C0
:1010300000000000000000000000000000000000B0
:1010400000000000000000000000000000000000A0
:101050000000000000000000000000000000000090
:101060000000000000000000000000000000000080
:101070000000000000000000000000000000000070
:101080000000000000000000000000000000000060
:101090000000000000000000000000000000000050
:1010A0000000000000000000000000000000000040
:1010B0000000000000000000000000000000000030
:1010C0000000000000000000000000000000000020
:1010D0000000000000000000000000000000000010
:1010E0000000000000000000000000000000000000
:1010F00000000000000000000000000000000000F0
:1011000000000000000000000000000000000000DF
:1011100000000000000000000000000000000000CF
:1011200000000000000000000000000000000000BF
:1011300000000000000000000000000000000000AF
:10114000000000000000000000000000000000009F
:10115000000000000000000000000000000000008F
:10116000000000000000000000000000000000007F
:10117000000000000000000000000000000000006F
:10118000000000000000000000000000000000005F
:10119000000000000000000000000000000000004F
:1011A000000000000000000000000000000000003F
:1011B000000000000000000000000000000000002F
:1011C000000000000000000000000000000000001F
:1011D000000000000000000000000000000000000F
:1011E00000000000000000000000000000000000FF
:1011F00000000000000000000000000000000000EF
:1012000000000000000000000000000000000000DE
:1012100000000000000000000000000000000000CE
:1012200000000000000000000000000000000000BE
:1012300000000000000000000000000000000000AE
:10124000000000000000000000000000000000009E
:10125000000000000000000000000000000000008E
:10126000000000000000000000000000000000007E
:10127000000000000000000000000000000000006E
:10128000000000000000000000000000000000005E
:10129000000000000000000000000000000000004E
:1012A000000000000000000000000000000000003E
:1012B000000000000000000000000000000000002E
:1012C000000000000000000000000000000000001E
:1012D000000000000000000000000000000000000E
:1012E00000000000000000000000000000000000FE
:1012F00000000000000000000000000000000000EE
:1013000000000000000000000000000000000000DD
:10131000FFFFFFFFFFFFFFFFFFFFFFFFFFFFFFFFDD
:10132000FFFFFFFFFFFFFFFFFFFFFFFFFFFFFFFFCD
:10133000FFFFFFFFFFFFFFFFFFFFFFFFFFFFFFFFBD
:10134000FFFFFFFFFFFFFFFFFFFFFFFFFFFFFFFFAD
:10135000FFFFFFFFFFFFFFFFFFFFFFFFFFFFFFFF9D
:10136000FFFFFFFFFFFFFFFFFFFFFFFFFFFFFFFF8D
:10137000FFFFFFFFFFFFFFFFFFFFFFFFFFFFFFFF7D
:10138000FFFFFFFFFFFFFFFFFFFFFFFFFFFFFFFF6D
:10139000FFFFFFFFFFFFFFFFFFFFFFFFFFFFFFFF5D
:1013A000FFFFFFFFFFFFFFFFFFFFFFFFFFFFFFFF4D
:1013B000FFFFFFFFFFFFFFFFFFFFFFFFFFFFFFFF3D
:1013C000FFFFFFFFFFFFFFFFFFFFFFFFFFFFFFFF2D
:1013D000FFFFFFFFFFFFFFFFFFFFFFFFFFFFFFFF1D
:1013E000FFFFFFFFFFFFFFFFFFFFFFFFFFFFFFFF0D
:1013F000FFFFFFFFFFFFFFFFFFFFFFFFFFFFFFFFFD
:1014000000000000000000000000000000000000DC
:1014100000000000000000000000000000000000CC
:1014200000000000000000000000000000000000BC
:1014300000000000000000000000000000000000AC
:10144000000000000000000000000000000000009C
:10145000000000000000000000000000000000008C
:10146000000000000000000000000000000000007C
:10147000000000000000000000000000000000006C
:10148000000000000000000000000000000000005C
:10149000000000000000000000000000000000004C
:1014A000000000000000000000000000000000003C
:1014B000000000000000000000000000000000002C
:1014C000000000000000000000000000000000001C
:1014D000000000000000000000000000000000000C
:1014E00000000000000000000000000000000000FC
:1014F00000000000000000000000000000000000EC
:1015000000000000000000000000000000000000DB
:1015100000000000000000000000000000000000CB
:1015200000000000000000000000000000000000BB
:1015300000000000000000000000000000000000AB
:10154000000000000000000000000000000000009B
:10155000000000000000000000000000000000008B
:10156000000000000000000000000000000000007B
:10157000000000000000000000000000000000006B
:10158000000000000000000000000000000000005B
:10159000000000000000000000000000000000004B
:1015A000000000000000000000000000000000003B
:1015B000000000000000000000000000000000002B
:1015C000000000000000000000000000000000001B
:1015D000000000000000000000000000000000000B
:1015E00000000000000000000000000000000000FB
:1015F00000000000000000000000000000000000EB
:1016000000000000000000000000000000000000DA
:1016100000000000000000000000000000000000CA
:1016200000000000000000000000000000000000BA
:1016300000000000000000000000000000000000AA
:10164000000000000000000000000000000000009A
:10165000000000000000000000000000000000008A
:10166000000000000000000000000000000000007A
:10167000000000000000000000000000000000006A
:10168000000000000000000000000000000000005A
:10169000000000000000000000000000000000004A
:1016A000000000000000000000000000000000003A
:1016B000000000000000000000000000000000002A
:1016C000000000000000000000000000000000001A
:1016D000000000000000000000000000000000000A
:1016E00000000000000000000000000000000000FA
:1016F00000000000000000000000000000000000EA
:1017000000000000000000000000000000000000D9
:1017100000000000000000000000000000000000C9
:1017200000000000000000000000000000000000B9
:1017300000000000000000000000000000000000A9
:101740000000000000000000000000000000000099
:101750000000000000000000000000000000000089
:101760000000000000000000000000000000000079
:101770000000000000000000000000000000000069
:101780000000000000000000000000000000000059
:101790000000000000000000000000000000000049
:1017A0000000000000000000000000000000000039
:1017B0000000000000000000000000000000000029
:1017C0000000000000000000000000000000000019
:1017D0000000000000000000000000000000000009
:1017E00000000000000000000000000000000000F9
:1017F00000000000000000000000000000000000E9
:1018000000000000000000000000000000000000D8
:1018100000000000000000000000000000000000C8
:1018200000000000000000000000000000000000B8
:1018300000000000000000000000000000000000A8
:101840000000000000000000000000000000000098
:101850000000000000000000000000000000000088
:101860000000000000000000000000000000000078
:101870000000000000000000000000000000000068
:101880000000000000000000000000000000000058
:101890000000000000000000000000000000000048
:1018A0000000000000000000000000000000000038
:1018B0000000000000000000000000000000000028
:1018C0000000000000000000000000000000000018
:1018D0000000000000000000000000000000000008
:1018E00000000000000000000000000000000000F8
:1018F00000000000000000000000000000000000E8
:1019000000000000000000000000000000000000D7
:1019100000000000000000000000000000000000C7
:1019200000000000000000000000000000000000B7
:1019300000000000000000000000000000000000A7
:101940000000000000000000000000000000000097
:101950000000000000000000000000000000000087
:101960000000000000000000000000000000000077
:101970000000000000000000000000000000000067
:101980000000000000000000000000000000000057
:101990000000000000000000000000000000000047
:1019A0000000000000000000000000000000000037
:1019B0000000000000000000000000000000000027
:1019C0000000000000000000000000000000000017
:1019D0000000000000000000000000000000000007
:1019E00000000000000000000000000000000000F7
:1019F00000000000000000000000000000000000E7
:101A000000000000000000000000000000000000D6
:101A100000000000000000000000000000000000C6
:101A200000000000000000000000000000000000B6
:101A300000000000000000000000000000000000A6
:101A40000000000000000000000000000000000096
:101A50000000000000000000000000000000000086
:101A60000000000000000000000000000000000076
:101A70000000000000000000000000000000000066
:101A80000000000000000000000000000000000056
:101A90000000000000000000000000000000000046
:101AA0000000000000000000000000000000000036
:101AB0000000000000000000000000000000000026
:101AC0000000000000000000000000000000000016
:101AD0000000000000000000000000000000000006
:101AE00000000000000000000000000000000000F6
:101AF00000000000000000000000000000000000E6
:101B000000000000000000000000000000000000D5
:101B100000000000000000000000000000000000C5
:101B200000000000000000000000000000000000B5
:101B300000000000000000000000000000000000A5
:101B40000000000000000000000000000000000095
:101B50000000000000000000000000000000000085
:101B60000000000000000000000000000000000075
:101B70000000000000000000000000000000000065
:101B80000000000000000000000000000000000055
:101B90000000000000000000000000000000000045
:101BA0000000000000000000000000000000000035
:101BB0000000000000000000000000000000000025
:101BC0000000000000000000000000000000000015
:101BD0000000000000000000000000000000000005
:101BE00000000000000000000000000000000000F5
:101BF00000000000000000000000000000000000E5
:101C000000000000000000000000000000000000D4
:101C100000000000000000000000000000000000C4
:101C200000000000000000000000000000000000B4
:101C300000000000000000000000000000000000A4
:101C40000000000000000000000000000000000094
:101C50000000000000000000000000000000000084
:101C60000000000000000000000000000000000074
:101C70000000000000000000000000000000000064
:101C80000000000000000000000000000000000054
:101C90000000000000000000000000000000000044
:101CA0000000000000000000000000000000000034
:101CB0000000000000000000000000000000000024
:101CC0000000000000000000000000000000000014
:101CD0000000000000000000000000000000000004
:101CE00000000000000000000000000000000000F4
:101CF00000000000000000000000000000000000E4
:101D000000000000000000000000000000000000D3
:101D100000000000000000000000000000000000C3
:101D200000000000000000000000000000000000B3
:101D300000000000000000000000000000000000A3
:101D40000000000000000000000000000000000093
:101D50000000000000000000000000000000000083
:101D60000000000000000000000000000000000073
:101D70000000000000000000000000000000000063
:101D80000000000000000000000000000000000053
:101D90000000000000000000000000000000000043
:101DA0000000000000000000000000000000000033
:101DB0000000000000000000000000000000000023
:101DC0000000000000000000000000000000000013
:101DD0000000000000000000000000000000000003
:101DE00000000000000000000000000000000000F3
:101DF00000000000000000000000000000000000E3
:101E000000000000000000000000000000000000D2
:101E100000000000000000000000000000000000C2
:101E200000000000000000000000000000000000B2
:101E300000000000000000000000000000000000A2
:101E40000000000000000000000000000000000092
:101E50000000000000000000000000000000000082
:101E60000000000000000000000000000000000072
:101E70000000000000000000000000000000000062
:101E80000000000000000000000000000000000052
:101E90000000000000000000000000000000000042
:101EA0000000000000000000000000000000000032
:101EB0000000000000000000000000000000000022
:101EC0000000000000000000000000000000000012
:101ED0000000000000000000000000000000000002
:101EE00000000000000000000000000000000000F2
:101EF00000000000000000000000000000000000E2
:101F000000000000000000000000000000000000D1
:101F100000000000000000000000000000000000C1
:101F200000000000000000000000000000000000B1
:101F300000000000000000000000000000000000A1
:101F40000000000000000000000000000000000091
:101F50000000000000000000000000000000000081
:101F60000000000000000000000000000000000071
:101F70000000000000000000000000000000000061
:101F80000000000000000000000000000000000051
:101F90000000000000000000000000000000000041
:101FA0000000000000000000000000000000000031
:101FB0000000000000000000000000000000000021
:101FC0000000000000000000000000000000000011
:101FD0000000000000000000000000000000000001
:101FE00000000000000000000000000000000000F1
:101FF00000000000000000000000000000000000E1
:040000056000100087
:00000001FF
