:0200000460009A
:100000004643464200000156000000000103030081
:1000100000000000000000000000000000000000E0
:1000200000000000000000000000000000000000D0
:1000300000000000000000000000000000000000C0
:1000400000000000010408000000000000000000A3
:100050000000200000000000000000000000000080
:100060000000000000000000000000000000000090
:100070000000000000000000000000000000000080
:10008000EB04180A063204260000000000000000FD
:10009000050404240000000000000000000000002F
:1000A0000000000000000000000000000000000050
:1000B0000604000000000000000000000000000036
:1000C0000000000000000000000000000000000030
:1000D00020041808000000000000000000000000DC
:1000E0000000000000000000000000000000000010
:1000F0000000000000000000000000000000000000
:10010000D8041808000000000000000000000000F3
:100110000204180804200000000000000000000095
:1001200000000000000000000000000000000000CF
:10013000600400000000000000000000000000005B
:1001400000000000000000000000000000000000AF
:10015000000000000000000000000000000000009F
:10016000000000000000000000000000000000008F
:10017000000000000000000000000000000000007F
:10018000000000000000000000000000000000006F
:10019000000000000000000000000000000000005F
:1001A000000000000000000000000000000000004F
:1001B000000000000000000000000000000000003F
:1001C000000100000010000001000000000000001D
:1001D000000001000000000000000000000000001E
:1001E000000000000000000000000000000000000F
:1001F00000000000000000000000000000000000FF
:10020000FFFFFFFFFFFFFFFFFFFFFFFFFFFFFFFFFE
:10021000FFFFFFFFFFFFFFFFFFFFFFFFFFFFFFFFEE
:10022000FFFFFFFFFFFFFFFFFFFFFFFFFFFFFFFFDE
:10023000FFFFFFFFFFFFFFFFFFFFFFFFFFFFFFFFCE
:10024000FFFFFFFFFFFFFFFFFFFFFFFFFFFFFFFFBE
:10025000FFFFFFFFFFFFFFFFFFFFFFFFFFFFFFFFAE
:10026000FFFFFFFFFFFFFFFFFFFFFFFFFFFFFFFF9E
:10027000FFFFFFFFFFFFFFFFFFFFFFFFFFFFFFFF8E
:10028000FFFFFFFFFFFFFFFFFFFFFFFFFFFFFFFF7E
:10029000FFFFFFFFFFFFFFFFFFFFFFFFFFFFFFFF6E
:1002A000FFFFFFFFFFFFFFFFFFFFFFFFFFFFFFFF5E
:1002B000FFFFFFFFFFFFFFFFFFFFFFFFFFFFFFFF4E
:1002C000FFFFFFFFFFFFFFFFFFFFFFFFFFFFFFFF3E
:1002D000FFFFFFFFFFFFFFFFFFFFFFFFFFFFFFFF2E
:1002E000FFFFFFFFFFFFFFFFFFFFFFFFFFFFFFFF1E
:1002F000FFFFFFFFFFFFFFFFFFFFFFFFFFFFFFFF0E
:10030000FFFFFFFFFFFFFFFFFFFFFFFFFFFFFFFFFD
:10031000FFFFFFFFFFFFFFFFFFFFFFFFFFFFFFFFED
:10032000FFFFFFFFFFFFFFFFFFFFFFFFFFFFFFFFDD
:10033000FFFFFFFFFFFFFFFFFFFFFFFFFFFFFFFFCD
:10034000FFFFFFFFFFFFFFFFFFFFFFFFFFFFFFFFBD
:10035000FFFFFFFFFFFFFFFFFFFFFFFFFFFFFFFFAD
:10036000FFFFFFFFFFFFFFFFFFFFFFFFFFFFFFFF9D
:10037000FFFFFFFFFFFFFFFFFFFFFFFFFFFFFFFF8D
:10038000FFFFFFFFFFFFFFFFFFFFFFFFFFFFFFFF7D
:10039000FFFFFFFFFFFFFFFFFFFFFFFFFFFFFFFF6D
:1003A000FFFFFFFFFFFFFFFFFFFFFFFFFFFFFFFF5D
:1003B000FFFFFFFFFFFFFFFFFFFFFFFFFFFFFFFF4D
:1003C000FFFFFFFFFFFFFFFFFFFFFFFFFFFFFFFF3D
:1003D000FFFFFFFFFFFFFFFFFFFFFFFFFFFFFFFF2D
:1003E000FFFFFFFFFFFFFFFFFFFFFFFFFFFFFFFF1D
:1003F000FFFFFFFFFFFFFFFFFFFFFFFFFFFFFFFF0D
:10040000FFFFFFFFFFFFFFFFFFFFFFFFFFFFFFFFFC
:10041000FFFFFFFFFFFFFFFFFFFFFFFFFFFFFFFFEC
:10042000FFFFFFFFFFFFFFFFFFFFFFFFFFFFFFFFDC
:10043000FFFFFFFFFFFFFFFFFFFFFFFFFFFFFFFFCC
:10044000FFFFFFFFFFFFFFFFFFFFFFFFFFFFFFFFBC
:10045000FFFFFFFFFFFFFFFFFFFFFFFFFFFFFFFFAC
:10046000FFFFFFFFFFFFFFFFFFFFFFFFFFFFFFFF9C
:10047000FFFFFFFFFFFFFFFFFFFFFFFFFFFFFFFF8C
:10048000FFFFFFFFFFFFFFFFFFFFFFFFFFFFFFFF7C
:10049000FFFFFFFFFFFFFFFFFFFFFFFFFFFFFFFF6C
:1004A000FFFFFFFFFFFFFFFFFFFFFFFFFFFFFFFF5C
:1004B000FFFFFFFFFFFFFFFFFFFFFFFFFFFFFFFF4C
:1004C000FFFFFFFFFFFFFFFFFFFFFFFFFFFFFFFF3C
:1004D000FFFFFFFFFFFFFFFFFFFFFFFFFFFFFFFF2C
:1004E000FFFFFFFFFFFFFFFFFFFFFFFFFFFFFFFF1C
:1004F000FFFFFFFFFFFFFFFFFFFFFFFFFFFFFFFF0C
:10050000FFFFFFFFFFFFFFFFFFFFFFFFFFFFFFFFFB
:10051000FFFFFFFFFFFFFFFFFFFFFFFFFFFFFFFFEB
:10052000FFFFFFFFFFFFFFFFFFFFFFFFFFFFFFFFDB
:10053000FFFFFFFFFFFFFFFFFFFFFFFFFFFFFFFFCB
:10054000FFFFFFFFFFFFFFFFFFFFFFFFFFFFFFFFBB
:10055000FFFFFFFFFFFFFFFFFFFFFFFFFFFFFFFFAB
:10056000FFFFFFFFFFFFFFFFFFFFFFFFFFFFFFFF9B
:10057000FFFFFFFFFFFFFFFFFFFFFFFFFFFFFFFF8B
:10058000FFFFFFFFFFFFFFFFFFFFFFFFFFFFFFFF7B
:10059000FFFFFFFFFFFFFFFFFFFFFFFFFFFFFFFF6B
:1005A000FFFFFFFFFFFFFFFFFFFFFFFFFFFFFFFF5B
:1005B000FFFFFFFFFFFFFFFFFFFFFFFFFFFFFFFF4B
:1005C000FFFFFFFFFFFFFFFFFFFFFFFFFFFFFFFF3B
:1005D000FFFFFFFFFFFFFFFFFFFFFFFFFFFFFFFF2B
:1005E000FFFFFFFFFFFFFFFFFFFFFFFFFFFFFFFF1B
:1005F000FFFFFFFFFFFFFFFFFFFFFFFFFFFFFFFF0B
:10060000FFFFFFFFFFFFFFFFFFFFFFFFFFFFFFFFFA
:10061000FFFFFFFFFFFFFFFFFFFFFFFFFFFFFFFFEA
:10062000FFFFFFFFFFFFFFFFFFFFFFFFFFFFFFFFDA
:10063000FFFFFFFFFFFFFFFFFFFFFFFFFFFFFFFFCA
:10064000FFFFFFFFFFFFFFFFFFFFFFFFFFFFFFFFBA
:10065000FFFFFFFFFFFFFFFFFFFFFFFFFFFFFFFFAA
:10066000FFFFFFFFFFFFFFFFFFFFFFFFFFFFFFFF9A
:10067000FFFFFFFFFFFFFFFFFFFFFFFFFFFFFFFF8A
:10068000FFFFFFFFFFFFFFFFFFFFFFFFFFFFFFFF7A
:10069000FFFFFFFFFFFFFFFFFFFFFFFFFFFFFFFF6A
:1006A000FFFFFFFFFFFFFFFFFFFFFFFFFFFFFFFF5A
:1006B000FFFFFFFFFFFFFFFFFFFFFFFFFFFFFFFF4A
:1006C000FFFFFFFFFFFFFFFFFFFFFFFFFFFFFFFF3A
:1006D000FFFFFFFFFFFFFFFFFFFFFFFFFFFFFFFF2A
:1006E000FFFFFFFFFFFFFFFFFFFFFFFFFFFFFFFF1A
:1006F000FFFFFFFFFFFFFFFFFFFFFFFFFFFFFFFF0A
:10070000FFFFFFFFFFFFFFFFFFFFFFFFFFFFFFFFF9
:10071000FFFFFFFFFFFFFFFFFFFFFFFFFFFFFFFFE9
:10072000FFFFFFFFFFFFFFFFFFFFFFFFFFFFFFFFD9
:10073000FFFFFFFFFFFFFFFFFFFFFFFFFFFFFFFFC9
:10074000FFFFFFFFFFFFFFFFFFFFFFFFFFFFFFFFB9
:10075000FFFFFFFFFFFFFFFFFFFFFFFFFFFFFFFFA9
:10076000FFFFFFFFFFFFFFFFFFFFFFFFFFFFFFFF99
:10077000FFFFFFFFFFFFFFFFFFFFFFFFFFFFFFFF89
:10078000FFFFFFFFFFFFFFFFFFFFFFFFFFFFFFFF79
:10079000FFFFFFFFFFFFFFFFFFFFFFFFFFFFFFFF69
:1007A000FFFFFFFFFFFFFFFFFFFFFFFFFFFFFFFF59
:1007B000FFFFFFFFFFFFFFFFFFFFFFFFFFFFFFFF49
:1007C000FFFFFFFFFFFFFFFFFFFFFFFFFFFFFFFF39
:1007D000FFFFFFFFFFFFFFFFFFFFFFFFFFFFFFFF29
:1007E000FFFFFFFFFFFFFFFFFFFFFFFFFFFFFFFF19
:1007F000FFFFFFFFFFFFFFFFFFFFFFFFFFFFFFFF09
:10080000FFFFFFFFFFFFFFFFFFFFFFFFFFFFFFFFF8
:10081000FFFFFFFFFFFFFFFFFFFFFFFFFFFFFFFFE8
:10082000FFFFFFFFFFFFFFFFFFFFFFFFFFFFFFFFD8
:10083000FFFFFFFFFFFFFFFFFFFFFFFFFFFFFFFFC8
:10084000FFFFFFFFFFFFFFFFFFFFFFFFFFFFFFFFB8
:10085000FFFFFFFFFFFFFFFFFFFFFFFFFFFFFFFFA8
:10086000FFFFFFFFFFFFFFFFFFFFFFFFFFFFFFFF98
:10087000FFFFFFFFFFFFFFFFFFFFFFFFFFFFFFFF88
:10088000FFFFFFFFFFFFFFFFFFFFFFFFFFFFFFFF78
:10089000FFFFFFFFFFFFFFFFFFFFFFFFFFFFFFFF68
:1008A000FFFFFFFFFFFFFFFFFFFFFFFFFFFFFFFF58
:1008B000FFFFFFFFFFFFFFFFFFFFFFFFFFFFFFFF48
:1008C000FFFFFFFFFFFFFFFFFFFFFFFFFFFFFFFF38
:1008D000FFFFFFFFFFFFFFFFFFFFFFFFFFFFFFFF28
:1008E000FFFFFFFFFFFFFFFFFFFFFFFFFFFFFFFF18
:1008F000FFFFFFFFFFFFFFFFFFFFFFFFFFFFFFFF08
:10090000FFFFFFFFFFFFFFFFFFFFFFFFFFFFFFFFF7
:10091000FFFFFFFFFFFFFFFFFFFFFFFFFFFFFFFFE7
:10092000FFFFFFFFFFFFFFFFFFFFFFFFFFFFFFFFD7
:10093000FFFFFFFFFFFFFFFFFFFFFFFFFFFFFFFFC7
:10094000FFFFFFFFFFFFFFFFFFFFFFFFFFFFFFFFB7
:10095000FFFFFFFFFFFFFFFFFFFFFFFFFFFFFFFFA7
:10096000FFFFFFFFFFFFFFFFFFFFFFFFFFFFFFFF97
:10097000FFFFFFFFFFFFFFFFFFFFFFFFFFFFFFFF87
:10098000FFFFFFFFFFFFFFFFFFFFFFFFFFFFFFFF77
:10099000FFFFFFFFFFFFFFFFFFFFFFFFFFFFFFFF67
:1009A000FFFFFFFFFFFFFFFFFFFFFFFFFFFFFFFF57
:1009B000FFFFFFFFFFFFFFFFFFFFFFFFFFFFFFFF47
:1009C000FFFFFFFFFFFFFFFFFFFFFFFFFFFFFFFF37
:1009D000FFFFFFFFFFFFFFFFFFFFFFFFFFFFFFFF27
:1009E000FFFFFFFFFFFFFFFFFFFFFFFFFFFFFFFF17
:1009F000FFFFFFFFFFFFFFFFFFFFFFFFFFFFFFFF07
:100A0000FFFFFFFFFFFFFFFFFFFFFFFFFFFFFFFFF6
:100A1000FFFFFFFFFFFFFFFFFFFFFFFFFFFFFFFFE6
:100A2000FFFFFFFFFFFFFFFFFFFFFFFFFFFFFFFFD6
:100A3000FFFFFFFFFFFFFFFFFFFFFFFFFFFFFFFFC6
:100A4000FFFFFFFFFFFFFFFFFFFFFFFFFFFFFFFFB6
:100A5000FFFFFFFFFFFFFFFFFFFFFFFFFFFFFFFFA6
:100A6000FFFFFFFFFFFFFFFFFFFFFFFFFFFFFFFF96
:100A7000FFFFFFFFFFFFFFFFFFFFFFFFFFFFFFFF86
:100A8000FFFFFFFFFFFFFFFFFFFFFFFFFFFFFFFF76
:100A9000FFFFFFFFFFFFFFFFFFFFFFFFFFFFFFFF66
:100AA000FFFFFFFFFFFFFFFFFFFFFFFFFFFFFFFF56
:100AB000FFFFFFFFFFFFFFFFFFFFFFFFFFFFFFFF46
:100AC000FFFFFFFFFFFFFFFFFFFFFFFFFFFFFFFF36
:100AD000FFFFFFFFFFFFFFFFFFFFFFFFFFFFFFFF26
:100AE000FFFFFFFFFFFFFFFFFFFFFFFFFFFFFFFF16
:100AF000FFFFFFFFFFFFFFFFFFFFFFFFFFFFFFFF06
:100B0000FFFFFFFFFFFFFFFFFFFFFFFFFFFFFFFFF5
:100B1000FFFFFFFFFFFFFFFFFFFFFFFFFFFFFFFFE5
:100B2000FFFFFFFFFFFFFFFFFFFFFFFFFFFFFFFFD5
:100B3000FFFFFFFFFFFFFFFFFFFFFFFFFFFFFFFFC5
:100B4000FFFFFFFFFFFFFFFFFFFFFFFFFFFFFFFFB5
:100B5000FFFFFFFFFFFFFFFFFFFFFFFFFFFFFFFFA5
:100B6000FFFFFFFFFFFFFFFFFFFFFFFFFFFFFFFF95
:100B7000FFFFFFFFFFFFFFFFFFFFFFFFFFFFFFFF85
:100B8000FFFFFFFFFFFFFFFFFFFFFFFFFFFFFFFF75
:100B9000FFFFFFFFFFFFFFFFFFFFFFFFFFFFFFFF65
:100BA000FFFFFFFFFFFFFFFFFFFFFFFFFFFFFFFF55
:100BB000FFFFFFFFFFFFFFFFFFFFFFFFFFFFFFFF45
:100BC000FFFFFFFFFFFFFFFFFFFFFFFFFFFFFFFF35
:100BD000FFFFFFFFFFFFFFFFFFFFFFFFFFFFFFFF25
:100BE000FFFFFFFFFFFFFFFFFFFFFFFFFFFFFFFF15
:100BF000FFFFFFFFFFFFFFFFFFFFFFFFFFFFFFFF05
:100C0000FFFFFFFFFFFFFFFFFFFFFFFFFFFFFFFFF4
:100C1000FFFFFFFFFFFFFFFFFFFFFFFFFFFFFFFFE4
:100C2000FFFFFFFFFFFFFFFFFFFFFFFFFFFFFFFFD4
:100C3000FFFFFFFFFFFFFFFFFFFFFFFFFFFFFFFFC4
:100C4000FFFFFFFFFFFFFFFFFFFFFFFFFFFFFFFFB4
:100C5000FFFFFFFFFFFFFFFFFFFFFFFFFFFFFFFFA4
:100C6000FFFFFFFFFFFFFFFFFFFFFFFFFFFFFFFF94
:100C7000FFFFFFFFFFFFFFFFFFFFFFFFFFFFFFFF84
:100C8000FFFFFFFFFFFFFFFFFFFFFFFFFFFFFFFF74
:100C9000FFFFFFFFFFFFFFFFFFFFFFFFFFFFFFFF64
:100CA000FFFFFFFFFFFFFFFFFFFFFFFFFFFFFFFF54
:100CB000FFFFFFFFFFFFFFFFFFFFFFFFFFFFFFFF44
:100CC000FFFFFFFFFFFFFFFFFFFFFFFFFFFFFFFF34
:100CD000FFFFFFFFFFFFFFFFFFFFFFFFFFFFFFFF24
:100CE000FFFFFFFFFFFFFFFFFFFFFFFFFFFFFFFF14
:100CF000FFFFFFFFFFFFFFFFFFFFFFFFFFFFFFFF04
:100D0000FFFFFFFFFFFFFFFFFFFFFFFFFFFFFFFFF3
:100D1000FFFFFFFFFFFFFFFFFFFFFFFFFFFFFFFFE3
:100D2000FFFFFFFFFFFFFFFFFFFFFFFFFFFFFFFFD3
:100D3000FFFFFFFFFFFFFFFFFFFFFFFFFFFFFFFFC3
:100D4000FFFFFFFFFFFFFFFFFFFFFFFFFFFFFFFFB3
:100D5000FFFFFFFFFFFFFFFFFFFFFFFFFFFFFFFFA3
:100D6000FFFFFFFFFFFFFFFFFFFFFFFFFFFFFFFF93
:100D7000FFFFFFFFFFFFFFFFFFFFFFFFFFFFFFFF83
:100D8000FFFFFFFFFFFFFFFFFFFFFFFFFFFFFFFF73
:100D9000FFFFFFFFFFFFFFFFFFFFFFFFFFFFFFFF63
:100DA000FFFFFFFFFFFFFFFFFFFFFFFFFFFFFFFF53
:100DB000FFFFFFFFFFFFFFFFFFFFFFFFFFFFFFFF43
:100DC000FFFFFFFFFFFFFFFFFFFFFFFFFFFFFFFF33
:100DD000FFFFFFFFFFFFFFFFFFFFFFFFFFFFFFFF23
:100DE000FFFFFFFFFFFFFFFFFFFFFFFFFFFFFFFF13
:100DF000FFFFFFFFFFFFFFFFFFFFFFFFFFFFFFFF03
:100E0000FFFFFFFFFFFFFFFFFFFFFFFFFFFFFFFFF2
:100E1000FFFFFFFFFFFFFFFFFFFFFFFFFFFFFFFFE2
:100E2000FFFFFFFFFFFFFFFFFFFFFFFFFFFFFFFFD2
:100E3000FFFFFFFFFFFFFFFFFFFFFFFFFFFFFFFFC2
:100E4000FFFFFFFFFFFFFFFFFFFFFFFFFFFFFFFFB2
:100E5000FFFFFFFFFFFFFFFFFFFFFFFFFFFFFFFFA2
:100E6000FFFFFFFFFFFFFFFFFFFFFFFFFFFFFFFF92
:100E7000FFFFFFFFFFFFFFFFFFFFFFFFFFFFFFFF82
:100E8000FFFFFFFFFFFFFFFFFFFFFFFFFFFFFFFF72
:100E9000FFFFFFFFFFFFFFFFFFFFFFFFFFFFFFFF62
:100EA000FFFFFFFFFFFFFFFFFFFFFFFFFFFFFFFF52
:100EB000FFFFFFFFFFFFFFFFFFFFFFFFFFFFFFFF42
:100EC000FFFFFFFFFFFFFFFFFFFFFFFFFFFFFFFF32
:100ED000FFFFFFFFFFFFFFFFFFFFFFFFFFFFFFFF22
:100EE000FFFFFFFFFFFFFFFFFFFFFFFFFFFFFFFF12
:100EF000FFFFFFFFFFFFFFFFFFFFFFFFFFFFFFFF02
:100F0000FFFFFFFFFFFFFFFFFFFFFFFFFFFFFFFFF1
:100F1000FFFFFFFFFFFFFFFFFFFFFFFFFFFFFFFFE1
:100F2000FFFFFFFFFFFFFFFFFFFFFFFFFFFFFFFFD1
:100F3000FFFFFFFFFFFFFFFFFFFFFFFFFFFFFFFFC1
:100F4000FFFFFFFFFFFFFFFFFFFFFFFFFFFFFFFFB1
:100F5000FFFFFFFFFFFFFFFFFFFFFFFFFFFFFFFFA1
:100F6000FFFFFFFFFFFFFFFFFFFFFFFFFFFFFFFF91
:100F7000FFFFFFFFFFFFFFFFFFFFFFFFFFFFFFFF81
:100F8000FFFFFFFFFFFFFFFFFFFFFFFFFFFFFFFF71
:100F9000FFFFFFFFFFFFFFFFFFFFFFFFFFFFFFFF61
:100FA000FFFFFFFFFFFFFFFFFFFFFFFFFFFFFFFF51
:100FB000FFFFFFFFFFFFFFFFFFFFFFFFFFFFFFFF41
:100FC000FFFFFFFFFFFFFFFFFFFFFFFFFFFFFFFF31
:100FD000FFFFFFFFFFFFFFFFFFFFFFFFFFFFFFFF21
:100FE000FFFFFFFFFFFFFFFFFFFFFFFFFFFFFFFF11
:100FF000FFFFFFFFFFFFFFFFFFFFFFFFFFFFFFFF01
:10100000D1002043ED15006000000000000000004A
:10101000201000600010006000EC00600000000084
:101020000000006000F8000000000000FFFFFFFF6C
:10103000FFFFFFFFFFFFFFFFFFFFFFFFFFFFFFFFC0
:10104000FFFFFFFFFFFFFFFFFFFFFFFFFFFFFFFFB0
:10105000FFFFFFFFFFFFFFFFFFFFFFFFFFFFFFFFA0
:10106000FFFFFFFFFFFFFFFFFFFFFFFFFFFFFFFF90
:10107000FFFFFFFFFFFFFFFFFFFFFFFFFFFFFFFF80
:10108000FFFFFFFFFFFFFFFFFFFFFFFFFFFFFFFF70
:10109000FFFFFFFFFFFFFFFFFFFFFFFFFFFFFFFF60
:1010A000FFFFFFFFFFFFFFFFFFFFFFFFFFFFFFFF50
:1010B000FFFFFFFFFFFFFFFFFFFFFFFFFFFFFFFF40
:1010C000FFFFFFFFFFFFFFFFFFFFFFFFFFFFFFFF30
:1010D000FFFFFFFFFFFFFFFFFFFFFFFFFFFFFFFF20
:1010E000FFFFFFFFFFFFFFFFFFFFFFFFFFFFFFFF10
:1010F000FFFFFFFFFFFFFFFFFFFFFFFFFFFFFFFF00
:10110000FFFFFFFFFFFFFFFFFFFFFFFFFFFFFFFFEF
:10111000FFFFFFFFFFFFFFFFFFFFFFFFFFFFFFFFDF
:10112000FFFFFFFFFFFFFFFFFFFFFFFFFFFFFFFFCF
:10113000FFFFFFFFFFFFFFFFFFFFFFFFFFFFFFFFBF
:10114000FFFFFFFFFFFFFFFFFFFFFFFFFFFFFFFFAF
:10115000FFFFFFFFFFFFFFFFFFFFFFFFFFFFFFFF9F
:10116000FFFFFFFFFFFFFFFFFFFFFFFFFFFFFFFF8F
:10117000FFFFFFFFFFFFFFFFFFFFFFFFFFFFFFFF7F
:10118000FFFFFFFFFFFFFFFFFFFFFFFFFFFFFFFF6F
:10119000FFFFFFFFFFFFFFFFFFFFFFFFFFFFFFFF5F
:1011A000FFFFFFFFFFFFFFFFFFFFFFFFFFFFFFFF4F
:1011B000FFFFFFFFFFFFFFFFFFFFFFFFFFFFFFFF3F
:1011C000FFFFFFFFFFFFFFFFFFFFFFFFFFFFFFFF2F
:1011D000FFFFFFFFFFFFFFFFFFFFFFFFFFFFFFFF1F
:1011E000FFFFFFFFFFFFFFFFFFFFFFFFFFFFFFFF0F
:1011F000FFFFFFFFFFFFFFFFFFFFFFFFFFFFFFFFFF
:10120000FFFFFFFFFFFFFFFFFFFFFFFFFFFFFFFFEE
:10121000FFFFFFFFFFFFFFFFFFFFFFFFFFFFFFFFDE
:10122000FFFFFFFFFFFFFFFFFFFFFFFFFFFFFFFFCE
:10123000FFFFFFFFFFFFFFFFFFFFFFFFFFFFFFFFBE
:10124000FFFFFFFFFFFFFFFFFFFFFFFFFFFFFFFFAE
:10125000FFFFFFFFFFFFFFFFFFFFFFFFFFFFFFFF9E
:10126000FFFFFFFFFFFFFFFFFFFFFFFFFFFFFFFF8E
:10127000FFFFFFFFFFFFFFFFFFFFFFFFFFFFFFFF7E
:10128000FFFFFFFFFFFFFFFFFFFFFFFFFFFFFFFF6E
:10129000FFFFFFFFFFFFFFFFFFFFFFFFFFFFFFFF5E
:1012A000FFFFFFFFFFFFFFFFFFFFFFFFFFFFFFFF4E
:1012B000FFFFFFFFFFFFFFFFFFFFFFFFFFFFFFFF3E
:1012C000FFFFFFFFFFFFFFFFFFFFFFFFFFFFFFFF2E
:1012D000FFFFFFFFFFFFFFFFFFFFFFFFFFFFFFFF1E
:1012E000FFFFFFFFFFFFFFFFFFFFFFFFFFFFFFFF0E
:1012F000FFFFFFFFFFFFFFFFFFFFFFFFFFFFFFFFFE
:10130000FFFFFFFFFFFFFFFFFFFFFFFFFFFFFFFFED
:10131000FFFFFFFFFFFFFFFFFFFFFFFFFFFFFFFFDD
:10132000FFFFFFFFFFFFFFFFFFFFFFFFFFFFFFFFCD
:10133000FFFFFFFFFFFFFFFFFFFFFFFFFFFFFFFFBD
:10134000FFFFFFFFFFFFFFFFFFFFFFFFFFFFFFFFAD
:10135000FFFFFFFFFFFFFFFFFFFFFFFFFFFFFFFF9D
:10136000FFFFFFFFFFFFFFFFFFFFFFFFFFFFFFFF8D
:10137000FFFFFFFFFFFFFFFFFFFFFFFFFFFFFFFF7D
:10138000FFFFFFFFFFFFFFFFFFFFFFFFFFFFFFFF6D
:10139000FFFFFFFFFFFFFFFFFFFFFFFFFFFFFFFF5D
:1013A000FFFFFFFFFFFFFFFFFFFFFFFFFFFFFFFF4D
:1013B000FFFFFFFFFFFFFFFFFFFFFFFFFFFFFFFF3D
:1013C000FFFFFFFFFFFFFFFFFFFFFFFFFFFFFFFF2D
:1013D000FFFFFFFFFFFFFFFFFFFFFFFFFFFFFFFF1D
:1013E000FFFFFFFFFFFFFFFFFFFFFFFFFFFFFFFF0D
:1013F000FFFFFFFFFFFFFFFFFFFFFFFFFFFFFFFFFD
:10140000824205D051F8043B40F8043B8242F9D8AF
:10141000704700BF044A05494FF0000342F8043BFF
:101420009142FBD8704700BFC01A00200055002031
:1014300080B5BFF34F8F00F0BDF9534C534B0820DC
:101440005349C3F85401534AC3F800115248C3F832
:10145000F0405249FFF7D4FF514A52495248FFF732
:10146000CFFF524CFFF7D6FF4FF470004FF0E02152
:1014700000234F4AC1F8880D44F823200133B02BD4
:10148000FAD14C4B80214C4A03F8011B9342FBD10B
:101490004FF0E025494F4A4A4FF0FF31C5F8084D5B
:1014A0000026D5F8243D43F4E023C5F8243DFB692C
:1014B00023F07F0343F04003FB617B6A23F07F034B
:1014C00043F040037B629166D1661167516700F07B
:1014D00079F93C4B63223C49A3633C4BE363032310
:1014E0006A613B4AAE612B61C5F8202DD5F8FC2D11
:1014F000384B42F08072C5F8FC2D1A6842F00102A8
:101500001A605B680B6000F0E7F9334800F064FB99
:10151000F96E324B324A41F44051F9661E60C3F80D
:101520000861C3F81861C3F82861C3F83861936B88
:10153000DB0708D442F615632A4951651365936B9E
:1015400043F001039363264A274C936843F0011349
:10155000936000F005F900F03BFB00F0EBF900F0C0
:101560002BF92368132BFCD900F07CFA2368B3F520
:10157000967FFBD300F024F900F020F900F034FB53
:1015800000F022FB30BFFDE70C0D111300800D4071
:101590001B101820F8B2000000000000941D00602D
:1015A000C01A002090D00060000000200018002029
:1015B0004D85000000E400E0A0E400E000C00F4022
:1015C00000C00A40CD9C000084520020D19C000045
:1015D00000002020001000E00046C3230040084027
:1015E00000400D400000C05688520020054B4FF4CB
:1015F0002A01054A05485A641864054A99639546C4
:10160000FFF716FF00C00A40AFAAAAAA07002000F1
:10161000000007201BB9124B1B6F9B041ED400F067
:101620003F000F4B22F0604221F0604140F48910EE
:101630001867C3F88010C3F890201A6F22F4805204
:101640001A671A6F002AFCDAD3F87011054A0A40AB
:10165000C3F870211A6F22F480321A67704700BFF6
:1016600000800D40FF7F7FFFB1F5607FF0B50E4633
:101670008DB028BF4FF460760F46054672B62E4BEC
:1016800000247022186021462C4B2D481C8000F04D
:10169000AFFACFB121462A484FF0010C4A0901F0B8
:1016A0001F03013150F822400CFA03F38E4243EA43
:1016B000040340F82230F1D8284600234380013348
:1016C00000F582709E42F9D81E4C257815B162B69D
:1016D0000DB0F0BD082000F083FA1B4B80220646B7
:1016E000009302A90693194B0271056008A80293A2
:1016F00000F05EFA06A9164A304600F07DFA069B15
:1017000008A8DB689847009B02A8DB689847237805
:10171000002BDCD10F4B104AC3F858210F49D020C1
:101720004FF0E023402281F84600C3F8082101234E
:10173000237062B60DB0F0BD2C1E0020885400202E
:10174000341E00209E5400200C08002075710000FB
:101750001B100100001800208171000000E400E06F
:10176000104BA020104AD96E41F4403110B4D96614
:1017700040F23764D96E41F44071D9665464906484
:10178000936C1B06FCD4094A40F23761A0235164D4
:101790009364936C13F08003FBD1054A13705DF8DA
:1017A000044B704700C00F4000400C4000800C40CC
:1017B000A3540020704700BF704700BF704700BFB0
:1017C00000BF704710B44FF0E023002110243248CE
:1017D000C3F8941DC3F89C4D1124C3F8A00D2F48E5
:1017E000C3F89C4D1224C3F8A00D2D48C3F89C4D9E
:1017F0002C4AC3F8A00D2C4C42F015022B48C3F81C
:101800009C4DC3F8A00D2A4C2A48C3F89C4DC3F840
:10181000A00D294CC3F89C2D2848294AC3F8A04D97
:10182000C3F89C0DC3F8A02D02F5A022254C0C3264
:101830002548C3F89C4DC3F8A02D244AC3F89C0D3D
:10184000C3F8A02D02F14062214C02322148C3F8B6
:101850009C4DC3F8A02D0A32C3F89C0DC3F8A02DEF
:1018600000BF00BF00BF00BF00BF0122C3F8942D1E
:10187000BFF34F8FBFF36F8FC3F8501FBFF34F8F6E
:10188000BFF36F8FD3F8142D5DF8044B42F4403250
:10189000C3F8142D704700BF3F0000102500080753
:1018A000090010000055002013002000210002074D
:1018B0001400002025000813090000101600202045
:1018C00027000B1317000040180000602F000B07C3
:1018D000190000701A000080F0B4154A40274FF438
:1018E00080314FF480564FF400554FF4404443F29A
:1018F0004200136913F0020F0ED113F4005F0FD0F2
:1019000013F4805F0ED0002BF3DA13F4803F0BD179
:101910005B060BD5F0BC7047946151619061E8E7BC
:101920005561E6E75661E4E79161E2E75761E0E778
:1019300000800D403F4A03203F49F3EE095AD2F898
:1019400080304FF0000C9FED3D6A23F001039FEDC6
:101950003C5A30B4C2F88030C2F89000D1F8E010A0
:10196000384DCBB2384C39482B6007EE903A0B0D0E
:10197000C1F30B21F8EEE77A06EE903A07EE101A63
:10198000334BB8EEC77A2160F8EEE66A314937EE9C
:10199000C66A37EEC55A76EEC76A77EEE57A26EE66
:1019A000266AC3ED006A25EE265AD2F8803067EE2B
:1019B000A64AC0ED007AC6EE275A274885EE276A68
:1019C000C4EEA76A75EE875AFCEEE55A36EE076A52
:1019D00015EE904ABCEEC66A43EA045376EE877A67
:1019E000C2F8803016EE103AD2F89041FCEEE77A59
:1019F00001EA0341214317EE903AC2F89011C3F374
:101A00000B03D2F890110B431449C2F89031D2F86D
:101A1000803043F00203C2F88030114B80F840C0A0
:101A2000C1F840314FF0E023012230BCC3F8082157
:101A3000704700BF00810D4000441F400000AA42D3
:101A40000000B44268320020643200206C32002072
:101A5000703200200000FF0F00E400E000180020BA
:101A600011870000314B40F6617210B5C3F8202198
:101A700040F2044400F0A4F82D4A2E49D2F88030F8
:101A80002D4843F00303C2F880302C4BC1F860416D
:101A900002681A4203D1D1F8A8319A071BD0254A0F
:101AA0004FF00041244B5963D2F8403143F0020318
:101AB000C2F84031D2F840319B07FBD44FF40030DC
:101AC0004FF0E0211C4B4FF00042C1F88C0219206E
:101AD0009A6300F071F8184A4FF08040154C0021CD
:101AE00090630A20164B11604FF42072C4F8A801CD
:101AF000184600F07DF84FF4800203464FF4810051
:101B000040F243111860C4F858311A640D4B0E4A64
:101B1000C4F84811C3F804224FF0E0224FF400311A
:101B20000123C2F80C11C4F8403110BD00800D40F3
:101B300000C00F4000002E4000900D40001C1E0011
:101B400000000020001800203189000008B50E4B6D
:101B50001B6E9B0700D4FBBE72B60C4B00200C4AD8
:101B6000C3F8400103F160430A49A3F55F23116400
:101B70009D46BFF34F8F4FF400130748074ADB69B8
:101B800002609B68984700BF00441F4000002E4041
:101B900000C00A400300200000802020000012EB5B
:101BA000F8B500BFF8BC08BC9E46704700000000B6
:101BB0005FF800F02D0100005FF800F00D7E0000DE
:101BC0005FF800F06D9000005FF800F0F980000011
:101BD0005FF800F03D8400005FF800F01D7B00001E
:101BE0005FF800F03D8200005FF800F045AF0000B4
:101BF0005FF800F065AE00005FF800F005770000C8
:101C000005010000E1640000616F000079780000C8
:101C100020036400690063006500460072006900EB
:101C200065006E006400200076002E003000310058
:101C3000220353006900670069006C0049006E00D0
:101C400073007400720075006D0065006E00740012
:101C5000730000000403090409029500030100C099
:101C600032080B0002020201000904000001020216
:101C700001000524001001052401010104240206CD
:101C80000524060001070582031000100904010065
:101C9000020A000000070503024000000705830256
:101CA00040000009040200020103000007240100B3
:101CB0000125000624020101000624020202000997
:101CC00024030103010201000924030204010101AC
:101CD000000905040240000000000525010101097A
:101CE00005840240000000000525010103000000FA
:101CF00009029500030100C032080B000202020134
:101D00000009040000010202010005240010010581
:101D100024010101042402060524060001070582AE
:101D20000310000509040100020A00000007050372
:101D300002000200070583020002000904020002FB
:101D4000010300020724010001250006240201010D
:101D50000206240202020209240301030102010215
:101D60000924030204010101020905040200020022
:101D700000000525010101090584020002000000A0
:101D800005250101030000000A060002EF020140E0
:041D9000010000004E
:101D9400000000000000000000000000000000003F
:101DA400000000000000000000000000000000002F
:101DB400F8B54FF084439D695A6915400DD0254FFD
:101DC40001269D6195FAA5F4B4FA84F457F82430F9
:101DD40006FA04F49847A543F4D11F4B9D695A6948
:101DE40015400DD01D4F01269D6195FAA5F4B4FA56
:101DF40084F457F8243006FA04F49847A543F4D140
:101E0400174B9D695A6915400DD0164F01269D61E7
:101E140095FAA5F4B4FA84F457F8243006FA04F4D5
:101E24009847A543F4D1104B9D695A6915400DD0CC
:101E34000E4F01269D6195FAA5F4B4FA84F457F87F
:101E4400243006FA04F49847A543F4D1BFF34F8F26
:101E5400F8BD00BF90110020004000421012002085
:101E6400008000429012002000C0004210130020A5
:101E74000548064B1B1AD90F01EBA301491002D0E8
:101E8400034B03B118477047C01A0020C01A002042
:101E94000000000008B5054B1BB105490548AFF328
:101EA4000080BDE80840FFF7E3BF00BF000000006A
:101EB4008831002000F80060036818470B6803604D
:101EC400704700BF0B680360704700BF704700BFD6
:101ED40010B507F0B7FE064A1368C31AB3F57A7F44
:101EE40005D9044C04492360012310600B7010BD14
:101EF400D8220020DC220020A554002010B504467E
:101F040007F04AFB204610BD10B5064C237803B9F0
:101F140010BD4FF60F0009F01FF92378013BDBB227
:101F2400237010BDB25400202DE9F041704E714C65
:101F3400714B326804F14807704DDFF8E4812DEDF0
:101F4400068B9FED6FAADFED6F9ADFED6F8A9FED31
:101F54006F8A9FED6F9A1A600A21206806F084FF49
:101F640020EAE073B0F5486F217DA3606FDD627DE8
:101F7400012A02D801326275D2B20020012AA0756A
:101F840040D907EE903AF8EEE77A77EEE87A87EEF2
:101F9400887AB5EEC07AF1EE10FA00F18180F7EE9E
:101FA400007AB4EEE77AF1EE10FA7CDCB4EE497A0A
:101FB400F1EE10FA98BFB0EE497AD4ED047A012319
:101FC400DFED546A37EE677A2375E7EE267AC4EDBF
:101FD400047AC4ED037A09B933682B6098F80030A9
:101FE4002BB14D4B01221A7032684C4B1A601834D5
:101FF4000435A742B0D1BDEC068BBDE8F0810022C8
:102004006275A27507EE903AF8EEE77A77EEE87A11
:1020140087EE887AB5EEC07AF1EE10FA22D4F7EEA4
:10202400007AB4EEE77AF1EE10FA36DC00293DD1FD
:10203400D4ED047A002233683AEE677A22752B6075
:10204400E7EE297AC4ED047AC4ED037ACFE7B0F55C
:10205400E16FD4DAA27D012A17D90020012A607524
:10206400E6D8CFE70029E3D0F0EE497A94ED047A7C
:102074000123DFED286A77EEC77A2375A7EEA67AE7
:1020840084ED047A84ED037AA8E701320020A27576
:10209400D2B26075012ACBD8B4E70029C8D0E5E7ED
:1020A400B0EE497A89E7B0EE677A86E7B4EEC97A8A
:1020B400D4ED047AF1EE10FA0CD937EE677ADFED3D
:1020C400156A0123E7EE267A2375C4ED047AC4ED7C
:1020D400037A83E779EE676A9FED0E7A0123E6EED1
:1020E400877A2375C4ED047AC4ED037A76E700BFDA
:1020F40088520020E41300209C52002090520020BB
:10210400000000009A99993E0080ED45000061446A
:10211400295C8F3ECDCCCC3E45140020A852002033
:10212400C3540020E74B70B52DED048B93ED008A6A
:1021340082B0B5EEC08AF1EE10FA00F16283F7EED8
:10214400007AB4EE678AF1EE10FA37FE888ADE4B25
:102154001C7804F00105C4F34003C4F380022B444B
:102164001344012B00F04B830025AC462C4600237E
:10217400D649DFEDD78A9E464CFA03F2013312F0BA
:10218400010F0AD0D1ED037A4FF0010EF4EEE87A94
:10219400F1EE10FA88BFF0EE678A032B01F1180103
:1021A400EAD1CC4BBEF1000FDFEDC96AD3ED047A5E
:1021B40093ED077A46FEA88AF4EEC77AF1EE10FA98
:1021C400C0F2D382B0EE677A03F11002D3ED017A44
:1021D40000F00306C04B42F21071F4EEC77A93ED9F
:1021E400009AF1EE10FAB8BFD2ED007AF4EE678AE5
:1021F400F1EE10FA68FEA77AB4EEE79AF1EE10FA5F
:1022040029FE279A43074FF0000048BF86F00306D3
:1022140007F04CFA07EE900A9FEDB06ADFEDB04A82
:10222400B2EE031AF8EEE77ADFEDD36AAD4AF1EEC7
:102234000E5AF3EE082A9FEDC37AC7EE860AAA4B1C
:102244009FEDAA2AD3ED013AD3ED027A9878B3EE42
:10225400026AB1EE044AB2EE045AF6EE081AB5EE7A
:10226400003AE0EEA46AD2ED004AE4EE815A92ED1F
:10227400041A34EE877AA1EE213ADFED9D1AB4EE0A
:10228400E68AD2ED026A37EE087A4209A6EEA26A1D
:10229400DFED986AE8EE045A82EAD01237EEE34A98
:1022A400F1EE10FA82EA0602E3EE216AB0EE673A32
:1022B400A9EE056A9FED905A64EE255AC8BF012124
:1022C400A7EE025AD8BF0021B0EE634A93ED037A19
:1022D4005140BBEE082A67EE666A01F0010136EE52
:1022E400476AA5EE254A41EA4001D87893EE863A3A
:1022F400C9B2E7EEA36A01309970C0B2B4EEC24A23
:10230400D870F1EE10FA00F15282B4EEE24AF1EE26
:1023140010FA00F32D82B6EE006ADFED783ADFEDB5
:10232400785AA4EE236A64EE255AE5EE037A83ED27
:10233400014AFBEE083AF4EEE37AF1EE10FA00F10A
:102344005782F3EE083AF4EEE37AF1EE10FA00F372
:10235400758287EEA34A9FED6B3ADFED6B3A27EE69
:10236400833A24EE234AA5EE267AC3ED027AB5EE2B
:10237400C07AF1EE10FA00F13682DFED647AB4EE41
:10238400E77AF1EE10FA00F36382C7EE273ADFED45
:10239400787AF6EE006A73EEE63A63EEA73A07EE51
:1023A400901ADFED5B2A76EE036A83ED037AB8EECA
:1023B400672A9FED586AF6EE007AB0EE667A82EEEE
:1023C400225A75EE677AA7EE867AB5EEC07AF1EEF8
:1023D40010FA00F10582DFED507AB4EEE77AF1EEFF
:1023E40010FA00F33282F2EE007A27EE277AFCEE3E
:1023F400C77ACDED017A9DF804C0C1F3C102460746
:1024040002F1FF32D2B20AD1DFED4A7AB4EEE78AA2
:10241400F1EE10FACCBF012000200244D2B252B235
:10242400F1EE081A3D48F7EE0C2A07EE902A3C4AD2
:10243400F5EE006A9FED3B6A92ED007AF8EEE77ADA
:1024440092ED012AB2EE083A27EE217AE2EE226AF0
:10245400BDEEC77A17EE102A052AA8BF052222EA84
:10246400E27200EBC20212F90C2007EE102AB8EE59
:10247400C77AA7EE837A26EE877AB4EEC67AF1EEAF
:1024840010FA00F1AA81DFED287AB4EE677AF1EE52
:1024940010FA37FE877AF0EE002ADFED1B7AFFEEA2
:1024A400006A83ED047A68EE277A9FED203A9FED67
:1024B400206AE5EE226AB0EE677AA6EE837AB4EE7D
:1024C400C67A5BE048310020BB540020E4130020AE
:1024D40000000000542300204423002000401C4638
:1024E400A370BD3EB013002034540020A69B443C8E
:1024F400CDCCCC3F66660640BC74933B0AD7A33C64
:10250400A69B443B5839343CCDCCCC3D00002842FA
:1025140000007F43CDCC0C3F77BE7F3F6407002093
:10252400CC130020000010C2000040428FC2753E50
:102534000AD7A3BE0AD7A33E295C0F3DAE4761BEAE
:10254400295C8F3ECDCC4C3ECDCC4CBEB81E853ED6
:102554000AD7A33D8FC2F53D5C8FC23E0AD7233E06
:10256400EC5138BE8FC275BE9A99993DB81E05BE0E
:10257400AE47613EEC51383ECDCC4C3DF1EE10FA05
:1025840000F128815FED156AB4EE667AF1EE10FA77
:1025940036FE877AB0EE446A1FED193A5FED0D6A94
:1025A40083ED057AA9EE036AB4EEE66AF1EE10FA59
:1025B40000F10D811FED177AB4EE476AF1EE10FABF
:1025C40037FE066A77EEA37A1FED247A83ED066A56
:1025D400F4EEC77AF1EE10FA00F1F6801FED287AD6
:1025E400F4EE477AF1EE10FA77FE277A01F00F0243
:1025F400F2EE0E2AB6EE003A1FED2E4A07EE102A2E
:102604005FED2F3AC3ED077AB8EEC77AC7EE226AB8
:1026140076EEC36A66EE846AF4EEE36AF1EE10FACB
:1026240000F1CF80F4EE446AF1EE10FA74FE266AEB
:102634005FED3A3A1FED3A7A1FED3A4AA8EE237A53
:10264400C3ED086AA9EE047AB5EEC07AF1EE10FA89
:1026540000F1B4805FED406AB4EE667AF1EE10FAF0
:1026640036FE877A1FED434A5FED436A5FED433AD6
:10267400E8EE046A83ED097AF4EEE36AF1EE10FA07
:1026840000F1C280F4EE446AF1EE10FA74FE266A98
:10269400C3ED0A6A002D72D0F0EE467A5FED4E6A01
:1026A4001FED4E7AE8EEA67AF4EEC77AF1EE10FA50
:1026B40000F1D6801FED527AF4EE477AF1EE10FA6B
:1026C40077FE277AC3ED067A5FED567AF7EE082A8D
:1026D4001FED574A00226548A4EEA74A644C9FEDBB
:1026E400653ADFED653ADFED654A07EE902A53005F
:1026F4000132B8EEE77A41FA03F3F0EE457A032AA1
:1027040003F00303E7EE037A07EE103AB8EE477AD4
:1027140037EE627A77EEA57A27EE047AFBFE676AD3
:1027240077EEE67AA0EC017A67EEA37ABCEEE77A5C
:1027340017EE103AC3F30A0307EE103A04EB830CC6
:10274400B8EE477ADCED006A9CED016A77EEC77A51
:1027540036EE667AE7EE876A66EEA46AC0ED026A30
:10276400C3D102B0BDEC048B70BD03F11C022DE596
:10277400B0EE624ADFED425A9FED426AD5E5A0070A
:1027840045D5DFED416A9FED417AE8EEA67AF4EE95
:10279400C77AF1EE10FA60D49FED3D7AF4EE477AF1
:1027A400F1EE10FA77FE277AC3ED077A8CE7B0EEE4
:1027B400424ADFED385A9FED386AB6E59FED377A25
:1027C40050E7F0EE636A33E7F0EE477A0EE7B0EED7
:1027D400666AF7E6B0EE467ADCE6B0EE467A5AE68A
:1027E4004FF0000C09E6DFED2E3A9FED2C7AD6E58A
:1027F400F0EE637A9FED2B4A9FED2B3AB3E5A446A6
:10280400B5E49FED268AA2E4F0EE636A40E762072E
:102814007FF55AAFDFED257AA8EEA77AB5EEC07A38
:10282400F1EE10FA1FD4DFED227AB4EE677AF1EEFE
:1028340010FA37FE877A83ED097A45E7F0EE637A7A
:102844009FED1C4A9FED1C3A8DE54FF0070CD4E533
:10285400B0EE677ADFED193AA1E5F0EE477AA3E727
:10286400F0EE477A2EE79FED0D7AE4E760540020FE
:10287400783200203F355E3E00000045295C8F3EE3
:10288400BC74933D48E17A3F295C0F3EAE4761BE7C
:102894007B14AE3EBC7493BD10D7A33C0000000073
:1028A400AE47E1BDCDCCCCBD022B87BECDCC4C3EDA
:1028B400CDCC0C3FCDCCCC3D022B873EAE47E13D89
:1028C40002EB8103F0B5D3ED143A531892F85C404F
:1028D40093F84C302DED108B002C00F02785002B45
:1028E40040F0BA84DFEDF27A40F22C4303FB01039B
:1028F40093ED225A93F8A040B4EEE75A77EEC57AE6
:102904000134F1EE10FAE4B283F8A04058BFB0EEFF
:10291400611A0F2CA7EE815A83ED225A00F2BA8471
:1029240007EE901A9FEDE31A92ED0C3AF8EEE72ABF
:1029340092ED054A93ED277A22EE811A40F22C4457
:10294400DFEDDD7ADFEDDD5AB6EE006A04FB01044B
:1029540064EE277ADFEDDA6AF2EE0C1AD4ED214A3E
:1029640037EE467AE7EE835AD64BFBFE647A74EE72
:10297400E77A37EE077A9FEDD48A67EEA67AFCEE03
:10298400E76A16EE904AC4F30A0406EE904A03EB93
:102994008405B8EE666A95ED012AF7EE006A77EED3
:1029A400C67A95ED006A32EE462AA7EE826AF0EE08
:1029B400667AA7EE086AE5EE867A27EE800AB4EE18
:1029C400E10AF1EE10FA00F1CB84DFEDC07AB4EE47
:1029D400E70AF1EE10FA00F35984DFEDBD7AC0EE98
:1029E400276A92F85E50D2ED015A012DF7EE007A73
:1029F40037EEE52A00F0A084022D00F03786032D7F
:102A040000F0DE86DFEDB37A9FEDD60A71EE277A09
:102A14009FEDB18A9FEDB16ADFEDCA1AE5EE807AC7
:102A2400A2EE886AE7EE217ADFEDAD1AA2EE216A02
:102A34009FEDAC0A40F22C4CDFEDAB1A67EEA67AA0
:102A44009FEDA38A0CFB010CE4EE001A9FEDA70A8C
:102A5400D2ED0A8A26EE266AB7EE009AE2EE801AD2
:102A640081EE880ADFEDA21A9FEDA28AA8EEA18A60
:102A7400DCED201AE6EE081A70EE244A9CED1F0ADB
:102A8400CCED201AA7EEA80ADCED1E7ACCED214A83
:102A940076EEA77AF4EEC97ACCED1E7A8CED1F0A95
:102AA400F1EE10FA05DBFBFE676A77EEE67ACCED11
:102AB4001E7AF7EE007AB4EEE70AF1EE10FA09DBBB
:102AC40040F22C44FBFE407A30EE670A04FB01041A
:102AD40084ED1F0AF7EE007AF4EEE71AF1EE10FA2D
:102AE40009DB40F22C44FBFE617A71EEE71A04FB29
:102AF4000104C4ED201AF7EE007AF4EEE74AF1EE91
:102B040010FA09DB40F22C44FBFE647A74EEE74AC7
:102B140004FB0104C4ED214A40F22C449FED686A91
:102B2400D2ED031A04FB0104DFED958A94ED1F9A9C
:102B340061EEA88A94ED200AFBFE497A79EE677A61
:102B4400FBFE406A70EE666A94ED238A67EE867A2D
:102B540066EE866ABCEEE76A16EE104ABCEEE66ADA
:102B6400C4F30A0416EE10EA9FED616A03EB8406CF
:102B740038EE866ACEF30A0ED6ED004A66EE089A5F
:102B840006EE104A03EB8E04B8EE466A77EEC67A78
:102B940096ED016A36EE646AE7EE864A06EE10EABE
:102BA400D4ED007AB8EE466A76EEC66A94ED016A10
:102BB40036EE676AE6EE867AF9EE006AF4EEE69A95
:102BC400F1EE10FA00F14E84F1EE006AF4EEE69AAA
:102BD400F1EE10FA00F33685B3EE0B6A69EEA96ADA
:102BE400F2EE02AAB0EE46AAA6EEAAAA76EE866A8B
:102BF40066EEA96AC6EE8AAAF9EE006AF4EEE60A5F
:102C0400F1EE10FA00F12A84F1EE006AF4EEE60A1D
:102C1400F1EE10FA00F31285B3EE0B6A60EEA06ACF
:102C2400B2EE02AAF0EE469AE6EE8A9A76EE866A4A
:102C340066EEA06AC6EEA90ADFED2F6ADFED2F9AD1
:102C440067EEA67ADFED416AE4EEA67ADFED2C6A40
:102C5400D2ED044A61EEA66AE6EEAA7ADFED296AAD
:102C6400B0EE666A64EEA66AA5EE296ADFED269ADE
:102C7400E6EEA07AF0EE466A92ED026A67EE867A94
:102C8400E3EEA96A67EEA67ADFED206AF4EEE67A4F
:102C9400F1EE10FA00F1DB83DFED1D6AF4EEE67A63
:102CA400F1EE10FA00F3D2849FED1AEA70E000BF4F
:102CB400000000007B142E3E5839B43C6F12033BD5
:102CC40000000045783200206666E63E00408345F9
:102CD40000442C47AE47C13F52B89E3E48E10A40EB
:102CE4005C8F423F7B14AE3DBC74933C8FC2F53C79
:102CF40085EB513F85EBD13E5C8F423EAE47613F51
:102D04001F85EB3E3D0AD73E5C8FC23E48E1FABECA
:102D140048E1FA3EE17AB43FD7A3903F295C0F3DE6
:102D2400CDCCCC3C295C8F3D0AD7233DB6F3FD3C8A
:102D3400000000451B2FDD3CAE47613ECDCC4C3E30
:102D4400E17A143F0AD7A33D0000B642EC51B83EE5
:102D54007B14AE3EEC51383D295C8F3E8FC2753EEC
:102D640048E17A3F713D0A3FEC51383F6666E63EE2
:102D7400CDCCCC3D8FC2F53D7B142E3FAE47E13E1A
:102D8400EC51383E52B81E3FB81E053EA69B443C4B
:102D94001FED1F6A27EE8EEA27EE866AF0EE00CA60
:102DA4005FED09BA1FED23AAF0EE08DA1FED15CA8C
:102DB40040F22C44F0EE6C6A5FED279A04FB0104A8
:102DC400B7EE00BA1FED29DA012DE5EEAB6AE2EEAB
:102DD4008A6AB0EE6DAAA2EE0CAAE7EE296A5FED4C
:102DE4002E9AA2EEE9AAD4ED1E9AA9EEA6EA5FED08
:102DF400316A39EEA7FA99EE8A6AB1EE00AAA9EE11
:102E040026EA1FED359AF0EE4B6AE5EE8A6AFBFE80
:102E14004EEA7EEE6EEA6EEE89EA36EE811A5FEDD8
:102E24003B6AA0EE266A64EE0D6A66EE876AE9EEF6
:102E3400816ABBFE461A36EE416ABBFE4F1A3FEE6C
:102E440041FA26EE096A2FEE09FABBFE661A76EEFF
:102E5400C16ABCEECF1A66EE896A11EE10EABCEEC6
:102E6400EE1ACEF30A0E11EE10CABCEEC61A03EB2C
:102E74008E07CCF30A0C11EE104ABCEEE61A97ED5D
:102E840000EAC4F30A0411EE106A01EE10EA03EB3F
:102E94008C0EB8EE411AC6F30A06DEED01FA3FEED7
:102EA400411A97ED01FA3FEE4EFAA1EE0FEA01EE58
:102EB40010CA9EED00FA03EB840CB8EE411A7FEEC3
:102EC400CFFA3EEEC11AF0EE4FEA9CED00FAE1EEC5
:102ED4002FEA01EE104ADCED01FA03EB8604B8EEAA
:102EE400411A7FEECFFA36EE416AB0EE4F1A94EDF6
:102EF40000FAA6EE2F1AD4ED01FA00F04D8206EE88
:102F0400106A7FEECFFA022DB8EE466A76EEC66AF4
:102F1400A6EEAFFA00F01883032D00F0D8835FED1E
:102F2400676A5FED7B7A5FED7B2AB0EE676AE5EE58
:102F3400A67AA2EE266A67EEA26A5FED7F7A6EEE4B
:102F4400277A26EE226AE6EEAE7A5FED826A64EEB6
:102F5400266AE6EE017AE6EE8F7AF0EE672A5FEDF6
:102F6400867A40F22C431FED876AB0EE022A65EEA2
:102F7400A77A03FB01035FED8A6AB3F8A24005EB6D
:102F8400C503FCEEE77A92ED071AE3EE866A05EBD9
:102F9400430C1FED906A17EE903A23EE063A1FEDAC
:102FA400926A63444FF6E17C23EE866AACEB030C31
:102FB40001EBC103F0EE665A5FED986A01EB8303FF
:102FC400A44464EEA64A5FED9A6AACEB030C40F2AB
:102FD4000B13E1EE026A1FED9D1A01FB03F361EE90
:102FE400A55A64EEA04A53FA8CFCB9EE002A00EB11
:102FF4008C0CE1EE816A9CED291AE5EE814A76EEAD
:10300400866AE3EE074A72EEA47A67EEA67AF4EED5
:10301400C27AF1EE10FA00F1BA81B1EE007AF4EE60
:10302400C77AF1EE10FA00F31C8367EEA74A1FED8E
:10303400B22AF3EE0B5AB2EE027A74EEA56AE4EE0B
:10304400875A66EEA77A87EEA57A27EE022AF7EE6C
:10305400004AD2ED092A1FEDBB3A5FEDB77A74EE50
:10306400E24A5FEDBD3A5FEDBD5AE4EE837AE4EEE9
:10307400237AF4EEE57AF1EE10FA00F185815FED42
:10308400C26AF4EE667AF1EE10FA76FEA77AF0EEF2
:10309400416A5FEDC43AF9EE005A78EEA38AE7EE8E
:1030A400C76A67EEA67AA7EEA87AB4EEE57AF1EEDF
:1030B40010FA00F16681F1EE007AB4EEE77AF1EEEF
:1030C40010FA00F3CB8267EE073AF3EE0B7AB2EE16
:1030D400023A73EEA75AE3EE837A65EE875A85EED9
:1030E400A77A40F20B155FEDDB3A5FEDDB7A631CE8
:1030F40005FB0145DBB2E4EE237A00EB8504F9EE2F
:10310400005A84ED297AB0EE427A40F22C4404FB52
:103114000104A7EEA67AA4F8A230B4EEE57AF1EEA3
:1031240010FA00F12981F1EE007AB4EEE77AF1EEBB
:1031340010FA00F3B98227EE074A5FEDEE7AF3EE58
:103144000B6AF2EE023A74EE265AE4EE236A25EE96
:10315400877A87EE262A62EE272A1FEDF57A40F257
:103164002C435FEDF66AF9EE005A92ED063A03FB42
:103174000103E4EE876ADFEDBD3A93ED247ADFEDD7
:10318400BC7A32EE474ADFEDBB4AE3EE236AA4EE93
:10319400267A67EE277A83ED247AE8EE247AF4EE31
:1031A400E57AF1EE10FA00F1E280B1EE007AF4EE85
:1031B400C77AF1EE10FA00F3728227EEA74A9FED68
:1031C400DF7AF3EE0B6AF2EE023A74EE264AE4EE8C
:1031D400236A64EEA77AF0EE665AC7EEA56A26EE75
:1031E400877ADFEDA54A72EE877AB9EE007ADFEDD1
:1031F400A35A36EE246A40F22C4325EE020AF4EE7A
:10320400C77A03FB0103A1EEA56AC3ED236AF1EEBD
:1032140010FA20EE060A00F1A780B1EE007AF4EE6F
:10322400C77AF1EE10FA00F3378227EEA76AB3EEFD
:103234000B7AF2EE025A76EE076AA6EE257A66EE6D
:10324400A76AC6EE877A40F22C4303FB0100C0ED67
:10325400257ABDEC108BF0BD9FEDA67ADFED886A70
:10326400DFED887AE3EEA67A77EE877AF5EEC07A18
:10327400F1EE10FA3FF536ABB7EE007AF4EE477A8A
:10328400F1EE10FA77FE277AFFF72EBBDFED7E6AA8
:10329400FFF7A7BB92ED0C3AF7EE006ADFED7B7AFD
:1032A40000249FED7B7A92ED054AA3EE277ADFEDA9
:1032B400795AD3ED267A9FED786A76EEE76A83F839
:1032C400A040A4EE257A67EE877A67EEA67AF4EE3C
:1032D400C67AF1EE10FA07D49FED707AF4EEC77A4D
:1032E400F1EE10FA40F3E58107EE901A9FED8C1A87
:1032F40040F22C43F8EEE72ADFED697A03FB010381
:1033040022EE811A71EE277AC3ED267A40F22C431D
:10331400DFED646A03FB010393ED277A77EEC77A46
:10332400A7EEA67A83ED277AFFF708BB002B3FF4BC
:10333400D9AA9FED5D7A91E79FED5C0AF7EE041A36
:10334400DFED5B7A9FED5B6AE2EE807A9FED640AC3
:1033540031EE066AA7EE006AE5EEA17AFFF768BBD4
:10336400DFED556AFFF73DBBDFED637A6BE79FED59
:10337400537ADFED616A34E7DFED512A9FED5E2A6F
:10338400EBE69FED5D7AACE6F0EE657A7FE69FEDC5
:103394004D2A9FED597A5AE6B0EE4A6ADFED4A6A41
:1033A4009FED360AB9EE002A67EEA67ADFED3D6A94
:1033B400A5EEAC6AE9EE867A9FED486AEAEEA67A53
:1033C400F6EE006A6EEEA66AEEEE066ABBFE676A69
:1033D40077EEC67A67EE897AE1EE4C6A9FED3B1A86
:1033E400BCEEE76A16EE104AC4F30A0406EE104A6D
:1033F40003EB8406B8EE466AD6ED012A77EEC67A68
:1034040096ED006A72EEC62AA7EEA26AF0EE667A1C
:10341400E6EE007A67EE817AF4EEC27AF1EE10FA03
:1034240000F10981F4EECA7AF1EE10FA00F34C814E
:1034340067EEA72AF3EE0B6AB2EE022A32EEA66A10
:10344400E2EE826A66EE277AC7EEA62A87E5F0EEF8
:10345400667A9FED1F6A9FED1FEA9FE4DFED260A5F
:10346400FFF7EABBDFED24AAFFF7C6BBEC51383DFA
:103474008FC2753E5C8F423FC3F5A83EAE47613EA6
:103484009A99593F9A99193E310CC33D3333B33E4F
:10349400B81E6540CDCC4C3D0AD7A33C48E17A3FE9
:1034A400713D8A3E0AD7A33D0000000014AEC73E1A
:1034B4005C8F024052B87E40CD70A6391719AFBE5A
:1034C400EFA51FBFDD6539BF666606409A99B93F0F
:1034D40049BF0DBFD2DE30BFAE47E13D295C8F3E10
:1034E40052B89E3E8FC2F53D0AD723BEC3F5A83F0E
:1034F4003D0AD73E0AD7233EA0BF80BF49BF0D3F38
:10350400D2DE303FDD65393FB81E053EA4703D3F35
:103514008FC2953F6666E63F1719AF3EEFA51F3F82
:103524007B142E3EA0BF803FCDCC4C3EEC51383FA7
:10353400CDCC2C400AD7A33EEC51B83D7B14AE3E13
:103544001F856B3E5C8F423EF2EE007A1FED1E6AD1
:103554001FED1E1AA5EEA7BA5FED1F7A20EE270A0B
:10356400F1EE0C7AA9EE8B0A72EEA77AA0EE860A27
:1035740027EE066AA9EEA76A5FED269AFBFE407A5B
:1035840070EE677AE3EEEB9A67EE897AFBFE466AA1
:1035940036EE666AFCEEE76A26EE096A16EE904A93
:1035A400FCEEC66AC4F30A0416EE906A03EB8407C1
:1035B400C6F30A06D7ED006A02EE906A03EB8607AB
:1035C40003EB8403F8EE622A97ED002A97ED010AD3
:1035D40036EE626A02EE904A30EE420AF8EE622A51
:1035E400A6EE002A77EEE27AD3ED012A32EEE66AFD
:1035F4005FED432AE7EE866A1FED446AF4EEC29A51
:10360400F1EE10FA66EE817A5FED476AEEEE267A05
:103614005FED486A58BFF0EE626A77EEA67AF9EE7B
:10362400006AEFEE2B7A67EE867AF4EEE67AF1EE34
:1036340010FA7FF5F7AE5FED502A90E45FED470A8C
:10364400FFF7FABA5FED49AAFFF7D6BAF0EE667A49
:103654001FED566A1FED56EAFFF7A0BB1FED4F7A28
:103664003FE51FED582A1FED517AF0E41FED5A0A89
:10367400B1EE046A5FED5B7AF6EE001A1FED5C8A28
:10368400E2EE807AA2EE886AE4EE217A5FED5F1AB8
:10369400A2EE216AFFF7CCB95FED5E7AD3E51FEDA8
:1036A400627A5FED606A9CE55FED642A1FED632A30
:1036B40053E507EE101A1FED661AC3ED267AF8EEED
:1036C400C72A22EE811A21E65FED6A2A47E4F5EE65
:1036D400006A1FED6B0AB6EE002AA2EEA62A5FED81
:1036E4006D6AF1EE082A67EEA66AE4EE2D2AE9EE89
:1036F400826AB7EE042AB0EE666A5FED736A66EE1C
:10370400E77AF0EE466A1FED756AE9EEA27A5FED9C
:10371400762A2EEE066A5FED779AE8EE226AE7EEE5
:103724000D7AFBFE672A77EEE27AFBFE662A76EED6
:10373400E26A67EE897A66EE896AFCEEE72A12EE9F
:10374400904AFCEEE62AC4F30A0412EE906A03EBF4
:103754008407C6F30A0697ED009A02EE906A03EB1B
:10376400860703EB8403F8EE622AD7ED00AA97EDEF
:1037740001BA76EEE26A02EE904AF8EE622A77EE39
:10378400E27A7BEE6A2AE6EEA2AAF0EE466A93EDAE
:10379400016A36EE496AEAEEA96AA7EE869AF0EE65
:1037A400667AF9EE006AE9EE007AE1EE2B7A67EECA
:1037B400827AF4EEE67AF1EE10FA7FF533AE3AE768
:1037C400B6EE000A5FEDA21AB0EE008AB7EE086A00
:1037D400E2EE807AA4EE086AE5EEA17A5FEDA71A1C
:1037E400A7EE216AFFF724B92DE9F04F2DED0C8BDC
:1037F400B1B0814605F0BEFB04460D9005F0BAFB5E
:103804000C90002C00F0D281002800F0CA816022C4
:1038140009F118010DEB020006F03EFBF3EE027A0B
:103824009DED189AB4EEE79AF1EE10FA00F19A833E
:10383400DFEDE47AB4EE679AF1EE10FA37FE899A76
:103844009DED19BA8DED189AB5EEC0BAF1EE10FAE5
:1038540000F1B783F7EE007AB4EE67BAF1EE10FA2E
:1038640037FE8BBA9DED1A7A8DED19BAB5EEC07A92
:10387400F1EE10FA00F1A283DFEDD37AB4EE677AA9
:10388400F1EE10FA37FE877ADDED1B7A8DED1A7AA8
:10389400F5EEC07AF1EE10FA00F18D839FEDCB7A4C
:1038A400F4EE477AF1EE10FA77FE277A9DED1C7A52
:1038B400CDED1B7AB5EEC07AF1EE10FA00F1788303
:1038C400DFEDC37AB4EE677AF1EE10FA37FE877A49
:1038D400DDED1D7A8DED1C7AF5EEC07AF1EE10FA6D
:1038E40000F16383B7EE007AF4EE477AF1EE10FA52
:1038F40077FE277ADDED1EAACDED1D7AF5EEC0AA7E
:10390400F1EE10FA00F14E83F7EE007AF4EE67AAB6
:10391400F1EE10FA77FEAAAADDED1FBACDED1EAACC
:10392400F5EEC0BAF1EE10FA00F13983F7EE007A41
:10393400F4EE67BAF1EE10FA77FEABBADDED208A49
:10394400CDED1FBAF5EEC08AF1EE10FA00F1228334
:10395400F7EE007AF4EEE78AF1EE10FA00F334831E
:1039640077EEE87A9FED9B7A9FED9B5AA7EE875AF4
:103974009DED217ACDED208AB5EEC07AF1EE10FAF4
:1039840000F10583F7EE007AB4EE677AF1EE10FAEF
:1039940037FE877ADDED227ADFED906A8DED217AAC
:1039A400F4EEE67AF1EE10FA00F1EE82B1EE087A66
:1039B400F4EE477AF1EE10FA77FE277A9DED238A2A
:1039C400CDED227AB5EEC08AF1EE10FA00F1D9827B
:1039D400F7EE007AB4EE678AF1EE10FA37FE888AC1
:1039E400DDED247A8DED238AF5EEC07AF1EE10FA3E
:1039F40000F1C482B7EE007AF4EE477AF1EE10FAE1
:103A040077FE277A9DF8BE20CDED247A032A02D9C9
:103A140003228DF8BE2025ACBBEE0C4AF3EE0C5A03
:103A2400DFED6F4AB7EE006ADFED7A6A28A9224615
:103A3400F2EC017AF4EEC47AF1EE10FA00F1E781C7
:103A4400F4EE657AF1EE10FA75FEA77A92ED027A39
:103A540042ED017AB4EEE47AF1EE10FA00F1D48189
:103A6400B4EE667AF1EE10FA36FE877AD2ED067A73
:103A740082ED027AF5EEC07AF1EE10FA00F1C1811E
:103A8400F4EE467AF1EE10FA76FE277A9142C2ED10
:103A9400067ACDD1DFED537AB4EEE75AF1EE10FA9F
:103AA40000F16982F1EE047AB4EEE75AF1EE10FA0D
:103AB40000F392829FED4C7AFFEE007A25EE075ACE
:103AC40087EE850A08F026F89FED487ADFED487AFC
:103AD400DFED446A28EE877AB7EE00CAE7EE287A6B
:103AE4003CEE40CAF4EEE67AF1EE10FA00F14082C0
:103AF400B1EE047AF4EEC77AF1EE10FA00F36982BB
:103B0400DFED396ABFEE007A67EEA67A87EE270A00
:103B140008F000F8DFED379A9FED377A0DF1480889
:103B2400DFED367A0FAD9FED36AAF7EE008A354FFA
:103B3400EAEE879A344EABEEA7AADFED347AF2EEC2
:103B440008CADFED33BA78EEC08AF0EE670AEBEE0E
:103B5400270AB4EC017AB0EE000AD4ED027A70EED2
:103B6400870A70EEA70AC0EEAC0A08F0ADF8F3EECF
:103B7400027A20EE090AB4EEE70AF1EE10FA00F137
:103B84004981B4EE6B0AF1EE10FA3BFE800AA5EC13
:103B9400010AA84500F04581F7EC010AF6EC017A28
:103BA400D5E70D9B13B1184605F03AFA0C9B002B90
:103BB40000F02281184631B0BDEC0C8BBDE8F04F0B
:103BC40005F02EBA00003E44AE47E13EAE47613FE9
:103BD4000AD7233FBC74933C0AD7233B9A99193ED6
:103BE400CDCC0CBF6F12833A00442C47CDCCEC3FB4
:103BF400EC51383D0AD7233D295C8F3E9A99094000
:103C0400CDCCAC3FB8070020C40700200000000062
:103C140000006145CDCC0C3F52B87E3F48E13A3FAD
:103C240000FEFF46DBED005A9AED006A36EEE53AF7
:103C34005FED082A37EE464A099BEAEE8B2A0B9A77
:103C4400E3EE295A0A9DA4EE296A93ED005AD2EDB7
:103C5400003AB9EE004AD5ED007A99ED003A5FEDED
:103C6400124A76EEE56ACBED005A37EE467A8AEDD3
:103C7400006AE2EEA65AA2EE876A35EEC57AC3ED73
:103C8400005A76EE677A85ED006AA3EEA47AE3EE35
:103C9400247A6AEE076A82ED007AC9ED007AF4EEBE
:103CA400C46AF1EE10FA00F15481B1EE007AF4EE38
:103CB400C76AF1EE10FA00F3528126EEA65A5FEDC0
:103CC400294AB3EE0B7AB2EE024A75EE075AA5EE14
:103CD400047A65EEA66AB0EE476A86EE867A27EE27
:103CE400247A6AEE277AF9EE006AF4EEE67AF1EEC7
:103CF40010FA00F12B81F1EE006AF4EEE67AF1EEAF
:103D040010FA00F3298167EEA75A1FED3C5AF3EE2F
:103D14000B6AF2EE024A35EEA66AE5EEA46A26EED6
:103D2400276AC6EE267A67EE857A039B002B40F05D
:103D340008811FED456AF0EEC76AF0EEE75A47F6D0
:103D4400FF7527EE067A67EE867A76EEA56ABDEEF3
:103D5400C77AFDEEE77A17EE102A17EE903AAA42D8
:103D6400A8BF2A46AB42A8BF2B469D4DAA42B8BF66
:103D74002A46AB42B8BF2B4612B21BB228F8022F18
:103D840039EE269A019A22F8023F029B019243459A
:103D940040F082800D9D00228146294605F068F995
:103DA4000C9C01224846214605F062F9284605F09C
:103DB40037F9204605F034F9DFED8A7A29EE279A9F
:103DC400B5EEC09AF1EE10FA00F1CF80F7EE007A6A
:103DD400B4EE679AF1EE10FA37FE899A09F5526348
:103DE4009FED817AD3ED006AD3ED007A39EE669ABD
:103DF400E9EE077AC3ED007A31B0BDEC0C8BBDE877
:103E0400F08FDFED7A7A41E6B0EE647A2EE6FBEECF
:103E14000C7A1BE6B0EE670AA5EC010AA8457FF40C
:103E2400BBAE09F6FC4309F5506209F6045109F6E4
:103E3400085B1C6809F60C5A05939DF8BD301068A0
:103E440003930D9B069203F1020803F581730C9A08
:103E5400029309F598630232D1ED000A079309F63B
:103E6400EC0308910146049309F61853484601925D
:103E74000B9309F5516309F614529FED5C9A09936B
:103E840009F61C53DFED5ABA9FED5ADA9946DFED75
:103E94005ACA9FED5ABA0A9215AD12940FAE002475
:103EA4002F461391CDED140AE1B218AAF0EE681A68
:103EB400B6EC010AB0EE4C1A0090FEF701FDE31CCB
:103EC400621C022C4E490098A1FB03411446A7EC46
:103ED400010A0AD021F0010202EB51029B1A30AA16
:103EE40002EB830353ED1E0ADEE7049BF0EE6B7ACC
:103EF400D0F8944018AAD3ED000A059B9FED3B7AB5
:103F04001C60079BF0EE476A1968069B1960089BC2
:103F1400C3ED000A3B4B68EE277AB5EC016AB0EEBC
:103F24006C5AF0EE6C5AAA42A7EECD5AE7EE8D5ABF
:103F3400E6EE056AA6EE257A3FF474AEF3EC017A58
:103F4400E9E70023DFED296A1A4617E7DFED2E7A49
:103F5400EBE69FED2D7AC4E6DFED2C7AE5E69FEDE6
:103F64002B7ABEE6B0EE679A6AE49FED209A35E7B5
:103F74009FED270ACCE59FED260AA3E5DFED1B7A2A
:103F840040E59FED1A8A2BE5F0EE667A16E59FED83
:103F9400177AFFE49FED1F5ADFED148AE8E4DFEDA2
:103FA40013BACBE4DFED11AAB6E4DFED107AA1E495
:103FB4009FED0E7A8CE4DFED0D7A77E49FED0B7ABA
:103FC40062E49FED0ABA4DE4F0EE678A9FED125A5F
:103FD400CEE49FED120A9BE59FED100A72E500BF47
:103FE4000080FFFF0000803BCDCC4C3E0000000071
:103FF40014AE47BF0AD7A33EEC51383F3D0AD73E23
:10400400ABAAAAAAD00700200EF93BBF0EF93B3F8A
:1040140077C2B9BC9DEFA73C0AD7233B9F2C98B627
:104024004B4B40F2ED221968914279D949491A68FB
:104034000868121A112A73D91B682DE9F047464FF4
:104044004FF4D019DFF81C81444E2DED028B0B6028
:1040540082B09FED438A002156E0F4EEC87AF1EE77
:1040640010FA64DCFCEEE77ACDED017A9DF804A049
:104074005346F6EC017A67EE887AF5EEC07AF1EEF3
:1040840010FA4ED4F4EEC87AF1EE10FA4CDCFCEEE1
:10409400E77ACDED017A9DF804502C4698F800207B
:1040A400FF2A05D09A1A002AB8BF5242012A0DDD10
:1040B4001B06A9F5C0224BF20B0003F0FE43134389
:1040C400184307F049F8012188F800A098F8063051
:1040D400FF2B05D0E31A002BB8BF5B42012B0CDD8C
:1040E40024064BF20B0004F0FE4444EA0904204386
:1040F40007F032F8012188F8065009F5803908F1F3
:104104000108B9F5001F15D0F7EC017A67EE887A3B
:10411400F5EEC07AF1EE10FA9FD500239A46A8E78F
:10412400704700242546B9E77F242546B6E77F2358
:104134009A469EE721B902B0BDEC028BBDE8F08738
:1041440002B0BDEC028BBDE8F04707F00DB800BF2C
:10415400885200202C230020B0130020CC13002010
:104164000000FE429013002008B55E4B2DED028B3B
:104174001B7853B1012B00F0AE809FED5B8A022BBC
:10418400DFED5A7A08FE278A01E09FED598A594AE1
:104194009FED556AD2ED045A574BA5EE868ADFEDA2
:1041A400576AD3ED087A9FED567AF0EEE77AA7EED8
:1041B400A68AB4EEC78AF1EE10FA00F18980F7EE10
:1041C400007AB4EE678AF1EE10FA37FE888A642129
:1041D400002005F06BFAB2EE047AF1EE007AE8EE14
:1041E400077AFDEEE77A17EE903A984215DA42F232
:1041F4001071002005F05AFA07EE900A9FED416A0B
:10420400B6EE000AF8EEE77A9FED3F7AC7EE866ACB
:10421400A6EE870ABDEC028B08BD6421002005F0E0
:1042240045FAB3EE007AF1EE047AE8EE077AFDEE91
:10423400E77A17EE903A98421DDA9FED347A42F20B
:104244001071DFED337A0020E8EE077AF0EE678A2A
:1042540005F02CFA07EE900ADFED2A6A9FED2D0A8D
:10426400F8EEE77A87EEA67A78EEC07ABDEC028B98
:10427400A7EE870A08BD42F21071002005F016FA75
:1042840007EE100ADFED247AF6EE005AF8EEC76A5C
:104294009FED1C5A9FED217AB7EE000A9FED206A2C
:1042A400A8EE277AC6EE857A77EEE57AA7EE270A96
:1042B400B4EEC60AF1EE10FA10D4F7EE0C7ABDECA7
:1042C400028BB4EE670AF1EE10FA37FE800A08BDDD
:1042D400B0EE478A7BE79FED138A58E7B0EE460AB3
:1042E40098E700BF441400207B14AE3E8FC2F53E15
:1042F4000AD7A33DB01300204C3100205C8FC23E8E
:104304008FC2753D00401C467A14AE3ECDCC8C3F26
:104314009A99B93F9A99993F3D0AD73E295C0F3E35
:10432400E17A143FCDCC4C3E174B00F07F0210B520
:104334004FF0000E9C4603F1800103F802E001E017
:104344008B4208D013F8012B002AF9D00F4C2378A4
:10435400834208D010BD0E4C00200E490E4B227033
:1043640008601A7010BD002301E0802BF2D01CF805
:10437400012BD9B20133002AF7D0084A084B12683E
:1043840021701A6010BD00BF942300204314002044
:10439400B454002090230020B554002088520020FB
:1043A4002024002008B51E4B1B7813B11D4B1B683D
:1043B400F3B91D4B1B687BB91C4B1B7863B31C4BB7
:1043C40047F22F521B491B6809685B1A934223D892
:1043D400194B01221A7008BD05F034FC174A184B1A
:1043E4001268801A98420BD9104B1B78A3B1E6E7E8
:1043F40005F028FC134A124B1268801A9842D8D848
:10440400114A00210C484FF0020C104B117000228D
:1044140080F800C01A6008BD074B00221A7008BD5E
:10442400A6540020E8220020DC220020B6540020FC
:104434008852002014240020A4540020D8220020F4
:104444007FC3C901E4220020B4540020902300203B
:10445400F8B51E4E04461E4D33780BB92B781BB3AA
:104464002B783BBB00231B4F4FF60F002B703B7088
:1044740006F072FE06F078FE174B9C4228BF1C46DD
:10448400164B9C4238BF1C46154B1C6000233370EE
:104494003B702B7853B9134B00221B782A7013B945
:1044A400114C237853B1F8BD0A4FE5E70F4805F0E6
:1044B40073F8F0E70D4805F06FF8D3E74FF60F20D7
:1044C40006F04AFE01232370F8BD00BFB15400205A
:1044D400B3540020B2540020809698006CDC020093
:1044E4009C130020B6540020B7540020A0130020D1
:1044F4003C4B1B78F0B58DB013B13B4B1B6833BB01
:104504003A4B1B686BB93A4B1B7843B3394C23784D
:10451400002B61D100233849384A0B7013700DB059
:10452400F0BD05F08FFB364A364B1268801A98426C
:10453400E9D8324D2F4C2B78B3B123782BB12E4BC5
:104544001B7803F0FF06002B3ED00DB0F0BD05F044
:1045540079FB2D4A2B4B1268801A9842D0D8274DEC
:10456400244C2B78002BE8D12378002BE5D1274B62
:104574001A68002AE1D01E6842F6F7639E42DCD92D
:1045840017221D4B012702A91A7008A8204B2F706F
:10459400009306931F4B0293FDF790FC1E4B06A954
:1045A4001E48A3FB0636360906EB4606F200013A1E
:1045B40004F070FF069B08A8DB689847009B02A8DC
:1045C400DB6898472770B8E7144804F0E5FF182320
:1045D40026702B700DB0F0BD104804F0DDFF0023F1
:1045E400237097E7A6540020E8220020DC22002054
:1045F400B6540020B3540020B2540020B15400201B
:10460400D82200207FC3C901E42200209C1300208B
:104614000C08002079010000ABAAAAAAA01300206C
:1046240038B5062105460020314C2DED048B05F0EC
:104634003DF80346FF210120637005F037F8A070B0
:1046440045B92C4B01221B6884F84420A364BDECBB
:10465400048B38BD42F21071002005F027F807EEF4
:10466400900A9FED258A42F21071F8EEE77ADFEDA9
:10467400238A9FED239A002087EE887AF0EE687AE9
:10468400E7EE097AC4ED017A05F010F807EE900A16
:1046940042F210710020F8EEE77A87EE887AE7EEAE
:1046A400098AC4ED028A05F001F807EE100ADFED6D
:1046B400156ADFED157A42F21071B8EEC77A002060
:1046C40087EE086AE6EE267AC4ED037A04F0EEFF7C
:1046D40007EE100AF3EE086AFAEE087AB8EEC77A23
:1046E40087EE086AE6EE267AC4ED047AA9E700BFED
:1046F400345400208852002000401C46CDCC4CBFCE
:10470400CDCCCC3F6666A63FCDCCCC3D16491748F0
:10471400174B90F82CC030B40A78164C013283F849
:1047240014C0256802F00302134C0A700121134AD5
:1047340011700021124A21801560A170114A047D74
:104744001180917000221C7290F844401A6083F822
:1047540020400D485A60DA601A619A61DA610B4BA5
:1047640001701A6030BC7047C2540020E41300206A
:1047740054230020885200204823002045140020A0
:10478400A85200204C230020C5540020A052002031
:104794002DE9F0410127254A254D80EA0703DFF87A
:1047A400C080244C17702B70D8F80020224B234E65
:1047B4001A60207005F046FA002194F800C0204CDD
:1047C40000223180B1701F4E1F4B3180B1701F4EDB
:1047D4001A603060207D5A60187294F82C00DA60F8
:1047E400187594F844001A619A61DA6183F820001C
:1047F400174B1970174B1A60174B1970174B1A6027
:10480400BCF1000F01D0BDE8F0810621604604F040
:104814004DFFFF216870384604F048FFD8F8003097
:1048240085F84470A870AB64BDE8F081451400209D
:1048340034540020C3540020A852002048230020F0
:10484400E41300204C230020542300200C320020C9
:10485400C5540020A0520020B4540020902300200E
:10486400885200209F4B70B52DED088B1B78032BCD
:1048740000F07C83022B00F067819B4C012B42F2F9
:1048840010714FF0000094ED008A00F0C18404F030
:104894000DFF07EE100A9FED955AB8EEC77A9FED0B
:1048A400946ADFED947ADFED946AC7EE055AE5EE7B
:1048B400867A78EE277AF4EEE67AF1EE10FA00F1D1
:1048C40045849FED8E7AF4EE477AF1EE10FA77FE86
:1048D400277A42F21071002094ED018AC4ED007A27
:1048E40004F0E4FE07EE900A9FED805A9FED846A7F
:1048F400B8EEE77ADFED837ADFED836AC7EE055A17
:10490400E5EE867A78EE277AF4EEE67AF1EE10FA9E
:1049140000F11B869FED7D7AF4EE477AF1EE10FAF2
:1049240077FE277A42F21071002094ED028AC4EDDA
:10493400017A04F0BBFE07EE900A9FED6C5A9FEDDE
:10494400746AB8EEE77ADFED737ADFED736AC7EE67
:10495400055AE5EE867A78EE277AF4EEE67AF1EEF9
:1049640010FA00F1EE859FED6D7AF4EE477AF1EEE0
:1049740010FA77FE277A42F21071002094ED038A30
:10498400C4ED027A04F092FE07EE900A9FED575AA6
:104994009FED5F6AB8EEE77ADFED5E7ADFED606A7D
:1049A400C7EE055AE5EE867A78EE277AF4EEE67AD3
:1049B400F1EE10FA00F1C1859FED5A7AF4EE477AD0
:1049C400F1EE10FA77FE277A42F21071002094ED8E
:1049D400058AC4ED037A04F069FE07EE900A9FEDA0
:1049E400435A9FED476AB8EEE77ADFED467ADFED8A
:1049F4004E6AC7EE055AE5EE867A78EE277AF4EE2B
:104A0400E67AF1EE10FA00F194859FED487AF4EE1F
:104A1400477AF1EE10FA77FE277A42F210710020FD
:104A240094ED068AC4ED057A04F040FE07EE900A80
:104A34009FED2E5A9FED2E6AB8EEE77ADFED2D7AC0
:104A4400DFED356AC7EE055AE5EE867A78EE277A09
:104A5400F4EEE67AF1EE10FA00F167859FED2F7A15
:104A6400F4EE477AF1EE10FA77FE277A304DDFED57
:104A74001FAA9FED30AA05F10C06DFED2F9ADFED9A
:104A84002F8A9FED2F9AC4ED067A42F2107100200E
:104A9400B5EC018A04F00AFE07EE900AF8EEE77A14
:104AA40087EEAA7AF0EE697AE7EE0A7A78EE277A48
:104AB400F4EEE87AF1EE10FA00F14F83F4EE497A5D
:104AC400F1EE10FA79FE277AB54245ED017ADCD190
:104AD4006421002004F0EAFD232840F3EB84194B01
:104AE40025E300BF441400204C31002000401C4644
:104AF400CDCCCC3DCDCC4CBDAE4761BEAE47613EC6
:104B04000AD7233E0AD7A3BD0AD7A3BE0AD7A33E1A
:104B14008FC2F53D8FC275BDEC5138BEEC51383EA5
:104B2400CDCC4CBECDCC4C3EB81E85BEB81E853E09
:104B3400703100200AD7A33D0AD723BD295C8FBE5C
:104B4400295C8F3E88520020E64CDFEDE78A9FED1A
:104B5400E7BA04F10C05DFEDE6AA9FEDE69ADFED76
:104B6400E69A9FEDE6AA42F210710020B4EC018AA5
:104B740004F09CFD07EE900AF8EEE77A87EEA87A37
:104B8400F0EE6A7AE7EE0B7A78EE277AF4EEC97AD9
:104B9400F1EE10FA00F1D782F4EE697AF1EE10FA30
:104BA40079FEA77A44ED017A42F21071002094ED67
:104BB400028A04F07BFD07EE100ADFEDD17AB8EE2D
:104BC400C77ADFEDD06A9FEDD06AC7EE285AE5EECA
:104BD4008A7A78EE277AF4EEE67AF1EE10FA00F1AA
:104BE400AF82F4EE467AF1EE10FA76FE277AA54209
:104BF400C4ED027AB7D1C54C42F21071002094ED95
:104C0400008A04F053FD07EE100A9FEDB75A9FED9A
:104C1400C06AB8EEC77ADFEDBF7ADFEDBF6AC7EED0
:104C2400055AE5EE867A78EE277AF4EEE67AF1EE26
:104C340010FA00F18F829FEDB97AF4EE477AF1EE23
:104C440010FA77FE277A42F21071002094ED018A5F
:104C5400C4ED007A04F02AFD07EE900A9FEDA25AF3
:104C64009FEDAE6AB8EEE77ADFEDAD7ADFEDAD6ABF
:104C7400C7EE055AE5EE867A78EE277AF4EEE67A00
:104C8400F1EE10FA00F17C849FEDA77AF4EE477AF6
:104C9400F1EE10FA77FE277A42F21071002094EDBB
:104CA400028AC4ED017A04F001FD07EE900A9FED3B
:104CB4008E5A9FED9E6AB8EEE77ADFED9D7ADFEDBE
:104CC4009D6AC7EE055AE5EE867A78EE277AF4EE09
:104CD400E67AF1EE10FA00F14F849FED977AF4EE44
:104CE400477AF1EE10FA77FE277A42F2107100202B
:104CF40094ED038AC4ED027A04F0D8FC07EE900A1E
:104D04009FED795A9FED796AB8EEE77ADFED787A0C
:104D1400DFED8A6AC7EE055AE5EE867A78EE277AE1
:104D2400F4EEE67AF1EE10FA00F122849FED847A33
:104D3400F4EE477AF1EE10FA77FE277A42F2107118
:104D4400002094ED048AC4ED037A04F0AFFC07EE6E
:104D5400900A9FED655A9FED656AB8EEE77ADFED3C
:104D6400647ADFED786AC7EE055AE5EE867A78EE66
:104D7400277AF4EEE67AF1EE10FA00F1F6839FED6D
:104D8400647AF4EE477AF1EE10FA77FE277A42F26B
:104D94001071002094ED058AC4ED047A04F086FCB9
:104DA40007EE900A9FED505A9FED676AB8EEE77AD6
:104DB400DFED667ADFED666AC7EE055AE5EE867AC0
:104DC40078EE277AF4EEE67AF1EE10FA00F1CA836F
:104DD4009FED607AF4EE477AF1EE10FA77FE277AC7
:104DE40042F21071002094ED068AC4ED057A04F0B5
:104DF4005DFC07EE900A9FED3C5A9FED406AFEEE83
:104E0400006AB8EEE77ADFED3E7AC7EE055AE5EEC2
:104E1400867A78EE277AF4EEE67AF1EE10FA00F16B
:104E24009E83B6EE007AF4EE477AF1EE10FA77FE3E
:104E3400277A42F21071002094ED078AC4ED067AB5
:104E440004F034FC07EE900A9FED275A9FED306A78
:104E5400B8EEE77ADFED2F7ADFED3F6AC7EE055A49
:104E6400E5EE867A78EE277AF4EEE67AF1EE10FA39
:104E740000F172839FED397AF4EE477AF1EE10FA7D
:104E840077FE277A42F21071002094ED088AC4ED6F
:104E9400077A04F00BFC07EE900A9FED135A9FED7E
:104EA400236AB8EEE77ADFED227ADFED2D6AC7EEEA
:104EB400055AE5EE867A78EE277AF4EEE67AF1EE94
:104EC40010FA00F146839FED277AF4EE477AF1EE6B
:104ED40010FA77FE277A0120C4ED087AFFF7A0FBC9
:104EE400214B24E17031002000401C467B142E3FEE
:104EF4007B14AEBE333393BF3333933F9A99193F38
:104F04009A9999BE333373BF3333733F4C310020C6
:104F1400295C0F3F295C8FBE3D0A57BF3D0A573FAE
:104F24003D0AD7BEF6285CBFF6285C3FEC51383FFB
:104F3400EC51B8BE52B81EBF52B81E3FE17A14BF3E
:104F4400E17A143F295C0FBFAE47613FAE47E1BE33
:104F5400CDCC4CBFCDCC4C3FCDCC0CBFCDCC0C3F3D
:104F640014AE47BF14AE473F885200207C4C9FEDDF
:104F7400A48A9FED7CAA04F10C05DFED7B9A9FEDDA
:104F84007B9ADFED7B8A42F21071002004F08EFBE5
:104F940007EE900A42F210710020F8EEE77A87EEED
:104FA400887AF0EE697AE7EE0A7AE4EC017A04F0A2
:104FB4007DFB07EE900AA542F8EEE77A87EE887A41
:104FC400F0EE687AE7EE097AC4ED027ADBD142F2B8
:104FD4001071002004F06AFB07EE100ADFED656A29
:104FE40042F21071B8EEC77ADFED637A634C0020A9
:104FF400DFED818A87EE086AE6EE267AC4ED007A50
:1050040004F054FB07EE100ADFED5D6ADFED5D7A14
:1050140042F21071B8EEC77A002087EE086AE6EE15
:10502400267AC4ED017A04F041FB07EE100ADFEDA5
:10503400566ADFED567A42F21071B8EEC77A002054
:1050440087EE086AE6EE267AC4ED027A04F02EFBB7
:1050540007EE900A9FED4E7A42F210710020F8EEAE
:10506400E77AC7EE886AF0EE687AE6EE877AC4EDEE
:10507400037A04F01BFB07EE900A9FED467A42F296
:1050840010710020F8EEE77AC7EE886AF0EE687ACD
:10509400E6EE877AC4ED047A04F008FB07EE100A02
:1050A400DFED3D6ADFED3D7A42F21071B8EEC77A6A
:1050B400002087EE086AE6EE267AC4ED057A04F04D
:1050C400F5FA07EE900A9FED367A42F2107100204D
:1050D400F8EEE77AC7EE886AF0EE687AE6EE877A49
:1050E400C4ED067A04F0E2FA07EE900A9FED2D7AF9
:1050F40042F210710020F8EEE77AC7EE886AE6EE15
:10510400878AC4ED078A04F0D1FA07EE100ADFEDAE
:10511400266ADFED267A0120B8EEC77A87EE086AA0
:10512400E6EE267AC4ED087AFFF77AFA204B1A687D
:1051340001202049204B08701A60BDEC088B70BD1B
:10514400F0EE667A53E5F0EE497A2BE5F0EE667AF6
:10515400FFF7BFBBF0EE667A75E5F0EE687AB3E46C
:1051640070310020CDCC2C40CDCCACBF666606405F
:10517400666686BF8FC2F53F8FC275BF4C31002073
:105184003333F33F333373BF90C2B53F333333BF4D
:105194001F85AB3F6666A63F6666E63F666666BFEA
:1051A40052B89E3F295C8F3F0AD7E33FF6285CBF85
:1051B40088520020AB540020242300200AD7A33EA9
:1051C4000AD723BE3D0AD7BE3D0AD73E9A99193F56
:1051D4009A9999BEAE47E13EAE4761BECDCCCCBEF6
:1051E400CDCCCC3EB81E053FB81E85BEB81E05BF4B
:1051F4000AD7233F0AD7A3BE52B81EBF52B81E3FD8
:1052040000401C468FC2F53E8FC275BE8FC2F5BEEC
:1052140004F04CFA07EE100A1FED075AB8EEC77AED
:105224001FED1A6A5FED1A7A5FED1A6AC7EE055A26
:10523400E5EE867A78EE277AF4EEE67AF1EE10FA65
:1052440000F1A8811FED207AF4EE477AF1EE10FA0E
:1052540077FE277A42F21071002094ED018AC4EDA2
:10526400007A04F023FA07EE900A1FED1B5A1FED93
:10527400296AB8EEE77A5FED2A7A5FED216AC7EE14
:10528400055AE5EE867A78EE277AF4EEE67AF1EEC0
:1052940010FA00F17C811FED277AF4EE477AF1EEE3
:1052A40010FA77FE277A42F21071002094ED028AF8
:1052B400C4ED017A04F0FAF907EE900A1FED305AB2
:1052C4001FED3C6AB8EEE77A5FED3D7A5FED3D6A2B
:1052D400C7EE055AE5EE867A78EE277AF4EEE67A9A
:1052E400F1EE10FA00F162811FED437AF4EE477A91
:1052F400F1EE10FA77FE277A42F21071002094ED55
:10530400038AC4ED027A04F0D1F907EE900A1FED86
:10531400445A5FED4C6AB8EEE77A5FED4D7A1FEDC3
:105324004D6AC7EE055AE5EEA67A78EE277AF4EED2
:10533400C67AF1EE10FA00F13681F4EE667AF1EEF7
:1053440010FA76FEA77A42F21071002094ED048AD6
:10535400C4ED037A04F0AAF907EE900A1FED585A37
:105364005FED586AB8EEE77A5FED597A1FED596A36
:10537400C7EE055AE5EEA67A78EE277AF4EEC67AF9
:10538400F1EE10FA00F10C81F4EE667AF1EE10FA07
:1053940076FEA77A42F21071002094ED058AC4EDDE
:1053A400047A04F083F907EE900A1FED6B5A1FED9F
:1053B400706AB8EEE77A5FED717A5FED716AC7EEF5
:1053C400055AE5EE867A78EE277AF4EEE67AF1EE7F
:1053D40010FA00F1E2801FED777AF4EE477AF1EEED
:1053E40010FA77FE277A42F21071002094ED068AB3
:1053F400C4ED057A04F05AF907EE900A1FED805ABD
:105404005FED806AB8EEE77A5FED817A1FED816A1D
:10541400C7EE055AE5EEA67A78EE277AF4EEC67A58
:10542400F1EE10FA00F1B080F4EE667AF1EE10FAC3
:1054340076FEA77A604D9FED619ADFED61AA05F1D2
:105444000C069FED60AADFED608ADFED609A9FEDA8
:1054540060BAC4ED067A42F210710020B5EC018AFC
:1054640004F024F907EE900AF8EEE77A87EE897AD9
:10547400F0EE4A7AE7EE2A7A78EE277AF4EEE87AC2
:10548400F1EE10FA29D4F4EE697AF1EE10FA79FE0D
:10549400A77A6421002045ED017A04F007F91F285A
:1054A4001EDDB542D7D16421002004F0FFF857284F
:1054B4003FF715AB0621002004F0F8F8454C0346ED
:1054C400FF210120637004F0F1F8434B0121A07027
:1054D4001A6884F84410A26429E6F0EE687AD8E7E2
:1054E40042F21071002095ED028A04F0DFF807EE15
:1054F400100ADFED3A7ADFED3A6AB8EEC77A9FED2B
:10550400396AC7EE095AE5EE8B7A78EE277AF4EE1B
:10551400E67AF1EE10FA4CD4F4EE467AF1EE10FA93
:1055240076FE277AC5ED027ABBE7F0EE667AFFF7DE
:105534009DBAF0EE667AFFF770BAF0EE667AFFF77E
:1055440043BAF0EE667AFFF716BAF0EE667AFFF722
:10555400E9B9F0EE667ABEE4F0EE667A92E4F0EE33
:10556400667A66E4F0EE667A3AE4F0EE667A0EE481
:10557400F0EE667AFFF7E2BBF0EE667AFFF7B5BBB2
:10558400F0EE667AFFF788BBF0EE467A52E7F0EE6B
:10559400667A88E6F0EE667A5CE6F0EE667A22E7F2
:1055A400F0EE467AF6E6F0EE467ACCE6F0EE667A6F
:1055B400A2E6F0EE667AB5E77031002000401C46A2
:1055C4009A99993E9A9919BE333333BF3333333F93
:1055D4008FC2F53E34540020885200208FC275BE1D
:1055E400CDCC4CBFCDCC4C3F2DE9F0410446082036
:1055F40004F07CFB4F4AB0FA80F3014615785B094E
:105604009D4264D04C4D137028684C4A10602A683F
:10561400121A162A04D84A4B1B78F3B9BDE8F08154
:10562400474E32789A42F8D03370002953D12B6810
:10563400444A454E136031708CB92A6840F6B8313B
:10564400D31A8B42EAD9414BDFF818811878404FBE
:1056540080F00100FFF79CF82BE03CB1394A116857
:1056640042F210722B685B1A93425DD8364E33783F
:10567400002BD3D1334A2B6812689B1A40F6B832F8
:105684009342CBD9002CDED001223249324B286818
:105694001A700B78DFF8CC8013442D4F88F8002063
:1056A40003F003030B702D4B18602B683B60FFF76E
:1056B400D9F801222A4B2968327088F800204FF06B
:1056C400FF3239609A60C3E90022BDE8F0811B4AC9
:1056D400194D10689BE71C4B1B78002B9ED11B4B6C
:1056E4001B7863B964B9FFF7BDF81D4A4FF0FF3169
:1056F40033789160C2E90011002B8FD0ADE7ACB1D3
:10570400144ADFF86080137829680133104F03F0DE
:10571400030313700123104A88F8003013700F4AF2
:105724002B6811603B60DEE707F09EFCFEF7EEFF9E
:10573400DBE700BFAE540020885200202023002065
:10574400AD54002028230020AC540020C354002072
:105754002423002044140020B954002000320020E7
:1057640090130020AB540020074B0022002103F1CA
:105774004800D96019611A755A759A75C3E90122EE
:1057840018338342F5D17047E41300202DE9F04F1C
:10579400A94E8046A94D0E20B14634466F1D2DED0D
:1057A400048BB7EE008A83B09FEDA59ADFEDA58A3E
:1057B40011E0F4EE487AF1EE10FA78FE277A94EDCF
:1057C400007AAF4277EEC77AA7EEA87AA4EC017A02
:1057D40013D015F8010F03F09DFF07EE900AB8EE01
:1057E400E77AC7EE097A78EE677AF5EEC07AF1EED9
:1057F40010FADED5DFED947AE1E7944B1A78002AAB
:1058040040F0AD80924A82F8008001221A70914BD8
:10581400914DB8F1000F08BF1D46904B1B78013B1A
:10582400012B40F2E9808E4B1A68002A40F0C880B0
:105834009FED8C8A0124DFED8C8A8C4FDFF864A203
:10584400DFF874B212E088F001031A4202D0012C8E
:1058540000F0D78096ED007A85ED007A062C31D0E1
:10586400013404360AF1040A0435E4B217F8013BA2
:105874007BB1D6ED007A9AED007A77EEC77AF0EE36
:10588400E77AF4EEC87AF1EE10FAE7D4002307F8C9
:10589400013C9BF80030002BD5D096ED007AD5ED75
:1058A400007A77EE677AF0EEE77AF4EEC87AF1EEF2
:1058B40010FAD1DD6E4B012019686E4B18706E4BD7
:1058C4001960C9E7162003F025FF07EE900ADFED03
:1058D4005C6AB8EEE77AC7EE267AF5EEC07AF1EEA6
:1058E40010FA00F18B80B7EE007AF4EE477AF1EE0D
:1058F40010FA77FE277A614BDFED616A93ED007A47
:10590400604A37EEC76A604D1178604CA6EE267A7D
:10591400C5ED007A83ED007A19B90123C4ED007A4C
:1059240013705B4B1B7813B15A4B1B6863BB504A13
:1059340059491368096894ED007A5B1AB3F5617FDD
:1059440048D877EEC77A5549136847F23052096848
:105954005B1A934229D9524B00221A7025E03C4A23
:10596400137843453FF453AF404B334D82F80080E6
:105974004FF001324B4C1A609A800FCD0FC495E85A
:10598400030084E8030042E704F05CF9464A474B0D
:105994001268801A98424BD894ED007A0022D5ED13
:1059A400007A3F4B77EEC77A1A70F5EE006AA7EEDD
:1059B400A67A84ED007A03B0BDEC048BBDE8F08FC9
:1059C4002B4B1B689B1A47F22F5293428CBF002229
:1059D40001222DE777EEC77ADFED356AB0EEE76A8C
:1059E400B4EEE66AF1EE10FAADDD2D49012012683D
:1059F4002A4B08701A60D8E7012219E7DFED127A02
:105A040079E7F6EE007A99ED000A019230EE670A22
:105A140020EE280A06F03AFC18286FF01703019AC2
:105A2400A8BF18209842B8BF1846224B187017E731
:105A3400D5ED007A7BE700BFE8310020AC070020F9
:105A440000F07F459A99993D00000000B854002069
:105A5400AF540020B0130020CC130020A454002025
:105A64001C240020BC74933C00004042C831002038
:105A74008852002045140020A852002078110020EC
:105A84000AD7A33CA9540020F0220020741100205E
:105A9400A6540020E82200207C520020EC220020A2
:105AA400A8540020D0310020E42200207FC3C90183
:105AB4000AD7233CBA540020C354002008B5324B03
:105AC4001B7873B9314B1B7843B1314B47F22F52DA
:105AD40030491B6809685B1A934226D99FED2E0A48
:105AE40008BD2E4B1B7813B12D4B1B68A3BB2D4B4C
:105AF400D3ED007AF5EEC07AF1EE10FA35D4B7EEB4
:105B0400007AF4EEC77AF1EE10FA39DCB3EE087AD3
:105B1400DFED255A9FED256AF2EE086AA7EEA57A15
:105B240077EE467AC7EEA60A21E0214BF2EE080A88
:105B34009FED1E7AB0EE000A1B7807EE903AF8EE5D
:105B4400677A77EEC77AC7EEA00A06F0BDF8DFEDF4
:105B5400197A20EE270A08BD04F074F8164A174B88
:105B64001268801A9842ADD9C1E7F8EE0E0AB0EE79
:105B7400000A06F0A9F8DFED0F7A20EE270A08BD27
:105B8400F7EE040AF3E700BFA8540020B554002040
:105B9400885200202024002000000000A654002089
:105BA400E8220020781100200000704200008A42A0
:105BB400431400200000DC43E42200207FC3C90119
:105BC400134B144A1B6812689B1A134AB3F5617F7E
:105BD400124B0FD3107D92F82C10187209B140F0BB
:105BE400020092F8442019750AB140F0040083F8C9
:105BF4002020704792F814C0002092F82C1092F8DC
:105C0400442083F808C0197583F82020704700BF2A
:105C1400885200207C520020E413002054230020EA
:105C24002DE9F04FB34B4FF00009B34C1B68CA4643
:105C34002568B24FED1AB24EDFF87C83B5F5617F6B
:105C4400DFF878B32DED068B98BF002383B09FED6A
:105C5400AD8A88BF0123DFEDAC8A9FEDACAADFEDEE
:105C6400AC9A9FEDAC9A87ED008A0093002005F072
:105C740021FBD8B1A84B1B78F82B00F0C880FA2B75
:105C840000F0BB80FC2B00F02681B02B00F0EC80F0
:105C9400902B00F09781802BE8D1A04B1878FEF769
:105CA40043FB002005F006FB0028E3D1337843B121
:105CB4009B4B1A6823689B1A47F23052934200F2B6
:105CC4006A82DBF8003033B12268D31A47F22F52CC
:105CD400934200F2508272B6924A00211378D8F8A7
:105CE4000060DBB2117062B6009A002A46D0002B25
:105CF40044D09FED8D6AD7ED007A8C4BF4EEC67AD2
:105D04008B488C490278F1EE10FA42F0070267FEE4
:105D1400867AC7ED007AD3ED007A0270F4EEC67A83
:105D24000A7842F00702F1EE10FA0A70216867FE61
:105D3400867AC3ED007A804B804AD3ED007A1160F5
:105D4400F4EEC67A7E4A2168F1EE10FA11607D4ABB
:105D540067FE867AC3ED007A7B4B3344934240F26C
:105D640040827A4BA3FB063642F20473B609A6F1CD
:105D74000B029A4240F23C824FF0070A744EDFF85D
:105D8400408298F80030002B00F06A81714BDFEDFF
:105D9400727A93ED007AB4EEE77AF1EE10FA40F3FA
:105DA4000C826E49B9F1000F02D1012388F800304A
:105DB40022680A60236847F230519B1A8B4204D947
:105DC40000236749674A0B701360D6ED007ADFED54
:105DD400666A9FED667A67EEA67AF4EEC77AF1EE0C
:105DE40010FA00F1FB81C6ED007AFEF7DBFA5046AB
:105DF40003B0BDEC068BBDE8F08F5D4B00219A78B3
:105E0400D97082F05D029A705A4B19702EE7444B98
:105E14002168534A1960012333701378A3B1514B9D
:105E24001B688BB103F00EFF534B4D4A1B68C01A1D
:105E3400524B984208D84F490B780133DBB2172BE9
:105E440000F2CE800B7011E7D8F8003043B103F0B4
:105E5400F9FE4B4B424A1B68C01A484B9842EAD998
:105E6400484B01211970E6E72C4B1B787B2B32D071
:105E7400A3F114024449D2B209780B2A00F26C81CE
:105E840007EE901A414B052AB8EEE77AA3FB02030A
:105E940098BF3F484FEA930388BF3E48C7EE287A2D
:105EA40003EB4303A2EB4303DBB200EB83004FEAB3
:105EB400830CC0ED007A38486044D0F800E03748DD
:105EC40060444FF0010CC0F800E0354800F803C00E
:105ED400344B9954CAE680220021334806F08AFEE6
:105EE4000023324A1370324A82ED008A314A137019
:105EF400BCE600BF7C5200208852002044230020CE
:105F0400B6540020000000000000FE426666263FF2
:105F14003333B33EEC51383FD1540020CF540020EA
:105F240014240020A5540020AE47613FA052002055
:105F3400C5540020AA540020F8220020A4520020B6
:105F4400FC2200207EB92A00BFF2FCFFD34D621070
:105F5400E0220020F0220020BC74933CF4220020B4
:105F6400A6540020E8220020643B7F3FA69BC43B4C
:105F740034540020B0540020E42200207FC3C9011F
:105F8400D8220020A4540020D0540020ABAAAAAAEE
:105F9400B0130020CC130020E8310020D0310020C1
:105FA400C83100209013002094230020B454002012
:105FB40090230020B5540020DC2200201C24002063
:105FC400A7540020A14BA24A1B781078002B3FF461
:105FD40066AE009A002A57D1002B7FF447AE5EE6E6
:105FE4000023B5F5617F0B707FF640AE13785BB18B
:105FF400984B1B6843B103F025FE974B1B68C01AEE
:10600400964B98427FF632AED8F8003043B103F095
:1060140019FE934B1B68C01A904B98427FF626AE2C
:10602400D7ED007A4FF0070A8E4BF4EEC97A8E4A08
:106034002168F1EE10FA67FE897AC7ED007AD3ED94
:10604400007AF4EEC97AF1EE10FA67FE897AC3EDAC
:10605400007A864B1960137843F00703137005E642
:10606400834BDFED847A93ED007AB4EEE77AF1EEB8
:1060740010FA40F39480B9F1000F00F01B81012362
:106084007D4988F8003093E67C4A00F07F0CDFF805
:1060940004E211782268CBF8002001220EF80C20CB
:1060A400DFF80CC28CF80000754802702068754A4D
:1060B400106021B1674A1268002A40F0BB80D8F80A
:1060C4000020002A40F0AA8007EE903A6E4B97ED2C
:1060D400007A0721F8EEE77A634AC7EEA86AF0EE81
:1060E400697AE6EE8A7AD3ED006AF4EEE67AF1EEA6
:1060F40010FAF4EEC77A88BFF0EE676AF1EE10FA90
:10610400F5EEC07AC3ED006A604B88BFB0EE677AE3
:10611400F1EE10FA1970137887ED007A43EA01035F
:10612400137000F12581B7EE007AF4EE477AF1EEB0
:1061340010FA77FE277A4B4B4FF0070A226893ED4B
:10614400007AB4EEE77AF1EE10FA27FE277A83EDAF
:10615400007A464B1A6089E54A2B7FF487AD07EE37
:10616400901A4B4B4FF00109F8EEE77A87EEA87AC4
:1061740083ED007A7AE50026802246483146CBF842
:10618400006006F037FD414B00221E703E4B1A6042
:106194003B4B1E709FE5404B3070187091E53C4BB3
:1061A400DFED3E7A93ED007AB4EEE77AF1EE10FA81
:1061B4003FF761AF304B1A68FCE5354BDFED387AB9
:1061C40093ED007AB4EEE77AF1EE10FA3FF7E9AD19
:1061D400002388F80030284B1A68EBE5002333606D
:1061E40003E63046FEF734F92E4BA3FB06639E0903
:1061F40007EE906A9FED2C6AF7EE006A2B4EF8EEDC
:10620400E77A4FF0070A86EE277AB4EE667AF1EE63
:1062140010FA36FE877A86ED007AB0E5019303F032
:1062240011FD0F4A0D4B1268801A98427FF61EAD7D
:10623400019B49E7019303F005FD074A074B1268E8
:10624400801A9842019B7FF611AD38E7D0540020A4
:10625400CF540020E8220020E42200207FC3C9019B
:10626400D8220020A0520020C5540020A4520020AF
:10627400F02200208FC2F53CF4220020A654002016
:10628400B55400202024002090230020B454002082
:106294007811002094230020B0540020CDCC4C3D34
:1062A400295C0F3DD34D621000004843E0220020DA
:1062B40043140020DFF834B103F0C4FC23688146A2
:1062C400DBF80010384A401A384902440B60384B56
:1062D4009A424AD8B5F5617F33D99FED366A4FF0BB
:1062E400070AD7ED007A344BF4EEC67A334D344ABC
:1062F400F1EE10FA67FE867AC7ED007AD3ED007AE4
:106304002768F4EEC67AF1EE10FA67FE867AC3EDDA
:10631400007A2C4BD3ED007AF4EEC67AF1EE10FA43
:1063240067FE867AC3ED007A274B1F602B7843F013
:1063340007032B70137843F0070313702268234B71
:106344001A60234B0125A3FB0023224A9B091060FA
:10635400214A1570A3F1330540F6843295420AD9D7
:106364001E4B1F4A0344934218D9CBF800901CE5F6
:10637400DFED1C7ADFE607EE903A9FED1B6AF7EE3D
:10638400006AF8EEE77A86EE277AB4EE667AF1EEE2
:1063940010FA36FE877A86ED007AE1E70091FEF77F
:1063A40057F80099E1E700BFAF3CFFFFF42200205B
:1063B4006E032D005C8F423FA0520020C554002084
:1063C400AA540020F8220020A4520020FC2200201D
:1063D400D34D6210E8220020A6540020BFF2FCFF37
:1063E4007EB92A000000000000004843E422002097
:1063F4002DE9F84F7F4C8A468146DFF858827E4E5D
:1064040000257E4F2DED088B03F01CFC23689FEDC7
:106414007C7AC01ADFED7BAA9FED7BAA07EE900A77
:10642400DFED7A9A9FED7ABAF8EE677ADFED79BA02
:106434009FED799AC7EE878A03F004FCDFED777A43
:10644400774B206093F800B0764CF4EEE78AF1EED7
:1064540010FAD4BFF1EE688ADFED738ABBF1000F46
:1064640000F0BD80D6ED007A67EEA77AB1EE0A7A25
:10647400B0EE6A0AA7EE870A88EE800A05F04AFBA6
:10648400D4ED007AB0EE408A88EE8A0A28EE278A94
:1064940084ED008A05F03EFBD4ED017A18F8013B47
:1064A40020EE270AF0EE407A84ED010A002B79D021
:1064B40049FA05F313F001021BD0F0EE697A97ED67
:1064C400037AE7EE0B7AF4EEE97AF1EE10FA00F1D2
:1064D4008A80B7EE007AF4EEC77AF1EE10FA00F390
:1064E4008580F4EE6B7AF1EE10FA98BFF0EE6B7AD9
:1064F40001E0DFED487A4D4B1B782B41D80710D5CE
:106504004B4B93ED007AB4EE697AF1EE10FA98BF32
:10651400B0EE697AB4EEE77AF1EE10FA88BFF0EEE5
:10652400477A444B1B782B41D9070FD5424B93ED47
:10653400007AB4EE697AF1EE10FA98BFB0EE697A97
:10654400F4EEC77AF1EE10FA67FE877A4AFA05F399
:10655400DB070FD5394B93ED007AB4EE697AF1EE8F
:1065640010FA98BFB0EE697AF4EEC77AF1EE10FA39
:1065740067FE877AB4EEE78AF1EE10FAB4EE670AA2
:1065840028FE278A84ED008AF1EE10FA60FE277A4D
:10659400C4ED017A32B12A4B00211A68294B1970D3
:1065A400294B1A6094ED007AB4EEC97AF1EE10FA30
:1065B40001D500232360F4EEC97A013504360C3486
:1065C4001837F1EE10FA48BFDFED207A032D44EDC1
:1065D400027A7FF443AFBDEC088BBDE8F88F1C4B07
:1065E400D3ED057A40E7DFED097A84E7F0EE477AE8
:1065F40081E700BF50230020BC130020E4130020D7
:1066040000247449CDCCCC3CCDCC0C3FCDCC4C3EFD
:10661400CDCC4C3FEC51383E6F12033ACDCC4C3DBF
:10662400C354002054230020CDCC4CBDC5540020BD
:10663400A0520020B45400209023002044230020C2
:106644008852002045140020A852002000000000B9
:10665400B013002048230020424B1B787BB978B943
:10666400414B1B78013B012B09D9404B1B6843B1BB
:106674003F4A47F22F511268D31A8B4201D80020A7
:1066840070473C4BD3ED000AF5EEC00A70B5F1EE4D
:1066940010FA3FD4F7EE007AF4EE670AF1EE10FA3E
:1066A40077FEA00A9FED340A05F00EFBDFED337A86
:1066B4009FED337AF6EE006A20EE270A3149324A1A
:1066C400324DC7EE007A324E95ED007A77EEA67A17
:1066D400FCEEE77A17EE903A8B4228BF0B469342C2
:1066E40038BF134607EE903AF8EEE77A67EE877AFA
:1066F400FCEEE77A17EE904A8C4228BF0C4694428F
:1067040038BF144603F09EFA3368C01A844204D991
:10671400002070BDDFED1F0AC4E703F093FA306078
:10672400FDF722FD1C4A9FED1D7A2046D2ED007A2A
:106734001B491C4BF4EEC77A0D4C83ED007A0B78A1
:10674400F1EE10FA246843F0070385ED000A67FEB2
:10675400877AC2ED007A0B70134B1C60FDF778FE4C
:10676400072070BDC3540020A45400201C24002022
:1067740088520020B013002056555542CDCCCC3D54
:1067840000247449809698006CDC0200C813002031
:106794000C32002000000000A0520020EC51383FD1
:1067A400C554002044230020A452002030B4124CCD
:1067B40023785BB1114A124D12682D68521B962A38
:1067C40004D900230F4A2370002414600E4A0F4D8D
:1067D40012780F4C11432A6808432280120C184384
:1067E400A270C0F3400300F00102C0F380002A70DD
:1067F4006B70A87030BC7047C554002088520020CC
:10680400A4520020A0520020B454002048230020A9
:106814004C2300202DE9F04F6022ED4904462DED74
:106824000C8B83B003F038FBEA4B1B7823B1EA4BA3
:106834001B68002B40F06683E84BF6EE007A93ED7C
:1068440000BA3BEE67BA3BEE0BBAE54E3378002B49
:1068540040F0CF82DFF80494E24DD9ED019AD5EDF2
:10686400007A79EEA79AF5EEC09AF1EE10FA00F1EB
:106874009285F7EE007AF4EE679AF1EE10FA77FE5D
:10688400A99AFFF71BF93778002F40F0BD82DFF893
:10689400D0839FEDD57A9FEDD5AA98ED02CADFED9E
:1068A400D47AACEE07AAD8ED05AAD9ED02DAD9ED6F
:1068B400038A99ED048A98ED03DAAAEEA7AAB5EE45
:1068C400C0AAF1EE10FA00F16985F7EE007AD8ED6E
:1068D40004CAF0EE6ABAB0EE6D9AB4EEE7AAF1EE2D
:1068E40010FAC8BFB0EE67AAB5EEC00AF1EE10FA0E
:1068F40040F3CE82F3EE067AB4EEE70AF1EE10FA34
:1069040000F14585DFEDBB7AB4EE670AF1EE10FACB
:1069140037FE800AB84EF7EE009ADFEDB87A337886
:1069240084ED000A002B47FEA99AD5ED017A96ED75
:10693400057A7DEEA77AE7EE297AF5EEC07AF1EED4
:1069440010FA00F1F384B7EE007AF4EE477AF1EE30
:1069540010FA77FE277AB0EE490ADFEDA90AC4EDF2
:10696400017A05F0B1F99FEDA17ADFEDA67A9FEDEA
:10697400A65AE0EE077ADFEDBE5A95ED026AD6ED2F
:10698400066A9FEDA27AECEE057AEDEE257A77EEB3
:10699400867AE6EEA97AF4EEC77AF1EE10FA00F1FF
:1069A400C1849FED917AF4EE477AF1EE10FA77FE06
:1069B400277AB0EE680ADFED920AC4ED027A05F098
:1069C40083F9DFED93DADFEDA87AD5ED036AE0EE23
:1069D40027DA96ED077ADFED8F7A7DEEA6DAE7EE19
:1069E40029DAF4EEE7DAF1EE10FA00F19784DFED3C
:1069F4008A7AF4EE67DAF1EE10FA77FEADDAB0EEE9
:106A0400680ADFED860AC4ED03DA05F05DF99FED4F
:106A1400847ADFED7C7ADFED975AE0EE077A9FED1A
:106A2400816AD5ED046A96ED087AECEE257AEDEEEE
:106A3400067A77EEA67AE7EE297AF5EEC07AF1EED9
:106A440010FA00F167849FED787AF4EE477AF1EE5C
:106A540010FA77FE277AC4ED047AF0EE487A9FEDB7
:106A6400846AB5EEC0BAD5ED056AEAEE867A96ED8B
:106A7400097AF1EE10FA77EEA67AE7EE297A40F277
:106A840001849FED6A7A2BEE077A77EE877AF5EE2A
:106A9400C07AF1EE10FA00F1FF83B7EE007AF4EE5B
:106AA400477AF1EE10FA77FE277ADFED5D6A9FED03
:106AB400607AD5ED065AAAEE267A9FED5E6ADFED7E
:106AC4005E6AC4ED057AA5EE867AB4EEE67AF1EE56
:106AD40010FA00F11B84DFED597AB4EE677AF1EE17
:106AE40010FA37FE877ADFED566ADFED3F7ADFED85
:106AF4004D5AEAEE267A9FED536ADFED3C6A84ED47
:106B0400067AECEE257AEDEE867AF4EEE67AF1EE8C
:106B140010FA00F1F8839FED4C7AF4EE477AF1EE27
:106B240010FA77FE277AC4ED077A002F40F09F838E
:106B3400D9ED056AF5EEC06AF1EE10FA00F144846D
:106B4400F7EE007AF4EE676AF1EE10FA77FEA66AC1
:106B5400F7EE045A9FED3D7A9FED3D6ADFED357AFD
:106B6400A8EE257AEAEE867AF5EEC07AC4ED086AD4
:106B740084ED0A7AF1EE10FA00F1C283B7EE007ADE
:106B8400F4EE477AF1EE10FA77FE277AB7EE007A40
:106B94009FED376A9FED2F4AD5ED074A37EE4AAA93
:106BA40096ED0A5A77EE6C6ADFED2B5AB0EE467A10
:106BB400C4ED0B7AAAEE047AA6EE867A37EE247A2E
:106BC400A5EE297AB4EEE57AF1EE10FA54E000BFAE
:106BD400F0060020A6540020E822002078110020AE
:106BE400C35400204C3100203D0AD73E7B14AE3EF6
:106BF4008FC2753E00002F44345400200000000072
:106C0400CDCCAC3FCDCCCC3CB81E053E0AD7233C02
:106C14000AD7233D8FC2753C14AE473F3D0A973FC8
:106C2400F628DC3EAE47613E713D0A3F0AD7233E5B
:106C3400D7A3F03E9A99993ECDCCCC3ED7A3703FD2
:106C44005C8FC23E0AD7A33DAE47613FCDCC0C3F1B
:106C54003333333FCDCC4C3E8FC2753DB01300204F
:106C6400CC1300208FC2753F52B81E3FEC51B83D83
:106C7400EC51383E9A99193E00F13F835FED077A53
:106C8400B4EE677AF1EE10FA37FE877AF6EE006A10
:106C94005FED0B4A5FED0B7A84ED097AE8EE247A16
:106CA4001FED0D5A7BEEE66A5FED0E5A95ED086A0C
:106CB400B0EEE67AE7EE057AEAEEA57A77EE867A22
:106CC400F5EEC07AF1EE10FA00F11483B7EE007A13
:106CD400F4EE477AF1EE10FA77FE277AC4ED0C7AD7
:106CE400002F40F07082DFF8DCB3D54A0023D54989
:106CF400C2469FEDD53ADFEDD53ADFEDD54A9FED9B
:106D0400D51ADFEDD51A9FEDD52ADFEDD52A9FEDF3
:106D1400D54ADFF8B4C310780191002F40F0DA812E
:106D24000128F0EE646A00F0EA81022800F0118282
:106D3400032800F0B4829FEDC66AF0EE460A002FE5
:106D440000F0EC8003EB430E5A000BEBCE0898F8EE
:106D54001490B9F1000F00F0EB81DFF870E340F616
:106D6400B839C1495EF82380D1F800E0AEEB080ED3
:106D7400CE4540F2AC82D1F800E09FEDBC7AAEEB98
:106D8400080EDFEDBB5A07EE90EAF8EE677A77EE6D
:106D9400C77A87EEA57AB5EEC07AF1EE10FA00F163
:106DA4002383F7EE007AB5EE005AB4EEE77AF1EEFB
:106DB40010FA00F3008327EE055A5FFA83FE002BD6
:106DC40000F00C83FEEE087ABEF1010F44FE277A30
:106DD400E7EE870A07EE903AF7EE005AF8EEE77A04
:106DE40077EEE57A67EE877A9FEDA27AA7EE876A57
:106DF4006FE2DFEDA19ADFF84C92A04DFEF75EFE44
:106E04003778002F3FF443ADDFF8C482DFED9C7A7E
:106E1400DFED9CDA98ED007AE7EE27DAF5EEC0DADA
:106E2400F1EE10FA00F1C482F7EE007AF4EE67DABC
:106E3400F1EE10FA77FEADDA98ED027ADFED927A90
:106E44009FED92AA98ED039AA7EE27AA98ED058ADA
:106E5400D8ED048AB5EEC0AAF1EE10FA00F1B882BA
:106E6400F7EE007AB4EE67AAF1EE10FA37FE8AAABA
:106E7400B5EEC00ADFED76AAF0EE48BA98ED01CA85
:106E8400F0EE68CAF1EE10FAB0EE6ADA3FF732AD0E
:106E94007F4E3378002B00F053829FED7E7AB0EE64
:106EA400000ADFED7D0ADFED7D7AE9EE870AEBEE7D
:106EB400270A04F009FFF2EE087AD6ED040AF0EE90
:106EC400409AB0EE000AC0EEA70A04F0FDFE9FED62
:106ED400747A69EE879AF3EE067A29EE800AB4EEA4
:106EE400E70AF1EE10FA00F16982DFED6E7AB4EE92
:106EF400670AF1EE10FA37FE800AF7EE009A84ED85
:106F0400000A12E502F09EFE674A684B1268801A76
:106F140098423FF691AC9FED4EBA96E40AEB830E8D
:106F2400B6EE007A03EB4302DFED617ADEED006A30
:106F3400B0EE645A0CEB820E76EEC76A0BEBC2021B
:106F44009EED017A66EEA76AD2ED037A5A00B4EE9A
:106F5400E77AF1EE10FA27FE277A1A44DFED557A24
:106F640006EB830E0CEB8202E7EE047AD2ED005AB4
:106F740005EB830292ED097A03F10C0236EE877A6F
:106F8400DEED0B6A75EE277A9EED0E5A05EB820E46
:106F9400A6EEA97A04EB8202DEED006A67EEA57A1A
:106FA400F5EEC07A37EE207AF1EE10FA82ED017A2E
:106FB400B0EE667A04EB8302A5EE297A37EE067A00
:106FC40082ED107A00F1B180B7EE007AF4EE477AE0
:106FD400F1EE10FA77FE277A04EB8302C2ED147AFD
:106FE400354AD25C42B9DFED357AF4EEE75AF1EE78
:106FF40010FACCBF01220022019904EB030E0133E5
:1070040004318EF84C20032B01917FF486AE0A20C4
:1070140002F06CFEA0F10100294BB0FA80F0084A9E
:107024001B784009127884F85D3084F85C002046AF
:1070340084F85E2003B0BDEC0C8BBDE8F08F00BF7C
:10704400C2540020B0130020000010427B14DE4024
:1070540000000000EC51B83E8FC2753E8FC275BE71
:10706400EC51383ECDCC0C3F8852002000803B458B
:1070740000007A45295C8F3E3D0AD73E4C31002002
:107084005C8F423FAE47613E713D0A3F1F85EB3E38
:107094003454002066665640CDCC8C3F0AD7233E3C
:1070A4000000DC4100002F44E42200207FC3C9011A
:1070B4003333333F6666263F482300206F12033B79
:1070C400BC540020E41300205423002090520020DC
:1070D400CC130020019AB6EE007AF0EE636A012820
:1070E400D2ED007AC34A77EEC77A02EB8302E7EE69
:1070F400836AD2ED007A76EEE76A7FF416AE012B4E
:10710400DAB200F01A81022ADFEDBB0A40FEA40ABB
:1071140007EE903AB7EE007AB8EEE76ADFEDB77A99
:1071240036EE476A26EE276A09E6DFEDB57A53E7BD
:107134000CEB8E0E98ED037AB0EE645ADEED017A14
:10714400F4EEC77AF1EE10FAFFF607AFB0EE677A05
:1071540003E7DAB2002B00F0ED80012ADFEDA90A83
:10716400DFEDA97A40FEA70A07EE903A9FEDA76AE1
:107174009FEDA77AF8EEE75ADFF8CCE2F0EE487A12
:10718400E5EE867ADFEDA35ABBFE676A77EEC67A30
:1071940067EE877ABCEEE77A17EE102AC2F30A028A
:1071A40007EE102A0EEB8208B8EE477A98ED006AD3
:1071B40077EEC77A98ED017A37EE467AA7EE876ABA
:1071C40026EE256ABBE5DFF884B2F7EE005A9FEDA0
:1071D4008C6A40F6B83EDFED904A5B469FED8F5ACD
:1071E4000BF148008E4ADFF868C2197D31B3DCF830
:1071F4000010D2F80090A1EB090171451ED9DCF80A
:107204000010A1EB090107EE101AB8EE477A37EE29
:10721400647AC7EE056AF5EEC06AF1EE10FA00F181
:10722400E080F4EE656AF1EE10FA75FEA66AF4EEFB
:10723400C66AF1EE10FA88BFB0EE666A18330432FB
:107244009842D2D1B5EE007AE6EE077AF5EEC07A2E
:10725400F1EE10FA00F1BF80B7EE007AF4EE477A4F
:10726400F1EE10FA77FE277AC4ED0C7A3DE5B7EE1D
:10727400046A9FED6C7AF0EE6B7ADFED6B6AA8EE30
:10728400067A71E49FED5E7A77EE877AF5EEC07A3E
:10729400F1EE10FA7FF501ACDFED597A05E4B6EEB4
:1072A400006A07EE903A012BF8EEE70A38EE866A98
:1072B400F7EE007A70EEE70A42FE227A26EE276A9B
:1072C400F0EE617AE9EE017A60EEA70A37E5B0EEF6
:1072D400645A02EB030E0CEB8E080BEBCE0E98ED0A
:1072E400017ADEED037AB4EEE77AF1EE10FABFF636
:1072F40034AE2BE7DFED427AF0E4B0EE657AC5E414
:10730400DFED3F7A42E4F0EE667A0CE4B0EE667AA2
:10731400FFF7E9BBDFED3A7AFFF79DBBF0EE67DAE2
:10732400FFF76DBBF0EE477AFFF743BBDFED347A2E
:10733400FFF711BBDFED3D0A16E7DFED3D0AE7E697
:107344009FED3C7AB0EE000ADFED3B0ADFED317AC7
:10735400E9EE870AEBEE270A04F0B6FCDFED377A94
:1073640020EE270AF3EE087AB4EEE70AF1EE10FAFB
:1073740027D4DFED337AB4EE670AF1EE10FA37FE64
:10738400800ADFED1F9A84ED000AFFF7CEBAB0EE53
:10739400670AFFF7BFBADFED1A9A2FE5F0EE6ABA73
:1073A400D8ED04CAB0EE6D9A9FED15AAFFF79CBA0A
:1073B400DFED13DA40E5B0EE677AFEE4B0EE670A7B
:1073C4009BE5B0EE670ADCE7DFED0D6AFFF7C0BBB3
:1073D4009FED0BAA4CE5DFED0A7A45E7DFED197A5C
:1073E400F6E4DFED076A22E7B0EE645AB0EE647AA1
:1073F400E3E400BF940700201F856BBE295C0F3EA9
:107404000000000052B89E3EA470BDBEA470BD3EF4
:1074140000000045AE47613E00803B4500007A45D0
:1074240090520020CDCC0C3FEC51383E8FC2F5BDBC
:107434007B142E3E66668E403333B33E0000DC413F
:1074440000002A443333B3BE78320020E413002012
:1074540088520020B5EEC00A00B5F1EE10FA2DED09
:10746400048BB0EE609A83B0F0EE418AB0EE618A8C
:1074740065D4F7EE007AB4EEE70AF1EE10FA5CDCBC
:10748400DFED367A20EE270AFCEEC07ACDED017AE4
:107494009DF80410042002F0F5FDB5EEC09AF1EE5B
:1074A40010FA52D4F7EE007AB4EEE79AF1EE10FA3D
:1074B4004DDCDFED2A7A29EE279AFCEEC97ACDED70
:1074C400017A9DF80410052002F0DCFDF5EEC08A77
:1074D400F1EE10FA37D4F7EE007AF4EEE78AF1EE23
:1074E40010FA38DCDFED1D7A68EEA78AFCEEE87A44
:1074F400CDED017A9DF80410062002F0C3FDB5EE2F
:10750400C08AF1EE10FA1CD4F7EE007AB4EEE78AE2
:10751400F1EE10FA1DDCDFED117A28EE278AFCEE7D
:10752400C87ACDED017A9DF80410092003B0BDECB2
:10753400048B5DF804EB02F0A5BDFF21AAE700214E
:10754400A8E70021F1E70021D6E70021BBE7FF21EE
:10755400B9E7FF21E9E7FF21CEE700BF00007F4341
:1075640038B57C4C01207C4B22682DED028B1A60CF
:1075740002F0BCFB012800F0B981FF21022002F0D7
:1075840081FD0021032002F07DFD744B187820B1A9
:10759400734B1B78002B40F0AF80724B1A68236842
:1075A40040F6AB519B1A8B4202D96D4B00221A70E4
:1075B4006D4A1378002B77D16C4B196823685B1ADA
:1075C400B3F5AF6F01D300231370694B93F84420D4
:1075D40032B12268996C521AB2F5027FC0F09581DB
:1075E400644A0020117883F8440031B1624821686C
:1075F4000068091A812940F2A4819B785F4903F04D
:1076040001035F4D91ED005A07EE103ADFED5D4A3C
:107614009FED5D6A0023F8EE476A95ED007A5B4CB6
:10762400DFED5B5AA6EEA46AD4ED007A75EE476AE4
:107634005849137091ED008AA6EEA57AF0EE676AB8
:10764400B5EEC08AD5EE066AF1EE10FA85ED007A41
:10765400E6EEA57AC4ED007A00F14E81F7EE006AF9
:10766400B4EE668AF1EE10FA36FE888A4A4B1B782D
:1076740023B14A4B1B68002B40F09A80484BD3ED52
:10768400006AF5EEC06AF1EE10FA00F15781B7EE28
:10769400006AF4EEC66AF1EE10FA00F396809FEDEC
:1076A400416A66EE866A92E03049236809685B1A8B
:1076B400B3F5AF6F82D23C4CFF21042002F0E2FC10
:1076C40023780520002B14BFFF21002102F0DAFCEF
:1076D40023780620012B8CBFFF21002102F0D2FC6D
:1076E40023780920022BBDEC028B8CBFFF210021E3
:1076F400BDE8384002F0C6BC1A4A40F6AB512368D4
:1077040012689B1A8B423FF64AAF284C0420237818
:10771400002B0CBFFF21002102F0B4FC23780520CC
:10772400012B0CBFFF21002102F0ACFC23780620C2
:10773400022B0CBFFF21002102F0A4FC23780920B6
:10774400032BBDEC028B0CBFFF210021BDE83840A8
:1077540002F098BC8852002088230020C3540020E3
:1077640045140020A8520020B95400200032002003
:1077740034540020AB54002024230020483100203E
:107784004C2200203333B33E6666263F502200204D
:10779400CDCCCC3EE0220020A6540020E8220020DC
:1077A4007811002000007F4344140020C2540020BC
:1077B40002F048FA6A4A6B4B126895ED007A801A17
:1077C400D4ED007A98423FF659AFDFED676AB1EE27
:1077D400006A27EE067AB5EEC07AF1EE10FA00F1EF
:1077E4009180B7EE006AB4EEC67AF1EE10FA00F3B7
:1077F400A2809FED5D6A27EE067AB1EE006A67EE1D
:10780400867AF5EEC07AF1EE10FA78D4B7EE006A13
:10781400F4EEC67AF1EE10FA00F38A809FED526A14
:1078240067EE867A9FED506A504A28EE068A504BDE
:1078340092ED000AD3ED000AB4EEC08A38EE408A15
:10784400F1EE10FAF4EEE60A76EEE06ACCBFB6EE9C
:10785400006A9FED486AF1EE10FA28EE068A4CBFE2
:10786400B6EE006A9FED436A30EE080A66EE866A59
:1078740082ED000A404A70EEA60A92ED001AC3EDAA
:10788400000AB4EEC71A3D4B37EE417AF1EE10FA16
:10789400BDEC028B4CBFF6EE006ADFED366A27EED4
:1078A400267A31EE071A93ED007AB4EEE77A77EE92
:1078B400C77A82ED001AF1EE10FA4CBFF6EE006AB8
:1078C400DFED2C6A67EEA67A37EE277ADFED267AAB
:1078D40081EE271A83ED007AC0EEA70AC7EE271AB5
:1078E40080EE270ABDE83840FFF7B4BD002102202E
:1078F40002F0C8FBFF2145E69FED218AB6E6DFEDE5
:10790400207A8FE79FED1E7A77E7F7EE001A9FED56
:107914001C1A00281B7801FE810A41FE210ABDECD5
:10792400028B002BBDE8384041FE211AFFF792BDBF
:10793400DFED0D7A76E79FED0C7A5EE7DFED106AF6
:1079440045E79FED0F1AF7EE001ABDEC028BF0EE3F
:10795400410AB0EE410ABDE83840FFF77BBD00BFE5
:10796400E42200207FC3C90100007F437823002064
:107974007C230020CDCC4C3D802300208423002098
:1079840000000000D24B2DE9F04F2DED0A8B87B09B
:107994001D78834602913DB1CE4BCF491B680968DF
:1079A4005B1A962B00F2D981CC4BD3ED008A049359
:1079B4000BF1340ACA4BDFEDCB7A00240193534612
:1079C400F0EE670A2746A24603949FEDC79A1C4629
:1079D400DFEDC69ADFEDC6BA9FEDC6BADFEDC6AAE3
:1079E4009FEDC6AAC64EDFF85083DFF85093DBED57
:1079F400016AB2EE08CAB4EC017AB0EE000AE6EE0F
:107A0400A70A9BED008AD4ED027A70EE870A70EE25
:107A1400A70AC0EE8C0A04F057F9F3EE027A28EEB6
:107A2400000AB4EEE70AF1EE10FA00F1C880B4EEF1
:107A3400C90AF1EE10FA00F3BF80B4EECC0AF1EEFD
:107A440010FA40F1B3800C218E46AE4B0120D4EDE8
:107A5400066A93ED007A00FA0AF0AB4BF4EE476A3B
:107A6400D3ED007A029BF1EE10FA45EA0305A74B29
:107A740026FE877AB4EE677A93F900C0F1EE10FA25
:107A840067FE277AF4EE687AF1EE10FA67FEA88AA8
:107A9400054074D03778002F54D1F5EEC08A89F8A8
:107AA40000E0F1EE10FA00F15581F7EE007AF4EE01
:107AB400E78AF1EE10FA00F39981F0EE4A7AE8EEE3
:107AC400AA7AFCEEE77A17EE900A000600F0FE4070
:107AD4000F040CEB0105039107F4FE0785F307057A
:107AE400074349F209003843012703F035FB0399A2
:107AF40037708D4200F06981F5EEC08A019B1D70DC
:107B0400F1EE10FA00F16F81F7EE007AF4EEE78AF5
:107B1400F1EE10FA00F36D81F0EE4A7AE8EEAA7AFB
:107B2400FCEEE77A17EE901A090601F0FE4141EAED
:107B3400054149F209000127084303F00DFB88F8C9
:107B440000700397019B0AF1010A013608F101084C
:107B54000133BAF1030F09F10109019332D06C49E1
:107B6400049B01EB8A01D3ED008AD1ED000A694937
:107B7400574B01EB8A011D78D1ED007A37E7317854
:107B8400002940F0F78098F800100029DAD0019B12
:107B940048F2080003911978090401F4FE0108432E
:107BA40003F0DAFA002188F80010CBE7B4EEE90A12
:107BB400F1EE10FA40F3EB8077218E4645E70D2174
:107BC4008E4642E7002F00F0BD80424852490368C8
:107BD4000C681B1B122B40F2B5809BED157A9BEDB4
:107BE400168ADBED147AB4EE487A4C4B02681B78A3
:107BF400F1EE10FA0A6027FE088AF4EE487AF1EEF4
:107C040010FA27FE888A002B00F0E180444B1B68A1
:107C1400002B00F0DC8002F015F8424A424B126857
:107C2400801A984200F2D380404CDFED417A28EE6E
:107C3400278AB5EEC08AF1EE10FA00F1DF80B4EEC7
:107C4400E78AF1EE10FA00F3DC80FCEEC87A4DF21C
:107C54000D0017EE903A1B0403F4FE03184303F0DF
:107C64007BFAF6EE006AD4ED007ABFEE007A77EE86
:107C7400E67A77EEA77AF4EEC77AF1EE10FA00F11D
:107C8400BB80B7EE007AF4EEC77AF1EE10FA00F397
:107C9400BA809FED287A4EF20E0067EE877AFDEEE9
:107CA400E77A17EE903A1BB203F30D0303F5005382
:107CB4001A04DB1102F4FE0242EA0363184303F0E0
:107CC4004BFA07B0BDEC0A8BBDE8F04F03F04CBA99
:107CD400AA54002088520020FC220020F822002010
:107CE400A81300200000000000A00C4600803B46C2
:107CF4000000DC4300008A4200005C420000904225
:107D040018240020A052002090230020BA54002000
:107D140094070020A00700208C230020A6540020F4
:107D2400E8220020E42200207FC3C901781100204A
:107D34000000FE4200F8FF4524240020AC1300207C
:107D440000000000039B002BBBD107B0BDEC0A8BE5
:107D5400BDE8F08F4FF09040BAE600205FED087A5E
:107D64002A4B2B4AF0EE678A054604931070C3ED44
:107D7400007A1DE6039148F2080099F800100904FE
:107D840001F4FE01084303F0E7F93570FBE680EEE9
:107D94002B0A03F031FFF0EE4B7AE0EE0C7AF4EEAE
:107DA400CC7AF1EE10FA3FF54EAE9FED1A7AF4EE6E
:107DB400C77AF1EE10FA3FF7FFAEFCEEE77ACDEDAD
:107DC400057A9DF814E071463FE60397BAE6124C33
:107DD4009FED127AD4ED007AF4EE477AF1EE10FAC0
:107DE40037FE888A21E74FF09041A0E64FF0FE402D
:107DF4006EE64FF0FE419AE6094860E74DF20D0049
:107E04002DE708482BE7084859E700BFF82200206F
:107E1400AA5400200000EE4278110020CDCC4C3D45
:107E24000EE001000DD07F000EE07F7FF0B59FEDE6
:107E34009B0A01249A4D9B4E2DED028BDFED9A8A0D
:107E440099B09FED9A8A07E0B8EE400A20EE280A1E
:107E540020EE080A04F0C8F8A3B2A5EC010AB54262
:107E640004F1010400EE103AEED10221012001F0E8
:107E74004FFF022108208E4C01F04AFF03210A2003
:107E8400B7EE008A01F044FFDFED8A8A01F0DAFEE2
:107E9400894B0322894918600A2001F073FF0121EC
:107EA4000220874E01F034FF01210320854D01F0AB
:107EB4002FFF0121042001F02BFF0121052001F0F7
:107EC40027FF0121062001F023FF0121092001F0F1
:107ED4001FFF0C2001F076FC042001F0A3FC082015
:107EE40002F0EEF90E2001F015FC074601F0AAFE9F
:107EF40080EA0740671D01F09DFB4FF0FF31724897
:107F040000F042FF4FF0FF31704800F03DFF704831
:107F14004FF0FF3100F038FFFDF726FC0E200DE096
:107F2400F4EE487AF1EE10FA78FE277ABC42E6ECD9
:107F3400017AE5EC017A18D014F8010F01F0EAFB9C
:107F440007EE900AB8EEE77AC7EE287A78EE677AF9
:107F5400F5EEC07AF1EE10FAE2D5DFED507ABC42CC
:107F6400E6EC017AE5EC017AE6D1162001F0D2FBC9
:107F740007EE900ADFED4F6AB8EEE77AC7EE267A8D
:107F8400F5EEC07AF1EE10FA00F18580B7EE007AD2
:107F9400F4EE477AF1EE10FA77FE277A00204D4B83
:107FA4000446C3ED007AFCF7F3FB80214A4805F050
:107FB40053F840F684422146484804F01BFE484BDF
:107FC400DFED480A9FED481ADFED481A9FED482A75
:107FD400DFED482A9FED483ADFED483A9FED487AB5
:107FE4009FED484A07EE904AF0EE414AB0EE425AFD
:107FF40004EB4402F8EEE77AF0EE435AC4EB0212C3
:10800400B0EE476A0134F0EE446AA3F8A220E7EE2A
:10801400A04A032CA7EEA15AE7EEA25AA7EEA36A40
:10802400E7EE876AC3ED1E4A83ED1F5AC3ED205A5B
:1080340083ED216AC3ED266A03F22C43D2D14FF0BB
:10804400E02540266846FEF7E5FB60226946C5F850
:1080540088612D4801F020FFFF210220C5F8086146
:1080640002F010F82046002102F00CF80021042050
:1080740002F008F80021052002F004F8002106208F
:1080840002F000F81421092019B0BDEC028BBDE800
:10809400F04001F0F7BFDFED017A7FE70000000058
:1080A400783200207C5200200000003ADB0FC940E7
:1080B400AC07002000F07F45D822002041010000D9
:1080C400E8310020B0130020542200208022002038
:1080D400AC2200207811002000002020A0240020E1
:1080E400282400206210583EB81E053EE926313E81
:1080F40052B89E3EF0A7C63DD7A3F03E6ABC743E7C
:108104005C8F423EAE47613E402400202DE9F0439F
:10811400012099B001F0EAFDDFF850814A4AA0F14C
:108124000104D8F800301268B4FA84F49B1A640984
:10813400052B01D9F9F7F8FE2046444EFDF726FB3E
:10814400FDF73EFD0546FDF76BFD034620461C4644
:10815400FDF74AFAFBF764FF377807BB05F007021F
:1081640005F00103C2F3400103EB92030B443849C9
:10817400032B0A705CD0374A022B17705FD164203E
:1081840001F05EFA40285AD82046B946FEF764FA50
:10819400337883B145EA0407A146FFB20DE000231A
:1081A4002B4A204613702B4A1370FEF755FA81466A
:1081B4003378002BEED14F461D46FCF799F9264B38
:1081C400494628461C78254B3C431B7824EA030483
:1081D400FEF7ECFA3378E4B23BB9214B1B78012B60
:1081E40003D117B13846F9F79DFF49462846402682
:1081F4004FF0E025FEF7FCF86846FEF70BFB602223
:1082040069461848C5F8886101F046FE214668466B
:10821400C5F80861FFF7B6FB134AD8F800301268B6
:108224009B1A0B2B01D9FFF79BF919B0BDE8F0831A
:10823400084B2046B9461F70FEF70EFAA8E7204601
:10824400FEF70AFA8146B3E79C520020C35400208B
:10825400BB540020BC540020C5540020B45400205A
:108264003454002040240020882300208852002019
:1082740030B5172283B00B217F4800F045FD002262
:108284000B217E4800F040FD18220B217C4800F0B1
:108294003BFD7C497C4B00227C480C681A611A81A6
:1082A4001860DA60002C00F0E4802246114652691E
:1082B400002AFBD14B614FF07E5C7549754D00205F
:1082C400C3F840C04FF07D5C734A1960C3F844C0E2
:1082D4007249DFF858C25A629961DA629A639A6401
:1082E4000022C3F830C0C3F83CC0AC466C494CF81B
:1082F400042BD961CCF800206A49DFF834C2196232
:10830400C3F828C06849DFF82CC2DA641A655A65D4
:108314009A65DA651A669A66DA661A675860987218
:108324005861A3F8640083F86600A3F8740083F826
:108334007600C3F834C001F11803AA606A62EA60E7
:108344002A616A61AA61EA612A6202220872C8602B
:108354004A720B61C1E9060023466469002CFBD113
:10836400524A59614C604C618C720A604E4800F06C
:1083740033FC4F4800F0ACFE4B4B2246009442497C
:108384004B4800F019FF4B4A4B49494803F0BCFBEA
:108394004A4800F09DFE0122494D434B00923A4960
:1083A400464800F009FF434A4349444803F0ACFB04
:1083B4002968444B2A68C3E900122A689A6001F0CC
:1083C40041FC4149414B002208604148296818603A
:1083D400404883F8444058603F481A6198603F48D9
:1083E4005A619A61DA611A625A629A62DA621A63AB
:1083F400D8605A6328689A632C68DA631A649964AB
:108404003749384B2A681C600860374B286837495D
:108414001A6008602A68364B286836491A60086072
:10842400354B2968234A19603448354903F06CFBFD
:10843400286834492A68344B08601A60286833492C
:108444002A68334B08601A60286832492A68324B1C
:108454002C681A600860314B2968314819602A6811
:10846400304B04601A6001F0EDFB2F4B186003B031
:1084740030BD1C460B601EE75422002080220020E1
:10848400AC220020301E002028240020F007002009
:10849400FC070020243100203333B33E0000A44203
:1084A4006666E63E0AD7233E002300200808002023
:1084B400A03100205C0D0020DD740000B4310020E8
:1084C4008852002090520020502300203454002071
:1084D4000002A7008FC2F53D8FC2F53C52B89E3E04
:1084E400F4220020A4520020FC2200202C2300208F
:1084F40020240020EC2200208C230020A013002044
:108504006D0100009C52002088230020805200202E
:1085140020230020282300202423002000320020D0
:10852400A85200207C5200200C320020CDCC0C3FFD
:10853400AE47613E8FC2F53EAD4BAE4A18682DE999
:10854400F04FAD4C91B0197908940368D17704F5D4
:108554008062934209920ED2A84B1B78002B00F044
:10856400288109994FF0E0234022089101F58061A8
:108574000991C3F80822A24B1968A24B0C91186800
:10858400A14B0D901A88A14B0A921C880B940029C8
:1085940000F0DC81002800F04D819D4B9D4D1A4474
:1085A40023449D4E01EB42029C4C00EB43039C4947
:1085B400D5F800B00E950392089D9A4A02939A4BFF
:1085C4005768D6F800A0D3F80080D3F80490D1F807
:1085D40000E04B68D4F808C0886805F110010F96D4
:1085E40005F5826516686268246807953546019723
:1085F4002746019C5E46CDF814A0C246049410316F
:10860400039C06954D4634F902BFABEB0608039470
:10861400029CA8EB0A09049E34F902AFA9EB0505F4
:108624000294059C2F44AAEB0405069C3A442C1B97
:1086340094443A440194A41BA6440CEB02043A4427
:108644004FEA2C1C734421F820CC18447344C618F8
:108654000011734421F81E0CA01824113A4421F887
:108664001C4C02EB000C9C1900117344361121F8C8
:10867400180C1819241121F81A6C21F8164C4FEA19
:108684002C1421F8144C041121F8124C079C8C4230
:10869400AFD10F993C46019FC1F800A00E99C1F8D3
:1086A40000B05E490C605E4CC4E901305D4BC4F817
:1086B40000E0C3E900575C4BC3E900890A9B4033DF
:1086C4000A930B9B4033C1E9012C0B93BFF34F8FEB
:1086D4004FF0E02308990998CA43C3F8701F20316A
:1086E400024481420891C2F3421251D26AB3012A70
:1086F40023D0022A1CD0032A15D0042A0ED0052A1E
:1087040007D0062A40F01C81089AC3F8702F203243
:108714000892089AC3F8702F20320892089AC3F876
:10872400702F20320892089AC3F8702F20320892D2
:10873400089AC3F8702F20320892089A0999C3F84E
:10874400702F20328A42089222D2089A02F1200124
:10875400C3F8702F4032C3F8701FC3F8702F01F1B3
:108764004002C3F8702F01F16002C3F8702F01F1C9
:108774008002C3F8702F01F1A002C3F8702F01F139
:10878400C002C3F8702F01F1E00209998A42DDD3D7
:10879400BFF34F8FBFF36F8F0A9B7F2B1CD81A4AEE
:1087A40013800B9B7F2B09D8184A138011B0BDE8A6
:1087B400F08F04F5006308920993DCE60024134B60
:1087C4000D981C8000F02CFC184B1A681C600D4B93
:1087D4001A6011B0BDE8F08F0B4B00240C981C807C
:1087E40000F01EFC124B1A681C60054B1A60D8E797
:1087F400C81E002000800E4000822020A0540020CB
:10880400B81E0020C01E00208A5400208C54002072
:10881400010000801C1F0020201F0020EC1E0020EF
:10882400041F0020341F0020241F0020C41E002029
:10883400BC1E00200C9A002A00F088808A4800267A
:108844000A998A4BD0F800800E900B4488488949D5
:1088540002EB430BD0E900CE08988D68D1E90023E0
:1088640000F1100100F582600290C246BBF902805B
:10887400E1467746A8EB0A0C0BF1020021F80E6CD6
:10888400C246ACEB090E019021F80A6C0846AEEB27
:10889400070721F8066C21F8026CE1463A44774652
:1088A4001344EC181344019D05F1020BE51813441D
:1088B400241121F8104C5C1913442D1121F80C5C7F
:1088C4001D19241121F8084C2C1121F8044C01998C
:1088D400B1F90280A8EB0A0CACEB090EAEEB07076A
:1088E4003A441344EC181344E5181344241120F8B3
:1088F400104B5C192D11134400F1100120F80E6C7B
:1089040020F80C5C1D19241120F80A6C20F8066C60
:1089140020F8084C2C1120F8026C20F8044C029822
:108924008842A2D10E99C1F800805249C1E90023BE
:108934004F4B8D60C3E900CE0A9B40330A93C5E6D2
:10894400089AC3F8702F20320892DDE60D9A002AA7
:1089540000F0828048480B99444BD0F800E00B4467
:108964000F904648464902EB430A0C9E8D68D34655
:10897400D0E9007C0898D1E9002300F1100100F54A
:1089840082600290F246B946BBF902E00BF102079D
:10899400E04621F8106C0197AEEB0A0721F80C6C45
:1089A400F246A7EB090CB946019F01F11000ACEBAC
:1089B400080821F8086C21F8046C07F1020B424402
:1089C400E04620311344EC181344E51813442411F1
:1089D40021F82E4CEC1813442D1121F82A5C1D1992
:1089E400241121F8264C2C1121F8224CB7F902E06D
:1089F40020F8106CAEEB0A0721F81C6C21F8186CF7
:108A0400A7EB090C21F8146CACEB0808424413449E
:108A1400EC181344E5181344241120F80E4CEC18F8
:108A24002D11134420F80A5C1D19241120F8064C5A
:108A34002C1120F8024C02988142A3D10F99C1F85D
:108A440000E00F49C1E900230C4B8D60C3E9007CB1
:108A54000B9B40330B9339E64FF480620D990898D1
:108A640004F0C8F832E600BF1C1F0020010000809B
:108A74002C1F0020F81E0020201F00203C1F002077
:108A8400101F002038B50021044600F015FB88B102
:108A940072B61C4A1368002B2BD01B490D68002D9D
:108AA4002CD0156008600021184A118062B618465F
:108AB40000F0B6FA0121204600F0FEFA98B172B631
:108AC400134A136883B113490C6854B11460002429
:108AD400114A0860148062B61846BDE8384000F0B8
:108AE4009FBA086062B638BD0B4910600B8062B64D
:108AF40038BD064910600B8062B6DBE7086062B6D9
:108B0400D8E700BFB81E0020BC1E00208A540020F5
:108B1400C01E0020C41E00208C54002010B5044642
:108B240000F044FC204610BD38B5234C002342F22B
:108B340010724FF40C61E06F40F44020E0671C2099
:108B440004F08EFAE3691D4923F440631C481D4A6E
:108B540043F40063E361A36A19401B4B41F0CE0167
:108B6400A16241680A4042F4002242609A68002AE5
:108B740020DB1649032000224FF48034C1F8280179
:108B84004FF08E45C1F82401114812491A66DA6083
:108B94001D615C619861D961C3F8E020C3F88C2041
:108BA4004FF0E062C3F89020C3F89440C3F89800F3
:108BB400C3F89C1038BD00BF00C00F4000FEFFFF8B
:108BC40000C00A40F8FFF7FF0040384000801F4013
:108BD400130F0100000F0F0F10B5364C4FF4006255
:108BE4000021204604F006F83348012100F07AFB06
:108BF40000233249324A0B601360FFF795FF234686
:108C0400BFF34F8F04F5006204F120004FF0E02120
:108C1400824234BF0122402204EB4212C1F8703F69
:108C240020339342FAD1BFF34F8FBFF36F8F224AA1
:108C34000320244B2449C3F880014FF48060136857
:108C44001C600224D8829C60A4F60204D883062007
:108C5400596000211279DC601C4C988302F11000E9
:108C64001C61996199821A4C1A4B43F8204002F016
:108C74001F04194B012003EB5213A04014B29B00B4
:108C840018601648164B40F82410164940F8241072
:108C9400A0F580401449C276D3F8882042F00042FF
:108CA400C3F888209A681143996000F0F9FA0F4BD1
:108CB400187010BD00822020C81E0020B81E00209D
:108CC400C01E002000801F400200010120403840E7
:108CD400A9670000001800204038003800C00E408A
:108CE400004038401400008001000090A05400208F
:108CF400024A0349034802F007BF00BF5C0D00208D
:108D04008D6D0000C81E0020F8B528291B4B4FF4B8
:108D14009B770D46164604464FF00101C0E90273E5
:108D24002CBF4FF0FF330123282A44F6206228BFCA
:108D34004FF0FF3302610360284600F0E9FF30463C
:108D4400002100F0E5FF2846002100F0A5FF0C4BB0
:108D54002A0103EB05159958EA68C4E90721320191
:108D640003EB061698586FF07042064BF1681B68C7
:108D740062606361C4E909102046F8BD50C4620111
:108D84007C0800208852002001617047F0B472B65C
:108D9400856A3249D0E90736C6F888306B68426A7A
:108DA40023EA02036B606B68426A13436B602C4BCB
:108DB400476AC5F888704C681A682A4BA3FB0232CC
:108DC400920C02EB820252004B681B1B9A42FBD8A6
:108DD4006B6823EA07036B60C369C6F8843062B624
:108DE400D0E90954C168A3682B42836905D006E021
:108DF40001338361A2682A4201D19942F8D8994289
:108E040023D372B6D0E90923046AC3F884205968CD
:108E14000A435A60416AC3F884105A6822EA01027C
:108E24005A60C369C4F8883062B6D0E90945C1689C
:108E3400AB681C42836904D10BE08361AA682242B7
:108E440007D0994203F10103F7D86FF00100F0BC99
:108E540070479942F9D90120F0BC7047001000E036
:108E64004C0D002083DE1B4370B500240D46846145
:108E7400002936D003680646A34239DB3046013464
:108E8400FFF784FF0028E4B22DDBA542F6D11C498C
:108E9400B36970680A688342D6E904548CBFA3EBB3
:108EA400000CA0EB030C121BAA4215D907EE900A82
:108EB400B8EE677A9FED106BB7EEC77A27EE067BA4
:108EC400BDEEC77B17EE102A624505D96FF07042DC
:108ED4000968104672607161834207D20020736092
:108EE40070BD084670BD6FF0010070BD181A70BDEA
:108EF4004FF0FF3070BD00BF9A9999999999B93F85
:108F0400885200204FF0E0234022C3F80822704723
:108F1400F8B5144B144D1C686E689CB1237A204636
:108F24006BB123686F681B6898476B68E188DB1B2B
:108F3400C3F38F12B1EB931FA28038BFE280646940
:108F4400002CEBD1084B094A5B6810889B1B084C2A
:108F5400C3F38F11B0EB931F218038BF1180BFF38F
:108F64004F8FF8BD301E0020001000E08654002012
:108F74008454002030B472B6244D254C2A8804F160
:108F8400700104EB82038B423CD204F16F01501C4C
:108F9400C91A00EB910002E00132824232D09C46B1
:108FA40053F8041B0029F7D0B1FA81F04FF00043C5
:108FB400C34021EA0301CCF8001001B90132154B7A
:108FC4002A801A88013291B2198062B6ACEB040C83
:108FD40041F67C73C0EB00644FEAAC0CC0EB841028
:108FE40001240CEB8C1C03EBCC1303EB80030A4829
:108FF4000068C4541844094B1C88944230BC38BFE0
:109004001980704762B6002030BC70478854002035
:10901400341E0020805400202C1E00208254002086
:10902400428872B60378012B03D9013B037062B600
:109034007047D14353090B484FF0004201F01F0120
:10904400CA4050F823100A430749B1F800C040F859
:1090540023209C45054A88BF0B801388013B13805D
:1090640062B67047341E00208854002080540020CB
:10907400C36813B91DE0DB68E3B1187A9042FAD1F2
:1090840010B4586893F809C0006950F82C4054B1E2
:10909400DB682BB1187A9042F3D0DB68002BF9D14E
:1090A4005DF8044B704740F82C10087801300870C4
:1090B400EEE77047704700BF437A8B4206D90369D5
:1090C400002253F8210043F8212070470020704704
:1090D40000220449C0E90022028102740A6808607F
:1090E400C2607047A41E0020037CFBB903680146DC
:1090F400FBB14368EBB1427A5B7A9A421CD230B43A
:1091040072B62B4B1C68ECB1E368C3B1486801E04C
:10911400DB68A3B15A688242FAD193F809C04A7A4B
:109124009445F5D162B6042030BC7047012062B684
:109134007047032062B67047022062B670476469C4
:10914400002CE1D11B4C236843B1994202D10BE0BE
:10915400994207D01A46DB68002BF9D1052062B684
:1091640030BC704702F10C040D68E868E8B1C368CC
:109174001BB908E0DA683AB1134681421846F9D1BE
:1091840062B60620D0E70346D960CB68002023608E
:109194000123C860AA7A2B721A44AA724A68947A84
:1091A40013721C4494720B74D9E7E960EDE700BFB5
:1091B400301E0020A41E002010B5047C9DF808E099
:1091C4000CB1012010BD027280F809E0C0E900135F
:1091D400BDE81040FFF788BF38B5037C002B36D0BC
:1091E40043680446427A5B7A9A4238D272B601687E
:1091F400CB68002B2DD0984233D01A46DB689C42B2
:109204002AD0002BF9D16268607A136953F82000E0
:1092140048B1FFF705FF72B662680025607A1369EA
:10922400216843F820508B7A013BDBB28B7203B97F
:109234000B72937A013BDBB2937203B913720A4B3C
:1092440000201A6820741C60E26062B638BD0120F8
:1092540038BD62B6032038BDE368D360D3E702208B
:1092640038BDC368CB60CEE7A41E002010B5044609
:10927400FFF7B2FF094A136843B19C4202D108E0E8
:109284009C4205D01A46DB68002BF9D1204610BD5C
:109294000C32E3682046136010BD00BFA41E0020FA
:1092A4000C4B1A789AB90C4A0C4910B4C2F85811EC
:1092B4000B48D02401224FF0E02180F8464040249E
:1092C4001046C1F808415DF8044B1A70704700203D
:1092D400704700BF9E5400200018002081710000D8
:1092E40000E400E070B472B621B9036813B10279E6
:1092F4000F2A45D9294C2188002341FA03F212F0A0
:10930400010208D00133102BF7D162B60022037199
:10931400026070BC70474FF0010C0CFA03FC41EA88
:109324000C01218062B61E4D5FFA83FC1D4940F298
:10933400824680F804C0EC6F194483F0030344F0C0
:10934400C0044901EC67A5F59F35174CA5F5807558
:10935400266084F81AC084F81EC084F818C084F803
:109364001FC00160C1E90022C1E90222C1E904224F
:10937400C1E906225A5D42F0C0025A5570BC7047DA
:10938400064C218841FA02F5ED07B5D5054D154483
:10939400B3EB451FB0D162B6BBE700BF8E540020CB
:1093A40000C00F408074000200800E4003790F2B30
:1093B40011D8094A937672B60849012290F804C07C
:1093C4000B8802FA0CF223EA02030B8062B6102225
:1093D400002302710360704700800E408E54002009
:1093E400704700BF704700BF704700BF704700BFA1
:1093F40070B51A4C1A4D2368AB4202D0194AD16891
:1094040029BBA369AB4202D0164AD169C9B9236BFF
:10941400AB4202D0134AD16A69B9A36CAB4209D0FA
:10942400104AD16B31B101211B680F48D163BDE8EB
:109434007040184770BD01211B680C48D1629847E1
:10944400EBE701211B680A48D1619847DFE7012156
:109454001B6804F10800D1609847D2E7C01A0020C5
:10946400D807002000410840101B0020F81A0020F3
:10947400E01A002038B5064CA4F1600554F8083C05
:109484002046183CDB689847AC42F7D138BD00BF92
:10949400101B002003682DE9F041044688B01746EC
:1094A400002B4BD000229A600122DA60304D04A8D0
:1094B400DFF8E0801D4451F8083B2D1102935B68EE
:1094C40005EB45069847F60006F1080058F8063003
:1094D4004044DB6801909847264A04A9DDE901036A
:1094E400029248F806309B689847029B04A8DB6800
:1094F40098472368032220481F609A601F4A2379F3
:109504001F4C535513785178C0F828428B4228BF1A
:109514000B469178D2788B4228BF0B46934228BFE2
:109524001346184C4FF0E0224FF08061012084F87C
:109534007A30C2F80C1108B0BDE8F081124AD36E3B
:1095440043F44053D3660122104B1A60104A134669
:109554000260403298680028A8D0103393422360F8
:10956400F8D100231846236008B0BDE8F08100BF9D
:1095740000BFF7BFD807002000180020500D0020BE
:109584006176000000E400E000C00F4000400840A5
:1095940000410840C01A0020F8B5036843B3154CD5
:1095A4000746154E1C44241104EB4405ED00735981
:1095B40005F10800DB6830449847104B0021012274
:1095C40073513B689960DA60FF230D4A1355137891
:1095D40050789478834228BF0346D078094AA3423E
:1095E40028BF2346834228BF034682F87A30396075
:1095F400F8BD00BF00BFF7BFC01A0020D807002085
:10960400500D002000E400E010B4064B0020064C8E
:10961400064A1C609C611C639C6405495DF8044B0C
:1096240002F072BAC01A0020D80700205C0D002096
:10963400E576000008B1014B18607047281E002031
:1096440000B9704714490A68EAB1D31730B4134C0F
:10965400134D84FB024C134C9444C3EB2C4304FB86
:10966400132244F2A71405FB03F304FB0233002B7B
:1096740010DA6FF000421A440A60B2FBF0F330BC17
:1096840000FB13207047084AB2FBF0F30A6000FBAA
:10969400132070471A46EFE7281E00205F0B4E8305
:1096A400ECF4FFFF1DF3010042CE0C1F884200DBE7
:1096B400704730B4124C091A2368EBB1114A124DA9
:1096C40082FB032CDA179C44C2EB2C4244F2A71C05
:1096D40005FB12330D4D05FB02F20CFB0322002A9D
:1096E4000CDA6FF0004313442360B3FBF1F201FB87
:1096F400123330BC18447047054BF5E71346F3E7C3
:10970400281E00205F0B4E831DF30100ECF4FFFFC5
:1097140042CE0C1F1C2849D8F8B5254F04463B7887
:10972400E3B9244B1B5DFF2B29D0234A02EB04121F
:1097340091680A6802F44050B0F5805F30D01C068E
:109744001FD41E4C2360236AD80704D402F0F8F80F
:10975400236AD907FAD5194B586AF8BD174D184E24
:1097640001E002F0EDF8AB6C1B06FAD4B36C13F015
:109774008003F6D13B700F4B1B5DFF2BD5D100202E
:10978400F8BD0F4C03F07F032360236ADA0704D487
:1097940002F0D6F8236ADB07FAD5094B586AF8BDFC
:1097A40022F480521C060A60EBD4CAE700207047FA
:1097B400A3540020FC0A00207C08002000400C4038
:1097C40000800C40082830B422D00A280CBF4FF483
:1097D40005714FF44671104C104D636C626C2B4054
:1097E4000F4802F003021A43636C03F0E0031343CF
:1097F4000B436364436C426C2B4002F003021A4334
:10980400436C03F0E0031343194330BC41647047D5
:109814004FF44071DFE700BF00400C4000FCFFFF45
:1098240000800C4010B41F4C1F281F49A36C23F068
:109834002003A364626C8B6C22F4404223F0200367
:109844008B644B6C23F4404312D942F4404243F4FA
:10985400404362644B641349134A8B6C5DF8044BB8
:1098640043F020038B64936C43F0200393647047AC
:109874000F2808D942F4004243F4004309480A4936
:1098840042644B64E7E7072804D942F4804243F476
:109894008043F3E7032862644B64DCD85DF8044B2F
:1098A400704700BF00400C4000800C40A249A34B0D
:1098B40088422DE9F047A24C5E699A69D4F80C807D
:1098C4001BD9A04B984240F20281C31A9E491B0A3D
:1098D400A1FB031340F22761DB0903EB830303EBD2
:1098E400830303F2E2438B4228BF0B46A3F5487778
:1098F400964BA3FB0737FF0804E0954FB8428CBF93
:109904000E2706278D4908F01F09D1F88030B94584
:1099140043F0C003C1F880300CD228F01F08A1F531
:10992400F82148EA0708C1F80C800B68002BFCDA20
:1099340008F01F0916F0007324D186490C69864982
:10994400A14300F0EA8082F4805134464FF48055FC
:1099540014F0605F04D026F060561E43774B5E61BE
:1099640011F4405F07D022F4405274492A438A61BB
:109974008B6C1A07FCD446F00076704A5661936CDF
:109984009B06FCD4754CA04200F2CE804FF0010C33
:109994000146634603FB011203F1010E0CF10105BC
:1099A400A24218D8BEF1080F4FF0010340F08D8099
:1099B400BCF1040F00F291800A18A24200F2A480C4
:1099C40005FB00F1AC4603F1010E03FB01120CF19F
:1099D4000105A242E6D90CF1FF318C0286EA81210D
:1099E4005F4810445F4A90427FD9DFF8A4A16C22FB
:1099F4005D48584DB0FBFEF0D5F800E0B0FBFCF03C
:109A0400DFF890C10EEA0C0CD44509D042F40052A0
:109A14004FF4805CC5F800C02A602A68002AFCDA8A
:109A2400464A156905F007059D4203D01361936CFE
:109A3400DD03FCD411F4E05F09D026F4E05604F40D
:109A4400E0543E4A26435661936C9907FCD4474937
:109A5400474A014491423CD8464BC909A3FB013112
:109A6400090B4B1E1B0286EA030212F4407F06D048
:109A740026F4407603F44073304A334353612F4A4B
:109A8400536923F000735361936C9B06FCD43A4BE7
:109A94004F45A3FB00234FF0FF324FEA9343B0FB43
:109AA400F1F1B2FBF3F3354A1060354A1160354ADF
:109AB400136008D228F01F08214A48EA0707D76034
:109AC4001368002BFCDABDE8F087734662E71227BF
:109AD40018E74FF440730421C5E70CF1FF31204827
:109AE40007238C02104486EA8121274ADFF8A8A0C4
:109AF400A2FB0020020D2548362A38BF362202FB7D
:109B040000F042EA0A0A74E74FEA8C24002386EA4A
:109B14008C214FF0010EAC4662E71D4686F0C0541E
:109B240011464FF0C05313E700244FF0010C0246D6
:109B340031462346E64653E700A4781F00C00F4091
:109B4400000008400046C32323B24C001F85EB519C
:109B540000366E0100800D4040300080FFB19F262A
:109B6400808D5B00FF7EF64D00643F4D7FD1F00891
:109B74007F17B42C9F10E50083DE1B434C0D00209F
:109B8400480D002074320020819F5E16001BB70030
:109B94006C2000807F3001800020008000B9704775
:109BA4002DE9F84F01218146214C224D224E54E8E3
:109BB400003F2A68306844E80013002BF7D11F499E
:109BC4004B684FF47A7BDFF878A01B1A01270BFB54
:109BD40002F8DAF80020A3FB02325A4594BF9044FD
:109BE400D84454E8003F2A68306844E80073002BE6
:109BF400F7D14B68DAF800C01B1A0BFB02F2A3FB87
:109C04000C3CBCF57A7F94BF624402F57A72A2EBF5
:109C14000802B2F57A7F06D3B9F1010908F57A781A
:109C2400DFD1BDE8F88F01F08BFE0449D9E700BF0E
:109C34008C5200208852002084520020001000E042
:109C44007432002030B40F4B4FF0010C0E4D0F4C0A
:109C540053E8002F2868216843E800C2002AF7D19E
:109C64000B4B5B680B4A5B1A4FF47A71126801FB69
:109C740000F0A3FB023230BC8A4294BF8018401823
:109C8400704700BF8C52002088520020845200206C
:109C9400001000E074320020272816D80201104B6F
:109CA40003EB00109B5810B4C2685C68144205D0E2
:109CB40061B95DF8044BC3F888207047836851B1DB
:109CC400084A5DF8044B1A60704770475DF8044B0E
:109CD400C3F884207047044A5DF8044B1A60704747
:109CE4007C08002038F001003830010027280BD808
:109CF400064B020103EB00109A58C36892681A429B
:109D040014BF012000207047002070477C08002009
:109D1400272829D8164B0201012903EB00109A5871
:109D240010B45368C4680ED004290CD023EA040389
:109D340053608368A9B1022917D003290CBF0D4AC7
:109D44000D4A1A6007E0234301295360836808D051
:109D540040F638021A60436815225DF8044B1A6015
:109D6400704738221A60F6E77047044A1A60F2E72F
:109D74007C080020383001003800010038F0010070
:109D8400704700BF272858D80001F0B4344C354D33
:109D94002358AB4256D049D8B3F1844F4BD0A5F5E4
:109DA4008045AB4240D1304D2044304E304CC4F855
:109DB400B462D0E901C4C0684FF0E0264FF0005708
:109DC400042AC6F810712FD85E6926EA00065E617F
:109DD4004FF00506CCF80060266846F4803626600D
:109DE4005C6824EA00045C60224C54F8224090FA37
:109DF400A0F2B2FA82F245F822106FEA00011DD0F7
:109E0400DD690F2A01EA0501D9611DDC5200032531
:109E1400D968944005FA02F221EA02022243DA6088
:109E240098615A6902435A61F0BC7047124DAB42C3
:109E3400FAD1124DB8E7124DB6E77047DA6902431A
:109E4400DA61EDE70F4DAFE7103A032519695200C7
:109E5400944005FA02F221EA020222431A61DFE782
:109E64007C08002000800042101200202100000025
:109E7400001800205007002000C0004210130020EA
:109E8400901100209012002008B5FDF7CFFFFEF7D7
:109E94003DF901F055FDFAE7844641EA000313F069
:109EA40003036DD1403A41D351F8043B40F8043BDD
:109EB40051F8043B40F8043B51F8043B40F8043BA0
:109EC40051F8043B40F8043B51F8043B40F8043B90
:109ED40051F8043B40F8043B51F8043B40F8043B80
:109EE40051F8043B40F8043B51F8043B40F8043B70
:109EF40051F8043B40F8043B51F8043B40F8043B60
:109F040051F8043B40F8043B51F8043B40F8043B4F
:109F140051F8043B40F8043B51F8043B40F8043B3F
:109F240051F8043B40F8043B403ABDD2303211D3DF
:109F340051F8043B40F8043B51F8043B40F8043B1F
:109F440051F8043B40F8043B51F8043B40F8043B0F
:109F5400103AEDD20C3205D351F8043B40F8043BDF
:109F6400043AF9D2043208D0D2071CBF11F8013BDD
:109F740000F8013B01D30B8803806046704700BFA3
:109F8400082A13D38B078DD010F003038AD0C3F1B2
:109F94000403D21ADB071CBF11F8013B00F8013B94
:109FA40080D331F8023B20F8023B7BE7043AD9D353
:109FB400013A11F8013B00F8013BF9D20B78037028
:109FC4004B7843708B7883706046704702F04EBBC9
:109FD4004FF0010C0CFA01FC01EB410100EB4111C3
:109FE40070B5B1F80EE01FFA8CF5254C1FFA8EFE01
:109FF40024782E010EFB033306F0F006E340B0F89C
:10A0040088417345A4B228BF73463443012AA0F89B
:10A0140088410DD0022A28D0C2B10CF00F02B0F84A
:10A0240088C11FFA8CFC4CEA020CA0F888C170BDF0
:10A034009BB20CF00F022D02CB82B0F8803105F4F4
:10A0440070659BB22B43A0F88031E8E7AEEB030EBA
:10A054000CF00F021FFA8EFEA1F80AE0B0F880316E
:10A064009BB21343A0F88031D9E79BB20CF00F02E6
:10A07400CB83B0F880319BB21E43A0F88061CEE759
:10A084004214002027284BD8F8B52A4D044615F869
:10A09400202005EB8005012A2DD0022A3FD16B78C0
:10A0A400C3F3011003283ED0234A02EB803203F0AD
:10A0B400030C224889B2634602EB4C1C0678BCF8B8
:10A0C40006E05801BCF810301FFA8EFECEF1011ED6
:10A0D4001EFA83F303F1FF3E0EFB01F1F1408E45BE
:10A0E40023D95B1AC3F101039BB289B20244ACF8D1
:10A0F400063011820DE06A78C2F30113032B10D0ED
:10A104000F4800EB83308BB202F00301AA78FFF70B
:10A114005FFF0C4BEA7803EB04135B681A60F8BD2D
:10A1240070470948EFE7094AC1E7991E4FF6FF73E4
:10A13400DBE700BF180B002000C01D4042140020C4
:10A1440000C03D407C08002000803E4000801E404E
:10A1540000230F2248F2B82C194610B54FF470446E
:10A164004FF4806EA0F88C414FF46044A0F88E2127
:10A174000A46A0F89031B0F888319BB243F0F0035E
:10A18400A0F8883101EB4103013100EB43130429AA
:10A194009C80A3F806E05A841A865A805A81A3F850
:10A1A4000EC05A82DA825A83DA83EBD1B0F888314E
:10A1B4009BB243F00F03A0F88831B0F888319BB20A
:10A1C40043F47063A0F8883110BD00BF374B384AA0
:10A1D400996F384841F47F0170B5996741F20106DF
:10A1E400D3F8801045F6C05543F226040A43C3F859
:10A1F4008020FFF7ADFF00F58040FFF7A9FF00F5D1
:10A204008040FFF7A5FF00F58040FFF7A1FF002283
:10A21400A0F503104FF00F0E114600EB42134FEA66
:10A22400421C01329981042A5981A3F80EE09E82CE
:10A23400DD8020F80C1019829C81EED100221E488A
:10A244004FF00F0E41F20106114645F6C05543F298
:10A25400260400EB42134FEA421C01329981042A7E
:10A264005981A3F80EE09E82DD8020F80C1019823B
:10A274009C81EED1002211480F2641F201051146BE
:10A2840045F6C05443F2260E00EB42134FEA421C3B
:10A2940001329981042A5981DE819D82DC8020F873
:10A2A4000C101982A3F80CE0EED170BD00C00F4071
:10A2B400000003FC00C03D4000001E4000401E4062
:10A2C40010280346044A28BF10231078012B38BFF6
:10A2D40001231370704700BF4214002072B6EFF3DD
:10A2E4000583524CC4F884301EF0040F0CBFEFF306
:10A2F4000882EFF309824FF0E0234D4E4D4DD3F821
:10A30400280DD3F82C1DC4E92201D3F8341DD3F849
:10A31400383DC4E924139369C4F89830D369C4F868
:10A324009C3000F0BFF884ED280A01F0DBFB0B2120
:10A334004FF0FF32C4F8A4000B46C4F880103E4925
:10A34400301D5A40202402F00103013C01FB03F3B9
:10A3540083EA5202F7D1A84202D073680646EFE7B7
:10A36400324BC3F8A820BFF34F8F4FF0E02330499E
:10A37400324AC3F8701FC3F8702FBFF34F8FBFF377
:10A384006F8F2F4A02252F48D36E2F4943F4405331
:10A39400D3660560D3692D4823F07F0343F040035F
:10A3A400D3610B6883423DD8264D00214FF0E02352
:10A3B4004FF0FF3229600126C5F808112449C5F879
:10A3C4000011C5F80861C3F88021C3F88421C3F8DB
:10A3D4008821C3F88C21C3F8902101E000F070F9C2
:10A3E400D5F80C31002BF9D00134C5F80C614F2C91
:10A3F400F4D9184B022018494FF00042C1F840012B
:10A404005A63D5F80C313BB9144815490D4A016318
:10A41400D2F80C31002BFAD04FF0E023114AC3F8E4
:10A424000C2DFEE7FFF742FABEE700BF00FF27202E
:10A4340080FF2720A8FF27202083B8EDA0FF272036
:10A4440000C00F40004008404C0D0020803DCD0B63
:10A45400009F240000900D4000002E4000800F401B
:10A46400F100AD0B0400FA050A490A6838B108B5D1
:10A4740013180948834204D810460B6008BD1046DF
:10A48400704702F021FC0C234FF0FF3203601046AA
:10A4940008BD00BF580D00200000282030BFFDE794
:10A4A400FFF71CBF124AD2F880305B07FBD5D2F805
:10A4B40080301048C3F30B230F4990ED007A07EE68
:10A4C400903A91ED006AB8EE477A0C4AF8EEE77AD2
:10A4D4000B4BD2ED006A77EEC77A93ED007AB8EEB3
:10A4E400477A67EE867A87EEA60A37EE400A704707
:10A4F40000810D40643200206C3200207032002054
:10A5040068320020836BF0B41BB1536843F40043FA
:10A51400536072B6446B3CB31A4B2260D3F8B0411B
:10A524000C421DD1184E776804E07468E41BB4F53E
:10A53400166F0BD2D3F8404144F48044C3F8404131
:10A54400D3F8B851D3F840416404EED50D4007D197
:10A554000C4CC0E90225D4F8B0310B43C4F8B03137
:10A56400426362B6F0BC7047064DC0E90224D5F8D8
:10A57400B0310B43C5F8B0310263426362B6F0BC3C
:10A58400704700BF00002E40001000E070B5056B5E
:10A594009DB106462A46002403E012680134012ACC
:10A5A4000CD0536813F08003F7D032632CB12846E3
:10A5B400B36B2D689847013CF9D170BDC6E90C33E3
:10A5C400F4E700BF30B4D9B91F4C204B0021204A16
:10A5D40001254FF0011099601D60C4E90231802407
:10A5E4005C60C2F8BC01D2F8B0311A482B43C2F8FF
:10A5F400B0310160D2F8B031002BFBD130BC7047D0
:10A604000904154B104C012541F080019860104A53
:10A61400596000F580511D60D96000F50051A364B4
:10A62400196100F5405100F580405961002198619D
:10A63400E164D2F8B03143F48033C2F8B031D2F8D7
:10A64400B031002BFBD1C0E700000020201B00200C
:10A6540000002E4038230020401B002010B472B6A6
:10A664000A4C01220A49237802FA00F018432070A8
:10A67400D1F848311A0605D480221343C1F8442185
:10A68400C1F8483162B65DF8044B7047C1540020EC
:10A6940000002E40084901220B7802FA00F023EA58
:10A6A4000000087030B9054AD2F8483123F080031D
:10A6B400C2F84831704700BFC154002000002E404A
:10A6C4002DE9F04F9C4C83B0D4F84461F107C4F8F1
:10A6D40044616AD5D4F8AC31002B61D0DFF88482B0
:10A6E400964DDFF878B208F5805ADFF87C92944FE3
:10A6F400C4F8AC31D5E90A20D4F8403143F400530E
:10A70400C4F84031D4F840319B04F5D5D4F8403135
:10A7140023F40053C4F840314FF00113C4F8B431AA
:10A72400D4F8B43113F00113FAD191B240F2816C30
:10A73400CBF80030614500F2D980B1F5D06F80F0DC
:10A744006181B1F5817F00F08F8140F2AB8040F2EE
:10A75400023C614500F0B281B1F5A06F40F0C180C8
:10A764007849EB648B600123A9640B6080234B6000
:10A774004FF00113C4F8BC31D4F8B03143F4803342
:10A78400C4F8B031D4F8B031002BFBD1130C5B0604
:10A7940043F08073C4F85431D4F8AC31002BA7D102
:10A7A400654AD2F8BC31002B4AD1720616D5624BE9
:10A7B400D3F8AC21C3F8AC21D3F8BC21C3F8BC2135
:10A7C400D3F8B041002CFBD14FF0FF32C3F8B421D1
:10A7D400D3F8843101F026F85B4B1C60F40103D5F7
:10A7E4005A4B1B6803B19847B00103D5584B1B68FB
:10A7F40003B19847710708D54F4BD3F8843113F44C
:10A8040000731AD0534B01221A704B4BD3F84831C2
:10A814001A060FD533060DD54F4A13782BB1013BD9
:10A82400DBB21370002B00F0428203B0BDE8F04F9E
:10A8340000F09ABC03B0BDE8F08F464A1370E4E719
:10A844004649C2F8BC310868034240F061813E4A7F
:10A8540014681C40A9D05FEA144810D0374D4FF05B
:10A86400010998FAA8F7B7FA87F705EBC71009FAB0
:10A8740007F74030FFF78AFE38EA0708F1D1A4B29F
:10A88400002C92D02D4D4FF0010894FAA4F7B7FA9A
:10A8940087F705EBC71008FA07F7FFF777FEBC4305
:10A8A400F3D182E7802900F0A780822919D183B2ED
:10A8B40010F0780015D103F07F0257F82210284ACF
:10A8C4001080180600F1C081CB0701D50123137055
:10A8D40002212348FFF776FE5EE7010C072900F00A
:10A8E40045814FF00113C4F8C03155E742F2210C01
:10A8F4006145F2D03AD942F22123994268D042F21A
:10A9040021339942EDD10F4B00229A60EA6401226F
:10A91400AB641A6080225A604FF00113C4F8BC3152
:10A92400D4F8B03143F48033C4F8B031D4F8B03142
:10A93400002BFBD130E700BF00002E4000000020B8
:10A94400C0012E40201B00203C2300202C5400205A
:10A9540030540020CC540020D2540020382300204E
:10A964000432002030230020401B0020B1F5086F82
:10A974003AD0B1F5106FB4D1B548C2F307424FF0E5
:10A98400C81100930270B34AC4F8C821C4F8CC11AA
:10A99400C4F8D01100F048FF00F07CFBAE4A01215E
:10A9A400009BAA6411608021936051604FF00112F2
:10A9B400EB64C4F8BC21D4F8B02142F48032C4F86A
:10A9C400B021CBF80030D4F8B031002BFBD1E3E652
:10A9D40080B2002897D1A14BC2F307421968A04B5B
:10A9E4001960A04B1A708EE7994B01219E481B7881
:10A9F4000370FFF7E7FDCFE69B4802210380FFF7D2
:10AA0400E1FDC9E6994B596800293FF46AAF4FEA62
:10AA1400124E82B204E019690C3300293FF461AF8D
:10AA2400B3F800C0F445F6D1B3F802C09445F2D1AE
:10AA34004FEA1E22032A00F0D8801A89000C8242B1
:10AA440028BF0246BEF5007F40F0D480884B894978
:10AA54001878894B0092002818BF19468748FFF7D9
:10AA64001BFA864B009ADAE010F0780F83B27FF479
:10AA740038AF03F07F0213F0800F57F8223014BF71
:10AA840023F4803323F0010347F822300022724B71
:10AA9400EA649A600122AB641A6080225A604FF023
:10AAA4000113C4F8BC31D4F8B03143F48033C4F892
:10AAB400B031D4F8B031002BFBD16DE610F0780F33
:10AAC40083B27FF40EAF03F07F0213F0800F57F8C8
:10AAD400223014BF43F4803343F0010347F822309B
:10AAE40000225D4BEA649A600122AB641A60802202
:10AAF4005A604FF00113C4F8BC31D4F8B03143F4B8
:10AB04008033C4F8B031D4F8B031002BFBD143E624
:10AB1400002008605A490C88486842F221018C429E
:10AB24007FF495AE80B200287FF491AE5549564C1F
:10AB340003C9A18086284FEA11412060A1717FF4E6
:10AB440086AE72B65148017841F008010170D2F81E
:10AB540048110D0605D480200143C2F84401C2F80F
:10AB6400481162B64A4A5021117070E6EB60012325
:10AB74004349C9F80030474B0A60C9F80430464BD2
:10AB84004860C9F81030C5F80890C9E9028AD4F8B9
:10AB9400B02142F00102C4F8B02103F5805203F55C
:10ABA4000053C9F81420C9F81830D4F8B031002B78
:10ABB400FBD1294AEB6493600123AA64136048F231
:10ABC400800353604FF00113C4F8BC31D4F8B031A2
:10ABD40043F48033C4F8B0314FF48033CBF8003001
:10ABE400D4F8B031002BFBD1D6E5000C0A788242B0
:10ABF40028BF0246BEF5E06F50D11D4B1D4893F8A7
:10AC040000C01D491D4BBCF1000F18BF0146009246
:10AC14001846FFF741F9072103464170009A23F0D3
:10AC24001F011344BFF34F8F4FF0E020C0F8701F93
:10AC340020318B42FAD8BFF34F8FBFF36F8F0F4889
:10AC44001146FFF7BFFCA7E5C9033FF53FAE3FE65A
:10AC5400CB5400200200CC00201B0020885200208E
:10AC6400B4520020CA54002004320020B80B002043
:10AC7400CC540020581C0060F01C0060008A202086
:10AC8400201E002030230020AC520020C15400209C
:10AC9400D25400208000070030430020064B1846A1
:10ACA400CDE90023FFF7F8F8DDE90023B7E7032037
:10ACB400FFF7F0FC02F0D8F9008A20202DE9F047D4
:10ACC4001F46831E022B01D9BDE8F087DFF84C90A4
:10ACD40015460C463C2209EBC01806464FEAC01A3A
:10ACE400002108F10400240401F084FFB5FA85F280
:10ACF4000123520944EA427449F80A40C8F83870FA
:10AD0400C8F80830002FDFD0034AB34011680B4362
:10AD14001360BDE8F08700BF3C2300200000002042
:10AD24002DE9F0470D46811E022901D9BDE8F087BF
:10AD3400C701DFF84C909246044640373C2200217C
:10AD44001E4609EB07082D0408F1040001F052FF28
:10AD5400BAFA8AF2520945EA427249F807200122F6
:10AD6400C8F83860C8F80820002EDFD0034B103430
:10AD74001968A2400A431A60BDE8F0873C2300200A
:10AD84000000002012048160C36101F5405342F0C9
:10AD9400800210B40124426001F50052046001F500
:10ADA400805401F58041C46081615DF8044BC0E9C1
:10ADB40004237047831E0A46022B00D97047064BB2
:10ADC40000F110014FF0010C03EBC0100CFA01F17B
:10ADD4004030FFF797BB00BF00000020831E0A46E7
:10ADE400022B00D970470121024B814003EBC010B4
:10ADF400FFF788BB0000002040687047124A134BDD
:10AE0400D2F8200220F07F40984210B584B002D2DC
:10AE140000EB800040000E4C01A90A2200F030FE35
:10AE240001A90023204611F8012B01333AB10A2B62
:10AE340020F8022FF7D11623237004B010BD5B0055
:10AE4400DBB2237004B010BD00441F40809698000C
:10AE54002C14002038B50C4B04460C4D1B68298873
:10AE640043B1B1F5917F09D24B1C9BB2084A2B80A8
:10AE7400545438BDB1F5917FF6D338BD002204484F
:10AE8400984700210123F1E7F45200209C5400204C
:10AE940008530020F8B5144C4FF0E025134E4FF43E
:10AEA400003204EB4024124F06EB40160346C5F86B
:10AEB4008C2121463A883046FFF764FF3B882344BF
:10AEC400BFF34F8FC5F85C4F2034A342FAD8BFF3C9
:10AED4004F8FBFF36F8F04203146FFF77FFF4FF48E
:10AEE4000033C5F80C31F8BDA08A2020601B002077
:10AEF4009054002042684FF6FC71114BC2F30E428D
:10AF0400C0691B889B1A0B4017D00E4930B40E4CF5
:10AF14000E4D227821F810300021013225F810104E
:10AF2400062A94BFD1B20A46217009490C68234409
:10AF34000B60084B985430BC7047FFF7ABBF00BFA1
:10AF44009054002018320020BD54002034320020D8
:10AF540010320020503200202DE9F04F0123DFF899
:10AF640028A1DFF828B183B0414E9AF80020414D62
:10AF7400414F8BF8003005EB42153388D7F8008039
:10AF8400CDE90002002B6DD13C4CDFF8049128463A
:10AF9400FFF732FF10F080005DD03B68A3EB08039D
:10AFA400282B04D90123237003B0BDE8F08F237844
:10AFB400002BF9D199F80030002BF5D000F0C0FC3B
:10AFC4003388002BE3D02E4A9AF800101288D01A46
:10AFD400043B2C4C9BB22044338000EB4120009E68
:10AFE4004902C0F8006C93BB04F5406428460C4445
:10AFF4002146FFF7C7FEBFF34F8F04F1200204F58B
:10B004000073934234BF012310234FF0E02204EB7A
:10B014004313C2F8704F20349C42FAD1BFF34F8FD0
:10B02400BFF36F8F04202946FFF7C4FE019B022063
:10B034000133032B94BFDBB200238AF80030FFF7FF
:10B0440029FB00238BF8003003B0BDE8F08F022009
:10B05400FFF704FBF5E70A4B9AF800101A882070F2
:10B064001346B5E7064A01991288D01AB0E700BF23
:10B0740094540020201D002088520020C454002035
:10B0840098540020A08A2020C6540020C8540020D0
:10B09400CB540020214B70B51B78002B3BD04FF4D0
:10B0A40000731E461E4980221E4D00240B80002181
:10B0B4001D482B8001F09EFD1C4A21461C4B147038
:10B0C400C0221C481C8001F095FD1B4A31461B4BD5
:10B0D400042094609C60C2E90044194AC3E9004416
:10B0E4001470184B184A1C70184B14602246FFF752
:10B0F400E5FD2346224629880420FFF711FE204659
:10B104000134FFF7C7FE062CF9D100231049114A78
:10B114000B70137070BD40231E46C3E7CC5400204F
:10B124009054002098540020201D0020C654002074
:10B1340094540020601B0020183200203432002078
:10B14400BD540020BF54002010320020659100003F
:10B15400C4540020C8540020024B1B780BB1FFF7E5
:10B16400FBBE7047CB5400202DE9F843214B1D78DA
:10B1740015B9214E33880BB9BDE8F883DFF8888010
:10B184001E4A98F800701E4C02EB47191D4A04EB46
:10B194004724128848462146D21A2B46FFF7F2FD6F
:10B1A400BFF34F8F04F1200204F50073934234BFC0
:10B1B400012310234FF0E02204EB4313C2F8704F35
:10B1C40020349C42FAD1BFF34F8FBFF36F8F013706
:10B1D40049460420FFF7EEFD032F4FF000034FF024
:10B1E400020098BFFDB2338088F80050BDE8F843F0
:10B1F400FFF750BAC854002094540020201D0020AA
:10B20400A096202098540020C6540020F8B54FF48E
:10B2140000324FF0E023204CC3F88C211F4B2278DE
:10B2240019788A422ED0D3B21D4A1E4F01331E49CB
:10B234001E4E072B28BF0023D05C37F8102001EBEB
:10B2440040218D580432316892B2043927F8102015
:10B254003160174931F81010914207D94FF0E023BB
:10B264004FF400322846C3F80C21F8BDDBB223703A
:10B27400FFF710FE4FF0E0234FF400322846C3F8E6
:10B284000C21F8BD00254FF0E0234FF4003228468E
:10B29400C3F80C21F8BD00BFBF540020BD540020EA
:10B2A4005032002034320020A08A202010320020A6
:10B2B40018320020F8B50646FFF7A8FF90B1C0F396
:10B2C400031300F00F059C4A0446070A1370A5F106
:10B2D4000803062B08D807F00F030133002E45D0CE
:10B2E400B34243D00020F8BDAB1EF8B2012B19D9EC
:10B2F400F72818BFF02801D9052D13D0042D00F02C
:10B3040085816B1F022B40F245810F2DEAD1F7286E
:10B3140008D8F02803D0894B1B88002BE2D0FFF714
:10B3240099FDDFE7F1380E28DCD801A353F820F0AB
:10B3340015970000279700004597000055950000D9
:10B344005595000053970000559500006197000043
:10B35400559500008D960000C3960000A796000046
:10B3640055950000DF960000FB960000082DC4F3FD
:10B37400033217D1082A15D171488021714A076810
:10B38400C4F30746DDB21170240E1FB131462846BE
:10B394002246B8476C4B01206C491D706C4B0E70F3
:10B3A4001C70F8BD092D14D1092A12D1220E654949
:10B3B40000F0B4809020C4F30746DDB20870D4B224
:10B3C40064490F68002FE5D0224631462846B84725
:10B3D400E0E70A2D05D10A2A03D15F48A021594A82
:10B3E400CDE70B2D05D10B2A03D15C48B021554A7A
:10B3F400C5E70C2D40F08A800C2A40F08780584A1B
:10B40400C02050491268C4F30746DDB20870240E08
:10B41400002ABFD0314628469047BBE7514B1B68F2
:10B42400002B00F00A81C4F307469847454B240ECD
:10B4340000251F70AEE74C4B1B68002BF3D14B4B20
:10B444001B68002B00F0ED80FC20C4F307469847EE
:10B45400ECE7474B1B68002BE5D1444B1B68002BE2
:10B4640000F0DF80FB20C4F307469847DEE7414B3A
:10B474001B68002BD7D13D4B1B68002B00F0D180FB
:10B48400FE20C4F307469847D0E73B4B1B68002BCC
:10B49400C9D1364BC4F307461B68002BC6D0FF2026
:10B4A4009847C3E7354BC4F307461B68002BBDD050
:10B4B40030469847BAE7324B1A68002A00F0B18048
:10B4C400630CC4F30640260C03F47E53F6B218430F
:10B4D4009047ABE72B4BC4F307461B68002BE7D11F
:10B4E400A4E7294BC4F307461B68002B9DD19DE7B5
:10B4F400264B1B68002B96D11C4B1B68002B00F0BD
:10B504009080F820C4F3074698478FE70D2D62D149
:10B514000D2A60D11E4AD0200A4973E78020DDB28B
:10B52400C4F30746087006490F68002F7CD03146E3
:10B5340028461446B8472DE7CD5400209C540020DB
:10B54400CC520020D1540020CE540020CF540020EF
:10B55400D0540020D052002004530020C8520020B0
:10B56400D8520020E8520020EC520020DC52002087
:10B57400C4520020B8520020F8520020FC5200208F
:10B58400E0520020E452002000530020C05200206A
:10B59400BC520020FFF75EFC052D08D0C4F3074021
:10B5A400FFF758FC072D02D1200EFFF753FC2B4B5D
:10B5B4002B4819882B4A0170080A2B4C1070002064
:10B5C4002A4A1880F023246813707CB30122284887
:10B5D400A0470120F8BD0E2D7FF484AE0E2A7FF41F
:10B5E40081AE244AE02021491268087072B3610CCC
:10B5F400C4F30640DDB201F47E51260C240E01434F
:10B604002846F6B2A1F500519047C3E6FFF722FCA5
:10B61400C4F30740FFF71EFC200EFFF71BFC0020BD
:10B62400F8BDC4F3074601E73C46B3E6124B1B687A
:10B634008BB10F4898470120F8BD104B1B68002BB5
:10B64400EFD0FA20C4F307469847EFE6C4F3074661
:10B65400DDB2240E9EE60120F8BD00BF9C540020FC
:10B66400CF540020D0540020F4520020D1540020A4
:10B6740008530020D4520020F0520020DC52002055
:10B68400F8B5144C4FF0E025134E4FF4003204EBA0
:10B694004024124F06EB40160346C5F88C21214680
:10B6A4003A883046FFF76EFB3B882344BFF34F8F45
:10B6B400C5F85C4F2034A342FAD8BFF34F8FBFF3D1
:10B6C4006F8F03203146FFF789FB4FF40033C5F831
:10B6D4000C31F8BDA09E2020201C00209254002094
:10B6E400244B2DE9F0411C884368C569C3F30E431C
:10B6F400E41A002C24DD204920480A780078D3B2CB
:10B704001F4E82421F4807D010F8038036F8187085
:10B71400C7F50072944218D90133002226F8154067
:10B72400082B194E88BF134626F8152098BFDAB2A5
:10B73400C554164B0A701A6814441C60BDE8F081A5
:10B744002846BDE8F041FFF79BBF07EB48201049AE
:10B7540022462744084401EB4521FEF79DFB0B4A92
:10B76400284626F8187013682344BDE8F041136096
:10B77400FFF786BF92540020BE540020C05400201E
:10B78400243200205832002040320020143200209D
:10B79400A09E20201D4B1A78002A36D102F0FF0308
:10B7A4001B4A12788AB32DE9F0411A4D2A8852B304
:10B7B400194EC2F50068194F3278194C07EB42173D
:10B7C40004EBC224424638462146FFF7DBFA04EB79
:10B7D4000802BFF34F8F4FF0E023C3F8704F2034BB
:10B7E400A242FAD8BFF34F8FBFF36F8F03203946BD
:10B7F400FFF7E0FA33780133DBB2032B88BF002371
:10B80400337000232B80BDE8F0817047C9540020B9
:10B81400CB54002096540020C7540020A01D0020C3
:10B82400A0AE2020704700BF2D4B002180222D4860
:10B8340070B51B7800242C4D8B422C4E0CBF40233A
:10B844004FF400732B80338001F0D4F9284A214649
:10B85400284B14704FF4807227481C8001F0CAF9F9
:10B86400264A1021264B0220C2E90044C2E90244C0
:10B87400244AC3E900441470234AC3E90244234B15
:10B884001C70234614602246FFF74AFA2246318888
:10B8940003201F4BFFF712FA2346012229880320B5
:10B8A400FFF73EFA20460134FFF7EAFE082CF9D1EF
:10B8B400184B00214A221848184C0460C3F884101D
:10B8C400C3F88020D3F84821154942F08072C3F8A8
:10B8D400482121B1134A137843F00103137070BD5A
:10B8E400CC540020A01D00209A5400209254002023
:10B8F400C754002096540020201C0020243200202D
:10B9040040320020BE54002014320020C0540020D5
:10B914005199000000002E402C540020059A00008C
:10B9240000000000D3540020044B10B51C680CB177
:10B93400204610BD00F004F8204610BD143200204B
:10B944002DE9F8432D4B1E7866B12D4F3B784BB94A
:10B954000123F1073B7043D4B20726D400233B7084
:10B96400730701D4BDE8F883264B1A68002AF9D07E
:10B97400EFF30582002AF5D1EFF3108572B618684B
:10B98400002834D0204C2178002930D101222270A3
:10B9940042691A60002A2ED0916105B962B6002569
:10B9A4008368457798472570DCE7DFF8648098F86A
:10B9B4000030002BD2D00025DFF858902B4659F8E0
:10B9C40023400135236820461B69984710B16369F9
:10B9D4009B68984798F80020EBB29A42EFD8BDE7ED
:10B9E400FFF7A2FF0028B7D0AFF30080B4E7002D23
:10B9F400B8D162B6B6E7054B1A60CEE7D35400203F
:10BA0400A2540020A81E00209F540020B41E002031
:10BA1400A1540020D01E002070B5EFF3108272B63E
:10BA24000C4C206880B10C4E00254369236073B12F
:10BA34009D6102B962B6836845779847EFF3108237
:10BA440072B620680028F0D102B962B670BD3360C6
:10BA5400EFE700BFB01E0020AC1E0020FFF7DCBFE4
:10BA64000449054A4968054B19601368013313609A
:10BA7400704700BF001000E088520020845200206C
:10BA840001F1FF3C70B56646002400E00134B0FBD0
:10BA9400F2F502FB1503092B03F1370E03F1300312
:10BAA4005FFA8EFE98BF5FFA83FE9042284606F83E
:10BAB40001EFEBD2631C0022C818CA547CB1624661
:10BAC4001CF8015F10F8016DA1EB0C0302328CF835
:10BAD4000060013B521A057023449A42EFDB08468A
:10BAE40070BD00BF074A506A936A19468446506A7B
:10BAF400936A9942F9D18445F7D1DB0B43EA40407C
:10BB0400704700BF00400D4003460846194601F047
:10BB1400C3B800BF10EE103A40F22A41C3F30A52F0
:10BB24008A42B7EEC03A32D8B7EE000B2D4B93EDF4
:10BB34004A2B93ED481BB0EE417BA2EE037B17EE3C
:10BB4400100A37EE417B00F01F0203EBC20130B450
:10BB540092EE037B93ED4C4B53F832404D6893EDDA
:10BB64004E6B93ED505BA4EE076B27EE074B002161
:10BB74000A1905EBC033A5EE070B43EC172BA6EE11
:10BB8400040B30BC20EE070BB7EEC00B704713F567
:10BB9400000F20D0B2F5FF6F1AD2DFED137AB4EEA6
:10BBA400E70AF1EE10FA10DCDFED107AB4EEE70AE2
:10BBB400F1EE10FA12D4DFED0E7AB4EEE70AF1EEEC
:10BBC40010FAB1D5002000F033BB002000F036BBE2
:10BBD40030EE000A70479FED070A7047002000F01E
:10BBE40021BB00BF800200201772B142B4F1CFC262
:10BBF400CF8ECEC20000000010EE103AB3F17E5F8B
:10BC04003ED0A3F50001B1F1FE4F10EE102A3AD256
:10BC1400BFEE002B02F14043284903F54D03C3F363
:10BC2400C34001EB001091ED424B91ED447B91ED4B
:10BC3400406B91ED465BD90DC9052DED028B90ED5E
:10BC4400021B90ED008B521ADB1500EE103A03EE46
:10BC5400902AB8EEC00BB7EEE33A30EE010BA8EE33
:10BC6400032BBDEC028B22EE023BA4EE027BA5EE7D
:10BC7400020BA6EE037BA3EE070BB7EEC00B7047D7
:10BC84009FED0F0A7047590014D0B3F1FF4F14D041
:10BC9400002B0BDBB1F17F4F08D2DFED0A7A60EEA7
:10BCA400277A17EE903AA3F13862B1E700EE103A22
:10BCB40000F0DCBA012000F0C7BA7047C8030020C6
:10BCC400000000000000004B30B410EE103A2DEDDF
:10BCD400028BA3F5000110EE902AB1F1FE4F10EE95
:10BCE400104A82B04FEA42017CD201F1FF3C6FF06E
:10BCF4008070844580F0F780002004F1404303F510
:10BD04004D03C3F3C342DB0DDB05E11ADB1507EE7C
:10BD1400903AB14B03EB021292ED003B04EE101A81
:10BD2400B7EEE06AB7EEC44ABFEE000BA3EE040B15
:10BD340093ED443B20EE001B93ED464B93ED402BDB
:10BD4400A0EE034B93ED425B93ED483BA0EE025B08
:10BD540021EE012B92ED028BB8EEE77B37EE087BE8
:10BD6400A0EE037BA1EE047BA5EE027B26EE077B0F
:10BD740017EE903A48F2BF01C3F3CF338B4250D24F
:10BD8400B7EE000B954B93ED402B37EE023B13EED1
:10BD9400102A33EE423B02F01F01821803EBC1006C
:10BDA40093ED424B37EE437B53F83140456893EDB6
:10BDB400446B93ED465BA7EE046B27EE074B002321
:10BDC400181905EBC231A7EE050B41EC170BA6EED3
:10BDD400040B20EE070BB7EEC00B02B0BDEC028BD8
:10BDE40030BC70474D1E6FF08070854280F0CE806D
:10BDF40059004D1E854280F09280002B55DB0020B7
:10BE0400B4F5000FBFF479AFDFED757A07EE103AA1
:10BE140067EE277A17EE904A24F00044A4F13864C0
:10BE24006BE79FED656BB4EEC67BF1EE10FA15DCA3
:10BE34009FED636BB4EEC67BF1EE10FA20DD4FF09C
:10BE44004C5388B10193DDED016ABFEE006A76EED2
:10BE5400666AF4EE466AF1EE10FA11D002B0BDEC57
:10BE6400028B30BC00F0EAB90093DDED006AB7EE56
:10BE7400006A76EE866AF4EE466AF1EE10FAEDD1C7
:10BE84009FED516BB4EEC67BF1EE10FA57D99FEDDE
:10BE9400506BB4EEC67BF1EE10FA7FF571AF02B0D1
:10BEA400BDEC028B30BC00F0C3B9C2F3C7517E298C
:10BEB40011DD962954DC0120C1F1960100FA01F14B
:10BEC400481E104207D1114214BF01200020000473
:10BED40024F0004494E700EE103A02B0BDEC028B6B
:10BEE40030BC00F0C3B9002952D0B3F17E5F2CD02E
:10BEF4006400B4F17F4F2ED8B1F17F4F2BD1B4F150
:10BF0400FE4F4BD0B4F1FE4F6FEA020234BF00245F
:10BF14000124D20F94424CD09FED320A5DE7002BEE
:10BF240020EE000A1EDB002000293AD1002ABFF6C9
:10BF340054AF02B0BDEC028B30BC00F085B902B046
:10BF4400BDEC028B30BC00F06DB982F4800252006B
:10BF540012F5000F22D907EE903A37EEA00A3CE71B
:10BF64000020B5E7C2F3C753A3F17F001728DAD83E
:10BF7400C3F19600012303FA00F0441E1442D2D107
:10BF84001040D1D0B1EE400A1846CDE70029AFD118
:10BF940084F48002520012F5000FDCD8B7EE000AD8
:10BFA4001BE7002ABFF619AFF7EE007A87EE800A86
:10BFB40013E720EEA00A10E771D5D1FFFFFF5F4021
:10BFC400E2AAA3FFFFFF5F400000000000C062C0C0
:10BFD4000000000000A062C0E804002080020020ED
:10BFE4000000004B0000000030B510EE104AC4F30E
:10BFF4000A53B3F57D7FB7EEC06A83B01BD226EE39
:10C00400065BB3F5667F6ED326EE052B25EE021B89
:10C01400734B93ED1A3B93ED187B93ED164BA5EE02
:10C02400037BA2EE046BB0EE460BA7EE010BB7EE5A
:10C03400C00B03B030BD40F22E4293425ED8684933
:10C0440091ED087B26EE077BFDEEC77B91ED0A5B45
:10C0540017EE903A03F500031B1613F0020F07EED8
:10C06400903A01F1700208BF0A46D807B8EEE77BA0
:10C07400A7EE456B26EE067B1BD403F0030301EB0E
:10C08400C30192ED1A4B91ED002B92ED185B26EE55
:10C09400026B92ED163BA7EE045B26EE074B27EEF0
:10C0A400047BA4EE036BA5EE076BB7EEC60B03B0DF
:10C0B40030BD92ED142B27EE075B92ED126B92EDDF
:10C0C4000E3BA7EE026B92ED0C0B92ED104BA7EE1C
:10C0D400030B27EE057BA5EE040BA6EE070BB7EECC
:10C0E400C00B03B030BD220D12F4FF6FDFD1B7EEE9
:10C0F400C55B00EE104A8DED015AD8E7B3F5FF6F2A
:10C104004BD2384BC4F3836203EB820053F82220F2
:10C114000569C4F31603C4F3C25143F400038B400E
:10C12400016A03FB02F2A3FB0110E3FB050202F127
:10C1340000518D0F01F04041511A00F069FA2A4B69
:10C144009FED257B05EBD47441EC160B14F0020F24
:10C15400A3F1700208BF1346E90726EE077B27EE1A
:10C16400076B1FD404F0030402EBC40293ED1A4BD3
:10C1740092ED002B93ED185B27EE027B93ED163BBB
:10C18400A6EE045B27EE064B26EE046BA4EE037BBF
:10C19400A5EE067BB7EEC70B89E703B0BDE83040D8
:10C1A40000F064B893ED142B26EE065B93ED127B3E
:10C1B40093ED0E3BA6EE027B93ED0C0B93ED104B2F
:10C1C400A6EE030B26EE056BA5EE040BA7EE060BFD
:10C1D400B7EEC00B6BE700BF182D4454FB21193C8C
:10C1E400100600201C0800208006002010B582B034
:10C1F4008DED010A044600F067FD9DED010A04601F
:10C2040002B010BD30B1F1EE407A27EE800A222050
:10C21400FFF7ECBFF0EE407A27EE800A2220FFF70A
:10C22400E5BF00BF9FED010AFFF7ECBF000000105F
:10C234009FED010AFFF7E6BF0000201A9FED010AF7
:10C24400FFF7E0BF000000709FED070AFFEE007AE1
:10C25400B7EE007A00284FF0220047FE277A87EED7
:10C26400800AFFF7C3BF00BF0000000070EE407AF1
:10C27400B4EE400A87EEA77AF1EE10FAB0EE470A60
:10C2840002D62120FFF7B2BF704700BF10EE101A8C
:10C29400C1F3C7520029A2F17F0CB4BF4FF0FF30A5
:10C2A4000120BCF11E0F0FDCBCF1000F1DDBC1F33C
:10C2B4001603BCF1160F43F400030ADD963A03FAA1
:10C2C40002F202FB00F07047FDEEC07A17EE900A0E
:10C2D40070474FF4800242FA0CF21A44CCF1170C66
:10C2E40022FA0CF202FB00F07047BCF1FF3F18BFCA
:10C2F4000020704781F0004102E000BF83F000435A
:10C3040030B54FEA41044FEA430594EA050F08BFEC
:10C3140090EA020F1FBF54EA000C55EA020C7FEAB0
:10C32400645C7FEA655C00F0E2804FEA5454D4EB2D
:10C334005555B8BF6D420CDD2C4480EA020281EAF7
:10C34400030382EA000083EA010180EA020281EA2F
:10C354000303362D88BF30BD11F0004F4FEA013181
:10C364004FF4801C4CEA113102D0404261EB410190
:10C3740013F0004F4FEA03334CEA133302D0524216
:10C3840063EB430394EA050F00F0A780A4F10104D2
:10C39400D5F1200E0DDB02FA0EFC22FA05F280180C
:10C3A40041F1000103FA0EF2801843FA05F35941F2
:10C3B4000EE0A5F120050EF1200E012A03FA0EFC71
:10C3C40028BF4CF0020C43FA05F3C01851EBE3719B
:10C3D40001F0004507D54FF0000EDCF1000C7EEBB8
:10C3E40000006EEB0101B1F5801F1BD3B1F5001FF6
:10C3F4000CD349085FEA30004FEA3C0C04F1010415
:10C404004FEA445212F5800F80F09A80BCF1004F3D
:10C4140008BF5FEA500C50F1000041EB045141EABF
:10C42400050130BD5FEA4C0C404141EB0101013C88
:10C4340028BFB1F5801FE9D291F0000F04BF014677
:10C444000020B1FA81F308BF2033A3F10B03B3F149
:10C4540020020CDA0C3208DD02F1140CC2F10C02D9
:10C4640001FA0CF021FA02F10CE002F11402D8BF37
:10C47400C2F1200C01FA02F120FA0CFCDCBF41EA03
:10C484000C019040E41AA2BF01EB0451294330BDD2
:10C494006FEA04041F3C1CDA0C340EDC04F11404AF
:10C4A400C4F1200220FA04F001FA02F340EA030086
:10C4B40021FA04F345EA030130BDC4F10C04C4F1CC
:10C4C400200220FA02F001FA04F340EA03002946AC
:10C4D40030BD21FA04F0294630BD94F0000F83F4F6
:10C4E400801306BF81F480110134013D4EE77FEAD9
:10C4F400645C18BF7FEA655C29D094EA050F08BF25
:10C5040090EA020F05D054EA000C04BF1946104605
:10C5140030BD91EA030F1EBF0021002030BD5FEA49
:10C52400545C05D14000494128BF41F0004130BD71
:10C5340014F580043CBF01F5801130BD01F00045C5
:10C5440045F0FE4141F470014FF0000030BD7FEA38
:10C55400645C1ABF194610467FEA655C1CBF0B4633
:10C56400024650EA013406BF52EA033591EA030F4A
:10C5740041F4002130BD00BF90F0000F04BF002142
:10C58400704730B54FF4806404F132044FF0000575
:10C594004FF0000150E700BF90F0000F04BF0021EE
:10C5A400704730B54FF4806404F1320410F0004554
:10C5B40048BF40424FF000013EE700BF42004FEA4F
:10C5C400E2014FEA31014FEA02701FBF12F07F43CC
:10C5D40093F07F4F81F06051704732F07F4208BF83
:10C5E400704793F07F4F04BF41F40021704730B58A
:10C5F4004FF4607401F0004521F000411CE700BFD6
:10C6040050EA010208BF704730B54FF000050AE058
:10C6140050EA010208BF704730B511F0004502D559
:10C62400404261EB41014FF4806404F132045FEA5B
:10C63400915C3FF4D8AE4FF003025FEADC0C18BF04
:10C6440003325FEADC0C18BF033202EBDC02C2F1F6
:10C65400200300FA03FC20FA02F001FA03FE40EA88
:10C664000E0021FA02F11444BDE600BF024B01465C
:10C67400186800F003B800BF701100202DE9F04FD6
:10C6840001F10B06162E83B0044624D8102900F2BB
:10C69400BA8000F0A3FA102618220220B54F3A44BB
:10C6A400A2F1080153688B4200F0BA805A68D96835
:10C6B40022F003021A449D68E9608D60516841F0DC
:10C6C40001012046516003F1080500F08DFA284667
:10C6D40003B0BDE8F08F36F0070600F19480B14254
:10C6E40000F2918000F07AFAB6F5FC7FC0F09A81EE
:10C6F400730A00F08F80042B00F26F81B30903F1F9
:10C70400390003F1380CC3009A4F3B44A3F10805E8
:10C714005B689D4206D10CE0002980F22781DB682A
:10C724009D4206D05A6822F00302911B0F29F3DDC3
:10C7340060463D69DFF850C265457CD06A6822F0E6
:10C744000302931B0F2B00F37B81002BC7E904CC5E
:10C7540080F26C81B2F5007F80F01A81D308796889
:10C7640001334FEA521E012202FA0EF20A4357F82D
:10C7740033E0C5F808E007EBC3010839E9607A60E3
:10C7840047F83350CEF80C50831001219940914260
:10C7940057D8114206D120F003004900114200F19C
:10C7A4000400FAD007EBC0094D468646D5F80C8044
:10C7B400454508D11DE1002B80F22481D8F80C8076
:10C7C400454500F01681D8F8042022F00302931B9B
:10C7D4000F2BF0DD2046D8E9025408EB060146F0A1
:10C7E4000106C8F80460EC60A56043F00104C7E9E1
:10C7F4000411C1E902CC4C6048F8023000F0F4F9AD
:10C8040008F1080502E00C2323600025284603B044
:10C81400BDE8F08F4FF4007340204FF03F0C73E7F6
:10C82400D3689A4208BF02307FF440AF3D69DFF815
:10C8340058C1654582D17A6883100121994091429B
:10C84400A7D9BD686B6823F003094E4503D8A9EB4B
:10C8540006030F2B7ADCDFF834B1474BDBF80020FA
:10C864001B680132334405EB090A00F0338103F5F8
:10C8740080530F3323F47F6828F00F084146204685
:10C8840000F010FA411C024600F0F380824500F2E9
:10C89400EE803A4B196841441960084600F04E8115
:10C8A400DBF80010019301311BBFA2EB0A01091848
:10C8B400CBF80020196012F0070B00F01781CBF1C0
:10C8C40008010A44CBF5805190440831A1EB0801DA
:10C8D400C1F30B0A51462046009200F0E3F9421CD2
:10C8E400DDE9002300F04F81801A00EB0A08196883
:10C8F400BA6048F001005144BD425060196000F034
:10C904002981B9F10F0F40F227816868A9F10C0C55
:10C914002CF0070C00F0010040EA0C0068604FF0B6
:10C92400050E05EB0C00BCF10F0FC0E901EE00F29F
:10C93400328150681546124B1A688A4238BF196012
:10C94400104B1A688A4238BF196094E0AA1943F060
:10C95400010346F001066E602046BA60536000F0A1
:10C9640043F90835284603B0BDE8F08FD9681A4466
:10C97400A1E600BF600D002010210020E02000206F
:10C98400082100200C210020680D002068110020DF
:10C99400B2F5206F4FEA522363D3142B00F2B78011
:10C9A40003F15C01C9005B3307EB010E7958AEF16A
:10C9B400080E8E4500F091804B6823F003039342E8
:10C9C40002D989688E45F7D1D1F80CE07A68C5E9B7
:10C9D400021ECEF80850CD60D6E6142B59D9542B3C
:10C9E40000F29D80330B03F16F0003F16E0CC30062
:10C9F4008AE60EF1010E1EF0030F05F108057FF41F
:10CA0400D5AE51E0424445465368D8F80C1043F083
:10CA14000103536055F8083F2046D9608B6000F04D
:10CA2400E3F8F3E6F00806F1080237E62A44204664
:10CA3400536843F001035360083500F0D5F8E5E688
:10CA4400A919204646F0010643F001046E60C7E9C7
:10CA54000411C1E902CC4C60AB5000F0C5F80835B4
:10CA6400D4E6930903F13901C90038339CE7BD4288
:10CA74005FD0BD68686820F003084645A8EB06034C
:10CA840002D80F2B3FF762AF204600F0ADF8002527
:10CA9400BCE603F15C0003F15B0CC30034E659F817
:10CAA40008394B4540F0968010F0030F00F1FF3039
:10CAB400F5D17B6823EA01037B60490099423FF684
:10CAC400C0AE19B9BDE649000EF1040E1942FAD000
:10CAD400704667E603F11008D0E69A104FF001089B
:10CAE4007B6808FA02F21A437A6070E702EB0801E5
:10CAF4004942C1F30B0A51462046009200F0D2F895
:10CB0400431CDDE900237FF4EFAEDA46EFE6542B55
:10CB140025D8130B03F16F01C9006E3344E7B3F555
:10CB2400AA7F25D8F30B03F1780003F1770CC30037
:10CB3400EAE5294B186840441860B1E6CAF30B0CC7
:10CB4400BCF1000F7FF4ACAEBD68C84448F00100EE
:10CB54006860F0E61546EEE60123536094E7B3F50A
:10CB6400AA7F23D8D30B03F17801C90077331BE7DD
:10CB740040F25452934223D8B30C03F17D0003F1E5
:10CB84007C0CC300C0E5ABF1080BD844A8EB020849
:10CB94004FF0000AABE605F108012046009300F0CF
:10CBA40055F9BD68009B68681968C4E640F25451A1
:10CBB4008B420BD8930C03F17D01C9007C33F3E65F
:10CBC4004FF47E737F204FF07E0C9DE54FF47E7111
:10CBD4007E23E9E67B6870E7E0200020014800F04E
:10CBE4009DB800BFDC200020014800F099B800BFC8
:10CBF400DC200020830730B548D0541E002A3FD0E3
:10CC0400CAB2034601E0013C3AD303F8012B9D0765
:10CC1400F9D1032C2DD9CDB245EA05250F2C45EACF
:10CC2400054536D9A4F1100222F00F0C03F1200EB1
:10CC3400E6444FEA121C03F1100242E9045542E9AA
:10CC4400025510327245F8D10CF1010214F00C0FA8
:10CC540003EB021204F00F0C13D0ACF1040323F025
:10CC640003030433134442F8045B9342FBD10CF0F6
:10CC740003042CB1C9B21C4403F8011B9C42FBD130
:10CC840030BD64461346002CF4D1F9E7034614463C
:10CC9400BFE71A46A446E0E713460A4601460220C7
:10CCA40000F040B838B5074D0022044608462A6013
:10CCB400FDF7DAFB431C00D038BD2B68002BFBD0FA
:10CCC400236038BD40230020014B1868704700BF23
:10CCD4007011002070B50D4E0D4D761BB61006D0A8
:10CCE400002455F8043B01349847A642F9D1094E73
:10CCF400094D761B00F0BCF9B61006D0002455F897
:10CD0400043B01349847A642F9D170BD001C006071
:10CD1400001C0060101C0060001C0060704700BF15
:10CD2400704700BF2DE9F047DFF87CA00646DAF82B
:10CD3400000098460F469146FFF7F0FF184B1C6819
:10CD440024B365681F2D24DC5EB96B1C0235DAF848
:10CD54000000636044F82570FFF7E2FF0020BDE89F
:10CD6400F08704EB85010123C1F88890D4F8882169
:10CD7400AB401A43022EC4F88821C1F80881E4D1DB
:10CD8400D4F88C211A43C4F88C21DEE7054C1C60CE
:10CD9400D7E7DAF80000FFF7C3FF4FF0FF30DEE714
:10CDA400441F0020481F0020540D0020F8B5244FD4
:10CDB4000C460646FFF712FFBB685D68C4F57E614A
:10CDC4000F3125F003054B1923F47F6323F00F0380
:10CDD400A3F58054B4F5805F07DB00213046FFF7EC
:10CDE40061FFBB682B44984204D03046FFF7FCFE39
:10CDF4000020F8BD61423046FFF754FF01300DD0EA
:10CE0400104ABB682D1B45F001055D601368304670
:10CE14001B1B1360FFF7E8FE0120F8BD002130461C
:10CE2400FFF740FFBA68831A0F2BDEDD43F00103DE
:10CE34005360054B03491B68C01A0860D5E700BF5F
:10CE4400600D0020E020002068110020002961D03E
:10CE5400F8B50C460646FFF7C1FE54F8042C7B4F88
:10CE6400A4F1080522F0010105EB010CB868DCF817
:10CE74000430604523F0030300F08B80D207CCF824
:10CE8400043032D454F8082CAD1A1144AA6807F1BE
:10CE9400080082426AD00CEB0304D4F804E0EC6886
:10CEA400D4601EF0010FA26000F0978041F00103EE
:10CEB4006B60CCF80010B1F5007F35D27868CB08F0
:10CEC4000122490901338A40024357F833107A603A
:10CED40007EBC302083AC5E9021247F83350CD60A4
:10CEE4003046BDE8F840FFF77FBE0CEB0302526802
:10CEF400D00710D4194407F10800DCF80830834245
:10CF040073D0DCF80C20DA60936041F001036B60AD
:10CF14006950D0E7704741F00103B1F5007F44F850
:10CF2400043CCCF80010C9D3B1F5206F4FEA51236B
:10CF340048D28B0903F1390003F13802C300F81811
:10CF4400FB580838984259D05A6822F003028A42A2
:10CF540002D99B689842F7D1D868C5E90230856048
:10CF6400DD603046BDE8F840FFF73EBE0CEB03023F
:10CF74005268D20763D40B44DCE90212CA609160A0
:10CF840043F001026A603046EB50BDE8F840FFF719
:10CF94002BBE0B44D10707D454F8082CAD1A134404
:10CFA400D5E90212CA60916043F001026A60284A1E
:10CFB400BD6012689A4293D8264B30461968FFF731
:10CFC400F5FE8DE7142B0AD9542B1FD80B0B03F154
:10CFD4006F0003F16E02C300B1E719448DE703F15A
:10CFE4005C0003F15B02C300A9E741F00103C7E958
:10CFF4000455C5E902006B60695071E779689210C5
:10D00400012404FA02F20A437A60A6E7B3F5AA7F80
:10D0140006D8CB0B03F1780003F17702C3008EE747
:10D0240040F25452934206D88B0C03F17D0003F175
:10D034007C02C30083E74FF47E737E227FE741F0D6
:10D0440001036B60CCF800104AE700BF600D0020BC
:10D054006C110020102100205FF800F069160060B8
:10D064005FF800F0151600605FF800F04D1B0060DB
:10D074005FF800F0A11B0060000000000000000049
:04D08400F8B500BF3C
:08D0880084EAFF7F01000000B3
:10D090000000000000000000000000000000000090
:10D0A0000000000000000000000000000000000080
:10D0B0000000000000000000000000000000000070
:10D0C0000000000000000000000000000000000060
:10D0D0000000000000000000000000000000000050
:10D0E0000000000000000000000000000000000040
:10D0F0000000000000000000000000000000000030
:10D10000000000000000000000000000000000001F
:10D11000000000000000000000000000000000000F
:10D1200000000000000000000000000000000000FF
:10D1300000000000000000000000000000000000EF
:10D1400000000000000000000000000000000000DF
:10D1500000000000000000000000000000000000CF
:10D1600000000000000000000000000000000000BF
:10D1700000000000000000000000000000000000AF
:10D18000000000000000000000000000000000009F
:10D19000000000000000000000000000000000008F
:10D1A000000000000000000000000000000000007F
:10D1B000000000000000000000000000000000006F
:10D1C000000000000000000000000000000000005F
:10D1D000000000000000000000000000000000004F
:10D1E000000000000000000000000000000000003F
:10D1F000000000000000000000000000000000002F
:10D20000000000000000000000000000000000001E
:10D21000000000000000000000000000000000000E
:10D2200000000000000000000000000000000000FE
:10D2300000000000000000000000000000000000EE
:10D2400000000000000000000000000000000000DE
:10D2500000000000000000000000000000000000CE
:10D2600000000000000000000000000000000000BE
:10D2700000000000000000000000000000000000AE
:10D28000000000000000000000000000000000009E
:10D29000000000000000000000000000000000008E
:10D2A000000000000000000000000000000000007E
:10D2B000000000000000000000000000000000006E
:10D2C000000000000000000000000000000000005E
:10D2D000000000000000000000000000000000004E
:10D2E000000000000000000000000000000000003E
:10D2F000000000000000000000000000000000002E
:10D30000000000000000000000000000000000001D
:10D31000000000000000F03F748515D3B0D9EF3F46
:10D320000F89F96C58B5EF3F515B12D00193EF3F75
:10D330007B517D3CB872EF3FAAB968318754EF3F0B
:10D340003862756E7A38EF3FE1DE1FF59D1EEF3FC4
:10D3500015B7310AFE06EF3FCBA93A37A7F1EE3FEA
:10D360002234124CA6DEEE3F2D89616008CEEE3FDE
:10D37000272A36D5DABFEE3F824F9D562BB4EE3FBB
:10D38000295448DD07ABEE3F85553AB07EA4EE3F09
:10D39000CD3B7F669EA0EE3F745FECE8759FEE3F4D
:10D3A0008701EB7314A1EE3F13CE4C9989A5EE3F94
:10D3B000DBA02A42E5ACEE3FE5C5CDB037B7EE3F86
:10D3C00090F0A38291C4EE3F5D253EB203D5EE3FBF
:10D3D000ADD35A999FE8EE3F475EFBF276FFEE3FF2
:10D3E0009C5285DD9B19EF3F6990EFDC2037EF3FC2
:10D3F00087A4FBDC1858EF3F5F9B7B33977CEF3FA4
:10D40000DA90A4A2AFA4EF3F40456E5B76D0EF3F29
:10D41000000000000000E8429423914BF86AAC3F02
:10D42000F3C4FA50CEBFCE3FD6520CFF422EE63F99
:10D430000000000000003843FE822B65471547407E
:10D440009423914BF86ABC3EF3C4FA50CEBF2E3FF2
:10D45000D6520CFF422E963FBEF3F879EC61F63FB0
:10D460001930965BC6FEDEBF3D88AF4AED71F53FD1
:10D47000A4FCD432680BDBBFB010F0F03995F43F58
:10D480007BB71F0A8B41D7BF8503B8B095C9F33F5F
:10D490007BCF6D1AE99DD3BFA564880C190DF33FAE
:10D4A00031B6F2F39B1DD0BFA08E0B7B225EF23F04
:10D4B000F07A3B1B1D7CC9BF3F341A4A4ABBF13F7F
:10D4C0009F3CAF93E3F9C2BFBAE58AF05823F13F1E
:10D4D0005C8D78BFCB60B9BFA70099413F95F03F05
:10D4E000CE5F47B69D6FAABF000000000000F03F6E
:10D4F0000000000000000000AC479AFD8C60EE3F89
:10D500003DF5249FCA38B33FA06A021FB3A4EC3F85
:10D51000BA913854A976C43FE6FC6A573620EB3FEF
:10D52000D2E4C44A0B84CE3F2DAAA163D1C2E93F05
:10D530001C65C6F04506D43FED417803E686E83F1A
:10D54000F89F1B2C9C8ED83F624853F5DC67E73F61
:10D55000CC7BB14EA4E0DC3F4D7E0AF7B612D7BFBC
:10D56000E0326849BFCADE3FDEE3FA9F4715E7BFF6
:10D57000B8C8355F4715F73FBEF3F879EC61F63F61
:10D580001930965BC6FEDEBF3D88AF4AED71F53FB0
:10D59000A4FCD432680BDBBFB010F0F03995F43F37
:10D5A0007BB71F0A8B41D7BF8503B8B095C9F33F3E
:10D5B0007BCF6D1AE99DD3BFA564880C190DF33F8D
:10D5C00031B6F2F39B1DD0BFA08E0B7B225EF23FE3
:10D5D000F07A3B1B1D7CC9BF3F341A4A4ABBF13F5E
:10D5E0009F3CAF93E3F9C2BFBAE58AF05823F13FFD
:10D5F0005C8D78BFCB60B9BFA70099413F95F03FE4
:10D60000CE5F47B69D6FAABF000000000000F03F4C
:10D610000000000000000000AC479AFD8C60EE3F67
:10D620003DF5249FCA38B33FA06A021FB3A4EC3F64
:10D63000BA913854A976C43FE6FC6A573620EB3FCE
:10D64000D2E4C44A0B84CE3F2DAAA163D1C2E93FE4
:10D650001C65C6F04506D43FED417803E686E83FF9
:10D66000F89F1B2C9C8ED83F624853F5DC67E73F40
:10D67000CC7BB14EA4E0DC3F0B6E49C91676D23F9D
:10D680007AC675A06919D7BFDDBAA76C0AC7DE3F95
:10D69000C8F6BE484715E7BF2BB82A654715F73FC0
:10D6A000000000000000F03F000000000000F0BF9C
:10D6B000000000000000F0BF000000000000F03F8C
:10D6C00083C8C96D305F6441182D4454FB21F93F74
:10D6D000000000000000F03F1C620CFDFFFFDFBFF8
:10D6E000198F06E15355A53F9D359AE887C056BF6F
:10D6F000C3F87B024393F93E03A695595455C5BF21
:10D70000C40B23057610813F24CF7437EB9429BFD7
:10D71000000000000000F03F000000000000F0BF2B
:10D72000000000000000F0BF000000000000F03F1B
:10D7300083C8C96D305F6441182D4454FB21F93F03
:10D74000000000000000F0BF1C620CFDFFFFDF3F87
:10D75000198F06E15355A5BF9D359AE887C0563FFE
:10D76000C3F87B024393F9BE03A695595455C5BF30
:10D77000C40B23057610813F24CF7437EB9429BF67
:10D780000000A4426666E63E0AD7233E3333B33E2A
:10D79000AE47613E3333B33ECDCC0C3F8FC2F53E36
:10D7A0003333B33ECDCC0C3F0000803F0000403F00
:10D7B0003333B33E00000000000000000000000012
:10D7C0000000000000000000000000000000000059
:10D7D0000000000000000000000000000000000049
:10D7E0000000000001000000030000000200000033
:10D7F00000000000000305070A0C0F1100020406D8
:10D80000080A0C0E000204070A0C0E13000106079A
:10D810000B0C1213000207090E1015170001040665
:10D82000080A0B0C000000007B14DE4085EB5D4114
:10D8300000000000CDCC6C40666626C00E0F1011B3
:10D8400012130000000000007B14DE4085EB5D41F8
:10D8500000000000CDCC6C40666626C014AE47BF09
:10D860008FC2753D14AE473F5176000055760000DB
:10D87000597600005D760000000000000000000006
:10D880000D8700000000000000000000591A000091
:10D890000000000000000000F56C000029010000FD
:10D8A0002D010000350100003D010000A200000034
:10D8B000F9A2000083F9A2006E83F9A24E6E83F9EB
:10D8C000444E6E8315444E6E2915444EFC29154472
:10D8D00027FC29155727FC29D15727FCF5D15727B5
:10D8E00034F5D157DD34F5D1C0DD34F5DBC0DD349E
:10D8F00062DBC0DD9562DBC0999562DB3C99956285
:10D90000433C999590433C994190433C0000004230
:10D91000C8801F40B8821F4008000000000000427D
:10D92000C4801F40B4821F400400000000C00042B9
:10D9300024801F4014821F401000000000C00042DD
:10D9400028801F4018821F402000000000C00042B5
:10D950002C801F401C821F404000000000C000427D
:10D9600034801F4024821F4000010000004000421C
:10D9700064811F4054831F400004000000400042A7
:10D9800080811F4070831F40000002000040004261
:10D990007C811F406C831F4000000100004000425A
:10D9A00068811F4058831F4000080000004000426B
:10D9B0003C811F402C831F400100000000400042BA
:10D9C00044811F4034831F40040000000040004297
:10D9D00040811F4030831F40020000000040004291
:10D9E00048811F4038831F400800000000000042AB
:10D9F00004811F40F4821F40000004000000004228
:10DA000008811F40F8821F4000000800000000420B
:10DA100018811F4008831F40000080000000004262
:10DA200014811F4004831F4000004000000000429A
:10DA300000811F40F0821F400000020000000042F1
:10DA4000FC801F40EC821F400000010000000042EB
:10DA500024811F4014831F40000000040000004286
:10DA600028811F4018831F4000000008000000426A
:10DA70001C811F400C831F40000000010000004279
:10DA800020811F4010831F40000000020000004260
:10DA9000EC801F40DC821F400010000000000042AC
:10DAA000F0801F40E0821F40002000000000004284
:10DAB00034811F4024831F400000004000000042CA
:10DAC00038811F4028831F400000008000800042F2
:10DAD00094801F4084821F400000040000C0004268
:10DAE00090801F4080821F40000000800080004224
:10DAF000A8801F4098821F400000800000800042E4
:10DB0000A4801F4094821F4000004000004000425B
:10DB10006C811F405C831F400010000000C0004269
:10DB200030801F4020821F408000000000800042A3
:10DB3000C8811F40B8831F40008000000080004261
:10DB4000C4811F40B4831F40004000000080004299
:10DB5000C0811F40B0831F400020000000800042B1
:10DB6000BC811F40AC831F400010000000800042B9
:10DB7000D0811F40C0831F4000000200008000428F
:10DB8000CC811F40BC831F400000010007080C0B24
:10DB900006050F000D0E0102838407080C0B060515
:10DBA0000F000D0E01028384010100040100000436
:10DBB00001320101013202010110010101110101D3
:10DBC0000112010201030206010301060112020211
:10DBD0000200000102020001020100010210000126
:10DBE00002220001022300010000000000000000EA
:10DBF00002210001022000010000000000000000DE
:10DC0000013001010131010101020004010300049E
:10DC100000000000000000000121020101210101BB
:10DC200000000000000000000000000001100201E0
:10DC300001010201010101010100020101000101D4
:10DC40000102020101020101000100007C1100201B
:10DC50001200000000060000881D00600A0000009D
:10DC600000020000F01C00609500000000070000AA
:10DC7000581C00609500000000030000541C006068
:10DC80000000000001030904301C006000000000D7
:10DC900002030904101C00600000000003030904D3
:10DCA0002C14002000000000000000000000000014
:10DCB000000000000000000000000000142100200F
:10DCC0007C210020E4210020000000000000000072
:10DCD0000000000000000000000000000000000044
:10DCE0000000000000000000000000000000000034
:10DCF0000000000000000000000000000000000024
:10DD00000000000000000000000000000000000013
:10DD10000000000000000000000000000000000003
:10DD200000000000000000000000000000000000F3
:10DD300000000000000000000000000000000000E3
:10DD400000000000000000000000000000000000D3
:10DD500001000000000000000E33CDAB34126DE670
:10DD6000ECDE05000B0000000000000000000000D9
:10DD700000000000000000000000000000000000A3
:10DD80000000000000000000000000000000000093
:10DD90000000000000000000000000000000000083
:10DDA0000000000000000000000000000000000073
:10DDB0000000000000000000000000000000000063
:10DDC0000000000000000000000000000000000053
:10DDD00000000000000000000029DE07007B9A1709
:10DDE000FFFFFFFFD8200020A0CE20200000000071
:10DDF0000000000000000000600D0020600D002009
:10DE0000680D0020680D0020700D0020700D0020AE
:10DE1000780D0020780D0020800D0020800D00205E
:10DE2000880D0020880D0020900D0020900D00200E
:10DE3000980D0020980D0020A00D0020A00D0020BE
:10DE4000A80D0020A80D0020B00D0020B00D00206E
:10DE5000B80D0020B80D0020C00D0020C00D00201E
:10DE6000C80D0020C80D0020D00D0020D00D0020CE
:10DE7000D80D0020D80D0020E00D0020E00D00207E
:10DE8000E80D0020E80D0020F00D0020F00D00202E
:10DE9000F80D0020F80D0020000E0020000E0020DC
:10DEA000080E0020080E0020100E0020100E00208A
:10DEB000180E0020180E0020200E0020200E00203A
:10DEC000280E0020280E0020300E0020300E0020EA
:10DED000380E0020380E0020400E0020400E00209A
:10DEE000480E0020480E0020500E0020500E00204A
:10DEF000580E0020580E0020600E0020600E0020FA
:10DF0000680E0020680E0020700E0020700E0020A9
:10DF1000780E0020780E0020800E0020800E002059
:10DF2000880E0020880E0020900E0020900E002009
:10DF3000980E0020980E0020A00E0020A00E0020B9
:10DF4000A80E0020A80E0020B00E0020B00E002069
:10DF5000B80E0020B80E0020C00E0020C00E002019
:10DF6000C80E0020C80E0020D00E0020D00E0020C9
:10DF7000D80E0020D80E0020E00E0020E00E002079
:10DF8000E80E0020E80E0020F00E0020F00E002029
:10DF9000F80E0020F80E0020000F0020000F0020D7
:10DFA000080F0020080F0020100F0020100F002085
:10DFB000180F0020180F0020200F0020200F002035
:10DFC000280F0020280F0020300F0020300F0020E5
:10DFD000380F0020380F0020400F0020400F002095
:10DFE000480F0020480F0020500F0020500F002045
:10DFF000580F0020580F0020600F0020600F0020F5
:10E00000680F0020680F0020700F0020700F0020A4
:10E01000780F0020780F0020800F0020800F002054
:10E02000880F0020880F0020900F0020900F002004
:10E03000980F0020980F0020A00F0020A00F0020B4
:10E04000A80F0020A80F0020B00F0020B00F002064
:10E05000B80F0020B80F0020C00F0020C00F002014
:10E06000C80F0020C80F0020D00F0020D00F0020C4
:10E07000D80F0020D80F0020E00F0020E00F002074
:10E08000E80F0020E80F0020F00F0020F00F002024
:10E09000F80F0020F80F00200010002000100020D2
:10E0A0000810002008100020101000201010002080
:10E0B0001810002018100020201000202010002030
:10E0C00028100020281000203010002030100020E0
:10E0D0003810002038100020401000204010002090
:10E0E0004810002048100020501000205010002040
:10E0F00058100020581000206010002060100020F0
:10E10000681000206810002070100020701000209F
:10E11000781000207810002080100020801000204F
:10E1200088100020881000209010002090100020FF
:10E130009810002098100020A0100020A0100020AF
:10E14000A8100020A8100020B0100020B01000205F
:10E15000B8100020B8100020C0100020C01000200F
:10E16000C8100020C8100020D0100020D0100020BF
:10E17000D8100020D8100020E0100020E01000206F
:10E18000E8100020E8100020F0100020F01000201F
:10E19000F8100020F81000200011002000110020CD
:10E1A000081100200811002010110020101100207B
:10E1B000181100201811002020110020201100202B
:10E1C00028110020281100203011002030110020DB
:10E1D000381100203811002040110020401100208B
:10E1E000481100204811002050110020501100203B
:10E1F0005811002058110020FFFFFFFF000002000F
:10E20000280C00200000003F0000003F1201000227
:10E21000EF020140C0168B0401030102030100005C
:10E22000F17F0000F17F0000F17F0000F17F00002E
:10E23000F17F0000F17F0000F17F0000F17F00001E
:10E24000F17F0000F17F0000F17F0000F17F00000E
:10E25000F17F0000F17F0000F17F0000F17F0000FE
:10E26000F17F0000F17F0000F17F0000F17F0000EE
:10E27000F17F0000F17F0000F17F0000F17F0000DE
:10E28000F17F0000F17F0000F17F0000F17F0000CE
:10E29000F17F0000F17F0000F17F0000F17F0000BE
:10E2A000F17F0000F17F0000F17F0000F17F0000AE
:10E2B000F17F0000F17F0000F17F0000F17F00009E
:10E2C000F17F0000F17F0000F17F0000F17F00008E
:10E2D000F17F0000F17F0000F17F0000F17F00007E
:10E2E000F17F0000F17F0000F17F0000F17F00006E
:10E2F000F17F0000F17F0000F17F0000F17F00005E
:10E30000F17F0000F17F0000F17F0000F17F00004D
:10E31000F17F0000F17F0000F17F0000F17F00003D
:10E32000F17F0000F17F0000F17F0000F17F00002D
:10E33000F17F0000F17F0000F17F0000F17F00001D
:10E34000F17F0000F17F0000F17F0000F17F00000D
:10E35000F17F0000F17F0000F17F0000F17F0000FD
:10E36000F17F0000F17F0000F17F0000F17F0000ED
:10E37000F17F0000F17F0000F17F0000F17F0000DD
:10E38000F17F0000F17F0000F17F0000F17F0000CD
:10E39000F17F0000F17F0000F17F0000F17F0000BD
:10E3A000F17F0000F17F0000F17F0000F17F0000AD
:10E3B000F17F0000F17F0000F17F0000F17F00009D
:10E3C000F17F0000F17F0000F17F0000F17F00008D
:10E3D000F17F0000F17F0000F17F0000F17F00007D
:10E3E000F17F0000F17F0000F17F0000F17F00006D
:10E3F000F17F0000F17F0000F17F0000F17F00005D
:10E40000F17F0000F17F0000F17F0000F17F00004C
:10E41000F17F0000F17F0000F17F0000F17F00003C
:10E42000FFFFFFFFFFFFFFFFFFFFFFFF20A1070030
:10E430000000000080000000484F54003C434800AA
:10E440007B14AE3EAE47E13E3333B33E0AD7A33E24
:10E450003D0AD73ECDCC0C3F0000803F0000003F7E
:10E460000000003F0000003F5C8FC23E3D0AD73EE7
:10E4700085EB513F54220020000000000000000006
:10E4800000000000000000000000000080220020CA
:10E49000000000000000000000000000000000007C
:10E4A00000000000AC22002000000000000000007E
:10E4B0000000000000000000000000000C0300004D
:10E4C000000000000000000000000000000000004C
:10E4D0000000083C010100000000000000000000F6
:10E4E000000000000000000000000000000000002C
:10E4F000000000000000000000000000000000001C
:10E50000000000000000000000000000000000000B
:10E5100000000000000000000000000000000000FB
:10E5200000000000000000000000000000000000EB
:10E5300000000000000000000000000000000000DB
:10E5400000000000000000000000000000000000CB
:10E5500000000000000000000000000000000000BB
:10E5600000000000000000000000000000000000AB
:10E57000000000000000000000000000000000009B
:10E58000000000000000000000000000000000008B
:10E59000000000000000000000000000000000007B
:10E5A000000000000000000000000000000000006B
:10E5B000000000000000000000000000000000005B
:10E5C000000000000000000000000000000000004B
:10E5D000000000000000000000000000000000003B
:10E5E000000000000000000000000000000000002B
:10E5F000000000000000000000000000000000001B
:10E60000000000000000000000000000000000000A
:10E6100000000000000000000000000000000000FA
:10E6200000000000000000000000000000000000EA
:10E6300000000000000000000000000000000000DA
:10E6400000000000000000000000000000000000CA
:10E6500000000000000000000000000000000000BA
:10E6600000000000000000000000000000000000AA
:10E67000000000000000000000000000000000009A
:10E68000000000000000000000000000000000008A
:10E69000000000000000000000000000000000007A
:10E6A000000000000000000000000000000000006A
:10E6B000000000000000000000000000000000005A
:10E6C000000000000000000000000000000000004A
:10E6D000000000000000000000000000000000003A
:10E6E000000000000000000000000000000000002A
:10E6F000000000000000000000000000000000001A
:10E700000000000000000000000000000000000009
:10E7100000000000000000000000000000000000F9
:10E7200000000000000000000000000000000000E9
:10E7300000000000000000000000000000000000D9
:10E7400000000000000000000000000000000000C9
:10E7500000000000000000000000000000000000B9
:10E7600000000000000000000000000000000000A9
:10E770000000000000000000000000000000000099
:10E780000000000000000000000000000000000089
:10E790000000000000000000000000000000000079
:10E7A0000000000000000000000000000000000069
:10E7B0000000000000000000000000000000000059
:10E7C0000000000000000000000000000000000049
:10E7D0000000000000000000000000000000000039
:10E7E0000000000000000000000000000000000029
:10E7F0000000000000000000000000000000000019
:10E800000000000000000000000000000000000008
:10E8100000000000000000000000000000000000F8
:10E8200000000000000000000000000000000000E8
:10E8300000000000000000000000000000000000D8
:10E8400000000000000000000000000000000000C8
:10E8500000000000000000000000000000000000B8
:10E8600000000000000000000000000000000000A8
:10E870000000000000000000000000000000000098
:10E880000000000000000000000000000000000088
:10E890000000000000000000000000000000000078
:10E8A0000000000000000000000000000000000068
:10E8B0000000000000000000000000000000000058
:10E8C0000000000000000000000000000000000048
:10E8D0000000000000000000000000000000000038
:10E8E0000000000000000000000000000000000028
:10E8F0000000000000000000000000000000000018
:10E900000000000000000000000000000000000007
:10E9100000000000000000000000000000000000F7
:10E9200000000000000000000000000000000000E7
:10E9300000000000000000000000000000000000D7
:10E9400000000000000000000000000000000000C7
:10E9500000000000000000000000000000000000B7
:10E9600000000000000000000000000000000000A7
:10E970000000000000000000000000000000000097
:10E980000000000000000000000000000000000087
:10E990000000000000000000000000000000000077
:10E9A0000000000000000000000000000000000067
:10E9B0000000000000000000000000000000000057
:10E9C0000000000000000000000000000000000047
:10E9D0000000000000000000000000000000000037
:10E9E0000000000000000000000000000000000027
:10E9F0000000000000000000000000000000000017
:10EA00000000000000000000000000000000000006
:10EA100000000000000000000000000000000000F6
:10EA200000000000000000000000000000000000E6
:10EA300000000000000000000000000000000000D6
:10EA400000000000000000000000000000000000C6
:10EA500000000000000000000000000000000000B6
:10EA600000000000000000000000000000000000A6
:10EA70000000000000000000000000000000000096
:10EA80000000000000000000000000000000000086
:10EA90000000000000000000000000000000000076
:10EAA0000000000000000000000000000000000066
:10EAB0000000000000000000000000000000000056
:10EAC0000000000000000000000000000000000046
:10EAD0000000000000000000000000000000000036
:10EAE0000000000000000000000000000000000026
:10EAF0000000000000000000000000000000000016
:10EB00000000000000000000000000000000000005
:10EB100000000000000000000000000000000000F5
:10EB200000000000000000000000000000000000E5
:10EB300000000000000000000000000000000000D5
:10EB400000000000000000000000000000000000C5
:10EB5000FFFFFFFFFFFFFFFFFFFFFFFFFFFFFFFFC5
:10EB6000FFFFFFFFFFFFFFFFFFFFFFFFFFFFFFFFB5
:10EB7000FFFFFFFFFFFFFFFFFFFFFFFFFFFFFFFFA5
:10EB8000FFFFFFFFFFFFFFFFFFFFFFFFFFFFFFFF95
:10EB9000FFFFFFFFFFFFFFFFFFFFFFFFFFFFFFFF85
:10EBA000FFFFFFFFFFFFFFFFFFFFFFFFFFFFFFFF75
:10EBB000FFFFFFFFFFFFFFFFFFFFFFFFFFFFFFFF65
:10EBC000FFFFFFFFFFFFFFFFFFFFFFFFFFFFFFFF55
:10EBD000FFFFFFFFFFFFFFFFFFFFFFFFFFFFFFFF45
:10EBE000FFFFFFFFFFFFFFFFFFFFFFFFFFFFFFFF35
:10EBF000FFFFFFFFFFFFFFFFFFFFFFFFFFFFFFFF25
:10EC00000000000000000000000000000000000004
:10EC100000000000000000000000000000000000F4
:10EC200000000000000000000000000000000000E4
:10EC300000000000000000000000000000000000D4
:10EC400000000000000000000000000000000000C4
:10EC500000000000000000000000000000000000B4
:10EC600000000000000000000000000000000000A4
:10EC70000000000000000000000000000000000094
:10EC80000000000000000000000000000000000084
:10EC90000000000000000000000000000000000074
:10ECA0000000000000000000000000000000000064
:10ECB0000000000000000000000000000000000054
:10ECC0000000000000000000000000000000000044
:10ECD0000000000000000000000000000000000034
:10ECE0000000000000000000000000000000000024
:10ECF0000000000000000000000000000000000014
:10ED00000000000000000000000000000000000003
:10ED100000000000000000000000000000000000F3
:10ED200000000000000000000000000000000000E3
:10ED300000000000000000000000000000000000D3
:10ED400000000000000000000000000000000000C3
:10ED500000000000000000000000000000000000B3
:10ED600000000000000000000000000000000000A3
:10ED70000000000000000000000000000000000093
:10ED80000000000000000000000000000000000083
:10ED90000000000000000000000000000000000073
:10EDA0000000000000000000000000000000000063
:10EDB0000000000000000000000000000000000053
:10EDC0000000000000000000000000000000000043
:10EDD0000000000000000000000000000000000033
:10EDE0000000000000000000000000000000000023
:10EDF0000000000000000000000000000000000013
:10EE00000000000000000000000000000000000002
:10EE100000000000000000000000000000000000F2
:10EE200000000000000000000000000000000000E2
:10EE300000000000000000000000000000000000D2
:10EE400000000000000000000000000000000000C2
:10EE500000000000000000000000000000000000B2
:10EE600000000000000000000000000000000000A2
:10EE70000000000000000000000000000000000092
:10EE80000000000000000000000000000000000082
:10EE90000000000000000000000000000000000072
:10EEA0000000000000000000000000000000000062
:10EEB0000000000000000000000000000000000052
:10EEC0000000000000000000000000000000000042
:10EED0000000000000000000000000000000000032
:10EEE0000000000000000000000000000000000022
:10EEF0000000000000000000000000000000000012
:10EF00000000000000000000000000000000000001
:10EF100000000000000000000000000000000000F1
:10EF200000000000000000000000000000000000E1
:10EF300000000000000000000000000000000000D1
:10EF400000000000000000000000000000000000C1
:10EF500000000000000000000000000000000000B1
:10EF600000000000000000000000000000000000A1
:10EF70000000000000000000000000000000000091
:10EF80000000000000000000000000000000000081
:10EF90000000000000000000000000000000000071
:10EFA0000000000000000000000000000000000061
:10EFB0000000000000000000000000000000000051
:10EFC0000000000000000000000000000000000041
:10EFD0000000000000000000000000000000000031
:10EFE0000000000000000000000000000000000021
:10EFF0000000000000000000000000000000000011
:10F000000000000000000000000000000000000000
:10F0100000000000000000000000000000000000F0
:10F0200000000000000000000000000000000000E0
:10F0300000000000000000000000000000000000D0
:10F0400000000000000000000000000000000000C0
:10F0500000000000000000000000000000000000B0
:10F0600000000000000000000000000000000000A0
:10F070000000000000000000000000000000000090
:10F080000000000000000000000000000000000080
:10F090000000000000000000000000000000000070
:10F0A0000000000000000000000000000000000060
:10F0B0000000000000000000000000000000000050
:10F0C0000000000000000000000000000000000040
:10F0D0000000000000000000000000000000000030
:10F0E0000000000000000000000000000000000020
:10F0F0000000000000000000000000000000000010
:10F1000000000000000000000000000000000000FF
:10F1100000000000000000000000000000000000EF
:10F1200000000000000000000000000000000000DF
:10F1300000000000000000000000000000000000CF
:10F1400000000000000000000000000000000000BF
:10F1500000000000000000000000000000000000AF
:10F16000000000000000000000000000000000009F
:10F17000000000000000000000000000000000008F
:10F18000000000000000000000000000000000007F
:10F19000000000000000000000000000000000006F
:10F1A000000000000000000000000000000000005F
:10F1B000000000000000000000000000000000004F
:10F1C000000000000000000000000000000000003F
:10F1D000000000000000000000000000000000002F
:10F1E000000000000000000000000000000000001F
:10F1F000000000000000000000000000000000000F
:10F2000000000000000000000000000000000000FE
:10F2100000000000000000000000000000000000EE
:10F2200000000000000000000000000000000000DE
:10F2300000000000000000000000000000000000CE
:10F2400000000000000000000000000000000000BE
:10F2500000000000000000000000000000000000AE
:10F26000000000000000000000000000000000009E
:10F27000000000000000000000000000000000008E
:10F28000000000000000000000000000000000007E
:10F29000000000000000000000000000000000006E
:10F2A000000000000000000000000000000000005E
:10F2B000000000000000000000000000000000004E
:10F2C000000000000000000000000000000000003E
:10F2D000000000000000000000000000000000002E
:10F2E000000000000000000000000000000000001E
:10F2F000000000000000000000000000000000000E
:10F3000000000000000000000000000000000000FD
:10F3100000000000000000000000000000000000ED
:10F3200000000000000000000000000000000000DD
:10F3300000000000000000000000000000000000CD
:10F3400000000000000000000000000000000000BD
:10F3500000000000000000000000000000000000AD
:10F36000000000000000000000000000000000009D
:10F37000000000000000000000000000000000008D
:10F38000000000000000000000000000000000007D
:10F39000000000000000000000000000000000006D
:10F3A000000000000000000000000000000000005D
:10F3B000000000000000000000000000000000004D
:10F3C000000000000000000000000000000000003D
:10F3D000000000000000000000000000000000002D
:10F3E000000000000000000000000000000000001D
:10F3F000000000000000000000000000000000000D
:10F4000000000000000000000000000000000000FC
:10F4100000000000000000000000000000000000EC
:10F4200000000000000000000000000000000000DC
:10F4300000000000000000000000000000000000CC
:10F4400000000000000000000000000000000000BC
:10F4500000000000000000000000000000000000AC
:10F46000000000000000000000000000000000009C
:10F47000000000000000000000000000000000008C
:10F48000000000000000000000000000000000007C
:10F49000000000000000000000000000000000006C
:10F4A000000000000000000000000000000000005C
:10F4B000000000000000000000000000000000004C
:10F4C000000000000000000000000000000000003C
:10F4D000000000000000000000000000000000002C
:10F4E000000000000000000000000000000000001C
:10F4F000000000000000000000000000000000000C
:10F5000000000000000000000000000000000000FB
:10F5100000000000000000000000000000000000EB
:10F5200000000000000000000000000000000000DB
:10F5300000000000000000000000000000000000CB
:10F5400000000000000000000000000000000000BB
:10F5500000000000000000000000000000000000AB
:10F56000000000000000000000000000000000009B
:10F57000000000000000000000000000000000008B
:10F58000000000000000000000000000000000007B
:10F59000000000000000000000000000000000006B
:10F5A000000000000000000000000000000000005B
:10F5B000000000000000000000000000000000004B
:10F5C000000000000000000000000000000000003B
:10F5D000000000000000000000000000000000002B
:10F5E000000000000000000000000000000000001B
:10F5F000000000000000000000000000000000000B
:10F6000000000000000000000000000000000000FA
:10F6100000000000000000000000000000000000EA
:10F6200000000000000000000000000000000000DA
:10F6300000000000000000000000000000000000CA
:10F6400000000000000000000000000000000000BA
:10F6500000000000000000000000000000000000AA
:10F66000000000000000000000000000000000009A
:10F67000000000000000000000000000000000008A
:10F68000000000000000000000000000000000007A
:10F69000000000000000000000000000000000006A
:10F6A000000000000000000000000000000000005A
:10F6B000000000000000000000000000000000004A
:10F6C000000000000000000000000000000000003A
:10F6D000000000000000000000000000000000002A
:10F6E000000000000000000000000000000000001A
:10F6F000000000000000000000000000000000000A
:10F7000000000000000000000000000000000000F9
:10F7100000000000000000000000000000000000E9
:10F7200000000000000000000000000000000000D9
:10F7300000000000000000000000000000000000C9
:10F7400000000000000000000000000000000000B9
:10F7500000000000000000000000000000000000A9
:10F760000000000000000000000000000000000099
:10F770000000000000000000000000000000000089
:10F780000000000000000000000000000000000079
:10F790000000000000000000000000000000000069
:10F7A0000000000000000000000000000000000059
:10F7B0000000000000000000000000000000000049
:10F7C0000000000000000000000000000000000039
:10F7D0000000000000000000000000000000000029
:10F7E0000000000000000000000000000000000019
:10F7F0000000000000000000000000000000000009
:040000056000100087
:00000001FF
