:0200000460009A
:100000004643464200000156000000000103030081
:1000100000000000000000000000000000000000E0
:1000200000000000000000000000000000000000D0
:1000300000000000000000000000000000000000C0
:1000400000000000010408000000000000000000A3
:100050000000200000000000000000000000000080
:100060000000000000000000000000000000000090
:100070000000000000000000000000000000000080
:10008000EB04180A063204260000000000000000FD
:10009000050404240000000000000000000000002F
:1000A0000000000000000000000000000000000050
:1000B0000604000000000000000000000000000036
:1000C0000000000000000000000000000000000030
:1000D00020041808000000000000000000000000DC
:1000E0000000000000000000000000000000000010
:1000F0000000000000000000000000000000000000
:10010000D8041808000000000000000000000000F3
:100110000204180804200000000000000000000095
:1001200000000000000000000000000000000000CF
:10013000600400000000000000000000000000005B
:1001400000000000000000000000000000000000AF
:10015000000000000000000000000000000000009F
:10016000000000000000000000000000000000008F
:10017000000000000000000000000000000000007F
:10018000000000000000000000000000000000006F
:10019000000000000000000000000000000000005F
:1001A000000000000000000000000000000000004F
:1001B000000000000000000000000000000000003F
:1001C000000100000010000001000000000000001D
:1001D000000001000000000000000000000000001E
:1001E000000000000000000000000000000000000F
:1001F00000000000000000000000000000000000FF
:10020000FFFFFFFFFFFFFFFFFFFFFFFFFFFFFFFFFE
:10021000FFFFFFFFFFFFFFFFFFFFFFFFFFFFFFFFEE
:10022000FFFFFFFFFFFFFFFFFFFFFFFFFFFFFFFFDE
:10023000FFFFFFFFFFFFFFFFFFFFFFFFFFFFFFFFCE
:10024000FFFFFFFFFFFFFFFFFFFFFFFFFFFFFFFFBE
:10025000FFFFFFFFFFFFFFFFFFFFFFFFFFFFFFFFAE
:10026000FFFFFFFFFFFFFFFFFFFFFFFFFFFFFFFF9E
:10027000FFFFFFFFFFFFFFFFFFFFFFFFFFFFFFFF8E
:10028000FFFFFFFFFFFFFFFFFFFFFFFFFFFFFFFF7E
:10029000FFFFFFFFFFFFFFFFFFFFFFFFFFFFFFFF6E
:1002A000FFFFFFFFFFFFFFFFFFFFFFFFFFFFFFFF5E
:1002B000FFFFFFFFFFFFFFFFFFFFFFFFFFFFFFFF4E
:1002C000FFFFFFFFFFFFFFFFFFFFFFFFFFFFFFFF3E
:1002D000FFFFFFFFFFFFFFFFFFFFFFFFFFFFFFFF2E
:1002E000FFFFFFFFFFFFFFFFFFFFFFFFFFFFFFFF1E
:1002F000FFFFFFFFFFFFFFFFFFFFFFFFFFFFFFFF0E
:10030000FFFFFFFFFFFFFFFFFFFFFFFFFFFFFFFFFD
:10031000FFFFFFFFFFFFFFFFFFFFFFFFFFFFFFFFED
:10032000FFFFFFFFFFFFFFFFFFFFFFFFFFFFFFFFDD
:10033000FFFFFFFFFFFFFFFFFFFFFFFFFFFFFFFFCD
:10034000FFFFFFFFFFFFFFFFFFFFFFFFFFFFFFFFBD
:10035000FFFFFFFFFFFFFFFFFFFFFFFFFFFFFFFFAD
:10036000FFFFFFFFFFFFFFFFFFFFFFFFFFFFFFFF9D
:10037000FFFFFFFFFFFFFFFFFFFFFFFFFFFFFFFF8D
:10038000FFFFFFFFFFFFFFFFFFFFFFFFFFFFFFFF7D
:10039000FFFFFFFFFFFFFFFFFFFFFFFFFFFFFFFF6D
:1003A000FFFFFFFFFFFFFFFFFFFFFFFFFFFFFFFF5D
:1003B000FFFFFFFFFFFFFFFFFFFFFFFFFFFFFFFF4D
:1003C000FFFFFFFFFFFFFFFFFFFFFFFFFFFFFFFF3D
:1003D000FFFFFFFFFFFFFFFFFFFFFFFFFFFFFFFF2D
:1003E000FFFFFFFFFFFFFFFFFFFFFFFFFFFFFFFF1D
:1003F000FFFFFFFFFFFFFFFFFFFFFFFFFFFFFFFF0D
:10040000FFFFFFFFFFFFFFFFFFFFFFFFFFFFFFFFFC
:10041000FFFFFFFFFFFFFFFFFFFFFFFFFFFFFFFFEC
:10042000FFFFFFFFFFFFFFFFFFFFFFFFFFFFFFFFDC
:10043000FFFFFFFFFFFFFFFFFFFFFFFFFFFFFFFFCC
:10044000FFFFFFFFFFFFFFFFFFFFFFFFFFFFFFFFBC
:10045000FFFFFFFFFFFFFFFFFFFFFFFFFFFFFFFFAC
:10046000FFFFFFFFFFFFFFFFFFFFFFFFFFFFFFFF9C
:10047000FFFFFFFFFFFFFFFFFFFFFFFFFFFFFFFF8C
:10048000FFFFFFFFFFFFFFFFFFFFFFFFFFFFFFFF7C
:10049000FFFFFFFFFFFFFFFFFFFFFFFFFFFFFFFF6C
:1004A000FFFFFFFFFFFFFFFFFFFFFFFFFFFFFFFF5C
:1004B000FFFFFFFFFFFFFFFFFFFFFFFFFFFFFFFF4C
:1004C000FFFFFFFFFFFFFFFFFFFFFFFFFFFFFFFF3C
:1004D000FFFFFFFFFFFFFFFFFFFFFFFFFFFFFFFF2C
:1004E000FFFFFFFFFFFFFFFFFFFFFFFFFFFFFFFF1C
:1004F000FFFFFFFFFFFFFFFFFFFFFFFFFFFFFFFF0C
:10050000FFFFFFFFFFFFFFFFFFFFFFFFFFFFFFFFFB
:10051000FFFFFFFFFFFFFFFFFFFFFFFFFFFFFFFFEB
:10052000FFFFFFFFFFFFFFFFFFFFFFFFFFFFFFFFDB
:10053000FFFFFFFFFFFFFFFFFFFFFFFFFFFFFFFFCB
:10054000FFFFFFFFFFFFFFFFFFFFFFFFFFFFFFFFBB
:10055000FFFFFFFFFFFFFFFFFFFFFFFFFFFFFFFFAB
:10056000FFFFFFFFFFFFFFFFFFFFFFFFFFFFFFFF9B
:10057000FFFFFFFFFFFFFFFFFFFFFFFFFFFFFFFF8B
:10058000FFFFFFFFFFFFFFFFFFFFFFFFFFFFFFFF7B
:10059000FFFFFFFFFFFFFFFFFFFFFFFFFFFFFFFF6B
:1005A000FFFFFFFFFFFFFFFFFFFFFFFFFFFFFFFF5B
:1005B000FFFFFFFFFFFFFFFFFFFFFFFFFFFFFFFF4B
:1005C000FFFFFFFFFFFFFFFFFFFFFFFFFFFFFFFF3B
:1005D000FFFFFFFFFFFFFFFFFFFFFFFFFFFFFFFF2B
:1005E000FFFFFFFFFFFFFFFFFFFFFFFFFFFFFFFF1B
:1005F000FFFFFFFFFFFFFFFFFFFFFFFFFFFFFFFF0B
:10060000FFFFFFFFFFFFFFFFFFFFFFFFFFFFFFFFFA
:10061000FFFFFFFFFFFFFFFFFFFFFFFFFFFFFFFFEA
:10062000FFFFFFFFFFFFFFFFFFFFFFFFFFFFFFFFDA
:10063000FFFFFFFFFFFFFFFFFFFFFFFFFFFFFFFFCA
:10064000FFFFFFFFFFFFFFFFFFFFFFFFFFFFFFFFBA
:10065000FFFFFFFFFFFFFFFFFFFFFFFFFFFFFFFFAA
:10066000FFFFFFFFFFFFFFFFFFFFFFFFFFFFFFFF9A
:10067000FFFFFFFFFFFFFFFFFFFFFFFFFFFFFFFF8A
:10068000FFFFFFFFFFFFFFFFFFFFFFFFFFFFFFFF7A
:10069000FFFFFFFFFFFFFFFFFFFFFFFFFFFFFFFF6A
:1006A000FFFFFFFFFFFFFFFFFFFFFFFFFFFFFFFF5A
:1006B000FFFFFFFFFFFFFFFFFFFFFFFFFFFFFFFF4A
:1006C000FFFFFFFFFFFFFFFFFFFFFFFFFFFFFFFF3A
:1006D000FFFFFFFFFFFFFFFFFFFFFFFFFFFFFFFF2A
:1006E000FFFFFFFFFFFFFFFFFFFFFFFFFFFFFFFF1A
:1006F000FFFFFFFFFFFFFFFFFFFFFFFFFFFFFFFF0A
:10070000FFFFFFFFFFFFFFFFFFFFFFFFFFFFFFFFF9
:10071000FFFFFFFFFFFFFFFFFFFFFFFFFFFFFFFFE9
:10072000FFFFFFFFFFFFFFFFFFFFFFFFFFFFFFFFD9
:10073000FFFFFFFFFFFFFFFFFFFFFFFFFFFFFFFFC9
:10074000FFFFFFFFFFFFFFFFFFFFFFFFFFFFFFFFB9
:10075000FFFFFFFFFFFFFFFFFFFFFFFFFFFFFFFFA9
:10076000FFFFFFFFFFFFFFFFFFFFFFFFFFFFFFFF99
:10077000FFFFFFFFFFFFFFFFFFFFFFFFFFFFFFFF89
:10078000FFFFFFFFFFFFFFFFFFFFFFFFFFFFFFFF79
:10079000FFFFFFFFFFFFFFFFFFFFFFFFFFFFFFFF69
:1007A000FFFFFFFFFFFFFFFFFFFFFFFFFFFFFFFF59
:1007B000FFFFFFFFFFFFFFFFFFFFFFFFFFFFFFFF49
:1007C000FFFFFFFFFFFFFFFFFFFFFFFFFFFFFFFF39
:1007D000FFFFFFFFFFFFFFFFFFFFFFFFFFFFFFFF29
:1007E000FFFFFFFFFFFFFFFFFFFFFFFFFFFFFFFF19
:1007F000FFFFFFFFFFFFFFFFFFFFFFFFFFFFFFFF09
:10080000FFFFFFFFFFFFFFFFFFFFFFFFFFFFFFFFF8
:10081000FFFFFFFFFFFFFFFFFFFFFFFFFFFFFFFFE8
:10082000FFFFFFFFFFFFFFFFFFFFFFFFFFFFFFFFD8
:10083000FFFFFFFFFFFFFFFFFFFFFFFFFFFFFFFFC8
:10084000FFFFFFFFFFFFFFFFFFFFFFFFFFFFFFFFB8
:10085000FFFFFFFFFFFFFFFFFFFFFFFFFFFFFFFFA8
:10086000FFFFFFFFFFFFFFFFFFFFFFFFFFFFFFFF98
:10087000FFFFFFFFFFFFFFFFFFFFFFFFFFFFFFFF88
:10088000FFFFFFFFFFFFFFFFFFFFFFFFFFFFFFFF78
:10089000FFFFFFFFFFFFFFFFFFFFFFFFFFFFFFFF68
:1008A000FFFFFFFFFFFFFFFFFFFFFFFFFFFFFFFF58
:1008B000FFFFFFFFFFFFFFFFFFFFFFFFFFFFFFFF48
:1008C000FFFFFFFFFFFFFFFFFFFFFFFFFFFFFFFF38
:1008D000FFFFFFFFFFFFFFFFFFFFFFFFFFFFFFFF28
:1008E000FFFFFFFFFFFFFFFFFFFFFFFFFFFFFFFF18
:1008F000FFFFFFFFFFFFFFFFFFFFFFFFFFFFFFFF08
:10090000FFFFFFFFFFFFFFFFFFFFFFFFFFFFFFFFF7
:10091000FFFFFFFFFFFFFFFFFFFFFFFFFFFFFFFFE7
:10092000FFFFFFFFFFFFFFFFFFFFFFFFFFFFFFFFD7
:10093000FFFFFFFFFFFFFFFFFFFFFFFFFFFFFFFFC7
:10094000FFFFFFFFFFFFFFFFFFFFFFFFFFFFFFFFB7
:10095000FFFFFFFFFFFFFFFFFFFFFFFFFFFFFFFFA7
:10096000FFFFFFFFFFFFFFFFFFFFFFFFFFFFFFFF97
:10097000FFFFFFFFFFFFFFFFFFFFFFFFFFFFFFFF87
:10098000FFFFFFFFFFFFFFFFFFFFFFFFFFFFFFFF77
:10099000FFFFFFFFFFFFFFFFFFFFFFFFFFFFFFFF67
:1009A000FFFFFFFFFFFFFFFFFFFFFFFFFFFFFFFF57
:1009B000FFFFFFFFFFFFFFFFFFFFFFFFFFFFFFFF47
:1009C000FFFFFFFFFFFFFFFFFFFFFFFFFFFFFFFF37
:1009D000FFFFFFFFFFFFFFFFFFFFFFFFFFFFFFFF27
:1009E000FFFFFFFFFFFFFFFFFFFFFFFFFFFFFFFF17
:1009F000FFFFFFFFFFFFFFFFFFFFFFFFFFFFFFFF07
:100A0000FFFFFFFFFFFFFFFFFFFFFFFFFFFFFFFFF6
:100A1000FFFFFFFFFFFFFFFFFFFFFFFFFFFFFFFFE6
:100A2000FFFFFFFFFFFFFFFFFFFFFFFFFFFFFFFFD6
:100A3000FFFFFFFFFFFFFFFFFFFFFFFFFFFFFFFFC6
:100A4000FFFFFFFFFFFFFFFFFFFFFFFFFFFFFFFFB6
:100A5000FFFFFFFFFFFFFFFFFFFFFFFFFFFFFFFFA6
:100A6000FFFFFFFFFFFFFFFFFFFFFFFFFFFFFFFF96
:100A7000FFFFFFFFFFFFFFFFFFFFFFFFFFFFFFFF86
:100A8000FFFFFFFFFFFFFFFFFFFFFFFFFFFFFFFF76
:100A9000FFFFFFFFFFFFFFFFFFFFFFFFFFFFFFFF66
:100AA000FFFFFFFFFFFFFFFFFFFFFFFFFFFFFFFF56
:100AB000FFFFFFFFFFFFFFFFFFFFFFFFFFFFFFFF46
:100AC000FFFFFFFFFFFFFFFFFFFFFFFFFFFFFFFF36
:100AD000FFFFFFFFFFFFFFFFFFFFFFFFFFFFFFFF26
:100AE000FFFFFFFFFFFFFFFFFFFFFFFFFFFFFFFF16
:100AF000FFFFFFFFFFFFFFFFFFFFFFFFFFFFFFFF06
:100B0000FFFFFFFFFFFFFFFFFFFFFFFFFFFFFFFFF5
:100B1000FFFFFFFFFFFFFFFFFFFFFFFFFFFFFFFFE5
:100B2000FFFFFFFFFFFFFFFFFFFFFFFFFFFFFFFFD5
:100B3000FFFFFFFFFFFFFFFFFFFFFFFFFFFFFFFFC5
:100B4000FFFFFFFFFFFFFFFFFFFFFFFFFFFFFFFFB5
:100B5000FFFFFFFFFFFFFFFFFFFFFFFFFFFFFFFFA5
:100B6000FFFFFFFFFFFFFFFFFFFFFFFFFFFFFFFF95
:100B7000FFFFFFFFFFFFFFFFFFFFFFFFFFFFFFFF85
:100B8000FFFFFFFFFFFFFFFFFFFFFFFFFFFFFFFF75
:100B9000FFFFFFFFFFFFFFFFFFFFFFFFFFFFFFFF65
:100BA000FFFFFFFFFFFFFFFFFFFFFFFFFFFFFFFF55
:100BB000FFFFFFFFFFFFFFFFFFFFFFFFFFFFFFFF45
:100BC000FFFFFFFFFFFFFFFFFFFFFFFFFFFFFFFF35
:100BD000FFFFFFFFFFFFFFFFFFFFFFFFFFFFFFFF25
:100BE000FFFFFFFFFFFFFFFFFFFFFFFFFFFFFFFF15
:100BF000FFFFFFFFFFFFFFFFFFFFFFFFFFFFFFFF05
:100C0000FFFFFFFFFFFFFFFFFFFFFFFFFFFFFFFFF4
:100C1000FFFFFFFFFFFFFFFFFFFFFFFFFFFFFFFFE4
:100C2000FFFFFFFFFFFFFFFFFFFFFFFFFFFFFFFFD4
:100C3000FFFFFFFFFFFFFFFFFFFFFFFFFFFFFFFFC4
:100C4000FFFFFFFFFFFFFFFFFFFFFFFFFFFFFFFFB4
:100C5000FFFFFFFFFFFFFFFFFFFFFFFFFFFFFFFFA4
:100C6000FFFFFFFFFFFFFFFFFFFFFFFFFFFFFFFF94
:100C7000FFFFFFFFFFFFFFFFFFFFFFFFFFFFFFFF84
:100C8000FFFFFFFFFFFFFFFFFFFFFFFFFFFFFFFF74
:100C9000FFFFFFFFFFFFFFFFFFFFFFFFFFFFFFFF64
:100CA000FFFFFFFFFFFFFFFFFFFFFFFFFFFFFFFF54
:100CB000FFFFFFFFFFFFFFFFFFFFFFFFFFFFFFFF44
:100CC000FFFFFFFFFFFFFFFFFFFFFFFFFFFFFFFF34
:100CD000FFFFFFFFFFFFFFFFFFFFFFFFFFFFFFFF24
:100CE000FFFFFFFFFFFFFFFFFFFFFFFFFFFFFFFF14
:100CF000FFFFFFFFFFFFFFFFFFFFFFFFFFFFFFFF04
:100D0000FFFFFFFFFFFFFFFFFFFFFFFFFFFFFFFFF3
:100D1000FFFFFFFFFFFFFFFFFFFFFFFFFFFFFFFFE3
:100D2000FFFFFFFFFFFFFFFFFFFFFFFFFFFFFFFFD3
:100D3000FFFFFFFFFFFFFFFFFFFFFFFFFFFFFFFFC3
:100D4000FFFFFFFFFFFFFFFFFFFFFFFFFFFFFFFFB3
:100D5000FFFFFFFFFFFFFFFFFFFFFFFFFFFFFFFFA3
:100D6000FFFFFFFFFFFFFFFFFFFFFFFFFFFFFFFF93
:100D7000FFFFFFFFFFFFFFFFFFFFFFFFFFFFFFFF83
:100D8000FFFFFFFFFFFFFFFFFFFFFFFFFFFFFFFF73
:100D9000FFFFFFFFFFFFFFFFFFFFFFFFFFFFFFFF63
:100DA000FFFFFFFFFFFFFFFFFFFFFFFFFFFFFFFF53
:100DB000FFFFFFFFFFFFFFFFFFFFFFFFFFFFFFFF43
:100DC000FFFFFFFFFFFFFFFFFFFFFFFFFFFFFFFF33
:100DD000FFFFFFFFFFFFFFFFFFFFFFFFFFFFFFFF23
:100DE000FFFFFFFFFFFFFFFFFFFFFFFFFFFFFFFF13
:100DF000FFFFFFFFFFFFFFFFFFFFFFFFFFFFFFFF03
:100E0000FFFFFFFFFFFFFFFFFFFFFFFFFFFFFFFFF2
:100E1000FFFFFFFFFFFFFFFFFFFFFFFFFFFFFFFFE2
:100E2000FFFFFFFFFFFFFFFFFFFFFFFFFFFFFFFFD2
:100E3000FFFFFFFFFFFFFFFFFFFFFFFFFFFFFFFFC2
:100E4000FFFFFFFFFFFFFFFFFFFFFFFFFFFFFFFFB2
:100E5000FFFFFFFFFFFFFFFFFFFFFFFFFFFFFFFFA2
:100E6000FFFFFFFFFFFFFFFFFFFFFFFFFFFFFFFF92
:100E7000FFFFFFFFFFFFFFFFFFFFFFFFFFFFFFFF82
:100E8000FFFFFFFFFFFFFFFFFFFFFFFFFFFFFFFF72
:100E9000FFFFFFFFFFFFFFFFFFFFFFFFFFFFFFFF62
:100EA000FFFFFFFFFFFFFFFFFFFFFFFFFFFFFFFF52
:100EB000FFFFFFFFFFFFFFFFFFFFFFFFFFFFFFFF42
:100EC000FFFFFFFFFFFFFFFFFFFFFFFFFFFFFFFF32
:100ED000FFFFFFFFFFFFFFFFFFFFFFFFFFFFFFFF22
:100EE000FFFFFFFFFFFFFFFFFFFFFFFFFFFFFFFF12
:100EF000FFFFFFFFFFFFFFFFFFFFFFFFFFFFFFFF02
:100F0000FFFFFFFFFFFFFFFFFFFFFFFFFFFFFFFFF1
:100F1000FFFFFFFFFFFFFFFFFFFFFFFFFFFFFFFFE1
:100F2000FFFFFFFFFFFFFFFFFFFFFFFFFFFFFFFFD1
:100F3000FFFFFFFFFFFFFFFFFFFFFFFFFFFFFFFFC1
:100F4000FFFFFFFFFFFFFFFFFFFFFFFFFFFFFFFFB1
:100F5000FFFFFFFFFFFFFFFFFFFFFFFFFFFFFFFFA1
:100F6000FFFFFFFFFFFFFFFFFFFFFFFFFFFFFFFF91
:100F7000FFFFFFFFFFFFFFFFFFFFFFFFFFFFFFFF81
:100F8000FFFFFFFFFFFFFFFFFFFFFFFFFFFFFFFF71
:100F9000FFFFFFFFFFFFFFFFFFFFFFFFFFFFFFFF61
:100FA000FFFFFFFFFFFFFFFFFFFFFFFFFFFFFFFF51
:100FB000FFFFFFFFFFFFFFFFFFFFFFFFFFFFFFFF41
:100FC000FFFFFFFFFFFFFFFFFFFFFFFFFFFFFFFF31
:100FD000FFFFFFFFFFFFFFFFFFFFFFFFFFFFFFFF21
:100FE000FFFFFFFFFFFFFFFFFFFFFFFFFFFFFFFF11
:100FF000FFFFFFFFFFFFFFFFFFFFFFFFFFFFFFFF01
:10100000D1002043ED15006000000000000000004A
:10101000201000600010006000500160000000001F
:1010200000000060005C010000000000FFFFFFFF07
:10103000FFFFFFFFFFFFFFFFFFFFFFFFFFFFFFFFC0
:10104000FFFFFFFFFFFFFFFFFFFFFFFFFFFFFFFFB0
:10105000FFFFFFFFFFFFFFFFFFFFFFFFFFFFFFFFA0
:10106000FFFFFFFFFFFFFFFFFFFFFFFFFFFFFFFF90
:10107000FFFFFFFFFFFFFFFFFFFFFFFFFFFFFFFF80
:10108000FFFFFFFFFFFFFFFFFFFFFFFFFFFFFFFF70
:10109000FFFFFFFFFFFFFFFFFFFFFFFFFFFFFFFF60
:1010A000FFFFFFFFFFFFFFFFFFFFFFFFFFFFFFFF50
:1010B000FFFFFFFFFFFFFFFFFFFFFFFFFFFFFFFF40
:1010C000FFFFFFFFFFFFFFFFFFFFFFFFFFFFFFFF30
:1010D000FFFFFFFFFFFFFFFFFFFFFFFFFFFFFFFF20
:1010E000FFFFFFFFFFFFFFFFFFFFFFFFFFFFFFFF10
:1010F000FFFFFFFFFFFFFFFFFFFFFFFFFFFFFFFF00
:10110000FFFFFFFFFFFFFFFFFFFFFFFFFFFFFFFFEF
:10111000FFFFFFFFFFFFFFFFFFFFFFFFFFFFFFFFDF
:10112000FFFFFFFFFFFFFFFFFFFFFFFFFFFFFFFFCF
:10113000FFFFFFFFFFFFFFFFFFFFFFFFFFFFFFFFBF
:10114000FFFFFFFFFFFFFFFFFFFFFFFFFFFFFFFFAF
:10115000FFFFFFFFFFFFFFFFFFFFFFFFFFFFFFFF9F
:10116000FFFFFFFFFFFFFFFFFFFFFFFFFFFFFFFF8F
:10117000FFFFFFFFFFFFFFFFFFFFFFFFFFFFFFFF7F
:10118000FFFFFFFFFFFFFFFFFFFFFFFFFFFFFFFF6F
:10119000FFFFFFFFFFFFFFFFFFFFFFFFFFFFFFFF5F
:1011A000FFFFFFFFFFFFFFFFFFFFFFFFFFFFFFFF4F
:1011B000FFFFFFFFFFFFFFFFFFFFFFFFFFFFFFFF3F
:1011C000FFFFFFFFFFFFFFFFFFFFFFFFFFFFFFFF2F
:1011D000FFFFFFFFFFFFFFFFFFFFFFFFFFFFFFFF1F
:1011E000FFFFFFFFFFFFFFFFFFFFFFFFFFFFFFFF0F
:1011F000FFFFFFFFFFFFFFFFFFFFFFFFFFFFFFFFFF
:10120000FFFFFFFFFFFFFFFFFFFFFFFFFFFFFFFFEE
:10121000FFFFFFFFFFFFFFFFFFFFFFFFFFFFFFFFDE
:10122000FFFFFFFFFFFFFFFFFFFFFFFFFFFFFFFFCE
:10123000FFFFFFFFFFFFFFFFFFFFFFFFFFFFFFFFBE
:10124000FFFFFFFFFFFFFFFFFFFFFFFFFFFFFFFFAE
:10125000FFFFFFFFFFFFFFFFFFFFFFFFFFFFFFFF9E
:10126000FFFFFFFFFFFFFFFFFFFFFFFFFFFFFFFF8E
:10127000FFFFFFFFFFFFFFFFFFFFFFFFFFFFFFFF7E
:10128000FFFFFFFFFFFFFFFFFFFFFFFFFFFFFFFF6E
:10129000FFFFFFFFFFFFFFFFFFFFFFFFFFFFFFFF5E
:1012A000FFFFFFFFFFFFFFFFFFFFFFFFFFFFFFFF4E
:1012B000FFFFFFFFFFFFFFFFFFFFFFFFFFFFFFFF3E
:1012C000FFFFFFFFFFFFFFFFFFFFFFFFFFFFFFFF2E
:1012D000FFFFFFFFFFFFFFFFFFFFFFFFFFFFFFFF1E
:1012E000FFFFFFFFFFFFFFFFFFFFFFFFFFFFFFFF0E
:1012F000FFFFFFFFFFFFFFFFFFFFFFFFFFFFFFFFFE
:10130000FFFFFFFFFFFFFFFFFFFFFFFFFFFFFFFFED
:10131000FFFFFFFFFFFFFFFFFFFFFFFFFFFFFFFFDD
:10132000FFFFFFFFFFFFFFFFFFFFFFFFFFFFFFFFCD
:10133000FFFFFFFFFFFFFFFFFFFFFFFFFFFFFFFFBD
:10134000FFFFFFFFFFFFFFFFFFFFFFFFFFFFFFFFAD
:10135000FFFFFFFFFFFFFFFFFFFFFFFFFFFFFFFF9D
:10136000FFFFFFFFFFFFFFFFFFFFFFFFFFFFFFFF8D
:10137000FFFFFFFFFFFFFFFFFFFFFFFFFFFFFFFF7D
:10138000FFFFFFFFFFFFFFFFFFFFFFFFFFFFFFFF6D
:10139000FFFFFFFFFFFFFFFFFFFFFFFFFFFFFFFF5D
:1013A000FFFFFFFFFFFFFFFFFFFFFFFFFFFFFFFF4D
:1013B000FFFFFFFFFFFFFFFFFFFFFFFFFFFFFFFF3D
:1013C000FFFFFFFFFFFFFFFFFFFFFFFFFFFFFFFF2D
:1013D000FFFFFFFFFFFFFFFFFFFFFFFFFFFFFFFF1D
:1013E000FFFFFFFFFFFFFFFFFFFFFFFFFFFFFFFF0D
:1013F000FFFFFFFFFFFFFFFFFFFFFFFFFFFFFFFFFD
:10140000824205D051F8043B40F8043B8242F9D8AF
:10141000704700BF044A05494FF0000342F8043BFF
:101420009142FBD8704700BFC0260020E07B00201F
:1014300080B5BFF34F8F00F0BDF9534C534B0820DC
:101440005349C3F85401534AC3F800115248C3F832
:10145000F0405249FFF7D4FF514A52495248FFF732
:10146000CFFF524CFFF7D6FF4FF470004FF0E02152
:1014700000234F4AC1F8880D44F823200133B02BD4
:10148000FAD14C4B80214C4A03F8011B9342FBD10B
:101490004FF0E025494F4A4A4FF0FF31C5F8084D5B
:1014A0000026D5F8243D43F4E023C5F8243DFB692C
:1014B00023F07F0343F04003FB617B6A23F07F034B
:1014C00043F040037B629166D1661167516700F07B
:1014D00079F93C4B63223C49A3633C4BE363032310
:1014E0006A613B4AAE612B61C5F8202DD5F8FC2D11
:1014F000384B42F08072C5F8FC2D1A6842F00102A8
:101500001A605B680B6000F0E7F9334800F06CFB91
:10151000F96E324B324A41F44051F9661E60C3F80D
:101520000861C3F81861C3F82861C3F83861936B88
:10153000DB0708D442F615632A4951651365936B9E
:1015400043F001039363264A274C936843F0011349
:10155000936000F005F900F03FFB00F0EBF900F0BC
:101560002BF92368132BFCD900F07CFA2368B3F520
:10157000967FFBD300F024F900F020F900F020FB67
:1015800000F026FB30BFFDE70C0D111300800D406D
:101590001B101820F808010000000000941D0060D6
:1015A000C0260020902601600000002000240020BA
:1015B00029C4000000E400E0A0E400E000C00F4007
:1015C00000C00A405DE000004878002061E00000B3
:1015D00000002020001000E00046C3230040084027
:1015E00000400D400000C0564C780020054B4FF4E1
:1015F0002A01054A05485A641864054A99639546C4
:10160000FFF716FF00C00A40BFAAAAAA07002000E1
:10161000008006201BB9124B1B6F9B041ED400F0E8
:101620003F000F4B22F0604221F0604140F48910EE
:101630001867C3F88010C3F890201A6F22F4805204
:101640001A671A6F002AFCDAD3F87011054A0A40AB
:10165000C3F870211A6F22F480321A67704700BFF6
:1016600000800D40FF7F7FFFB1F5607FF0B50E4633
:101670008DB028BF4FF460760F46054672B62E4BEC
:1016800000247022186021462C4B2D481C8000F04D
:1016900093FACFB121462A484FF0010C4A0901F0D4
:1016A0001F03013150F822400CFA03F38E4243EA43
:1016B000040340F82230F1D8284600234380013348
:1016C00000F582709E42F9D81E4C257815B162B69D
:1016D0000DB0F0BD082000F083FA1B4B80220646B7
:1016E000009302A90693194B0271056008A80293A2
:1016F00000F05EFA06A9164A304600F079FA069B19
:1017000008A8DB689847009B02A8DB689847237805
:10171000002BDCD10F4B104AC3F858210F49D020C1
:101720004FF0E023402281F84600C3F8082101234E
:10173000237062B60DB0F0BD582A0020647B0020F3
:10174000602A00207A7B0020680A002045B0000053
:101750001B1001000024002051B0000000E400E054
:10176000104BA020104AD96E41F4403110B4D96614
:1017700040F23764D96E41F44071D9665464906484
:10178000936C1B06FCD4094A40F23761A0235164D4
:101790009364936C13F08003FBD1054A13705DF8DA
:1017A000044B704700C00F4000400C4000800C40CC
:1017B000877B0020704700BF704700BF704700BFA5
:1017C00000BF704710B44FF0E023002110243248CE
:1017D000C3F8941DC3F89C4D1124C3F8A00D2F48E5
:1017E000C3F89C4D1224C3F8A00D2D48C3F89C4D9E
:1017F0002C4AC3F8A00D2C4C42F015022B48C3F81C
:101800009C4DC3F8A00D2A4C2A48C3F89C4DC3F840
:10181000A00D294CC3F89C2D2848294AC3F8A04D97
:10182000C3F89C0DC3F8A02D02F5A022254C0C3264
:101830002548C3F89C4DC3F8A02D244AC3F89C0D3D
:10184000C3F8A02D02F14062214C02322148C3F8B6
:101850009C4DC3F8A02D0A32C3F89C0DC3F8A02DEF
:1018600000BF00BF00BF00BF00BF0122C3F8942D1E
:10187000BFF34F8FBFF36F8FC3F8501FBFF34F8F6E
:10188000BFF36F8FD3F8142D5DF8044B42F4403250
:10189000C3F8142D704700BF3F0000102500080753
:1018A00009001000E07B0020130020002100020747
:1018B0001400002025000813090000101600202045
:1018C00027000B1317000040180000602F000B07C3
:1018D000190000701A000080F0B4154A40274FF438
:1018E00080314FF480564FF400554FF4404443F29A
:1018F0004200136913F0020F0ED113F4005F0FD0F2
:1019000013F4805F0ED0002BF3DA13F4803F0BD179
:101910005B060BD5F0BC7047946151619061E8E7BC
:101920005561E6E75661E4E79161E2E75761E0E778
:1019300000800D403F4A03203F49F3EE095AD2F898
:1019400080304FF0000C9FED3D6A23F001039FEDC6
:101950003C5A30B4C2F88030C2F89000D1F8E010A0
:10196000384DCBB2384C39482B6007EE903A0B0D0E
:10197000C1F30B21F8EEE77A06EE903A07EE101A63
:10198000334BB8EEC77A2160F8EEE66A314937EE9C
:10199000C66A37EEC55A76EEC76A77EEE57A26EE66
:1019A000266AC3ED006A25EE265AD2F8803067EE2B
:1019B000A64AC0ED007AC6EE275A274885EE276A68
:1019C000C4EEA76A75EE875AFCEEE55A36EE076A52
:1019D00015EE904ABCEEC66A43EA045376EE877A67
:1019E000C2F8803016EE103AD2F89041FCEEE77A59
:1019F00001EA0341214317EE903AC2F89011C3F374
:101A00000B03D2F890110B431449C2F89031D2F86D
:101A1000803043F00203C2F88030114B80F840C0A0
:101A2000C1F840314FF0E023012230BCC3F8082157
:101A3000704700BF00810D4000441F400000AA42D3
:101A40000000B442307800202C7800203478002048
:101A5000387800200000FF0F00E400E000240020A0
:101A6000EDC50000314B40F6617210B5C3F820217E
:101A700040F2044400F0C0F82D4A2E49D2F88030DC
:101A80002D4843F00303C2F880302C4BC1F860416D
:101A900002681A4203D1D1F8A8319A071BD0254A0F
:101AA0004FF00041244B5963D2F8403143F0020318
:101AB000C2F84031D2F840319B07FBD44FF40030DC
:101AC0004FF0E0211C4B4FF00042C1F88C0219206E
:101AD0009A6300F079F8184A4FF08040154C0021C5
:101AE00090630A20164B11604FF42072C4F8A801CD
:101AF000184600F061F84FF4800203464FF481006D
:101B000040F243111860C4F858311A640D4B0E4A64
:101B1000C4F84811C3F804224FF0E0224FF400311A
:101B20000123C2F80C11C4F8403110BD00800D40F3
:101B300000C00F4000002E4000900D40001C1E0011
:101B400000000020002400200DC8000008B50E4B46
:101B50001B6E9B0700D4FBBE72B60C4B00200C4AD8
:101B6000C3F8400103F160430A49A3F55F23116400
:101B70009D46BFF34F8F4FF400130748074ADB69B8
:101B800002609B68984700BF00441F4000002E4041
:101B900000C00A400300200000802020000012EB5B
:101BA000F8B500BFF8BC08BC9E46704700000000B6
:101BB0005FF800F02D0100005FF800F06D030100F8
:101BC0005FF800F04D0401005FF800F085BC0000F4
:101BD0005FF800F071BF00005FF800F019C300006B
:101BE0005FF800F0B5C000005FF800F095B90000A4
:101BF0005FF800F01DB600005FF800F049CF00006C
:101C000005010000597F0000899F000091B7000086
:101C100020036400690063006500460072006900EB
:101C200065006E006400200076002E003000310058
:101C3000220353006900670069006C0049006E00D0
:101C400073007400720075006D0065006E00740012
:101C5000730000000403090409029500030100C099
:101C600032080B0002020201000904000001020216
:101C700001000524001001052401010104240206CD
:101C80000524060001070582031000100904010065
:101C9000020A000000070503024000000705830256
:101CA00040000009040200020103000007240100B3
:101CB0000125000624020101000624020202000997
:101CC00024030103010201000924030204010101AC
:101CD000000905040240000000000525010101097A
:101CE00005840240000000000525010103000000FA
:101CF00009029500030100C032080B000202020134
:101D00000009040000010202010005240010010581
:101D100024010101042402060524060001070582AE
:101D20000310000509040100020A00000007050372
:101D300002000200070583020002000904020002FB
:101D4000010300020724010001250006240201010D
:101D50000206240202020209240301030102010215
:101D60000924030204010101020905040200020022
:101D700000000525010101090584020002000000A0
:101D800005250101030000000A060002EF020140E0
:041D9000010000004E
:101D9400000000000000000000000000000000003F
:101DA400000000000000000000000000000000002F
:101DB400F8B54FF084439D695A6915400DD0254FFD
:101DC40001269D6195FAA5F4B4FA84F457F82430F9
:101DD40006FA04F49847A543F4D11F4B9D695A6948
:101DE40015400DD01D4F01269D6195FAA5F4B4FA56
:101DF40084F457F8243006FA04F49847A543F4D140
:101E0400174B9D695A6915400DD0164F01269D61E7
:101E140095FAA5F4B4FA84F457F8243006FA04F4D5
:101E24009847A543F4D1104B9D695A6915400DD0CC
:101E34000E4F01269D6195FAA5F4B4FA84F457F87F
:101E4400243006FA04F49847A543F4D1BFF34F8F26
:101E5400F8BD00BFC42000200040004244210020FF
:101E640000800042C421002000C00042442200201F
:101E74000548064B1B1AD90F01EBA301491002D0E8
:101E8400034B03B118477047C0260020C02600202A
:101E94000000000008B5054B1BB105490548AFF328
:101EA4000080BDE80840FFF7E3BF00BF000000006A
:101EB400A4690020005C0160036818470B68036094
:101EC400704700BF0B680360704700BF704700BFD6
:101ED40010B504460BF0ECFA204610BD70B50BF0BB
:101EE400EDFD2E4B1C68041BB4F57A7F4CD92C4AAB
:101EF4002C4912780C60186012B92B4B01221A700D
:101F04002A494FF0010C2A4A2A4B82F800C0A3FB4D
:101F140004230A68284862449B090A60A3F10B0160
:101F2400264A0068106042F20472914212D807EE09
:101F3400903A9FED236AF7EE006A224BF8EEE77AB7
:101F440086EE277AB4EE667AF1EE10FA36FE877AD8
:101F540083ED007A1C4B1D4A2344934214D81C4E33
:101F64001C4D33788BB12B789BB900231A4A4FF65A
:101F74000F002B7013700DF06DF80DF073F8002343
:101F8400164A146033702B7070BD2B78002BF6D07A
:101F9400E9E713480BF08CFAE7E700BF94630020ED
:101FA400A67B0020986300208E7B00209860002090
:101FB400897B0020D34D62104C7800209060002073
:101FC4000000484394600020BFF2FCFF7EB92A0061
:101FD400927B0020947B0020937B0020C42200206D
:101FE400C822002010B5064C237803B910BD4FF663
:101FF4000F000DF02FF82378013BDBB2237010BDE6
:10200400937B002010B50023044610460D4A6172EC
:1020140023722260C4E9033019B18A00194610F012
:102024006DF8094A136853B11A465B69002BFBD15A
:1020340054610023204663616360A37210BD146081
:10204400F7E700BFC40900205C2A002003460022F1
:10205400114910B4114C43F8184B4FF48074826149
:102064000481C0E903230B689BB11A465B69002B0A
:10207400FBD1506100230A4C47F6FF714FF4004234
:1020840004605DF8044B436143608372C18302843E
:1020940070470860EEE700BF5C2A0020C4090020F6
:1020A400DC09002038B50022044603461049114DCE
:1020B4004FF4807043F8985B2081C4F89820C4E9F9
:1020C40003230B688BB11A465B69002BFBD1546167
:1020D40000212046084B802261616160A17240F8B2
:1020E400183B10F00BF8204638BD0C60F0E700BF39
:1020F4005C2A0020C4090020100A002003460022A4
:10210400144910B4144C43F8344B4FF40074C0E930
:1021140003230B680481C0E90D22CBB11A465B6925
:10212400002BFBD150610D4900230D4A0D4C016079
:102134004FF4805182610C4A436143608372C0E969
:102144000741C0E909235DF8044BC0E90B3370472C
:102154000860E8E75C2A0020C4090020580A00202F
:1021640090298F0460EA8E0480F9855A0022034680
:1021740013494FF4806C10B4124C43F8284BA0F868
:1021840008C0C0E903230B68C0E90A22C0E90C2295
:102194009BB11A465B69002BFBD1506100224FF4BE
:1021A400803309495DF8044B4261426082720160E8
:1021B400C0E90633C0E9083370470860EEE700BFA2
:1021C4005C2A0020C4090020B80900201349002219
:1021D40038B5134D04460B68056002610281C26084
:1021E400D3B11A465B69002BFBD1546100230D491E
:1021F4004FF0804204F138006360A3722160A3862B
:10220400C4E90533C4E90733C4E90932C4E90B332B
:102214000AF0DAFC204638BD0860E7E75C2A0020B3
:10222400C4090020280A002038B5002204460346C9
:102234001549164D4FF4007043F8185B2081C4E92A
:1022440003230B68C4E90622DBB11A465B69002B41
:10225400FBD1546100230E494FF4004204F50F7082
:1022640063616360A37221602363C4F83432A4F809
:102274003832C4E90833C4E90A230AF0A5FC20462D
:1022840038BD0C60E6E700BF5C2A0020C4090020CA
:10229400640A00200D49002210B40B680C4C026142
:1022A40004600281C2607BB11A465B69002BFBD1DA
:1022B40050610023074A5DF8044B43614360837215
:1022C40002600376C36170470860F2E75C2A00206D
:1022D400C4090020400A00201F49002238B51F4DC0
:1022E40004460B68056002610281C260002B30D095
:1022F4001A465B69002BFBD154614FF07C5218489D
:102304000023002120604AF6E145E263A26404F55B
:102314008052144863622064206504F16400A3625F
:1023240061616160A172E36223636363A3636364B5
:102334002366E36123622176E565E3646365A3654F
:1023440051669366D3664FF480520FF0D7FE204651
:1023540038BD0860D1E700BF5C2A0020C409002012
:10236400D0090020CDCCCC3D10B5044664202DED21
:10237400028BF0EE608AB0EE408A0BF045F907EE6E
:10238400900A9FED1B4AF6EE005A9FED1A6AF8EE8A
:10239400676A1948194AB7EE0C5A00EBC400B5EE47
:1023A400007AC6EE847AD2ED004AA4EE857AF2EE83
:1023B400080AB0EE000A77EEE57AA7EE868AF0EE18
:1023C400487AFEEEEE7A17EE903A83F30303C3568F
:1023D40007EE903AF8EEE77A67EE877AC7EEA00A3E
:1023E4000DF056FE20EE280ABDEC028B10BD00BF96
:1023F4000000C8428FC2F53D600900204823002038
:1024040038B504460D4690F820302DED028BB0EE21
:10241400408A39BB4BB994F8213053B994ED030A7F
:1024240084F82050BDEC028B38BD90F82130002B8D
:1024340059D00BF043FB23689FED2E7AC01A07EEA8
:10244400900AF8EE677A87EE870AB1EE400A80EECA
:10245400080A0DF043FD84F8205084ED030ABDEC16
:10246400028B38BD002BD6D14FF07E5280F821303C
:10247400DFED218AC2600BF021FB204B002220609B
:102484001B684FF41670226163600BF0BDF807EE11
:10249400100AF7EE086A6420B8EE477AC7EE287A85
:1024A40077EEA67AC4ED057A0BF0AEF807EE100AC3
:1024B400DFED136A4FF41670B8EE477AC7EE287A48
:1024C40077EEA67AC4ED067A0BF09EF807EE900A32
:1024D400DFED0C6AB8EE677AC7EE287A77EEA67A53
:1024E400C4ED077A97E7012380F821300BF0E6FA70
:1024F400206090E70024744900007A444C7800205E
:102504000AD7A33D3333333F10B504460BF0D6FA54
:102514000B4B1B68C4E900030BF0D0FA00234FF007
:102524007E51DFF824C0074AE36023610023A060E2
:102534002046C4F814C0E161A261238410BD00BF29
:102544004C7800209A99993E9A99D93F2DE9F04107
:102554000E4615462DED048BF0EE409AB0EE609ACF
:10256400F0EE418AB0EE618A002800F0EE8000218E
:1025740002200BF0CDFA01210320F0EEE88A0BF0E3
:10258400C7FA9E4BDFED9E7A93ED007ADFED9D6AEC
:1025940078EEC78AA8EEA77AB4EEE67AF1EE10FADE
:1025A40000F1DA80DFED987A83ED007A27EE277A5E
:1025B400964BB0EEC88ADFED926AD3ED007A9FEDB8
:1025C400916A38EE678AE8EE267AF4EEC67AF1EE7E
:1025D40010FA00F1C980DFED8C6AC3ED007A67EE72
:1025E400A67ADFED8B6A29EEA60AB5EEC00AF1EEF3
:1025F40010FA00F1B680B4EE660AF1EE10FA36FE77
:10260400800ADFED836A69EE260AF5EEC00AF1EE70
:1026140010FA00F1B480F4EE660AF1EE10FA76FED8
:10262400A00AB5EEC07AF1EE10FA00F1A580DFED54
:10263400786AB4EE667AF1EE10FA36FE877AF5EE31
:10264400C07AF1EE10FA00F19480DFED716AF4EED5
:10265400667AF1EE10FA76FEA77A6E4BDFF8C48143
:10266400D3ED006A6C4FF4EEC06A6C4C30EE660A2F
:10267400F1EE10FA4CBFB6EE006A9FED696A20EEE7
:10268400060A98ED006AB4EEE06A70EEC60A76EEC9
:10269400806AF1EE10FAC3ED006A4CBFF6EE005A00
:1026A400DFED5F5A60EEA50A76EE205A97ED006AD8
:1026B400B4EEC76AC8ED005A37EE467AF1EE10FA66
:1026C4004CBFF6EE005ADFED565A27EE257A36EE69
:1026D400076A94ED007AB4EEE77A87ED006A77EE44
:1026E400C77AF1EE10FA4CBFB6EE006A9FED4C6A61
:1026F40067EE867A37EE277A84ED007A002E41D091
:10270400B5B1002104200BF02BFC012D60D1FF2179
:1027140005200BF025FC002106200D460BF020FCC3
:1027240029460920BDEC048BBDE8F0410BF018BC30
:102734000420FF210BF014FC294605200BF010FCAB
:10274400294606200BF00CFCEAE70446012102208E
:102754000BF0DEF921460FE7B0EE667AC3ED006AAE
:1027640026E79FED280A4CE7F0EE467A83ED006AEF
:1027740037E7DFED247A70E79FED227A5FE7DFED3C
:10278400210A4EE7FDEEE67A042017EE901A0BF0CC
:10279400E7FBD8ED007A0520FDEEE77A17EE901AF4
:1027A4000BF0DEFBD7ED007A0620FDEEE77A17EE9C
:1027B400901A0BF0D5FBD4ED007A0920FDEEE77AF0
:1027C400BDEC048B17EE901ABDE8F0410BF0C8BBCA
:1027D400002105200BF0C4FB022D05D1FF210620AA
:1027E40000250BF0BDFB9BE7002106200BF0B8FB96
:1027F400032D0CBFFF25002592E700BFB42E002057
:10280400CDCCCC3E000000000000C843B82E002010
:1028140000007F43BC630020C4630020C863002021
:10282400CDCC4C3DC06300202DE9F043B34D40F2C4
:10283400EE28B34CB34FDFF8CC932E682DED028B0A
:1028440087B00DF045FA2378002B00F0DF813B7848
:10285400D80740F1DB812B68D9F800209B1A0E2B96
:1028640040F2D4810B21A8480DF0B4F9A7480AF02E
:10287400BDFE01210220A64E0BF086F901210320A2
:10288400A44D0BF081F90121042000240BF07CF904
:10289400012105204CF6CC480BF076F901210620E5
:1028A40001270BF071F9012109200BF06DF90820C3
:1028B4000BF074FC802198480FF0DEFE974B696A98
:1028C40005F50F707362092386F8384285F83832AB
:1028D400C6F82C800AF014F94FF40033904A91485A
:1028E400B362AB62904B91496A62914A86F839723D
:1028F400C5F82C8085F83972C3E90644C3E9084455
:102904008C4BC3E90644C3E908448B4BC2E9060176
:10291400C3E906014FF080415162596272B6874B98
:10292400DC611C7662B672B6854BDC611C7662B6DD
:10293400844B002284499A6219621C76834B9A6202
:1029440019621C76824B9A621962824A82491C7609
:102954004FF48033146254865362D1617F4A146207
:1029640054865362D1617E4A146254865362D161A3
:1029740072B67C497C4A0C76CA6162B672B67B49EF
:10298400CA610C7662B672B67949CA610C7662B6CF
:1029940078494FF08050DFF870C24EF26665764E8B
:1029A400F7EE008A754A9FED768AC1E906347549C7
:1029B400C1F818C0CE6148627349C1E906C64862CD
:1029C4007249C1E906C647F2333C714E4862C6F803
:1029D4001CC0B5616F4E70487049C2E90634704A34
:1029E400C6E906C593614BF23336D4616D4A6E4B2A
:1029F400556296615D629E61C2E907556B4A8261C8
:102A0400A2F50152183AC261694A8A61A2F50B52D1
:102A1400C3E90755143A674BCA6101AA43624B6282
:102A24002146654B6548CDE90134654B039303F1B9
:102A3400024303F5381303F658430493614B05939B
:102A440008F0BEFB604B01AA60496148CDE901343E
:102A5400604BCDE90313604B2146059308F0B0FBAE
:102A64005E4B38465E4A02219D61DC61C2E9065430
:102A74000BF08AF8082002215A4D0BF085F8214604
:102A84000A2005F118060BF07FF80BF017F8564BE7
:102A94000322564918600A200BF0B0F8214616208C
:102AA400534C0BF071F80E2001E054F8040FC0B23F
:102AB4000AF0E0FD07EE900AB8EEE77AC7EE087A6E
:102AC40078EEE77AE5EC017AB542EED14FF0FF31CA
:102AD40048480AF0C1F84FF0FF3147480AF0BCF803
:102AE4004FF0FF3145480AF0B7F8454B01221A7000
:102AF40007B0BDEC028BBDE8F08300BF4C7800202A
:102B0400B37B0020B27B0020140F0020481C00205F
:102B1400BC690020506D002000002020DCEF46013D
:102B2400CA67EA0140987805D0760020182B78050A
:102B3400AC61002008770020E8610020C460002018
:102B4400EC600020BC2E00204A63803D2C3F002016
:102B54009C4F0020F4640020B8DF8D0284660020BE
:102B640014680020146100200000FF7F3C610020F5
:102B74006461002084640020D0591C094C64002046
:102B840000C07F449C620020D862002014630020AF
:102B9400DC630020146400202462002060620020B2
:102BA400BC640020E47000201C710020D8BAA50386
:102BB400B412BD034055553543A4730098750020E5
:102BC400BD5B8CFF79B7183FB57F76004B8089FFDA
:102BD400347600200CC2CA819400133F247B002069
:102BE400EC7A00209C630020946300204D010000D7
:102BF400480900200C600020386000206460002038
:102C04009C7B00205479002020531E092B682278D5
:102C14009B1B32B1B3F5FA6F3FF624AE0DF058F8B2
:102C24000FE64345FAD91DE68B4B1A68D0072DE908
:102C3400F04F8A4C8A4F2DED0E8BADB003D4012199
:102C4400226819603A60874B1A68D10704D4864A0F
:102C54002168116001221A600023844DDFED849AFB
:102C64009FED849ADFED848A9FED848A844EDFF899
:102C74008882069300200CF09BFA20B33378F82B5B
:102C840000F0EE82902B00F01C83802B00F04F8329
:102C9400B02BEFD17B4B1B78002BEBD07A4A127808
:102CA4004A2AE7D106930020784B1B7807EE903A26
:102CB400774BF8EEE77A87EEA97A83ED007A0CF089
:102CC40077FA0028DAD12B78129043B1714B1A6845
:102CD40023689B1A47F23052934200F26283694B95
:102CE4009FED6D8A1B788DED1E8A8DED1F8A0193F1
:102CF400002B41F0A380694B1B780293684B1B782F
:102D04000393684B1B78019301200AF02BFF3A6868
:102D14002368A0F1010106469B1AB1FA81F140F241
:102D2400DC5249099342049104D9564B1B78002B79
:102D340041F0D8875C4F08200AF014FF3B78002844
:102D440040F0D286002B00F02883584B1968012EDE
:102D540006D1236842F210725B1A934206F271861E
:102D6400236840F6B8325B1A93425BD9504B1A7809
:102D7400002A57D14FF001094E4583F8009004F022
:102D84003187404AB7EE009ADFED4A8A0E20137865
:102D9400DFF868B183F00103DFF864A1DFF8548140
:102DA4001370454B22681A60444B83F8009001E08D
:102DB40058F8040FC0B20AF05DFC07EE900A404BCD
:102DC400B8EEE77A0AF8019BC7EE287A79EE677ABB
:102DD400EBEC017A5B45EBD12A4B3A481B78002B8C
:102DE400394B12BF112118460E210CF0F3FE37485F
:102DF4000AF0FCFB234B1B78002B04F0F182002328
:102E0400334900228B6233498B6233498B62334BE3
:102E14005A62334B5A62334B5A62334B1A70012253
:102E2400324B1A70324B1A46059301233B701378C8
:102E3400049A934206F07C86DFF8C0B0B7EE009A9D
:102E4400DFED1C8A0E20DFF8B8800BF1180A294F39
:102E54004FF0010958E000BF382A00204C780020C8
:102E6400382B0020482A0020482B00209A7B002081
:102E74000000FE420000DC430000A0423333B340B4
:102E8400B97B0020A67B0020B77B0020B87B002004
:102E9400A0600020D063002000000000A97B002077
:102EA400AA7B0020AB7B00208F7B00208C6100205C
:102EB4008D7B002000C07F4470780020AC7B002014
:102EC400B4630020880D0020780D0020481C0020E9
:102ED400BC2E00202C3F00209C4F0020F4640020D6
:102EE4008466002014680020897B0020AD7B0020CC
:102EF400907B0020480900207FC3C9019C63002007
:102F0400B463002057F8040FC0B20AF0B3FB07EE15
:102F1400900A08F8019BB8EEE77AC7EE287A79EEB2
:102F2400677AEBEC017ADA45ECD1B6EE009ADDE98A
:102F340004231A70974B1B78012B02D0012E43F007
:102F440073861620DFF808B30AF094FB07EE900AA4
:102F54009FED916AF8EEE77ADFED906A904B87EE89
:102F6400867ADBED007A1A68D60737EE676AE6EEF2
:102F7400267ACBED007A40F19D868A4F8A4E3378CB
:102F8400002B00F01282DFED896AB4EEE67AF1EEEE
:102F940010FA07DC9FED867AF4EEC77AF1EE10FAA8
:102FA40040F31382834B00221A7001233370824B47
:102FB400196823683B6023685B1AB3F5FA7F10D95C
:102FC4007E4BDFED7F6AD3ED007A9FED7E7A67EE6C
:102FD400A67AF4EEC77AF1EE10FA01F17D80C3ED22
:102FE400007A2B786BB1784B1B68002B00F024829D
:102FF4000AF064FD754B1B68C01A754B984200F2C9
:103004001B82DFF85092DFF8508299F800303BB908
:1030140098F8003023B96F4B1A68002A42F01280E6
:1030240098F8003033B16C4B1B7803F0FF06002B8B
:1030340001F08286574B1B780D93002B40F00782DA
:103044004BF23333654966488B61664A6649199089
:103054008B61036811688B4201F07D801360F6EE8A
:10306400007A624A002B9FED627A11460A92614A05
:1030740047FE277A0A60604A82ED007A07925F4A27
:103084000592C2ED007A059A9FED5D7AD2ED007A41
:10309400F0EEE77AF4EE477AF1EE10FA42F2AA8003
:1030A400584A0B92584A0C92584A0192584A09922B
:1030B400584A002B0B99F6EE007A9FED4D7A0A6080
:1030C400019947FE277A079B0A60534A0C9983EDBE
:1030D400007A0A600999059B0A600A984549C3ED7C
:1030E400007A01604D4B4E49DFF870A10B600E91E0
:1030F4004C494D4A0B600F914C49CAF800300B60A3
:103104004B4B03911A6011934A4B1A6006934A4B36
:103114001A46109301231370484B1A68D00740F1E4
:103124009287474923680A689B1A0B2B00F29587FC
:10313400444B93F80090444B1E78444B1F7809EAA3
:10314400060303EA07020292029A002A42F07B84F1
:1031540086F0010212EA090801F06480002F42F0AF
:1031640072843E46C14683F001033B4313F0FF03E0
:10317400189303F0718200231A9309EA070383F07A
:1031840001033343139303F05F82002314931893D2
:1031940001F057B8A67B002000C07F440AD7A33CA7
:1031A400282A0020182B00208C7B0020BC74933C20
:1031B400295C0F3D8B7B00209060002094600020F0
:1031C4003333733F0AD7233C986300209463002071
:1031D4007FC3C901C4220020937B0020E470002037
:1031E400CC770020781C00201C710020841C002057
:1031F40000000000CDCCCC3D302B0020342B00202F
:10320400FFFF7F7F881C00208C1C0020601C002096
:10321400641C002000005C430000A543CDCC4C3E60
:10322400681C00206C1C002000004844741C002012
:103234007C1C0020801C00209E7B00202C2A002067
:10324400202B0020827B0020837B0020847B0020B5
:10325400A0600020927B0020947B0020701C002042
:10326400624B196839B1226847F22F53521A9A42B5
:103274008CBF0021012120685D4A2B7810600BB9B6
:1032840001232B705B4A13780133DBB2172B4CD923
:1032940000231370584B1B78002B5BD100297FF45B
:1032A400E9ACDFF89091D9F80030002B40F0A0870A
:1032B400524B1B78002B7FF4DDAC514B01221A706A
:1032C400D8E4504B504A1B7892F80090002B39D028
:1032D4004E4B0122D4F800A083F800904C4B1A7096
:1032E4004C4B22681A60444B1B78002B40F0238619
:1032F400DFF84091D9F80030002B45D13F4B1B78C3
:10330400002B7FF4B7AC394A1368002B41F0938645
:103314000123C2F800A03A4A2B7013700022354BE7
:103324001A70334BC3F800A0A4E41370A2E4374B23
:103334001A78354B1B789A427FF49CAC344B0022AC
:103344001A7097E4314A12784A457FF493AC304AB4
:1033540013708FE4DFF8DC90D9F800305BB9274BA9
:103364001B78002B7FF486AC2B4B01221A702B4B5D
:1033740022681A607EE40AF0A1FB294B1B68C01A7C
:1033840040457FF677ACEAE70AF098FB244B1B68CC
:10339400C01A40457FF66EACB0E72168214B196036
:1033A400D5E4144B2870187099E4DFED1F6AB4EE6D
:1033B400E67AF1EE10FA00F359849FED1C7AF4EEEC
:1033C400C77AF1EE10FA00F351843A6800202368BA
:1033D40030709B1A164A107047F23052934240F2F2
:1033E4007F860E4B1968054B1870E4E5D463002002
:1033F400D0630020917B0020A67B00208A7B0020E4
:10340400957B0020B87B0020B77B00207023002030
:10341400997B0020D8630020897B002090600020E5
:10342400946300208C6100208FC2F53CCDCC4C3DD0
:103434008B7B002098630020C04B1B78002B7FF40B
:10344400E0ADBF4B1B780D93002B3FF4F9AD002387
:10345400BC4AD362BC4AD36272B6BC4AD361137607
:1034640062B672B6BA4AD361137662B6B94AB0EE9E
:10347400000AB949D2ED000AB84A8B61B849DFEDB8
:10348400B97A8B61B84960EEA70AC2E90633B74A34
:10349400C2E90633B64A4A62B6494A62B64AD361B9
:1034A400B64AD3610CF0F4FDDFEDB57A60EE278AFD
:1034B400DFEDB47AF4EEE78AF1EE10FA00F1478614
:1034C400DFEDB17AF4EE678AF1EE10FA77FEA88A9E
:1034D400AE4BB0EE000ADFEDA37AD3ED000A60EE46
:1034E400A70A0CF0D5FDDFEDA67A20EE279ADFEDD2
:1034F400A57AB4EEE79AF1EE10FA00F12486DFED36
:10350400A27AB4EE679AF1EE10FA37FE899AA04BCC
:10351400B0EE000ADFED937AD3ED000A60EEA70A5D
:103524000CF0B6FDDFED967A60EE279ADFED957A22
:10353400F4EEE79AF1EE10FA00F10186DFED927AEB
:10354400F4EE679AF1EE10FA77FEA99ADFED917A1C
:10355400914BF0EE67BA9FED917AD3ED006AE6EEF7
:1035640087BAF4EEE7BAF1EE10FA00F1E485DFED84
:103574008C7AF4EE67BAF1EE10FA77FEABBA6F4EBE
:103584003378002B40F0D3859BED00CA854B1A6835
:10359400D20704D4844A2168116001221A60834B43
:1035A4001A78002A40F0B485814BDFF828821A6823
:1035B4002368804D9B1A952B94BF012300232B7005
:1035C40007D9794B1A6823689B1AB3F5FA5F01F29D
:1035D400BD83B5EE00BAF3EE047A28EE8BBAB4EEEE
:1035E400E7BAF1EE10FA40F1B8834FF00F09B5EEE7
:1035F40000AA714BF3EE047A83F8009029EE0AAA2C
:10360400B4EEE7AAF1EE10FA40F193830F23F5EE3E
:1036140000AA6A4AF3EE047A137069EEAAAAF4EED9
:10362400E7AAF1EE10FA40F15A830F23644A654F7A
:103634001370029B002B00F06C833B78002B01F08D
:103644002E85039BDFF89091002B00F0318599F8CB
:103654000030002B01F03D85019BDFF880A1002B99
:1036640000F042859AF80030002B01F0248533786D
:10367400002B40F02683DFED547A9BED007AB4EE04
:10368400E77AF1EE10FA40F31C83019B039A43EAB4
:103694000206029B1E43F6B2DDED1E7A9DED1F7AF3
:1036A400F4EEC77AF1EE10FA80F26985F0EE477A0B
:1036B4001FABF4EEC87AF1EE10FA94BFF0EE487A3C
:1036C400D3ED007AC7FE8C7AF5EEC07AF1EE10FAEB
:1036D40002F1B582B7EE007AF4EEC77AF1EE10FA91
:1036E40043F3AE827F200246384B1978FF2905D078
:1036F400411A0029B8BF494201290BDD0004059293
:1037040000F4FE014DF20D0008430BF0A3FC059AF2
:103714002E4B1A702E4923680A689B1A092B02F251
:103724006C822B78002B65D098F80030002B61D088
:103734003B78002B04F05E8352E000BF8A7B0020BC
:10374400A67B0020BC690020506D0020C4600020CE
:10375400EC60002030230020E4700020D0760020AC
:103764001C7100203333B34024620020087700200A
:1037740000B76D5B60620020EC7A0020247B00209F
:103784000000A0420000164300007A4534230020C4
:10379400382300203333333F642300203333834002
:1037A400CDCC9C40302A0020282B0020897B00208F
:1037B40044780020A47B00206D2300206E23002089
:1037C4006F230020967B00200AD7A33C6B230020A4
:1037D400502A0020887B0020977B0020987B0020C3
:1037E40099F80030002B04F0F7829AF80030002B8F
:1037F40003F00E862EB1A54B01221A702268A44B49
:103804001A60DFEDA4DAB0EE08EADFF8D492B0EE85
:103814006D0A0299D9ED007A9F48A7EE8E0A9F4E51
:10382400FEF7EEFDF0EE40CAB0EE6D0AD6ED007A7A
:1038340003999B48A7EE8E0A9A4FFEF7E1FDB0EE7E
:1038440040DAB0EE6D0AD7ED007A01999648A7EEFA
:103854008E0AFEF7D5FD98F80080F0EE40DAB8F154
:10386400000F01D095F80080029B002B01F04987DE
:10387400894923684A689FED8D7A9B1ADFED8C6A2B
:1038840007EE903AF8EE677A77EEC77A87EEA67A73
:10389400B5EEC07AF1EE10FA01F13387F7EE007A53
:1038A400B4EE677AF1EE10FA37FE877A039B002BA9
:1038B40001F01B87784923688A6ADFED7C7A9B1ABA
:1038C4009FED7B6A06EE903AF8EE666A76EEE76A5A
:1038D400C6EE867AF5EEC07AF1EE10FA01F10587AC
:1038E400F7EE006AF4EEE67AF1EE10FA42F312868D
:1038F400019BF0EE667A002B01F0FD866649CA6CE6
:103904002368DFED6A6A9B1ADFED695A06EE103A06
:10391400B8EE466A36EE666AC6EE256AF5EEC06A09
:10392400F1EE10FA02F1FA85B7EE006AF4EE466A97
:10393400F1EE10FA76FE266AF4EEE76AB0EE675A04
:10394400F1EE10FA88BFF0EE667AB4EE677A594861
:103954000378F1EE10FA67FE277A002B42F02480F8
:10396400554B1968002942F09F86DFED547AB3EE77
:10397400046A534B6CEE277A524ADFF868A1117639
:103984003BEE27BA059319768AF81810B4EEC6BA36
:10399400F1EE10FA03F180849FED4B6AB4EEC6BADF
:1039A400F1EE10FA03F34285B0EECB6ADFED475A2D
:1039B400B4EE656AF1EE10FA43F267819FED444A72
:1039C4009FED446A82ED084AA7EE86AAB3EE046A24
:1039D400B4EEC6AAF1EE10FA03F157849FED3A6AE9
:1039E400B4EEC6AAF1EE10FA03F34C86B0EECA6A3E
:1039F400DFED365AB4EE656AF1EE10FA43F239811E
:103A04009FED334AB6EE006A059B83ED084AE7EE64
:103A140086AAF3EE047AF4EEE7AAF1EE10FA03F1C3
:103A24003084DFED297AF4EEE7AAF1EE10FA03F31D
:103A34002586F0EEEA7A9FED256AF4EE467AF1EEF9
:103A440010FA43F20A819FED224A234BF6EE004A14
:103A54009FED226AD3ED005A8AED084AF0EE657AAA
:103A6400E8EE247AE7EE067AF5EEC07AF1EE10FA83
:103A740003F18384B7EE006AF4EEC67AF1EE10FA2D
:103A840041F30E84F0EE467A01F017BCAC7B0020C3
:103A940070780020CDCC4C3D747800205823002051
:103AA400987800205C230020BC78002000803B45EF
:103AB40000007A45AD7B0020547800200000FA44D1
:103AC4002C3F0020BC2E00200000FA45FFFF7F7F22
:103AD4004A63803D1F852B3FFC2200206666E63E3C
:103AE400542300209C4F0020DFF8409323B199F821
:103AF4000030002B01F06E81B24B0793B24B049956
:103B04001A4605930023127889F800308A423B70E4
:103B14007FF492A9B6EE009A1F46DFEDAC8A0E2020
:103B24009FEDABAADFEDABAADFEDAB9ADFF894A271
:103B3400DFF8FC82DFF8FC92DFF8FCB2C0B209F0D7
:103B440099FD07EE900A1AF8013BB8EEE77AF7EE12
:103B5400007AC7EE286A77EEE67A6BB19BED007ABD
:103B640037EEC77AB0EEC77AB4EEE97AF1EE10FA1E
:103B74004FDD00230AF8013C984B1B78A3B3012EB8
:103B84001AF8013C00F00E8113BB002F03F04180B2
:103B9400012F01F02483022F43F0B281904B93ED67
:103BA400007A77EEC76AA6EEAA7A83ED007A99EDD9
:103BB400007A37EEC77AB0EEC77AB4EECA7AF1EE7D
:103BC40010FA05DD874B01221A702268864B1A60B1
:103BD400C9ED007A013709F104090BF1040B062F32
:103BE40022D058F8040FA9E7804B1B6803BB012EB1
:103BF40000F0C880012F02F06380022F01F07C8264
:103C0400032F03F06D81042F41F02785B0EE679AEE
:103C140026E0724B1B78002BB1D1013709F104095E
:103C24000BF1040B062FDCD16C4B1B78FFF784B926
:103C3400012E00F0A780012F02F04280022F01F034
:103C4400C382032F03F05181042F41F00685F0EE67
:103C5400086A674BB6EE007AA7EEA67A83ED007A7F
:103C640009F104090BF1040B0527BAE7069B002BA5
:103C74007FF498A95F4960480A6801320A60D24318
:103C840002F00102027009F019FF5C4A0346216840
:103C940012683960A0EB020A594A5A4952448A42CE
:103CA40043F20B80584A1168544A1360012333705D
:103CB400FFF77FB92268554F3A6001221A60FFF777
:103CC4005DB9DDE9022343EA020616F0FF067FF43C
:103CD400E3AC019B002B3FF41DAD1E46DCE49FEDDD
:103CE4004C0A8AEE800A0CF06BF9DFED4A7AB2EEE8
:103CF400087AE0EE077AF4EEC77AF1EE10FA42F1B0
:103D040049840C23444A454F1370029B002B7FF4D3
:103D140094AC3B78002B3FF494AC4FEA094348F24F
:103D2400080003F4FE0318430BF094F9029B3B7064
:103D340087E49FED370A8AEE000A0CF041F9DFEDC3
:103D4400357AB2EE087AE0EE077AF4EEC77AF1EE4D
:103D540010FA42F114840C2359E49FED2D0A8BEEE2
:103D6400000A0CF02DF9DFED2B7AB2EE087AE0EEC2
:103D7400077AF4EEC77AF1EE10FA42F1F4834FF0C9
:103D84000C0934E4002F02F02D87012F01F0AF81DC
:103D9400022F43F03080224BC3ED007A214BC3ED58
:103DA400007A17E7002B7FF413AF002F01F0628233
:103DB400012F04F02C80022F41F05F821A4BC3EDD7
:103DC400007AF4E6B4630020907B002000C07F44B6
:103DD400A69B443CCDCC4C3D0AD7A33DA67B0020FA
:103DE40038230020AC7B002070780020CC770020A2
:103DF400142300209C6000208B7B0020242B0020B7
:103E0400AF3CFFFF6E032D0090600020182B0020B4
:103E14000000DC4300008A426F230020967B0020D0
:103E24002023002024230020042300208D7B002055
:103E340048090020587800209C6300200A21D148BA
:103E440008F07AFF0A218046CF4808F075FF0A215E
:103E54000646CE4808F070FFB8F5486F00F35A875D
:103E6400B8F5E16FC2F29E87C94B1B780293B6F591
:103E7400486F40F35887C74B01221A70019B039384
:103E8400B0F5486F41F31B86C34B01221A7007EE4D
:103E9400908ADFEDC26A9FEDC27AF8EEE77A77EE98
:103EA400E67A87EE878AB5EEC08AF1EE10FA02F15F
:103EB4002D83F7EE007AB4EE678AF1EE10FA37FE3E
:103EC400888A07EE906A9FEDB57ADFEDB56AF8EE61
:103ED400E77A77EEC77A87EEA67AB5EEC07AF1EE86
:103EE40010FA02F10F83F7EE007AB4EE677AF1EE7E
:103EF40010FA37FE877A07EE900A9FEDA86ADFED85
:103F0400A86AF8EEE77A8DED1E7A77EEC67A87EE28
:103F1400A67AB5EEC07AF1EE10FA02F1BD82F7EEA0
:103F2400007AB4EE677AF1EE10FA37FE877A8DEDF7
:103F34001F7AFEF7E9BEA9F14503F2EE080AB0EED6
:103F4400000A07EE903AF8EEE77AC7EEA00A0CF002
:103F54009FF820EE090A80EE280A0CF031F880EE72
:103F6400087AB5EEC07AF1EE10FA01F16080F7EE4E
:103F7400007AB4EE677AF1EE10FA37FE877A09F127
:103F84000703F2EE080AB0EE000A7F2BA8BF7F23D6
:103F9400453B07EE903A834BF8EEE77A83ED007ADF
:103FA400C7EEA00A0CF074F820EE090A80EE280A85
:103FB4000CF006F880EE087AB5EEC07AF1EE10FA4D
:103FC40002F12386F7EE007AB4EE677AF1EE10FA86
:103FD40037FE877A09F10C09F2EE080A724BB0EE4B
:103FE400000AB9F17F0F83ED007AA8BF4FF07F0973
:103FF400A9F1450907EE909AF8EEE77AC7EEA00A10
:104004000CF046F820EE090A80EE280A0BF0D8FFDF
:10401400C0EE087AF5EEC07AF1EE10FA02F1F185FD
:10402400B7EE007AF4EE477AF1EE10FA77FE277ACB
:104034005E4B0122C3ED007A5D4B1A705D4BC3F8F1
:1040440000A0FEF717BE012022685B4918602368B0
:104054000A609B1A0B2B7FF66BA8236849480B60F8
:104064000A2108F069FE0A210746474808F064FE61
:104074000A210646454808F05FFEB7F5486F42F34B
:10408400A7864FF001094D4B83F80090B6F5486FB1
:1040940042F394864A4B01261E704B46B0F5486F96
:1040A40042F36C860127474A02931770FFF74CB816
:1040B40099F80030002B3FF4CFAA434B48F2080094
:1040C4001B781B0403F4FE0318430AF0C3FF039B8D
:1040D40089F80030FFF7C0BA00221A60FEF781BFEA
:1040E400344B1968FEF767BF9AF80030002B3FF491
:1040F400BEAA364B48F208001B781B0403F4FE03E7
:1041040018430AF0A7FF019B8AF80030FFF7AFBA03
:1041140000212268DFF8D48019702D4B21681A60C1
:10412400012388F800302B4B1960FFF741BA9FED4B
:104134002ACAFFF72BBAF0EE67BAFFF720BAF0EEFF
:10414400679AFFF703BAB0EE679AFFF7E0B9F0EEAB
:10415400678AFFF7BDB9214A9FED217AD2ED007A33
:104164000A92F0EEE77A1F4A0792F4EE477AF1EEEC
:1041740010FA42F2EA811C4A0592FEF791BF1EAB87
:10418400FFF797BA0C6000203860002064600020BC
:10419400A97B0020AA7B0020AB7B00200080ED459A
:1041A4000000614430230020342300203823002001
:1041B400897B002090600020202B0020827B00203F
:1041C400837B0020847B00206E2300206F2300204B
:1041D40044780020282B002000000000841C0020CC
:1041E400FFFF7F7F302B0020342B0020887B0020B2
:1041F40009F064FC084B1B68C01A404504D9074BFE
:104204001B78002B3FF459A8054B1B78002B3EF478
:1042140031ADFFF7A1B800BF946300208A7B002072
:10422400A67B002047EA09010A4312F0FF0202922A
:1042340042F08086029F0123B946B846189314972A
:104244001A9707EA060389F0010213401393B44A4C
:104254001368D90704D4B34B216819600123136090
:10426400B14A1368DB0704D4B04B216819600123F9
:104274001360AF4A1368D80704D4AE4B21681960A1
:1042840001231360AC49B9F1000F04D00B7813B9C2
:104294002268A44B1A60A94A26B1137813B920687E
:1042A400A24B1860A64B37B1187820B9D4F800C0D7
:1042B400A048C0F800C081F8009016701F70B9F1D2
:1042C400000F01F02282974BF0EE086ADFED9D5A51
:1042D4001A6823689FED9C6A9B1A07EE903AF8EEE1
:1042E400677A87EEA57A77EE467AC7EEA68AF5EE68
:1042F400C08AF1EE10FA01F10882F7EE007AF4EECA
:10430400678AF1EE10FA77FEA88A002E01F0028285
:10431400864BF0EE086ADFED8B5A1A6823689FED2E
:104324008A6A9B1A07EE903AF8EE677A87EEA57AC6
:1043340077EE467A87EEA68AB5EEC08AF1EE10FAD9
:1043440001F1E881F7EE007AB4EEE78AF1EE10FAB3
:1043540042F3E880B0EE678A002F41F0E081B0EECE
:1043640048AADFED7A9AF4EE488A029BF1EE10FA3D
:1043740028FE888AEBB9764B1A78002A41F0DB8450
:10438400744B1B6843B109F099FB734B1B68C01A4B
:10439400724B984241F2C6842B78002B02F0888736
:1043A40009F08CFB6E4A6F4B10601A78002A43F0B8
:1043B40074816D4B08936D4B15936D4B13936D4B3B
:1043C40014936D4B16936D4B17936D4A1368D9076D
:1043D40041F1CF826B490B682268D31A182B1CD980
:1043E400694B22681B780A60002B01F03C83002390
:1043F4009846664D2A78FF2A05D09A1A002AB8BF33
:104404005242012A09DD1B044DF20D0003F4FE03A0
:1044140018430AF01FFE85F80080109B1B78002BC0
:1044240001F06A83B7EE006A089B109A93ED004A84
:10443400002313700B9BDAED006A93ED002A0C9BAA
:10444400D3ED002A119BD3ED004A019B93ED005A52
:10445400099B32EE452AD3ED005A039BA2EE065A7D
:10446400D3ED007A72EEE52A069B93ED007AE2EE34
:10447400865A0E9B74EEC74ADFED462A93ED003A46
:104484000F9B33EE663AD3ED003AA4EE867A73EED0
:10449400E73AE3EE066AE3EE867AB0EEC56AB4EE76
:1044A400626AF1EE10FA01F20683B3EE046AB4EE26
:1044B400C65AF1EE10FA01F11B839FED356AB4EE92
:1044C400465AF1EE10FA36FE055AB0EEE56ADFED13
:1044D400314A019BB4EE646A83ED005AF1EE10FA9E
:1044E40001F2E582B3EE046AF4EEC65AF1EE10FA74
:1044F40001F1FA829FED266AF4EE465AF1EE10FAC3
:1045040076FE255AB0EEE66ADFED224A099BB4EE48
:10451400646AC3ED005AF1EE10FA01F2C4824FE06E
:104524003C2A00203C2B0020402A0020402B002065
:10453400442A0020442B00207F7B0020807B002025
:10454400817B002000007A443333B33E0000000036
:104554009C7B002098630020946300207FC3C901E2
:10456400D4770020957B0020F82200202C23002003
:10457400C4600020EC600020A0610020A461002041
:104584004C2A00204C2B00208A7B00206A23002028
:104594000000FA45FFFF7F7F0000A0428FC2F53D77
:1045A400EC51383E3333733F0000E1440000C8420D
:1045B40000A00C466F12033CA69BC43B0044AC46CF
:1045C400F5EEC06AF1EE10FA01F18A821FED0B6A72
:1045D400F4EE466AF1EE10FA76FE266AB0EEE76A69
:1045E4005FED144ACAED006AB4EE646AF1EE10FAA3
:1045F40001F25582F5EEC07AF1EE10FA01F16C8207
:104604001FED186AF4EE467AF1EE10FA76FE277A78
:10461400B0EEC76A5FED214A039BB4EE646AC3ED52
:10462400007AF1EE10FA01F236821FED256AB4EE3B
:10463400C67AF1EE10FA01F14B821FED236AB4EE53
:10464400467AF1EE10FA36FE077A069B83ED007A7D
:10465400029B002B51D149EA0606F6B20EB9002F8F
:104664004BD01FED316A0D9BE8EE866A002B02F0F9
:10467400E3821FED366A28EE066A76EE866AF5EE68
:10468400C06AF1EE10FA02F1B2835FED3A4AF4EE39
:10469400646AF1EE10FA74FEA66A5FED3F4ACAED51
:1046A400006AEAEE247A77EE867AF5EEC07AF1EEC5
:1046B40010FA02F198835FED456AF4EE667AF1EE42
:1046C40010FA76FEA77A1FED486A5FED486AA9EEF4
:1046D400867A039BC3ED007AB4EEE67AF1EE10FA23
:1046E40002F1A6825FED4E7AB4EE677AF1EE10FA2B
:1046F40037FE877A069B83ED007A0A9BB3EE047A31
:10470400F7EE007A5FED553AD3ED004A079B84EE4D
:10471400876A5FED576A93ED003AC3EE074AB0EE3D
:10472400677A26EE236AA6EE047A66EEE46AE6EE7B
:10473400847A27EE057AB5EEC07AF1EE10FA01F12B
:104744007D815FED626AB4EEE67AF1EE10FA41F330
:10475400BC82E14EE14B736267EEA57AF5EEC07A56
:10476400F1EE10FA01F165819FEDDD7AF4EEC77A7E
:10477400F1EE10FA41F3BA82DA4DD84B6B6209F0CC
:104784009DF9169BDFEDD89A1B689FEDD88AC01A55
:1047940007EE900AF8EE677A87EEA99A09F08EF987
:1047A400179B1B68C01AD24BB2EE007A07EE900A30
:1047B400F8EE677AC7EEA98AD3ED007AA7EE878A66
:1047C400B1EE490A80EE080A0BF088FBDFEDC97AE6
:1047D40020EE270ADFEDC87AB4EEE70AF1EE10FA0C
:1047E40040F3D6874FF23333B1EE680AF36280EEBA
:1047F400080A0BF073FBDFEDC17A20EE270ADFED28
:10480400BE7AB4EEE70AF1EE10FA40F3B5874FF240
:104814003333B7EE007ADAED007AEB62F4EEC77A5E
:10482400F1EE10FA41F3E180B54B72B6139AD361FD
:104834000023137662B6039BB7EE007AD3ED007AB9
:10484400F4EEC77AF1EE10FA41F3E180AC4B72B6A4
:10485400149AD3610023137662B6069BF3EE047AAE
:10486400B1EE007ADFEDA78A93ED008A089BB4EEDF
:10487400E78AD3ED00BAF1EE10FAEBEE878A00F185
:10488400A787DFEDA17AB4EEE78AF1EE10FA02F31E
:104894009D819FED9E0A28EE000AF0EE407AFEEE1E
:1048A400E07A17EE905A0BF083FDF0EE407AFEEEBC
:1048B400E07A17EE902ADFED937A954BF4EEE78ACF
:1048C400C3E90652F1EE10FA00F16E87F1EE047AB4
:1048D400F4EEE78AF1EE10FA01F33086B7EE007ACF
:1048E400C7EE287AB0EE677ABEEEC17A17EE102AC8
:1048F4009FED887AF3EE047A5A6228EE078AB4EEC2
:10490400E78AF1EE10FA40F17287834A834DDFEDB6
:104914007D7A834BF4EEE78AC3E90652F1EE10FA8E
:1049240002F15181F1EE047AF4EEE78AF1EE10FA25
:1049340001F36B86B7EE007AC7EE287AB0EE677A99
:10494400BEEEC17A17EE102A5A62B4EE006A059BD5
:10495400B7EE007ADFED736A93ED008A019B28EECF
:10496400068AD3ED007ABDEEC88AB8EEC88A38EE5E
:10497400078A28EE278AB4EEE68AF1EE10FA00F1EF
:104984002E87DFED696AB4EEE68AF1EE10FA02F3DF
:1049940021819FED669A28EE099AB7EEC99AB0EE86
:1049A400490B0BF099FEB0EE40CBB0EE490B0BF087
:1049B40053FEB8EE007B20EE077B00255C4826AA58
:1049C400F2EE086A2946B0EE08BA2795B7EE009BC6
:1049D400ABEEA6BA9FED3EABB7EECBBA3BEE0BBB4C
:1049E4008CEE0B6B36EE095B8AEE054B24EE077BEF
:1049F40026EE045B39EE466BBDEEC77B26EE046BF8
:104A04008DED297AB1EE457BBDEEC55BBDEEC66B7F
:104A1400BDEEC77B8DED265A8DED2A6A8DED287A81
:104A240006F0CEFB9FED437ADFED407A28EE078A4D
:104A340028EE278AB7EEC88AB0EE480B0BF04CFE7E
:104A440080EE0BCBB0EE480B0BF006FEB8EE007B0D
:104A540026AA2946384820EE070B27953CEE096B19
:104A640039EE4C7B8AEE064B2CEE046B27EE047B6E
:104A740020EE045BB1EE464BBDEEC77BBDEEC66BCC
:104A8400BDEEC44BBDEEC55B8DED2A7A8DED266A75
:104A94008DED284A8DED295A06F092FB089BF6EE1F
:104AA400007A9FED267A93ED008A159BA8EE277A6B
:104AB400DFED236A93ED006AE7EE067AF4EEE67A18
:104AC400F1EE10FA00F388863EE000BFAFF30080F9
:104AD400000000000000D041BC6900200000FE7FFF
:104AE4000044AC46506D002000247449CDCCCC3D2C
:104AF400442300209A99593F3333733FCDCC4C3F24
:104B04000000FF7F3333333F00D089469365153867
:104B140024620020FCA9813FDE571700DF571700ED
:104B2400606200200000A0420000FA459365153938
:104B34009875002060E5803F34760020CDCCCC3ED3
:104B440000FEFF4600FEFFC61FED027AF4EEC77AB0
:104B5400F1EE10FA01F1F584B0EE677ABEEEC87A90
:104B640017EE103A04F16A8718467B4AB3EE047ACA
:104B7400DFED7A6AD2ED007A4FF40042DFED788AF5
:104B840067EEA77A7749CB61E7EEA68A764B8A610E
:104B9400C3E90620F4EEC78AF1EE10FA00F1F086BC
:104BA400DFED727AF4EEE78AF1EE10FA01F3308564
:104BB4009FED6F0A28EE800AF0EE407AFEEEE07A6E
:104BC40017EE905A0BF0F4FBF0EE407AFEEEE07A2A
:104BD40017EE903AB7EE007ADFED667A664A38EE61
:104BE400078AC2E90653B4EEE78AF1EE10FA40F1FF
:104BF4005986F3EE047A61495162F4EEE78AF1EEE4
:104C040010FA04F11787DFED597AF4EEE78AF1EE32
:104C140010FA41F301855A4D5A485B4B9FED5B7A7C
:104C2400D3ED007A00235A4AF4EEC77A5162C2E9FE
:104C34000650584AF1EE10FAC2E90633564AC2E960
:104C4400063300F375870023544A9362544A9362EF
:104C5400544A9362544A236811685B1A132B40F236
:104C6400F78423681360514B1D78002D00F05B8698
:104C74004F4D2B78002B00F07F844E4940F6AC5208
:104C8400236809685B1A934201D900232B70DFF86B
:104C94002CB10420DBF80020002A0CBFFF210021E6
:104CA40009F05EF9DBF800200520012A0CBFFF2182
:104CB400002109F055F9DBF800200620022A0CBF78
:104CC400FF21002109F04CF9DBF80030129909208A
:104CD400032B08BFFF212DB0BDEC0E8BBDE8F04FB8
:104CE40009F03EB92368032133483B600AF072FFA0
:104CF400324B3348196808F06DFC072131480AF03B
:104D040069FF04992E4808F065FC2D4808F06EFCF4
:104D1400FEF710B82C4B0122B6F5486F1A70019BB0
:104D240002933FF7A8A8B6F5E16FC1F2C087274BFD
:104D34001B780393FFF7A4B8254808F0B9FB1823A0
:104D440088F8006089F80030FEF774B9002388F809
:104D54000030FEF73EBC00BF1C23002000007A4454
:104D640000004842EC7A0020247B002000D08946D1
:104D7400936515383333333FAC61002000B76D5B66
:104D840000BE6C50008C3C4B282300200AD7A33C67
:104D9400E8610020D076002008770020BC2E002097
:104DA4002C3F00209C4F0020482B0020A67B002095
:104DB400AC7B0020707800209C0D002054780020EB
:104DC400481C0020A00D0020A97B0020AA7B002005
:104DD400C8220020CE4B1A6823689B1A40F6B732CB
:104DE40093423EF689AECB4B1B78002B42F02283D4
:104DF400012E04F08B81C84B1B683BB108F05EFEAA
:104E0400C64B1B68C01AC64B984206D9C54B1B78C3
:104E14001BB92B78002B04F0F584C34B9FEDC39A88
:104E24001B68002B44F01A834FF47A70F2EE0E8A5A
:104E340008F0EAFB07EE900ABD4B4FF47A70B8EE27
:104E4400677AF0EE087AC7EE096AE6EEA87AC3ED4F
:104E5400007A08F0D9FB07EE900AB3EE0E7AB54B50
:104E64004FF47A70F8EE677AC7EE896AE6EE878ABD
:104E7400C3ED008A08F0C8FB07EE900AF1EE006A61
:104E8400AD4BB8EE677AF6EE007A87EE096AE6EE85
:104E9400267AC3ED007A4FF47A70DFEDA48A08F025
:104EA400B3FB07EE900ADFEDA59A4FF47A70F8EEA3
:104EB400677A9FEDA37AA34B9FEDA39AC7EEA86AE6
:104EC400DFF8F882F0EE697AE6EE877AC3ED007ACD
:104ED40008F09AFB07EE900A9C4B4FF47A70B8EEF8
:104EE400677AC7EE287A77EE897AC3ED007A08F0FC
:104EF4008BFB07EE900A9FED967A964B4FF47A70EF
:104F0400F8EE677AC7EEA86AF0EE497AE6EE877A99
:104F1400C3ED007A08F078FB07EE900A8E4B4FF44D
:104F24007A70B8EE677AC7EE287A77EE897AC3ED9D
:104F3400007A08F069FB07EE900A9FED887A884BA7
:104F44004FF47A70F8EE677AC7EEA86AE6EE879AAD
:104F5400C3ED009A08F058FB07EE900A814B4FF41A
:104F64007A70B8EE677AC7EE287A77EE897AC3ED5D
:104F7400007A08F049FB07EE900A7B4B0820B8EE54
:104F8400677AC7EE287A77EE897AC3ED007A08F05B
:104F94003BFB764B0121226819700A21744BC8F837
:104FA400000074481A600AF015FED8F80020724B0D
:104FB40053F82280B8F1000F06D040460DF048F9AE
:104FC400014640460AF006FE6C48B7EE009A08F027
:104FD4000DFB4FF001026A4BDFED6A8A1A706A4BCF
:104FE400DFF8DCB11A70694BDFF8D881079308F059
:104FF40065FD674ADDF81CA010600E2001E058F83A
:10500400040FC0B208F036FB07EE900A4FF001031C
:10501400B8EEE77A0AF8013B5E4BC7EE287A79EEE0
:10502400677AEBEC017A5B45E9D1FEF767BD9FED4A
:10503400467AFEF7A4BFAAEB03031E2B7DF61AAE35
:10504400FEF766B91F6842F6F7639F427DF6E8AF44
:10505400514B1722012622A9209328A826934F4BAF
:105064001A704F4B89F800602293FCF727FF4D4BD1
:1050740026A94D48A3FB07231B0903EB4303DA00CE
:10508400013A08F093F9269B28A8DB689847209BEF
:1050940022A8DB68984788F80060FDF7C1BF4FEA93
:1050A4000943424803F4FE03184309F0D3FF0123E4
:1050B4003B70FEF7C6BA3E4B3C481B781B0403F416
:1050C400FE03184309F0C6FF01238AF80030FEF7F7
:1050D400CEBA384B35481B781B0403F4FE0318433F
:1050E40009F0B8FF012389F80030FEF7B5BA324B56
:1050F400C3ED007AFEF76EBDF3EE096A0D4BB2EE16
:105104000E7AA7EEA67A83ED007AFEF763BD00BFA0
:105114008C610020A67B002098630020946300200B
:105124007FC3C9018A7B0020CC77002000007A4429
:105134004C2300203C230020EC220020CDCC4C3D0D
:105144003333733FF82200200000000020230020A6
:105154006666663FF4220020242300206666E63E4D
:105164001C230020F02200202C230020A37B0020FD
:105174003C780020BC0D0020281C0020481C002086
:105184009C7B002000C07F449E7B0020B4630020F1
:10519400D4770020B4630020680A0020937B0020A9
:1051A40055020000ABAAAAAAC822002009900064F4
:1051B4006F2300206E23002048230020D077002096
:1051C4009C63002048090020F0EE086AC84BB6EE44
:1051D400007AA7EEA67A83ED007AFEF7FBBCC54BF6
:1051E40093ED007A77EEC76AA6EEAA7A83ED007A89
:1051F400FEF7DDBCC04AD2ED007A0B92F0EEE77AFE
:10520400F4EE477AF1EE10FA3DF64CAFBB4AD2ED1C
:10521400007A0C92F0EEE77AF4EE477AF1EE10FAA7
:105224003DF642AFB64AD2ED007A0192F0EEE77A4B
:10523400F4EE477AF1EE10FA3DF638AFB14AD2ED0A
:10524400007A0992F0EEE77AF4EE477AF1EE10FA7A
:105254003DF62EAFAC4BDFF81CA31093AB4B0E9373
:10526400AB4B0F93AB4B0393AB4B1193AB4B0693ED
:10527400FDF752BFAA4BC3ED007AAA4B1B68022B61
:1052840002F01686032F03F03481042F02F00B8200
:10529400052F7EF48CACA44BC3ED007AFEF787BCDB
:1052A400B0EEE74ADFEDA14A9FEDA16AB4EEE44A0D
:1052B400F1EE10FA88BFF0EE467A9E4BF6EE004A05
:1052C400C2ED0B7A93ED00AA9DED1E4AF0EE4A7AE8
:1052D4009FED996AE4EE247AE5EE067AF5EEC07A5B
:1052E400F1EE10FA02F15180B7EE006AF4EEC67ADC
:1052F400F1EE10FA02DDF0EE467A0CE0F0EEE74A49
:105304009FED8A6AF4EEC64A9FED896AF1EE10FABF
:1053140088BFF0EE467A059BB6EE006ADDED1F4AC3
:10532400C3ED0B7A854B93ED008AF0EE487AE4EEF8
:10533400867A9FED816AE6EE867AF5EEC07AF1EE22
:1053440010FA02F11E80B7EE006AF4EEC67AF1EEAE
:1053540010FA02DDF0EE467A0CE0F0EEE74A9FED3B
:10536400736AF4EEC64A9FED726AF1EE10FA88BFD2
:10537400F0EE467AB6EE006A714BCAED0B7AD3EDC5
:10538400007A2CEE066ADFED6F4A76EE277AE7EEB6
:10539400247AF5EEC07AF1EE10FA01F1E687B7EE61
:1053A400007AF4EEC77AF1EE10FA02DDF0EE477AF5
:1053B4000CE0F0EEE74A9FED5D7AF4EEC74A9FED0C
:1053C4005C7AF1EE10FA88BFF0EE477A5E4BC2EDDC
:1053D4000C7AD3ED007A9FED5B7A76EE277AE5EED0
:1053E400077AF5EEC07AF1EE10FA01F1BA87B7EE5A
:1053F400007AF4EEC77AF1EE10FA02DDF0EE477AA5
:105404000CE0B0EEE75A9FED497AB4EEC75A9FED2F
:10541400487AF1EE10FA88BFF0EE477A059B9FEDCB
:10542400497AC3ED0C7A404BD3ED007A76EE277AB5
:10543400E6EE877AF5EEC07AF1EE10FA01F199877B
:10544400B7EE007AF4EEC77AF1EE10FA02DDF0EE70
:10545400477A0CE0B0EEE76ADFED346A9FED347A08
:10546400B4EEE66AF1EE10FA88BFF0EE477A9FEDEB
:10547400377A9FED375A2CEE07CA9FED366ADFED77
:10548400366ACAED0C7AB0EE4C7AA8EE857AA5EEAF
:10549400867AB4EEE67AF1EE10FA01F10587DFEDD3
:1054A4002F7AB4EEE77AF1EE10FA02F3E380F3EE2A
:1054B400047AB4EEE77AF1EE10FA42F1078528494E
:1054C400284B9FED297A294DF4EEC7BAC5E9063178
:1054D400F1EE10FA01F18485F1EE047AF4EEE7BA04
:1054E400F1EE10FA42F3BB80214B01F07ABD00BF0C
:1054F4000C23002034230020881C00208C1C002056
:10550400601C0020641C00209E7B0020681C00207E
:105514006C1C0020741C00207C1C0020801C0020BB
:10552400FC22002054780020E87A0020FFFF7F7FCF
:1055340000000000002300206666E63E04230020ED
:10554400E07A00203333B33EE47A002000007A4549
:105554006666663F00803B450000164300E02B462C
:10556400DE571700DF5717003333333F9C620020A8
:10557400D0CCCC0C701C002072B6AF48027F02F075
:10558400FF0102B1037762B6002901F0898672B681
:1055940047F6FF724FF40041B0F91E30C283B0F9F0
:1055A4002020018462B6002B9FEDA47AB8BF5B4231
:1055B400002AB8BF52429BB292B29342B8BF13467C
:1055C40007EE903AF8EEE77A87EE871A72B69C4BAC
:1055D4001A7F02F0FF010AB100221A7762B600298D
:1055E40001F0A48472B647F6FF714FF40040B3F99A
:1055F4001E20D983B3F92010188462B682EAE273BC
:105604009FED8E7AA3EBE27381EAE1729BB2A2EB87
:10561400E17292B29342B8BF134607EE903AF8EEA5
:10562400E77AC7EE871A874B0021DBED000A93ED7A
:10563400000A854B04981A68FCF788FF834923689D
:1056440040F6AC5209685B1A934201D900232B70CF
:105654002DB0BDEC0E8BBDE8F08F052F7EF4BAAAF9
:105664007B4BC3ED007A0E2008F004F8079B0590ED
:105674001B78002B7DF465AC07EE900A9FED756AEC
:10568400754BB8EEE77AF7EE007A1B68C7EE066A48
:1056940077EEE68AEBB108F011FA704B1B68C01A7A
:1056A4006F4B984215D8F6EE007A9FED6E0A78EEAD
:1056B400E77A27EE800A0BF04FF818286FF01703EB
:1056C400A8BF18209842B8BF1846674B1870FDF75A
:1056D40038BC664B1B78002BE5D12B78002BE2D12C
:1056E400634BC3ED008AFDF72CBC019BDFED617AAF
:1056F400002B7EF403A9B0EE675ADFED5E6AFEF775
:1057040024B99FED5C7AFEF7D1B8DFED5A8A002EFA
:105714007EF4FEAD9FED578A002F3EF420AE564B2B
:10572400F0EE086ADFED555A1A6823689FED546A53
:105734009B1A07EE903AF8EE677A87EEA57A77EE31
:10574400467AC7EEA69AF5EEC09AF1EE10FA00F189
:10575400EC86F7EE007AF4EE679AF1EE10FA77FE33
:10576400A99AF4EEC89AB0EE48AAF1EE10FA88BFEE
:10577400B0EE698AFEF7F7BDF7EE007AB4EEE70AF9
:10578400F1EE10FA44F38D814FF48033FFF741B802
:10579400F7EE007AB4EEE70AF1EE10FA44F37981F9
:1057A4004FF48033FFF720B89FED367AF3EE047A96
:1057B400354A28EE078A5A62B4EEE78AF1EE10FA07
:1057C40015D5324B324999610139D961FFF7BCB81B
:1057D400304A2F4DFFF76FB82F4BFFF7C5B99FED38
:1057E400127B9FED13CBB0EE668AFFF7E6B8DFEDD0
:1057F4002C7AB4EEE78AF1EE10FA00F32187DFED9C
:10580400277A28EE270AF0EE407AFEEEE07A17EEC9
:10581400905A0AF0CDFDF0EE407AFEEEE07A17EEF3
:10582400902AFFF774B800BF7BD251C677FFFFBF41
:105834009ED21EE0BD57873F5075002000FEFF46F4
:105844007475002094600020547800207078002043
:105854004423002000C07F44986300209463002008
:105864007FC3C901000040429D7B00208A7B002049
:105874005023002000000000442B002000007A4444
:105884003333B33EFCA9813F00B76D5B60620020F7
:10589400DF571700DE5717000000FF7F93651538A8
:1058A40000D08946F1EE047AB4EEE78AF1EE10FAFC
:1058B40000F3DF86B7EE007AC7EE087AB0EE677AB7
:1058C400BEEEC17A17EE103AF3EE047A5362F4EEA8
:1058D400E78AF1EE10FA00F1C8865FED0F7AF4EE74
:1058E400E78AF1EE10FA40F39786D748D74DDFEDFB
:1058F400D87AB4EEE78AF1EE10FA01F1CA84F1EE37
:10590400047AB4EEE78AF1EE10FA00F3AB86B7EE50
:10591400007AC7EE087AB0EE677ABEEEC17A17EE67
:10592400101AFFF77AB9CB4B1E78002E00F03D8693
:10593400C94922680968521AB2F5167F81F04D836D
:10594400C64C04202368002B0CBFFF21002108F063
:1059540007FB236812990520012B08BFFF2108F0DB
:10596400FFFA2946062008F0FBFA29460920FFF72A
:10597400B2B923680120BA4910600B60FEF72CBD50
:10598400B7EE007ADFEDB27AB64AB74D38EE078A41
:10599400B648C2E90650B4EEE78AF1EE10FA81D5B2
:1059A400B3495162FFF739B9B24A00230299D3606F
:1059B40082F820100399136382F844100199536507
:1059C40082F86810002182F8211082F8451082F8CC
:1059D4006910A94A0170D360136353651184A2F856
:1059E4004410A2F86810FFF72FB9BFEE007AF4EE66
:1059F400C77AF1EE10FA01F154819FEDA07A67EEB7
:105A0400877AFDEEE77A17EE903AFEF70EBFBFEE07
:105A1400007AF4EEC77AF1EE10FA01F145819FEDB8
:105A2400977A67EE877AFDEEE77A17EE903AFEF7FB
:105A34000EBF934D00236B62FEF7A1BE914E00236F
:105A44007362FEF789BE89F001085FFA88F807EAF5
:105A5400080888F0010856EA080800F06A854FF043
:105A64000008FDF780BBDBED007A9FED877A67EED7
:105A7400877AF5EEC07AF1EE10FA02D59846FEF771
:105A8400B8BCF4EEC77AF1EE10FA43F306877F232D
:105A94009846FEF7AEBC9FED7D7AFEF7D6BDDFEDEE
:105AA4007C7AFEF7B5BDDFED7A6AFEF797BDDFEDD0
:105AB400795AFEF727BD9FED785AFEF706BDB0F57B
:105AC400E16FC1F27581754B1B780193FEF7DFB965
:105AD400B0EE467AFEF7B9BDDFED717AFEF798BDF8
:105AE400DFED6F6AFEF77ABDF0EE465AFEF70ABDA7
:105AF400B0EE465AFEF7E9BC642007F085FD089B2A
:105B0400DFED687AB7EE007A93ED004A109B64EEFD
:105B1400277A9FED656A1B78FDEEE77A17EE902AE7
:105B2400904226FE076A002B3EF484ACFEF77CBC50
:105B3400F7EE008A9FED5D7A9FED5D8A5D4D78EE0C
:105B4400E77AA7EE878A07F0B9FF2B68C01ABCEE84
:105B5400C88A18EE103A98427FF675A807F0AEFF8F
:105B640028604FF47A7007F04FFD07EE900ADFEDDE
:105B7400525AB6EE006AF8EE676A0E9BD3ED007ACD
:105B840086EEA57A37EE467AE7EE067AF5EEC07A27
:105B9400F1EE10FA01F18C85F4EE687AF1EE10FA68
:105BA40078FEA77A0E9B4FF47A70C3ED007A07F063
:105BB4002BFD07EE900ADFED405AB6EE006A0F9B0C
:105BC400F8EE676AD3ED007A86EEA57A37EE467A68
:105BD400E7EE067AF5EEC07AF1EE10FA02F1F384FC
:105BE400B7EE007AF4EE477AF1EE10FA77FE277AF0
:105BF4000F9BC3ED007AFFF726B8F6EE007A9FED0F
:105C04002F7A23684EF20E007CEE677A0B6077EEF3
:105C1400A77A67EE877AFDEEE77A17EE903A1BB221
:105C240003F30D0303F500531A04DB1102F4FE021F
:105C340042EA0363184309F00DFAFDF772BD002030
:105C44000246FDF751BD00BF008C3C4B00BE6C50BA
:105C54003333333F867B0020B02E0020CC770020E6
:105C64004C2B0020AC610020DF571700DE571700D3
:105C740000B76D5B74780020E078002000FEFF4ED2
:105C8400506D0020BC6900200000FE420000484422
:105C9400CDCC4C3E0000A54300005C43AB7B002010
:105CA4000000000000002042CDCC4C3D001B374AD0
:105CB400005043471C2B002000007A4400F8FF45A5
:105CC400134BC3ED007AFDF785BFDFED126A124A6C
:105CD40027EE267A114EBCEEC77A17EE103A86EDFF
:105CE400097A93423EF636ADFEF736BD9FED097A4A
:105CF400094A67EE877A0A4DFCEEE77A17EE903A86
:105D0400C5ED097A93423EF638ADFEF738BD00BFC3
:105D140040230020C637BE470000FE7FBC69002038
:105D2400506D002007F0CAFECC4ACD4B10601A78A3
:105D3400002A3EF43EAB029A1A70CA4B0893149B95
:105D44001BB90D9B0BB9139B2BB1642007F05CFCB2
:105D540040287EF630ABC44B1B68002B00F08283D6
:105D640007F0ACFEC14B1B68C01AC14B984200F24D
:105D7400798307F0A3FE2D780346002D01F00983F3
:105D8400BC4A21681160BC4A1360BC4BF7EE006A40
:105D94009AED007AD3ED007A159376EEE77A37EE32
:105DA400877AB5EEC07AF1EE10FA01F1E0869FED44
:105DB400C86AB4EEC67AF1EE10FA41F3A684B04B89
:105DC40072B6B04AD36100231392137662B6039A73
:105DD40092ED007A77EE877AF5EEC07AF1EE10FA5A
:105DE40008D49FEDBB7AF4EEC77AF1EE10FA41F3D2
:105DF4008184A34B72B6A44AD36100231492137610
:105E040062B607F05BFEA14B16931860A04B1D46CB
:105E1400179307F053FE199B28601B68002B41F071
:105E2400EB849C4BD3ED004A9B4B93ED006A9B4B58
:105E3400D3ED006AB8F1000F0FD0B1EE005AB0EE06
:105E4400007AF2EE005AF1EE047AA8EE857AE8EED2
:105E5400A57A74EE874A36EE276A189B3BB1F7EEB3
:105E6400007A9FED8F7AEAEE077A76EEA76A1A9B9C
:105E74007BB1B2EE005AB1EE047AF0EE045AF7EEBA
:105E8400007AA9EE857AE9EEA57A36EE476A74EED1
:105E9400E74A079BBBEE044ADFED825AD3ED007A52
:105EA4000A9BD3ED00AA059B37EEEA5A93ED007ADC
:105EB40025EE245A36EE476A66EEC76AF0EE674A64
:105EC400E7EEAA6ADAEE864AE5EE25AAA6EEA57AF8
:105ED400E4EEA57AF4EEC4AAF1EE10FA02F1C6805B
:105EE400F3EE046AF4EE66AAF1EE10FA76FEAAAABC
:105EF400FBEE046A0A9BC3ED00AAF4EEE67AF1EE27
:105F040010FA02F11280F3EE046AF4EE667AF1EE0E
:105F140010FA76FEA77AB5EEC07A079BC3ED007A35
:105F2400F1EE10FA02F15983DFED5F7AB4EE677A8D
:105F3400F1EE10FA37FE877A059BF0EE087AF3EE5D
:105F440004BA9FED5ACA83ED007AB0EE000A584BAA
:105F5400B6EE00BADFF87481D3ED000A60EEA70A4A
:105F64000AF096F8CAEEAB7A9FED527A60EE070A11
:105F7400F0EE4BAACDED180A27EE8C0A09F05AFF71
:105F8400079DE0EE0BAAD5ED007A87EEAB0A20EE72
:105F94000C0A09F04FFFF0EE407ADDED180AB0EE7E
:105FA4006A0AD8F80000A7EE8BBAFCF7DDF90B9B60
:105FB400DDED180A83ED000AD8F80000B0EE4B0AB4
:105FC400FCF7D2F9B2EE046AD5ED007A0C9B77EEB9
:105FD400867A9FED397A83ED000A384B87EEAB6AF7
:105FE400DFED376AD3ED007A0D9BA6EE277AA8EE93
:105FF400A67A002B01F095879FED326A28EE066A97
:1060040037EE067AB5EEC07AF1EE10FA02F10183AA
:10601400DFED2F7AB4EE677AF1EE10FA37FE877A65
:10602400059BDFED214AD3ED006A0E9B86EEA45A50
:10603400DFED217A83ED007A234BDFED215A93EDD6
:10604400007AE5EE077AEAEE257A77EE867AF5EEBF
:10605400C07AF1EE10FA02F1D88245E0D47700203C
:106064008E7B0020F8220020986300209463002097
:106074007FC3C90190630020CC6300202C2300203F
:1060840080A69879C4600020EC600020A061002004
:10609400A46100204C2300203C230020EC2200209B
:1060A400CDCC0C400AD7233C00002042B30CC93F9E
:1060B400402300200000DC41CDCCCC3D2023002037
:1060C4003333B33EAE47613E24230020D077002013
:1060D4003333733F0000484300803B450080224532
:1060E4000000FA450000FE421FED077AF4EE477AFD
:1060F400F1EE10FA77FE277A5FED0A5AB7EE005AEE
:106104005FED0B4AB0EE657A089B66EEA56A5FED1B
:106114000D5A93ED006AA9EE247A0F9B36EE056AB8
:10612400C3ED007AF0EE477AE6EE867AE9EEA57AD8
:10613400B4EEE77AF1EE10FA07DC1FED177AF4EE0D
:10614400C77AF1EE10FA37FE277A0A9BB2EE04BA48
:10615400F3EE04AA1FED1D9AD3ED007A119BD048EB
:1061640083ED007A37EE8B7AC7EE2A7A67EE897A66
:10617400FCEEE77A17EE903A1B0603F0FE43184351
:1061840008F068FF079BC74893ED007A37EE0B7A57
:10619400C7EE2A7A67EE897AFCEEE77A17EE903A30
:1061A4001B0603F0FE43184308F054FF059B9FEDC4
:1061B400BE7AD3ED006AC6EE877ABC4867EE897A68
:1061C400FCEEE77A17EE903A1B0603F0FE43184301
:1061D40008F040FFB64B1B7843B1B64B1A682368EE
:1061E4009B1A47F22F52934242F22D850B9B93ED5B
:1061F400009A0C9BB0EEC96AD3ED007AF0EEE76A20
:106204009FEDAD7AB4EE476AF1EE10FA01F23486EE
:10621400B3EE047AB4EEC79AF1EE10FA01F13886BF
:106224009FEDA67AB4EE479AF1EE10FA37FE099A7A
:106234009FEDA17A0B9BF4EE476A83ED009AF1EE91
:1062440010FA01F21586B3EE047AF4EEC77AF1EE91
:1062540010FA01F121869FED997AF4EE477AF1EE76
:1062640010FA77FE277A0E9B9FED937AD3ED006A9E
:106274000C9BC3ED007AF0EEE67AF4EE477AF1EE89
:1062840010FA01F2FD85F5EEC06AF1EE10FA01F1A3
:106294000786DFED8B7AF4EE676AF1EE10FA77FE8B
:1062A400A66A0F9BDFED847A93ED007A0E9BC3ED13
:1062B400006AF0EEC76AF4EE676AF1EE10FA01F2D2
:1062C400CF85B5EEC07AF1EE10FA01F1DD85DFED90
:1062D4007C7AB4EE677AF1EE10FA37FE877A119B76
:1062E400DFED756AD3ED007A0F9B83ED007AB0EE93
:1062F400E77AB4EE667AF1EE10FA01F2B5859FED15
:10630400717AF4EEC77AF1EE10FA01F1CD859FEDC2
:106314006E7AF4EE477AF1EE10FA77FE277AB3EE4E
:10632400047A119BC3ED007AB4EEC79AF1EE10FA29
:1063340041F1F4810F23CDE91833644B199A93F991
:10634400003063489918057881F307018A1A1B9174
:10635400189918BF01221A92B5F1FF0218BF012241
:106364008D421C9202D1002A42F0C880199BB2EEE1
:10637400087A0022453B07EE903A564BF8EEE77A4E
:106384001A70C7EE870AB0EE000A09F081FEDFED4D
:10639400527A20EE270A89EE000A09F011FEDFED99
:1063A4004F7A9FED4F6A9FED4F7ADFED4F6A20EEF3
:1063B400270AC0EE067A67EE877AF4EEE67AF1EE03
:1063C40010FA01F1D083F4EEC77AF1EE10FA41F33A
:1063D4005186DFF82881189B9D4209D01C9B3BB154
:1063E4002B0448F2080003F4FE03184308F032FEBD
:1063F4003E4D2B78FF2B0ED01A9A22B19DF86C10CB
:106404008B4202F05C841B0448F2080003F4FE0390
:10641400184308F01FFE089B49F209009FED347AE7
:10642400D3ED007A199B67EE877A1A04FCEEE77ABB
:1064340002F4FE0217EE903A46331B0603F0FE43C5
:106444001343184308F006FE1A9B002B42F097836F
:10645400FF214046297008F0FDFD1D4B189A1A7063
:10646400FDF7B3BF234B1B78002B7FF482AC2B7852
:10647400002B7FF47EAC204B139307F01FFB1E4AC6
:1064840003461168002941F0BF852978002942F0AC
:10649400DE87012500F07FBF9FED197AFDF747BD28
:1064A4000BB010000BB01100000020420BB0120022
:1064B400997B0020D8630020FFFF7F7F0000FA450E
:1064C4003333733F0000A04200A00C469D7B0020A4
:1064D400682300207E7B00200000DC4300009644FB
:1064E4000000C84200F8FF4500F8FFC569230020FA
:1064F400000064428A7B0020CC6300200EE07F7F92
:10650400000000001FED027AFDF7F5BC1FED048AC0
:10651400FDF7D7BC019B002B7DF4F1A95FED086A60
:10652400FDF70ABA002F7FF4FAA85FED0B9AFFF784
:1065340018B9012746461A97FCF71FBE4E4AFEF7C4
:10654400D7B94E4B1846FEF710BBD2ED007AF0EEE9
:10655400E77AF4EE477AF1EE10FA3DF60CAE484ACB
:106564000592FCF790BD9FED477AF4EEC77AF1EE01
:1065740010FA43F386824FF07309FDF738B89FEDA4
:10658400417AF4EEC77AF1EE10FA43F37282732380
:10659400FDF73DB89FED3B7AF4EEC77AF1EE10FAC1
:1065A40043F35F827323FDF741B8374A1378002B16
:1065B40000F0C8843549236809685B1AB3F5487F3D
:1065C40081F02780DFF8DC800420D8F8003013F055
:1065D40001030CBF1946FF2107F0C2FCD8F80030B4
:1065E400052013F002030CBF1946FF2107F0B8FC85
:1065F400D8F80030062013F004030CBF1946FF211D
:1066040007F0AEFC3146FFF7B1B91B4AFEF79CB95F
:106614001F4B204DFEF7DEBADFED1F7A28EEA70AE6
:10662400F0EE407AFEEEE07A17EE905A09F0C0FEE2
:10663400F0EE407AFEEEE07A17EE900AFFF757B9D3
:10664400134A144DFEF763B9139E01271496B946F5
:1066540018960D97FDF7FBBD189F01231A97149305
:10666400FDF7EFBD0449FEF7D8BA0C480C4DFFF70F
:106674003EB9014BFFF728B9D0CCCC0C0000018007
:10668400342B00200000E642A37B00203C7800204D
:10669400008C3C4B00BE6C5093651538DE571700D8
:1066A400DF571700D0770020012901F01585022952
:1066B40002F0588003297EF4CDAADF4BF6EE007A6F
:1066C400F7EE002ADFEDDD5AD3ED004ADC4D74EE1F
:1066D400E74A9FEDDC4AB0EE626ADB4AF0EE623ACA
:1066E400DA489FEDDB3AA4EEA56AD5ED004ADFF85F
:1066F400C8A374EEE74A059001768AF81810E4EE10
:10670400A53AD2ED004AA7EE046AD24A74EEE74AEB
:10671400B3EE044A1176F0EE627AE5EE433A2BEEDC
:10672400066AE4EEA57ADFEDCC5AB4EEC46AF1EE63
:1067340010FAE6EEA57A02F1A083DFEDC85AB4EEB2
:10674400E56AF1EE10FA42F381839FEDC54A2AEE21
:10675400236A82ED084AF3EE045AB4EEE56AF1EED8
:1067640010FA02F15283DFEDBD5AB4EEE56AF1EEA0
:1067740010FA42F331839FEDBA4A6AEEA77A05997B
:10678400B3EE046A81ED084AF4EEC67AF1EE10FA2B
:1067940002F158839FEDB16AF4EEC67AF1EE10FA75
:1067A40042F337839FEDAE4ADFEDA47AAD496CEE38
:1067B400277ADFEDAD5A91ED006A4FF07C510598D0
:1067C40037EE866A8AED084AD162C162A7EE256A6D
:1067D400CAF82C10B5EEC06AF1EE10FA02F1EB849F
:1067E400B7EE007AB4EEC76AF1EE10FA42F3BF8254
:1067F400B0EE476A9D49DFED9C5A91ED007A82ED37
:106804000C6A37EE877AA5EE257AB5EEC07AF1EEFA
:1068140010FA02F1CC84B7EE006AB4EEC67AF1EE57
:1068240010FA42F3C282B0EE467A05999FED8E6A61
:1068340081ED0C7A8E4991ED007A77EE877AE6EE57
:10684400867AF5EEC07AF1EE10FA02F1AC84B7EE76
:10685400007AF4EEC77AF1EE10FA42F39782F0EE82
:10686400477A9FED84AAF2EE04BA99ED007AB0EE6D
:106874004A0A029980480692A7EE2B0ACAED0C7ABE
:10688400FBF7BEFDF0EE40AAB0EE4A0AD6ED007A60
:1068940003997A48A7EEAB0AFBF7B2FDB0EE40BA13
:1068A400B0EE4A0AD7ED007A01997548A7EEAB0A13
:1068B4009FED74AAFBF7A4FDDDED1E7A9DED1F6A22
:1068C4002CEE0AAA5C4BF6EE006AF4EEC67A9FED53
:1068D4006E5A93ED007AF3EE094ADFED6C5AF0EE4E
:1068E40040BAF1EE10FA6A4B77EE266A069AB0EED9
:1068F4004A7A93ED004A67FE867AF4EE487AA6EE69
:10690400A87AF1EE10FAB4EEC0BAF2EE008A98BF9B
:10691400F0EE487AF1EE10FAE4EE248A27EE858A46
:10692400F0EE477A2BFE00CAF4EE4CAAEAEE887A1F
:10693400F1EE10FA2AFE8CCAF4EEE57AF1EE10FAC2
:1069440002F146829FED537AF4EEC77AF1EE10FA23
:1069540041F3DF8650485149F6EE007A95ED007A0E
:10696400DFED4A6A4E4D37EE277AF0EE4A7AC5E9F2
:106974000610E7EE097AEBEE087AF4EEE67AF1EE29
:1069840010FA02F121829FED437AF4EEC77AF1EE18
:1069940010FA41F3B286404840492B4BF6EE006AA8
:1069A4009FED3A7AD3ED007A3E4B77EEA67AC3E9AF
:1069B4000610A7EEA9AAABEE88AAB4EEC7AAF1EE18
:1069C40010FA02F1A982DFED337AB4EEE7AAF1EE10
:1069D40010FA41F38586DFF8C0E03049F2EE006A30
:1069E4009FED317AF0EE687AECEE267AF4EEC77A0F
:1069F400F1EE10FA02F1B4829FED2C7AF4EEC77A2C
:106A0400F1EE10FA02F3FA85B1EE047AF4EEC77AE5
:106A1400F1EE10FA43F3A980254884469FED227ACB
:106A24006862F4EEC77A2348C0E9061EF1EE10FA54
:106A340002F1C98742E000BFFC220020CDCCCC3E4D
:106A4400002300208FC2753D042300202C3F00202A
:106A54000AD7233DBC2E00200AD7A33D0000FA45E7
:106A640031E5913FD47A00209A99193FD87A0020D1
:106A7400DC7A0020CDCC4C3D74780020987800203E
:106A8400BC78002000803B4500409C450000164334
:106A94006423002000803B46C05B0F3580F2B5368E
:106AA4009C620020D86200203333333FCDCC9C401D
:106AB400D0CCCC0C146300209C4F0020B1EE047A9F
:106AC400F4EEC77AF1EE10FA42F35382D2499FED05
:106AD400D39AF2EE049AD9ED007AB0EE490A4162F3
:106AE4004146CF480192A7EEA90AC3F824C0FBF798
:106AF40087FCF0EE408AB0EE490AD6ED007A4146B2
:106B0400C848A7EEA90AFBF77BFCB0EE408AB0EEBA
:106B1400490AD7ED007A4146C348A7EEA90AFBF714
:106B24006FFCF4EEE8AA9FEDC17A019AF1EE10FA37
:106B3400B4EEC8BA6AFEA8AA6AEE87AAF1EE10FA01
:106B4400F4EEC0BA2BFE08BAF1EE10FAF5EEC0AAC4
:106B54006BFE80BAF1EE10FA01F12D85F4EEC7AAAE
:106B6400F1EE10FA42F3B881F0EE47AADFEDAF7A06
:106B7400C2ED0AAA2BEE27BAB5EEC0BAF1EE10FAAE
:106B840001F11D85B4EEE7BAF1EE10FA42F3798112
:106B9400B0EE67BADFEDA57A059B6BEEA7BA83ED7D
:106BA4000ABAF5EEC0BAF1EE10FA01F10085F4EE7E
:106BB400E7BAF1EE10FA42F37B81F0EE67BACAED60
:106BC4000ABAFEF747B89A4AFDF7BEBE994A9A4DEB
:106BD400FDF771BE9FED8C7B9FED8DCBB0EE668A89
:106BE400FDF7EBBEFEEEEE7A944A17EE903A83F38D
:106BF40003031360924B22681E70924B1A60FCF7D9
:106C0400E9BFDFED917AFDF713BA9FED8F7AFDF7B7
:106C1400E1B98E4B93ED007A77EEC76AA6EEAA7AB5
:106C240083ED007AFCF7C3BF894B0793FEF71BBDC6
:106C3400B0EE667AFDF75EBD9FED836AFDF71DBD7C
:106C44009FED847A67EE877AFCEEE77ACDED057ADC
:106C54009DF814201046FCF747BDF7EE007AF4EED9
:106C6400E7AAF1EE10FA41F1EF809FED7B4AFCF7C1
:106C7400ECBEB7EE006AB4EEC6AAF1EE10FA41F12A
:106C8400D7809FED754AFCF7BDBEB7EE006AB4EE3F
:106C9400C6BAF1EE10FA41F1BF809FED6F4AFCF7DE
:106CA4008FBE6E4BFDF7C1BD6C4BFDF7D0BD00230D
:106CB4006B4A03931370FDF7E3B86A4840F6843CCB
:106CC4006949A0FB0A20012280090A706749A0F1E2
:106CD400330E0A70E6452168654A116012D807EE42
:106CE400900A9FED646AF7EE006A6348F8EEE77A6B
:106CF40086EE277AB4EE667AF1EE10FA36FE877ADB
:106D040080ED007A5D48DFF8A8C1504460453CF648
:106D1400CBAFDFF8A091DFF8A08199F8000010B99B
:106D240098F8000098B198F80010002942F0978272
:106D340000215348059388F8001001704FF60F00A6
:106D440008F088F908F08EF9494A059B1168002279
:106D54004C48C0F800A089F8002088F800204A4A6E
:106D64001278002A7CF4A0AF484A01201070484AE7
:106D7400C2F800A0474A1360FCF796BFB0F5E16F74
:106D8400454A80F23F830021117086F0010212EA25
:106D940009073DF447AAB946B8460E460F46029184
:106DA400FCF7E1B900233D4A02931370FDF75FB885
:106DB40000233B4A01931370FDF769B8B6F5E16F00
:106DC40080F21A830023374A1E461370FDF766B912
:106DD400B7F5E16F80F20B834FF00009324B83F873
:106DE4000090FDF753B9DFED187AFDF76CBCDFEDC9
:106DF400166AFDF752BC032F60D12C4BC3ED007A09
:106E0400FCF7E8BEAFF300801099E9DBBDBCEABF34
:106E140000C1F77BDD12ED3FD0CCCC0CCDCC4C3D8A
:106E2400E078002004790020287900209A99593FBD
:106E340000B76D5B008C3C4B00BE6C50D0770020DB
:106E4400A37B00203C7800200000000030230020B9
:106E5400B46300200000FE429265153900000180F1
:106E6400AA7B0020D34D6210897B00208A7B0020FE
:106E7400906000200000484394600020BFF2FCFFB3
:106E8400937B0020C4220020A67B00208E7B002060
:106E94009863002094630020847B0020A97B002059
:106EA400AB7B0020837B0020827B0020F422002027
:106EB4007EB92A00927B0020947B0020042F0AD004
:106EC400052F7CF487AE804BC3ED007A7F4BC3ED76
:106ED400007AFCF736B87E4BC3ED007AFCF7C0BEEF
:106EE4007A4BC3ED007AFCF775BEF0EE006A794B7D
:106EF400B6EE007AA7EEA67A83ED007AFCF76ABEB6
:106F0400032F04D1744BC3ED007AFCF750BE042F59
:106F140007D0052F7CF44BAE704BC3ED007AFCF721
:106F240046BE6F4BC3ED007AFCF741BEDFED6D1A30
:106F3400FEF779BB89F0010800225FFA88F8029213
:106F4400FEF785BD72B66848027F02F0FF0102B108
:106F5400037762B6002940F062839FED621A72B62D
:106F6400624B1A7F02F0FF010AB100221A7762B65F
:106F7400002900F0B78772B647F6FF714FF400405E
:106F8400B3F91E20D983B3F92010188462B682EABB
:106F9400E2739FED577AA3EBE27381EAE1729BB24D
:106FA400A2EBE17292B29342B8BF134607EE903A55
:106FB400F8EEE77AC7EE871A4E4B4F4A19784F4BD3
:106FC40092ED000ADBED000A04981A682DB0BDECBE
:106FD4000E8BBDE8F04FFBF7B9BA1D70FEF738BB56
:106FE400474BB0EE4C7ADFED475A9FED476ADFED31
:106FF400476AA9EE257A6B62AAEE067AB4EEE67ABF
:10700400F1EE10FA42D4DFED497AB4EEE77AF1EE0C
:1070140010FA00F30183F3EE047AB4EEE77AF1EEAA
:1070240010FA40F163873A493A4D9FED3B7A3B4B66
:10703400F4EEC7BAC3E90651F1EE10FA29D4F1EE21
:10704400047AF4EEE7BAF1EE10FA00F32183B7EE16
:10705400007AC7EE2B7AB0EE677ABEEEC17A17EEED
:10706400101AF0EE4C7A9FED276ADFED276A9FED48
:10707400277AE9EE867A5962E8EE267AF4EEC77A40
:10708400F1EE10FA54D5264B264D63E02449254DE4
:10709400CBE7F0EE4C7A9FED1B6ADFED1B6A9FEDA8
:1070A4001B7AE9EE867A16495962E8EE267AF4EEFE
:1070B400C77AF1EE10FA3BD51B480B46194981619A
:1070C4003739C16163E000BF2C230020F82200207F
:1070D4001C23002010230020542300205C230020C4
:1070E4005823002000000000507500207475002013
:1070F40000FEFF46A67B0020946000205478002008
:1071040000B76D5B6666663F00803B450000164332
:10711400DE571700DF5717003333333FD8620020A0
:10712400D112AF000813AF001463002000E02B4617
:107134001FED027AF4EEC77AF1EE10FA00F3AA8298
:10714400B3EE047AF4EEC77AF1EE10FA40F1DD867C
:10715400D24BD34DDFEDD37AD348F4EEE7BAC0E98E
:107164000653F1EE10FA00F1CD86F1EE047AF4EE56
:10717400E7BAF1EE10FA00F38982B7EE007AC7EEAF
:107184002B7AB0EE677ABEEEC17A17EE103A9FED15
:10719400C79AF0EE089AD9ED007A4146B0EE490A52
:1071A4004362C3480192A7EEA90AFBF729F9F0EE5E
:1071B400408AB0EE490AD6ED007A4146BD48A7EEB2
:1071C400A90AFBF71DF9B0EE408AB0EE490AD7EDE3
:1071D400007A4146B848A7EEA90AFBF711F9F4EE84
:1071E400E8CADFEDB67A019AF1EE10FA6CFEA8CA8D
:1071F4006CEEA7CAF5EEC0CAF1EE10FA00F1658292
:10720400F4EEE7CAF1EE10FA40F39F82F0EE67CA9B
:10721400B4EEC8DADFEDA97AC2ED0ACAF1EE10FACB
:107224002DFE08DA2DEE27DAB5EEC0DAF1EE10FA0B
:1072340000F14882B4EEE7DAF1EE10FA40F39782F7
:10724400B0EE67DAF4EEC0DA059BDFED9C7A83EDED
:107254000ADAF1EE10FA6DFE80DA6DEEA7DAF5EED9
:10726400C0DAF1EE10FA00F12A82F4EEE7DAF1EE78
:1072740010FA40F32D82F0EE67DACAED0ADAFDF770
:10728400E9BC9FED8F4AFCF7E0BB9FED8D4AFCF70C
:10729400B9BB8C49FDF7C1BC9FED894AFCF790BB93
:1072A4009FED891AFEF792B98849894BFEF709B90F
:1072B400884BD3ED000AF5EEC00AF1EE10FA00F1A6
:1072C400FB81F7EE007AF4EE670AF1EE10FA77FE2E
:1072D400A00A9FED810AB6EE00BA08F0D9FEF0EEDE
:1072E40040AA06F0EBFBDFED7D7ADFED7D6A2AEE46
:1072F400A77A7C4B7C4AC6EE877A93ED007A1168B4
:10730400401A77EE8B7AFCEEE77AF8EE677A67EE4E
:10731400877AFCEEE77A17EE901A81423DF649A887
:1073240006F0CCFB704A10604FF47A7006F06CF9EA
:1073340007EE900A9FED6D6AF0EE046AF8EE677A44
:107344006B4B089387EE867AF0EE4B7A27EE267A1B
:10735400D3ED006A634BE7EE267AC3ED007AFEF7BD
:10736400EEBCDFED597AFEF759B8DFED577AFEF738
:107374002DB8DFED557AFEF77AB8DFED537AFDF7D5
:107384009CBFDFED517AFDF7F5BFDFED4F7AFDF7D6
:10739400C2BF584A1392584A1178584A29B12168F1
:1073A4001068091AB1F5FA6F0CD94FF60F20CDE920
:1073B400143207F04FFE07F055FE4F4B01211970B0
:1073C400DDE9143213990B6023681360002D3EF439
:1073D400DCAC00234A4A13704A4A1370FEF7D5BC4A
:1073E4000123494A1370494A1370FBF71BBD484BEC
:1073F40093F80090FCF74ABE464B1E7809EA060350
:10740400FCF74CBE177803EA07020292FBF79CBE16
:10741400414B42481B781B0403F4FE03184307F056
:1074240019FE01238AF80030FCF7E4B99FED3C4AC9
:10743400FCF7C6BA3B4B1A68D20741F15C843A495F
:107444000A6823689B1AB3F5167F7CF655AB20684F
:10745400A046DFF8ECB0B7EE009A0860DBF8001045
:10746400236801313148324A0360484201F0030184
:107474004FF0010300F003000596DFED2E8A164657
:1074840058BF4142DFF8BCA00E200792CBF8001091
:1074940029490B70294B1C4658E000BFDE571700E2
:1074A400DF5717003333333F14630020CDCC4C3DFA
:1074B400E07800200479002028790020CDCC0C3F0E
:1074C400F7BE3A3B00B76D5B00000000D112AF007D
:1074D4000813AF005023002056555542CDCCCC3D67
:1074E400002474495C1C0020D477002000007A44F6
:1074F400F8220020CC6300209B7B002090630020B6
:10750400927B0020947B00209C7B00209E7B0020AB
:10751400827B0020837B00206F2300200990005A87
:1075240031E5913F342A00202C2B00207078002074
:10753400B463002000C07F44AC7B002048090020D5
:10754400547800209C63002054F8040FC0B206F065
:1075540091F807EE900A4FF00103B8EEE77A06F8C7
:10756400013B8C4BC7EE287A79EE677AEAEC017A14
:107574005345E9D1884A4446059E4FF0000887499F
:10758400002002F16C0E2368243242F8148C24315A
:1075940042F8203C42F8188C02F8030C02F8040C60
:1075A4007245236841F8148C41F8188C01F8030CD7
:1075B40001F8040C41F8203CE5D19BF80010784A0E
:1075C400032941F2B687774BDFF824A20593002004
:1075D400059B0021DFF81C8298629062CAF828009B
:1075E4000120714A88F800101070704A70481170B8
:1075F400704A1160704A1170112108F0EBFADBF83F
:1076040000106E4805F0E6FF6C4805F0EFFFFCF74C
:1076140075BA1670FEF71CB869496A4D05E572B66D
:1076240047F6FF724FF40041B0F91E30C283B0F93F
:107634002020018462B6002B9FED637AB8BF5B42C1
:10764400002AB8BF52429BB292B29342B8BF1346CB
:1076540007EE903AF8EEE77A87EE871A7FE4F7EEC2
:10766400007A87EEAB7AF0EE477AFEEEC17A17EE37
:10767400903AB6E45249534BFDF723BF9FED534A6A
:10768400FCF7E3B99FED514AFCF7BCB9504B7EE5DA
:107694004F49E6E44A4B4B4D5CE500221A704D4BD2
:1076A4000893FEF74CBB4C4BC3ED007AFCF77FBA52
:1076B400DFED4A7AFEF776BADFED480A09E6DFED38
:1076C40047DADAE59FED45DABCE5DFED44CA9FE52C
:1076D400F0EEED7A9FED427AF4EE477AF1EE10FA8D
:1076E400EDD8F7EE007AF4EE67DAF1EE10FA77FEF1
:1076F400ADDAC2E5B7EE007AF4EEC77AF1EE10FA2D
:1077040041F3D282374BFEF775BBB4EEE67AF1EE65
:1077140010FA41F37582334BFEF752BB9FED320AE8
:1077240089EE000A08F04CFCDFED307AB2EE087AFC
:10773400E0EE077AF4EEC77AF1EE10FA40F1F9833D
:107744000C23CDE91833FEF7F8BDF0EEEC7A9FED8B
:10775400247AF4EE477AF1EE10FAB6D8F7EE007A0E
:10776400F4EE67CAF1EE10FA77FEACCA50E5F0EE1B
:10777400CD7A9FED1B7AF4EE477AF1EE10FAA1D898
:10778400F7EE007AB4EE67DAF1EE10FA37FE8DDA2E
:1077940058E500BFB463002074780020E07800202E
:1077A400BC2E00202C3F0020AD7B0020897B0020D4
:1077B400A80D002044780020A47B0020481C002051
:1077C40000CFE03000C9263200FEFF4631E5913F8C
:1077D400D0CCCC0CF8220020E47A00200000000079
:1077E400FFFF7F7F0000FF7F0000DC4300008A4230
:1077F4009C4F0020887B0020DE4B93ED005ADE4B2B
:10780400D3ED005ADD4B93ED003ADD4BD3ED004A46
:10781400DC4B93ED006AB8F1000F0FD0B6EE007A9E
:107824009FEDD94ADFEDD96ADFEDD97AA8EE847AE3
:10783400E8EEA67A35EE075A75EEA75A189B3BB1C7
:107844009FEDD47ADFEDD27AEAEE077A33EE273A67
:107854001A9B7BB1B0EE0C4ADFEDCC6AB0EE007A35
:10786400DFEDCB7AE9EEA67AA9EE847A74EEE74AE4
:1078740036EE076AC84B1B78002B40F01A84F1EEF1
:10788400007A9BED004A24EE274A079B36EE046AF1
:107894009FEDC24A93ED007A0A9BF0EE473AD3ED8E
:1078A400006A059BE6EEC53AD3ED007A66EEA44A7B
:1078B40027EE255A26EE676A67EEE65AA7EE246A93
:1078C400F0EE634AE7EE035AB8EE083AE5EE274ACB
:1078D40077EEA55AE6EE047AE4EE846AA5EE847A9D
:1078E400F4EEC36AF1EE10FA00F1DE83B0EE086A3A
:1078F400F4EEC66AF1EE10FA01F3088336EE866AF6
:10790400F1EE085AC6EE25AA0A9BC3ED006AB8EE4A
:10791400086AB4EEC67AF1EE10FA00F1C083F0EE14
:10792400086AB4EEE67AF1EE10FA01F3E98277EE32
:10793400266AB1EE086A86EE869A079B83ED007A82
:10794400FFEE006AF4EEE67AF1EE10FA00F15986E1
:10795400B0EE087AF4EE477AF1EE10FA77FE277A61
:10796400059BB0EE087AB0EE000AC3ED007A8C4BAA
:10797400D3ED000A60EE870A08F08AFBF5EEC0AA90
:10798400DFED887AF1EE10FA60EE270A00F1358611
:10799400F7EE007AF4EE67AAF1EE10FA77FEAAAADF
:1079A400DFF83882B0EE6A0ACDED180AD8F8000084
:1079B400FAF7DAFCB5EEC09A0B9BDDED180AF1EE8E
:1079C40010FA83ED000A00F11486F7EE007AB4EEA3
:1079D400679AF1EE10FA37FE899AB0EE490AD8F8A0
:1079E4000000FAF7C1FC0C9BB7EE086A9FED687AB9
:1079F40083ED000AF0EE085A079BDFED6B6AD3EDC6
:107A0400007A6A4B77EE867A87EEA56AD3ED007A20
:107A14000D9BA6EE277AA8EEA67A002B00F04D83E4
:107A24009FED636A28EE066A37EE067AB5EEC07AF1
:107A3400F1EE10FA00F1D585DFED5E7AB4EE677AE7
:107A4400F1EE10FA37FE877A059BF7EE004AF5EE61
:107A5400005ADFED4F7AD3ED006A0E9B76EEA46AEE
:107A64009FED515A83ED007A534B26EEA57AD3ED60
:107A7400005AE7EE257AEAEE057A77EE867AF5EE95
:107A8400C07AF1EE10FA00F1B0859FED4A7AF4EE77
:107A9400477AF1EE10FA77FE277A089BF7EE005A40
:107AA4009FED465A93ED006A9FED457A66EE856A2E
:107AB4000F9B36EE256A9FED435AC3ED007AF0EE34
:107AC400477ADFED415AE6EE867AE9EE857AF4EEFE
:107AD400E57AF1EE10FA00F139829FED3C7AF4EE8A
:107AE400477AF1EE10FA77FE277A0A9BB7EE08BAC6
:107AF400F0EE08AA9FED369A93ED007A119B37EECB
:107B04000B7A3448C3ED007AC7EE2A7A67EE897A95
:107B1400FCEEE77A17EE903A1B0603F0FE43184397
:107B240007F098FA079B2C4893ED007A37EE0B7A0E
:107B3400C7EE2A7A67EE897AFCEEE77A17EE903A76
:107B44001B0603F0FE43184307F084FA059BF7EE87
:107B5400006AD3ED007AB5EE007A77EEA67A67EE86
:107B6400877AFEF72ABBDFF87880FEF734BC00235F
:107B7400FEF726B9082300200C2300201023002040
:107B84001423002018230020CDCC4C3F3333333F43
:107B94009A99993E6666663F8A7B00200AD7233C01
:107BA400402300200000DC413333B33E2023002077
:107BB400AE47613E3333733F242300200000614409
:107BC40000001643008022450000C8420000FA4528
:107BD4000000FE420BB010000BB01100D077002063
:107BE4000EE00100DB4B1B683BB105F067FFDA4B8D
:107BF4001B68C01AD94B984206D9D94B1B781BB9BC
:107C04002B78002B01F09985D64B1B68002B40F094
:107C140004854FF47A709FEDD49A05F0F5FC07EED5
:107C2400900AF2EE0E8AD14BB8EE677A4FF47A706E
:107C3400F0EE087AC7EE096AE6EEA87AC3ED007A98
:107C440005F0E2FC07EE900AB3EE0E7AC84B4FF44F
:107C54007A70F8EE677AC7EE896AE6EE878AC3ED32
:107C6400008A05F0D1FC07EE900AF1EE006AC14BE0
:107C7400B8EE677AF6EE007A87EE096AE6EE267ABF
:107C8400C3ED007A4FF47A70DFEDB78A05F0BCFCDF
:107C940007EE900ADFEDDBAA4FF47A70F8EE677A0C
:107CA4009FEDD77AB44B4FF001099FEDB4AAF7EEDC
:107CB400009AC7EEA86A9FEDB29ADFF838B3DFF8EE
:107CC40038A3DFF83883F0EE6A7AE6EE877AC3EDFC
:107CD400007A05F099FC07EE900AAA4B4FF47A70EB
:107CE400B8EE677AC7EE287A77EE8A7AC3ED007A1F
:107CF40005F08AFC07EE900A9FEDA37AA34B4FF49C
:107D04007A70F8EE677AC7EEA86AF0EE4A7AE6EE81
:107D1400877AC3ED007A05F077FC07EE900A9C4B56
:107D24004FF47A70B8EE677AC7EE287A77EE8A7ADB
:107D3400C3ED007A05F068FC07EE900A9FED957A92
:107D4400954B4FF47A70F8EE677AC7EEA86AF0EEB6
:107D54006A7AE6EE877AC3ED007A05F055FC07EE01
:107D6400900A8E4B4FF47A70B8EE677AC7EE287A91
:107D740077EE8A7AC3ED007A05F046FC07EE900AA6
:107D8400874B0820B8EE677AC7EE287A77EE8A7AAE
:107D9400C3ED007A05F038FC824B226818600E208F
:107DA400814B83F80090814B1A6001E058F8040F6E
:107DB400C0B205F05FFC07EE900A7D4BB8EEE77A9F
:107DC4000AF8019BC7EE097A79EEE77AEBEC017ABF
:107DD4005B45EBD1FBF726B8764B77481B781B0441
:107DE40003F4FE03184307F035F9012389F8003042
:107DF400FBF7FBBC714B70481B781B0403F4FE03B8
:107E0400184307F027F901233B70FBF7E9BC6C4BDF
:107E1400C3ED007AFBF7CBBE9FED6A6AB4EEC6BA37
:107E2400F1EE10FA41F31D859FED674AFBF7C8BDDB
:107E34009FED646AB4EEC6AAF1EE10FA41F303862C
:107E44009FED614AFBF7DEBDDFED5E7AF4EEE7AA53
:107E5400F1EE10FA41F391859FED5B4AFBF7F5BD16
:107E64009FED5A7AFEF73BBADFED597AFEF757BA1F
:107E7400DFED587AFEF7F7B99FED579AFEF7D8B9B8
:107E8400DFED526AFEF70DBA9FED3C7AFEF727BA92
:107E9400B0EE479AFEF7CCB9F0EE477AFEF7E3B9B5
:107EA400DFED366AFEF7FDB9F0EE477AFEF737BA32
:107EB400032F01F06F80042F01F06780052F7BF4FE
:107EC40076AE464BC3ED007AFBF771BEDFED447A24
:107ED400B4EEE77AF1EE10FA41F38A864149424B57
:107EE400FDF7EFBADFED251AFFF766B8DFED3C7A50
:107EF400B4EEE77AF1EE10FA41F3D88439493A4DF9
:107F0400FFF793B8394BFFF742B99FED357AF4EE9A
:107F1400C77AF1EE10FA41F35985324B324DFFF72F
:107F240019B99FED166AFEF76BB8F0EE667AFDF7A5
:107F3400F2BF9FED2F7AF4EEC77AF1EE10FA41F317
:107F440032867323CDE91833FEF7F7B9F0EE657A7C
:107F5400CBE500BF98630020946300207FC3C90170
:107F64008A7B0020CC77002000007A444C23002038
:107F74003C230020EC220020F82200200000000016
:107F840000C07F44202300206666663FF422002060
:107F9400242300206666E63E1C230020F0220020F5
:107FA4002C230020D0770020A37B00203C780020E5
:107FB400B46300206E2300200990005A6D23002032
:107FC4000023002000803B46CAD7DA3FCDCC4C3E8C
:107FD400000048440000A54300005C43DC7A002014
:107FE40000D08946008C3C4B00BE6C5000B76D5BE2
:107FF4000000E6429C630020B4630020480900208E
:108004003333733FCDCC4C3D411A5FED035A1FED22
:10801400036A07EE901A2A49DFED2A6A91ED007A85
:10802400F8EE677A27EE257AA7EE867A81ED007A54
:1080340009682091DDED207AF4EEE67AF1EE10FA8B
:1080440000F133879DED207ADFED1F7AB4EEE77AF5
:10805400F1EE10FA01F3C382DDED207AFCEEE77A4B
:1080640017EE901A19480160FEF70FBAF0EE44AA11
:10807400FDF73EBFFDEEE77A4EF20E0817EE903A9A
:108084001BB203F30D0303F500531A04DB1102F4CE
:10809400FE0242EA036343EA0808FEF79CB9B0EE25
:1080A400467A9FED0B9A48E4F0EE436ADFED08AAA6
:1080B4002AE49FED074AFFF7E8BB9FED056AB3E4A6
:1080C400D0220020001B37488096184BC422002081
:1080D40000000000FFFF7F7FF0EECB7A1FED036A04
:1080E400DE4BDF4AF4EE467ADFF8DCA31176059323
:1080F400F1EE10FA19768AF8181040F298859FED7F
:10810400D94AF0EECA7A9FEDD86A82ED084AF4EEB5
:10811400467AF1EE10FA40F27E859FEDD24AF0EEF7
:10812400EA7A9FEDD16A059BF4EE467A83ED084A1C
:10813400F1EE10FA40F258859FEDCA4ACB4B9FED01
:10814400CC6AD3ED007A8AED084A78EE277AE7EE16
:10815400067AF5EEC07AF1EE10FA01F14E80B7EE30
:10816400006AF4EEC67AF1EE10FA40F39587F0EE69
:10817400467AC04BDDED1E5AC2ED0B7AD3ED007A80
:108184009FEDBB6A77EEA57AE5EE067AF5EEC07A46
:10819400F1EE10FA01F1C181B7EE006AF4EEC67A8D
:1081A400F1EE10FA40F36987F0EE467A059BDDEDB7
:1081B4001F5AC3ED0B7AB04B9FEDAD6AD3ED007A35
:1081C40077EEA57AE6EE867AF5EEC07AF1EE10FA4D
:1081D40001F16380B7EE006AF4EEC67AF1EE10FAAC
:1081E40040F33C87F0EE467AA44BCAED0B7AD3ED0C
:1081F400007A9FEDA36A7CEE277AE7EE067AF5EE25
:10820400C07AF1EE10FA00F1F087B7EE007AF4EEDE
:10821400C77AF1EE10FA40F31287F0EE477A994BE1
:10822400C2ED0C7AD3ED007A9FED957A7CEE277A35
:10823400E5EE077AF5EEC07AF1EE10FA00F1D18797
:10824400B7EE007AF4EEC77AF1EE10FA40F3E8865E
:10825400F0EE477A059B9FED8A6AC3ED0C7A8A4B50
:1082640093ED007A3CEE077AA6EE867AB5EEC07AF4
:10827400F1EE10FA00F1BD87F7EE007AB4EEE77A7A
:10828400F1EE10FA40F3BD86B0EE677ADFED7F7A47
:10829400DFED7F6A2CEE27CA8AED0C7A7CEE288A01
:1082A400F4EEE68AF1EE10FA00F1A786DFED797AB2
:1082B400F4EEE78AF1EE10FA40F38A847649774BBC
:1082C400DFED777A774DF4EEE7BAC5E90631F1EEE2
:1082D40010FA00F1F086F1EE047AF4EEE7BAF1EE6A
:1082E40010FA01F3D281B7EE007AC7EE2B7AB0EE22
:1082F400677ABEEEC17A17EE103A3CEE099ADFEDCA
:10830400647A6B62B4EEE79AF1EE10FA00F17186CA
:10831400DFED607AB4EEE79AF1EE10FA40F34C84A4
:108324005D495E4DDFED5E7A5F4BF4EEE7BAC3E97B
:108334000651F1EE10FA00F13286F1EE047AF4EE11
:10834400E7BAF1EE10FA01F35E81B7EE007AC7EEF8
:108354002B7AB0EE677ABEEEC17A17EE101A7CEE75
:10836400297A9FED4B7A5962F4EEC77AF1EE10FA4E
:1083740040F128864D4B4E4DDFED497A4D48F4EEE1
:10838400E7BAC0E90653F1EE10FA01F18D81F1EE7E
:10839400047AF4EEE7BAF1EE10FA01F35B81B7EE7A
:1083A400007AC7EE2B7AB0EE677ABEEEC17A17EE8A
:1083B400103A9FED419AF0EE089AD9ED007A4146C1
:1083C400B0EE490A43623D480192A7EEA90AFAF7C2
:1083D40017F8F0EE408AB0EE490AD6ED007A41462D
:1083E4003748A7EEA90AFAF70BF8B0EE408AB0EEC8
:1083F400490AD7ED007A41463248A7EEA90AF9F7AF
:10840400FFFFF4EEE8CADFED317A019AF1EE10FADB
:108414006CFEA8CA6CEEA7CAF5EEC0CAF1EE10FA5B
:1084240000F1D880F4EEE7CAF1EE10FA40F35A8670
:10843400F0EE67CAB4EEC8DADFED247AC2ED0ACAF8
:10844400F1EE10FA2DFE08DA2DEE27DAB5EEC0DAD9
:10845400F1EE10FA00F1BB803AE000BF2C3F00209F
:10846400BC2E00204A63803DFFFF7F7FE07A00201E
:108474006666E63EE47A0020E87A0020FC220020CA
:108484003333B33E002300200423002000803B4507
:108494000000164300E02B4600CFE03000C926322E
:1084A4003333333F9C620020D8620020D112AF00E6
:1084B4000813AF0014630020CDCC4C3DE0780020BD
:1084C40004790020287900209C4F00206666663FCE
:1084D400B4EEE7DAF1EE10FA40F3F085B0EE67DAC5
:1084E400059BF4EEC0DA5FED077A83ED0ADAFEF756
:1084F400B0BE8E4BC3ED007AFBF759BB8C480278B3
:108504000132D2B2012A027040F27B86079AB0EEA1
:10851400000A9FED887AD2ED005A0A9ADFED866A46
:10852400D2ED007A059AE5EE877AD8F8001092ED3C
:10853400006AB2EE087A1998E6EE267AF5EEC07A69
:10854400F1EE10FAACBF01224FF0FF3205290CBF47
:108554000621022101FB02026C2AA8BF6C22182A00
:10856400B8BF1822A2F14501D318199207EE901A48
:1085740083F30703D1B2F8EEE77A1B93D31A189169
:10858400C7EE870A18BF01231A93CDED1D0A07F021
:108594007FFDDFED6A7A0B9B20EE279A6448DDEDC0
:1085A4001D0A83ED009A00230370FDF7ECBEDFED96
:1085B40064BAFEF704BBDFED62AAFEF7D7BA9FEDFB
:1085C40060BAFEF7E7BADFED5E7AFDF711BB9FED07
:1085D4005CDA85E7DFED5ACA2CE79FED597AFDF79F
:1085E400ABBC9FED577AFFF72FBADFED557AFFF753
:1085F40054BA9FED539AFFF7F0B9DFED51AAFFF794
:10860400CFB9F0EE667AFFF7ABB9DFED4D7AFDF73F
:1086140073BD9FED4B7AFDF703BD4FF47A70DFED28
:10862400498A04F0F1FF07EE900AB0EE00AA464B27
:10863400F8EE677A4FF47A70B0EE087AB6EE009AE4
:10864400C7EEA86AF0EE4A7AF0EE0C9AE6EE877A64
:10865400C3ED007A04F0D8FF07EE900A3B4B4FF4C9
:108664007A70F8EE677A87EEA87AF0EE497AE7EE48
:10867400297AC3ED007A04F0C7FF07EE900A344B61
:108684004FF47A70F8EE677A87EEA87AF0EE497ABA
:10869400E7EE0A7AC3ED007A04F0B6FF07EE900A1B
:1086A4002C4B4FF47A70F8EE677A87EEA87AF0EEE6
:1086B400497AE7EE297AC3ED007A04F0A5FF07EEC4
:1086C400900AF2EE006A244BB8EE677AF1EE007A73
:1086D40087EE286AE6EE267AC3ED007AFFF7D2BA6F
:1086E400F3EE047AB4EEE7AAF1EE10FA40F1EB8768
:1086F400DFF86CE01949FEF771B9B3EE047AF4EED1
:10870400C77AF1EE10FA40F1A88715481349FEF72D
:1087140044B9B3EE047AF4EEC77AF1EE10FA40F1FC
:1087240081870F480D49FEF717B900BFE07A002092
:108734007E7B00209A99D93F52B89E3E0000DC43CC
:108744000000000000007A44082300200C230020CD
:10875400102300201423002018230020DF571700C3
:10876400DE571700F7EE005ADE4BF3EE094ADE4AF5
:1087740093ED004AB0EE656ADC4BDFF8D4A31176C2
:10878400A4EE246A0593F3EE0C4A19768AF81810BD
:10879400A7EEA46ADFEDD64AF0EECB7AF4EE647A63
:1087A400F1EE10FA40F2DA829FEDD24A3AEE06AACE
:1087B400DFEDCF7A82ED084AF0EECA5AF4EE675A3A
:1087C400F1EE10FA40F2BF829FEDCA4ADFEDCA5AB9
:1087D400DFEDC77AE6EE65AA059B83ED084AB0EEA5
:1087E400EA6AB4EE676AF1EE10FA40F2A1829FEDF4
:1087F400C14AC24B8AED084AD3ED007AF5EEC07A3D
:10880400F1EE10FA00F1A786B7EE006AF4EEC67A2C
:10881400F1EE10FA40F3DD85F0EE467AB84BC2ED86
:108824000B7AD3ED007AF5EEC07AF1EE10FA00F18E
:108834009686B7EE006AF4EEC67AF1EE10FA40F3CB
:10884400B985F0EE467A059BC3ED0B7AAD4BD3EDBB
:10885400007AF5EEC07AF1EE10FA00F16686B7EE12
:10886400006AF4EEC67AF1EE10FA40F39485F0EE65
:10887400467AA54BCAED0B7AD3ED007A9FEDA36A35
:108884007CEE277AE7EE067AF5EEC07AF1EE10FA7E
:1088940000F14786B7EE007AF4EEC77AF1EE10FAEB
:1088A40040F36A85F0EE477A994BC2ED0C7AD3ED2A
:1088B400007A9FED967A7CEE277AE5EE077AF5EE5C
:1088C400C07AF1EE10FA00F14286B7EE007AF4EEC7
:1088D400C77AF1EE10FA40F34085F0EE477A059B33
:1088E4009FED8A7AC3ED0C7A8A4BD3ED007A7CEE45
:1088F400277AE6EE877AF5EEC07AF1EE10FA00F107
:108904002286B7EE007AF4EEC77AF1EE10FA40F35D
:108914001585F0EE477ADFED806A9FED807A2CEEC4
:1089240026CACAED0C7A7CEE288AF4EEC78AF1EEE8
:1089340010FA00F1B684DFED7A7AF4EEE78AF1EE0C
:1089440010FA40F3EA817749774B9FED6B7A774DC4
:10895400F4EEC7BAC5E90631F1EE10FA00F17485F8
:10896400F1EE047AF4EEE7BAF1EE10FA00F3D686EB
:10897400F7EE007A87EEAB7AF0EE477AFEEEC17A34
:1089840017EE903A3CEE099A9FED647A6B62B4EE6E
:10899400C79AF1EE10FA00F15385DFED617AB4EE77
:1089A400E79AF1EE10FA40F3AD815E495E4D9FED1A
:1089B400527A5F4BF4EEC7BAC3E90651F1EE10FAEE
:1089C40000F1FD83F1EE047AF4EEE7BAF1EE10FA69
:1089D40000F39286F7EE007A87EEAB7AF0EE477AF0
:1089E400FEEEC17A17EE901A7CEE297A9FED4B7A4F
:1089F4005962F4EEC77AF1EE10FA40F137844D4B28
:108A04004D4DDFED3D7A4D48F4EEE7BAC0E906532B
:108A1400F1EE10FA00F1BE86F1EE047AF4EEE7BA54
:108A2400F1EE10FA00F37786B7EE007AC7EE2B7AF0
:108A3400B0EE677ABEEEC17A17EE103A9FED409A17
:108A4400F0EE089AD9ED007A4146B0EE490A436245
:108A54003C480192A7EEA90AF9F7D2FCF0EE408A4D
:108A6400B0EE490AD6ED007A41463748A7EEA90A86
:108A7400F9F7C6FCB0EE408AB0EE490AD7ED007AA9
:108A840041463248A7EEA90AF9F7BAFCF4EEE8CA5F
:108A9400DFED307A019AF1EE10FA6CFEA8CA6CEEA2
:108AA400A7CAF5EEC0CAF1EE10FA00F1FA80F4EEAE
:108AB400E7CAF1EE10FA40F3AF84F0EE67CAB4EE01
:108AC400C8DADFED247AC2ED0ACAF1EE10FA2DFEFF
:108AD40008DA2DEE27DAB5EEC0DAF1EE10FA00F17D
:108AE400DD803BE060230020BC2E00202C3F0020D2
:108AF400FFFF7F7F4A63803D3333333FFC220020F6
:108B04000023002004230020D47A00206666E63E79
:108B1400D87A0020DC7A002000803B450000164310
:108B240000E02B4600CFE03000C926329C620020D2
:108B3400D8620020D112AF000813AF0014630020E4
:108B4400CDCC4C3DE0780020047900202879002029
:108B54009C4F00206666263F00006442B4EEE7DACC
:108B6400F1EE10FA40F34484B0EE67DA059BF4EEBC
:108B7400C0DA5FED087A83ED0ADAFEF76ABB9DF886
:108B84006C10089B49F209001FED0D7AD3ED007AB1
:108B94001B9A67EE877A1991FCEEE77A17EE903A02
:108BA40046331B0603F0FE4343EA0243184306F030
:108BB40051FA1999FDF74DBCF3EE047AB4EEE79A35
:108BC400F1EE10FA40F16485D649D74DFFF7AABB00
:108BD400F3EE047AF4EEE78AF1EE10FA40F116852A
:108BE400D049D14BFFF76CBBF7EE007AF4EEE7AA5D
:108BF400F1EE10FA40F1E7849FEDCC4AFFF79EBAFC
:108C0400FFEE006AB4EEE67AF1EE10FA40F17887EE
:108C1400C74BFDF7D5B8F7EE007AB4EEE7AAF1EE4C
:108C240010FA40F1C4849FEDC14AFFF778BAF7EE19
:108C3400007AB4EEE7BAF1EE10FA40F1D3849FED76
:108C4400BB4AFFF75EBABB4BB2EE08BAB0EE000AFD
:108C5400DFEDB9AA1D78A5F1450300EE903AF8EED0
:108C6400E00AC0EE8B0A07F013FAEB1D7F2BA8BFB6
:108C74007F2320EE2A9AB0EE000A453B00EE903A9C
:108C8400F8EEE00AC0EE8B0A07F002FA60EE2A7AE8
:108C9400B0EE496AF0EE676AFDF7B2BA9FEDA7DA63
:108CA40064E7DFEDA6CA0AE7BFEE007AF4EEC77AFE
:108CB400F1EE10FA40F1BD859D4BFDF79BB8089B82
:108CC40049F209009FED9E7AD3ED007A199B67EE75
:108CD400877A1A911A04FCEEE77A02F4FE0217EE80
:108CE400903A46331B0603F0FE431343184306F041
:108CF400B1F91A9945E722680120924918600A607F
:108D0400FEF79FBBF3EE047AB4EEE79AF1EE10FAA5
:108D140040F134858349844D49E6F3EE047AF4EE58
:108D2400E78AF1EE10FA40F1FC847E497E4B0CE6B2
:108D3400F7EE007AF4EEE7AAF1EE10FA40F17E8441
:108D44009FED7A4A55E5F7EE007AB4EEE7AAF1EE24
:108D540010FA40F18E849FED754A37E5B4EEE5BA1A
:108D6400F1EE10FA40F1A3849FED704A1EE5F0EE97
:108D7400C64ADFED755A9FED717AF4EEE54AF1EEDD
:108D840010FA88BFB0EE476AFDF734BDB0EEE76A6B
:108D9400DFED6D6A9FED697AB4EEE66AF1EE10FAE2
:108DA40088BFF0EE477AFDF75CBDB0EEC75ADFED41
:108DB400665A9FED626AB4EEE55AF1EE10FA88BF86
:108DC400B0EE467AFDF731BD60486149FDF7E5BD77
:108DD4005E485F49FDF7C0BDF0EEC65ADFED5A4A62
:108DE400F4EE645AF1EE10FA03D99FED5A4AFDF7F6
:108DF400C4BCF7EE005AB4EEE56AF1EE10FA40F1A5
:108E0400B2839FED4A4AFDF7B8BC9FED534AFDF784
:108E1400B4BCB0EEE76ADFED4C5AB4EE656AF1EE2D
:108E240010FA03D99FED4B4AFDF7BEBCB7EE006ABA
:108E3400F4EEC67AF1EE10FA40F1A1839FED3B4ABD
:108E4400FDF7B2BC9FED444AFDF7AEBCF0EEC65A46
:108E5400DFED3D4AF4EE645AF1EE10FA03D99FEDCA
:108E64003D4AFDF774BCB4EEE26AF1EE10FA40F14B
:108E740092839FED2E4AFDF76ABC9FED374AFDF7BA
:108E840066BCF0EECB7A9FED307AF4EE477AF1EEE1
:108E940010FA3FF694ABF7EE007AB4EE67BAF1EE4F
:108EA40010FA37FE8BBAFDF775BE2C49FFF7DAB816
:108EB400F0EEEB7A9FED247AF4EE477AF1EE10FAB5
:108EC4003FF675ABF7EE007AF4EE67BAF1EE10FAFE
:108ED40077FEABBAFDF773BEF0EEEA7A9FED1A7A2D
:108EE400F4EE477AF1EE10FA3FF665ABF7EE007A4E
:108EF400F4EE67AAF1EE10FA77FEAAAAFDF736BEE1
:108F0400B7EE009AB0EE667AFEF717BDF7EE00AA48
:108F1400F0EE466AFEF7F8BCDFF830E00C49FDF7E6
:108F24005DBD00BFDE571700DF5717009265153986
:108F340000000180702300200000DC4300000000DA
:108F4400000064422C2B0020FFFF7F7FD112AF0072
:108F54000813AF004A63803DF7BE3A3B6CDC020065
:108F6400F0EE477ADFF854C3D048C5F824C0C0E90E
:108F7400061EF7EE006A86EEA77AF0EE477AFEEE5A
:108F8400C17A17EE901AFDF7A2BDC94BC3ED007A62
:108F9400FAF70DBEC74BC3ED007AFAF708BE7CEEB4
:108FA400297A9FEDC57AC549F4EEC77A5962F1EE84
:108FB40010FA07D5BD480B46C14981613739C161F3
:108FC400FFF7F7B99FEDBF7AF4EEC77AF1EE10FA26
:108FD40003DDBD4BBD4DFFF7CFB9B3EE047AF4EE1C
:108FE400C77AF1EE10FA40F17B83B94BB94DFFF724
:108FF400C3B9B949B24DFFF795B9B749B04BFFF7BB
:109004005FB9B0EEC76ADFEDCC6ADFEDCA7AB4EEC1
:10901400E66AF1EE10FA88BFB0EE677AFFF736B968
:10902400F0EEE75A9FEDC46A9FEDC27AF4EEC65A99
:10903400F1EE10FA88BFF0EE477AFFF70BB9F0EEC5
:10904400E75A9FEDBD6A9FEDBB7AF4EEC65AF1EE86
:1090540010FA88BFF0EE477AFFF7E1B8F0EEE74A7E
:10906400DFEDB55A9FEDB36AF4EEE54AF1EE10FA7E
:1090740088BFF0EE467AFFF7B7B8F0EEE74ADFEDC7
:10908400AE5A9FEDAC6AF4EEE54AF1EE10FA88BFF1
:10909400F0EE467AFFF78AB8F0EEE74ADFEDA65A1B
:1090A4009FEDA46AF4EEE54AF1EE10FA88BFF0EE03
:1090B400467AFFF75EB8814BFFF71FB9F0EECD7A21
:1090C4009FED9D7AF4EE477AF1EE10FA3FF67FAA0F
:1090D400F7EE007AB4EE67DAF1EE10FA37FE8DDAC5
:1090E400FFF7FEB9F0EEEC7A9FED937AF4EE477A4F
:1090F400F1EE10FA3FF66EAAF7EE007AF4EE67CAC4
:10910400F1EE10FA77FEACCAFFF794B9734AB7EEE2
:10911400009A734B0E2073491E7013688A46199285
:109124000133DFED718ADFF800B203F00103DFF8E9
:10913400FC81079148BF5B42136022686B4B1A6045
:1091440001E058F8040FC0B204F094FA07EE900A54
:10915400674BB8EEE77A0AF8016BC7EE287A79EE26
:10916400677AEBEC017A5B45EBD10E21614806F09E
:1091740031FD199B604A06211868604B00280CBF1A
:109184001046184606F026FD5D4804F02FFA5D4BA4
:109194001A46012313705C4A137004F08FFC5B4B76
:1091A4001860FAF7ABBCDFED637AFDF75ABB9FEDAD
:1091B400617AFDF73ABB9FED5F6AFDF71BBB7CEE5E
:1091C400297A9FED3D7A3D49F4EEC77A5962F1EE72
:1091D40010FA4BD535480B46394981613739C1619D
:1091E4002CE4DFED547AFFF735B8DFED527AFFF760
:1091F40016B89FED507AFFF749B8DFED4E7AFEF7C7
:10920400B8BF199BF2EE080AB0EE000A453B07EE20
:10921400903AF8EEE77AC7EEA00A06F039FFDFEDE0
:109224003C7A20EE270A89EE000A06F0C9FEDFED3B
:10923400397A9FED396A9FED397ADFED396A20EE8C
:10924400270AC0EE067A67EE877AF4EEE67AF1EE44
:1092540010FA40F18982DFF8D880FDF7C9B83148A7
:10926400059304F025F9059BFDF762BD9FED157A82
:10927400F4EEC77AF1EE10FA03DD134B134DFFF74A
:10928400C0BBB3EE047AF4EEC77AF1EE10FA40F103
:1092940036820F4B0F4DFFF7B4BBDFED267AFEF796
:1092A400A3BF0D49064BFFF750BB00BF146300205A
:1092B400D87A0020D47A00200000164300B76D5BF2
:1092C4000813AF0000E02B4600CFE03000C926327F
:1092D400DE571700DF571700D112AF00CC770020FC
:1092E400867B0020B463002000C07F44B02E0020A1
:1092F400B4630020C80D0020700D0020680D00200C
:10930400481C00209E7B00209C7B0020D4770020FA
:109314000000DC43000096440000C84200F8FF450A
:1093240000F8FFC5C82200209C63002048090020E3
:109334000EE0010000000000FFFF7F7FB0EEE76A4F
:109344005FED036A1FED057AB4EEE66AF1EE10FAFA
:1093540088BFF0EE477AFFF7DEBAF0EEE75A1FED6A
:109364000A6A1FED0C7AF4EEC65AF1EE10FA88BFC1
:10937400F0EE477AFFF7B3BAF0EEE75A1FED126A40
:109384001FED147AF4EEC65AF1EE10FA88BFF0EE2F
:10939400477AFFF789BAF0EEE74A5FED195A1FEDF5
:1093A4001B6AF4EEE54AF1EE10FA88BFF0EE467A55
:1093B400FFF75FBAF0EEE74A5FED215A1FED236A2B
:1093C400F4EEE54AF1EE10FA88BFF0EE467AFFF7C4
:1093D4003ABAF0EEE74A5FED285A1FED2A6AF4EE36
:1093E400E54AF1EE10FA88BFF0EE467AFFF716BAB6
:1093F400F0EECD7A1FED307AF4EE477AF1EE10FA02
:109404003FF64CACF7EE007AB4EE67DAF1EE10FA00
:1094140037FE8DDAFFF7AABBF0EEEC7A1FED3A7A4D
:10942400F4EE477AF1EE10FA3FF63BACF7EE007A31
:10943400F4EE67CAF1EE10FA77FEACCAFFF73FBB51
:10944400D649D74DFFF7B3BAD64BFFF79BBAD64AE6
:1094540013602268D54B1A60FDF7BBBF4FF47A70D6
:10946400B0EE00AA04F0D0F807EE900AB0EE087A45
:10947400CF4BF8EE677A4FF47A70F6EE008AF0EE8E
:109484000C9AC7EE896AF0EE4A7AE6EE877AC3ED63
:10949400007A04F0B9F807EE900AC64B4FF47A70DC
:1094A400F8EE677A87EE897AF0EE687AE7EE297A41
:1094B400C3ED007A04F0A8F807EE900ABE4B4FF40F
:1094C4007A70F8EE677A87EE897AF0EE687AE7EEDA
:1094D4000A7AC3ED007A04F097F807EE900AB74BC6
:1094E4004FF47A70F8EE677A87EE897AE7EE298A84
:1094F400C3ED008A04F088F807EE900AF2EE006AE1
:10950400AF4BB8EE677AF1EE007A87EE096AE6EEC1
:10951400267AC3ED007AFBF7BEBCDFEDAA7AFEF72C
:1095240045BEDFEDA87AFFF7BFB9DFEDA67AFFF7F6
:10953400A0B9A54BDFF8B4A21176059319768AF881
:109544001810FEF744B8DFED9F7AFFF7E4B9DFEDBA
:109554009D7AFFF7C4B9DFED9B7AFFF75FB9DFEDC2
:10956400997AFFF770B9DFED995AB4EEE56AF1EE36
:1095740010FA40F343829FED964AFDF7FEB89FED43
:10958400936AF4EEC67AF1EE10FA40F345829FED49
:10959400904AFDF709B9DFED8D5AB4EEE56AF1EEB4
:1095A40010FA40F3B7829FED8A4AFDF7D0B8DFED99
:1095B400877AB4EEE7AAF1EE10FA40F37A829FEDCF
:1095C400844AFEF7ACBDDFED817AF4EEE7AAF1EE52
:1095D40010FA40F354819FED7E4AFEF7AFBD7D49FA
:1095E400FEF740BDDFED797AB4EEE7BAF1EE10FA9A
:1095F40040F3CB829FED764AFEF783BDF0EE477AC7
:10960400DFF8ECC1B0E47449FEF7A9BEDFED737A6C
:10961400F4EEE78AF1EE10FA40F359827049714B87
:10962400FEF74EBE9FED6D7AF4EEC77AF1EE10FAB6
:1096340040F3F7826A486B49FDF78EB9DFED637A30
:10964400F4EEE7AAF1EE10FA40F371819FED604A5F
:10965400FFF7CFB8604BFEF7ACBE9FED607AF4EE37
:10966400C77AF1EE10FA40F3F5825D485D49FDF7E3
:1096740094B9DFED567AB4EEE7AAF1EE10FA40F3AE
:109684002D819FED534AFFF7A1B8534BFEF735BE2A
:10969400DFED527AB4EEE79AF1EE10FA40F3558119
:1096A4004F49504DFEF73EBE3E4BFEF782BEDFED06
:1096B400477AB4EEE7BAF1EE10FA40F3C4809FEDB6
:1096C400444AFFF773B8DFED457AB4EEE7AAF1EE4A
:1096D40010FA40F31181DFF808E14249FDF77EB941
:1096E4009FED3E7AF4EEC77AF1EE10FA40F353811F
:1096F4003B4B3C4DFEF740BE3749FFF775B99FED34
:10970400377AF4EEC77AF1EE10FA40F3BC82344BA8
:10971400344DFFF776B9304BFFF790B92E4BFFF776
:1097240031B9DFED2E7AF4EEE78AF1EE10FA40F368
:1097340003822B492B4BFFF708B94FF47A7003F0DF
:1097440063FF07EE900ADFED2C5AB8EE677ADFED7F
:109754002B6ADFED2B7A244B87EE256AE6EE267A18
:10976400C3ED007AFEF750BAF4EEC77AF1EE10FAC0
:109774007EF780ACDFF87C80FCF73ABEDFED177A29
:10978400B4EEE79AF1EE10FA40F395821449154DC0
:10979400FFF70DB9034BFFF751B900BFD112AF006A
:1097A4000813AF0000B76D5BCC630020906300200A
:1097B400082300200C230020102300201423002061
:1097C40018230020000000002C3F002000803B46AE
:1097D400CAD7DA3F80969800D0CCCC0C00D089460A
:1097E400008C3C4B00BE6C50502300209C4F00204A
:1097F40060AC0F0D0EE07F7F00007A446666663F22
:10980400CDCC4C3D4FF47A7003F0FEFE07EE900A87
:109814005FED075AB8EE677A5FED086A5FED087A84
:10982400E94B87EE256AE6EE267AC3ED007AFBF76C
:10983400F4BA9FEDE67A67EE877AFDEEE77A17EEE3
:10984400903AFCF7D7BADFEDE27A8BEE274A9FED28
:10985400DC3BB7EEC44A24EE034BB7EEC44BFEF731
:10986400A5BF9FEDDB6A8BEE064A9FEDD53BB7EEB5
:10987400C44A24EE034BB7EEC44BFAF7A1B8DFEDAC
:10988400D47A8AEEA74A9FEDCE3BB7EEC44A24EEC3
:10989400034BB7EEC44BFEF751BCFCEEE77ACDEDBB
:1098A400187A9DF860804346FAF7A3BDDFEDCF7ABE
:1098B400019227EE277AF0EE477AB0EE470AFEEEE1
:1098C400E07A17EE905A06F073FDF0EE407A019AB2
:1098D400FEEEE07A17EE901AFDF7A7BBDFEDBC7A37
:1098E4008AEE274A9FEDB63BB7EEC44A24EE034BFB
:1098F400B7EEC44BFEF76ABFDFEDBC7A2AEE27AAA7
:10990400CDE90232F0EE4A7AB0EE4A0AFEEEE07A8F
:10991400CDED017A06F04CFDF0EE407A0199AD4BA5
:10992400039AFEEEE07A17EE90EAFDF757B8DFED02
:10993400A87A8AEEA74A9FEDA23BB7EEC44A24EE6A
:10994400034BB7EEC44BFEF754BFDFEDA87A019288
:1099540029EE279AF0EE497AB0EE490AFEEEE07A53
:1099640017EE905A06F024FDF0EE407A019AFEEECE
:10997400E07A17EE901AFEF7D5BCDFED957A8AEE01
:10998400A74A9FED8F3BB7EEC44A24EE034BB7EED4
:10999400C44BFAF75AB89FED957A019267EE877A2D
:1099A400B0EE677AB0EE670ABEEEE07A17EE105AB0
:1099B40006F0FEFCF0EE407A019AFEEEE07A17EE35
:1099C400903AFEF7D9BC8449FDF781B89FED877AB8
:1099D400019267EE877AB0EE677AB0EE670ABEEE60
:1099E400E07A17EE105A06F0E3FCF0EE407A019AA2
:1099F400FEEEE07A17EE903AFDF7ACBBDFED745A59
:109A040086EE254A9FED6E3BB7EEC44A24EE034B27
:109A1400B7EEC44BFCF7B1BE9FED6D6A87EE864A84
:109A24009FED673BB7EEC44A24EE034BB7EEC44B3D
:109A3400FCF7BABE694D6A48FBF7EFB86948FBF713
:109A440094B808F00DFE9FED626A8AEE064A9FED17
:109A54005C3BB7EEC44A24EE034BB7EEC44BF9F7B4
:109A6400D1BFFCEEE77ACDED057A9DF81430F9F715
:109A7400DDBDFCEEE77ACDED057A9DF81430F9F7FB
:109A8400C6BDFCEEE77ACDED057A9DF81490F9F7A2
:109A9400AEBDF0EE407AFEEEC87A17EE903AFAF7D1
:109AA400A3BEF0EE407AFEEEC87A17EE903AFAF7CB
:109AB400B0BEDFED477A8AEE274A9FED413BB7EE11
:109AC400C44A24EE034BB7EEC44BFEF728BBDFEDCC
:109AD400477A029268EEA78AF0EE687AB0EE680AD6
:109AE400FEEEE07ACDED017A06F062FCF0EE407A0B
:109AF400DDE90132FEEEE07A17EE901AFEF7E0BBE4
:109B0400DFED326A27EE267ABDEEC77A17EE103AF9
:109B1400FCF756B9DFED2E5A86EE254A9FED282B29
:109B2400B7EEC44A24EE024BB7EEC44BFCF70FBEAB
:109B3400B6EE009AFAF778B8DFED2C7A029268EE66
:109B4400A78AF0EE687AB0EE680AFEEEE07ACDED10
:109B5400017A06F02DFCF0EE407ADDE90132FEEEEA
:109B6400E07A17EE901AFEF7F0BEF7EE006A86EE82
:109B7400A77AF0EE476AFEEEC16A16EE900A7CF709
:109B84004CAFDFF864C0FCF749BFDFED117A8BEE10
:109B9400274A9FED0B3BB7EEC44A24EE034BB7EEC6
:109BA400C44BFEF7AEBAFCEEE77ACDED187A9DF819
:109BB4006030CDE91833FCF7C0BB00BFAFF30080C1
:109BC400182D4454FB2119405023002000FEFF4E61
:109BD40000442C47D862002000B76D5BDF571700A4
:109BE400DE57170000000180D0CCCC0C93651538EB
:109BF4005FED027A029227EE277AF0EE477AB0EE12
:109C0400470AFEEEE07ACDED017A06F0D1FBF0EEE4
:109C1400407ADDE90132FEEEE07A17EE901AFBF7A6
:109C240050BC1FED0E7A029267EE877AB0EE677A27
:109C3400B0EE670ABEEEE07A8DED017A06F0B8FB6D
:109C4400F0EE407ADDE90112FEEEE07A17EE900ABA
:109C5400FCF782BE1FED1B7A029267EE877AB0EEA4
:109C6400677AB0EE670ABEEEE07A8DED017A06F00F
:109C74009FFBF0EE407ADDE90112FEEEE07A17EE8A
:109C8400900AFCF78ABE1FED277A019267EE877A65
:109C9400B0EE677AB0EE670ABEEEE07A17EE105ABD
:109CA40006F086FBF0EE407A019AFEEEE07A17EEBB
:109CB400903AFEF7A6BE5FED337A019229EE279A19
:109CC400F0EE497AB0EE490AFEEEE07A17EE905AC9
:109CD40006F06EFBF0EE407A019AFEEEE07A17EEA3
:109CE400901AFEF764BE00BFF0B5172283B00B21B3
:109CF400B14802F071FFB14E00220B21B04802F0CE
:109D04006BFF0B211822AF4802F066FFAE4B32689E
:109D1400AE481A60F8F788FAAD48F8F785FAAD4D01
:109D2400AD48F8F7B7FAAD4CAD4FAE48F8F7B2FA14
:109D340005F1180202212846F8F764F904F1180223
:109D440002212F602046A84DF8F75CF92760A74848
:109D5400F8F70CFAA648F8F709FAA648F8F7CEF986
:109D6400A548F8F7CBF9A548F8F79CF9A448F8F703
:109D740099F9A448F8F7FAF9A348F8F7F7F9A348CA
:109D8400F8F7BCF9A248F8F7B9F9A248F8F7EEF9E0
:109D9400A148F8F7EBF9A148F8F79EFAA048F8F7BC
:109DA4009BFAA048F8F798FA9F48F8F70FFA9F48EB
:109DB400F8F70CFA9E48F8F709FA9E48F8F76AFA99
:109DC4009D48F8F767FA9D48F8F764FA9C48F8F755
:109DD400CDF99C4C9C48F8F7C9F99C48F8F7C6F9AA
:109DE4009B4F04F1180202212046F8F70BF9256075
:109DF400984C022107F118023846F8F703F904F1E8
:109E04001802022120463D60F8F7FCF825609248CC
:109E1400F8F774F99148F8F771F99148F8F76EF981
:109E24009048F8F7A3F99048F8F7A0F98F4A00236F
:109E34008F4811468F4CC2E9063341F8184BC2E9EA
:109E440003314FF4007103681181002B00F0AE84DC
:109E540019465B69002BFBD14A610024864B834879
:109E640001251360022754615460947201F0C8FE06
:109E74008248F8F7EBF88248F8F7E8F8814803F0ED
:109E8400B3F8544B224654497E48009403F020F919
:109E94007D4A7E497B4806F01BF87D4803F0A4F810
:109EA4004C4B224649497A48009503F011F9764A09
:109EB4007649774806F00CF8764803F095F8474B56
:109EC400224648497348009403F002F96E4A6F49E8
:109ED400704805F0FDFF704803F086F83F4B2246BA
:109EE4003B496D48009503F0F3F8674A67496A48AF
:109EF40005F0EEFF694803F077F83C4B22463549FC
:109F04006648009403F0E4F85F4A6049634805F04A
:109F1400DFFF634803F068F8354B22462F49604859
:109F2400009403F0D5F8584A58495D4805F0D0FF2D
:109F34005C4803F059F82D4B2246284959480095AE
:109F440003F0C6F8504A5149564805F0C1FF564837
:109F540003F04AF8264B22461E495348009503F065
:109F6400B7F8494A4949504805F0B2FF4F4803F051
:109F74003BF8204B22461D494C48009403F0A8F8B6
:109F8400414A4249494805F0A3FF494803F02CF8E7
:109F9400194B224616494648009403F099F83A4A68
:109FA4003A49434805F094FF424803F01DF8134B27
:109FB40022460E4980E000BF0C6000204C7800204F
:109FC400386000206460002070780020BC690020A4
:109FD400506D002050630020C46000207063002096
:109FE4004C0A0020EC600020340A0020DC630020CE
:109FF4001464002024620020606200209875002010
:10A0040034760020EC7A0020247B0020AC61002010
:10A01400E8610020D076002008770020BC2E0020C4
:10A024002C3F00209C4F0020F46400208466002014
:10A0340014680020146100203C6100206461002049
:10A044004C6400204877002084640020BC64002015
:10A0540068770020887700209C620020D862002066
:10A0640014630020E47000201C710020A460002010
:10A074005C2A0020C40900201C0A0020507500201E
:10A084007475002054710020981C0020F5B3000062
:10A094000C73002030720020E87300202474002028
:10A0A400387400204C740020607400207474002004
:10A0B400687100207C710020A548009403F008F822
:10A0C400A44AA549A24805F003FFA44802F08CFF66
:10A0D400A34B2246A349A148009402F0F9FF9D4AEC
:10A0E4009D499E4805F0F4FE9F4802F07DFF9F4B7A
:10A0F40022469F499C48009402F0EAFF954A9649FB
:10A10400994805F0E5FE9B4802F06EFF974B224606
:10A1140099499848009502F0DBFF8E4A8E4995488C
:10A1240005F0D6FE954802F05FFF954B224695490F
:10A134009248009402F0CCFF864A87498F4805F084
:10A14400C7FE914802F050FF8D4B224684498E4849
:10A15400009502F0BDFF7F4A7F498B4805F0B8FEA9
:10A164008A4802F041FF8A4B22468049874800947E
:10A1740002F0AEFF774A7849844805F0A9FE854885
:10A1840002F032FF844B22467D498248009402F05B
:10A194009FFF704A70497F4805F09AFE7F4802F09D
:10A1A40023FF7F4B22467F497C48009402F090FFB6
:10A1B400684A6949794805F08BFE7B4802F014FF30
:10A1C4007A4B22467A497848009402F081FF614A2A
:10A1D4006149754805F07CFE764802F005FF764B30
:10A1E40022466F497348009402F072FF594A5A4953
:10A1F400704805F06DFE714802F0F6FE6E4B224683
:10A204006A496E48009502F063FF524A52496B480E
:10A2140005F05EFE6A4802F0E7FE6A4B2246634997
:10A224006748009402F054FF4A4A4B49644805F0D9
:10A234004FFE654802F0D8FE624B224658496248F8
:10A24400009502F045FF434A43495F4805F040FE4C
:10A254005E4802F0C9FE5E4B224657495B480094B3
:10A2640002F036FF3B4A3C49584805F031FE594854
:10A2740002F0BAFE584B224652495648009402F066
:10A2840027FF344A3449534805F022FE534802F06C
:10A29400ABFE534B224653495048009402F018FF3A
:10A2A4002C4A2D494D4805F013FE4F4802F09CFE00
:10A2B4004E4B22464E494C48009402F009FF254A71
:10A2C4002549494805F004FE4A4802F08DFE4A4BF0
:10A2D40022464A494748009402F0FAFE1D4A1E49A4
:10A2E400444805F0F5FD464802F07EFE454B224603
:10A2F40045494348009402F0EBFE164A164940488B
:10A3040005F0E6FD414802F06FFE3E4B224640490F
:10A314003E48009502F0DCFE0E4A0F493B4805F02A
:10A32400D7FD3C4802F060FE3B4B22463B4939488E
:10A33400009402F0CDFE074A0749364805F0C8FDEF
:10A34400374802F051FE344B224636496CE000BFD8
:10A354007C710020981C0020F5B30000907100204F
:10A364003476002014640020A4710020EC7A0020CC
:10A3740024620020B871002098750020CC71002060
:10A38400247B002060620020E0710020F471002032
:10A39400E4700020087200201C71002088740020E2
:10A3A400AC610020506300209C740020E861002010
:10A3B40070630020D8740020D0760020EC74002054
:10A3C40000750020087700201475002028750020EF
:10A3D400BC6900203C750020506D00201C720020D8
:10A3E40048770020BC2E00204472002068770020AB
:10A3F4002C3F002058720020887700209C4F0020BA
:10A40400207300204C640020146100203473002069
:10A41400F464002048730020846400203C61002020
:10A424005C73002084660020A348009502F050FE6F
:10A43400A24AA349A04805F04BFDA24802F0D4FD6E
:10A44400A14B2246A1499F48009402F041FE9B4A39
:10A454009B499C4805F03CFD9D4802F0C5FD9A4B84
:10A4640022469C499A48009502F032FE934A944948
:10A47400974805F02DFD984802F0B6FD974B22460B
:10A4840097499548009502F023FE8C4A8C499248DE
:10A4940005F01EFD934802F0A7FD934B2246934915
:10A4A4009048009502F014FE844A85498D4805F0D1
:10A4B4000FFD8F4802F098FD8E4B224682498C484E
:10A4C400009502F005FE7D4A7D49894805F000FDAE
:10A4D400894802F089FD894B2246804986480094C8
:10A4E40002F0F6FD754A7649834805F0F1FC84488C
:10A4F40002F07AFD834B22467B498148009402F0A6
:10A50400E7FD6E4A6E497E4805F0E2FC7E4802F0A3
:10A514006BFD7E4B224677497B48009402F0D8FDC0
:10A52400664A6749784805F0D3FC794802F05CFD37
:10A53400784B224671497648009502F0C9FD5F4A7E
:10A544005F49734805F0C4FC734802F04DFD734B3A
:10A5540022466A497048009502F0BAFD574A5849A4
:10A564006D4805F0B5FC6E4802F03EFD694B22468D
:10A57400644900976A4802F0ABFD504A5049684864
:10A5840005F0A6FC674802F02FFD644B22465D49A6
:10A5940000970327634802F09BFD484A48496148F5
:10A5A40005F096FC604802F01FFD5A4B22465749BD
:10A5B4005D48009702F08CFD404A41495A4805F035
:10A5C40087FC5A4802F010FD544B22464F49574825
:10A5D400009702F07DFD394A3949544805F078FC6A
:10A5E400534802F001FD534B22464A495048009417
:10A5F40002F06EFD314A32494D4805F069FC4E487F
:10A6040002F0F2FC4B4B224644494B48009502F0C1
:10A614005FFD2A4A2A49484805F05AFC474802F097
:10A62400E3FC474B22463B494448009402F050FD6A
:10A63400224A2349414805F04BFC424802F0D4FC2D
:10A64400414B224635493F48009402F041FD1B4AE4
:10A654001B493C4805F03CFC32683C4B31681A60AD
:10A664003B4B326819603B4B1A6003F027FA3A4BB4
:10A67400186003F023FA394B186003F01FFA384BC3
:10A684000E4A18603749384805F022FC3168374BC8
:10A6940032681960364B37481A60F7F735FF364889
:10A6A400F7F732FF3548F7F72FFF3548F7F72CFF58
:10A6B4003448F7F729FF67E05C730020981C0020FA
:10A6C400F5B3000070730020BC64002064610020B6
:10A6D40084730020146800209873002048770020B9
:10A6E4004C640020AC730020687700208464002050
:10A6F400C073002088770020D47300209C6200205F
:10A70400FC730020D8620020107400201463002021
:10A714006C720020E4700020807200201C71002004
:10A7240094720020A8720020BC720020D072002015
:10A73400E4720020A4600020F8720020B0740020AD
:10A7440050750020C474002074750020B02E0020C1
:10A754003C7800208C610020A0610020A4610020CE
:10A76400D477002041010000C8220020502A002094
:10A77400D86300207478002098780020BC780020EA
:10A78400E0780020047900200A48F7F7BDFE0A4B60
:10A79400002003F1240158600C3303F8044C3268A0
:10A7A400994243F80C2CF6D103B0F0BD0260FFF7D8
:10A7B40054BB00BF28790020A877002000000000C7
:10A7C40010B5F6EE007A0446F7EE086A4FF6FF700D
:10A7D40094ED0D7A2DED068BB0EE00AAB0EE678AEB
:10A7E400F0EE409AE7EE0A7AA7EE268AB0EE679A70
:10A7F40002F00AFFD4ED127A07EE100AFFEE006AA7
:10A80400DFED555A27EE888ADFED544AB8EE476AE1
:10A8140094ED137AD4ED0E8A28EE278A9FED505AD0
:10A82400E6EE256A9FED4F6AF8EE005A27EEC88AD5
:10A83400A7EE898A66EEA86AA7EE648AA6EE858AE0
:10A84400A8EE067AE7EE067AF4EEE57AF1EE10FA6F
:10A8540072D4F4EE4A7AF1EE10FA7AFE277AF8EE20
:10A86400006AC4ED127AB4EEE67AF1EE10FA60D41E
:10A87400F0EE006AB4EE667AF1EE10FA36FE877AEC
:10A884009FED334BB7EEE86A84ED137AB0EE085BC4
:10A89400B0EE690A26EE046B26EE056BB7EEC66BC6
:10A8A400A7EE860A05F0C6FAF7EE006A9FED2E7A47
:10A8B400B2EE006AD4ED117A68EE878A94ED0D5AEF
:10A8C400B0EE667ADFED294ADFED295AA7EEA80A31
:10A8D400A5EE067AB0EE665ABFEE006A20EE077A5D
:10A8E400B0EEC74AA4EE245A87EE050A30EE677A22
:10A8F400E7EE257AF4EEC67AF1EE10FA1FD4F4EE00
:10A90400667AF1EE10FA76FEA77ABFEE007AC4ED0D
:10A91400117AB4EEC70AF1EE10FA13D4F7EE007A06
:10A92400BDEC068BB4EE670AF1EE10FA37FE800A2E
:10A9340010BDB0EE667AA3E7F0EE657A8FE7F0EE2D
:10A94400467AE2E7BDEC068BB0EE470A10BD00BFC5
:10A95400182D4454FB211940000000389A99193EDF
:10A96400CDCCCC3D6F12833AEC51783F3333333F37
:10A97400CDCCCC3EF1EE047ADFED4E6AD0ED0D4A3B
:10A98400F1EE0E5A9FED4C6AE4EEA67A90ED0E5A63
:10A9940038B500F580550446B0EE677AD5ED1A6AED
:10A9A4006B6EC7EE067A2DED068BB7EE008AF6EED7
:10A9B400009AB0EE409AE5EE259A77EEA67AF4EE88
:10A9C400C87AC5ED1A7AF1EE10FA41DA00EB830287
:10A9D40092ED197A0133B7EE00AAB0EE490A5A4251
:10A9E400C3F309037AEE676AC2F3090258BF5342FC
:10A9F40004EB830393ED196A67EE868AE6EE878A91
:10AA040005F018FAB0EE408A29EE890A05F012FA28
:10AA1400F6EE007A94ED0D6ABFEE007ADFED276A58
:10AA2400E0EE277A28EE060A20EE260AA7EEA80A08
:10AA3400B4EEC70A85ED1B0AF1EE10FA35D4B4EE74
:10AA44004A0AF1EE10FA3AFE000ABDEC068B38BD54
:10AA5400013377EEC87A4FF6FF705A42C3F3090305
:10AA6400C5ED1A7AC2F3090258BF53426B6602F06D
:10AA7400CBFD07EE900AFFEE006A9FED115AB8EE87
:10AA8400676A94ED0E7AD5ED1B5A38EE478A6B6EE1
:10AA9400E6EE056AD5ED1A7A27EE257A04EB8302F1
:10AAA400A8EE267A82ED197A94E7BDEC068BB0EE17
:10AAB400470A38BD0000BE4200442C479A99993E8B
:10AAC4000000003800000000C26DDFED577AD0EDC1
:10AAD4000D6A530DF4EEE76A83EAD2735340F1EE44
:10AAE40010FA83EA520310B503F0010304462DED76
:10AAF400048B0CDDDFED4D7A66EEA77AFCEEE77A87
:10AB040017EE901A1140002918BF83F0010343EA9D
:10AB1400420303F00302E365012A7BD0FFEE004AFF
:10AB2400DFED437A022A44FEA74AB6EE009A94ED7A
:10AB34000E7A9FED406AF7EE008AF7EE087AD4EDBC
:10AB4400183AB0EE494AB1EE083AA7EE064AB0EE1A
:10AB5400006A9FED335BA7EE676AF0EE687AE6EE73
:10AB6400837A78EEC46A66EEA46A27EE800AF0EE71
:10AB7400667AF0EE686AB7EEC00AE3EE847AF0EE25
:10AB8400E74AC4ED187AE4EE866A87EEA68A27EED1
:10AB9400087AB7EEC77AA7EE050BB7EEC00B05F03F
:10ABA40049F994F85C30DFED243ABFEE005A06EE22
:10ABB400103ADFED225AD4ED0E6AB8EEC66A9FED64
:10ABC400204AF0EE654A9FED187A26EE888AC6EE92
:10ABD400237AE6EE894A28EE258AA6EEC47AA4EE04
:10ABE400808A77EEE87AB0EE480AA7EE270AB4EE38
:10ABF400C50AF1EE10FA08D4B4EE680AF1EE10FAC0
:10AC040038FE800ABDEC048B10BDBDEC048BB0EEA5
:10AC1400450A10BDF7EE004A87E700BFAFF3008096
:10AC2400182D4454FB2119409A99993E0000804FF5
:10AC3400000000008FC2F53E0000FF42CDCCCC3EA8
:10AC4400CDCC4C3E000000009FED5B6AFAEE083A62
:10AC54009FED5A3A90ED0E7AF0EE462AD0ED157A31
:10AC6400A7EE036ADFED565A90ED0D4AD0ED166A51
:10AC7400E4EE252A9FED535AB1EE674ADFED524ABE
:10AC8400F0EE465A90ED146A34EE664A76EE644A63
:10AC9400B0EE463AA4EE056AE6EEA45AA7EEA23A4E
:10ACA40010B5B4EEE36A0446E5EE856AE3EE057A90
:10ACB400F1EE10FA0BD4F2EE085AB4EEE56AF1EEB6
:10ACC40010FA6CDDB7EE005AB0EE656A03E0BFEE31
:10ACD400005AB0EE636AFAEE085A84ED146AF4EE90
:10ACE400E57AF1EE10FA4ED4B2EE086AF4EE467A42
:10ACF400F1EE10FAF5EEC06A76FE277AC4ED157A05
:10AD0400F1EE10FA48D4F3EE097AF4EE676AF1EE44
:10AD140010FA77FEA66A9FED264BB7EEC77AC4ED0C
:10AD2400166A27EE047B37EE077BB7EEC77BA7EEE8
:10AD3400050A05F07FF8F3EE097AD4ED164AB7EE6A
:10AD4400007ADFED1F6ABFEE006A84EEA75ADFEDDA
:10AD54001F5AF0EE667AE5EE257AF0EE475A60EE79
:10AD6400277AB0EEE75AE5EE265A87EEA50AB4EE46
:10AD7400C60AF1EE10FA15D4B4EE470AF1EE10FA51
:10AD840037FE000A10BDF5EEC06AF0EE657AF1EE0A
:10AD940010FAC4ED157AB6D5DFED0D6ABBE786EE81
:10ADA400255A98E7B0EE460A10BD00BFAFF3008005
:10ADB400182D4454FB211940CDCCCC3D9A99993E91
:10ADC400CDCCCC3E52499D396666B6409A99193F1E
:10ADD4000000000000000000F8B52DED068B0446CD
:10ADE40002F030F8002800F0D380074694ED097A89
:10ADF400851C00F58176DFED6C9A9FED6CAADFED82
:10AE04006CAA9FED6C9A9FED668BD4ED077AD4ED16
:10AE1400085AB0EEE76AF0EEE56AB4EEE96AF1EEDC
:10AE240010FAF4EE696A88BFF0EE4A7AF1EE10FA8D
:10AE340003D9F0EE4A5A84ED08AA94ED0D6A94ED14
:10AE44000B4AF0EEC66AD4ED0C4AF4EE696AD4ED0E
:10AE54000E6AB0EEE65AF1EE10FAB4EE695AB0EEAC
:10AE6400C75A84BF84ED0D4AB0EE446AF1EE10FA7D
:10AE7400B4EE695A84BFF0EE646AC4ED0E4AF1EE92
:10AE840010FA03D99FED497A84ED09AA77EEA57AE1
:10AE9400B7EEE75AB4EEC85BF1EE10FA69DB35EEB3
:10AEA400485BB7EEC55B84ED075AD4ED0A7A34EEFD
:10AEB400464A74EEE64A237E77EEC77AA4EE2A6AFF
:10AEC400E4EEAA6AA7EE897A84ED0D6AC4ED0E6AEF
:10AED40084ED097A032B5ED8DFE803F037412D02B5
:10AEE40094ED070A2046FFF7AFFEF0EEC07A94ED2A
:10AEF400097AF4EEE97ADFED307AF1EE10FA88BFE0
:10AF0400B0EE4A0A20EE070A20EE270ABDEEC00A78
:10AF140010EE103A25F8023FAE427FF476AF204699
:10AF24003946002202F00CF83846BDEC068BBDE829
:10AF3400F84001F0DDBF94ED070A2046FFF7C4FD99
:10AF440094ED097AF0EEC07AD3E794ED070A20462F
:10AF5400FFF736FC94ED097AF0EEC07AC9E794ED78
:10AF6400070A2046FFF706FD94ED097AF0EEC07A51
:10AF7400BFE7F5EEC07AF1EE10FA02D4C4ED077A19
:10AF840093E735EE085BB7EEC55B84ED075A8CE7B3
:10AF9400BDEC068BF8BDF0EE4A7A9FED040AA8E7F3
:10AFA400182D4454FB211940FFFF7F7F000000004F
:10AFB4006F12033B0AD7A33B00FEFF4610B50021E6
:10AFC400044601F0E1FFC8B1031DB4F91EC0B4F991
:10AFD400201000F5827E33F9022B9445A8BF9446D5
:10AFE4009142B8BF11467345F5D10123A4F81EC0A0
:10AFF40021842377BDE8104001F07ABF10BD00BF63
:10B004002DE9F0410021804601F0CAFF04460121E8
:10B01400404601F0B9FF05468CB3A0B30C3004F1EF
:10B024000C0105F5867C51E9022350E9026712FB05
:10B0340036FE2EF3CF3E12FB06F222F3CF32C2EAE3
:10B044000E4213FB37FE2EF3CF3E13FB07F323F31D
:10B05400CF33C3EA0E430830604541E9022301F1CE
:10B064000801E0D100222146404601F069FF204654
:10B0740001F03EFF2846BDE8F04101F039BF002849
:10B08400F9D1BDE8F0812046BDE8F04101F030BFC0
:10B09400F8B50021054601F083FF60B304460121A1
:10B0A400284601F071FF064630B3A21C811C04F54A
:10B0B40081774FF4806E32F8023F31F8020F13FBB0
:10B0C40000E3DB1203F500406FEA030C9BB2C003FC
:10B0D40048BF1FFA8CF397421380ECD121462846CF
:10B0E400002201F02DFF204601F002FF3046BDE8AA
:10B0F400F84001F0FDBEF8BD2046BDE8F84001F07F
:10B10400F7BE00BF2DE9F04F83B000210446009044
:10B1140001F046FF019000284ED000F1040A04F12A
:10B12400380900F58278504659E9022359E908C7DD
:10B1340059E9066559E90441C3F30D038B460168D7
:10B144003CFB013337FB1B3336FB0B3335FB12332C
:10B1540034FB023323F38F3EC3F30D033CFB113363
:10B1640037FB013336FB1B3335FB0E3334FB123311
:10B1740023F38F32CEEA024240F8042B8045C3F316
:10B184000D03DBD159F8040C49E9031200F0004225
:10B1940009F12009002843EA020349F8243CC2DBF0
:10B1A400019C00220098214601F0CAFE204603B00B
:10B1B400BDE8F04F01F09CBE03B0BDE8F08F00BFC6
:10B1C40003291FD8183030B400EB41134C0172B678
:10B1D40029B153F8041C41F0004143F8041C1168E0
:10B1E40055680151D969D2E9034001F000415D601D
:10B1F400644295684042D961C3E90254186162B659
:10B2040030BC7047704700BF2DE9F04F83B09846BB
:10B2140001F5807BC369DDF830A00190D0E909977E
:10B22400D0E90B5431F9026B3846370353FB14FC55
:10B2340005EB8C0C59FB14F53844CCEB6000A0EB07
:10B24400850053FB10F604EB860653FB16F50CEB56
:10B25400850559FB16F4A7EB050EAEEB840E53FBE4
:10B264001EF406EB8404AC442CF34F3C264426F332
:10B274004F36704420F34F308B4522F802CB28F828
:10B28400026B2AF8020BCDD1019BC3E90A751C633A
:10B2940003B0BDE8F08F00BF2DE9F04F01F58074D5
:10B2A40087B00294846905900394046A019304941A
:10B2B400DDE910BAD0E90997D0E90B64049832F9B2
:10B2C400025B00FB05F525F0784000F10060C0004A
:10B2D40050FB10F0264B50FB13F0013BED1603EB33
:10B2E400C000C5F10605039B284153FB10F0214B18
:10B2F4003D4631F9027B98424FEA0737A8BF18460A
:10B30400000250FB14FE06EB8E0E59FB14F63D446E
:10B31400CEEB6505A5EB860550FB15FC04EB8C0C08
:10B3240050FB1CF60EEB860659FB1CF8BC1BA4EB69
:10B33400880850FB18F00CEB8004B6442EF34F3E03
:10B34400A4442CF34F3C454425F34F35019B23F88B
:10B3540002EB0193029B2BF802CB8B422AF8025B8F
:10B36400ACD1059BC3E90A761C6307B0BDE8F08F36
:10B37400ABAAAA2AE71052002DE9F043002183B0BA
:10B38400044601F001FE05460121204601F0FCFDC2
:10B394000646002D3CD001F055FD0746002853D049
:10B3A40001F050FD8046002837D001F04BFD814666
:10B3B400002850D0031D002E3DD0019308F1040352
:10B3C4002046321D0093291D3B1DFFF765FF3046C3
:10B3D40001F08EFD284601F08BFD002239462046FF
:10B3E40001F0AEFD384601F083FD012241462046BE
:10B3F40001F0A6FD404601F07BFD204602224946AD
:10B4040001F09EFD484603B0BDE8F04301F070BD75
:10B414000028F8D103B0BDE8F083284601F068FDA8
:10B42400384601F065FD002EF4D0304603B0BDE887
:10B43400F04301F05DBD00933A1D08F10403291D9A
:10B444002046FFF7E1FEC5E7284601F051FD002E36
:10B45400E0D03046EAE7284601F04AFD384601F0DC
:10B4640047FD404601F044FD002ED3D03046DDE7D1
:10B47400F8B5002705463C46B4B33946284601F0E2
:10B4840083FD08B3BB1D04F1040E00F1040C55F850
:10B494002360B6F5803F47D000F582715CF8042B39
:10B4A40036FB02F336FB12F203F30F0302F30F022F
:10B4B400C3EA0243DEF8002093FA12F38C454EF8F7
:10B4C400043BEBD101F014FD0137042FD4D12846FD
:10B4D4002146002201F034FD2046BDE8F84001F089
:10B4E40007BD0137042F3AD03946284601F058FDEC
:10B4F40004460028F5D0BB1D55F82300B0F5803F65
:10B50400E2D0211D04F582760B6830FB03F230FB98
:10B5140013F302F30F0203F30F03C2EA034341F8E8
:10B52400043BB142F0D1CFE700F10C0204F10C036B
:10B5340000F5867C53F8081C52F8086C91FA16F151
:10B5440043F8081C53F8041C52F8046C91FA16F1E1
:10B55400083243F8041C08339445EBD1B2E7F8BD34
:10B56400AD4BAE4A18682DE9F04FAD4C91B0197946
:10B5740008940368D17704F58062934209920ED24D
:10B58400A84B1B78002B00F0288109994FF0E02389
:10B594004022089101F580610991C3F80822A24B69
:10B5A4001968A24B0C911868A14B0D901A88A14BF5
:10B5B4000A921C880B94002900F0DC81002800F01A
:10B5C4004D819D4B9D4D1A4423449D4E01EB4202F7
:10B5D4009C4C00EB43039C49D5F800B00E950392B4
:10B5E400089D9A4A02939A4B5768D6F800A0D3F85C
:10B5F4000080D3F80490D1F800E04B68D4F808C078
:10B60400886805F110010F9605F582651668626871
:10B6140024680795354601972746019C5E46CDF878
:10B6240014A0C24604941031039C06954D4634F987
:10B6340002BFABEB06080394029CA8EB0A09049E24
:10B6440034F902AFA9EB05050294059C2F44AAEB3B
:10B654000405069C3A442C1B94443A440194A41BCC
:10B66400A6440CEB02043A444FEA2C1C734421F820
:10B6740020CC18447344C6180011734421F81E0CDE
:10B68400A01824113A4421F81C4C02EB000C9C191C
:10B6940000117344361121F8180C1819241121F8DB
:10B6A4001A6C21F8164C4FEA2C1421F8144C04118E
:10B6B40021F8124C079C8C42AFD10F993C46019F54
:10B6C400C1F800A00E99C1F800B05E490C605E4C50
:10B6D400C4E901305D4BC4F800E0C3E900575C4B9A
:10B6E400C3E900890A9B40330A930B9B4033C1E9A9
:10B6F400012C0B93BFF34F8F4FF0E0230899099867
:10B70400CA43C3F8701F2031024481420891C2F336
:10B71400421251D26AB3012A23D0022A1CD0032A2E
:10B7240015D0042A0ED0052A07D0062A40F01C8121
:10B73400089AC3F8702F20320892089AC3F8702F21
:10B7440020320892089AC3F8702F20320892089A7F
:10B75400C3F8702F20320892089AC3F8702F203251
:10B764000892089A0999C3F8702F20328A420892E5
:10B7740022D2089A02F12001C3F8702F4032C3F894
:10B78400701FC3F8702F01F14002C3F8702F01F14C
:10B794006002C3F8702F01F18002C3F8702F01F129
:10B7A400A002C3F8702F01F1C002C3F8702F01F199
:10B7B400E00209998A42DDD3BFF34F8FBFF36F8F45
:10B7C4000A9B7F2B1CD81A4A13800B9B7F2B09D80A
:10B7D400184A138011B0BDE8F08F04F50063089295
:10B7E4000993DCE60024134B0D981C8001F080FBC8
:10B7F400184B1A681C600D4B1A6011B0BDE8F08F2D
:10B804000B4B00240C981C8001F072FB124B1A683D
:10B814001C60054B1A60D8E7F42A002000800E4013
:10B82400008220207C7B0020E42A0020EC2A0020D7
:10B83400667B0020687B002001000080802B0020B4
:10B84400842B0020502B0020682B0020982B0020F4
:10B85400882B0020F02A0020E82A00200C9A002AD5
:10B8640000F088808A4800260A998A4BD0F8008024
:10B874000E900B448848894902EB430BD0E900CE73
:10B8840008988D68D1E9002300F1100100F5826069
:10B894000290C246BBF90280E1467746A8EB0A0C47
:10B8A4000BF1020021F80E6CC246ACEB090E0190BC
:10B8B40021F80A6C0846AEEB070721F8066C21F85C
:10B8C400026CE1463A4477461344EC181344019D54
:10B8D40005F1020BE5181344241121F8104C5C19EE
:10B8E40013442D1121F80C5C1D19241121F8084C66
:10B8F4002C1121F8044C0199B1F90280A8EB0A0C2F
:10B90400ACEB090EAEEB07073A441344EC181344AE
:10B91400E5181344241120F8104B5C192D1113441D
:10B9240000F1100120F80E6C20F80C5C1D19241194
:10B9340020F80A6C20F8066C20F8084C2C1120F82A
:10B94400026C20F8044C02988842A2D10E99C1F8E6
:10B9540000805249C1E900234F4B8D60C3E900CEFA
:10B964000A9B40330A93C5E6089AC3F8702F203225
:10B974000892DDE60D9A002A00F0828048480B996F
:10B98400444BD0F800E00B440F904648464902EB84
:10B99400430A0C9E8D68D346D0E9007C0898D1E90F
:10B9A400002300F1100100F582600290F246B946CE
:10B9B400BBF902E00BF10207E04621F8106C019795
:10B9C400AEEB0A0721F80C6CF246A7EB090CB9465A
:10B9D400019F01F11000ACEB080821F8086C21F874
:10B9E400046C07F1020B4244E04620311344EC1886
:10B9F4001344E5181344241121F82E4CEC18134475
:10BA04002D1121F82A5C1D19241121F8264C2C1122
:10BA140021F8224CB7F902E020F8106CAEEB0A07CB
:10BA240021F81C6C21F8186CA7EB090C21F8146C94
:10BA3400ACEB080842441344EC181344E5181344CF
:10BA4400241120F80E4CEC182D11134420F80A5C34
:10BA54001D19241120F8064C2C1120F8024C0298D0
:10BA64008142A3D10F99C1F800E00F49C1E9002335
:10BA74000C4B8D60C3E9007C0B9B40330B9339E680
:10BA84004FF480620D99089806F038FB32E600BF47
:10BA9400802B002001000080902B00205C2B0020D4
:10BAA400842B0020A02B0020742B002038B500210B
:10BAB400044601F069FA88B172B61C4A1368002B77
:10BAC4002BD01B490D68002D2CD015600860002177
:10BAD400184A118062B6184601F00AFA012120467C
:10BAE40001F052FA98B172B6134A136883B113493C
:10BAF4000C6854B114600024114A0860148062B6C2
:10BB04001846BDE8384001F0F3B9086062B638BDA4
:10BB14000B4910600B8062B638BD064910600B807B
:10BB240062B6DBE7086062B6D8E700BFE42A00200B
:10BB3400E82A0020667B0020EC2A0020F02A00205E
:10BB4400687B002010B5044601F0BCFB204610BD04
:10BB540038B5234C002342F210724FF40C61E06FAD
:10BB640040F44020E0671C2006F082FDE3691D4993
:10BB740023F440631C481D4A43F40063E361A36A51
:10BB840019401B4B41F0CE01A16241680A4042F4C6
:10BB9400002242609A68002A20DB16490320002212
:10BBA4004FF48034C1F828014FF08E45C1F82401C8
:10BBB400114812491A66DA601D615C619861D961A5
:10BBC400C3F8E020C3F88C204FF0E062C3F8902063
:10BBD400C3F89440C3F89800C3F89C1038BD00BF64
:10BBE40000C00F4000FEFFFF00C00A40F8FFF7FF4F
:10BBF4000040384000801F40130F0100000F0F0F5A
:10BC040010B5364C4FF400620021204606F076FA57
:10BC14003348012101F0F2FA00233249324A0B6021
:10BC24001360FFF795FF2346BFF34F8F04F50062BF
:10BC340004F120004FF0E021824234BF012240226F
:10BC440004EB4212C1F8703F20339342FAD1BFF3A0
:10BC54004F8FBFF36F8F224A0320244B2449C3F82C
:10BC640080014FF4806013681C600224D8829C60B9
:10BC7400A4F60204D8830620596000211279DC60FE
:10BC84001C4C988302F110001C61996199821A4C32
:10BC94001A4B43F8204002F01F04194B012003EB18
:10BCA4005213A04014B29B0018601648164B40F87B
:10BCB4002410164940F82410A0F580401449C27697
:10BCC400D3F8882042F00042C3F888209A681143D0
:10BCD400996001F071FA0F4B187010BD008220209A
:10BCE400F42A0020E42A0020EC2A002000801F40CF
:10BCF4000200010120403840D197000000240020B8
:10BD04004038003800C00E40004038401400008025
:10BD1400010000907C7B0020024A0349034804F0A0
:10BD2400D7B800BF981C0020B59D0000F42A00205D
:10BD34002DE9F041044601F085F8002800F09680D2
:10BD44000546237E043005F5827CDBB9E269C2EA4C
:10BD5400224205F1240305F5927143E9082243E9DF
:10BD6400062243E9042243E9022220338B42F4D120
:10BD740020462946002201F0E3F82846BDE8F041B8
:10BD840001F0B6B8D4E90731626A83FAA1F6EFF399
:10BD940000873F016CD5002A58D0571C022F04D9C4
:10BDA40091FBF2F693FBF2F7F61B7F2E24DD05F1EF
:10BDB400140105F58A7C01E0E369626A9F1803EBCC
:10BDC4004203C3EA274703EB020E03EB4203C3EA31
:10BDD4002E4E9E1803EB4203C3EA264603EB4200B1
:10BDE4001344E061C0EA234041E9047E41E9026072
:10BDF40010316145E0D1BBE7012E3CDDB71E06469C
:10BE04004FEA570808F1020E05EB8E0E01E0E369D4
:10BE1400626A03EB42011344E161C1EA234146F83B
:10BE2400041B7645F3D1C8EBC87308F10108216AF5
:10BE340007EB430600EB8808FEB1E369626A13442A
:10BE4400C1EA2343404640F8043B216A0023E161F0
:10BE54002376C1EA214160458AD240F8041B844517
:10BE640086D940F8041B8445F7D881E7BDE8F08102
:10BE740096FBF2F699E78046DEE74046E6E700BF28
:10BE8400B1F5803F4FEA21235FFA81FC11DA0F49B3
:10BE94005A1C023331F9122031F91300CCF58073A6
:10BEA4000CFB00F002FB03008030001200F5C040E0
:10BEB400704740F2FF110548C3F50072C91A30F902
:10BEC400122030F9110052424042E7E724170020C3
:10BED400B1F5704F2DE9F0410F460646904627DC38
:10BEE4001D460C4605E004F580540135B4F5704F49
:10BEF40017DC002CF7DB21463046B8F1000F25D0C3
:10BF0400FFF7BEFF05F00F0304F58054013506EB7F
:10BF14008303B4F5704FD3F810211044C3F8100113
:10BF2400E7DDC7F570420B4B07F5805713401F44FC
:10BF3400D6F8083106EBC302013303F01F03976000
:10BF440082F80C80C6F80831BDE8F081FFF798FF4D
:10BF54004042D7E700F0FFFF2DE9F04FD0F8084149
:10BF640083B0D0F80C81D0F804A0A4EB08020194AB
:10BF7400D3063DD00646DFF88090013C304604F0FD
:10BF84001F0406EBC407BD6897F80CB0294605F5F5
:10BF94008055FFF775FFB5F5003FBD6008DBBBF1C9
:10BFA400000F726814BF4FF4404149460A4472605E
:10BFB400BBF1000F00D14042A0458244DDD108F11D
:10BFC400010856F83820B2F5003F11DB08F01F02D3
:10BFD400019B9342C6F80C210AD002F1010856F8DD
:10BFE4003820B2F5003F03DB08F01F02C6F80C212D
:10BFF400504603B0BDE8F08F0040FFFF002938B57C
:10C004000446154603DB0268002A20DB38BD0368BA
:10C01400002BFBDBD0F85401CA1AC11A0023080311
:10C02400090D05F029FC40F6FF7194F85031B0F584
:10C03400805F18BF0146002BE8D02B4600224942FE
:10C044002046FFF745FF002384F8503138BDC2F184
:10C05400000C00238A1A4FEA0C304FEA1C5105F0F9
:10C064000BFC40F6FF7194F85031B0F5805F18BFB7
:10C074000146002BCAD12B46012249422046FFF734
:10C0840027FF012384F8503138BD00BF2DE9F84360
:10C094000D4690F85011044617461E46E9B1026851
:10C0A400D0F854118A4251D2AA4201D8A9424DD89B
:10C0B400891A0023AA1A0803090D05F0DDFBB0F55F
:10C0C400805F33464FF0000214BF414220492046AE
:10C0D400FFF7FEFE002384F85031D4F80080B8F155
:10C0E400000F33DA002D31DBC8F10001A5EB08099C
:10C0F4000023C4F8547108034A46090D05F0BCFB3B
:10C10400B0F5805F33464FF0010214BF414210493D
:10C114002046FFF7DDFE0123BD4284F8503115D3DC
:10C12400A7EB08014A4600230803090D05F0A4FB08
:10C13400B0F5805F33464FF0000214BF414204491A
:10C144002046FFF7C5FE002384F85031BDE8F8838C
:10C1540001F0FFFF70B50E1E054614461BDBFFF70A
:10C16400FBFE2A684FF44043002AA2FB0313A3F505
:10C17400C04300FA83F309DB04F00F0405EB8404E5
:10C18400B4F91001C4F810312E6070BD6A6802F56C
:10C1940040426A60F0E70268002A12DBC2F1004103
:10C1A4000023B21A0803090D05F066FBB0F5805FA1
:10C1B40023464FF0000214BF414209492846FFF7C5
:10C1C40087FE31462846FFF7C7FE2A684FF44043EE
:10C1D400A2FB0323A3F5C04300FA83F3CCE700BF1B
:10C1E40001F0FFFF436A2DE9F04F054685B0076A69
:10C1F400D0E906462BB904EBC614846105B0BDE84A
:10C20400F08F00F01FFE0090002858D0E31901932E
:10C21400009B1C1DB5F932300C2B2AD8DFE813F033
:10C2240088007A000D00A600C600EB000501140189
:10C234002D01540054006D019301686A20F34F00EE
:10C24400009AC0F1000C00B2931D02F5837E0FFA30
:10C254008CFC019A002A03F102033244ACBF01466C
:10C26400614623F8041C9E45F4D1019B03EBC613DD
:10C2740001932B6A019AD21AB5F93430AA617BB1C1
:10C28400009A02F582711A4601E0B5F93420B4F936
:10C294000030134403F30F0324F8023BA142F4D10A
:10C2A400009C28460022214600F04AFE204605B0A4
:10C2B400BDE8F04F00F01CBE009800F019FEAB6919
:10C2C40003EBC613AB6199E7009B05F13809DDF870
:10C2D40004B04FF0000803F1060A0BE002FB00F083
:10C2E400031408F101080AF1020A2AF8043CB8F11F
:10C2F400800FBAD0B344424648465946FFF72AFF56
:10C30400B5F932306A6A0A2BE8D1524200FB02F2D4
:10C314001314E6E7009B6F6A03F58270019A2346C3
:10C3240037FB12F123F8021B98423244F8D19CE700
:10C33400009B21466F6A03F5827C019AA948130E7B
:10C34400C2F30F2E30F9139003F10108CEF58033B8
:10C3540030F9188009FB03F30EFB083353FB07F392
:10C3640021F8023B8C453244E9D17EE7009B4FF62D
:10C37400FF78019803F1060E03F58379D5F824C0FC
:10C38400820F0EF1020EC313A8EBD031013A0CFB5D
:10C3940003F33044012A0CFB01F14FEA234398BF15
:10C3A4000B142EF8043CF145EAD15EE7E86A002854
:10C3B40082D0009B21466F6A03F5827C019A130E9A
:10C3C400C2F30F2803F1010EFF2B30F9139014BFB1
:10C3D40000EB4E0E8646BEF90030C8F5803E08FBE1
:10C3E40003F30EFB093353FB07F321F8023B8C459F
:10C3F4003244E4D139E7686A20F34F00009AC0F16F
:10C40400000CAF6A00B2931D02F5837E0FFA8CFC18
:10C41400019A974203F10203324494BF61460146F4
:10C424009E4523F8041CF4D11FE7009B686A03F5BA
:10C43400827C019AC043234630FB12F123F8021B8D
:10C444009C453244F8D110E7009BA146DDF80480F6
:10C4540003F5827A02E0CA453FF407AFB5F93030FC
:10C4640018EB060829F8023BF5D3686A01F0CCF80A
:10C474006B6AA0EB63002886EDE7AB6A4FF6FF72A8
:10C484004FF0FF3B00984FEA13490394811D4FEA94
:10C494005308A2EB090200F5837AD5F824C06FF0A3
:10C4A4000047BBFBF9F9BBFBF2FB6FEA53020292B4
:10C4B400019A029CA2EB530E0BE01B0C0CFB03F342
:10C4C4001B1421F8023C02313244B644514500F0B9
:10C4D4008280130C904509FB03F3EED808EB0203AA
:10C4E4004FEA1E4094424FEA13430BFB107069D984
:10C4F40000140CFB00F00314E3E705F1380A019F74
:10C50400A3464FF000083744424650463946FFF7E9
:10C5140075FD39465046FFF71FFD08F00F0208F17C
:10C52400010805EB8202B8F1800FB2F94831C2F874
:10C534004801696AAF6301FB03F34FEA23432BF815
:10C54400023BE0D191E605F13809019FA0464FF086
:10C55400000B0294AC6A37445B464846224639468F
:10C56400FFF794FD39464846FFF7F6FC1E4BA3FB44
:10C57400043C0BF00F030BF1010BA4EB0C0A05EBCD
:10C584008303BBF1800F0CEB5A0CD3F848114FEA2C
:10C594001C4CCCF5405C6044C3F848014FEA61137D
:10C5A4006A6AC3EB6103AF631BB202FB03F34FEA96
:10C5B400234328F8023BCDD1DDE9013403EBC61354
:10C5C400019356E609FB03F303F100431B140CFB30
:10C5D40003F31B1475E7019B039C03EBC613019340
:10C5E40047E600BF30070020016000802DE9F04FCE
:10C5F400002185B00646446A00F0C6FC03460121CA
:10C6040030461F46029300F0BFFC356AD6F83082EC
:10C614000190002F00F0F18096F8393283BB06F1C7
:10C6240030013A1D07F58279D6F828A08C46C64F0A
:10C63400DFF81CE347F6FD70DFF818B3039132F915
:10C64400021B0AFB01F121F0784303F10063DB00D4
:10C6540053FB13F353FB17F3C9160EEBC303C1F1DA
:10C664000E010B41A3FB04311B0C814243EA01433D
:10C674008CBF5D44ED184A454CF8045FDFD114E0EB
:10C68400029B06F13000D6F828C02A46191D03F58E
:10C694008277039031F9023B0CFB0323B942224415
:10C6A40040F8043FF6D105EBC415029800F020FCD5
:10C6B400F36A3562DBB100F0C5FB0290B8B1029AAF
:10C6C40096F83832141D0C2B38D8DFE813F0E90142
:10C6D4000802DB001A00550118014501CD017C0157
:10C6E400BB00BB00F2004A00029800F001FC019B71
:10C6F400002B00F09080184605B0BDE8F04F00F024
:10C70400F7BBDDE9023006F50C7EF56A991D4FF69C
:10C71400FF7C50F8043F02319F0FDA13013FACEB6A
:10C72400D33305FB02F2012F05FB03F34FEA224248
:10C7340098BF1A14864521F8042CEAD1B6F936328A
:10C74400002B6BD1019B002B53D1029C304600225D
:10C75400214600F0F5FB204605B0BDE8F04F00F09F
:10C76400C7BB019B002B00F0A48006F50F7903F1F1
:10C77400020825464FF0000BDDF80CA0039438F9AD
:10C78400027F5B465AF8044F484607F500472146A6
:10C794003F043A46FFF77AFC21464846FFF7DCFBA4
:10C7A4006A4BA3FB0723FF1A03EB57031B0CC3F5C8
:10C7B400405318440BF00F030BF1010B06EB8303FA
:10C7C400BBF1800FD3F84C73C3F84C034FEA6713E3
:10C7D400F26AC6F83C42C3EB67031BB202FB03F3E5
:10C7E4004FEA234325F8023BC9D1039CB6F93632FC
:10C7F400A3B9019800F07CFBA7E706F1300306F526
:10C804000C712A46039343F8042F8B422244FAD135
:10C8140005EBC4154CE705B0BDE8F08F029A02F5AC
:10C8240082711A4601E0B6F93622B4F90030134495
:10C8340003F30F0324F8023BA142F4D1019B002B24
:10C8440083D0D6E7DDF80C9006F50F7825464FF037
:10C85400000A524659F8041F40460AF1010AFFF73C
:10C8640079FCF36A96F8382203FB00F00A2A4FEAAF
:10C87400204008BF4042BAF1800F00B225F8020BF5
:10C88400E7D15BE7F06A20F34F004542029B039A2D
:10C8940000B22DB2063306F50C7C52F8041F0233A5
:10C8A4000029ACBF01462946944523F8041CF4D161
:10C8B40044E7DDF80CB006F50F7AA14600255BF8D5
:10C8C400047F2A4650463946FFF798FB39465046BE
:10C8D400FFF742FB05F00F02013506EB8202802DC3
:10C8E400B2F94C33C2F84C03F26AC6F83C7202FB4C
:10C8F40003F34FEA234329F8023BE0D11EE7019AF0
:10C90400002ABFD0F36A23F34F08C8F1000E134680
:10C91400911C029A039D0FFA88F80FFA8EFE0632D4
:10C9240003F5817931F9023F704655F8047F0232EC
:10C9340003F50043B7EB034F38BF4046894522F85F
:10C94400040CEFD152E700BFABAAAA2A0160008011
:10C95400AAAAAA2A0000FE7FF06A2246029B039933
:10C96400C04303F5827551F8043F30FB13F322F8FA
:10C97400023B9542F7D1E1E6356B002D3FF4B4AEAE
:10C98400029B21460398D6F82CE003F5827C50F8EC
:10C99400042F130EC2F30F225F1CFF2B35F91380F3
:10C9A40014BF05EB47072F46B7F90030C2F58037AF
:10C9B40002FB03F307FB083353FB0EF321F8023B9E
:10C9C4008C45E4D1BAE6019B002B3FF49AAE03F107
:10C9D4000209029B06F1340E06F50D7703F1060CED
:10C9E400F56A4FF0FF3B10E0BBFBF2F26FF000433F
:10C9F40002FB11331B1405FB03F31B14BE450CF19E
:10CA0400020C2CF8043C3FF4F1AE39F9022F5EF825
:10CA1400041B02F500420B0C4FEAC238B1EBC23FD3
:10CA24006FEA080ABBFBF2F000FB03F34FEA13437F
:10CA340005FB03F34FEA2343E0D308EB01038A45E4
:10CA4400C2F57F42A1EB08014FEA134302F1FF0252
:10CA54004FEA114100FB03F3C6D803F100431B1452
:10CA640005FB03F31B14C9E7039D06F50C7AA146E5
:10CA7400474606E0B6F93432AA4529F8023B3FF4AA
:10CA84005DAE3B4655F8047F9F42F3D2F06A00F056
:10CA9400BBFDF36AA0EB630003B2A6F83432EBE704
:10CAA400029B2146039DD6F82CE003F5827C1348B3
:10CAB40055F8042F130EC2F30F2230F913805F1CB4
:10CAC400C2F5803330F9177008FB03F302FB073318
:10CAD40053FB0EF321F8023B6145E9D12EE6029B9C
:10CAE40022460399F56A03F5827051F8043F35FB39
:10CAF40013F322F8023B8242F7D11FE630070020ED
:10CB04002DE9F047C1EBC16800262D4A0F464FEAD4
:10CB1400481305464FF44049DFF8A8A0B34201EB9F
:10CB24000304C3F100480360A8BF4FF4C042C0E946
:10CB3400426642601DE021462846FFF70DFA2A6846
:10CB4400A2FB0913002AA3F5C04300FA83F003DA19
:10CB54006B6803F540436B6006F00F03013600B2C7
:10CB6400A8EB07084433202E45F823002C603C44EE
:10CB740023D0002CDFDAE31B002B12DB3A46002320
:10CB84004FEA08304FEA185104F076FEB0F5805FA2
:10CB940033464FF0000214BF414251462846FFF786
:10CBA40097F921462846FFF7D7F92B68A3FB0923F9
:10CBB400A3F5C04300FA83F0CEE7BDE8F08700BFD9
:10CBC40000A0FFFF01F0FFFF00224FF4C041C0E9C5
:10CBD4004222C0E900217047F8B528291B4B4FF4C5
:10CBE4009B770D46164604464FF00101C0E90273D7
:10CBF4002CBF4FF0FF330123282A44F6206228BFBC
:10CC04004FF0FF3302610360284600F0BDFF304659
:10CC1400002100F0B9FF2846002100F079FF0C4BF9
:10CC24002A0103EB05159958EA68C4E90721320182
:10CC340003EB061698586FF07042064BF1681B68B8
:10CC440062606361C4E909102046F8BD50C4620102
:10CC5400D80A00204C78002001617047F0B472B605
:10CC6400856A3249D0E90736C6F888306B68426A6B
:10CC740023EA02036B606B68426A13436B602C4BBC
:10CC8400476AC5F888704C681A682A4BA3FB0232BD
:10CC9400920C02EB820252004B681B1B9A42FBD897
:10CCA4006B6823EA07036B60C369C6F8843062B615
:10CCB400D0E90954C168A3682B42836905D006E012
:10CCC40001338361A2682A4201D19942F8D899427A
:10CCD40023D372B6D0E90923046AC3F884205968BF
:10CCE4000A435A60416AC3F884105A6822EA01026E
:10CCF4005A60C369C4F8883062B6D0E90945C1688E
:10CD0400AB681C42836904D10BE08361AA682242A8
:10CD140007D0994203F10103F7D86FF00100F0BC8A
:10CD240070479942F9D90120F0BC7047001000E027
:10CD3400241C002083DE1B4370B500240D4684614F
:10CD4400002936D003680646A34239DB3046013455
:10CD5400FFF784FF0028E4B22DDBA542F6D11C497D
:10CD6400B36970680A688342D6E904548CBFA3EBA4
:10CD7400000CA0EB030C121BAA4215D907EE900A73
:10CD8400B8EE677A9FED106BB7EEC77A27EE067B95
:10CD9400BDEEC77B17EE102A624505D96FF07042CD
:10CDA4000968104672607161834207D20020736083
:10CDB40070BD084670BD6FF0010070BD181A70BDDB
:10CDC4004FF0FF3070BD00BF9A9999999999B93F76
:10CDD4004C7800204FF0E0234022C3F8082270472B
:10CDE400F8B5144B144D1C686E689CB1237A204628
:10CDF4006BB123686F681B6898476B68E188DB1B1D
:10CE0400C3F38F12B1EB931FA28038BFE280646931
:10CE1400002CEBD1084B094A5B6810889B1B084C1B
:10CE2400C3F38F11B0EB931F218038BF1180BFF380
:10CE34004F8FF8BD5C2A0020001000E0627B0020C8
:10CE4400607B002030B472B6244D254C2A8804F14E
:10CE5400700104EB82038B423CD204F16F01501C3D
:10CE6400C91A00EB910002E00132824232D09C46A2
:10CE740053F8041B0029F7D0B1FA81F04FF00043B6
:10CE8400C34021EA0301CCF8001001B90132154B6B
:10CE94002A801A88013291B2198062B6ACEB040C74
:10CEA40041F67C73C0EB00644FEAAC0CC0EB841019
:10CEB40001240CEB8C1C03EBCC1303EB80030A481A
:10CEC4000068C4541844094B1C88944230BC38BFD1
:10CED4001980704762B6002030BC7047647B002024
:10CEE400602A00205C7B0020582A00205E7B002002
:10CEF400428872B60378012B03D9013B037062B6F2
:10CF04007047D14353090B484FF0004201F01F0111
:10CF1400CA4050F823100A430749B1F800C040F84A
:10CF240023209C45054A88BF0B801388013B13804E
:10CF340062B67047602A0020647B00205C7B00207E
:10CF4400C36813B91DE0DB68E3B1187A9042FAD1E3
:10CF540010B4586893F809C0006950F82C4054B1D3
:10CF6400DB682BB1187A9042F3D0DB68002BF9D13F
:10CF74005DF8044B704740F82C10087801300870B5
:10CF8400EEE77047704700BF437A8B4206D90369C6
:10CF9400002253F8210043F82120704700207047F5
:10CFA40038B5437A8B421BD90369002253F82140D8
:10CFB40043F82120A4B12378012B01D8204638BDA1
:10CFC400FFF740FF054628B14FF48072211D04305D
:10CFD40000F09EFE2378013B23702C46204638BD8A
:10CFE4000024204638BD00BF00220449C0E90022C5
:10CFF400028102740A680860C2607047D02A002067
:10D00400037CFBB903680146FBB14368EBB1427A88
:10D014005B7A9A421CD230B472B62B4B1C68ECB1CA
:10D02400E368C3B1486801E0DB68A3B15A6882428F
:10D03400FAD193F809C04A7A9445F5D162B604202E
:10D0440030BC7047012062B67047032062B6704757
:10D05400022062B670476469002CE1D11B4C23683E
:10D0640043B1994202D10BE0994207D01A46DB68DA
:10D07400002BF9D1052062B630BC704702F10C04D4
:10D084000D68E868E8B1C3681BB908E0DA683AB12A
:10D09400134681421846F9D162B60620D0E703460A
:10D0A400D960CB68002023600123C860AA7A2B7260
:10D0B4001A44AA724A68947A13721C4494720B74C8
:10D0C400D9E7E960EDE700BF5C2A0020D02A002000
:10D0D40010B5047C9DF808E00CB1012010BD02726B
:10D0E40080F809E0C0E90013BDE81040FFF788BFED
:10D0F40038B5037C002B36D043680446427A5B7A09
:10D104009A4238D272B60168CB68002B2DD098426F
:10D1140033D01A46DB689C422AD0002BF9D16268CE
:10D12400607A136953F8200048B1FFF7E1FE72B644
:10D1340062680025607A1369216843F820508B7A6D
:10D14400013BDBB28B7203B90B72937A013BDBB206
:10D15400937203B913720A4B00201A6820741C607E
:10D16400E26062B638BD012038BD62B6032038BD26
:10D17400E368D360D3E7022038BDC368CB60CEE751
:10D18400D02A002010B50446FFF7B2FF094A1368FD
:10D1940043B19C4202D108E09C4205D01A46DB68A8
:10D1A400002BF9D1204610BD0C32E36820461360F1
:10D1B40010BD00BFD02A00200C4B1A789AB90C4A33
:10D1C4000C4910B4C2F858110B48D02401224FF076
:10D1D400E02180F8464040241046C1F808415DF83B
:10D1E400044B1A7070470020704700BF7A7B002000
:10D1F4000024002051B0000000E400E070B472B6D6
:10D2040021B9036813B102790F2A45D9294C218821
:10D21400002341FA03F212F0010208D00133102B6B
:10D22400F7D162B600220371026070BC70474FF000
:10D23400010C0CFA03FC41EA0C01218062B61E4D7C
:10D244005FFA83FC1D4940F2824680F804C0EC6F0B
:10D25400194483F0030344F0C0044901EC67A5F5C5
:10D264009F35174CA5F58075266084F81AC084F89C
:10D274001EC084F818C084F81FC00160C1E90022F0
:10D28400C1E90222C1E90422C1E906225A5D42F041
:10D29400C0025A5570BC7047064C218841FA02F509
:10D2A400ED07B5D5054D1544B3EB451FB0D162B6B6
:10D2B400BBE700BF6A7B002000C00F4080740002FF
:10D2C40000800E4003790F2B11D8094A937672B669
:10D2D4000849012290F804C00B8802FA0CF223EAF0
:10D2E40002030B8062B610220023027103607047B0
:10D2F40000800E406A7B0020704700BF704700BF6B
:10D30400704700BF704700BF70B51A4C1A4D2368B0
:10D31400AB4202D0194AD16829BBA369AB4202D0FF
:10D32400164AD169C9B9236BAB4202D0134AD16AF8
:10D3340069B9A36CAB4209D0104AD16B31B1012158
:10D344001B680F48D163BDE87040184770BD0121C8
:10D354001B680C48D1629847EBE701211B680A4817
:10D36400D1619847DFE701211B6804F10800D1600F
:10D374009847D2E7C0260020A009002000410840B9
:10D3840010270020F8260020E026002038B5064C9F
:10D39400A4F1600554F8083C2046183CDB68984723
:10D3A400AC42F7D138BD00BF1027002003682DE937
:10D3B400F041044688B01746002B4BD000229A60F7
:10D3C4000122DA60304D04A8DFF8E0801D4451F8F2
:10D3D400083B2D1102935B6805EB45069847F60060
:10D3E40006F1080058F806304044DB68019098477D
:10D3F400264A04A9DDE90103029248F806309B6835
:10D404009847029B04A8DB689847236803222048B6
:10D414001F609A601F4A23791F4C53551378517823
:10D42400C0F828428B4228BF0B469178D2788B42B1
:10D4340028BF0B46934228BF1346184C4FF0E022F6
:10D444004FF08061012084F87A30C2F80C1108B0E2
:10D45400BDE8F081124AD36E43F44053D3660122EF
:10D46400104B1A60104A1346026040329868002834
:10D47400A8D0103393422360F8D1002318462360C8
:10D4840008B0BDE8F08100BF00BFF7BFA0090020CD
:10D4940000240020581C002079B5000000E400E0BE
:10D4A40000C00F400040084000410840C026002052
:10D4B400F8B5036843B3154C0746154E1C442411B4
:10D4C40004EB4405ED00735905F10800DB683044B2
:10D4D4009847104B0021012273513B689960DA6030
:10D4E400FF230D4A1355137850789478834228BF4C
:10D4F4000346D078094AA34228BF2346834228BF63
:10D50400034682F87A303960F8BD00BF00BFF7BF28
:10D51400C0260020A0090020581C002000E400E0E0
:10D5240010B4064B0020064C064A1C609C611C6328
:10D534009C6405495DF8044B02F0CABCC026002077
:10D54400A0090020981C0020FDB50000084602F048
:10D554002BBB00BF012A70B508BF0A228AB091B361
:10D564004FF0210E01E05FFA86FE0EF1FF36B1FBAB
:10D57400F2F502FB15145FFA84FC092C0CF1370454
:10D584000CF1300C98BF5FFA8CF40EF1280C88BFB4
:10D59400E4B29142EC4429460CF8244CE3D24BB15A
:10D5A4000EF1FF3E2D225FFA8EFE0EF128036B442E
:10D5B40003F8242C036801A9CEF122025B687144AC
:10D5C40098470AB070BD30224FF0210E8DF8252007
:10D5D400E5E700BF002903DB00230A22FFF7BABFF7
:10D5E40049422D230A22FFF7B5BF00BF00B50368E7
:10D5F40083B040F60D2C022201A95B68ADF804C08B
:10D60400984703B05DF804FB00B9704714490A68F1
:10D61400EAB1D31730B4134C134D84FB024C134CB2
:10D624009444C3EB2C4304FB132244F2A71405FBDC
:10D6340003F304FB0233002B10DA6FF000421A44A8
:10D644000A60B2FBF0F330BC00FB13207047084AB9
:10D65400B2FBF0F30A6000FB132070471A46EFE7B1
:10D66400542A00205F0B4E83ECF4FFFF1DF30100EE
:10D6740042CE0C1F1C2849D8F8B5254F04463B78E8
:10D68400E3B9244B1B5DFF2B29D0234A02EB041280
:10D6940091680A6802F44050B0F5805F30D01C06EF
:10D6A4001FD41E4C2360236AD80704D402F010FB55
:10D6B400236AD907FAD5194B586AF8BD174D184E85
:10D6C40001E002F005FBAB6C1B06FAD4B36C13F05B
:10D6D4008003F6D13B700F4B1B5DFF2BD5D100208F
:10D6E400F8BD0F4C03F07F032360236ADA0704D4E8
:10D6F40002F0EEFA236ADB07FAD5094B586AF8BD43
:10D7040022F480521C060A60EBD4CAE7002070475A
:10D71400877B0020580E0020D80A002000400C40CF
:10D7240000800C40A249A34B88422DE9F047A24C4B
:10D734005E699A69D4F80C801BD9A04B984240F2D8
:10D744000281C31A9E491B0AA1FB031340F22761FD
:10D75400DB0903EB830303EB830303F2E2438B4212
:10D7640028BF0B46A3F54877964BA3FB0737FF0862
:10D7740004E0954FB8428CBF0E2706278D4908F068
:10D784001F09D1F88030B94543F0C003C1F8803097
:10D794000CD228F01F08A1F5F82148EA0708C1F8BF
:10D7A4000C800B68002BFCDA08F01F0916F00073DC
:10D7B40024D186490C698649A14300F0EA8082F4A9
:10D7C400805134464FF4805514F0605F04D026F045
:10D7D40060561E43774B5E6111F4405F07D022F41C
:10D7E400405274492A438A618B6C1A07FCD446F070
:10D7F4000076704A5661936C9B06FCD4754CA0422B
:10D8040000F2CE804FF0010C0146634603FB011287
:10D8140003F1010E0CF10105A24218D8BEF1080F64
:10D824004FF0010340F08D80BCF1040F00F29180B1
:10D834000A18A24200F2A48005FB00F1AC4603F1F1
:10D84400010E03FB01120CF10105A242E6D90CF111
:10D85400FF318C0286EA81215F4810445F4A90427E
:10D864007FD9DFF8A4A16C225D48584DB0FBFEF0CF
:10D87400D5F800E0B0FBFCF0DFF890C10EEA0C0C28
:10D88400D44509D042F400524FF4805CC5F800C07E
:10D894002A602A68002AFCDA464A156905F0070559
:10D8A4009D4203D01361936CDD03FCD411F4E05F5B
:10D8B40009D026F4E05604F4E0543E4A2643566167
:10D8C400936C9907FCD44749474A014491423CD898
:10D8D400464BC909A3FB0131090B4B1E1B0286EA07
:10D8E400030212F4407F06D026F4407603F440731A
:10D8F400304A334353612F4A536923F00073536111
:10D90400936C9B06FCD43A4B4F45A3FB00234FF08A
:10D91400FF324FEA9343B0FBF1F1B2FBF3F3354A24
:10D924001060354A1160354A136008D228F01F0888
:10D93400214A48EA0707D7601368002BFCDABDE8E0
:10D94400F087734662E7122718E74FF44073042107
:10D95400C5E70CF1FF31204807238C02104486EA06
:10D964008121274ADFF8A8A0A2FB0020020D254848
:10D97400362A38BF362202FB00F042EA0A0A74E76C
:10D984004FEA8C24002386EA8C214FF0010EAC462A
:10D9940062E71D4686F0C05411464FF0C05313E7AA
:10D9A40000244FF0010C024631462346E64653E775
:10D9B40000A4781F00C00F40000008400046C323A5
:10D9C40023B24C001F85EB5100366E0100800D40E0
:10D9D40040300080FFB19F26808D5B00FF7EF64DB6
:10D9E40000643F4D7FD1F0087F17B42C9F10E500F1
:10D9F40083DE1B43241C0020201C002040780020D0
:10DA0400819F5E16001BB7006C2000807F30018070
:10DA14000020008000B970472DE9F84F01218146AC
:10DA2400214C224D224E54E8003F2A68306844E8D5
:10DA34000013002BF7D11F494B684FF47A7BDFF8B2
:10DA440078A01B1A01270BFB02F8DAF80020A3FBCD
:10DA540002325A4594BF9044D84454E8003F2A689F
:10DA6400306844E80073002BF7D14B68DAF800C043
:10DA74001B1A0BFB02F2A3FB0C3CBCF57A7F94BF90
:10DA8400624402F57A72A2EB0802B2F57A7F06D3F9
:10DA9400B9F1010908F57A78DFD1BDE8F88F02F011
:10DAA40017F90449D9E700BF507800204C780020CA
:10DAB40048780020001000E04078002030B40F4B7C
:10DAC4004FF0010C0E4D0F4C53E8002F28682168CD
:10DAD40043E800C2002AF7D10B4B5B680B4A5B1A80
:10DAE4004FF47A71126801FB00F0A3FB023230BCE0
:10DAF4008A4294BF80184018704700BF50780020B5
:10DB04004C78002048780020001000E04078002085
:10DB1400272816D80201104B03EB00109B5810B4B1
:10DB2400C2685C68144205D061B95DF8044BC3F85F
:10DB340088207047836851B1084A5DF8044B1A6025
:10DB4400704770475DF8044BC3F884207047044A5B
:10DB54005DF8044B1A607047D80A002038F00100C1
:10DB64003830010027280BD8064B020103EB0010C4
:10DB74009A58C36892681A4214BF01200020704763
:10DB840000207047D80A0020272829D8164B020104
:10DB9400012903EB00109A5810B45368C4680ED0DE
:10DBA40004290CD023EA040353608368A9B1022931
:10DBB40017D003290CBF0D4A0D4A1A6007E023430E
:10DBC40001295360836808D040F638021A6043681C
:10DBD40015225DF8044B1A60704738221A60F6E784
:10DBE4007047044A1A60F2E7D80A0020383001006E
:10DBF4003800010038F00100704700BF272858D8CA
:10DC04000001F0B4344C354D2358AB4256D049D8BA
:10DC1400B3F1844F4BD0A5F58045AB4240D1304D94
:10DC24002044304E304CC4F8B462D0E901C4C0681A
:10DC34004FF0E0264FF00057042AC6F810712FD891
:10DC44005E6926EA00065E614FF00506CCF80060C6
:10DC5400266846F4803626605C6824EA00045C602A
:10DC6400224C54F8224090FAA0F2B2FA82F245F81B
:10DC740022106FEA00011DD0DD690F2A01EA0501B7
:10DC8400D9611DDC52000325D968944005FA02F2DB
:10DC940021EA02022243DA6098615A6902435A6116
:10DCA400F0BC7047124DAB42FAD1124DB8E7124D99
:10DCB400B6E77047DA690243DA61EDE70F4DAFE783
:10DCC400103A032519695200944005FA02F221EA38
:10DCD400020222431A61DFE7D80A002000800042D2
:10DCE40044210020210000000024002034090020E9
:10DCF40000C0004244220020C4200020C42100208F
:10DD040008B5F4F791FDF4F78FFF01F0E1FFFAE7AE
:10DD1400844641EA000313F003036DD1403A41D332
:10DD240051F8043B40F8043B51F8043B40F8043BF1
:10DD340051F8043B40F8043B51F8043B40F8043BE1
:10DD440051F8043B40F8043B51F8043B40F8043BD1
:10DD540051F8043B40F8043B51F8043B40F8043BC1
:10DD640051F8043B40F8043B51F8043B40F8043BB1
:10DD740051F8043B40F8043B51F8043B40F8043BA1
:10DD840051F8043B40F8043B51F8043B40F8043B91
:10DD940051F8043B40F8043B51F8043B40F8043B81
:10DDA400403ABDD2303211D351F8043B40F8043B21
:10DDB40051F8043B40F8043B51F8043B40F8043B61
:10DDC40051F8043B40F8043B103AEDD20C3205D331
:10DDD40051F8043B40F8043B043AF9D2043208D029
:10DDE400D2071CBF11F8013B00F8013B01D30B889B
:10DDF40003806046704700BF082A13D38B078DD079
:10DE040010F003038AD0C3F10403D21ADB071CBF4A
:10DE140011F8013B00F8013B80D331F8023B20F8B4
:10DE2400023B7BE7043AD9D3013A11F8013B00F8ED
:10DE3400013BF9D20B7803704B7843708B78837075
:10DE44006046704703F096BE01F1FF3C70B566462C
:10DE5400002400E00134B0FBF2F502FB1503092BAA
:10DE640003F1370E03F130035FFA8EFE98BF5FFAB9
:10DE740083FE9042284606F801EFEBD2631C002291
:10DE8400C818CA547CB162461CF8015F10F8016DD1
:10DE9400A1EB0C0302328CF80060013B521A0570AE
:10DEA40023449A42EFDB084670BD00BF4FF0010CDB
:10DEB4000CFA01FC01EB410100EB411170B5B1F822
:10DEC4000EE01FFA8CF5254C1FFA8EFE24782E01E5
:10DED4000EFB033306F0F006E340B0F888417345C7
:10DEE400A4B228BF73463443012AA0F888410DD058
:10DEF400022A28D0C2B10CF00F02B0F888C11FFA70
:10DF04008CFC4CEA020CA0F888C170BD9BB20CF0EA
:10DF14000F022D02CB82B0F8803105F470659BB2FC
:10DF24002B43A0F88031E8E7AEEB030E0CF00F02B0
:10DF34001FFA8EFEA1F80AE0B0F880319BB21343B9
:10DF4400A0F88031D9E79BB20CF00F02CB83B0F874
:10DF540080319BB21E43A0F88061CEE76C23002081
:10DF640027284BD8F8B52A4D044615F8202005EB90
:10DF74008005012A2DD0022A3FD16B78C3F301100A
:10DF840003283ED0234A02EB803203F0030C2248DC
:10DF940089B2634602EB4C1C0678BCF806E05801D3
:10DFA400BCF810301FFA8EFECEF1011E1EFA83F368
:10DFB40003F1FF3E0EFB01F1F1408E4523D95B1ABC
:10DFC400C3F101039BB289B20244ACF8063011825A
:10DFD4000DE06A78C2F30113032B10D00F4800EB55
:10DFE40083308BB202F00301AA78FFF75FFF0C4B7A
:10DFF400EA7803EB04135B681A60F8BD70470948BC
:10E00400EFE7094AC1E7991E4FF6FF73DBE700BF4C
:10E01400740E002000C01D406C23002000C03D4051
:10E02400D80A002000803E4000801E4000230F22BA
:10E0340048F2B82C194610B54FF470444FF4806E72
:10E04400A0F88C414FF46044A0F88E210A46A0F851
:10E054009031B0F888319BB243F0F003A0F88831D6
:10E0640001EB4103013100EB431304299C80A3F825
:10E0740006E05A841A865A805A81A3F80EC05A823E
:10E08400DA825A83DA83EBD1B0F888319BB243F059
:10E094000F03A0F88831B0F888319BB243F4706361
:10E0A400A0F8883110BD00BF374B384A996F384803
:10E0B40041F47F0170B5996741F20106D3F88010ED
:10E0C40045F6C05543F226040A43C3F88020FFF7FF
:10E0D400ADFF00F58040FFF7A9FF00F58040FFF792
:10E0E400A5FF00F58040FFF7A1FF0022A0F5031073
:10E0F4004FF00F0E114600EB42134FEA421C01325F
:10E104009981042A5981A3F80EE09E82DD8020F8CB
:10E114000C1019829C81EED100221E484FF00F0E84
:10E1240041F20106114645F6C05543F2260400EBC0
:10E1340042134FEA421C01329981042A5981A3F8FF
:10E144000EE09E82DD8020F80C1019829C81EED1B5
:10E15400002211480F2641F20105114645F6C0542C
:10E1640043F2260E00EB42134FEA421C013299811E
:10E17400042A5981DE819D82DC8020F80C101982EA
:10E18400A3F80CE0EED170BD00C00F40000003FC0A
:10E1940000C03D4000001E4000401E4010280346C1
:10E1A400044A28BF10231078012B38BF01231370B1
:10E1B400704700BF6C23002072B6EFF30583524C06
:10E1C400C4F884301EF0040F0CBFEFF30882EFF3A1
:10E1D40009824FF0E0234D4E4D4DD3F8280DD3F86E
:10E1E4002C1DC4E92201D3F8341DD3F8383DC4E909
:10E1F40024139369C4F89830D369C4F89C3000F0B0
:10E20400BFF884ED280A01F003FE0B214FF0FF3222
:10E21400C4F8A4000B46C4F880103E49301D5A408F
:10E22400202402F00103013C01FB03F383EA5202C0
:10E23400F7D1A84202D073680646EFE7324BC3F821
:10E24400A820BFF34F8F4FF0E0233049324AC3F880
:10E25400701FC3F8702FBFF34F8FBFF36F8F2F4A18
:10E2640002252F48D36E2F4943F44053D3660560EB
:10E27400D3692D4823F07F0343F04003D3610B6837
:10E2840083423DD8264D00214FF0E0234FF0FF326A
:10E2940029600126C5F808112449C5F80011C5F8FC
:10E2A4000861C3F88021C3F88421C3F88821C3F826
:10E2B4008C21C3F8902101E000F070F9D5F80C31FD
:10E2C400002BF9D00134C5F80C614F2CF4D9184B4C
:10E2D400022018494FF00042C1F840015A63D5F8B2
:10E2E4000C313BB9144815490D4A0163D2F80C317D
:10E2F400002BFAD04FF0E023114AC3F80C2DFEE7AF
:10E30400FFF710FABEE700BF00FF272080FF272099
:10E31400A8FF27202083B8EDA0FF272000C00F40CE
:10E3240000400840241C0020803DCD0B009F2400A9
:10E3340000900D4000002E4000800F40F100AD0B16
:10E344000400FA050A490A6838B108B513180948DF
:10E35400834204D810460B6008BD1046704703F092
:10E3640037FF0C234FF0FF320360104608BD00BF97
:10E37400941C00200000282030BFFDE7FFF71CBFDD
:10E38400124AD2F880305B07FBD5D2F880301048AF
:10E39400C3F30B230F4990ED007A07EE903A91ED09
:10E3A400006AB8EE477A0C4AF8EEE77A0B4BD2EDE6
:10E3B400006A77EEC77A93ED007AB8EE477A67EE93
:10E3C400867A87EEA60A37EE400A704700810D4030
:10E3D4002C78002034780020387800203078002011
:10E3E400836BF0B41BB1536843F40043536072B6BB
:10E3F400446B3CB31A4B2260D3F8B0410C421DD19C
:10E40400184E776804E07468E41BB4F5166F0BD2F9
:10E41400D3F8404144F48044C3F84041D3F8B851A0
:10E42400D3F840416404EED50D4007D10C4CC0E94B
:10E434000225D4F8B0310B43C4F8B031426362B65C
:10E44400F0BC7047064DC0E90224D5F8B0310B4347
:10E45400C5F8B0310263426362B6F0BC704700BFD6
:10E4640000002E40001000E070B5056B9DB106461B
:10E474002A46002403E012680134012A0CD05368B0
:10E4840013F08003F7D032632CB12846B36B2D68A8
:10E494009847013CF9D170BDC6E90C33F4E700BFDD
:10E4A40030B4D9B91F4C204B0021204A01254FF02C
:10E4B400011099601D60C4E9023180245C60C2F8D7
:10E4C400BC01D2F8B0311A482B43C2F8B031016014
:10E4D400D2F8B031002BFBD130BC70470904154B86
:10E4E400104C012541F080019860104A596000F5F4
:10E4F40080511D60D96000F50051A364196100F5D5
:10E50400405100F58040596100219861E164D2F8DE
:10E51400B03143F48033C2F8B031D2F8B031002BBB
:10E52400FBD1C0E7000000202027002000002E407F
:10E53400986100204027002010B472B60A4C0122D2
:10E544000A49237802FA00F018432070D1F84831C0
:10E554001A0605D480221343C1F84421C1F8483176
:10E5640062B65DF8044B7047A57B002000002E4086
:10E57400084901220B7802FA00F023EA000008702F
:10E5840030B9054AD2F8483123F08003C2F8483143
:10E59400704700BFA57B002000002E402DE9F04FFE
:10E5A4009C4C83B0D4F84461F107C4F844616AD543
:10E5B400D4F8AC31002B61D0DFF88482964DDFF8BB
:10E5C40078B208F5805ADFF87C92944FC4F8AC31E5
:10E5D400D5E90A20D4F8403143F40053C4F840315B
:10E5E400D4F840319B04F5D5D4F8403123F40053DA
:10E5F400C4F840314FF00113C4F8B431D4F8B43145
:10E6040013F00113FAD191B240F2816CCBF80030CF
:10E61400614500F2D980B1F5D06F80F06181B1F528
:10E62400817F00F08F8140F2AB8040F2023C614573
:10E6340000F0B281B1F5A06F40F0C1807849EB647D
:10E644008B600123A9640B6080234B604FF001139E
:10E65400C4F8BC31D4F8B03143F48033C4F8B031D9
:10E66400D4F8B031002BFBD1130C5B0643F080735C
:10E67400C4F85431D4F8AC31002BA7D1654AD2F890
:10E68400BC31002B4AD1720616D5624BD3F8AC21AB
:10E69400C3F8AC21D3F8BC21C3F8BC21D3F8B041F2
:10E6A400002CFBD14FF0FF32C3F8B421D3F88431EE
:10E6B40001F012F95B4B1C60F40103D55A4B1B6843
:10E6C40003B19847B00103D5584B1B6803B1984771
:10E6D400710708D54F4BD3F8843113F400731AD063
:10E6E400534B01221A704B4BD3F848311A060FD5FD
:10E6F40033060DD54F4A13782BB1013BDBB21370AF
:10E70400002B00F0428203B0BDE8F04F00F0AABC39
:10E7140003B0BDE8F08F464A1370E4E74649C2F8F7
:10E72400BC310868034240F061813E4A14681C40D1
:10E73400A9D05FEA144810D0374D4FF0010998FA78
:10E74400A8F7B7FA87F705EBC71009FA07F74030BF
:10E75400FFF78AFE38EA0708F1D1A4B2002C92D060
:10E764002D4D4FF0010894FAA4F7B7FA87F705EB9B
:10E77400C71008FA07F7FFF777FEBC43F3D182E727
:10E78400802900F0A780822919D183B210F0780083
:10E7940015D103F07F0257F82210284A108018067A
:10E7A40000F1C081CB0701D5012313700221234856
:10E7B400FFF776FE5EE7010C072900F045814FF074
:10E7C4000113C4F8C03155E742F2210C6145F2D07F
:10E7D4003AD942F22123994268D042F22133994234
:10E7E400EDD10F4B00229A60EA640122AB641A60F7
:10E7F40080225A604FF00113C4F8BC31D4F8B03110
:10E8040043F48033C4F8B031D4F8B031002BFBD1D9
:10E8140030E700BF00002E4000000020C0012E4061
:10E82400202700209C610020CC7A0020D07A002090
:10E83400B47B0020BA7B0020986100204077002040
:10E844009061002040270020B1F5086F3AD0B1F55F
:10E85400106FB4D1B548C2F307424FF0C81100930A
:10E864000270B34AC4F8C821C4F8CC11C4F8D0115A
:10E8740001F034F800F08CFBAE4A0121009BAA643D
:10E8840011608021936051604FF00112EB64C4F871
:10E89400BC21D4F8B02142F48032C4F8B021CBF8C2
:10E8A4000030D4F8B031002BFBD1E3E680B200286D
:10E8B40097D1A14BC2F307421968A04B1960A04B32
:10E8C4001A708EE7994B01219E481B780370FFF75D
:10E8D400E7FDCFE69B4802210380FFF7E1FDC9E68F
:10E8E400994B596800293FF46AAF4FEA124E82B23D
:10E8F40004E019690C3300293FF461AFB3F800C098
:10E90400F445F6D1B3F802C09445F2D14FEA1E2281
:10E91400032A00F0D8801A89000C824228BF0246DC
:10E92400BEF5007F40F0D480884B89491878894B24
:10E934000092002818BF19468748FFF7E9F9864B6B
:10E94400009ADAE010F0780F83B27FF438AF03F066
:10E954007F0213F0800F57F8223014BF23F4803362
:10E9640023F0010347F822300022724BEA649A60D4
:10E974000122AB641A6080225A604FF00113C4F87C
:10E98400BC31D4F8B03143F48033C4F8B031D4F896
:10E99400B031002BFBD16DE610F0780F83B27FF419
:10E9A4000EAF03F07F0213F0800F57F8223014BF2C
:10E9B40043F4803343F0010347F8223000225D4BD7
:10E9C400EA649A600122AB641A6080225A604FF0B4
:10E9D4000113C4F8BC31D4F8B03143F48033C4F823
:10E9E400B031D4F8B031002BFBD143E600200860ED
:10E9F4005A490C88486842F221018C427FF495AE52
:10EA040080B200287FF491AE5549564C03C9A180C9
:10EA140086284FEA11412060A1717FF486AE72B658
:10EA24005148017841F008010170D2F848110D06EF
:10EA340005D480200143C2F84401C2F8481162B6EB
:10EA44004A4A5021117070E6EB6001234349C9F82A
:10EA54000030474B0A60C9F80430464B4860C9F897
:10EA64001030C5F80890C9E9028AD4F8B02142F000
:10EA74000102C4F8B02103F5805203F50053C9F82C
:10EA84001420C9F81830D4F8B031002BFBD1294A2E
:10EA9400EB6493600123AA64136048F2800353601B
:10EAA4004FF00113C4F8BC31D4F8B03143F48033CF
:10EAB400C4F8B0314FF48033CBF80030D4F8B0311F
:10EAC400002BFBD1D6E5000C0A78824228BF02460F
:10EAD400BEF5E06F50D11D4B1D4893F800C01D4991
:10EAE4001D4BBCF1000F18BF014600921846FFF7FA
:10EAF4000FF9072103464170009A23F01F011344C4
:10EB0400BFF34F8F4FF0E020C0F8701F20318B42CD
:10EB1400FAD8BFF34F8FBFF36F8F0F481146FFF73B
:10EB2400BFFCA7E5C9033FF53FAE3FE6B37B00203A
:10EB34000200CC00202700204C78002054790020CB
:10EB4400B27B002040770020901A0020B47B002084
:10EB5400581C0060F01C0060008A2020202A00203D
:10EB6400906100204C790020A57B0020BA7B002016
:10EB74008000070090810020064B1846CDE9002351
:10EB8400FFF7C6F8DDE90023B7E70320FFF7F0FC41
:10EB940003F066FD008A20202DE9F0471F46831EFE
:10EBA400022B01D9BDE8F087DFF84C9015460C46DE
:10EBB4003C2209EBC01806464FEAC01A002108F1AE
:10EBC4000400240403F09AFAB5FA85F201235209E9
:10EBD40044EA427449F80A40C8F83870C8F8083062
:10EBE400002FDFD0034AB34011680B431360BDE824
:10EBF400F08700BF9C610020000000202DE9F04751
:10EC04000D46811E022901D9BDE8F087C701DFF84E
:10EC14004C909246044640373C2200211E4609EBA4
:10EC240007082D0408F1040003F068FABAFA8AF21E
:10EC3400520945EA427249F807200122C8F83860AF
:10EC4400C8F80820002EDFD0034B10341968A24006
:10EC54000A431A60BDE8F0879C6100200000002090
:10EC640012048160C36101F5405342F0800210B484
:10EC74000124426001F50052046001F5805401F55D
:10EC84008041C46081615DF8044BC0E9042370478E
:10EC9400831E0A46022B00D97047064B00F110016F
:10ECA4004FF0010C03EBC0100CFA01F14030FFF7F8
:10ECB40097BB00BF00000020831E0A46022B00D928
:10ECC40070470121024B814003EBC010FFF788BB62
:10ECD4000000002040687047124A134BD2F820020B
:10ECE40020F07F40984210B584B002D200EB80003F
:10ECF40040000E4C01A90A22FFF7A6F801A900233F
:10ED0400204611F8012B01333AB10A2B20F8022FC7
:10ED1400F7D11623237004B010BD5B00DBB223705F
:10ED240004B010BD00441F4080969800D4220020F7
:10ED340000F0F2BE00F0C2BE00F026BF00F0E0BE5C
:10ED440000F07CBF00F052BF0846114600F042BFFD
:10ED540038B50C4B04460C4D1B68298843B1B1F5FA
:10ED6400917F09D24B1C9BB2084A2B80545438BD66
:10ED7400B1F5917FF6D338BD0022044898470021AD
:10ED84000123F1E794790020787B0020A879002002
:10ED9400F8B5144C4FF0E025134E4FF4003204EB59
:10EDA4004024124F06EB40160346C5F88C21214639
:10EDB4003A883046FFF754FF3B882344BFF34F8F14
:10EDC400C5F85C4F2034A342FAD8BFF34F8FBFF38A
:10EDD4006F8F04203146FFF76FFF4FF40033C5F8FF
:10EDE4000C31F8BDA08A2020602700206C7B002015
:10EDF40042684FF6FC71114BC2F30E42C0691B8886
:10EE04009B1A0B4017D00E4930B40E4C0E4D22788D
:10EE140021F810300021013225F81010062A94BF81
:10EE2400D1B20A46217009490C6823440B60084B8F
:10EE3400985430BC7047FFF7ABBF00BF6C7B002019
:10EE4400E07700209F7B0020FC770020D87700200B
:10EE5400187800202DE9F04F0123DFF828A1DFF80E
:10EE640028B183B0414E9AF80020414D414F8BF8B0
:10EE7400003005EB42153388D7F80080CDE9000255
:10EE8400002B6DD13C4CDFF804912846FFF722FF9C
:10EE940010F080005DD03B68A3EB0803282B04D955
:10EEA4000123237003B0BDE8F08F2378002BF9D140
:10EEB40099F80030002BF5D000F00AFF3388002BBE
:10EEC400E3D02E4A9AF800101288D01A043B2C4C36
:10EED4009BB22044338000EB4120009E4902C0F8DD
:10EEE400006C93BB04F5406428460C442146FFF7AC
:10EEF400B7FEBFF34F8F04F1200204F50073934271
:10EF040034BF012310234FF0E02204EB4313C2F873
:10EF1400704F20349C42FAD1BFF34F8FBFF36F8FF1
:10EF240004202946FFF7B4FE019B02200133032B82
:10EF340094BFDBB200238AF80030FFF719FB0023EB
:10EF44008BF8003003B0BDE8F08F0220FFF7F4FA2D
:10EF5400F5E70A4B9AF800101A8820701346B5E7B3
:10EF6400064A01991288D01AB0E700BF707B0020CE
:10EF7400202900204C780020A77B0020747B0020EF
:10EF8400A08A2020AE7B0020B07B0020B37B002031
:10EF9400214B70B51B78002B3BD04FF400731E46F9
:10EFA4001E4980221E4D00240B8000211D482B8009
:10EFB40003F0A4F81C4A21461C4B1470C0221C48C0
:10EFC4001C8003F09BF81B4A31461B4B04209460C1
:10EFD4009C60C2E90044194AC3E900441470184B08
:10EFE400184A1C70184B14602246FFF7D5FD2346BF
:10EFF400224629880420FFF701FE20460134FFF74A
:10F00400C7FE062CF9D100231049114A0B70137066
:10F0140070BD40231E46C3E7B47B00206C7B0020F8
:10F02400747B002020290020AE7B0020707B002010
:10F0340060270020E0770020FC7700209F7B0020E1
:10F04400A17B0020D877002061D00000A77B00209E
:10F05400B07B0020024B1B780BB1FFF7FBBE70475F
:10F06400B37B00202DE9F843214B1D7815B9214EBF
:10F0740033880BB9BDE8F883DFF888801E4A98F816
:10F0840000701E4C02EB47191D4A04EB47241288FA
:10F0940048462146D21A2B46FFF7E2FDBFF34F8FB5
:10F0A40004F1200204F50073934234BF01231023BA
:10F0B4004FF0E02204EB4313C2F8704F20349C421B
:10F0C400FAD1BFF34F8FBFF36F8F01374946042046
:10F0D400FFF7DEFD032F4FF000034FF0020098BF4F
:10F0E400FDB2338088F80050BDE8F843FFF740BA1A
:10F0F400B07B0020707B002020290020A0962020D7
:10F10400747B0020AE7B0020F8B54FF400324FF042
:10F11400E023204CC3F88C211F4B227819788A42B3
:10F124002ED0D3B21D4A1E4F01331E491E4E072B4B
:10F1340028BF0023D05C37F8102001EB40218D5804
:10F144000432316892B2043927F81020316017492B
:10F1540031F81010914207D94FF0E0234FF40032F8
:10F164002846C3F80C21F8BDDBB22370FFF710FE6C
:10F174004FF0E0234FF400322846C3F80C21F8BDC9
:10F1840000254FF0E0234FF400322846C3F80C2149
:10F19400F8BD00BFA17B00209F7B002018780020D1
:10F1A400FC770020A08A2020D8770020E077002078
:10F1B400F8B50646FFF7A8FF90B1C0F3031300F0BB
:10F1C4000F059C4A0446070A1370A5F10803062B91
:10F1D40008D807F00F030133002E45D0B34243D0C3
:10F1E4000020F8BDAB1EF8B2012B19D9F72818BFBF
:10F1F400F02801D9052D13D0042D00F085816B1F53
:10F20400022B40F245810F2DEAD1F72808D8F028C7
:10F2140003D0894B1B88002BE2D0FFF799FDDFE771
:10F22400F1380E28DCD801A353F820F011D60000E1
:10F2340023D6000041D6000051D4000051D4000070
:10F244004FD6000051D400005DD6000051D4000018
:10F2540089D50000BFD50000A3D5000051D400001B
:10F26400DBD50000F7D50000082DC4F3033217D115
:10F27400082A15D171488021714A0768C4F30746EA
:10F28400DDB21170240E1FB1314628462246B8471C
:10F294006C4B01206C491D706C4B0E701C70F8BDDA
:10F2A400092D14D1092A12D1220E654900F0B48027
:10F2B4009020C4F30746DDB20870D4B264490F68E5
:10F2C400002FE5D0224631462846B847E0E70A2D0C
:10F2D40005D10A2A03D15F48A021594ACDE70B2D55
:10F2E40005D10B2A03D15C48B021554AC5E70C2D42
:10F2F40040F08A800C2A40F08780584AC020504948
:10F304001268C4F30746DDB20870240E002ABFD089
:10F31400314628469047BBE7514B1B68002B00F051
:10F324000A81C4F307469847454B240E00251F70F5
:10F33400AEE74C4B1B68002BF3D14B4B1B68002BE7
:10F3440000F0ED80FC20C4F307469847ECE7474BF8
:10F354001B68002BE5D1444B1B68002B00F0DF80B9
:10F36400FB20C4F307469847DEE7414B1B68002B9C
:10F37400D7D13D4B1B68002B00F0D180FE20C4F395
:10F3840007469847D0E73B4B1B68002BC9D1364B47
:10F39400C4F307461B68002BC6D0FF209847C3E779
:10F3A400354BC4F307461B68002BBDD03046984745
:10F3B400BAE7324B1A68002A00F0B180630CC4F338
:10F3C4000640260C03F47E53F6B218439047ABE78D
:10F3D4002B4BC4F307461B68002BE7D1A4E7294B4A
:10F3E400C4F307461B68002B9DD19DE7264B1B6881
:10F3F400002B96D11C4B1B68002B00F09080F8204A
:10F40400C4F3074698478FE70D2D62D10D2A60D1CA
:10F414001E4AD0200A4973E78020DDB2C4F30746B0
:10F42400087006490F68002F7CD0314628461446E0
:10F43400B8472DE7B57B0020787B00206C7900204D
:10F44400B97B0020B67B0020B77B0020B87B00206E
:10F4540070790020A4790020687900207879002050
:10F46400887900208C7900207C7900206479002040
:10F4740058790020987900209C7900208079002018
:10F4840084790020A0790020607900205C79002034
:10F49400FFF75EFC052D08D0C4F30740FFF758FCC6
:10F4A400072D02D1200EFFF753FC2B4B2B48198854
:10F4B4002B4A0170080A2B4C107000202A4A18802D
:10F4C400F023246813707CB301222848A04701204C
:10F4D400F8BD0E2D7FF484AE0E2A7FF481AE244A4B
:10F4E400E02021491268087072B3610CC4F306402D
:10F4F400DDB201F47E51260C240E01432846F6B2F7
:10F50400A1F500519047C3E6FFF722FCC4F307407E
:10F51400FFF71EFC200EFFF71BFC0020F8BDC4F310
:10F52400074601E73C46B3E6124B1B688BB10F4814
:10F5340098470120F8BD104B1B68002BEFD0FA2030
:10F54400C4F307469847EFE6C4F30746DDB2240E3A
:10F554009EE60120F8BD00BF787B0020B77B002029
:10F56400B87B002094790020B97B0020A879002082
:10F5740074790020907900207C790020F8B5144C2F
:10F584004FF0E025134E4FF4003204EB4024124FA9
:10F5940006EB40160346C5F88C2121463A883046CE
:10F5A400FFF75EFB3B882344BFF34F8FC5F85C4FE6
:10F5B4002034A342FAD8BFF34F8FBFF36F8F0320D9
:10F5C4003146FFF779FB4FF40033C5F80C31F8BD31
:10F5D400A09E2020202800206E7B0020244B2DE9B3
:10F5E400F0411C884368C569C3F30E43E41A002C38
:10F5F40024DD204920480A780078D3B21F4E824285
:10F604001F4807D010F8038036F81870C7F5007249
:10F61400944218D90133002226F81540082B194EBC
:10F6240088BF134626F8152098BFDAB2C554164B86
:10F634000A701A6814441C60BDE8F0812846BDE8CD
:10F64400F041FFF79BBF07EB4820104922462744AF
:10F65400084401EB4521FEF75BFB0B4A284626F8DC
:10F66400187013682344BDE8F0411360FFF786BFA8
:10F674006E7B0020A07B0020A27B0020EC77002082
:10F684002078002008780020DC770020A09E20202D
:10F694001D4B1A78002A36D102F0FF031B4A127858
:10F6A4008AB32DE9F0411A4D2A8852B3194EC2F596
:10F6B4000068194F3278194C07EB421704EBC22447
:10F6C400424638462146FFF7CBFA04EB0802BFF363
:10F6D4004F8F4FF0E023C3F8704F2034A242FAD882
:10F6E400BFF34F8FBFF36F8F03203946FFF7D0FA74
:10F6F40033780133DBB2032B88BF0023337000233C
:10F704002B80BDE8F0817047B17B0020B37B0020E3
:10F71400727B0020AF7B0020A0290020A0AE202017
:10F724002DE9F04F85B0CDE90110002900F0BF802C
:10F734000023604CDFF89881DFF898A15E4F0093B6
:10F7440001235E4A23705E4B1978B8F8003002EB4F
:10F754004119002B40F0A7801E461D469B46484693
:10F76400FFF7B8FA10F0800000F08C80BFF34F8FE1
:10F774009AF8003084F800B005B93E68002B7DD1BA
:10F784003B689B1B782B00F287804E4B1B78002B29
:10F7940074D000F09DFA0122B8F8003015462270AA
:10F7A400002BDCD0464AC3F5006011781A4600EB02
:10F7B400C120454DC9022844019D954217D20393A7
:10F7C400DDE901512A46FEF7A3FA039B4FF04042BC
:10F7D4005B1BA8F800303D4BC3F88420BFF34F8F68
:10F7E400009800232844237005B0BDE8F08F364B01
:10F7F400CD180299FEF78CFA00234FF400622946D3
:10F804004846FFF72DFABFF34F8F05F1200205F5A7
:10F814000063934234BF012340234FF0E02205EB01
:10F824004313C2F8705F2035AB42FAD1BFF34F8F58
:10F83400BFF36F8F03204946FFF72AFA204A137853
:10F844000133DBB2032B84BF00231D4A1370B8F8C5
:10F854000030019AD11A009A1A4401910092029A36
:10F864001A4400230292194AA8F80030C2F88430DE
:10F87400BFF34F8F237000297FF462AF009805B067
:10F88400BDE8F08F4FF400620D4B8AF80000197840
:10F894001346A8F800208AE7012300988AF800306C
:10F8A40005B0BDE8F08F1A46C3F500607FE7019804
:10F8B400E5E700BFB17B00204C780020A0290020A0
:10F8C400AF7B0020B37B0020A0AE202000002E40A0
:10F8D400727B0020A87B0020704700BF2D4B0021C5
:10F8E40080222D4870B51B7800242C4D8B422C4E61
:10F8F4000CBF40234FF400732B80338002F0FEFBD7
:10F90400284A2146284B14704FF4807227481C80E3
:10F9140002F0F4FB264A1021264B0220C2E90044DF
:10F92400C2E90244244AC3E900441470234AC3E9E7
:10F934000244234B1C70234614602246FFF75EF9F1
:10F944002246318803201F4BFFF726F92346012264
:10F9540029880320FFF752F920460134FFF70EFEF1
:10F96400082CF9D1184B00214A221848184C04607D
:10F97400C3F88410C3F88020D3F84821154942F015
:10F984008072C3F8482121B1134A137843F001036C
:10F99400137070BDB47B0020A0290020767B00206A
:10F9A4006E7B0020AF7B0020727B0020202800208B
:10F9B400EC77002008780020A07B0020DC77002072
:10F9C400A27B00204DD8000000002E40CC7A0020FD
:10F9D40001D9000000000000BB7B00202DE9F04F9E
:10F9E4004FF0E0234FF40032DFF8C8A083B0C3F82F
:10F9F4008C218B469AF8004000294FD08046E4B20F
:10FA04000027DFF8B490264BABEB070225491B789F
:10FA1400A34204F101043FD0092C234B404628BFE4
:10FA240000241E5D39F816C00CEB462319441F4B05
:10FA340033F81650A5EB0C05AA421CD20CEB462C4D
:10FA440018491B4C61440192FEF762F9216839F8A8
:10FA540016505846019AA1EB0B012A44394429F85F
:10FA6400162021604FF0E0234FF40032C3F80C213C
:10FA740003B0BDE8F08F2A462F44FEF749F90C493C
:10FA8400E3B230460A68A844521B0A608AF8003080
:10FA9400FFF774FDBB45B6D83846E3E70846E1E70F
:10FAA400A07B0020A09E202020780020EC7700205E
:10FAB400DC770020A27B0020087800200B4B0C4A46
:10FAC40012781978D3B28A420DD0013309480A4A10
:10FAD400092B0A4928BF0023C35C31F8131002EB39
:10FAE4004323585C70474FF0FF307047A07B0020E1
:10FAF400A27B002020780020A09E202008780020EF
:10FB0400044B10B51C680CB1204610BD00F0E0F8A1
:10FB1400204610BDDC7700202DE9F84F144E154D1A
:10FB240033782A78934221D0DCB2DFF85090DFF8A2
:10FB340050B0DFF85080104F0134082C5FFA84FA7B
:10FB440001D90024A24619F80400DBF8003038F883
:10FB5400102037F81010521A9B1ACBF80030FFF718
:10FB64000DFD86F800A02B78A342E5D1BDE8F88FFF
:10FB7400A27B0020A07B00200878002020780020B1
:10FB8400DC770020EC77002000B583B001210DF173
:10FB94000700FFF723FF20B19DF8070003B05DF8CD
:10FBA40004FB4FF0FF30F9E7094B00B583B01B7835
:10FBB4008DF807003BB101210DF10700FFF7B0FDFF
:10FBC40003B05DF804FB03F0FF0003B05DF804FB31
:10FBD400B37B0020044B1B7803F0FF020BB1FFF74B
:10FBE4009FBD1046704700BFB37B00202DE9F04154
:10FBF4000024DFF8448001230D4D27460D4E88F87C
:10FC04000030337828462035A34204F1010405D09E
:10FC1400FFF760F8030658BF07F50067042CF0D11E
:10FC2400BFF34F8F0023384688F80030BDE8F081D9
:10FC3400A0290020AF7B0020B17B00202DE9F843F0
:10FC44001D4B1B7813B11D4D2A880AB9BDE8F883F2
:10FC54001B4EC2F500691B4933784A461A4C01EB26
:10FC640043181A4F04EBC324012340463B7021463A
:10FC74000023FEF7F5FF04EB0902BFF34F8F4FF0AB
:10FC8400E023C3F8704F2034A242FAD8BFF34F8F59
:10FC9400BFF36F8F03204146FEF7FAFF3378013339
:10FCA400DBB2032B88BF0023337000232B80BFF308
:10FCB4004F8F3B70BDE8F883B37B0020727B00203C
:10FCC400AF7B0020A0290020A0AE2020B17B002023
:10FCD4002DE9F8432D4B1E7866B12D4F3B784BB977
:10FCE4000123F1073B7043D4B20726D400233B70B1
:10FCF400730701D4BDE8F883264B1A68002AF9D0AB
:10FD0400EFF30582002AF5D1EFF3108572B6186877
:10FD1400002834D0204C2178002930D101222270CF
:10FD240042691A60002A2ED0916105B962B6002595
:10FD34008368457798472570DCE7DFF8648098F896
:10FD44000030002BD2D00025DFF858902B4659F80C
:10FD540023400135236820461B69984710B1636925
:10FD64009B68984798F80020EBB29A42EFD8BDE719
:10FD7400FFF7C6FE0028B7D0AFF30080B4E7002D2C
:10FD8400B8D162B6B6E7054B1A60CEE7BB7B00205C
:10FD9400857B0020D42A00207B7B0020E02A0020E1
:10FDA4007D7B0020FC2A002070B5EFF3108272B630
:10FDB4000C4C206880B10C4E00254369236073B15C
:10FDC4009D6102B962B6836845779847EFF3108264
:10FDD40072B620680028F0D102B962B670BD3360F3
:10FDE400EFE700BFDC2A0020D82A0020FFF7DCBFA1
:10FDF4000449054A4968054B1960136801331360C7
:10FE0400704700BF001000E04C78002048780020C4
:10FE1400074A506A936A19468446506A936A99421B
:10FE2400F9D18445F7D1DB0B43EA4040704700BF6A
:10FE340000400D40B5EEC00AF1EE10FA2CD4DFED0F
:10FE4400207A20EE270AFDEEC07A32D4F8EEE77A63
:10FE5400DFED1C6A1C4AB7EE007A30EE670A20EE2A
:10FE6400260AFCEEC07A17EE903AC3F3080307EEB5
:10FE7400903A02EB8301F8EE677AD1ED006A70EEF6
:10FE8400677A91ED010A37EE677A67EE807A27EE9A
:10FE9400260A30EE270A7047DFED0C7AB4EEE70A43
:10FEA400F1EE10FA0BDADFED067A20EE270AFDEE0A
:10FEB400C07A17EE903A013B07EE903AC6E77047D6
:10FEC40083F9223E00000044200F0020CD024CB4F0
:10FED40003460846194602F063B900BF10EE103A13
:10FEE40040F22A41C3F30A528A42B7EEC03A32D8EA
:10FEF400B7EE000B2D4B93ED4A2B93ED481BB0EE60
:10FF0400417BA2EE037B17EE100A37EE417B00F033
:10FF14001F0203EBC20130B492EE037B93ED4C4B12
:10FF240053F832404D6893ED4E6B93ED505BA4EE65
:10FF3400076B27EE074B00210A1905EBC033A5EE2A
:10FF4400070B43EC172BA6EE040B30BC20EE070B7B
:10FF5400B7EEC00B704713F5000F20D0B2F5FF6F5A
:10FF64001AD2DFED137AB4EEE70AF1EE10FA10DCE0
:10FF7400DFED107AB4EEE70AF1EE10FA12D4DFEDF9
:10FF84000E7AB4EEE70AF1EE10FAB1D5002000F0D3
:10FF940033BB002000F036BB30EE000A70479FED03
:10FFA400070A7047002000F021BB00BFC0020020F8
:10FFB4001772B142B4F1CFC2CF8ECEC2000000009E
:10FFC40010EE103AB3F17E5F3ED0A3F50001B1F11B
:10FFD400FE4F10EE102A3AD2BFEE002B02F140433E
:10FFE400284903F54D03C3F3C34001EB001091ED21
:0CFFF400424B91ED447B91ED406B91ED90
:02000004600199
:10000000465BD90DC9052DED028B90ED021B90EDDD
:10001000008B521ADB1500EE103A03EE902AB8EE70
:10002000C00BB7EEE33A30EE010BA8EE032BBDECAC
:10003000028B22EE023BA4EE027BA5EE020BA6EEA3
:10004000037BA3EE070BB7EEC00B70479FED0F0AC3
:100050007047590014D0B3F1FF4F14D0002B0BDBC5
:10006000B1F17F4F08D2DFED0A7A60EE277A17EE02
:10007000903AA3F13862B1E700EE103A00F0DCBA32
:10008000012000F0C7BA70470804002000000000FB
:100090000000004B30B410EE103A2DED028BA3F5AA
:1000A000000110EE902AB1F1FE4F10EE104A82B01E
:1000B0004FEA42017CD201F1FF3C6FF08070844531
:1000C00080F0F780002004F1404303F54D03C3F3B3
:1000D000C342DB0DDB05E11ADB1507EE903AB14BAD
:1000E00003EB021292ED003B04EE101AB7EEE06A49
:1000F000B7EEC44ABFEE000BA3EE040B93ED443BF6
:1001000020EE001B93ED464B93ED402BA0EE034BEE
:1001100093ED425B93ED483BA0EE025B21EE012B99
:1001200092ED028BB8EEE77B37EE087BA0EE037B07
:10013000A1EE047BA5EE027B26EE077B17EE903A3C
:1001400048F2BF01C3F3CF338B4250D2B7EE000B5E
:10015000954B93ED402B37EE023B13EE102A33EE16
:10016000423B02F01F01821803EBC10093ED424BAA
:1001700037EE437B53F83140456893ED446B93ED84
:10018000465BA7EE046B27EE074B0023181905EB1F
:10019000C231A7EE050B41EC170BA6EE040B20EEC7
:1001A000070BB7EEC00B02B0BDEC028B30BC704742
:1001B0004D1E6FF08070854280F0CE8059004D1E3C
:1001C000854280F09280002B55DB0020B4F5000FB3
:1001D000BFF479AFDFED757A07EE103A67EE277A54
:1001E00017EE904A24F00044A4F138646BE79FEDC9
:1001F000656BB4EEC67BF1EE10FA15DC9FED636B18
:10020000B4EEC67BF1EE10FA20DD4FF04C5388B10E
:100210000193DDED016ABFEE006A76EE666AF4EEE8
:10022000466AF1EE10FA11D002B0BDEC028B30BC80
:1002300000F0EAB90093DDED006AB7EE006A76EEF1
:10024000866AF4EE466AF1EE10FAEDD19FED516B3D
:10025000B4EEC67BF1EE10FA57D99FED506BB4EEB9
:10026000C67BF1EE10FA7FF571AF02B0BDEC028BE8
:1002700030BC00F0C3B9C2F3C7517E2911DD962905
:1002800054DC0120C1F1960100FA01F1481E104230
:1002900007D1114214BF01200020000424F00044C3
:1002A00094E700EE103A02B0BDEC028B30BC00F0D7
:1002B000C3B9002952D0B3F17E5F2CD06400B4F1F1
:1002C0007F4F2ED8B1F17F4F2BD1B4F1FE4F4BD0E1
:1002D000B4F1FE4F6FEA020234BF00240124D20FB2
:1002E00094424CD09FED320A5DE7002B20EE000ACD
:1002F0001EDB002000293AD1002ABFF654AF02B01D
:10030000BDEC028B30BC00F085B902B0BDEC028BB5
:1003100030BC00F06DB982F48002520012F5000F7B
:1003200022D907EE903A37EEA00A3CE70020B5E765
:10033000C2F3C753A3F17F001728DAD8C3F19600A0
:10034000012303FA00F0441E1442D2D11040D1D050
:10035000B1EE400A1846CDE70029AFD184F48002FF
:10036000520012F5000FDCD8B7EE000A1BE7002A96
:10037000BFF619AFF7EE007A87EE800A13E720EE9A
:10038000A00A10E771D5D1FFFFFF5F40E2AAA3FFEB
:10039000FFFF5F400000000000C062C000000000DE
:1003A00000A062C028050020C00200200000004B11
:1003B0000000000030B510EE104AC4F30A53B3F544
:1003C0007D7FB7EEC06A83B01BD226EE065BB3F525
:1003D000667F6ED326EE052B25EE021B734B93ED45
:1003E0001A3B93ED187B93ED164BA5EE037BA2EE23
:1003F000046BB0EE460BA7EE010BB7EEC00B03B0DB
:1004000030BD40F22E4293425ED8684991ED087BA0
:1004100026EE077BFDEEC77B91ED0A5B17EE903A67
:1004200003F500031B1613F0020F07EE903A01F1DB
:10043000700208BF0A46D807B8EEE77BA7EE456B07
:1004400026EE067B1BD403F0030301EBC30192ED00
:100450001A4B91ED002B92ED185B26EE026B92ED9C
:10046000163BA7EE045B26EE074B27EE047BA4EEBB
:10047000036BA5EE076BB7EEC60B03B030BD92ED74
:10048000142B27EE075B92ED126B92ED0E3BA7EE5D
:10049000026B92ED0C0B92ED104BA7EE030B27EEC7
:1004A000057BA5EE040BA6EE070BB7EEC00B03B061
:1004B00030BD220D12F4FF6FDFD1B7EEC55B00EE49
:1004C000104A8DED015AD8E7B3F5FF6F4BD2384B88
:1004D000C4F3836203EB820053F822200569C4F35E
:1004E0001603C4F3C25143F400038B40016A03FBBB
:1004F00002F2A3FB0110E3FB050202F100518D0F94
:1005000001F04041511A01F08BF92A4B9FED257BF8
:1005100005EBD47441EC160B14F0020FA3F170023A
:1005200008BF1346E90726EE077B27EE076B1FD4AB
:1005300004F0030402EBC40293ED1A4B92ED002B7E
:1005400093ED185B27EE027B93ED163BA6EE045B62
:1005500027EE064B26EE046BA4EE037BA5EE067B8E
:10056000B7EEC70B89E703B0BDE8304000F064B8D0
:1005700093ED142B26EE065B93ED127B93ED0E3B71
:10058000A6EE027B93ED0C0B93ED104BA6EE030B46
:1005900026EE056BA5EE040BA7EE060BB7EEC00B1F
:1005A0006BE700BF182D4454FB21193C5006002076
:1005B000780A0020C006002010B582B08DED010A37
:1005C000044601F007FE9DED010A046002B010BD73
:1005D00030B1F1EE407A27EE800A2220FFF7ECBF1F
:1005E000F0EE407A27EE800A2220FFF7E5BF00BF39
:1005F0009FED010AFFF7ECBF000000109FED010A1C
:10060000FFF7E6BF0000201A9FED010AFFF7E0BFE9
:10061000000000709FED070AFFEE007AB7EE007A47
:1006200000284FF0220047FE277A87EE800AFFF766
:10063000C3BF00BF0000000070EE407AB4EE400A75
:1006400087EEA77AF1EE10FAB0EE470A02D6212023
:10065000FFF7B2BF704700BF00000000B0EE407B64
:1006600017EE903A1B4A23F0004393421BDD1A4ACF
:10067000934202DD30EE400B704700B585B068460E
:1006800000F0A0F800F0030001289DED021B9DED95
:10069000000B0CD0022812D070B1012000F0BEFD7A
:1006A00005B05DF804FB9FED091B00F01FBD00F0D5
:1006B000B5FDB1EE400BF3E700F018FDF0E700F0F8
:1006C00015FDB1EE400BEBE7AFF30080000000003A
:1006D00000000000FB21E93FFFFFEF7FB0EE407B11
:1006E00017EE903A1B4A23F0004393421CDD1A4A4E
:1006F000934202DD30EE400B704700B585B068468E
:1007000000F060F800F0030001289DED021B9DED54
:10071000000B0ED0022813D070B100F0E7FCB1EE50
:10072000400B05B05DF804FB9FED081B002000F0B6
:1007300075BD00F0DBFCF4E7012000F06FFDF0E791
:10074000012000F06BFDB1EE400BEAE70000000075
:1007500000000000FB21E93FFFFFEF7F10EE101AC1
:10076000C1F3C7520029A2F17F0CB4BF4FF0FF3094
:100770000120BCF11E0F0FDCBCF1000F1DDBC1F32B
:100780001603BCF1160F43F400030ADD963A03FA90
:1007900002F202FB00F07047FDEEC07A17EE900AFD
:1007A00070474FF4800242FA0CF21A44CCF1170C55
:1007B00022FA0CF202FB00F07047BCF1FF3F18BFB9
:1007C0000020704770B553EC102B9C4923F0004576
:1007D0008D4288B004466ADD99498D421E461BDC75
:1007E000002B9FED867B40F3EB8030EE477BA1F53D
:1007F0001B21A1F5F0618D426AD09FED826B012033
:1008000037EE465B37EE457B84ED005B37EE467B8B
:1008100084ED027B08B070BD8A498D4260DD8A4953
:100820008D424DDC2A1510EE100AA2F21642A5EBFD
:10083000025141EC170B9FED755BBDEEC76BB8EE37
:10084000C66B37EE467B27EE057BFDEEC74B8DED85
:10085000026BB8EEE46B37EE467B27EE057BB5EE18
:10086000407BF1EE10FA8DED046B8DED067B40F0D0
:10087000968014EE903A002B0CBF0123022373499B
:1008800001910221009102A8214600F0E7F8002E14
:10089000C0DA94ED006B94ED027BB1EE466BB1EEE5
:1008A000477B84ED006B84ED027B4042B2E7002081
:1008B0000021C4E90201002084ED000B08B070BDE6
:1008C00030EE407B002084ED027B84ED007BA1E7CD
:1008D0009FED505B9FED516B37EE457B01208FE71D
:1008E00000F0F4FCB6EE007B9FED4E5BA0EE057BC6
:1008F000FDEEC77B9FED413B17EE900A9FED416BEC
:100900001F28B8EEE75BB1EE454BA5EE430B25EE95
:10091000067B1CDC4E4B421E53F82230AB4216D0F5
:1009200030EE476B84ED006B30EE460B30EE470B3C
:10093000002E84ED020BBFF66DAFB1EE466BB1EE4B
:10094000400B84ED006B84ED020B404262E730EE19
:10095000476B16EE903AC3F30A53C3EB1553102BB3
:100960004FEA2552DEDDB0EE403B9FED2A6B9FED56
:100970002B2BA4EE063B30EE437BA4EE067B95EEDC
:10098000027B33EE476B16EE903AC3F30A53D21A4A
:10099000312A06DCB0EE430B84ED006BC4E7032381
:1009A0006DE79FED226BB0EE430B9FED222BA4EE83
:1009B000060B33EE407BA4EE067B95EE027BAFE7A1
:1009C000244930EE077B8D420ED09FED0E6B4FF029
:1009D000FF3037EE065B37EE457B84ED005B37EE8C
:1009E000067B84ED027B15E79FED0A5B9FED0B6BA9
:1009F00037EE057B4FF0FF30EBE700BF00004054BF
:100A0000FB21F93F3163621A61B4D03D0000000060
:100A1000000070410000601A61B4D03D7370032E75
:100A20008A19A33B83C8C96D305FE43F0000002EE4
:100A30008A19A33BC14920259A837B39FB21E93FD1
:100A40007BD90240FB213941FFFFEF7F881900204D
:100A5000D80D0020FB21F93F000000002DE9F04FE8
:100A60002DED088BADF5157D1C4604930791AB4B1E
:100A7000A69912F1140F53F82150824604F1FF3861
:100A8000C0F29982A649D31E81FB0301DB17C3EB99
:100A9000A10303930133A3EB8303DB00D318069375
:100AA000039B15EB0801A3EB08031AD401319FED5A
:100AB000956BA79819441CAA0AE050F8234007EE4A
:100AC000904A0133B8EEE77B8B42A2EC027B08D060
:100AD000002BF2DAB0EE467B01338B42A2EC027BB4
:100AE000F6D1002DC0F2C982049B1CAA02EBC304FC
:100AF0006CAE4FEAC30C4046EF180AEBC301B8F1E5
:100B0000000F9FED807B09DB22465346B3EC025B6E
:100B100032ED026B8B42A5EE067BF7D10130B84275
:100B2000A6EC027B04F10804E9D108AF07EB8503CA
:100B30009FED769B9FED778B043BDDF818B0059316
:100B40000AEB0C0407EB85096CAE2946019594ABC2
:100B500003EBC103002913ED280B16DD06EBC103DF
:100B60003A4620EE097B33ED025BB0EE406BBDEE02
:100B7000C77BB342B8EEC77BA7EE486BBDEEC66B32
:100B800037EE050BA2EC016AEBD15846029100F05A
:100B9000A9FBB0EE40ABB4EE000B2AEE000B00F068
:100BA00029FCB2EE007BA0EE47ABBDEECABBBBF1A9
:100BB000000FB8EECB7B02993AEE47AB74DD01F142
:100BC000FF3ECBF1180357F82E2042FA03FC0CFA33
:100BD00003F3D21ACBF117001BEE103A42FA00F5DC
:100BE0006344002D47F82E200BEE103A64DCB5EE7E
:100BF00040ABF1EE10FA40F0C480019B01F1FF3EE2
:100C000073450DDC4FEA810C07EB8103002053F89C
:100C1000042D4B4540EA0200F9D1002840F0F28053
:100C2000019B013B57F82330002B40F0E680059BE9
:100C3000012553F8042D0135002AFAD001F1010EE7
:100C40000D447046049B1944039B03EB0E0C0CF1FE
:100C5000804CA79B0CF1FF3C03EB8C0C1CAB06EB10
:100C6000CE0E03EBC1019CED017AB8EEC77BB8F163
:100C7000000F81ED007B0CF1040C0A469FED216B07
:100C800001F1080109DB534601E032ED027BB3ECD0
:100C9000025BA342A5EE076BF7D10130A842AEEC90
:100CA000026BE0DD294652E740F09D804B1E57F86D
:100CB0002350ED15002D9ADD1BEE103A002903F1AB
:100CC00001030BEE103A40F38C813A68002A40F0A1
:100CD000828001292DD03B46012053F8042F002AA1
:100CE0007CD0431CC2F18072994247F820201FDD5E
:100CF00057F8232007EB810C07EB83036FF07F404D
:100D000011E000BF00000000000000000000000033
:100D10000000703E0000000000007041580D0020EF
:100D2000ABAAAA2A1A68821A43F8042B6345F9D1A0
:100D30000122BBF1000F0DDDBBF1010F00F033818B
:100D4000BBF1020F06D1481E57F82030C3F315033C
:100D500047F82030022D7FF44AAFB7EE000B30EE9B
:100D60004AAB002A3FF443AF5846029100F0BAFA6A
:100D70003AEE40ABB5EE40ABF1EE10FA02993FF41B
:100D80003CAF069CB0EE4A0B6042A8468B46019DE4
:100D900000F0A8FA9FEDC16BB4EEC60BF1EE10FAAD
:100DA000C0F247819FEDBF7B20EE077BBDEEC77B86
:100DB0000BF10102B8EEC75BA5EE460BBDEEC00B12
:100DC000183410EE103A47F82B3017EE103A06940C
:100DD00047F822302AE00123002083E701308842CF
:100DE0007FF47BAFA5E7B6EE007BB4EEC7ABF1EEC8
:100DF00010FA80F2E5800025F9E601F1010E704657
:100E000075461FE7069BA3F1180157F82E3006918F
:100E1000A8467246019D4BB9ACF104033B4453F81C
:100E2000040D013A18390028F9D006910698B7EE5A
:100E3000000B019200F056FA019A002AC0F22181BB
:100E40009FED986B02F1010C6CA907EB8C034FEA44
:100E5000CC0E01EBCC0133ED017ABB42B8EEC77B7F
:100E600027EE007B20EE060B21ED027BF3D19FEDF8
:100E70008F4BAEF108036CA9CE18002444AF002DAF
:100E80009FED8C7B10DBB0EE446B8C483146002329
:100E900003E09C4208DBB0EC026BB1EC025B013377
:100EA0009D42A5EE067BF4DA07EBC403944283ED82
:100EB000007B4FEAC40104F10103A6F1080601D04A
:100EC0001C46DCE7A69B022B1DDC002B00F38B806D
:100ED0000FD19FED787BBE443EED026B774537EE38
:100EE000067BF9D143460BB1B1EE477B079B83EDFF
:100EF000007B1BEE103A03F007000DF5157DBDECED
:100F0000088BBDE8F08FA69B032BF2D1002A00F0DE
:100F1000E38002F1005307EBC20030ED026BB0EE4C
:100F2000475B874237EE067B36EE476B80ED007BF2
:100F300036EE056B80ED026BEFD1012A40F3CC80D9
:100F4000394491ED006BDA0046A907EBC30333ED9A
:100F5000027BB0EE465B994236EE076B37EE467B7E
:100F600083ED006B37EE057B83ED027BEFD19FEDC8
:100F7000517B02F108033B4407F1100233ED026B91
:100F80009A4237EE067BF9D14346002B59D1D7E977
:100F90000001D7E90223079C84ED047BC4E900012A
:100FA000C4E90223A5E7481E57F82030C3F316030F
:100FB00047F82030CEE600216FF0170303916DE56E
:100FC0001BEE103A002903F101030BEE103AC8BFE3
:100FD00002253FF77AAEB7EE007B37EE4AAB02252B
:100FE00005E60022A5E69FED337B07EBCC0C3CED3C
:100FF000026B674537EE067BF9D1434697ED006BF0
:101000008BBB079B002A83ED007B36EE477B0CDD14
:1010100046A90123B1EC026B01339A4237EE067BFD
:10102000F8DA43460BB1B1EE477B079B83ED027BB9
:101030005FE7BDEEC00B5A4610EE103A47F82B3072
:10104000F4E697ED005BB1EE477B97ED026BB1EEF6
:10105000455B079BB1EE466B83ED005B83ED026B56
:1010600083ED047B45E7079BB1EE475B002A83EDE8
:10107000005B36EE477BCBDCD5E7049B4FEAC30C25
:1010800053E5A69B022B1BDC002B21DC7FF431AF48
:101090009FED087B26E700BFAFF300800000000053
:1010A00000007041000000000000703E00000040A1
:1010B000FB21F93F00000000000000008802002032
:1010C000A69B032B7FF415AF9FED067B44AF5BE738
:1010D0009FED047B44AF90E79FED027B54E700BF98
:1010E000AFF30080000000000000000010EE903A16
:1010F00023F00043B3F1795F2DED028B2EDAFDEE84
:10110000C07B17EE903A002B65D020EE004B9FED90
:10111000358B9FED362B9FED373BA4EE082B9FEDD3
:10112000375BA4EE023B9FED376BA4EE035B9FEDB4
:10113000377BA4EE056BA4EE067B24EE077B21EE45
:10114000401BB6EE006BA4EE071BB7EE000B94EE4F
:10115000061BBDEC028B30EE410B70479FED218BDF
:1011600020EE004B9FED212B9FED223BA4EE082BA0
:101170009FED225BA2EE043B9FED226BA3EE045B8E
:101180009FED227BA5EE046B224AA6EE047B9342E0
:1011900027EE047BD3DD204A934217DCB7EE006BC9
:1011A0000020A3F5001141EC150B36EE456B21EE46
:1011B000401BB6EE003BA4EE071B94EE035BBDECB8
:1011C000028B35EE410B36EE400B7047B6EE076BE7
:1011D000B5EE025BEBE7B7EE000BBDEC028B7047A0
:1011E000AFF30080D43888BEE9FAA8BDC4B1B4BD5D
:1011F0009EEE213EAD529C804F7E92BE9015CB1943
:10120000A001FA3E7751C1166CC156BF4C555555D9
:101210005555A53F3233D33F0000E93F10EE903AD9
:1012200023F00043B3F1795F04DAFDEEC07B17EEE3
:10123000903A5BB320EE007B9FED162B9FED173BA2
:101240009FED184BA7EE023B9FED185BA3EE074BFB
:101250009FED186BA4EE075BA5EE076B20EE075B16
:1012600030B99FED164BA7EE064BA4EE050B704769
:101270009FED144B26EE456BB6EE003BA1EE036BE3
:1012800096EE071BA5EE041B30EE410B704700BF26
:10129000AFF300807CD5CF5A3AD9E53DEB9C2B8A41
:1012A000E6E55ABE7DFEB157E31DC73ED561C119C3
:1012B000A0012ABFA6F810111111813F49555555BB
:1012C0005555C5BF495555555555C53F51EC100BA2
:1012D00010EE102A21F0004343EC102B704700BFA2
:1012E0000000000053EC102B10B4C3F30A5419464D
:1012F00074BB23F00041114327D09FED307B3B4965
:1013000020EE077B884253EC172B43DBC3F30A54D0
:101310001946363C4CF2503C604522DC204440F2F9
:10132000FE74A0421DDC002829DC10F1350F38DBEB
:1013300021F0FF41363021F4E0019FED227B41EAAC
:10134000005343EC102B20EE070B5DF8044B704765
:1013500040F2FF7C6445DDD130EE000B5DF8044BBC
:1013600070479FED1A7B9FED1B5BB0EE470B002B88
:101370005DF8044B27FE057B27EE000B704721F03C
:10138000FF4121F4E00141EA005343EC102B5DF8EA
:10139000044B70479FED110B5DF8044B27EE000BDB
:1013A00070479FED0E7B9FED0F5BB0EE470B002B60
:1013B00027FE057B27EE000BC7E700BF00000000FB
:1013C00000005043000000000000903C9C75008825
:1013D0003CE4377E9C7500883CE437FE59F3F8C244
:1013E0001F6EA50159F3F8C21F6EA581B03CFFFF27
:1013F0000000000010B582B08DED000B019900983F
:10140000C1F30A52A2F2FF33132B844631DC002BC6
:1014100021DB3A4A1A4101EA020404438E462DD0E8
:101420009FED347B9DED006B36EE077BB5EEC07B08
:10143000F1EE10FA09DD002904DA4FF4801141FAC7
:1014400003F39E442EEA020100200B46024643ECC1
:10145000102B02B010BD9FED277B30EE077BB5EE61
:10146000C07BF1EE10FAF0DD002928DB00200146F8
:10147000EBE7332B06DDB3F5806F1BD09DED000B42
:1014800002B010BDA2F213424FF0FF3E2EFA02F25C
:101490001042F3D09FED177B9DED006B36EE077B7E
:1014A000B5EEC07BF1EE10FACFDD002913DB2CEA9C
:1014B0000200CAE79DED007B37EE070BE0E721F065
:1014C000004101430E4B00294FF000000CBF4FF0CC
:1014D00000411946B9E7142B09D00124C3F13403A4
:1014E00004FA03F39C44604588BF0919DFE7013122
:1014F000DDE700BF9C7500883CE4377EFFFF0F00EE
:101500000000F0BF81F0004102E000BF83F0004323
:1015100030B54FEA41044FEA430594EA050F08BF8E
:1015200090EA020F1FBF54EA000C55EA020C7FEA52
:10153000645C7FEA655C00F0E2804FEA5454D4EBCF
:101540005555B8BF6D420CDD2C4480EA020281EA99
:10155000030382EA000083EA010180EA020281EAD1
:101560000303362D88BF30BD11F0004F4FEA013123
:101570004FF4801C4CEA113102D0404261EB410132
:1015800013F0004F4FEA03334CEA133302D05242B8
:1015900063EB430394EA050F00F0A780A4F1010474
:1015A000D5F1200E0DDB02FA0EFC22FA05F28018AE
:1015B00041F1000103FA0EF2801843FA05F3594194
:1015C0000EE0A5F120050EF1200E012A03FA0EFC13
:1015D00028BF4CF0020C43FA05F3C01851EBE3713D
:1015E00001F0004507D54FF0000EDCF1000C7EEB5A
:1015F00000006EEB0101B1F5801F1BD3B1F5001F98
:101600000CD349085FEA30004FEA3C0C04F10104B6
:101610004FEA445212F5800F80F09A80BCF1004FDF
:1016200008BF5FEA500C50F1000041EB045141EA61
:10163000050130BD5FEA4C0C404141EB0101013C2A
:1016400028BFB1F5801FE9D291F0000F04BF014619
:101650000020B1FA81F308BF2033A3F10B03B3F1EB
:1016600020020CDA0C3208DD02F1140CC2F10C027B
:1016700001FA0CF021FA02F10CE002F11402D8BFD9
:10168000C2F1200C01FA02F120FA0CFCDCBF41EAA5
:101690000C019040E41AA2BF01EB0451294330BD74
:1016A0006FEA04041F3C1CDA0C340EDC04F1140451
:1016B000C4F1200220FA04F001FA02F340EA030028
:1016C00021FA04F345EA030130BDC4F10C04C4F16E
:1016D000200220FA02F001FA04F340EA030029464E
:1016E00030BD21FA04F0294630BD94F0000F83F498
:1016F000801306BF81F480110134013D4EE77FEA7B
:10170000645C18BF7FEA655C29D094EA050F08BFC6
:1017100090EA020F05D054EA000C04BF19461046A7
:1017200030BD91EA030F1EBF0021002030BD5FEAEB
:10173000545C05D14000494128BF41F0004130BD13
:1017400014F580043CBF01F5801130BD01F0004567
:1017500045F0FE4141F470014FF0000030BD7FEADA
:10176000645C1ABF194610467FEA655C1CBF0B46D5
:10177000024650EA013406BF52EA033591EA030FEC
:1017800041F4002130BD00BF90F0000F04BF0021E4
:10179000704730B54FF4806404F132044FF0000517
:1017A0004FF0000150E700BF90F0000F04BF002190
:1017B000704730B54FF4806404F1320410F00045F6
:1017C00048BF40424FF000013EE700BF42004FEAF1
:1017D000E2014FEA31014FEA02701FBF12F07F436E
:1017E00093F07F4F81F06051704732F07F4208BF25
:1017F000704793F07F4F04BF41F40021704730B52C
:101800004FF4607401F0004521F000411CE700BF77
:1018100050EA010208BF704730B54FF000050AE0FA
:1018200050EA010208BF704730B511F0004502D5FB
:10183000404261EB41014FF4806404F132045FEAFD
:10184000915C3FF4D8AE4FF003025FEADC0C18BFA6
:1018500003325FEADC0C18BF033202EBDC02C2F198
:10186000200300FA03FC20FA02F001FA03FE40EA2A
:101870000E0021FA02F11444BDE600BF53B94AB983
:10188000002908BF00281CBF4FF0FF314FF0FF3088
:1018900000F070B9ADF1080C6DE904CE00F006F867
:1018A000DDF804E0DDE9022304B070472DE9F047DC
:1018B000089E0D4604460F46002B4AD18A429446A4
:1018C00065D9B2FA82F343B102FA03FCC3F12002F4
:1018D0009F4020FA02F217439C404FEA1C4E1FFA29
:1018E0008CF5B7FBFEF1220C0EFB117742EA0742A2
:1018F00001FB05F090420AD91CEB020201F1FF370F
:1019000080F01C81904240F2198102396244121A1F
:10191000A4B2B2FBFEF00EFB102244EA024400FB2C
:1019200005F5A5420AD91CEB040400F1FF3280F052
:101930000781A54240F204816444023840EA014034
:10194000641B00211EB1DC400023C6E90043BDE852
:10195000F0878B4208D9002E00F0ED800021C6E907
:1019600000050846BDE8F087B3FA83F1002949D1A4
:10197000AB4202D3824200F2F880841A65EB030284
:1019800001201746002EE2D0C6E90047DFE702B982
:10199000FFDEB2FA82F3002B40F090808A1A4FEA01
:1019A0001C471FFA8CFE0121B2FBF7F507FB15203F
:1019B000220C42EA00420EFB05F0904208D91CEBD3
:1019C000020205F1FF3802D2904200F2CB80454678
:1019D000121AA4B2B2FBF7F007FB102244EA024449
:1019E0000EFB00FEA64508D91CEB040400F1FF32F3
:1019F00002D2A64500F2BB801046A4EB0E0440EADA
:101A000005409FE7C1F120078B4022FA07FC4CEA12
:101A1000030C05FA01F420FA07F3FD404FEA1C49D4
:101A20002343B5FBF9F81FFA8CFE09FB18551C0C73
:101A300044EA054408FB0EF5A54202FA01F200FA59
:101A400001F00BD91CEB040408F1FF3A80F0888008
:101A5000A54240F28580A8F102086444641B9DB24F
:101A6000B4FBF9F309FB134445EA044403FB0EFEFF
:101A7000A64508D91CEB040403F1FF356CD2A6453A
:101A80006AD9023B644443EA0843A3FB0295A4EBF2
:101A90000E04AC42C846AE4656D353D056B1B0EB56
:101AA000080264EB0E0404FA07F7CA40CC4017435F
:101AB000C6E9007418460021BDE8F087C3F1200193
:101AC00002FA03FC20FA01F225FA01F19D402A43B3
:101AD0004FEA1C471FFA8CFEB1FBF7F007FB10150D
:101AE000110C41EA054100FB0EF58D4204FA03F4A6
:101AF00008D91CEB010100F1FF382FD28D422DD9FE
:101B000002386144491B92B2B1FBF7F507FB15118E
:101B100042EA014205FB0EF1914208D91CEB020298
:101B200005F1FF3816D2914214D9023D6244521A8F
:101B300045EA004138E73146304608E73946E6E6EF
:101B40001046FBE64845A9D2B9EB020865EB0C0E3E
:101B5000013BA3E74546EAE72B4694E74046D1E739
:101B6000D0467BE7023D624432E708460AE7644418
:101B7000023842E7704700BF024B0146186800F088
:101B800003B800BFAC2000202DE9F04F01F10B0697
:101B9000162E83B0044624D8102900F2BA8000F033
:101BA000A3FA102618220220B54F3A44A2F10801E8
:101BB00053688B4200F0BA805A68D96822F0030259
:101BC0001A449D68E9608D60516841F0010120462A
:101BD000516003F1080500F08DFA284603B0BDE816
:101BE000F08F36F0070600F19480B14200F2918048
:101BF00000F07AFAB6F5FC7FC0F09A81730A00F023
:101C00008F80042B00F26F81B30903F1390003F1D7
:101C1000380CC3009A4F3B44A3F108055B689D4212
:101C200006D10CE0002980F22781DB689D4206D0B6
:101C30005A6822F00302911B0F29F3DD60463D69CB
:101C4000DFF850C265457CD06A6822F00302931B1E
:101C50000F2B00F37B81002BC7E904CC80F26C8151
:101C6000B2F5007F80F01A81D308796801334FEA1A
:101C7000521E012202FA0EF20A4357F833E0C5F869
:101C800008E007EBC3010839E9607A6047F8335090
:101C9000CEF80C50831001219940914257D811423F
:101CA00006D120F003004900114200F10400FAD0EF
:101CB00007EBC0094D468646D5F80C80454508D14E
:101CC0001DE1002B80F22481D8F80C80454500F0FE
:101CD0001681D8F8042022F00302931B0F2BF0DDAD
:101CE0002046D8E9025408EB060146F00106C8F880
:101CF0000460EC60A56043F00104C7E90411C1E988
:101D000002CC4C6048F8023000F0F4F908F1080504
:101D100002E00C2323600025284603B0BDE8F08FC5
:101D20004FF4007340204FF03F0C73E7D3689A42A2
:101D300008BF02307FF440AF3D69DFF858C1654508
:101D400082D17A688310012199409142A7D9BD6858
:101D50006B6823F003094E4503D8A9EB06030F2B4C
:101D60007ADCDFF834B1474BDBF800201B68013226
:101D7000334405EB090A00F0338103F580530F3338
:101D800023F47F6828F00F084146204600F010FA3F
:101D9000411C024600F0F380824500F2EE803A4B8F
:101DA000196841441960084600F04E81DBF80010C4
:101DB000019301311BBFA2EB0A010918CBF80020E7
:101DC000196012F0070B00F01781CBF108010A44EB
:101DD000CBF5805190440831A1EB0801C1F30B0A07
:101DE00051462046009200F0E3F9421CDDE9002351
:101DF00000F04F81801A00EB0A081968BA6048F0B9
:101E000001005144BD425060196000F02981B9F1D0
:101E10000F0F40F227816868A9F10C0C2CF0070C19
:101E200000F0010040EA0C0068604FF0050E05EB81
:101E30000C00BCF10F0FC0E901EE00F232815068D6
:101E40001546124B1A688A4238BF1960104B1A683F
:101E50008A4238BF196094E0AA1943F0010346F0A2
:101E600001066E602046BA60536000F043F9083501
:101E7000284603B0BDE8F08FD9681A44A1E600BF38
:101E80009C1C0020742D0020442D00206C2D00206F
:101E9000702D0020A41C0020A4200020B2F5206F8B
:101EA0004FEA522363D3142B00F2B78003F15C0195
:101EB000C9005B3307EB010E7958AEF1080E8E4571
:101EC00000F091804B6823F00303934202D98968A4
:101ED0008E45F7D1D1F80CE07A68C5E9021ECEF83C
:101EE0000850CD60D6E6142B59D9542B00F29D80B2
:101EF000330B03F16F0003F16E0CC3008AE60EF1A1
:101F0000010E1EF0030F05F108057FF4D5AE51E078
:101F1000424445465368D8F80C1043F0010353601F
:101F200055F8083F2046D9608B6000F0E3F8F3E6EF
:101F3000F00806F1080237E62A442046536843F0C9
:101F400001035360083500F0D5F8E5E6A9192046ED
:101F500046F0010643F001046E60C7E90411C1E9CF
:101F600002CC4C60AB5000F0C5F80835D4E69309BC
:101F700003F13901C90038339CE7BD425FD0BD6829
:101F8000686820F003084645A8EB060302D80F2B2B
:101F90003FF762AF204600F0ADF80025BCE603F144
:101FA0005C0003F15B0CC30034E659F808394B457B
:101FB00040F0968010F0030F00F1FF30F5D17B6800
:101FC00023EA01037B60490099423FF6C0AE19B98C
:101FD000BDE649000EF1040E1942FAD0704667E6DC
:101FE00003F11008D0E69A104FF001087B6808FA58
:101FF00002F21A437A6070E702EB08014942C1F32A
:102000000B0A51462046009200F0D2F8431CDDE94D
:1020100000237FF4EFAEDA46EFE6542B25D8130BFE
:1020200003F16F01C9006E3344E7B3F5AA7F25D8E9
:10203000F30B03F1780003F1770CC300EAE5294BB9
:10204000186840441860B1E6CAF30B0CBCF1000FED
:102050007FF4ACAEBD68C84448F001006860F0E6AB
:102060001546EEE60123536094E7B3F5AA7F23D823
:10207000D30B03F17801C90077331BE740F25452C8
:10208000934223D8B30C03F17D0003F17C0CC30011
:10209000C0E5ABF1080BD844A8EB02084FF0000AEA
:1020A000ABE605F108012046009300F0D5F9BD68C4
:1020B000009B68681968C4E640F254518B420BD803
:1020C000930C03F17D01C9007C33F3E64FF47E737A
:1020D0007F204FF07E0C9DE54FF47E717E23E9E674
:1020E0007B6870E7442D0020014800F09DB800BFD8
:1020F000402D0020014800F099B800BF402D00207D
:10210000830730B548D0541E002A3FD0CAB20346D8
:1021100001E0013C3AD303F8012B9D07F9D1032CD0
:102120002DD9CDB245EA05250F2C45EA054536D90E
:10213000A4F1100222F00F0C03F1200EE6444FEA46
:10214000121C03F1100242E9045542E90255103213
:102150007245F8D10CF1010214F00C0F03EB0212DE
:1021600004F00F0C13D0ACF1040323F00303043389
:10217000134442F8045B9342FBD10CF003042CB1EE
:10218000C9B21C4403F8011B9C42FBD130BD64461C
:102190001346002CF4D1F9E703461446BFE71A466C
:1021A000A446E0E713460A460146022000F0C0B804
:1021B00038B5074D0022044608462A60FCF7C4F8EB
:1021C000431C00D038BD2B68002BFBD0236038BDEA
:1021D000A8610020014B1868704700BFAC200020A8
:1021E00070B50D4E0D4D761BB61006D0002455F877
:1021F000043B01349847A642F9D1094E094D761B9C
:1022000000F034FAB61006D0002455F8043B01342F
:102210009847A642F9D170BD001C0060001C006008
:10222000101C0060001C0060704700BF704700BFBA
:10223000000000000000000000000000000000009E
:10224000000000000000000000000000000000008E
:102250000000000090F800F06DE9024520F0070151
:102260006FF0000C10F0070491F820F040F0498066
:102270004FF000046FF00700D1E9002391F840F01F
:1022800000F1080082FA4CF2A4FA8CF283FA4CF3C3
:10229000A2FA8CF34BBBD1E9022382FA4CF200F193
:1022A0000800A4FA8CF283FA4CF3A2FA8CF3E3B997
:1022B000D1E9042382FA4CF200F10800A4FA8CF26E
:1022C00083FA4CF3A2FA8CF37BB9D1E9062301F12E
:1022D000200182FA4CF200F10800A4FA8CF283FA91
:1022E0004CF3A2FA8CF3002BC6D0002A04BF0430B2
:1022F0001A4612BAB2FA82F2FDE8024500EBD200A9
:102300007047D1E9002304F00305C4F100004FEA4F
:10231000C50514F0040F91F840F00CFA05F562EAD7
:1023200005021CBF63EA050362464FF00004A9E7FB
:102330002DE9F047DFF87CA00646DAF80000984661
:102340000F469146FFF770FF184B1C6824B3656871
:102350001F2D24DC5EB96B1C0235DAF800006360C7
:1023600044F82570FFF762FF0020BDE8F08704EB1A
:1023700085010123C1F88890D4F88821AB401A4325
:10238000022EC4F88821C1F80881E4D1D4F88C2148
:102390001A43C4F88C21DEE7054C1C60D7E7DAF855
:1023A0000000FFF743FF4FF0FF30DEE7A82B0020CF
:1023B000AC2B0020901C0020F8B5244F0C4606469C
:1023C000FFF792FEBB685D68C4F57E610F3125F0B2
:1023D00003054B1923F47F6323F00F03A3F5805407
:1023E000B4F5805F07DB00213046FFF7E1FEBB68F4
:1023F0002B44984204D03046FFF77CFE0020F8BD05
:1024000061423046FFF7D4FE01300DD0104ABB6860
:102410002D1B45F001055D60136830461B1B1360E2
:10242000FFF768FE0120F8BD00213046FFF7C0FE2F
:10243000BA68831A0F2BDEDD43F001035360054BAE
:1024400003491B68C01A0860D5E700BF9C1C002028
:10245000442D0020A4200020002961D0F8B50C46AE
:102460000646FFF741FE54F8042C7B4FA4F1080503
:1024700022F0010105EB010CB868DCF8043060457E
:1024800023F0030300F08B80D207CCF8043032D461
:1024900054F8082CAD1A1144AA6807F108008242CA
:1024A0006AD00CEB0304D4F804E0EC68D4601EF0AE
:1024B000010FA26000F0978041F001036B60CCF83F
:1024C0000010B1F5007F35D27868CB0801224909A8
:1024D00001338A40024357F833107A6007EBC30296
:1024E000083AC5E9021247F83350CD603046BDE8DE
:1024F000F840FFF7FFBD0CEB03025268D00710D481
:10250000194407F10800DCF80830834273D0DCF886
:102510000C20DA60936041F001036B606950D0E7F2
:10252000704741F00103B1F5007F44F8043CCCF85A
:102530000010C9D3B1F5206F4FEA512348D28B095F
:1025400003F1390003F13802C300F818FB580838CA
:10255000984259D05A6822F003028A4202D99B68F5
:102560009842F7D1D868C5E902308560DD60304611
:10257000BDE8F840FFF7BEBD0CEB03025268D2077E
:1025800063D40B44DCE90212CA60916043F001029B
:102590006A603046EB50BDE8F840FFF7ABBD0B4436
:1025A000D10707D454F8082CAD1A1344D5E9021208
:1025B000CA60916043F001026A60284ABD601268F7
:1025C0009A4293D8264B30461968FFF7F5FE8DE7FF
:1025D000142B0AD9542B1FD80B0B03F16F0003F1F6
:1025E0006E02C300B1E719448DE703F15C0003F10B
:1025F0005B02C300A9E741F00103C7E90455C5E93F
:1026000002006B60695071E779689210012404FA46
:1026100002F20A437A60A6E7B3F5AA7F06D8CB0B8D
:1026200003F1780003F17702C3008EE740F25452C1
:10263000934206D88B0C03F17D0003F17C02C300AA
:1026400083E74FF47E737E227FE741F001036B60E6
:10265000CCF800104AE700BF9C1C0020A8200020F6
:10266000742D00205FF800F04D1B00605FF800F053
:10267000A11B00605FF800F0151600605FF800F025
:042680006916006077
:04268400F8B500BFE6
:082688004CD8FF7F01000000A7
:10269000000000000000000000000000000000003A
:1026A000000000000000000000000000000000002A
:1026B000000000000000000000000000000000001A
:1026C000000000000000000000000000000000000A
:1026D00000000000000000000000000000000000FA
:1026E00000000000000000000000000000000000EA
:1026F00000000000000000000000000000000000DA
:1027000000000000000000000000000000000000C9
:1027100000000000000000000000000000000000B9
:1027200000000000000000000000000000000000A9
:102730000000000000000000000000000000000099
:102740000000000000000000000000000000000089
:102750000000000000000000000000000000000079
:102760000000000000000000000000000000000069
:102770000000000000000000000000000000000059
:102780000000000000000000000000000000000049
:102790000000000000000000000000000000000039
:1027A0000000000000000000000000000000000029
:1027B0000000000000000000000000000000000019
:1027C0000000000000000000000000000000000009
:1027D00000000000000000000000000000000000F9
:1027E00000000000000000000000000000000000E9
:1027F00000000000000000000000000000000000D9
:1028000000000000000000000000000000000000C8
:1028100000000000000000000000000000000000B8
:1028200000000000000000000000000000000000A8
:102830000000000000000000000000000000000098
:102840000000000000000000000000000000000088
:102850000000000000000000000000000000000078
:102860000000000000000000000000000000000068
:102870000000000000000000000000000000000058
:102880000000000000000000000000000000000048
:102890000000000000000000000000000000000038
:1028A0000000000000000000000000000000000028
:1028B0000000000000000000000000000000000018
:1028C0000000000000000000000000000000000008
:1028D00000000000000000000000000000000000F8
:1028E00000000000000000000000000000000000E8
:1028F00000000000000000000000000000000000D8
:1029000000000000000000000000000000000000C7
:1029100000000040FB21F93F000000002D44743E00
:10292000000000809846F83C0000006051CC783BE5
:1029300000000080831BF0390000004020257A3819
:10294000000000802282E336000000001DF369359C
:10295000000000000000F03F748515D3B0D9EF3FB0
:102960000F89F96C58B5EF3F515B12D00193EF3FDF
:102970007B517D3CB872EF3FAAB968318754EF3F75
:102980003862756E7A38EF3FE1DE1FF59D1EEF3F2E
:1029900015B7310AFE06EF3FCBA93A37A7F1EE3F54
:1029A0002234124CA6DEEE3F2D89616008CEEE3F48
:1029B000272A36D5DABFEE3F824F9D562BB4EE3F25
:1029C000295448DD07ABEE3F85553AB07EA4EE3F73
:1029D000CD3B7F669EA0EE3F745FECE8759FEE3FB7
:1029E0008701EB7314A1EE3F13CE4C9989A5EE3FFE
:1029F000DBA02A42E5ACEE3FE5C5CDB037B7EE3FF0
:102A000090F0A38291C4EE3F5D253EB203D5EE3F28
:102A1000ADD35A999FE8EE3F475EFBF276FFEE3F5B
:102A20009C5285DD9B19EF3F6990EFDC2037EF3F2B
:102A300087A4FBDC1858EF3F5F9B7B33977CEF3F0D
:102A4000DA90A4A2AFA4EF3F40456E5B76D0EF3F93
:102A5000000000000000E8429423914BF86AAC3F6C
:102A6000F3C4FA50CEBFCE3FD6520CFF422EE63F03
:102A70000000000000003843FE822B6547154740E8
:102A80009423914BF86ABC3EF3C4FA50CEBF2E3F5C
:102A9000D6520CFF422E963FBEF3F879EC61F63F1A
:102AA0001930965BC6FEDEBF3D88AF4AED71F53F3B
:102AB000A4FCD432680BDBBFB010F0F03995F43FC2
:102AC0007BB71F0A8B41D7BF8503B8B095C9F33FC9
:102AD0007BCF6D1AE99DD3BFA564880C190DF33F18
:102AE00031B6F2F39B1DD0BFA08E0B7B225EF23F6E
:102AF000F07A3B1B1D7CC9BF3F341A4A4ABBF13FE9
:102B00009F3CAF93E3F9C2BFBAE58AF05823F13F87
:102B10005C8D78BFCB60B9BFA70099413F95F03F6E
:102B2000CE5F47B69D6FAABF000000000000F03FD7
:102B30000000000000000000AC479AFD8C60EE3FF2
:102B40003DF5249FCA38B33FA06A021FB3A4EC3FEF
:102B5000BA913854A976C43FE6FC6A573620EB3F59
:102B6000D2E4C44A0B84CE3F2DAAA163D1C2E93F6F
:102B70001C65C6F04506D43FED417803E686E83F84
:102B8000F89F1B2C9C8ED83F624853F5DC67E73FCB
:102B9000CC7BB14EA4E0DC3F4D7E0AF7B612D7BF26
:102BA000E0326849BFCADE3FDEE3FA9F4715E7BF60
:102BB000B8C8355F4715F73FBEF3F879EC61F63FCB
:102BC0001930965BC6FEDEBF3D88AF4AED71F53F1A
:102BD000A4FCD432680BDBBFB010F0F03995F43FA1
:102BE0007BB71F0A8B41D7BF8503B8B095C9F33FA8
:102BF0007BCF6D1AE99DD3BFA564880C190DF33FF7
:102C000031B6F2F39B1DD0BFA08E0B7B225EF23F4C
:102C1000F07A3B1B1D7CC9BF3F341A4A4ABBF13FC7
:102C20009F3CAF93E3F9C2BFBAE58AF05823F13F66
:102C30005C8D78BFCB60B9BFA70099413F95F03F4D
:102C4000CE5F47B69D6FAABF000000000000F03FB6
:102C50000000000000000000AC479AFD8C60EE3FD1
:102C60003DF5249FCA38B33FA06A021FB3A4EC3FCE
:102C7000BA913854A976C43FE6FC6A573620EB3F38
:102C8000D2E4C44A0B84CE3F2DAAA163D1C2E93F4E
:102C90001C65C6F04506D43FED417803E686E83F63
:102CA000F89F1B2C9C8ED83F624853F5DC67E73FAA
:102CB000CC7BB14EA4E0DC3F0B6E49C91676D23F07
:102CC0007AC675A06919D7BFDDBAA76C0AC7DE3FFF
:102CD000C8F6BE484715E7BF2BB82A654715F73F2A
:102CE000000000000000F03F000000000000F0BF06
:102CF000000000000000F0BF000000000000F03FF6
:102D000083C8C96D305F6441182D4454FB21F93FDD
:102D1000000000000000F03F1C620CFDFFFFDFBF61
:102D2000198F06E15355A53F9D359AE887C056BFD8
:102D3000C3F87B024393F93E03A695595455C5BF8A
:102D4000C40B23057610813F24CF7437EB9429BF41
:102D5000000000000000F03F000000000000F0BF95
:102D6000000000000000F0BF000000000000F03F85
:102D700083C8C96D305F6441182D4454FB21F93F6D
:102D8000000000000000F0BF1C620CFDFFFFDF3FF1
:102D9000198F06E15355A5BF9D359AE887C0563F68
:102DA000C3F87B024393F9BE03A695595455C5BF9A
:102DB000C40B23057610813F24CF7437EB9429BFD1
:102DC0000000240348066A098C0CAB0FC812E215F8
:102DD000F9180B1C1A1F2322282526281F2B112E19
:102DE000FB30DF33BA368C39563C173FCE417A443C
:102DF0001C47B4493F4CBF4E33519B53F555425885
:102E0000825AB35CD75EEB60F162E864CF66A66875
:102E10006D6A236CC96D5E6FE2705472B573047590
:102E200041766B77847889797C7A5C7B297CE37C3A
:102E3000897D1D7E9C7E097F617FA67FD87FF57F7F
:102E4000FF7FF57FD87FA67F617F097F9C7E1D7EF7
:102E5000897DE37C297C5C7B7C7A897984786B77BB
:102E600041760475B5735472E2705E6FC96D236C60
:102E70006D6AA668CF66E864F162EB60D75EB35C0A
:102E8000825A4258F5559B533351BF4E3F4CB4497B
:102E90001C477A44CE41173F563C8C39BA36DF3353
:102EA000FB30112E1F2B2628282523221A1F0B1C2E
:102EB000F918E215C812AB0F8C0C6A0948062403F6
:102EC0000000DCFCB8F996F674F355F038ED1EEA14
:102ED00007E7F5E3E6E0DDDDD8DADAD7E1D4EFD1D4
:102EE00005CF21CC46C974C6AAC3E9C032BE86BB91
:102EF000E4B84CB6C1B341B1CDAE65AC0BAABEA728
:102F00007EA54DA329A1159F0F9D189B31995A9716
:102F10009395DD933792A2901E8FAC8D4B8CFC8ADB
:102F2000BF8995887C8777868485A484D7831D8311
:102F30007782E3816481F7809F805A8028800B80AC
:102F400001800B8028805A809F80F7806481E38114
:102F500077821D83D783A484848577867C87958830
:102F6000BF89FC8A4B8CAC8D1E8FA2903792DD936B
:102F700093955A973199189B0F9D159F29A14DA3A1
:102F80007EA5BEA70BAA65ACCDAE41B1C1B34CB610
:102F9000E4B886BB32BEE9C0AAC374C646C921CC18
:102FA00005CFEFD1E1D4DAD7D8DADDDDE6E0F5E31D
:102FB00007E71EEA38ED55F074F396F6B8F9DCFC35
:102FC00000000000000000000100000003000000FD
:102FD00002000000000000000E0000000F000000D2
:102FE000100000001100000012000000130000009B
:102FF000000305070A0C0F1100020406080A0C0E54
:103000000002040607090A0C00030407080B0C0F52
:103010000001030507080A0C0006070D0E14151819
:10302000000207090E10151700010406080A0B0C10
:1030300069B500006DB5000071B5000075B5000000
:103040000000000000000000E19600000000000009
:1030500000000000E9C500000000000000000000C2
:103060004990000000000000000000002D920000C8
:103070000000000000000000BDB70000B9CF000054
:10308000B5CF0000B1CF0000ADCF0000A9CF000048
:10309000A5CF0000A1CF000000000000000000004C
:1030A0007593000000000000000000001D9D00005E
:1030B000000000000000000055A400000000000017
:1030C00000000000719200000000000000000000FD
:1030D000A19F00000000000000000000019300001C
:1030E0000000000000000000E99500000000000062
:1030F000000000005DA80000290100002D01000073
:10310000350100003D010000A2000000F9A200000E
:1031100083F9A2006E83F9A24E6E83F9444E6E834A
:1031200015444E6E2915444EFC29154427FC2915DB
:103130005727FC29D15727FCF5D1572734F5D1570C
:10314000DD34F5D1C0DD34F5DBC0DD3462DBC0DD5C
:103150009562DBC0999562DB3C999562433C9995F9
:1031600090433C994190433C00000042C8801F407E
:10317000B8821F400800000000000042C4801F40C9
:10318000B4821F400400000000C0004224801F40A1
:1031900014821F401000000000C0004228801F4021
:1031A00018821F402000000000C000422C801F40F9
:1031B0001C821F404000000000C0004234801F40BD
:1031C00024821F40000100000040004264811F4033
:1031D00054831F40000400000040004280811F40D3
:1031E00070831F4000000200004000427C811F40AD
:1031F0006C831F40000001000040004268811F40B6
:1032000058831F4000080000004000423C811F40DE
:103210002C831F40010000000040004244811F40F9
:1032200034831F40040000000040004240811F40E2
:1032300030831F40020000000040004248811F40D0
:1032400038831F40080000000000004204811F4036
:10325000F4821F40000004000000004208811F406B
:10326000F8821F40000008000000004218811F4043
:1032700008831F40000080000000004214811F40AE
:1032800004831F40000040000000004200811F40F6
:10329000F0821F400000020000000042FC801F403E
:1032A000EC821F40000001000000004224811F400A
:1032B00014831F40000000040000004228811F40CA
:1032C00018831F4000000008000000421C811F40BE
:1032D0000C831F40000000010000004220811F40BD
:1032E00010831F400000000200000042EC801F40DD
:1032F000DC821F400010000000000042F0801F40F0
:10330000E0821F40002000000000004234811F4086
:1033100024831F40000000400000004238811F400D
:1033200028831F40000000800080004294801F40DE
:1033300084821F400000040000C0004290801F40B3
:1033400080821F400000008000800042A8801F4053
:1033500098821F400000800000800042A4801F402F
:1033600094821F4000004000004000426C811F40DA
:103370005C831F400010000000C0004230801F40EE
:1033800020821F408000000000800042C8811F4052
:10339000B8831F400080000000800042C4811F40AD
:1033A000B4831F400040000000800042C0811F40E5
:1033B000B0831F400020000000800042BC811F40FD
:1033C000AC831F400010000000800042D0811F40ED
:1033D000C0831F400000020000800042CC811F40DB
:1033E000BC831F4000000100020000000300000039
:1033F0000400000006000000444144524153000014
:103400004C4F52454E5A00003E3E3E205253204DF6
:103410004F4445204F4E00003E3E3E20544F554302
:1034200048204D4F4445204F4E00000074453D005C
:103430002073686966743D003E3E3E20544F5543FC
:103440004820454E47494E45200000003E3E3E2064
:103450005343414C452000003E3E3E2041545452CF
:103460004143544F52200000FB21F93FFB2109400A
:103470007CD91240FB2119407A6A1F407CD9224036
:10348000BBFD2540FB2129403A462C407A6A2F405B
:103490005C4731407CD932409C6B3440BBFD3540A9
:1034A000DB8F3740FB2139401BB43A403A463C4061
:1034B0005AD83D407A6A3F404C7E40405C4741408C
:1034C0006C1042407CD942408CA243409C6B4440EB
:1034D000AC344540BBFD4540CBC64640DB8F474042
:1034E000EB584840FB21494007080C0B06050F002C
:1034F0000D0E0102838407080C0B06050F000D0E4C
:103500000102838401010004010000040132010171
:103510000132020101100101011101010112010238
:10352000010302060103010601120202020000016A
:10353000020200010201000102100001022200014A
:103540000223000100000000000000000221000131
:103550000220000100000000000000000130010115
:103560000131010101020004010300040000000018
:103570000000000001210201012101010000000002
:103580000000000000000000011002010101020122
:10359000010101010100020101000101010202011A
:1035A000010201014E6F6E4C696E4F535F34300063
:1035B00000000000920E493CB10AC93C2BC3163DE5
:1035C0002EFB483D752B7B3D04A9963D80B6AF3D53
:1035D00036BDC83D2FBCE13D73B2FA3D87CF093EF1
:1035E0008340163EB5AB223EA2102F3ECF6E3B3E2F
:1035F000C2C5473E0115543E135C603E7F9A6C3E47
:10360000CCCF783EC07D823E938E883E229A8E3EFD
:1036100032A0943E86A09A3EE59AA03E128FA63E26
:10362000D47CAC3EEF63B23E2A44B83E491DBE3E58
:1036300015EFC33E53B9C93ECA7BCF3E4136D53E96
:1036400080E8DA3E4F92E03E7533E63EBBCBEB3E80
:10365000EA5AF13ECBE0F63E275DFC3EE4E7003F50
:103660003D9C033F824B063F9BF5083F6B9A0B3F07
:10367000DA390E3FCDD3103F2A68133FD9F6153FF4
:10368000C07F183FC6021B3FD17F1D3FCBF61F3FB7
:103690009967223F25D2243F5636273F1594293F6C
:1036A0004AEB2B3FDE3B2E3FBB85303FC9C8323F44
:1036B000F304353F233A373F4268393F3B8F3B3F66
:1036C000F9AE3D3F67C73F3F70D8413F01E2433FFE
:1036D00003E4453F65DE473F12D1493FF8BB4B3F0E
:1036E000029F4D3F207A4F3F3D4D513F4918533F78
:1036F00031DB543FE595563F5348583F6AF2593FF6
:103700001A945B3F532D5D3F05BE5E3F2146603FEF
:1037100097C5613F5A3C633F59AA643F880F663F93
:10372000D86B673F3CBF683FA7096A3F0C4B6B3FB4
:103730005E836C3F93B26D3F9ED86E3F73F56F3FD3
:103740000809713F5213723F4714733FDD0B743FFA
:103750000BFA743FC6DE753F07BA763FC58B773FDD
:10376000F853783F9812793F9DC7793F02737A3FAB
:10377000BE147B3FCDAC7B3F283B7C3FC9BF7C3F29
:10378000AC3A7D3FCCAB7D3F23137E3FB0707E3F94
:103790006DC47E3F580E7F3F6D4E7F3FAB847F3FB1
:1037A0000FB17F3F97D37F3F43EC7F3F11FB7F3FBC
:1037B0000000803F11FB7F3F43EC7F3F97D37F3F6B
:1037C0000FB17F3FAB847F3F6D4E7F3F580E7F3FF1
:1037D0006DC47E3FB0707E3F23137E3FCCAB7D3FF8
:1037E000AC3A7D3FC9BF7C3F283B7C3FCDAC7B3FA3
:1037F000BE147B3F02737A3F9DC7793F9812793F91
:10380000F853783FC58B773F07BA763FC6DE753FE2
:103810000BFA743FDD0B743F4714733F5213723F32
:103820000809713F73F56F3F9ED86E3F93B26D3FAD
:103830005E836C3F0C4B6B3FA7096A3F3CBF683F00
:10384000D86B673F880F663F59AA643F5A3C633F75
:1038500097C5613F2146603F05BE5E3F532D5D3FEA
:103860001A945B3F6AF2593F5348583FE595563FDB
:1038700031DB543F4918533F3D4D513F207A4F3F74
:10388000029F4D3FF8BB4B3F12D1493F65DE473F9A
:1038900003E4453F01E2433F70D8413F67C73F3FE4
:1038A000F9AE3D3F3B8F3B3F4268393F233A373FBC
:1038B000F304353FC9C8323FBB85303FDE3B2E3F66
:1038C0004AEB2B3F1594293F5636273F25D2243FFC
:1038D0009967223FCBF61F3FD17F1D3FC6021B3F9A
:1038E000C07F183FD9F6153F2A68133FCDD3103F4C
:1038F000DA390E3F6B9A0B3F9BF5083F824B063F30
:103900003D9C033FE4E7003F275DFC3ECBE0F63EF5
:10391000EA5AF13EBBCBEB3E7533E63E4F92E03EBA
:1039200080E8DA3E4136D53ECA7BCF3E53B9C93E28
:1039300015EFC33E491DBE3E2A44B83EEF63B23E7A
:10394000D47CAC3E128FA63EE59AA03E86A09A3E5D
:1039500032A0943E229A8E3E938E883EC07D823E57
:10396000CCCF783E7F9A6C3E135C603E0115543E8E
:10397000C2C5473ECF6E3B3EA2102F3EB5AB223EA6
:103980008340163E87CF093E73B2FA3D2FBCE13D1E
:1039900036BDC83D80B6AF3D04A9963D752B7B3D35
:1039A0002EFB483D2BC3163DB10AC93C920E493C43
:1039B00000000000920E49BCB10AC9BC2BC316BD61
:1039C0002EFB48BD752B7BBD04A996BD80B6AFBD4F
:1039D00036BDC8BD2FBCE1BD73B2FABD87CF09BEED
:1039E000834016BEB5AB22BEA2102FBECF6E3BBE2B
:1039F000C2C547BE011554BE135C60BE7F9A6CBE43
:103A0000CCCF78BEC07D82BE938E88BE229A8EBEF9
:103A100032A094BE86A09ABEE59AA0BE128FA6BE22
:103A2000D47CACBEEF63B2BE2A44B8BE491DBEBE54
:103A300015EFC3BE53B9C9BECA7BCFBE4136D5BE92
:103A400080E8DABE4F92E0BE7533E6BEBBCBEBBE7C
:103A5000EA5AF1BECBE0F6BE275DFCBEE4E700BF4C
:103A60003D9C03BF824B06BF9BF508BF6B9A0BBF03
:103A7000DA390EBFCDD310BF2A6813BFD9F615BFF0
:103A8000C07F18BFC6021BBFD17F1DBFCBF61FBFB3
:103A9000996722BF25D224BF563627BF159429BF68
:103AA0004AEB2BBFDE3B2EBFBB8530BFC9C832BF40
:103AB000F30435BF233A37BF426839BF3B8F3BBF62
:103AC000F9AE3DBF67C73FBF70D841BF01E243BFFA
:103AD00003E445BF65DE47BF12D149BFF8BB4BBF0A
:103AE000029F4DBF207A4FBF3D4D51BF491853BF74
:103AF00031DB54BFE59556BF534858BF6AF259BFF2
:103B00001A945BBF532D5DBF05BE5EBF214660BFEB
:103B100097C561BF5A3C63BF59AA64BF880F66BF8F
:103B2000D86B67BF3CBF68BFA7096ABF0C4B6BBFB0
:103B30005E836CBF93B26DBF9ED86EBF73F56FBFCF
:103B4000080971BF521372BF471473BFDD0B74BFF6
:103B50000BFA74BFC6DE75BF07BA76BFC58B77BFD9
:103B6000F85378BF981279BF9DC779BF02737ABFA7
:103B7000BE147BBFCDAC7BBF283B7CBFC9BF7CBF25
:103B8000AC3A7DBFCCAB7DBF23137EBFB0707EBF90
:103B90006DC47EBF580E7FBF6D4E7FBFAB847FBFAD
:103BA0000FB17FBF97D37FBF43EC7FBF11FB7FBFB8
:103BB000000080BF11FB7FBF43EC7FBF97D37FBF67
:103BC0000FB17FBFAB847FBF6D4E7FBF580E7FBFED
:103BD0006DC47EBFB0707EBF23137EBFCCAB7DBFF4
:103BE000AC3A7DBFC9BF7CBF283B7CBFCDAC7BBF9F
:103BF000BE147BBF02737ABF9DC779BF981279BF8D
:103C0000F85378BFC58B77BF07BA76BFC6DE75BFDE
:103C10000BFA74BFDD0B74BF471473BF521372BF2E
:103C2000080971BF73F56FBF9ED86EBF93B26DBFA9
:103C30005E836CBF0C4B6BBFA7096ABF3CBF68BFFC
:103C4000D86B67BF880F66BF59AA64BF5A3C63BF71
:103C500097C561BF214660BF05BE5EBF532D5DBFE6
:103C60001A945BBF6AF259BF534858BFE59556BFD7
:103C700031DB54BF491853BF3D4D51BF207A4FBF70
:103C8000029F4DBFF8BB4BBF12D149BF65DE47BF96
:103C900003E445BF01E243BF70D841BF67C73FBFE0
:103CA000F9AE3DBF3B8F3BBF426839BF233A37BFB8
:103CB000F30435BFC9C832BFBB8530BFDE3B2EBF62
:103CC0004AEB2BBF159429BF563627BF25D224BFF8
:103CD000996722BFCBF61FBFD17F1DBFC6021BBF96
:103CE000C07F18BFD9F615BF2A6813BFCDD310BF48
:103CF000DA390EBF6B9A0BBF9BF508BF824B06BF2C
:103D00003D9C03BFE4E700BF275DFCBECBE0F6BEF1
:103D1000EA5AF1BEBBCBEBBE7533E6BE4F92E0BEB6
:103D200080E8DABE4136D5BECA7BCFBE53B9C9BE24
:103D300015EFC3BE491DBEBE2A44B8BEEF63B2BE76
:103D4000D47CACBE128FA6BEE59AA0BE86A09ABE59
:103D500032A094BE229A8EBE938E88BEC07D82BE53
:103D6000CCCF78BE7F9A6CBE135C60BE011554BE8A
:103D7000C2C547BECF6E3BBEA2102FBEB5AB22BEA2
:103D8000834016BE87CF09BE73B2FABD2FBCE1BD1A
:103D900036BDC8BD80B6AFBD04A996BD752B7BBD31
:103DA0002EFB48BD2BC316BDB10AC9BC920E49BC3F
:103DB0000000008000A019A01AA01BA01CA01EA03B
:103DC00020A022A024A026A027A027A027A025A0CD
:103DD00021A01DA017A010A007A0FD9FF29FE69FA5
:103DE000DA9FCD9FC19FB59FA99F9F9F969F8F9F51
:103DF0008B9F899F8A9F8D9F949F9E9FAB9FBA9F09
:103E0000CD9FE19FF79F0FA028A041A05AA071A0CD
:103E100087A09BA0ADA0BAA0C4A0CAA0CBA0C7A0F9
:103E2000BEA0B0A09EA087A06BA04DA02BA007A015
:103E3000E19FBB9F959F709F4D9F2E9F129FFC9E61
:103E4000EA9EDF9EDA9EDD9EE69EF69E0D9F2B9FEC
:103E50004F9F789FA69FD79F0AA03FA074A0A8A0BD
:103E6000D9A006A12EA151A16CA17FA18AA18BA1ED
:103E700083A172A157A134A108A1D4A09AA05BA0EC
:103E800018A0D39F8D9F489F069FC79E8F9E5E9EC2
:103E9000369E189E049EFD9D019E129E2F9E589E4A
:103EA0008C9ECA9E119F609FB49F0CA067A0C1A06A
:103EB00018A16BA1B8A1FCA135A263A282A294A211
:103EC00096A288A26AA23DA200A2B7A160A100A109
:103ED00096A027A0B39F3F9FCC9E5E9EF79D9A9D84
:103EE000499D079DD59CB69CAA9CB29CCE9CFF9CEC
:103EF000449D9C9D049E7C9E009F8D9F22A0B9A006
:103F000050A1E4A16FA2F0A262A3C3A30FA444A492
:103F100060A462A44AA415A4C6A35EA3DDA247A21E
:103F20009EA1E5A022A0579F8A9EBF9DFC9C459C18
:103F30009F9B0F9B989A409A089AF399049A3A9AF1
:103F4000979A199BBF9B869C6A9D689E7A9F9AA0B0
:103F5000C3A1ECA211A428A52AA612A7D6A772A8CD
:103F6000E0A81AA91CA9E4A86FA8BEA7D1A6AAA573
:103F70004DA4C0A209A12F9F3D9D3D9B399940971B
:103F80005C959D931192C490C58F228FE78E208FF0
:103F9000D98F1A91ED9257955E98049C4BA032A54B
:103FA000B4AACEB077B7A7BE52C66DCEE7D6B3DF00
:103FB000BFE8F9F150FBB0044D494E4F5220504537
:103FC0004E54000057484F4C4520544F4E4500007A
:103FD0004841524D4F4E494300000000484558416A
:103FE000544F4E4943000000504852594749414EF2
:103FF00000000000545249544F4E45204D49520094
:104000005059544841474F5245414E00454E49474B
:104010004D4154494300000083F9A200444E6E0014
:10402000FC291500D1572700DD34F50062DBC00004
:104030003C999500419043006351FE00BBDEAB000C
:10404000B761C5003A6E2400D24D42004906E00037
:1040500009EA2E001C92D100EB1DFE0029B11C00C4
:10406000E83EA700F535820044BB2E009CE98400A1
:10407000B4267000417E5F00D69139005383390029
:104080009CF439008B5F840028F9BD00F81F3B00C9
:10409000DEFF97000F980500112FEF000A5A8B00E2
:1040A0006D1F6D00CF7E360009CB2700464FB7004D
:1040B0009E663F002DEA5F00BA277500E5EBC7005A
:1040C0003D7BF100F739070092528A00FB6BEA0052
:1040D0001FB15F00085D8D00300356007BFC460079
:1040E000F0AB6B0020BCCF0036F49A00E3A91D00B2
:1040F0005E619100081BE60085996500A0145F00D1
:104100008D40680080D8FF0027734D0006063100FF
:10411000CA561500C9A873007BE260006B8CC00012
:1041200000010000B0200020120000000006000086
:10413000881D00600A00000000020000F01C006002
:104140009500000000070000581C0060950000006A
:1041500000030000541C006000000000010309047B
:10416000301C00600000000002030904101C006005
:104170000000000003030904D42200200000000016
:10418000000000000000000000000000000000002F
:1041900000000000782D0020E02D0020482E002097
:1041A000000000000000000000000000000000000F
:1041B00000000000000000000000000000000000FF
:1041C00000000000000000000000000000000000EF
:1041D00000000000000000000000000000000000DF
:1041E00000000000000000000000000000000000CF
:1041F00000000000000000000000000000000000BF
:1042000000000000000000000000000000000000AE
:10421000000000000000000000000000000000009E
:10422000000000000000000001000000000000008D
:104230000E33CDAB34126DE6ECDE05000B00000052
:10424000000000000000000000000000000000006E
:10425000000000000000000000000000000000005E
:10426000000000000000000000000000000000004E
:10427000000000000000000000000000000000003E
:10428000000000000000000000000000000000002E
:10429000000000000000000000000000000000001E
:1042A000000000000000000000000000000000000E
:1042B0000029DE07007B9A172819002034190020F6
:1042C000401900204C1900205819002064190020C2
:1042D000701900207C190020E8090020000000006F
:1042E000E803000000000000FFFFFFFF0000803F28
:1042F00000005C430000A543CDCC4C3ECDCC4C3EF1
:10430000CDCC4C3ECDCC4C3EFFFFFFFF00004844DF
:1043100000004844CDCCCC3D00005C430000A543E8
:104320003C2D0020A0CE2020000000000000000056
:10433000000000009C1C00209C1C0020A41C0020ED
:10434000A41C0020AC1C0020AC1C0020B41C0020CD
:10435000B41C0020BC1C0020BC1C0020C41C00207D
:10436000C41C0020CC1C0020CC1C0020D41C00202D
:10437000D41C0020DC1C0020DC1C0020E41C0020DD
:10438000E41C0020EC1C0020EC1C0020F41C00208D
:10439000F41C0020FC1C0020FC1C0020041D00203C
:1043A000041D00200C1D00200C1D0020141D0020E9
:1043B000141D00201C1D00201C1D0020241D002099
:1043C000241D00202C1D00202C1D0020341D002049
:1043D000341D00203C1D00203C1D0020441D0020F9
:1043E000441D00204C1D00204C1D0020541D0020A9
:1043F000541D00205C1D00205C1D0020641D002059
:10440000641D00206C1D00206C1D0020741D002008
:10441000741D00207C1D00207C1D0020841D0020B8
:10442000841D00208C1D00208C1D0020941D002068
:10443000941D00209C1D00209C1D0020A41D002018
:10444000A41D0020AC1D0020AC1D0020B41D0020C8
:10445000B41D0020BC1D0020BC1D0020C41D002078
:10446000C41D0020CC1D0020CC1D0020D41D002028
:10447000D41D0020DC1D0020DC1D0020E41D0020D8
:10448000E41D0020EC1D0020EC1D0020F41D002088
:10449000F41D0020FC1D0020FC1D0020041E002037
:1044A000041E00200C1E00200C1E0020141E0020E4
:1044B000141E00201C1E00201C1E0020241E002094
:1044C000241E00202C1E00202C1E0020341E002044
:1044D000341E00203C1E00203C1E0020441E0020F4
:1044E000441E00204C1E00204C1E0020541E0020A4
:1044F000541E00205C1E00205C1E0020641E002054
:10450000641E00206C1E00206C1E0020741E002003
:10451000741E00207C1E00207C1E0020841E0020B3
:10452000841E00208C1E00208C1E0020941E002063
:10453000941E00209C1E00209C1E0020A41E002013
:10454000A41E0020AC1E0020AC1E0020B41E0020C3
:10455000B41E0020BC1E0020BC1E0020C41E002073
:10456000C41E0020CC1E0020CC1E0020D41E002023
:10457000D41E0020DC1E0020DC1E0020E41E0020D3
:10458000E41E0020EC1E0020EC1E0020F41E002083
:10459000F41E0020FC1E0020FC1E0020041F002032
:1045A000041F00200C1F00200C1F0020141F0020DF
:1045B000141F00201C1F00201C1F0020241F00208F
:1045C000241F00202C1F00202C1F0020341F00203F
:1045D000341F00203C1F00203C1F0020441F0020EF
:1045E000441F00204C1F00204C1F0020541F00209F
:1045F000541F00205C1F00205C1F0020641F00204F
:10460000641F00206C1F00206C1F0020741F0020FE
:10461000741F00207C1F00207C1F0020841F0020AE
:10462000841F00208C1F00208C1F0020941F00205E
:10463000941F00209C1F00209C1F0020A41F00200E
:10464000A41F0020AC1F0020AC1F0020B41F0020BE
:10465000B41F0020BC1F0020BC1F0020C41F00206E
:10466000C41F0020CC1F0020CC1F0020D41F00201E
:10467000D41F0020DC1F0020DC1F0020E41F0020CE
:10468000E41F0020EC1F0020EC1F0020F41F00207E
:10469000F41F0020FC1F0020FC1F0020042000202D
:1046A000042000200C2000200C20002014200020DA
:1046B000142000201C2000201C200020242000208A
:1046C000242000202C2000202C200020342000203A
:1046D000342000203C2000203C20002044200020EA
:1046E000442000204C2000204C200020542000209A
:1046F000542000205C2000205C200020642000204A
:10470000642000206C2000206C20002074200020F9
:10471000742000207C2000207C20002084200020A9
:10472000842000208C2000208C2000209420002059
:1047300094200020FFFFFFFF00000200001B00206C
:1047400012010002EF020140C0168B0401030102B6
:104750000301000069BE000069BE000069BE0000E0
:1047600069BE000069BE000069BE000069BE0000AD
:1047700069BE000069BE000069BE000069BE00009D
:1047800069BE000069BE000069BE000069BE00008D
:1047900069BE000069BE000069BE000069BE00007D
:1047A00069BE000069BE000069BE000069BE00006D
:1047B00069BE000069BE000069BE000069BE00005D
:1047C00069BE000069BE000069BE000069BE00004D
:1047D00069BE000069BE000069BE000069BE00003D
:1047E00069BE000069BE000069BE000069BE00002D
:1047F00069BE000069BE000069BE000069BE00001D
:1048000069BE000069BE000069BE000069BE00000C
:1048100069BE000069BE000069BE000069BE0000FC
:1048200069BE000069BE000069BE000069BE0000EC
:1048300069BE000069BE000069BE000069BE0000DC
:1048400069BE000069BE000069BE000069BE0000CC
:1048500069BE000069BE000069BE000069BE0000BC
:1048600069BE000069BE000069BE000069BE0000AC
:1048700069BE000069BE000069BE000069BE00009C
:1048800069BE000069BE000069BE000069BE00008C
:1048900069BE000069BE000069BE000069BE00007C
:1048A00069BE000069BE000069BE000069BE00006C
:1048B00069BE000069BE000069BE000069BE00005C
:1048C00069BE000069BE000069BE000069BE00004C
:1048D00069BE000069BE000069BE000069BE00003C
:1048E00069BE000069BE000069BE000069BE00002C
:1048F00069BE000069BE000069BE000069BE00001C
:1049000069BE000069BE000069BE000069BE00000B
:1049100069BE000069BE000069BE000069BE0000FB
:1049200069BE000069BE000069BE000069BE0000EB
:1049300069BE000069BE000069BE000069BE0000DB
:1049400069BE000069BE000069BE000069BE0000CB
:1049500069BE000020A107000000000080000000E8
:104960000024F4480C0300000000000000000000D8
:10497000000000000000000000000000BE9F2A4070
:104980000000003FCDCC4C3E0000003F0000003F47
:104990000000003F0000003F00004040CDCC2C4014
:1049A0009A99D93F00000040000010410000003FEC
:1049B0009A99993E9A99993ECDCCCC3D0000003F02
:1049C000CDCC0C3F9A99193F6666263F0000E04126
:1049D0000000003F0000003F0000003F00000041D9
:1049E000CDCCCC3E0000003FCDCC0C3F9A99193F76
:1049F000CDCC4C3E9A99993EFFFFFFFF083C3E40CC
:104A00003C0000000000000000000000000000006A
:104A10000000000000000000000000000000000096
:104A20000000000000000000000000000000000086
:104A30000000000000000000000000000000000076
:104A40000000000000000000000000000000000066
:104A50000000000000000000000000000000000056
:104A60000000000000000000000000000000000046
:104A70000000000000000000000000000000000036
:104A80000000000000000000000000000000000026
:104A90000000000000000000000000000000000016
:104AA0000000000000000000000000000000000006
:104AB00000000000000000000000000000000000F6
:104AC00000000000000000000000000000000000E6
:104AD00000000000000000000000000000000000D6
:104AE00000000000000000000000000000000000C6
:104AF00000000000000000000000000000000000B6
:104B000000000000000000000000000000000000A5
:104B10000000000000000000000000000000000095
:104B20000000000000000000000000000000000085
:104B30000000000000000000000000000000000075
:104B40000000000000000000000000000000000065
:104B50000000000000000000000000000000000055
:104B60000000000000000000000000000000000045
:104B70000000000000000000000000000000000035
:104B80000000000000000000000000000000000025
:104B90000000000000000000000000000000000015
:104BA0000000000000000000000000000000000005
:104BB00000000000000000000000000000000000F5
:104BC00000000000000000000000000000000000E5
:104BD00000000000000000000000000000000000D5
:104BE00000000000000000000000000000000000C5
:104BF00000000000000000000000000000000000B5
:104C000000000000000000000000000000000000A4
:104C10000000000000000000000000000000000094
:104C20000000000000000000000000000000000084
:104C30000000000000000000000000000000000074
:104C40000000000000000000000000000000000064
:104C50000000000000000000000000000000000054
:104C60000000000000000000000000000000000044
:104C70000000000000000000000000000000000034
:104C80000000000000000000000000000000000024
:104C90000000000000000000000000000000000014
:104CA0000000000000000000000000000000000004
:104CB00000000000000000000000000000000000F4
:104CC00000000000000000000000000000000000E4
:104CD00000000000000000000000000000000000D4
:104CE00000000000000000000000000000000000C4
:104CF00000000000000000000000000000000000B4
:104D000000000000000000000000000000000000A3
:104D10000000000000000000000000000000000093
:104D20000000000000000000000000000000000083
:104D30000000000000000000000000000000000073
:104D40000000000000000000000000000000000063
:104D5000FFFFFFFFFFFFFFFFFFFFFFFFFFFFFFFF63
:104D6000FFFFFFFFFFFFFFFFFFFFFFFFFFFFFFFF53
:104D7000FFFFFFFFFFFFFFFFFFFFFFFFFFFFFFFF43
:104D8000FFFFFFFFFFFFFFFFFFFFFFFFFFFFFFFF33
:104D9000FFFFFFFFFFFFFFFFFFFFFFFFFFFFFFFF23
:104DA000FFFFFFFFFFFFFFFFFFFFFFFFFFFFFFFF13
:104DB000FFFFFFFFFFFFFFFFFFFFFFFFFFFFFFFF03
:104DC000FFFFFFFFFFFFFFFFFFFFFFFFFFFFFFFFF3
:104DD000FFFFFFFFFFFFFFFFFFFFFFFFFFFFFFFFE3
:104DE000FFFFFFFFFFFFFFFFFFFFFFFFFFFFFFFFD3
:104DF000FFFFFFFFFFFFFFFFFFFFFFFFFFFFFFFFC3
:104E0000FFFFFFFFFFFFFFFFFFFFFFFFFFFFFFFFB2
:104E1000FFFFFFFFFFFFFFFFFFFFFFFFFFFFFFFFA2
:104E2000FFFFFFFFFFFFFFFFFFFFFFFFFFFFFFFF92
:104E3000FFFFFFFFFFFFFFFFFFFFFFFFFFFFFFFF82
:104E4000FFFFFFFFFFFFFFFFFFFFFFFFFFFFFFFF72
:104E5000FFFFFFFFFFFFFFFFFFFFFFFFFFFFFFFF62
:104E6000FFFFFFFFFFFFFFFFFFFFFFFFFFFFFFFF52
:104E7000FFFFFFFFFFFFFFFFFFFFFFFFFFFFFFFF42
:104E8000FFFFFFFFFFFFFFFFFFFFFFFFFFFFFFFF32
:104E9000FFFFFFFFFFFFFFFFFFFFFFFFFFFFFFFF22
:104EA000FFFFFFFFFFFFFFFFFFFFFFFFFFFFFFFF12
:104EB000FFFFFFFFFFFFFFFFFFFFFFFFFFFFFFFF02
:104EC000FFFFFFFFFFFFFFFFFFFFFFFFFFFFFFFFF2
:104ED000FFFFFFFFFFFFFFFFFFFFFFFFFFFFFFFFE2
:104EE000FFFFFFFFFFFFFFFFFFFFFFFFFFFFFFFFD2
:104EF000FFFFFFFFFFFFFFFFFFFFFFFFFFFFFFFFC2
:104F0000FFFFFFFFFFFFFFFFFFFFFFFFFFFFFFFFB1
:104F1000FFFFFFFFFFFFFFFFFFFFFFFFFFFFFFFFA1
:104F2000FFFFFFFFFFFFFFFFFFFFFFFFFFFFFFFF91
:104F3000FFFFFFFFFFFFFFFFFFFFFFFFFFFFFFFF81
:104F4000FFFFFFFFFFFFFFFFFFFFFFFFFFFFFFFF71
:104F5000FFFFFFFFFFFFFFFFFFFFFFFFFFFFFFFF61
:104F6000FFFFFFFFFFFFFFFFFFFFFFFFFFFFFFFF51
:104F7000FFFFFFFFFFFFFFFFFFFFFFFFFFFFFFFF41
:104F8000FFFFFFFFFFFFFFFFFFFFFFFFFFFFFFFF31
:104F9000FFFFFFFFFFFFFFFFFFFFFFFFFFFFFFFF21
:104FA000FFFFFFFFFFFFFFFFFFFFFFFFFFFFFFFF11
:104FB000FFFFFFFFFFFFFFFFFFFFFFFFFFFFFFFF01
:104FC000FFFFFFFFFFFFFFFFFFFFFFFFFFFFFFFFF1
:104FD000FFFFFFFFFFFFFFFFFFFFFFFFFFFFFFFFE1
:104FE000FFFFFFFFFFFFFFFFFFFFFFFFFFFFFFFFD1
:104FF000FFFFFFFFFFFFFFFFFFFFFFFFFFFFFFFFC1
:1050000000000000000000000000000000000000A0
:105010000000000000000000000000000000000090
:105020000000000000000000000000000000000080
:105030000000000000000000000000000000000070
:105040000000000000000000000000000000000060
:105050000000000000000000000000000000000050
:105060000000000000000000000000000000000040
:105070000000000000000000000000000000000030
:105080000000000000000000000000000000000020
:105090000000000000000000000000000000000010
:1050A0000000000000000000000000000000000000
:1050B00000000000000000000000000000000000F0
:1050C00000000000000000000000000000000000E0
:1050D00000000000000000000000000000000000D0
:1050E00000000000000000000000000000000000C0
:1050F00000000000000000000000000000000000B0
:10510000000000000000000000000000000000009F
:10511000000000000000000000000000000000008F
:10512000000000000000000000000000000000007F
:10513000000000000000000000000000000000006F
:10514000000000000000000000000000000000005F
:10515000000000000000000000000000000000004F
:10516000000000000000000000000000000000003F
:10517000000000000000000000000000000000002F
:10518000000000000000000000000000000000001F
:10519000000000000000000000000000000000000F
:1051A00000000000000000000000000000000000FF
:1051B00000000000000000000000000000000000EF
:1051C00000000000000000000000000000000000DF
:1051D00000000000000000000000000000000000CF
:1051E00000000000000000000000000000000000BF
:1051F00000000000000000000000000000000000AF
:10520000000000000000000000000000000000009E
:10521000000000000000000000000000000000008E
:10522000000000000000000000000000000000007E
:10523000000000000000000000000000000000006E
:10524000000000000000000000000000000000005E
:10525000000000000000000000000000000000004E
:10526000000000000000000000000000000000003E
:10527000000000000000000000000000000000002E
:10528000000000000000000000000000000000001E
:10529000000000000000000000000000000000000E
:1052A00000000000000000000000000000000000FE
:1052B00000000000000000000000000000000000EE
:1052C00000000000000000000000000000000000DE
:1052D00000000000000000000000000000000000CE
:1052E00000000000000000000000000000000000BE
:1052F00000000000000000000000000000000000AE
:10530000000000000000000000000000000000009D
:10531000000000000000000000000000000000008D
:10532000000000000000000000000000000000007D
:10533000000000000000000000000000000000006D
:10534000000000000000000000000000000000005D
:10535000000000000000000000000000000000004D
:10536000000000000000000000000000000000003D
:10537000000000000000000000000000000000002D
:10538000000000000000000000000000000000001D
:10539000000000000000000000000000000000000D
:1053A00000000000000000000000000000000000FD
:1053B00000000000000000000000000000000000ED
:1053C00000000000000000000000000000000000DD
:1053D00000000000000000000000000000000000CD
:1053E00000000000000000000000000000000000BD
:1053F00000000000000000000000000000000000AD
:10540000000000000000000000000000000000009C
:10541000000000000000000000000000000000008C
:10542000000000000000000000000000000000007C
:10543000000000000000000000000000000000006C
:10544000000000000000000000000000000000005C
:10545000000000000000000000000000000000004C
:10546000000000000000000000000000000000003C
:10547000000000000000000000000000000000002C
:10548000000000000000000000000000000000001C
:10549000000000000000000000000000000000000C
:1054A00000000000000000000000000000000000FC
:1054B00000000000000000000000000000000000EC
:1054C00000000000000000000000000000000000DC
:1054D00000000000000000000000000000000000CC
:1054E00000000000000000000000000000000000BC
:1054F00000000000000000000000000000000000AC
:10550000000000000000000000000000000000009B
:10551000000000000000000000000000000000008B
:10552000000000000000000000000000000000007B
:10553000000000000000000000000000000000006B
:10554000000000000000000000000000000000005B
:10555000000000000000000000000000000000004B
:10556000000000000000000000000000000000003B
:10557000000000000000000000000000000000002B
:10558000000000000000000000000000000000001B
:10559000000000000000000000000000000000000B
:1055A00000000000000000000000000000000000FB
:1055B00000000000000000000000000000000000EB
:1055C00000000000000000000000000000000000DB
:1055D00000000000000000000000000000000000CB
:1055E00000000000000000000000000000000000BB
:1055F00000000000000000000000000000000000AB
:10560000000000000000000000000000000000009A
:10561000000000000000000000000000000000008A
:10562000000000000000000000000000000000007A
:10563000000000000000000000000000000000006A
:10564000000000000000000000000000000000005A
:10565000000000000000000000000000000000004A
:10566000000000000000000000000000000000003A
:10567000000000000000000000000000000000002A
:10568000000000000000000000000000000000001A
:10569000000000000000000000000000000000000A
:1056A00000000000000000000000000000000000FA
:1056B00000000000000000000000000000000000EA
:1056C00000000000000000000000000000000000DA
:1056D00000000000000000000000000000000000CA
:1056E00000000000000000000000000000000000BA
:1056F00000000000000000000000000000000000AA
:105700000000000000000000000000000000000099
:105710000000000000000000000000000000000089
:105720000000000000000000000000000000000079
:105730000000000000000000000000000000000069
:105740000000000000000000000000000000000059
:105750000000000000000000000000000000000049
:105760000000000000000000000000000000000039
:105770000000000000000000000000000000000029
:105780000000000000000000000000000000000019
:105790000000000000000000000000000000000009
:1057A00000000000000000000000000000000000F9
:1057B00000000000000000000000000000000000E9
:1057C00000000000000000000000000000000000D9
:1057D00000000000000000000000000000000000C9
:1057E00000000000000000000000000000000000B9
:1057F00000000000000000000000000000000000A9
:105800000000000000000000000000000000000098
:105810000000000000000000000000000000000088
:105820000000000000000000000000000000000078
:105830000000000000000000000000000000000068
:105840000000000000000000000000000000000058
:105850000000000000000000000000000000000048
:105860000000000000000000000000000000000038
:105870000000000000000000000000000000000028
:105880000000000000000000000000000000000018
:105890000000000000000000000000000000000008
:1058A00000000000000000000000000000000000F8
:1058B00000000000000000000000000000000000E8
:1058C00000000000000000000000000000000000D8
:1058D00000000000000000000000000000000000C8
:1058E00000000000000000000000000000000000B8
:1058F00000000000000000000000000000000000A8
:105900000000000000000000000000000000000097
:105910000000000000000000000000000000000087
:105920000000000000000000000000000000000077
:105930000000000000000000000000000000000067
:105940000000000000000000000000000000000057
:105950000000000000000000000000000000000047
:105960000000000000000000000000000000000037
:105970000000000000000000000000000000000027
:105980000000000000000000000000000000000017
:105990000000000000000000000000000000000007
:1059A00000000000000000000000000000000000F7
:1059B00000000000000000000000000000000000E7
:1059C00000000000000000000000000000000000D7
:1059D00000000000000000000000000000000000C7
:1059E00000000000000000000000000000000000B7
:1059F00000000000000000000000000000000000A7
:105A00000000000000000000000000000000000096
:105A10000000000000000000000000000000000086
:105A20000000000000000000000000000000000076
:105A30000000000000000000000000000000000066
:105A40000000000000000000000000000000000056
:105A50000000000000000000000000000000000046
:105A60000000000000000000000000000000000036
:105A70000000000000000000000000000000000026
:105A80000000000000000000000000000000000016
:105A90000000000000000000000000000000000006
:105AA00000000000000000000000000000000000F6
:105AB00000000000000000000000000000000000E6
:105AC00000000000000000000000000000000000D6
:105AD00000000000000000000000000000000000C6
:105AE00000000000000000000000000000000000B6
:105AF00000000000000000000000000000000000A6
:105B00000000000000000000000000000000000095
:105B10000000000000000000000000000000000085
:105B20000000000000000000000000000000000075
:105B30000000000000000000000000000000000065
:105B40000000000000000000000000000000000055
:105B50000000000000000000000000000000000045
:105B60000000000000000000000000000000000035
:105B70000000000000000000000000000000000025
:105B80000000000000000000000000000000000015
:105B90000000000000000000000000000000000005
:105BA00000000000000000000000000000000000F5
:105BB00000000000000000000000000000000000E5
:105BC00000000000000000000000000000000000D5
:105BD00000000000000000000000000000000000C5
:105BE00000000000000000000000000000000000B5
:105BF00000000000000000000000000000000000A5
:040000056000100087
:00000001FF
