:0200000460009A
:100000004643464200000156000000000103030081
:1000100000000000000000000000000000000000E0
:1000200000000000000000000000000000000000D0
:1000300000000000000000000000000000000000C0
:1000400000000000010408000000000000000000A3
:100050000000200000000000000000000000000080
:100060000000000000000000000000000000000090
:100070000000000000000000000000000000000080
:10008000EB04180A063204260000000000000000FD
:10009000050404240000000000000000000000002F
:1000A0000000000000000000000000000000000050
:1000B0000604000000000000000000000000000036
:1000C0000000000000000000000000000000000030
:1000D00020041808000000000000000000000000DC
:1000E0000000000000000000000000000000000010
:1000F0000000000000000000000000000000000000
:10010000D8041808000000000000000000000000F3
:100110000204180804200000000000000000000095
:1001200000000000000000000000000000000000CF
:10013000600400000000000000000000000000005B
:1001400000000000000000000000000000000000AF
:10015000000000000000000000000000000000009F
:10016000000000000000000000000000000000008F
:10017000000000000000000000000000000000007F
:10018000000000000000000000000000000000006F
:10019000000000000000000000000000000000005F
:1001A000000000000000000000000000000000004F
:1001B000000000000000000000000000000000003F
:1001C000000100000010000001000000000000001D
:1001D000000001000000000000000000000000001E
:1001E000000000000000000000000000000000000F
:1001F00000000000000000000000000000000000FF
:10020000FFFFFFFFFFFFFFFFFFFFFFFFFFFFFFFFFE
:10021000FFFFFFFFFFFFFFFFFFFFFFFFFFFFFFFFEE
:10022000FFFFFFFFFFFFFFFFFFFFFFFFFFFFFFFFDE
:10023000FFFFFFFFFFFFFFFFFFFFFFFFFFFFFFFFCE
:10024000FFFFFFFFFFFFFFFFFFFFFFFFFFFFFFFFBE
:10025000FFFFFFFFFFFFFFFFFFFFFFFFFFFFFFFFAE
:10026000FFFFFFFFFFFFFFFFFFFFFFFFFFFFFFFF9E
:10027000FFFFFFFFFFFFFFFFFFFFFFFFFFFFFFFF8E
:10028000FFFFFFFFFFFFFFFFFFFFFFFFFFFFFFFF7E
:10029000FFFFFFFFFFFFFFFFFFFFFFFFFFFFFFFF6E
:1002A000FFFFFFFFFFFFFFFFFFFFFFFFFFFFFFFF5E
:1002B000FFFFFFFFFFFFFFFFFFFFFFFFFFFFFFFF4E
:1002C000FFFFFFFFFFFFFFFFFFFFFFFFFFFFFFFF3E
:1002D000FFFFFFFFFFFFFFFFFFFFFFFFFFFFFFFF2E
:1002E000FFFFFFFFFFFFFFFFFFFFFFFFFFFFFFFF1E
:1002F000FFFFFFFFFFFFFFFFFFFFFFFFFFFFFFFF0E
:10030000FFFFFFFFFFFFFFFFFFFFFFFFFFFFFFFFFD
:10031000FFFFFFFFFFFFFFFFFFFFFFFFFFFFFFFFED
:10032000FFFFFFFFFFFFFFFFFFFFFFFFFFFFFFFFDD
:10033000FFFFFFFFFFFFFFFFFFFFFFFFFFFFFFFFCD
:10034000FFFFFFFFFFFFFFFFFFFFFFFFFFFFFFFFBD
:10035000FFFFFFFFFFFFFFFFFFFFFFFFFFFFFFFFAD
:10036000FFFFFFFFFFFFFFFFFFFFFFFFFFFFFFFF9D
:10037000FFFFFFFFFFFFFFFFFFFFFFFFFFFFFFFF8D
:10038000FFFFFFFFFFFFFFFFFFFFFFFFFFFFFFFF7D
:10039000FFFFFFFFFFFFFFFFFFFFFFFFFFFFFFFF6D
:1003A000FFFFFFFFFFFFFFFFFFFFFFFFFFFFFFFF5D
:1003B000FFFFFFFFFFFFFFFFFFFFFFFFFFFFFFFF4D
:1003C000FFFFFFFFFFFFFFFFFFFFFFFFFFFFFFFF3D
:1003D000FFFFFFFFFFFFFFFFFFFFFFFFFFFFFFFF2D
:1003E000FFFFFFFFFFFFFFFFFFFFFFFFFFFFFFFF1D
:1003F000FFFFFFFFFFFFFFFFFFFFFFFFFFFFFFFF0D
:10040000FFFFFFFFFFFFFFFFFFFFFFFFFFFFFFFFFC
:10041000FFFFFFFFFFFFFFFFFFFFFFFFFFFFFFFFEC
:10042000FFFFFFFFFFFFFFFFFFFFFFFFFFFFFFFFDC
:10043000FFFFFFFFFFFFFFFFFFFFFFFFFFFFFFFFCC
:10044000FFFFFFFFFFFFFFFFFFFFFFFFFFFFFFFFBC
:10045000FFFFFFFFFFFFFFFFFFFFFFFFFFFFFFFFAC
:10046000FFFFFFFFFFFFFFFFFFFFFFFFFFFFFFFF9C
:10047000FFFFFFFFFFFFFFFFFFFFFFFFFFFFFFFF8C
:10048000FFFFFFFFFFFFFFFFFFFFFFFFFFFFFFFF7C
:10049000FFFFFFFFFFFFFFFFFFFFFFFFFFFFFFFF6C
:1004A000FFFFFFFFFFFFFFFFFFFFFFFFFFFFFFFF5C
:1004B000FFFFFFFFFFFFFFFFFFFFFFFFFFFFFFFF4C
:1004C000FFFFFFFFFFFFFFFFFFFFFFFFFFFFFFFF3C
:1004D000FFFFFFFFFFFFFFFFFFFFFFFFFFFFFFFF2C
:1004E000FFFFFFFFFFFFFFFFFFFFFFFFFFFFFFFF1C
:1004F000FFFFFFFFFFFFFFFFFFFFFFFFFFFFFFFF0C
:10050000FFFFFFFFFFFFFFFFFFFFFFFFFFFFFFFFFB
:10051000FFFFFFFFFFFFFFFFFFFFFFFFFFFFFFFFEB
:10052000FFFFFFFFFFFFFFFFFFFFFFFFFFFFFFFFDB
:10053000FFFFFFFFFFFFFFFFFFFFFFFFFFFFFFFFCB
:10054000FFFFFFFFFFFFFFFFFFFFFFFFFFFFFFFFBB
:10055000FFFFFFFFFFFFFFFFFFFFFFFFFFFFFFFFAB
:10056000FFFFFFFFFFFFFFFFFFFFFFFFFFFFFFFF9B
:10057000FFFFFFFFFFFFFFFFFFFFFFFFFFFFFFFF8B
:10058000FFFFFFFFFFFFFFFFFFFFFFFFFFFFFFFF7B
:10059000FFFFFFFFFFFFFFFFFFFFFFFFFFFFFFFF6B
:1005A000FFFFFFFFFFFFFFFFFFFFFFFFFFFFFFFF5B
:1005B000FFFFFFFFFFFFFFFFFFFFFFFFFFFFFFFF4B
:1005C000FFFFFFFFFFFFFFFFFFFFFFFFFFFFFFFF3B
:1005D000FFFFFFFFFFFFFFFFFFFFFFFFFFFFFFFF2B
:1005E000FFFFFFFFFFFFFFFFFFFFFFFFFFFFFFFF1B
:1005F000FFFFFFFFFFFFFFFFFFFFFFFFFFFFFFFF0B
:10060000FFFFFFFFFFFFFFFFFFFFFFFFFFFFFFFFFA
:10061000FFFFFFFFFFFFFFFFFFFFFFFFFFFFFFFFEA
:10062000FFFFFFFFFFFFFFFFFFFFFFFFFFFFFFFFDA
:10063000FFFFFFFFFFFFFFFFFFFFFFFFFFFFFFFFCA
:10064000FFFFFFFFFFFFFFFFFFFFFFFFFFFFFFFFBA
:10065000FFFFFFFFFFFFFFFFFFFFFFFFFFFFFFFFAA
:10066000FFFFFFFFFFFFFFFFFFFFFFFFFFFFFFFF9A
:10067000FFFFFFFFFFFFFFFFFFFFFFFFFFFFFFFF8A
:10068000FFFFFFFFFFFFFFFFFFFFFFFFFFFFFFFF7A
:10069000FFFFFFFFFFFFFFFFFFFFFFFFFFFFFFFF6A
:1006A000FFFFFFFFFFFFFFFFFFFFFFFFFFFFFFFF5A
:1006B000FFFFFFFFFFFFFFFFFFFFFFFFFFFFFFFF4A
:1006C000FFFFFFFFFFFFFFFFFFFFFFFFFFFFFFFF3A
:1006D000FFFFFFFFFFFFFFFFFFFFFFFFFFFFFFFF2A
:1006E000FFFFFFFFFFFFFFFFFFFFFFFFFFFFFFFF1A
:1006F000FFFFFFFFFFFFFFFFFFFFFFFFFFFFFFFF0A
:10070000FFFFFFFFFFFFFFFFFFFFFFFFFFFFFFFFF9
:10071000FFFFFFFFFFFFFFFFFFFFFFFFFFFFFFFFE9
:10072000FFFFFFFFFFFFFFFFFFFFFFFFFFFFFFFFD9
:10073000FFFFFFFFFFFFFFFFFFFFFFFFFFFFFFFFC9
:10074000FFFFFFFFFFFFFFFFFFFFFFFFFFFFFFFFB9
:10075000FFFFFFFFFFFFFFFFFFFFFFFFFFFFFFFFA9
:10076000FFFFFFFFFFFFFFFFFFFFFFFFFFFFFFFF99
:10077000FFFFFFFFFFFFFFFFFFFFFFFFFFFFFFFF89
:10078000FFFFFFFFFFFFFFFFFFFFFFFFFFFFFFFF79
:10079000FFFFFFFFFFFFFFFFFFFFFFFFFFFFFFFF69
:1007A000FFFFFFFFFFFFFFFFFFFFFFFFFFFFFFFF59
:1007B000FFFFFFFFFFFFFFFFFFFFFFFFFFFFFFFF49
:1007C000FFFFFFFFFFFFFFFFFFFFFFFFFFFFFFFF39
:1007D000FFFFFFFFFFFFFFFFFFFFFFFFFFFFFFFF29
:1007E000FFFFFFFFFFFFFFFFFFFFFFFFFFFFFFFF19
:1007F000FFFFFFFFFFFFFFFFFFFFFFFFFFFFFFFF09
:10080000FFFFFFFFFFFFFFFFFFFFFFFFFFFFFFFFF8
:10081000FFFFFFFFFFFFFFFFFFFFFFFFFFFFFFFFE8
:10082000FFFFFFFFFFFFFFFFFFFFFFFFFFFFFFFFD8
:10083000FFFFFFFFFFFFFFFFFFFFFFFFFFFFFFFFC8
:10084000FFFFFFFFFFFFFFFFFFFFFFFFFFFFFFFFB8
:10085000FFFFFFFFFFFFFFFFFFFFFFFFFFFFFFFFA8
:10086000FFFFFFFFFFFFFFFFFFFFFFFFFFFFFFFF98
:10087000FFFFFFFFFFFFFFFFFFFFFFFFFFFFFFFF88
:10088000FFFFFFFFFFFFFFFFFFFFFFFFFFFFFFFF78
:10089000FFFFFFFFFFFFFFFFFFFFFFFFFFFFFFFF68
:1008A000FFFFFFFFFFFFFFFFFFFFFFFFFFFFFFFF58
:1008B000FFFFFFFFFFFFFFFFFFFFFFFFFFFFFFFF48
:1008C000FFFFFFFFFFFFFFFFFFFFFFFFFFFFFFFF38
:1008D000FFFFFFFFFFFFFFFFFFFFFFFFFFFFFFFF28
:1008E000FFFFFFFFFFFFFFFFFFFFFFFFFFFFFFFF18
:1008F000FFFFFFFFFFFFFFFFFFFFFFFFFFFFFFFF08
:10090000FFFFFFFFFFFFFFFFFFFFFFFFFFFFFFFFF7
:10091000FFFFFFFFFFFFFFFFFFFFFFFFFFFFFFFFE7
:10092000FFFFFFFFFFFFFFFFFFFFFFFFFFFFFFFFD7
:10093000FFFFFFFFFFFFFFFFFFFFFFFFFFFFFFFFC7
:10094000FFFFFFFFFFFFFFFFFFFFFFFFFFFFFFFFB7
:10095000FFFFFFFFFFFFFFFFFFFFFFFFFFFFFFFFA7
:10096000FFFFFFFFFFFFFFFFFFFFFFFFFFFFFFFF97
:10097000FFFFFFFFFFFFFFFFFFFFFFFFFFFFFFFF87
:10098000FFFFFFFFFFFFFFFFFFFFFFFFFFFFFFFF77
:10099000FFFFFFFFFFFFFFFFFFFFFFFFFFFFFFFF67
:1009A000FFFFFFFFFFFFFFFFFFFFFFFFFFFFFFFF57
:1009B000FFFFFFFFFFFFFFFFFFFFFFFFFFFFFFFF47
:1009C000FFFFFFFFFFFFFFFFFFFFFFFFFFFFFFFF37
:1009D000FFFFFFFFFFFFFFFFFFFFFFFFFFFFFFFF27
:1009E000FFFFFFFFFFFFFFFFFFFFFFFFFFFFFFFF17
:1009F000FFFFFFFFFFFFFFFFFFFFFFFFFFFFFFFF07
:100A0000FFFFFFFFFFFFFFFFFFFFFFFFFFFFFFFFF6
:100A1000FFFFFFFFFFFFFFFFFFFFFFFFFFFFFFFFE6
:100A2000FFFFFFFFFFFFFFFFFFFFFFFFFFFFFFFFD6
:100A3000FFFFFFFFFFFFFFFFFFFFFFFFFFFFFFFFC6
:100A4000FFFFFFFFFFFFFFFFFFFFFFFFFFFFFFFFB6
:100A5000FFFFFFFFFFFFFFFFFFFFFFFFFFFFFFFFA6
:100A6000FFFFFFFFFFFFFFFFFFFFFFFFFFFFFFFF96
:100A7000FFFFFFFFFFFFFFFFFFFFFFFFFFFFFFFF86
:100A8000FFFFFFFFFFFFFFFFFFFFFFFFFFFFFFFF76
:100A9000FFFFFFFFFFFFFFFFFFFFFFFFFFFFFFFF66
:100AA000FFFFFFFFFFFFFFFFFFFFFFFFFFFFFFFF56
:100AB000FFFFFFFFFFFFFFFFFFFFFFFFFFFFFFFF46
:100AC000FFFFFFFFFFFFFFFFFFFFFFFFFFFFFFFF36
:100AD000FFFFFFFFFFFFFFFFFFFFFFFFFFFFFFFF26
:100AE000FFFFFFFFFFFFFFFFFFFFFFFFFFFFFFFF16
:100AF000FFFFFFFFFFFFFFFFFFFFFFFFFFFFFFFF06
:100B0000FFFFFFFFFFFFFFFFFFFFFFFFFFFFFFFFF5
:100B1000FFFFFFFFFFFFFFFFFFFFFFFFFFFFFFFFE5
:100B2000FFFFFFFFFFFFFFFFFFFFFFFFFFFFFFFFD5
:100B3000FFFFFFFFFFFFFFFFFFFFFFFFFFFFFFFFC5
:100B4000FFFFFFFFFFFFFFFFFFFFFFFFFFFFFFFFB5
:100B5000FFFFFFFFFFFFFFFFFFFFFFFFFFFFFFFFA5
:100B6000FFFFFFFFFFFFFFFFFFFFFFFFFFFFFFFF95
:100B7000FFFFFFFFFFFFFFFFFFFFFFFFFFFFFFFF85
:100B8000FFFFFFFFFFFFFFFFFFFFFFFFFFFFFFFF75
:100B9000FFFFFFFFFFFFFFFFFFFFFFFFFFFFFFFF65
:100BA000FFFFFFFFFFFFFFFFFFFFFFFFFFFFFFFF55
:100BB000FFFFFFFFFFFFFFFFFFFFFFFFFFFFFFFF45
:100BC000FFFFFFFFFFFFFFFFFFFFFFFFFFFFFFFF35
:100BD000FFFFFFFFFFFFFFFFFFFFFFFFFFFFFFFF25
:100BE000FFFFFFFFFFFFFFFFFFFFFFFFFFFFFFFF15
:100BF000FFFFFFFFFFFFFFFFFFFFFFFFFFFFFFFF05
:100C0000FFFFFFFFFFFFFFFFFFFFFFFFFFFFFFFFF4
:100C1000FFFFFFFFFFFFFFFFFFFFFFFFFFFFFFFFE4
:100C2000FFFFFFFFFFFFFFFFFFFFFFFFFFFFFFFFD4
:100C3000FFFFFFFFFFFFFFFFFFFFFFFFFFFFFFFFC4
:100C4000FFFFFFFFFFFFFFFFFFFFFFFFFFFFFFFFB4
:100C5000FFFFFFFFFFFFFFFFFFFFFFFFFFFFFFFFA4
:100C6000FFFFFFFFFFFFFFFFFFFFFFFFFFFFFFFF94
:100C7000FFFFFFFFFFFFFFFFFFFFFFFFFFFFFFFF84
:100C8000FFFFFFFFFFFFFFFFFFFFFFFFFFFFFFFF74
:100C9000FFFFFFFFFFFFFFFFFFFFFFFFFFFFFFFF64
:100CA000FFFFFFFFFFFFFFFFFFFFFFFFFFFFFFFF54
:100CB000FFFFFFFFFFFFFFFFFFFFFFFFFFFFFFFF44
:100CC000FFFFFFFFFFFFFFFFFFFFFFFFFFFFFFFF34
:100CD000FFFFFFFFFFFFFFFFFFFFFFFFFFFFFFFF24
:100CE000FFFFFFFFFFFFFFFFFFFFFFFFFFFFFFFF14
:100CF000FFFFFFFFFFFFFFFFFFFFFFFFFFFFFFFF04
:100D0000FFFFFFFFFFFFFFFFFFFFFFFFFFFFFFFFF3
:100D1000FFFFFFFFFFFFFFFFFFFFFFFFFFFFFFFFE3
:100D2000FFFFFFFFFFFFFFFFFFFFFFFFFFFFFFFFD3
:100D3000FFFFFFFFFFFFFFFFFFFFFFFFFFFFFFFFC3
:100D4000FFFFFFFFFFFFFFFFFFFFFFFFFFFFFFFFB3
:100D5000FFFFFFFFFFFFFFFFFFFFFFFFFFFFFFFFA3
:100D6000FFFFFFFFFFFFFFFFFFFFFFFFFFFFFFFF93
:100D7000FFFFFFFFFFFFFFFFFFFFFFFFFFFFFFFF83
:100D8000FFFFFFFFFFFFFFFFFFFFFFFFFFFFFFFF73
:100D9000FFFFFFFFFFFFFFFFFFFFFFFFFFFFFFFF63
:100DA000FFFFFFFFFFFFFFFFFFFFFFFFFFFFFFFF53
:100DB000FFFFFFFFFFFFFFFFFFFFFFFFFFFFFFFF43
:100DC000FFFFFFFFFFFFFFFFFFFFFFFFFFFFFFFF33
:100DD000FFFFFFFFFFFFFFFFFFFFFFFFFFFFFFFF23
:100DE000FFFFFFFFFFFFFFFFFFFFFFFFFFFFFFFF13
:100DF000FFFFFFFFFFFFFFFFFFFFFFFFFFFFFFFF03
:100E0000FFFFFFFFFFFFFFFFFFFFFFFFFFFFFFFFF2
:100E1000FFFFFFFFFFFFFFFFFFFFFFFFFFFFFFFFE2
:100E2000FFFFFFFFFFFFFFFFFFFFFFFFFFFFFFFFD2
:100E3000FFFFFFFFFFFFFFFFFFFFFFFFFFFFFFFFC2
:100E4000FFFFFFFFFFFFFFFFFFFFFFFFFFFFFFFFB2
:100E5000FFFFFFFFFFFFFFFFFFFFFFFFFFFFFFFFA2
:100E6000FFFFFFFFFFFFFFFFFFFFFFFFFFFFFFFF92
:100E7000FFFFFFFFFFFFFFFFFFFFFFFFFFFFFFFF82
:100E8000FFFFFFFFFFFFFFFFFFFFFFFFFFFFFFFF72
:100E9000FFFFFFFFFFFFFFFFFFFFFFFFFFFFFFFF62
:100EA000FFFFFFFFFFFFFFFFFFFFFFFFFFFFFFFF52
:100EB000FFFFFFFFFFFFFFFFFFFFFFFFFFFFFFFF42
:100EC000FFFFFFFFFFFFFFFFFFFFFFFFFFFFFFFF32
:100ED000FFFFFFFFFFFFFFFFFFFFFFFFFFFFFFFF22
:100EE000FFFFFFFFFFFFFFFFFFFFFFFFFFFFFFFF12
:100EF000FFFFFFFFFFFFFFFFFFFFFFFFFFFFFFFF02
:100F0000FFFFFFFFFFFFFFFFFFFFFFFFFFFFFFFFF1
:100F1000FFFFFFFFFFFFFFFFFFFFFFFFFFFFFFFFE1
:100F2000FFFFFFFFFFFFFFFFFFFFFFFFFFFFFFFFD1
:100F3000FFFFFFFFFFFFFFFFFFFFFFFFFFFFFFFFC1
:100F4000FFFFFFFFFFFFFFFFFFFFFFFFFFFFFFFFB1
:100F5000FFFFFFFFFFFFFFFFFFFFFFFFFFFFFFFFA1
:100F6000FFFFFFFFFFFFFFFFFFFFFFFFFFFFFFFF91
:100F7000FFFFFFFFFFFFFFFFFFFFFFFFFFFFFFFF81
:100F8000FFFFFFFFFFFFFFFFFFFFFFFFFFFFFFFF71
:100F9000FFFFFFFFFFFFFFFFFFFFFFFFFFFFFFFF61
:100FA000FFFFFFFFFFFFFFFFFFFFFFFFFFFFFFFF51
:100FB000FFFFFFFFFFFFFFFFFFFFFFFFFFFFFFFF41
:100FC000FFFFFFFFFFFFFFFFFFFFFFFFFFFFFFFF31
:100FD000FFFFFFFFFFFFFFFFFFFFFFFFFFFFFFFF21
:100FE000FFFFFFFFFFFFFFFFFFFFFFFFFFFFFFFF11
:100FF000FFFFFFFFFFFFFFFFFFFFFFFFFFFFFFFF01
:10100000D1002043ED15006000000000000000004A
:10101000201000600010006000AC006000000000C4
:101020000000006000B8000000000000FFFFFFFFAC
:10103000FFFFFFFFFFFFFFFFFFFFFFFFFFFFFFFFC0
:10104000FFFFFFFFFFFFFFFFFFFFFFFFFFFFFFFFB0
:10105000FFFFFFFFFFFFFFFFFFFFFFFFFFFFFFFFA0
:10106000FFFFFFFFFFFFFFFFFFFFFFFFFFFFFFFF90
:10107000FFFFFFFFFFFFFFFFFFFFFFFFFFFFFFFF80
:10108000FFFFFFFFFFFFFFFFFFFFFFFFFFFFFFFF70
:10109000FFFFFFFFFFFFFFFFFFFFFFFFFFFFFFFF60
:1010A000FFFFFFFFFFFFFFFFFFFFFFFFFFFFFFFF50
:1010B000FFFFFFFFFFFFFFFFFFFFFFFFFFFFFFFF40
:1010C000FFFFFFFFFFFFFFFFFFFFFFFFFFFFFFFF30
:1010D000FFFFFFFFFFFFFFFFFFFFFFFFFFFFFFFF20
:1010E000FFFFFFFFFFFFFFFFFFFFFFFFFFFFFFFF10
:1010F000FFFFFFFFFFFFFFFFFFFFFFFFFFFFFFFF00
:10110000FFFFFFFFFFFFFFFFFFFFFFFFFFFFFFFFEF
:10111000FFFFFFFFFFFFFFFFFFFFFFFFFFFFFFFFDF
:10112000FFFFFFFFFFFFFFFFFFFFFFFFFFFFFFFFCF
:10113000FFFFFFFFFFFFFFFFFFFFFFFFFFFFFFFFBF
:10114000FFFFFFFFFFFFFFFFFFFFFFFFFFFFFFFFAF
:10115000FFFFFFFFFFFFFFFFFFFFFFFFFFFFFFFF9F
:10116000FFFFFFFFFFFFFFFFFFFFFFFFFFFFFFFF8F
:10117000FFFFFFFFFFFFFFFFFFFFFFFFFFFFFFFF7F
:10118000FFFFFFFFFFFFFFFFFFFFFFFFFFFFFFFF6F
:10119000FFFFFFFFFFFFFFFFFFFFFFFFFFFFFFFF5F
:1011A000FFFFFFFFFFFFFFFFFFFFFFFFFFFFFFFF4F
:1011B000FFFFFFFFFFFFFFFFFFFFFFFFFFFFFFFF3F
:1011C000FFFFFFFFFFFFFFFFFFFFFFFFFFFFFFFF2F
:1011D000FFFFFFFFFFFFFFFFFFFFFFFFFFFFFFFF1F
:1011E000FFFFFFFFFFFFFFFFFFFFFFFFFFFFFFFF0F
:1011F000FFFFFFFFFFFFFFFFFFFFFFFFFFFFFFFFFF
:10120000FFFFFFFFFFFFFFFFFFFFFFFFFFFFFFFFEE
:10121000FFFFFFFFFFFFFFFFFFFFFFFFFFFFFFFFDE
:10122000FFFFFFFFFFFFFFFFFFFFFFFFFFFFFFFFCE
:10123000FFFFFFFFFFFFFFFFFFFFFFFFFFFFFFFFBE
:10124000FFFFFFFFFFFFFFFFFFFFFFFFFFFFFFFFAE
:10125000FFFFFFFFFFFFFFFFFFFFFFFFFFFFFFFF9E
:10126000FFFFFFFFFFFFFFFFFFFFFFFFFFFFFFFF8E
:10127000FFFFFFFFFFFFFFFFFFFFFFFFFFFFFFFF7E
:10128000FFFFFFFFFFFFFFFFFFFFFFFFFFFFFFFF6E
:10129000FFFFFFFFFFFFFFFFFFFFFFFFFFFFFFFF5E
:1012A000FFFFFFFFFFFFFFFFFFFFFFFFFFFFFFFF4E
:1012B000FFFFFFFFFFFFFFFFFFFFFFFFFFFFFFFF3E
:1012C000FFFFFFFFFFFFFFFFFFFFFFFFFFFFFFFF2E
:1012D000FFFFFFFFFFFFFFFFFFFFFFFFFFFFFFFF1E
:1012E000FFFFFFFFFFFFFFFFFFFFFFFFFFFFFFFF0E
:1012F000FFFFFFFFFFFFFFFFFFFFFFFFFFFFFFFFFE
:10130000FFFFFFFFFFFFFFFFFFFFFFFFFFFFFFFFED
:10131000FFFFFFFFFFFFFFFFFFFFFFFFFFFFFFFFDD
:10132000FFFFFFFFFFFFFFFFFFFFFFFFFFFFFFFFCD
:10133000FFFFFFFFFFFFFFFFFFFFFFFFFFFFFFFFBD
:10134000FFFFFFFFFFFFFFFFFFFFFFFFFFFFFFFFAD
:10135000FFFFFFFFFFFFFFFFFFFFFFFFFFFFFFFF9D
:10136000FFFFFFFFFFFFFFFFFFFFFFFFFFFFFFFF8D
:10137000FFFFFFFFFFFFFFFFFFFFFFFFFFFFFFFF7D
:10138000FFFFFFFFFFFFFFFFFFFFFFFFFFFFFFFF6D
:10139000FFFFFFFFFFFFFFFFFFFFFFFFFFFFFFFF5D
:1013A000FFFFFFFFFFFFFFFFFFFFFFFFFFFFFFFF4D
:1013B000FFFFFFFFFFFFFFFFFFFFFFFFFFFFFFFF3D
:1013C000FFFFFFFFFFFFFFFFFFFFFFFFFFFFFFFF2D
:1013D000FFFFFFFFFFFFFFFFFFFFFFFFFFFFFFFF1D
:1013E000FFFFFFFFFFFFFFFFFFFFFFFFFFFFFFFF0D
:1013F000FFFFFFFFFFFFFFFFFFFFFFFFFFFFFFFFFD
:10140000824205D051F8043B40F8043B8242F9D8AF
:10141000704700BF044A05494FF0000342F8043BFF
:101420009142FBD8704700BFC01600204032002018
:1014300080B5BFF34F8F00F0BDF9534C534B0820DC
:101440005349C3F85401534AC3F800115248C3F832
:10145000F0405249FFF7D4FF514A52495248FFF732
:10146000CFFF524CFFF7D6FF4FF470004FF0E02152
:1014700000234F4AC1F8880D44F823200133B02BD4
:10148000FAD14C4B80214C4A03F8011B9342FBD10B
:101490004FF0E025494F4A4A4FF0FF31C5F8084D5B
:1014A0000026D5F8243D43F4E023C5F8243DFB692C
:1014B00023F07F0343F04003FB617B6A23F07F034B
:1014C00043F040037B629166D1661167516700F07B
:1014D00079F93C4B63223C49A3633C4BE363032310
:1014E0006A613B4AAE612B61C5F8202DD5F8FC2D11
:1014F000384B42F08072C5F8FC2D1A6842F00102A8
:101500001A605B680B6000F0E7F9334800F06CFB91
:10151000F96E324B324A41F44051F9661E60C3F80D
:101520000861C3F81861C3F82861C3F83861936B88
:10153000DB0708D442F615632A4951651365936B9E
:1015400043F001039363264A274C936843F0011349
:10155000936000F005F900F043FB00F0EBF900F0B8
:101560002BF92368132BFCD900F07CFA2368B3F520
:10157000967FFBD300F024F900F020F900F024FB63
:1015800000F026FB30BFFDE70C0D111300800D406D
:101590001B1018209874000000000000941D0060CB
:1015A000C0160020309200600000002000140020CF
:1015B0002D49000000E400E0A0E400E000C00F407E
:1015C00000C00A40AD60000018300020B16000008B
:1015D00000002020001000E00046C3230040084027
:1015E00000400D400000C0561C300020054B4FF459
:1015F0002A01054A05485A641864054A99639546C4
:10160000FFF716FF00C00A40ABAAAAAA07002000F5
:10161000008007201BB9124B1B6F9B041ED400F0E7
:101620003F000F4B22F0604221F0604140F48910EE
:101630001867C3F88010C3F890201A6F22F4805204
:101640001A671A6F002AFCDAD3F87011054A0A40AB
:10165000C3F870211A6F22F480321A67704700BFF6
:1016600000800D40FF7F7FFFB1F5607FF0B50E4633
:101670008DB028BF4FF460760F46054672B62E4BEC
:1016800000247022186021462C4B2D481C8000F04D
:10169000A3FACFB121462A484FF0010C4A0901F0C4
:1016A0001F03013150F822400CFA03F38E4243EA43
:1016B000040340F82230F1D8284600234380013348
:1016C00000F582709E42F9D81E4C257815B162B69D
:1016D0000DB0F0BD082000F06FFA1B4B80220646CB
:1016E000009302A90693194B0271056008A80293A2
:1016F00000F07EFA06A9164A304600F07DFA069BF5
:1017000008A8DB689847009B02A8DB689847237805
:10171000002BDCD10F4B104AC3F858210F49D020C1
:101720004FF0E023402281F84600C3F8082101234E
:10173000237062B60DB0F0BD341A0020C431002011
:101740003C1A0020DA31002014050020A5360000E4
:101750001B10010000140020B136000000E400E07E
:10176000104BA020104AD96E41F4403110B4D96614
:1017700040F23764D96E41F44071D9665464906484
:10178000936C1B06FCD4094A40F23761A0235164D4
:101790009364936C13F08003FBD1054A13705DF8DA
:1017A000044B704700C00F4000400C4000800C40CC
:1017B000DF310020704700BF704700BF704700BF97
:1017C00000BF704710B44FF0E023002110243248CE
:1017D000C3F8941DC3F89C4D1124C3F8A00D2F48E5
:1017E000C3F89C4D1224C3F8A00D2D48C3F89C4D9E
:1017F0002C4AC3F8A00D2C4C42F015022B48C3F81C
:101800009C4DC3F8A00D2A4C2A48C3F89C4DC3F840
:10181000A00D294CC3F89C2D2848294AC3F8A04D97
:10182000C3F89C0DC3F8A02D02F5A022254C0C3264
:101830002548C3F89C4DC3F8A02D244AC3F89C0D3D
:10184000C3F8A02D02F14062214C02322148C3F8B6
:101850009C4DC3F8A02D0A32C3F89C0DC3F8A02DEF
:1018600000BF00BF00BF00BF00BF0122C3F8942D1E
:10187000BFF34F8FBFF36F8FC3F8501FBFF34F8F6E
:10188000BFF36F8FD3F8142D5DF8044B42F4403250
:10189000C3F8142D704700BF3F0000102500080753
:1018A0000900100040320020130020002100020730
:1018B0001400002025000813090000101600202045
:1018C00027000B1317000040180000602F000B07C3
:1018D000190000701A000080F0B4154A40274FF438
:1018E00080314FF480564FF400554FF4404443F29A
:1018F0004200136913F0020F0ED113F4005F0FD0F2
:1019000013F4805F0ED0002BF3DA13F4803F0BD179
:101910005B060BD5F0BC7047946151619061E8E7BC
:101920005561E6E75661E4E79161E2E75761E0E778
:1019300000800D403F4A03203F49F3EE095AD2F898
:1019400080304FF0000C9FED3D6A23F001039FEDC6
:101950003C5A30B4C2F88030C2F89000D1F8E010A0
:10196000384DCBB2384C39482B6007EE903A0B0D0E
:10197000C1F30B21F8EEE77A06EE903A07EE101A63
:10198000334BB8EEC77A2160F8EEE66A314937EE9C
:10199000C66A37EEC55A76EEC76A77EEE57A26EE66
:1019A000266AC3ED006A25EE265AD2F8803067EE2B
:1019B000A64AC0ED007AC6EE275A274885EE276A68
:1019C000C4EEA76A75EE875AFCEEE55A36EE076A52
:1019D00015EE904ABCEEC66A43EA045376EE877A67
:1019E000C2F8803016EE103AD2F89041FCEEE77A59
:1019F00001EA0341214317EE903AC2F89011C3F374
:101A00000B03D2F890110B431449C2F89031D2F86D
:101A1000803043F00203C2F88030114B80F840C0A0
:101A2000C1F840314FF0E023012230BCC3F8082157
:101A3000704700BF00810D4000441F400000AA42D3
:101A40000000B44248230020442300204C230020FF
:101A5000502300200000FF0F00E400E000140020ED
:101A6000F14A0000314B40F6617210B5C3F82021F5
:101A700040F2044400F09CF82D4A2E49D2F8803000
:101A80002D4843F00303C2F880302C4BC1F860416D
:101A900002681A4203D1D1F8A8319A071BD0254A0F
:101AA0004FF00041244B5963D2F8403143F0020318
:101AB000C2F84031D2F840319B07FBD44FF40030DC
:101AC0004FF0E0211C4B4FF00042C1F88C0219206E
:101AD0009A6300F075F8184A4FF08040154C0021C9
:101AE00090630A20164B11604FF42072C4F8A801CD
:101AF000184600F071F84FF4800203464FF481005D
:101B000040F243111860C4F858311A640D4B0E4A64
:101B1000C4F84811C3F804224FF0E0224FF400311A
:101B20000123C2F80C11C4F8403110BD00800D40F3
:101B300000C00F4000002E4000900D40001C1E0011
:101B40000000002000140020114D000008B50E4BCD
:101B50001B6E9B0700D4FBBE72B60C4B00200C4AD8
:101B6000C3F8400103F160430A49A3F55F23116400
:101B70009D46BFF34F8F4FF400130748074ADB69B8
:101B800002609B68984700BF00441F4000002E4041
:101B900000C00A400300200000802020000012EB5B
:101BA000F8B500BFF8BC08BC9E46704700000000B6
:101BB0005FF800F04D5400005FF800F01946000097
:101BC0005FF800F0E94100005FF800F0E17000000C
:101BD0005FF800F0D54400005FF800F001700000ED
:101BE0005FF800F01D4800005FF800F0F93E0000CB
:101BF0005FF800F0193700005FF800F04D3C00007E
:101C000005010000FD2A00008D360000513D000056
:101C100020036400690063006500460072006900EB
:101C200065006E006400200076002E003000310058
:101C3000220353006900670069006C0049006E00D0
:101C400073007400720075006D0065006E00740012
:101C5000730000000403090409029500030100C099
:101C600032080B0002020201000904000001020216
:101C700001000524001001052401010104240206CD
:101C80000524060001070582031000100904010065
:101C9000020A000000070503024000000705830256
:101CA00040000009040200020103000007240100B3
:101CB0000125000624020101000624020202000997
:101CC00024030103010201000924030204010101AC
:101CD000000905040240000000000525010101097A
:101CE00005840240000000000525010103000000FA
:101CF00009029500030100C032080B000202020134
:101D00000009040000010202010005240010010581
:101D100024010101042402060524060001070582AE
:101D20000310000509040100020A00000007050372
:101D300002000200070583020002000904020002FB
:101D4000010300020724010001250006240201010D
:101D50000206240202020209240301030102010215
:101D60000924030204010101020905040200020022
:101D700000000525010101090584020002000000A0
:101D800005250101030000000A060002EF020140E0
:041D9000010000004E
:101D9400000000000000000000000000000000003F
:101DA400000000000000000000000000000000002F
:101DB400F8B54FF084439D695A6915400DD0254FFD
:101DC40001269D6195FAA5F4B4FA84F457F82430F9
:101DD40006FA04F49847A543F4D11F4B9D695A6948
:101DE40015400DD01D4F01269D6195FAA5F4B4FA56
:101DF40084F457F8243006FA04F49847A543F4D140
:101E0400174B9D695A6915400DD0164F01269D61E7
:101E140095FAA5F4B4FA84F457F8243006FA04F4D5
:101E24009847A543F4D1104B9D695A6915400DD0CC
:101E34000E4F01269D6195FAA5F4B4FA84F457F87F
:101E4400243006FA04F49847A543F4D1BFF34F8F26
:101E5400F8BD00BF900E002000400042100F00208B
:101E640000800042900F002000C0004210100020AB
:101E74000548064B1B1AD90F01EBA301491002D0E8
:101E8400034B03B118477047C0160020C01600204A
:101E94000000000008B5054B1BB105490548AFF328
:101EA4000080BDE80840FFF7E3BF00BF000000006A
:101EB4008822002000B800602DE9F04F2DED108B32
:101EC4008DB0044603F0FAFA05460B9003F0F6FAD7
:101ED4000A90002D00F0A687002800F09E8794F851
:101EE400B95C012D20D0022D00F0C787032D00F02E
:101EF400A8879FED497AD4ED1D6ADFED487AB0EEEC
:101F040047AAD4ED194AA6EEA77A9FED455A9FED4C
:101F1400450AD4ED1B5A9FED446AA4EE850AA5EE4A
:101F240086AAF0EE479A19E0D4ED1B5A9FED3F6A5A
:101F34009FED5D7AD4ED194AA5EE867A9FED3C5A61
:101F44009FED3C0AD4ED1D6ADFED3B7AA4EE850AD1
:101F5400DFED3A9AE6EEA79AB0EE47AA9FED388AEB
:101F6400BFEE009ADFED377AF7EE00FA20EE080AAA
:101F7400DFED358ACDED007ADFED34DA89EE000A43
:101F84009FED33FA05F0B6FF8DED080A2AEE08AA94
:101F940089EE0A0A05F0AEFF8DED030A69EE889A10
:101FA40089EE290A05F0A6FFD4ED1AAADFED296A05
:101FB4009FED297ADFED294AAAEEA67A9FED285AE9
:101FC400DFED285A9FED286AAAEEA45ADFED276AAE
:101FD400AAEEA56A0A9B0B9A8DED057A9E1C9FEDCD
:101FE400247A971CD4F818B003F58178AAEEA67A5F
:101FF40094ED25DA94ED0CEAD4ED26CA94ED0DCADD
:10200400D4ED0EBA8DED045A8DED066A8DED090AF4
:102014008DED077A88E000BFA69BC43B0AD7233E18
:102024006666263F295C0F3DEC51383DF4FDD43CF7
:10203400EC51B83D0AD7233C0AD7233D0AD7233BAA
:1020440000442C4700000000DB0FC940EC51383F2E
:102054008FC2F53D00003D43000067430000E642A7
:1020640000001143008018440000C343008063440F
:1020740000804544000028420000184200005C42F1
:1020840000005243295C0F3E9A99593FCDCCAC3F96
:102094006F12833A7B837F3FF628DC3E14AEC73E43
:1020A4007B142E3FBC74933C6F12833B000075433A
:1020B40000007F4300808F4300808B43E17A143F0C
:1020C4009A995940CDCC0C406F12033C3D0A973F7E
:1020D400AE47E13E3D0AD73E6666863F1F85EB3E2E
:1020E4008FC2F53E9A99993EF6285C3F3333733F8D
:1020F400CDCCCC3CEC51383EF4EEE67AF1EE10FA5D
:1021040000F31B85FDEEE77A17EE903A1BB2B0EEB2
:10211400C55ADDED007A26F8023F464577EE857A0A
:10212400CDED007A00F050868BEA4B3B012D8BEA13
:102134005B4B8BEA4B1B1FFA8BF3A3F5004309EEB1
:10214400103ABAEEE89A00F09884022D00F07285F5
:10215400032D00F01D86D4ED189A1FED3A6A1FED89
:102164003A7A5FED396A5FED3B7AA9EE867AD4ED6F
:1021740009EAE9EEA67AAEEEA77AC7EE087A94EDFC
:10218400087A77EE877AF4EEEF7AF1EE10FA01DB53
:1021940077EEEF7A27EEA8BA022DC4ED087AB0EEF6
:1021A4004B0A00F00B85032D00F0BC8505F014FFED
:1021B4001FED4C7A94ED076AB7EE00AA29EE077A70
:1021C4005FED4F7A5FED4F6A1FED4F5A27EE067AA7
:1021D400DDED085AE9EEA76A5FED527A66EE255AFC
:1021E40027EE2E7AE9EEC57A27EE297AA0EE067A52
:1021F40067EEAE7A26EE877AF0EEC76A76EEAF6ABD
:1022040087EE26BA9DED047AC4ED097AC4ED075A27
:102214002AEE076A9DED057A6AEE076A86EE087A69
:10222400C6EE887A3DEE07DAB4EEEFDA84ED25DA0D
:102234007CEEA7CAF1EE10FAC4ED26CA03DB3DEE2C
:102244006FDA84ED25DAF4EEEFCAF1EE10FA03DB6F
:102254007CEEEFCAC4ED26CA2DEE280A05F0BCFEBA
:10226400F0EE409A2CEEA80A05F0B6FEDDED067AF3
:102274002AEE276ADDED077A6AEE276A5FED7A7A3D
:1022840086EE087A60EE27EAC6EE887AE9EEADEAD1
:102294003CEE07CAB4EEEFCA84ED0DCA7BEEA7BAD2
:1022A400F1EE10FAC4ED0EBA03DB3CEE6FCA84ED16
:1022B4000DCAF4EEEFBAF1EE10FA03DB7BEEEFBADF
:1022C400C4ED0EBA2CEE280A05F086FEB0EE407A74
:1022D4002BEEA80A8DED017A05F07EFE5FED916A82
:1022E400012D5FED917A60EE269A9DED017AB0EEB4
:1022F400690AA7EE270A60EE0E9A00F0B783022D52
:1023040000F09084032D00F057851FED9A7A5FED5D
:102314009A7AEAEE877A67EE887ABFEE000A80EE50
:10232400270A05F0E7FD1FED9F6A1FED9F7A5FED19
:102334009E6A5FEDA07AAAEE867A94ED126AEAEEBE
:10234400A67AD4ED136A2EEE00EA84ED0CEA27EEA9
:102354000A7A67EE8A7A87EE080A87EE88AA30EE50
:10236400060AB4EEEF0A84ED120A3AEE26AAF1EE5A
:1023740010FA84ED13AA03DB30EE6F0A84ED120A1F
:10238400B4EEEFAAF1EE10FA03DB3AEE6FAA84ED95
:1023940013AA20EE280A05F01FFEB0EE407A2AEEBA
:1023A400280AB0EE47AA05F017FE1FEDBC6A012DFE
:1023B4005FEDBD6A26EE400A5FEDBE7A94ED117AB8
:1023C400EAEEA67A94ED1B6AAAEE2D0A8DED017A47
:1023D40027EE800AF0EEC07A77EEAF7A80EE27AA75
:1023E4002AEE07AA00F00383022D00F0AA83032D2E
:1023F40000F04B845FEDC26ABFEE000A5FEDCE7A57
:10240400E6EE267A67EE887A80EE270A05F072FDFA
:102414001FEDD26A5FEDD27A5FEDD26A5FEDD24AE8
:10242400EAEE867AD4ED0A5AEAEEE64A1FEDD55A68
:1024340065EEAEEA1FEDD64AAAEEA65A1FEDD76A9C
:102444009DED017AAAEE846AD4ED106A67EEA97A4A
:1024540027EE000A94ED0F7AEEEEA47A5FEDDE4AE1
:1024640084ED110AE5EE0A7AB1EE665A67EE266A41
:1024740027EE247A84ED105AE6EE267A84ED0F7A5C
:10248400B7EE047A94ED1C5AB1EE046A5FEDE94AA2
:102494005FEDE92A8BEA4B3BAAEEA47AD4ED173A16
:1024A40025EE066AD4ED166AE5EE0F2A1FEDEF3A23
:1024B40079EE666A94ED154ABCEEC66A8BEA5B4B0C
:1024C40084ED169A67EE277A9DED037A8DED016A05
:1024D4008BEA4B1B9FEDEE6A67EE255A39EE637A61
:1024E4009DF80430A5EE063AC4F818B01533F0EEA2
:1024F400E74AE2EE873AC4ED0A5A36EEC47A2BFA7A
:1025040003F3BFEE006A13F0010FA3EE074A34EEA3
:10251400AF7A06FE2F6A012DC4ED173AC7EE87EA9B
:1025240084ED154A00F04C82022D00F09783032DB0
:1025340000F0E383DFEDD76A9FEDD77A26EE266AB3
:1025440094ED149ADDED096ADFEDD47A26EE056A7E
:10255400DFEDD35A69EE264ADFEDD26AA4EE076AAC
:1025640026EE099A6EEEA77AD4ED1F9AB3EE075AB7
:1025740094F8B82C29EEA97A9FEDCB6AEBEE257A74
:10258400531CC4ED144A27EE057A84F8B83CBCEE1B
:10259400C77AE6EE897A17EE103A013367EE867A47
:1025A400DBB29A42B0EEE77A37EE2F7AC7EE876A4B
:1025B40080F0658194ED225A9FEDBC6ADFEDBC7A10
:1025C40094ED237AE9EE867A8DED025ACDED016A17
:1025D40069EEAD9A87EE880A30EE070AB4EEEF0A88
:1025E400F1EE10FAA8BF30EE6F0A84ED230A20EE54
:1025F400280A05F0F1FC94ED20AADFEDAE7A9FEDF8
:10260400AE7A94ED246AAAEE277ADFEDAC5AF0EEA6
:102614006D7A9DED025ADDED016AB4F8B4ACE0EEDA
:10262400257A7FEEE95A87EE08BA67EE857A67EE77
:10263400A99AE5EEA69A3BEE06BAB4EEEFBAF1EE2D
:1026440010FAA8BF3BEE6FBA2BEE280A84ED24BA29
:1026540005F0C2FCF1EE0C7AF0EE406A9FED980AA8
:10266400B4F8B69C2BEE000AE6EEA77AB0EE67BA91
:1026740005F0B6FDB2EE027A0AF5A77C9148F0EEB9
:10268400E97ABCEECBBA9049A0EE077A09F10102CF
:1026940094ED214AF0EE6D6A1BEE103A92B2B4EE5C
:1026A400E74ADFEDB04A9BB277EEC47AD4ED1E5A06
:1026B400ACEB030CBCEEC77ADFED843A80FB0C0371
:1026C4004FEAEC70E5EEE36A9FED815A63449FEDB7
:1026D400816AC0EB232340F2611000FB13CC17EE98
:1026E400103A09F5C4709BB21FFA8CFCC31A04EBB0
:1026F400800004EB8C0C9CED277A81FB03EC4FEA01
:10270400E37E9C44CEEB2C2C40F2A51E0EFB1C3326
:102714000AF1010E04EB8A0C1FFA8EF19BB2B1F59B
:10272400B07F03F5C47388BF0021B2F5D27F04EBF8
:10273400830388BF0022F1EE10FA48BFF0EE4F4A3F
:10274400A7EEA44AD3ED007AF0EE694A6AEE273A7E
:10275400E3EE854A74EE666AF5EEC06AB0EEE45ABA
:10276400F1EE10FA35EE2F5AB8BFDFED5B6AC4EE16
:10277400853A67EE4A4AB0EE695AA4EE865AB0EE3C
:10278400C56ACCED273A36EE2F6AC5EE064A9FEDB0
:102794007D5AB0EE006AC0ED004A84ED214AB2EEE3
:1027A4000E4ADFED4E4AA4F8B41CA5EE846A9FEDF0
:1027B400524AA5EEA45ADFED4A4A2AEE04AADFEDF6
:1027C4003E5AB0EE6F4AA4F8B62C7FEECA3AA6EE93
:1027D400864A9FED446A27EE0A7A67EE8A7ACFEE3C
:1027E400846A66EEA96A66EE856AB0EEE64A34EE5D
:1027F4002F4A86EE845ADFED3C6A9FED3C4AA3EEF5
:10280400857AE3EE857AAEEEA47AEEEEE47AA9EE6A
:10281400657AE9EE257A27EE067A67EE867AF0EE97
:10282400C74AF0EEE75A74EEAF4A75EEAF5A87EE38
:10283400246A87EEA57A66EE267AF4EEC47AF1EE7F
:1028440010FA1AD4F4EEE67AF1EE10FA00F372817B
:10285400FDEEE77A17EE903A1BB2DFED236A9FEDA7
:10286400236A67EE267A27F8023FF4EEC67AF1EE81
:1028740010FA7FF541AC1E4B49E41D4BEDE70023F4
:10288400B0EE665AC4ED226A84F8B83C94E600BF00
:102894006666263F0AD7A33EAE47613F5C8F823F00
:1028A400295CCF3F295C0F3F6666C63F0040194450
:1028B400000014425C8F423E295C8F3D295C8F3EB0
:1028C40077BEA3402B86A7B98FDEAA9B85EB113F69
:1028D400C3F5683F52B85E3F000000003333234025
:1028E400EC51B83D8FC2B53F00FEFF4600FEFFC667
:1028F4000180FFFF7B14AE3E7B142E3F9A99993FD3
:102904001F85EB3EAE47613DA69BC43BCDCCAC3F9F
:102914006666863FCDCC8C3F52B81E3F4260E53C94
:102924000000EC420000A54300000243D7A3B03FDF
:1029340033331340A4706D409A995940A69B443C8C
:10294400A69B443BB81E853ECDCCCC3D0AD7A33EC6
:102954001F856B3F8FC2753DD7A3703F3333933FC1
:102964000AD7233C0AD7233B0000284200009042A8
:102974005C8FC23E8FC2753EA470BD3FB81E053E3B
:10298400BC74933C0AD7A33F8FC2F53EF6285C3F44
:10299400EC51383E14AE473F3333F33F9A99993E96
:1029A400E17A143FCDCC4C3EAE47613F9A99194031
:1029B400333333406F12833A7B837F3F00009C4262
:1029C4001FED349A1FED345A24EE099A94ED147ACB
:1029D400DDED096A5FED227AA6EE059A5FED395ABC
:1029E40067EE264A5FED3A6A29EE079ABAE55FED8B
:1029F4003B6ABFEE000A5FED3C7AE6EE267A67EEAC
:102A0400887A80EE270A05F075FA1FED406A5FEDBB
:102A1400407AD4ED0A5A1FED415AEAEE867A9DEDCA
:102A2400017AF6EE086A94ED106A65EEAEEA27EED6
:102A3400000A1FED2A7AAAEEA65AD4ED0F6A67EEB1
:102A4400A97A84ED110A66EE264A66EE876A1FEDBE
:102A54004E7AEEEE8F7AB1EE466AC4ED0F6A84EDDB
:102A6400106AE5EE0A7AE4EE877A09E51FED557AF5
:102A74005FED4D7AEAEE877A4DE494ED18BA5FED96
:102A8400586A1FED467A1FED596A5FED597AABEE2D
:102A9400267AD4ED09EAEBEE067AD4ED086AAEEEB6
:102AA400A77AC7EE087A77EEA67AF4EEEF7AF1EE1B
:102AB40010FA01DB77EEEF7A27EEA87AC4ED087AF4
:102AC4001FED66AAB0EE470A8DED017A05F084FA8F
:102AD4005FED697AF0EE409A5FED6A6A2EEEA70A1E
:102AE4009DED017AA7EE260A05F076FAB0EE007A9B
:102AF4005FED5B7A5FED706AE0EE279A1FED536A33
:102B0400ABEE267A5FED547AD4ED076AEBEE467AA3
:102B14009DED086A66EE865A27EE290A6EEEA77ABC
:102B2400B0EEC07A37EE2F7A80EE07BA2BEE26BAD3
:102B3400FFF768BB47F6FF738FE647F6FF73FFF7AF
:102B4400E6BA5FED826ABFEE000A5FED837AE6EED5
:102B5400267A67EE887A80EE270A05F0CBF9D4ED61
:102B64000A5A5FED757A1FED896A1FED895A65EE81
:102B7400AEEA5FED8A4A69EEA77A9DED017AD4ED5B
:102B8400106A27EE000A94ED0F7AEEEE867AB0EE24
:102B94006D6A84ED110AAAEEA46A5FED844AEAEE36
:102BA400057AB1EE665A67EE266A27EE247A84ED3A
:102BB400105AE6EE267A84ED0F7A61E405F00CFAF9
:102BC400B0EE407A3BEE0B0A1FED9FAAB0EE47BA77
:102BD40005F002FA1FEDA17A5FEDA17A20EE070A53
:102BE4001FED9D6A5FEDA36A94ED077AABEE270AA9
:102BF400DDED087AE9EE866A1FED926A67EE275AE0
:102C04005FED937AE9EEC67A20EE070A26EE807A23
:102C140067EEAE7AF0EEC76A76EEAF6A87EE26BA52
:102C2400FFF7F0BA1FEDB27A5FEDB27AEAEE877A77
:102C3400FFF771BBB3EE066AD4ED189AF3EE097A86
:102C44001FEDB77A5FEDB76AA9EE867AD4ED09EA8B
:102C5400E9EEA67AAEEEA77AFFF78FBA5FEDBC6A0B
:102C64001FEDBC6AB0EE669A94ED147A5FEDB97A02
:102C74005FEDBF5AA5EE069A9DED096A67EE064A16
:102C840024EE099A29EE079A6CE45FEDC46ABFEE5C
:102C9400000A5FEDC57AE6EE267A67EE887A80EE62
:102CA400270A05F027F9D4ED0A5A5FEDCA6A1FED29
:102CB400CA5A9DED017A69EE8F7A94ED106A65EE39
:102CC400AEEA27EE000A1FEDCF7AEEEEA67AD4ED37
:102CD4000F6A84ED110AEAEE057A26EE865A66EE4C
:102CE400876A1FEDD57AB1EE466AC4ED0F6AE5EE48
:102CF400077A84ED106AFFF7C3BB24EE0F4A1FED79
:102D0400DB7A94ED149AF0EE477A5FEDDD5AA3EE88
:102D1400874A9DED097A5FEDDF6A69EE074A24EE82
:102D2400099A1FE405F058F9B0EE407A3BEE0B0A1D
:102D34001FEDE5AAB0EE47BA05F04EF95FEDE77A6C
:102D44001FEDE77A60EE276A1FEDE80A5FEDE85AA7
:102D5400F0EE407A94ED076AEBEE076A9DED087A8F
:102D6400E9EEA57A66EE075A27EEA60A5FEDEF6A4A
:102D74005FEDEF7AB0EEC07AE9EEE67A37EE2F7ABD
:102D840080EE07BA67EEAE7A2BEE06BAFFF73ABAD0
:102D9400B3EE036AD4ED189AB3EE097A5FEDF96ADB
:102DA400DFED447AD4ED09EAA9EE867AE9EEA67A53
:102DB400AEEEA77AFFF7E1B99FED3F7ADFED3F7AF8
:102DC400EAEE877AFFF7A7BA04F6BC439FED3C6AA4
:102DD400DDED005A2046D3ED007A00229FED397ACA
:102DE400F0EE676A0B9E3146D5EE866AE6EE877A88
:102DF400C3ED007A02F0E0FB0A9D01222046294639
:102E040002F0DAFB304602F0AFFB28460DB0BDEC11
:102E1400108BBDE8F04F02F0A7BB0B9B13B1184613
:102E240002F0A2FB0A9B3BB118460DB0BDEC108B1F
:102E3400BDE8F04F02F098BB0DB0BDEC108BBDE8BF
:102E4400F08FD4ED1B5A9FED206A9FED207AD4EDCC
:102E5400194AA5EE867A9FED1E5A9FED1E0AD4EDFF
:102E64001D6ADFED1D7AA4EE850ADFED149AB0EE3B
:102E740047AAE6EEA79AFFF771B8D4ED1B5A9FED67
:102E8400176A9FED177AD4ED194AA5EE867A9FED5D
:102E9400155A9FED150AD4ED1D6ADFED147AA4EEE0
:102EA400850ADFED139AB0EE47AAE6EEA79AFFF77C
:102EB40055B800BF000000428FC2753D0AD7233CBD
:102EC4000000003CEC51383EAE47E13DA69B443C3B
:102ED400CDCCAC3F295C0F3ECDCC4C3EE3A51B3D95
:102EE4000AD7A33B3D0AD73EEC51383D5C8FC23D27
:102EF4006F12833BB5EEC00AF1EE10FA19D4F7EE67
:102F0400007AB4EE670AF1EE10FAF5EEC00A37FE65
:102F1400800A80ED180AF1EE10FA13D4F7EE007A65
:102F2400F4EE670AF1EE10FA77FEA00AC0ED190A72
:102F34007047F5EEC00A9FED060A80ED180AF1EE1F
:102F440010FAEBD5DFED020AC0ED190A704700BF95
:102F540000000000B5EEC00AF1EE10FA19D4F7EE45
:102F6400007AB4EE670AF1EE10FAF5EEC00A37FE05
:102F7400800A80ED1A0AF1EE10FA13D4F7EE007A03
:102F8400F4EE670AF1EE10FA77FEA00AC0ED1B0A10
:102F94007047F5EEC00A9FED060A80ED1A0AF1EEBD
:102FA40010FAEBD5DFED020AC0ED1B0A704700BF33
:102FB40000000000B5EEC00AF1EE10FA19D4F7EEE5
:102FC400007AB4EE670AF1EE10FAF5EEC00A37FEA5
:102FD400800A80ED1C0AF1EE10FA13D4F7EE007AA1
:102FE400F4EE670AF1EE10FA77FEA00AC0ED1D0AAE
:102FF4007047F5EEC00A9FED060A80ED1C0AF1EE5B
:1030040010FAEBD5DFED020AC0ED1D0A704700BFD0
:1030140000000000B5EEC00AF1EE10FA28D4F7EE75
:10302400007AB4EE670AF1EE10FAF5EEC00A37FE44
:10303400800A80ED1E0AF1EE10FA22D4F7EE007A2F
:10304400F4EE670AF1EE10FAB5EEC01A77FEA00AA4
:10305400C0ED1F0AF1EE10FA1CD4F7EE007AB4EEBC
:10306400671AF1EE10FA37FE811A80ED201A7047C4
:10307400F5EEC00A9FED0A0A80ED1E0AF1EE10FA81
:10308400DCD5B5EEC01ADFED060AC0ED1F0AF1EE7D
:1030940010FAE2D59FED021A80ED201A704700BFA6
:1030A40000000000B5EEC00A38B5F1EE10FA04468F
:1030B4000D462DED028B35D4F7EE007AB4EE670A97
:1030C400F1EE10FA37FE808A02F0AAFF3A4AA369A9
:1030D40002FB05004340A36195B9D4ED077A4FF094
:1030E4007E520023B4EE678A62622362F1EE10FA24
:1030F40098BFB0EE678A84ED078ABDEC028B38BDB9
:10310400012D12D0022DF8D1D4ED147AB4EE678AD1
:10311400F1EE10FA98BFB0EE678A84ED148ABDEC24
:10312400028B38BD9FED258ACEE7D4ED0A6A4FF0B5
:103134007E5294ED0C7A0023B4EEE68AD4ED0F7A35
:10314400D4ED115A94ED0B6AF1EE10FA9FED1C5A6E
:10315400B4EEC78A1B4826EE056A1B4988BFF0EE09
:10316400486A2264F1EE10FA184AB4EEE78A84ED54
:103174000B6AC4F8943088BFB0EE487AC4F898005B
:10318400F1EE10FAC4ED0A6AB4EE658A6363A163D2
:1031940088BFF0EE487A84ED0C7AF1EE10FAA3645D
:1031A400E264C4ED0F7A98BFB0EE658A84ED118AAB
:1031B400BDEC028B38BD00BFB979379E000000001A
:1031C4009A99193E52B89E3E7B142E3E0AD7A33DCF
:1031D4000B464FF4C072002110B5044640F8043B7E
:1031E40005F0D6FD4FF4C072002104F5C27005F05D
:1031F400CFFD1149002300224FF07E50C4F8201364
:103204000E49C4F82403204684F80433A4F8303368
:10321400C4F82823C4F82C2384F83233C4F84413A4
:10322400C4E9C233C4E9C433C4E9C633C4E9CD3301
:10323400C4E9CF3310BD00BF0000F0423412CED138
:10324400DFED0B7AB4EEE70AF1EE10FA04D4B0EE37
:10325400670A80EDC80A7047F3EE0E7AB4EEE70A07
:10326400F1EE10FA30FE270A80EDC80A704700BF5D
:1032740000009643F7EE007AB4EEE70AF1EE10FA96
:1032840004D4B0EE670A80EDC90A7047B5EEC00AEF
:10329400F1EE10FAF7DC9FED020A80EDC90A7047DF
:1032A40000000000F7EE007AB4EEE70AF1EE10FA3F
:1032B40004D4B0EE670A80EDCA0A7047B5EEC00ABE
:1032C400F1EE10FAF7DC9FED020A80EDCA0A7047AE
:1032D40000000000F7EE007AB4EEE70AF1EE10FA0F
:1032E40004D4B0EE670A80EDCB0A7047B5EEC00A8D
:1032F400F1EE10FAF7DC9FED020A80EDCB0A70477D
:103304000000000080F83013704700BF002B40F02D
:103314008580012AF0B538BF01220446006883B0D5
:103324000F461646026801A9ADF806308DF8047000
:1033340093688DF80560984794F83133D3B39FEDC3
:103344003A6AB5EE007AD4EDC86A089AC6EE267ACF
:10335400D4F8343394F83253D31A67EE877AFCEEF8
:10336400E77A17EE902AB3EB520F58D99B1A01351E
:1033740007EE903A05F01F05B8EEE77AB7EE000ABB
:10338400D4EDC97AAD00043430EE670A20EE070AA2
:1033940005F042F847F6FF7205EBC711631866544F
:1033A40022498842B8BF08469042A8BF10465880B8
:1033B40003B0F0BD0123DFED1E7AD4EDCA6AB5EE89
:1033C400006A94F8325384F8313366EEA76A089B96
:1033D400F7EE007A94EDC87AC4F83433EB07DFEDE6
:1033E400125A48BF76EEA76A089A58BF77EEE66A83
:1033F400C5EE877A9FED0F7A67EE867AFCEEE77A60
:10340400F8EE677A67EEA67AFCEEE77A17EE903A62
:103414001344C4F8383305F01F05AFE7704707EECF
:10342400903AB8EEE77AF6E7C0E1644C0180FFFF1A
:103434006666E63E000000008AB14FEAC10C00EB6C
:10344400C10110B491F808431CB9C1F80C3381F8D8
:10345400094360445DF8044B80F8082370474FEA41
:10346400C10C00EBC103604483F8092380F80823EE
:10347400704700BFF7EE007A2DE9F843B4EEE70A8F
:1034840004462DED028BF1EE10FA00F1C880B0EE87
:10349400678A94F8043304F5C275261D43B94FF4C2
:1034A400C0723146284602F0E5FE012384F8043355
:1034B4004FF4C0722946304602F0DCFE3046DFEDA0
:1034C4005D5ADFED5D6A9FED5D5ADFED5D4A9FED6C
:1034D4005D6A00225C4E5D4994461BE0D4F8443397
:1034E40028EE257A83EA433383EA534383EA43137A
:1034F40023F07F4707EE907AF8EEE77A67EEA67A34
:10350400B4EEE77AF1EE10FA44D8C4F84433013249
:10351400202A38D010F822305FFA82FE002BDDD149
:10352400D4F8443328EE067A83EA433383EA5343D8
:1035340083EA431323F07F4707EE907AF8EEE77AA5
:1035440067EEA67AB4EEE77AF1EE10FADDD983EAF3
:10355400433383EA534383EA4313A1FB037EC4F852
:103564004433A3EB0E070EEB570E4FEA5E1E0EEB31
:103574004E0ECEEB0E1EA3EB0E03483300F82230A2
:103584000132202AC6D180308542A2D1BDEC028B03
:10359400BDE8F88383EA433383EA534383EA43135E
:1035A40023F07F47C4F8443307EE907AF8EEE77AC5
:1035B40067EEA67AF4EEC57AF1EE10FA02D500F8B9
:1035C40022C0A4E783EA433350F8227083EA5343CA
:1035D40083EA4313A6FB039828F0010909EB580971
:1035E40083EA4338A3EB090388EA5848013388EA9D
:1035F4004818734428F07F4E03F01F0307EE90EA47
:1036040040F82370F8EEE77AC4F8448367EEA67AAC
:10361400F4EEE47AF1EE10FA7FF579AFCFE7B5EE88
:10362400C00AB0EE408AF1EE10FA3FF732AF9FEDD8
:10363400088A2EE78FC2753E00008033B81E053F0E
:103644006666263FCDCCCC3DABAAAAAA6DC1166C4A
:1036540000000000011D4FF4C07210B5044600F5CF
:10366400C27002F007FE012384F8043310BD00BFCA
:10367400F0B50026074600EB81044FF480752DED6C
:10368400048B9FED318A83B0DFED309A9FED309A41
:10369400DFED308A237993B3D7EDCB7A9C46F4EEF1
:1036A400C87AF1EE10FA32DC67EEA87AFDEEE77A1A
:1036B40017EE903A590083B1D7F84423013182EAD6
:1036C400423282EA524282EA4212B2FBF1F0C7F875
:1036D400442301FB1022D21A94446346386801A99A
:1036E400012B02688DF80460B8BF01239268ADF81D
:1036F40006507F2BA8BF7F238DF8053090470136F5
:103704008034032EC6D103B0BDEC048BF0BDD7F8D2
:10371400443377EEC86A83EA433366EEA96A83EAE0
:10372400534383EA4313C7F8443323F07F4307EE3C
:10373400103AB8EEC77A27EE097AF4EEC76AF1EECA
:1037440010FAB1DDDBE700BF3333B33E295C8F3EB3
:103754000000803300000C4290F832330A46DFED5B
:10376400177AF5EE006A013390EDCA7AC0F8341383
:1037740003F01F0127EE277AF7EE007ADFED105AE7
:10378400CB0790EDC86A80F832134CBF37EE277A26
:1037940037EEC77AC5EE867A67EEA67AFCEEE77A4C
:1037A400F8EE677A67EE877AFCEEE77A17EE903ADE
:1037B4001344C0F83833FFF75BBF00BF6666E63ECC
:1037C400C0E1644C90F830333BB3D0F83C33D3B110
:1037D400CB1AB3F57A7F16D907EE903AB1EE007A98
:1037E4009FED136AF8EE677ADFED126A67EE877A67
:1037F40086EE277AB4EEE67AF1EE10FA0ED4B0EE45
:10380400667A80EDC87A90F83133C0F83C1313B966
:10381400012380F83133FFF79FBF7047F3EE0E7A30
:10382400B4EEE77AF1EE10FA37FE277AE9E700BF43
:10383400C0E1644C000096432DE9F8430027044698
:103844000D46904640F6B73906462DED048B96F8A2
:10385400083343B196F8091329B9D6F80C33A8EB09
:1038640003034B454AD801370836032FEFD194F8A8
:103874003033002B3ED194F83133002B4DD0D4F8A3
:103884003823AB1A002B35DBB7EE009ADFED3D8A07
:103894009FED3D8A94EDC86AF5EE006A94F83233E0
:1038A4002046C8EE067A94EDCA7A0133C4F834236C
:1038B40003F01F0127EE287ACB0784F832134CBF9C
:1038C40037EE097A39EE477A67EEA67AFCEEE77AA4
:1038D400F8EE677A67EE877AFCEEE77A17EE903AAD
:1038E4001344C4F83833FFF7C3FED4F83823AB1AB3
:1038F400002BCFDABDEC048BBDE8F88304EBC710D2
:103904008022043005F044FA2068F9B20368DB68C9
:103914009847012386F80933A5E794EDCA7AF5EEB2
:10392400006ADFED187A012394F83213204627EE5B
:10393400277A94EDC86AF7EE007ACA07DFED125AC7
:1039440084F8313348BF37EE277AC4F8345358BF6C
:1039540037EEC77AC5EE867ABDEC048B67EEA67A9D
:10396400FCEEE77AF8EE677A67EE877AFCEEE77AA0
:1039740017EE903A2B44C4F83833BDE8F843FFF708
:1039840077BE00BF6666E63EC0E1644C024B01317F
:103994001B680171836070471C300020014B0122B9
:1039A4001A707047E2310020704700BF4B78DFED9A
:1039B400067A00EE103A05480978B8EEC00A80EE9F
:1039C400270AFFF76FBB00BF0000FE425823002008
:1039D40010B504460C2102F0E9FC204610BD00BFDE
:1039E4002DE9F84F334B40F2ED22196891422DED49
:1039F400028B55D930491A680868121A112A4FD90E
:103A04001B684FF4D01B2D4F4FF000082C4E4BF287
:103A14000B052C4C9FED2C8A0B60B7EC010A20EEB1
:103A2400080A04F0F9FCB6EC010A80F3070A20EE58
:103A3400080A04F0F1FC14F8011BABF5C02380F371
:103A44000709FF29AAEB010243EA0A6343EA0500D6
:103A540004D0002AB8BF5242012A05DD4FF0010804
:103A640003F06AFD04F801AC62794BEA09600BF5D6
:103A7400803BFF2AA9EB020340EA050004D0002B97
:103A8400B8BF5B42012B05DD4FF0010803F054FD84
:103A940084F80590BBF5001FBFD1B8F1000F03D126
:103AA400BDEC028BBDE8F88FBDEC028BBDE8F84F8E
:103AB40003F04ABD1C3000200C1F00209C10002085
:103AC400E4100020901000200000FE42162008B5EB
:103AD40002F052F807EE900A9FED356AF8EEE77AA5
:103AE400DFED346A87EE867AB4EEE67AF1EE10FA08
:103AF40033D4F7EE007A304ADFED306A304BB4EE5F
:103B0400E77A3048F1EE10FA11DD92ED007AC0ED5B
:103B1400007A77EEC77A1978A7EEA67A82ED007A52
:103B2400C1B9012128480A4601701A7008BDD2EDB6
:103B3400007A197837EE676A80ED007AE6EE267A25
:103B4400C2ED007A21B3DFED216AB4EEE67AF1EE3C
:103B540010FA13DD01221A7008BD174A1948D2ED74
:103B6400007AC0ED006A76EEE76A9FED147A144B92
:103B7400E6EE877A1978C2ED007A81B19FED147A66
:103B8400F4EEC77AF1EE10FAE4DC00221A7008BDF4
:103B9400DFED106AB4EEE67AF1EE10FAC1DC9FEDC7
:103BA4000E7AF4EEC77AF1EE10FABADC0022EDE7F1
:103BB40000F07F4500000000E41E00200AD7A33C6B
:103BC400E1310020E01E0020E2310020BC74933C6F
:103BD400295C0F3D8FC2F53CCDCC4C3DF8B502F0CD
:103BE4001FFA464B07461B681BB1C31A444A93424B
:103BF40053D9444B444A1B781468002B43D1012405
:103C0400424D2E782EB9404B1A6840F2EE239A4268
:103C14005DD83F4B1A78A24244D03E4D1C702F60B1
:103C2400002C3ED000231A46022C45D03A49F3EE2C
:103C3400087ADFED3A6A91EDC87A27EE277AC6EE64
:103C4400877AFCEEE77A17EE906A35498E4228BFF0
:103C54000E46B6F57A7F38BF4FF47A76002B1EDB1A
:103C640008244FF60F0003F067FC2A68631E3244F1
:103C7400B91A2A60002902DB13F0FF04F1D1BDE870
:103C8400F84003F061BC274A47F230531268A41A83
:103C94009C4294BF00240124B2E70224B0E7002A26
:103CA400EDD1F8BD002CFCD01A4D022C4FF00002CF
:103CB4002E68A7EB0603B9D11B490E6841F2707157
:103CC4008E42B3D91949A1FB0616B608BDE74FF6D3
:103CD4000F2003F031FC0E4B012219782A70A14207
:103CE40006D00C4D1C702F60002CC8D033469BE7C7
:103CF400002CC4D0074D2B68FB1A95E774220020D2
:103D04007FC3C901EA3100201C300020EB310020C0
:103D1400E031002084220020241F0020C0E1644CF4
:103D240048E8010078220020E81E0020ABAAAAAAD5
:103D340038B504462DED028B002876D0012C42F2D2
:103D440011709FED508A47D001F0E0FE07EE100A93
:103D5400DFED4D6A42F21170B8EE477ADFED4B7A2F
:103D64004B4D87EE086AE6EE267AC5ED027A01F03D
:103D7400CDFE07EE900A9FED477AF8EE677ADFED05
:103D8400460A95ED020A4548C7EE886AE6EE870AB8
:103D9400C5ED050AFFF70EF9E11C414A414B02EB60
:103DA4008400414D02EB8102D0F800E04FF0FF3077
:103DB400D2F800C03D4AC2E9000090600122BDEC87
:103DC400028B2A5503EB840403EB81036A54C4F881
:103DD40000E0C3F800C038BD01F098FE07EE100AF9
:103DE400DFED336A42F21170B8EE477ADFED317AD3
:103DF400274D87EE086AE6EE267AC5ED017A01F0D2
:103E040085FE07EE900A9FED2C7AF8EE677ADFEDD7
:103E14002B0A95ED010A2148C7EE886AE6EE870A67
:103E2400C5ED040AFFF796F8B6E742F211709FED6C
:103E3400158A01F06BFE07EE100ADFED1D6A42F2EF
:103E44001170B8EE477ADFED1E7A114D87EE086ADD
:103E5400E6EE267AC5ED007A01F058FE07EE900AE8
:103E64009FED187AF8EE677ADFED170A95ED000AF0
:103E74000A48C7EE886AE6EE870AC5ED030AFFF72B
:103E840039F889E700401C463433333F295C8F3EC0
:103E9400E410002015AE073F0AD7A33C58230020A6
:103EA400C0100020C8220020E02200209010002032
:103EB400A4703D3FAE47613E52B81E3F8FC2753D70
:103EC400EC51383E3333333F8FC2F53D10B50020FB
:103ED400214C2DED028BFFF72BFF0120FFF728FF6C
:103EE4000220FFF725FF42F2117001F00FFE07EEEA
:103EF400100ADFED1A8A42F21170B8EE477A9FED8C
:103F0400188ADFED187AC7EE286AE6EE887AC4EDDF
:103F1400047A01F0FBFD07EE900A9FED131AF8EE08
:103F2400677AD4ED040A94ED030A104887EEA87A60
:103F3400A7EE081A84ED051A40F20114FFF76AF897
:103F44000B4A0C4B11690C485269848019615A61FF
:103F5400BDEC028B10BD00BF9C10002000401C462D
:103F64007B142E3F0AD7A33D0AD7233D58230020B4
:103F7400C0100020C8220020E02200203A4B1A681A
:103F8400D2072DE9F04F85B03ED5384A384F116835
:103F94003B685B1A092B34D93B680024DFF8E4A0A2
:103FA400344D354EDFF8E090DFF8E080DFF8E0B024
:103FB40013600A215AF8040B00F006FE15F8013BC1
:103FC400B0F5486FD4BF0022012223B1B0F5E16FF0
:103FD400D4BF002201223B682146584605F8012C33
:103FE400FFF72AFA15F8013C0BB133789BB1013481
:103FF40009F1040908F1010806F8013BE4B2032CB5
:10400400D7D105B0BDE8F08F194F0120174A3968A0
:1040140018601160BCE73A68082088F8003088F816
:1040240003300393C9F8002002F04EF8039B70B9E3
:104034002046FFF77DFE0123104AB7EE000A214611
:104044000F481370FFF72EF815F8013CCFE70393E0
:1040540001F0E6FF039B214600906E225846FFF7CD
:1040640055F915F8013CC2E7281A0020F41A00207B
:104074001C300020243000207C220020E531002068
:1040840058230020D810002028300020E0220020EF
:10409400241F00202DE9F8430120714D714F05F1D3
:1040A40018082C462DED048B02F00EF8A0F101093E
:1040B4000646B7EE009AB9FA89F9DFED6B8A9FEDEF
:1040C4006B8A0E204FEA591901E017F8010F01F02D
:1040D40053FD07EE900A94ED007AF8EEE76AC6EE17
:1040E400A87A79EE677A77EEC77AA7EE887AA4EC95
:1040F400017AA045E9D15E4B1A784A450ED05D4A53
:10410400574F83F800904FF001335B4C136093805A
:104114000FCF0FC497E8030084E80300574A002731
:10412400574B544C012E18BF1346DFED566A524AC2
:1041340003F1180014F8011B95ED007A61B1D2ED7A
:10414400007A77EE677AF0EEE77AF4EEE67AF1EE4B
:1041540010FA03DD04F8017C83ED007A043304359E
:1041640004328342E6D1012E22D0444C0026464834
:10417400D4ED030A94ED000AFEF7BCFED4ED040A64
:1041840094ED010A4048FEF7E5FE3F48D4ED050AE8
:1041940094ED020AFEF70EFF0121022001F06AFFEE
:1041A40031460320BDEC048BBDE8F84301F062BF47
:1041B40001F036FF354B1B681BB1C01A344B9842D3
:1041C40048D9344A344B12781B682D4C32B13349E8
:1041D40047F2305209685B1A93420AD9B3EE040AD3
:1041E400DFED2F7A94ED007A2E48A7EE270AFFF729
:1041F40027F894ED010A2B48FFF76CF8F6EE007AE5
:1042040094ED028A2748B4EEE78AF1EE10FA4CBF27
:1042140038EE080AB7EE000AFFF72CF8F6EE007A3B
:10422400B4EEE78AF1EE10FA16DD38EE670A30EEE6
:10423400000A1C48FFF736F894ED051AD4ED040A79
:1042440094ED030A1048FEF7E5FE0021022001F078
:1042540011FFA5E70A4CCCE79FED130AE9E700BF7D
:10426400C0100020C004002000F07F458FC2753DBF
:10427400E8310020E0220020C8220020E4100020C1
:104284009C100020BC74933C58230020742200200E
:104294007FC3C901EA3100201C30002078220020AD
:1042A40000005C43241F0020000000002DE9F041C1
:1042B400534C544D544E2DED028B9FED548A0020E7
:1042C40003F0E8F900283FD02B78F82B4ED09A1D44
:1042D400D2B2012A76D9FC2B00F08C80B02BEED11F
:1042E4004B4B4C4A1B781078143BDBB20B2BE6D8B3
:1042F40007EE900A484A052BB8EEE77AA2FB0312B0
:1043040098BF46494FEA920288BF4549C7EE087AEA
:1043140002EB4202A3EB4202D2B201EB820197000C
:10432400C1ED007A3F493944D1F800C03E493944CF
:104334000127C1F800C03D498F543D4AD0540020A4
:1043440003F0A8F90028BFD123785BB1394B47F2B9
:10435400305239491B6809685B1A934202D9374BBA
:1043640020701870BDEC028BBDE8F081314B4FF02A
:10437400010C22783049186884F800C0086022B91A
:104384001B682F4A03F5FA7313602C4A1378013320
:10439400DBB2052B01D8137091E70023137001F0F1
:1043A4003FFE284B1B6813B1C01AB04287D90121C4
:1043B4002548FEF7A7FF01F033FE01462248FFF728
:1043C40001FA7CE71B4F01211B4B3A6894F80080EB
:1043D4001A600022194B1C4821701A70FEF792FFD4
:1043E400B8F1000F7FF46BAF3B68154A03F5FA731D
:1043F400136064E70023114A237013705FE700BF62
:10440400EA310020FE3100207FC3C9010000FE42D2
:10441400FC310020FD310020ABAAAAAA9C10002088
:10442400E4100020C0100020C8220020E022002058
:10443400901000201C30002078220020E931002058
:104444008022002074220020241F002038B502217D
:10445400012001F04BFE022108201E4C01F046FE13
:1044640000210A20E51C01F041FE0021162001F084
:104474003DFE0121022001F039FE0121032001F05B
:1044840035FE0420012101F031FEA54206D014F8C6
:10449400010F012101F02AFEA542F8D10C200E4C97
:1044A40001F0C2FB082002F0FBF828210B4804F1BC
:1044B4000C0504F0A5FE54F8040B4FF0FF3100F096
:1044C40011FBAC42F7D1032205490A20BDE838406C
:1044D40001F046BEBC040020D810002000002020BB
:1044E4000D1C00002DE9F8430820A94F01F0ECFD54
:1044F40004460120B4FA84F601F0E6FD7609002CA6
:1045040040F09380A0F101053B78A24CB5FA85F503
:10451400DFF8B4926D09002B62D0DFF8B082FFF7A8
:10452400C5FEFFF7D3FAFFF729FDFFF7B3FDFFF749
:1045340057FAD9F80020216898F80030A1EB020C52
:10454400002B00F0B68042F20F739C4502D9002D77
:1045540040F08A81BCF52F7F00F2D9808E4B3E70EB
:104564001A78002A40F086808C4E01F059FD336899
:10457400002B45D0C01A8A4B984241D80121894862
:10458400FEF7C0FEFFF72AFB01F04AFD2268014650
:104594008448FFF751F9844B1A68D2073FD5834A00
:1045A400116823685B1A0C2B28D9814B20681B687F
:1045B400216810605B1A002B40F3CA80B4210420E8
:1045C40001F050FFB421052001F04CFFB421062076
:1045D40001F048FFB4210920BDE8F84301F042BFCF
:1045E400744ADFF8E8811370226888F80050C9F82B
:1045F4000020714A1370714A137090E7BDE8F88384
:104604006F4A236811780029B9D06E4A47F23051B5
:1046140012689B1A8B428CBF00210121AFE72168ED
:104624000120624A18601160BBE7FFF73FFE594C56
:10463400FFF74CFAFFF7A2FCFFF72CFDFFF7D0F9C8
:104644003B78002B8AD05B4A5F491278236809685B
:10465400002A83D15B1AB3F52F7F80F0F4805B4B83
:104664001B78002B00F0FD809FED590A4D48FEF7A2
:1046740001FF73E772B600221A7062B6474E01F06A
:10468400CFFC0546336843B1C31A6FF47A71514ABB
:104694005918914201D8504A1360504B01214148A6
:1046A40035601D60FEF72EFE29463E48FFF78AF866
:1046B4005BE7404B1B78012B3FF44CAF40F6B7331C
:1046C4009C457FF647AF3D4A137803BB444D4FF0FA
:1046D400013844482B78C0F800800133A0F80480E6
:1046E4000120216803F00303DFF81CE1107001F5D9
:1046F400FA613D4A2B7082F8B93C3C4B3C4D196041
:10470400BEE80F000FC59EE8030085E80300ACF582
:104714002F7CDFED386AB7EE000A274B07EE90CA0C
:104724000122F8EE677A1A7087EEA67AB4EEC07AA0
:10473400F1EE10FA25DD304B1A48D3ED017AF4EE90
:10474400C07AF1EE10FA27FE800AFEF7C3FD05E7F2
:10475400264B22681B689B1A002B57DD274E00242A
:1047640004201F4DE3B22978013499420CBFFF2184
:10477400002101F077FE042C3FF440AF16F8010F3E
:10478400F0E7DFED1F7A9FED1F0AA7EE270AD2E7B5
:10479400E73100201C300020E23100207422002088
:1047A4007FC3C901241F00202C1A0020F81A0020FE
:1047B40080220020E5310020E3310020E631002092
:1047C400EA31002078220020101F0020E43100206C
:1047D4003D0AD73E96929800E81E002084220020CD
:1047E400F1310020E0220020582300206C22002018
:1047F400C822002000C00F459C100020BC040020EB
:10480400CDCC0C3F6666E63EC01000201C4B042055
:104814001C4E93F83253F71C3446102DC5F3810512
:1048240034BF4FF096084FF0F508A31BDBB2AB4240
:104834000CBF4146002101F015FEBC423FF4DEAE40
:1048440014F8010FF1E7104A1278002A3FF486AEFB
:1048540040F6B73293427FF681AE0948FEF7FAFE7E
:104864007CE6FFF733FB79E64FF60F4002F064FE77
:1048740002F06AFE052001F07FFB04F0C5FC00BFD6
:10488400241F0020BC040020E4310020F0B51722CE
:1048940083B00B21584800F0E5F800220B2157485B
:1048A40000F0E0F818220B21554800F0DBF8554AD7
:1048B400554C002355491568216023612381E36029
:1048C400002D00F095802B461A465B69002BFBD126
:1048D40054614F4B00274FF07E5200262360394627
:1048E4004C4B226440F284524B486760A772E661E5
:1048F40026626662A662E66226636663A663E66370
:104904006664A664E66426656665A665E665E6678C
:10491400C4F88060C4F88460C4E905734FF07A5326
:10492400A3673E4B236663663D4BA3663D4BE3663C
:104934003D4B23673D4B6367C4F88860C4F88C60C3
:10494400C4F89060C4F89460C4F8986004F020FA45
:1049540040F294623946364804F01AFA354B022183
:10496400C4F8B47C1E60344BA4F8B87C03F118027C
:104974001F725972C3E90372C3E906772A466D6947
:10498400002DFBD12D4953615D605D619D721960FD
:10499400294800F0B7FC2A4800F03EFE264B2A4680
:1049A40019490095264800F0ABFE264A26492448BA
:1049B40003F09AFA254800F02FFE01221E4B0092C4
:1049C4001149224800F09CFE1E4A1F491F4803F06B
:1049D4008BFA1C4A1E491F4803F086FA1D491E48DB
:1049E400FEF7F6FB1D4A1E4B12681A6003B0F0BDB9
:1049F400254614606DE700BF5C1E0020881E002061
:104A0400B41E0020381A002058230020E00400209F
:104A1400EC04002023E1A751F42300203333B33EF8
:104A2400CDCC0C3FCDCC4C3E6666263FCDCCCC3DA8
:104A34007829002014300020EC1E0020F804002007
:104A4400A0220020640A0020253A0000B42200209D
:104A5400191C0000B4100020241F00201C3000206A
:104A64000C1F0020F8B528291B4B4FF49B770D46EB
:104A7400164604464FF00101C0E902732CBF4FF003
:104A8400FF330123282A44F6206228BF4FF0FF3366
:104A940002610360284601F029FB3046002101F041
:104AA40025FB2846002101F0E5FA0C4B2A0103EB13
:104AB40005159958EA68C4E90721320103EB061683
:104AC40098586FF07042064BF1681B68626063612E
:104AD400C4E909102046F8BD50C4620184050020D1
:104AE4001C30002001617047F0B472B6856A324907
:104AF400D0E90736C6F888306B68426A23EA0203B5
:104B04006B606B68426A13436B602C4B476AC5F851
:104B140088704C681A682A4BA3FB0232920C02EB91
:104B2400820252004B681B1B9A42FBD86B6823EA33
:104B340007036B60C369C6F8843062B6D0E90954D0
:104B4400C168A3682B42836905D006E00133836101
:104B5400A2682A4201D19942F8D8994223D372B665
:104B6400D0E90923046AC3F8842059680A435A60C7
:104B7400416AC3F884105A6822EA01025A60C36980
:104B8400C4F8883062B6D0E90945C168AB681C42F4
:104B9400836904D10BE08361AA68224207D0994259
:104BA40003F10103F7D86FF00100F0BC704799429C
:104BB400F9D90120F0BC7047001000E0540A00202D
:104BC40083DE1B430000000070B500240D468461A1
:104BD400002936D003680646A34239DB3046013447
:104BE400FFF782FF0028E4B22DDBA542F6D11C4971
:104BF400B36970680A688342D6E904548CBFA3EB96
:104C0400000CA0EB030C121BAA4215D907EE900A64
:104C1400B8EE677A9FED106BB7EEC77A27EE067B86
:104C2400BDEEC77B17EE102A624505D96FF07042BE
:104C34000968104672607161834207D20020736074
:104C440070BD084670BD6FF0010070BD181A70BDCC
:104C54004FF0FF3070BD00BF9A9999999999B93F67
:104C64001C300020AD4BAE4A18682DE9F04FAD4C16
:104C740091B0197908940368D17704F5806293425E
:104C840009920ED2A84B1B78002B00F028810999B9
:104C94004FF0E0234022089101F580610991C3F8A7
:104CA4000822A24B1968A24B0C911868A14B0D90D5
:104CB4001A88A14B0A921C880B94002900F0DC810D
:104CC400002800F04D819D4B9D4D1A4423449D4E78
:104CD40001EB42029C4C00EB43039C49D5F800B025
:104CE4000E950392089D9A4A02939A4B5768D6F8F8
:104CF40000A0D3F80080D3F80490D1F800E04B680A
:104D0400D4F808C0886805F110010F9605F582658E
:104D14001668626824680795354601972746019C02
:104D24005E46CDF814A0C24604941031039C069547
:104D34004D4634F902BFABEB06080394029CA8EB82
:104D44000A09049E34F902AFA9EB05050294059CF7
:104D54002F44AAEB0405069C3A442C1B94443A4481
:104D64000194A41BA6440CEB02043A444FEA2C1C05
:104D7400734421F820CC18447344C61800117344BA
:104D840021F81E0CA01824113A4421F81C4C02EB03
:104D9400000C9C1900117344361121F8180C1819D1
:104DA400241121F81A6C21F8164C4FEA2C1421F81E
:104DB400144C041121F8124C079C8C42AFD10F996A
:104DC4003C46019FC1F800A00E99C1F800B05E49AD
:104DD4000C605E4CC4E901305D4BC4F800E0C3E9EB
:104DE40000575C4BC3E900890A9B40330A930B9B31
:104DF4004033C1E9012C0B93BFF34F8F4FF0E023F5
:104E040008990998CA43C3F8701F203102448142AB
:104E14000891C2F3421251D26AB3012A23D0022A62
:104E24001CD0032A15D0042A0ED0052A07D0062A3E
:104E340040F01C81089AC3F8702F20320892089A17
:104E4400C3F8702F20320892089AC3F8702F2032CA
:104E54000892089AC3F8702F20320892089AC3F86F
:104E6400702F20320892089A0999C3F8702F2032C3
:104E74008A42089222D2089A02F12001C3F8702FC4
:104E84004032C3F8701FC3F8702F01F14002C3F819
:104E9400702F01F16002C3F8702F01F18002C3F892
:104EA400702F01F1A002C3F8702F01F1C002C3F802
:104EB400702F01F1E00209998A42DDD3BFF34F8FCD
:104EC400BFF36F8F0A9B7F2B1CD81A4A13800B9B4E
:104ED4007F2B09D8184A138011B0BDE8F08F04F570
:104EE400006308920993DCE60024134B0D981C80A0
:104EF40000F03AFB184B1A681C600D4B1A6011B095
:104F0400BDE8F08F0B4B00240C981C8000F02CFBA8
:104F1400124B1A681C60054B1A60D8E7D01A00209F
:104F240000800E40A0282020DC310020C01A002080
:104F3400C81A0020C6310020C831002001000080BA
:104F44002C1B0020301B0020FC1A0020141B002006
:104F5400441B0020341B0020CC1A0020C41A00205B
:104F64000C9A002A00F088808A4800260A998A4B05
:104F7400D0F800800E900B448848894902EB430B1B
:104F8400D0E900CE08988D68D1E9002300F1100122
:104F940000F582600290C246BBF90280E146774682
:104FA400A8EB0A0C0BF1020021F80E6CC246ACEB24
:104FB400090E019021F80A6C0846AEEB070721F8A8
:104FC400066C21F8026CE1463A4477461344EC1827
:104FD4001344019D05F1020BE5181344241121F833
:104FE400104C5C1913442D1121F80C5C1D1924116B
:104FF40021F8084C2C1121F8044C0199B1F90280D4
:10500400A8EB0A0CACEB090EAEEB07073A441344C9
:10501400EC181344E5181344241120F8104B5C19C0
:105024002D11134400F1100120F80E6C20F80C5CD3
:105034001D19241120F80A6C20F8066C20F8084C7D
:105044002C1120F8026C20F8044C02988842A2D15A
:105054000E99C1F800805249C1E900234F4B8D607D
:10506400C3E900CE0A9B40330A93C5E6089AC3F805
:10507400702F20320892DDE60D9A002A00F082801B
:1050840048480B99444BD0F800E00B440F90464835
:10509400464902EB430A0C9E8D68D346D0E9007C56
:1050A4000898D1E9002300F1100100F58260029014
:1050B400F246B946BBF902E00BF10207E04621F8DB
:1050C400106C0197AEEB0A0721F80C6CF246A7EBC3
:1050D400090CB946019F01F11000ACEB080821F856
:1050E400086C21F8046C07F1020B4244E0462031BD
:1050F4001344EC181344E5181344241121F82E4CDE
:10510400EC1813442D1121F82A5C1D19241121F8DF
:10511400264C2C1121F8224CB7F902E020F8106C2F
:10512400AEEB0A0721F81C6C21F8186CA7EB090CEC
:1051340021F8146CACEB080842441344EC181344F3
:10514400E5181344241120F80E4CEC182D111344C7
:1051540020F80A5C1D19241120F8064C2C1120F8A3
:10516400024C02988142A3D10F99C1F800E00F4983
:10517400C1E900230C4B8D60C3E9007C0B9B4033D9
:105184000B9339E64FF480620D99089803F000FE02
:1051940032E600BF2C1B0020010000803C1B0020D5
:1051A400081B0020301B00204C1B0020201B00206B
:1051B40038B50021044600F023FA88B172B61C4ABF
:1051C4001368002B2BD01B490D68002D2CD01560C3
:1051D40008600021184A118062B6184600F0C4F92C
:1051E4000121204600F00CFA98B172B6134A1368F4
:1051F40083B113490C6854B114600024114A086047
:10520400148062B61846BDE8384000F0ADB90860B5
:1052140062B638BD0B4910600B8062B638BD0649D2
:1052240010600B8062B6DBE7086062B6D8E700BFA7
:10523400C01A0020C41A0020C6310020C81A002059
:10524400CC1A0020C831002010B5044600F052FBEF
:10525400204610BD38B5234C002342F210724FF49F
:105264000C61E06F40F44020E0671C2003F0D0FFA5
:10527400E3691D4923F440631C481D4A43F4006359
:10528400E361A36A19401B4B41F0CE01A16241685E
:105294000A4042F4002242609A68002A20DB164940
:1052A400032000224FF48034C1F828014FF08E45CA
:1052B400C1F82401114812491A66DA601D615C6163
:1052C4009861D961C3F8E020C3F88C204FF0E06204
:1052D400C3F89020C3F89440C3F89800C3F89C1016
:1052E40038BD00BF00C00F4000FEFFFF00C00A40F1
:1052F400F8FFF7FF0040384000801F40130F010003
:10530400000F0F0F10B5364C4FF4006200212046F9
:1053140003F03EFD3348012100F088FA00233249AE
:10532400324A0B601360FFF795FF2346BFF34F8F9C
:1053340004F5006204F120004FF0E021824234BF02
:105344000122402204EB4212C1F8703F2033934201
:10535400FAD1BFF34F8FBFF36F8F224A0320244B40
:105364002449C3F880014FF4806013681C60022450
:10537400D8829C60A4F60204D883062059600021D8
:105384001279DC601C4C988302F110001C61996155
:1053940099821A4C1A4B43F8204002F01F04194B0F
:1053A400012003EB5213A04014B29B00186016486E
:1053B400164B40F82410164940F82410A0F58040FC
:1053C4001449C276D3F8882042F00042C3F88820FA
:1053D4009A681143996000F007FA0F4B187010BDDA
:1053E400A0282020D01A0020C01A0020C81A0020AB
:1053F40000801F400200010120403840D52E0000EB
:10540400001400204038003800C00E4000403840EE
:105414001400008001000090DC310020024A03499E
:10542400034802F061BD00BF640A0020B9340000E3
:10543400D01A00204FF0E0234022C3F8082270471E
:10544400F8B5144B144D1C686E689CB1237A204641
:105454006BB123686F681B6898476B68E188DB1B36
:10546400C3F38F12B1EB931FA28038BFE28064694B
:10547400002CEBD1084B094A5B6810889B1B084C35
:10548400C3F38F11B0EB931F218038BF1180BFF39A
:105494004F8FF8BD381A0020001000E0C231002000
:1054A400C0310020036818470B680360704700BFD1
:1054B4000B680360704700BF704700BF30B472B61A
:1054C400244D254C2A8804F1700104EB82038B429D
:1054D4003CD204F16F01501CC91A00EB910002E0A8
:1054E4000132824232D09C4653F8041B0029F7D083
:1054F400B1FA81F04FF00043C34021EA0301CCF834
:10550400001001B90132154B2A801A88013291B278
:10551400198062B6ACEB040C41F67C73C0EB0064FA
:105524004FEAAC0CC0EB841001240CEB8C1C03EB95
:10553400CC1303EB80030A480068C4541844094B95
:105544001C88944230BC38BF1980704762B6002072
:1055540030BC7047C43100203C1A0020BC3100200C
:10556400341A0020BE310020428872B60378012B21
:1055740003D9013B037062B67047D14353090B480A
:105584004FF0004201F01F01CA4050F823100A43B3
:105594000749B1F800C040F823209C45054A88BF5C
:1055A4000B801388013B138062B670473C1A0020BD
:1055B400C4310020BC310020C36813B91DE0DB688E
:1055C400E3B1187A9042FAD110B4586893F809C03C
:1055D400006950F82C4054B1DB682BB1187A904222
:1055E400F3D0DB68002BF9D15DF8044B704740F829
:1055F4002C10087801300870EEE77047704700BF40
:10560400437A8B4206D90369002253F8210043F8F8
:10561400212070470020704700220449C0E900227D
:10562400028102740A680860C2607047AC1A0020E4
:10563400037CFBB903680146FBB14368EBB1427AD2
:105644005B7A9A421CD230B472B62B4B1C68ECB114
:10565400E368C3B1486801E0DB68A3B15A688242D9
:10566400FAD193F809C04A7A9445F5D162B6042078
:1056740030BC7047012062B67047032062B67047A1
:10568400022062B670476469002CE1D11B4C236888
:1056940043B1994202D10BE0994207D01A46DB6824
:1056A400002BF9D1052062B630BC704702F10C041E
:1056B4000D68E868E8B1C3681BB908E0DA683AB174
:1056C400134681421846F9D162B60620D0E7034654
:1056D400D960CB68002023600123C860AA7A2B72AA
:1056E4001A44AA724A68947A13721C4494720B7412
:1056F400D9E7E960EDE700BF381A0020AC1A0020B2
:1057040010B5047C9DF808E00CB1012010BD0272B4
:1057140080F809E0C0E90013BDE81040FFF788BF36
:1057240038B5037C002B36D043680446427A5B7A52
:105734009A4238D272B60168CB68002B2DD09842B9
:1057440033D01A46DB689C422AD0002BF9D1626818
:10575400607A136953F8200048B1FFF705FF72B669
:1057640062680025607A1369216843F820508B7AB7
:10577400013BDBB28B7203B90B72937A013BDBB250
:10578400937203B913720A4B00201A6820741C60C8
:10579400E26062B638BD012038BD62B6032038BD70
:1057A400E368D360D3E7022038BDC368CB60CEE79B
:1057B400AC1A002010B50446FFF7B2FF094A13687B
:1057C40043B19C4202D108E09C4205D01A46DB68F2
:1057D400002BF9D1204610BD0C32E368204613603B
:1057E40010BD00BFAC1A00200C4B1A789AB90C4AB1
:1057F4000C4910B4C2F858110B48D02401224FF0C0
:10580400E02180F8464040241046C1F808415DF884
:10581400044B1A7070470020704700BFDA31002033
:1058240000140020B136000000E400E070B472B649
:1058340021B9036813B102790F2A45D9294C21886B
:10584400002341FA03F212F0010208D00133102BB5
:10585400F7D162B600220371026070BC70474FF04A
:10586400010C0CFA03FC41EA0C01218062B61E4DC6
:105874005FFA83FC1D4940F2824680F804C0EC6F55
:10588400194483F0030344F0C0044901EC67A5F50F
:105894009F35174CA5F58075266084F81AC084F8E6
:1058A4001EC084F818C084F81FC00160C1E900223A
:1058B400C1E90222C1E90422C1E906225A5D42F08B
:1058C400C0025A5570BC7047064C218841FA02F553
:1058D400ED07B5D5054D1544B3EB451FB0D162B600
:1058E400BBE700BFCA31002000C00F408074000233
:1058F40000800E4003790F2B11D8094A937672B6B3
:105904000849012290F804C00B8802FA0CF223EA39
:1059140002030B8062B610220023027103607047F9
:1059240000800E40CA310020704700BF704700BF9E
:10593400704700BF704700BF70B51A4C1A4D2368FA
:10594400AB4202D0194AD16829BBA369AB4202D049
:10595400164AD169C9B9236BAB4202D0134AD16A42
:1059640069B9A36CAB4209D0104AD16B31B10121A2
:105974001B680F48D163BDE87040184770BD012112
:105984001B680C48D1629847EBE701211B680A4861
:10599400D1619847DFE701211B6804F10800D16059
:1059A4009847D2E7C0160020C804002000410840F0
:1059B40010170020F8160020E016002038B5064C19
:1059C400A4F1600554F8083C2046183CDB6898476D
:1059D400AC42F7D138BD00BF1017002003682DE991
:1059E400F041044688B01746002B4BD000229A6041
:1059F4000122DA60304D04A8DFF8E0801D4451F83C
:105A0400083B2D1102935B6805EB45069847F600A9
:105A140006F1080058F806304044DB6801909847C6
:105A2400264A04A9DDE90103029248F806309B687E
:105A34009847029B04A8DB68984723680322204800
:105A44001F609A601F4A23791F4C5355137851786D
:105A5400C0F828428B4228BF0B469178D2788B42FB
:105A640028BF0B46934228BF1346184C4FF0E02240
:105A74004FF08061012084F87A30C2F80C1108B02C
:105A8400BDE8F081124AD36E43F44053D366012239
:105A9400104B1A60104A134602604032986800287E
:105AA400A8D0103393422360F8D100231846236012
:105AB40008B0BDE8F08100BF00BFF7BFC8040020F4
:105AC40000140020580A0020A93B000000E400E074
:105AD40000C00F400040084000410840C0160020AC
:105AE40010B4064B0020064C064A1C609C611C63E3
:105AF4009C6405495DF8044B02F0F6B9C016002019
:105B0400C8040020640A00202D3C000000B970473E
:105B140014490A68EAB1D31730B4134C134D84FB0B
:105B2400024C134C9444C3EB2C4304FB132244F265
:105B3400A71405FB03F304FB0233002B10DA6FF008
:105B440000421A440A60B2FBF0F330BC00FB13209D
:105B54007047084AB2FBF0F30A6000FB1320704759
:105B64001A46EFE7301A00205F0B4E83ECF4FFFF78
:105B74001DF3010042CE0C1F1C2849D8F8B5254F4F
:105B840004463B78E3B9244B1B5DFF2B29D0234A01
:105B940002EB041291680A6802F44050B0F5805F89
:105BA40030D01C061FD41E4C2360236AD80704D4AB
:105BB40002F0B6F8236AD907FAD5194B586AF8BD2A
:105BC400174D184E01E002F0ABF8AB6C1B06FAD48B
:105BD400B36C13F08003F6D13B700F4B1B5DFF2BAE
:105BE400D5D10020F8BD0F4C03F07F032360236A56
:105BF400DA0704D402F094F8236ADB07FAD5094BD8
:105C0400586AF8BD22F480521C060A60EBD4CAE735
:105C140000207047DF3100200408002084050020A4
:105C240000400C4000800C40082830B422D00A28E0
:105C34000CBF4FF405714FF44671104C104D636C5A
:105C4400626C2B400F4802F003021A43636C03F0AA
:105C5400E00313430B436364436C426C2B4002F038
:105C640003021A43436C03F0E0031343194330BCAB
:105C7400416470474FF44071DFE700BF00400C40BF
:105C840000FCFFFF00800C40A249A34B88422DE991
:105C9400F047A24C5E699A69D4F80C801BD9A04BDA
:105CA400984240F20281C31A9E491B0AA1FB0313C6
:105CB40040F22761DB0903EB830303EB830303F265
:105CC400E2438B4228BF0B46A3F54877964BA3FBD0
:105CD4000737FF0804E0954FB8428CBF0E2706270C
:105CE4008D4908F01F09D1F88030B94543F0C0034D
:105CF400C1F880300CD228F01F08A1F5F82148EA39
:105D04000708C1F80C800B68002BFCDA08F01F09A7
:105D140016F0007324D186490C698649A14300F02A
:105D2400EA8082F4805134464FF4805514F0605F69
:105D340004D026F060561E43774B5E6111F4405F39
:105D440007D022F4405274492A438A618B6C1A07A3
:105D5400FCD446F00076704A5661936C9B06FCD4E2
:105D6400754CA04200F2CE804FF0010C0146634610
:105D740003FB011203F1010E0CF10105A24218D834
:105D8400BEF1080F4FF0010340F08D80BCF1040F09
:105D940000F291800A18A24200F2A48005FB00F1EF
:105DA400AC4603F1010E03FB01120CF10105A24202
:105DB400E6D90CF1FF318C0286EA81215F48104458
:105DC4005F4A90427FD9DFF8A4A16C225D48584D08
:105DD400B0FBFEF0D5F800E0B0FBFCF0DFF890C1BA
:105DE4000EEA0C0CD44509D042F400524FF4805C06
:105DF400C5F800C02A602A68002AFCDA464A1569F8
:105E040005F007059D4203D01361936CDD03FCD4B8
:105E140011F4E05F09D026F4E05604F4E0543E4A5D
:105E240026435661936C9907FCD44749474A014479
:105E340091423CD8464BC909A3FB0131090B4B1EC7
:105E44001B0286EA030212F4407F06D026F4407651
:105E540003F44073304A334353612F4A536923F0A8
:105E640000735361936C9B06FCD43A4B4F45A3FBE0
:105E740000234FF0FF324FEA9343B0FBF1F1B2FB42
:105E8400F3F3354A1060354A1160354A136008D27D
:105E940028F01F08214A48EA0707D7601368002B37
:105EA400FCDABDE8F087734662E7122718E74FF47F
:105EB40040730421C5E70CF1FF31204807238C020D
:105EC400104486EA8121274ADFF8A8A0A2FB00201B
:105ED400020D2548362A38BF362202FB00F042EA7A
:105EE4000A0A74E74FEA8C24002386EA8C214FF0D7
:105EF400010EAC4662E71D4686F0C05411464FF0D1
:105F0400C05313E700244FF0010C024631462346E8
:105F1400E64653E700A4781F00C00F400000084085
:105F24000046C32323B24C001F85EB5100366E019B
:105F340000800D4040300080FFB19F26808D5B00C3
:105F4400FF7EF64D00643F4D7FD1F0087F17B42CDF
:105F54009F10E50083DE1B43540A0020500A0020F2
:105F640054230020819F5E16001BB7006C20008024
:105F74007F3001800020008000B970472DE9F84F80
:105F840001218146214C224D224E54E8003F2A68CB
:105F9400306844E80013002BF7D11F494B684FF4D5
:105FA4007A7BDFF878A01B1A01270BFB02F8DAF8DA
:105FB4000020A3FB02325A4594BF9044D84454E8CD
:105FC400003F2A68306844E80073002BF7D14B681F
:105FD400DAF800C01B1A0BFB02F2A3FB0C3CBCF565
:105FE4007A7F94BF624402F57A72A2EB0802B2F59A
:105FF4007A7F06D3B9F1010908F57A78DFD1BDE8D3
:10600400F88F01F08DFE0449D9E700BF203000204D
:106014001C30002018300020001000E05423002021
:1060240030B40F4B4FF0010C0E4D0F4C53E8002FC2
:106034002868216843E800C2002AF7D10B4B5B684B
:106044000B4A5B1A4FF47A71126801FB00F0A3FB50
:10605400023230BC8A4294BF80184018704700BF97
:10606400203000201C30002018300020001000E0F8
:1060740054230020272816D80201104B03EB0010EC
:106084009B5810B4C2685C68144205D061B95DF8CD
:10609400044BC3F888207047836851B1084A5DF8FF
:1060A400044B1A60704770475DF8044BC3F88420B2
:1060B4007047044A5DF8044B1A6070478405002059
:1060C40038F001003830010027280BD8064B0201B4
:1060D40003EB00109A58C36892681A4214BF012057
:1060E400002070470020704784050020272829D805
:1060F400164B0201012903EB00109A5810B453689F
:10610400C4680ED004290CD023EA040353608368C6
:10611400A9B1022917D003290CBF0D4A0D4A1A60F0
:1061240007E0234301295360836808D040F638020E
:106134001A60436815225DF8044B1A6070473822D0
:106144001A60F6E77047044A1A60F2E784050020F3
:10615400383001003800010038F00100704700BFFA
:10616400272858D80001F0B4344C354D2358AB429D
:1061740056D049D8B3F1844F4BD0A5F58045AB42F6
:1061840040D1304D2044304E304CC4F8B462D0E994
:1061940001C4C0684FF0E0264FF00057042AC6F847
:1061A40010712FD85E6926EA00065E614FF005067D
:1061B400CCF80060266846F4803626605C6824EAE1
:1061C40000045C60224C54F8224090FAA0F2B2FA27
:1061D40082F245F822106FEA00011DD0DD690F2A12
:1061E40001EA0501D9611DDC52000325D9689440F8
:1061F40005FA02F221EA02022243DA6098615A693E
:1062040002435A61F0BC7047124DAB42FAD1124DB1
:10621400B8E7124DB6E77047DA690243DA61EDE791
:106224000F4DAFE7103A032519695200944005FA5F
:1062340002F221EA020222431A61DFE78405002008
:1062440000800042100F00202100000000140020F4
:10625400A804002000C0004210100020900E00206E
:10626400900F002008B5FEF7F1F8FEF73BF901F0B6
:1062740057FDFAE7844641EA000313F003036DD1A6
:10628400403A41D351F8043B40F8043B51F8043BF5
:1062940040F8043B51F8043B40F8043B51F8043BFC
:1062A40040F8043B51F8043B40F8043B51F8043BEC
:1062B40040F8043B51F8043B40F8043B51F8043BDC
:1062C40040F8043B51F8043B40F8043B51F8043BCC
:1062D40040F8043B51F8043B40F8043B51F8043BBC
:1062E40040F8043B51F8043B40F8043B51F8043BAC
:1062F40040F8043B51F8043B40F8043B51F8043B9C
:1063040040F8043B403ABDD2303211D351F8043B3B
:1063140040F8043B51F8043B40F8043B51F8043B7B
:1063240040F8043B51F8043B40F8043B103AEDD2EA
:106334000C3205D351F8043B40F8043B043AF9D23B
:10634400043208D0D2071CBF11F8013B00F8013B0E
:1063540001D30B8803806046704700BF082A13D31B
:106364008B078DD010F003038AD0C3F10403D21A33
:10637400DB071CBF11F8013B00F8013B80D331F867
:10638400023B20F8023B7BE7043AD9D3013A11F8E7
:10639400013B00F8013BF9D20B7803704B78437052
:1063A4008B7883706046704702F026BA02F02CBAEC
:1063B4004FF0010C0CFA01FC01EB410100EB41111F
:1063C40070B5B1F80EE01FFA8CF5254C1FFA8EFE5D
:1063D40024782E010EFB033306F0F006E340B0F8F8
:1063E40088417345A4B228BF73463443012AA0F8F8
:1063F40088410DD0022A28D0C2B10CF00F02B0F8A7
:1064040088C11FFA8CFC4CEA020CA0F888C170BD4C
:106414009BB20CF00F022D02CB82B0F8803105F450
:1064240070659BB22B43A0F88031E8E7AEEB030E16
:106434000CF00F021FFA8EFEA1F80AE0B0F88031CA
:106444009BB21343A0F88031D9E79BB20CF00F0242
:10645400CB83B0F880319BB21E43A0F88061CEE7B5
:106464001211002027284BD8F8B52A4D044615F8F8
:10647400202005EB8005012A2DD0022A3FD16B781C
:10648400C3F3011003283ED0234A02EB803203F009
:10649400030C224889B2634602EB4C1C0678BCF814
:1064A40006E05801BCF810301FFA8EFECEF1011E32
:1064B4001EFA83F303F1FF3E0EFB01F1F1408E451A
:1064C40023D95B1AC3F101039BB289B20244ACF82D
:1064D400063011820DE06A78C2F30113032B10D049
:1064E4000F4800EB83308BB202F00301AA78FFF768
:1064F4005FFF0C4BEA7803EB04135B681A60F8BD8A
:1065040070470948EFE7094AC1E7991E4FF6FF7340
:10651400DBE700BF2008002000C01D40121100204E
:1065240000C03D408405002000803E4000801E40A5
:1065340000230F2248F2B82C194610B54FF47044CA
:106544004FF4806EA0F88C414FF46044A0F88E2183
:106554000A46A0F89031B0F888319BB243F0F003BA
:10656400A0F8883101EB4103013100EB4313042906
:106574009C80A3F806E05A841A865A805A81A3F8AC
:106584000EC05A82DA825A83DA83EBD1B0F88831AA
:106594009BB243F00F03A0F88831B0F888319BB266
:1065A40043F47063A0F8883110BD00BF374B384AFC
:1065B400996F384841F47F0170B5996741F201063B
:1065C400D3F8801045F6C05543F226040A43C3F8B5
:1065D4008020FFF7ADFF00F58040FFF7A9FF00F52D
:1065E4008040FFF7A5FF00F58040FFF7A1FF0022E0
:1065F400A0F503104FF00F0E114600EB42134FEAC3
:10660400421C01329981042A5981A3F80EE09E822A
:10661400DD8020F80C1019829C81EED100221E48E6
:106624004FF00F0E41F20106114645F6C05543F2F4
:10663400260400EB42134FEA421C01329981042ADA
:106644005981A3F80EE09E82DD8020F80C10198297
:106654009C81EED1002211480F2641F2010511461A
:1066640045F6C05443F2260E00EB42134FEA421C97
:1066740001329981042A5981DE819D82DC8020F8CF
:106684000C101982A3F80CE0EED170BD00C00F40CD
:10669400000003FC00C03D4000001E4000401E40BE
:1066A40010280346044A28BF10231078012B38BF52
:1066B40001231370704700BF1211002072B6EFF36C
:1066C4000583524CC4F884301EF0040F0CBFEFF362
:1066D4000882EFF309824FF0E0234D4E4D4DD3F87D
:1066E400280DD3F82C1DC4E92201D3F8341DD3F8A6
:1066F400383DC4E924139369C4F89830D369C4F8C5
:106704009C3000F0BFF884ED280A01F0DBFB0B217C
:106714004FF0FF32C4F8A4000B46C4F880103E4981
:10672400301D5A40202402F00103013C01FB03F315
:1067340083EA5202F7D1A84202D073680646EFE713
:10674400324BC3F8A820BFF34F8F4FF0E0233049FA
:10675400324AC3F8701FC3F8702FBFF34F8FBFF3D3
:106764006F8F2F4A02252F48D36E2F4943F440538D
:10677400D3660560D3692D4823F07F0343F04003BB
:10678400D3610B6883423DD8264D00214FF0E023AE
:106794004FF0FF3229600126C5F808112449C5F8D5
:1067A4000011C5F80861C3F88021C3F88421C3F837
:1067B4008821C3F88C21C3F8902101E000F070F91E
:1067C400D5F80C31002BF9D00134C5F80C614F2CED
:1067D400F4D9184B022018494FF00042C1F8400187
:1067E4005A63D5F80C313BB9144815490D4A016375
:1067F400D2F80C31002BFAD04FF0E023114AC3F841
:106804000C2DFEE7FFF740FABEE700BF00FF27208C
:1068140080FF2720A8FF27202083B8EDA0FF272092
:1068240000C00F4000400840540A0020803DCD0BBA
:10683400009F240000900D4000002E4000800F4077
:10684400F100AD0B0400FA050A490A6838B108B52D
:1068540013180948834204D810460B6008BD10463B
:10686400704702F0FFFA0C234FF0FF32036010462A
:1068740008BD00BF600A00200000282030BFFDE7EB
:10688400FFF71CBF124AD2F880305B07FBD5D2F861
:1068940080301048C3F30B230F4990ED007A07EEC4
:1068A400903A91ED006AB8EE477A0C4AF8EEE77A2E
:1068B4000B4BD2ED006A77EEC77A93ED007AB8EE0F
:1068C400477A67EE867A87EEA60A37EE400A704763
:1068D40000810D40442300204C230020502300203D
:1068E40048230020836BF0B41BB1536843F4004386
:1068F400536072B6446B3CB31A4B2260D3F8B04178
:106904000C421DD1184E776804E07468E41BB4F59A
:10691400166F0BD2D3F8404144F48044C3F840418D
:10692400D3F8B851D3F840416404EED50D4007D1F3
:106934000C4CC0E90225D4F8B0310B43C4F8B03193
:10694400426362B6F0BC7047064DC0E90224D5F834
:10695400B0310B43C5F8B0310263426362B6F0BC98
:10696400704700BF00002E40001000E070B5056BBA
:106974009DB106462A46002403E012680134012A28
:106984000CD0536813F08003F7D032632CB128463F
:10699400B36B2D689847013CF9D170BDC6E90C333F
:1069A400F4E700BF30B4D9B91F4C204B0021204A72
:1069B40001254FF0011099601D60C4E90231802463
:1069C4005C60C2F8BC01D2F8B0311A482B43C2F85B
:1069D400B0310160D2F8B031002BFBD130BC70472C
:1069E4000904154B104C012541F080019860104AB0
:1069F400596000F580511D60D96000F50051A36411
:106A0400196100F5405100F58040596100219861F9
:106A1400E164D2F8B03143F48033C2F8B031D2F833
:106A2400B031002BFBD1C0E700000020201700206C
:106A340000002E401C1F00204017002010B472B626
:106A44000A4C01220A49237802FA00F01843207004
:106A5400D1F848311A0605D480221343C1F84421E1
:106A6400C1F8483162B65DF8044B7047F03100203C
:106A740000002E40084901220B7802FA00F023EAB4
:106A84000000087030B9054AD2F8483123F0800379
:106A9400C2F84831704700BFF031002000002E409A
:106AA4002DE9F04F9C4C83B0D4F84461F107C4F84D
:106AB40044616AD5D4F8AC31002B61D0DFF884820C
:106AC400964DDFF878B208F5805ADFF87C92944F3F
:106AD400C4F8AC31D5E90A20D4F8403143F400536A
:106AE400C4F84031D4F840319B04F5D5D4F8403192
:106AF40023F40053C4F840314FF00113C4F8B43107
:106B0400D4F8B43113F00113FAD191B240F2816C8C
:106B1400CBF80030614500F2D980B1F5D06F80F038
:106B24006181B1F5817F00F08F8140F2AB8040F24A
:106B3400023C614500F0B281B1F5A06F40F0C18024
:106B44007849EB648B600123A9640B6080234B605C
:106B54004FF00113C4F8BC31D4F8B03143F480339E
:106B6400C4F8B031D4F8B031002BFBD1130C5B0660
:106B740043F08073C4F85431D4F8AC31002BA7D15E
:106B8400654AD2F8BC31002B4AD1720616D5624B45
:106B9400D3F8AC21C3F8AC21D3F8BC21C3F8BC2191
:106BA400D3F8B041002CFBD14FF0FF32C3F8B4212D
:106BB400D3F8843101F026F85B4B1C60F40103D553
:106BC4005A4B1B6803B19847B00103D5584B1B6857
:106BD40003B19847710708D54F4BD3F8843113F4A8
:106BE40000731AD0534B01221A704B4BD3F848311F
:106BF4001A060FD533060DD54F4A13782BB1013B36
:106C0400DBB21370002B00F0428203B0BDE8F04FFA
:106C140000F09ABC03B0BDE8F08F464A1370E4E775
:106C24004649C2F8BC310868034240F061813E4ADB
:106C340014681C40A9D05FEA144810D0374D4FF0B7
:106C4400010998FAA8F7B7FA87F705EBC71009FA0C
:106C540007F74030FFF78AFE38EA0708F1D1A4B2FB
:106C6400002C92D02D4D4FF0010894FAA4F7B7FAF6
:106C740087F705EBC71008FA07F7FFF777FEBC4361
:106C8400F3D182E7802900F0A780822919D183B249
:106C940010F0780015D103F07F0257F82210284A2B
:106CA4001080180600F1C081CB0701D501231370B1
:106CB40002212348FFF776FE5EE7010C072900F066
:106CC40045814FF00113C4F8C03155E742F2210C5D
:106CD4006145F2D03AD942F22123994268D042F276
:106CE40021339942EDD10F4B00229A60EA640122CC
:106CF400AB641A6080225A604FF00113C4F8BC31AF
:106D0400D4F8B03143F48033C4F8B031D4F8B0319E
:106D1400002BFBD130E700BF00002E400000002014
:106D2400C0012E4020170020201F0020B431002075
:106D3400B8310020F9310020FF3100201C1F002051
:106D4400E8220020141F002040170020B1F5086F2E
:106D54003AD0B1F5106FB4D1B548C2F307424FF041
:106D6400C81100930270B34AC4F8C821C4F8CC1106
:106D7400C4F8D01100F048FF00F07CFBAE4A0121BA
:106D8400009BAA6411608021936051604FF001124E
:106D9400EB64C4F8BC21D4F8B02142F48032C4F8C6
:106DA400B021CBF80030D4F8B031002BFBD1E3E6AE
:106DB40080B2002897D1A14BC2F307421968A04BB7
:106DC4001960A04B1A708EE7994B01219E481B78DD
:106DD4000370FFF7E7FDCFE69B4802210380FFF72E
:106DE400E1FDC9E6994B596800293FF46AAF4FEABF
:106DF400124E82B204E019690C3300293FF461AFEA
:106E0400B3F800C0F445F6D1B3F802C09445F2D10A
:106E14004FEA1E22032A00F0D8801A89000C82420D
:106E240028BF0246BEF5007F40F0D480884B8949D4
:106E34001878894B0092002818BF19468748FFF735
:106E440019FA864B009ADAE010F0780F83B27FF4D7
:106E540038AF03F07F0213F0800F57F8223014BFCD
:106E640023F4803323F0010347F822300022724BCD
:106E7400EA649A600122AB641A6080225A604FF07F
:106E84000113C4F8BC31D4F8B03143F48033C4F8EE
:106E9400B031D4F8B031002BFBD16DE610F0780F8F
:106EA40083B27FF40EAF03F07F0213F0800F57F824
:106EB400223014BF43F4803343F0010347F82230F7
:106EC40000225D4BEA649A600122AB641A6080225E
:106ED4005A604FF00113C4F8BC31D4F8B03143F414
:106EE4008033C4F8B031D4F8B031002BFBD143E681
:106EF400002008605A490C88486842F221018C42FB
:106F04007FF495AE80B200287FF491AE5549564C7B
:106F140003C9A18086284FEA11412060A1717FF442
:106F240086AE72B65148017841F008010170D2F87A
:106F340048110D0605D480200143C2F84401C2F86B
:106F4400481162B64A4A5021117070E6EB60012381
:106F54004349C9F80030474B0A60C9F80430464B2E
:106F64004860C9F81030C5F80890C9E9028AD4F815
:106F7400B02142F00102C4F8B02103F5805203F5B8
:106F84000053C9F81420C9F81830D4F8B031002BD4
:106F9400FBD1294AEB6493600123AA64136048F28D
:106FA400800353604FF00113C4F8BC31D4F8B031FE
:106FB40043F48033C4F8B0314FF48033CBF800305D
:106FC400D4F8B031002BFBD1D6E5000C0A7882420C
:106FD40028BF0246BEF5E06F50D11D4B1D4893F803
:106FE40000C01D491D4BBCF1000F18BF01460092A3
:106FF4001846FFF73FF9072103464170009A23F032
:107004001F011344BFF34F8F4FF0E020C0F8701FEF
:1070140020318B42FAD8BFF34F8FBFF36F8F0F48E5
:107024001146FFF7BFFCA7E5C9033FF53FAE3FE6B6
:10703400F83100200200CC00201700201C30002072
:107044003C300020F7310020E8220020C008002056
:10705400F9310020581C0060F01C0060A030202092
:10706400201A0020141F002034300020F0310020AA
:10707400FF31002080000700143F0020064B184613
:10708400CDE90023FFF7F6F8DDE90023B7E7032095
:10709400FFF7F0FC02F0B8F8A03020202DE9F0470B
:1070A4001F46831E022B01D9BDE8F087DFF84C9000
:1070B40015460C463C2209EBC01806464FEAC01A96
:1070C400002108F10400240401F062FEB5FA85F2FF
:1070D4000123520944EA427449F80A40C8F8387056
:1070E400C8F80830002FDFD0034AB34011680B43BF
:1070F4001360BDE8F08700BF201F002000000020BF
:107104002DE9F0470D46811E022901D9BDE8F0871B
:10711400C701DFF84C909246044640373C220021D8
:107124001E4609EB07082D0408F1040001F030FEA7
:10713400BAFA8AF2520945EA427249F80720012252
:10714400C8F83860C8F80820002EDFD0034B10348C
:107154001968A2400A431A60BDE8F087201F002086
:107164000000002012048160C36101F5405342F025
:10717400800210B40124426001F50052046001F55C
:10718400805401F58041C46081615DF8044BC0E91D
:1071940004237047831E0A46022B00D97047064B0E
:1071A40000F110014FF0010C03EBC0100CFA01F1D7
:1071B4004030FFF797BB00BF00000020831E0A4643
:1071C400022B00D970470121024B814003EBC01010
:1071D400FFF788BB0000002040687047124A134B39
:1071E400D2F8200220F07F40984210B584B002D239
:1071F40000EB800040000E4C01A90A2200F030FE92
:1072040001A90023204611F8012B01333AB10A2BBE
:1072140020F8022FF7D11623237004B010BD5B00B1
:10722400DBB2237004B010BD00441F408096980068
:10723400FC10002038B50C4B04460C4D1B68298803
:1072440043B1B1F5917F09D24B1C9BB2084A2B8004
:10725400545438BDB1F5917FF6D338BD00220448AB
:10726400984700210123F1E77C300020D831002029
:1072740090300020F8B5144C4FF0E025134E4FF435
:10728400003204EB4024124F06EB40160346C5F8C7
:107294008C2121463A883046FFF764FF3B8823441B
:1072A400BFF34F8FC5F85C4F2034A342FAD8BFF325
:1072B4004F8FBFF36F8F04203146FFF77FFF4FF4EA
:1072C4000033C5F80C31F8BD403120206017002090
:1072D400CC31002042684FF6FC71114BC2F30E42D0
:1072E400C0691B889B1A0B4017D00E4930B40E4C52
:1072F4000E4D227821F810300021013225F81010AB
:10730400062A94BFD1B20A46217009490C68234465
:107314000B60084B985430BC7047FFF7ABBF00BFFD
:10732400CC310020F8220020EC310020142300206E
:10733400F0220020302300202DE9F04F0123DFF854
:1073440028A1DFF828B183B0414E9AF80020414DBE
:10735400414F8BF8003005EB42153388D7F8008095
:10736400CDE90002002B6DD13C4CDFF80491284696
:10737400FFF732FF10F080005DD03B68A3EB0803F9
:10738400282B04D90123237003B0BDE8F08F2378A0
:10739400002BF9D199F80030002BF5D000F0C0FC97
:1073A4003388002BE3D02E4A9AF800101288D01AA2
:1073B400043B2C4C9BB22044338000EB4120009EC4
:1073C4004902C0F8006C93BB04F5406428460C44A1
:1073D4002146FFF7C7FEBFF34F8F04F1200204F5E7
:1073E4000073934234BF012310234FF0E02204EBD7
:1073F4004313C2F8704F20349C42FAD1BFF34F8F2D
:10740400BFF36F8F04202946FFF7C4FE019B0220BF
:107414000133032B94BFDBB200238AF80030FFF75B
:1074240029FB00238BF8003003B0BDE8F08F022065
:10743400FFF704FBF5E70A4B9AF800101A8820704E
:107444001346B5E7064A01991288D01AB0E700BF7F
:10745400D0310020201900201C300020F2310020FF
:10746400D431002040312020F3310020F5310020B8
:10747400F8310020214B70B51B78002B3BD04FF422
:1074840000731E461E4980221E4D00240B800021DD
:107494001D482B8001F07CFC1C4A21461C4B1470B7
:1074A400C0221C481C8001F073FC1B4A31461B4B54
:1074B400042094609C60C2E90044194AC3E9004472
:1074C4001470184B184A1C70184B14602246FFF7AE
:1074D400E5FD2346224629880420FFF711FE2046B5
:1074E4000134FFF7C7FE062CF9D100231049114AD5
:1074F4000B70137070BD40231E46C3E7F9310020A2
:10750400CC310020D431002020190020F331002098
:10751400D031002060170020F8220020142300201E
:10752400EC310020EE310020F0220020455500000F
:10753400F2310020F5310020024B1B780BB1FFF72C
:10754400FBBE7047F83100202DE9F843214B1D782C
:1075540015B9214E33880BB9BDE8F883DFF888806C
:107564001E4A98F800701E4C02EB47191D4A04EBA2
:107574004724128848462146D21A2B46FFF7F2FDCB
:10758400BFF34F8F04F1200204F50073934234BF1C
:10759400012310234FF0E02204EB4313C2F8704F91
:1075A40020349C42FAD1BFF34F8FBFF36F8F013762
:1075B40049460420FFF7EEFD032F4FF000034FF080
:1075C400020098BFFDB2338088F80050BDE8F8434C
:1075D400FFF750BAF5310020D031002020190020E7
:1075E400403D2020D4310020F3310020F8B54FF481
:1075F40000324FF0E023204CC3F88C211F4B22783B
:1076040019788A422ED0D3B21D4A1E4F01331E4927
:107614001E4E072B28BF0023D05C37F8102001EB47
:1076240040218D580432316892B2043927F8102071
:107634003160174931F81010914207D94FF0E02317
:107644004FF400322846C3F80C21F8BDDBB2237096
:10765400FFF710FE4FF0E0234FF400322846C3F842
:107664000C21F8BD00254FF0E0234FF400322846EA
:10767400C3F80C21F8BD00BFEE310020EC3100202E
:10768400302300201423002040312020F022002049
:10769400F8220020F8B50646FFF7A8FF90B1C0F322
:1076A400031300F00F059C4A0446070A1370A5F162
:1076B4000803062B08D807F00F030133002E45D02A
:1076C400B34243D00020F8BDAB1EF8B2012B19D948
:1076D400F72818BFF02801D9052D13D0042D00F088
:1076E40085816B1F022B40F245810F2DEAD1F728CB
:1076F40008D8F02803D0894B1B88002BE2D0FFF771
:1077040099FDDFE7F1380E28DCD801A353F820F007
:10771400F55A0000075B0000255B000035590000A6
:1077240035590000335B000035590000415B00000F
:10773400355900006D5A0000A35A0000875A000012
:1077440035590000BF5A0000DB5A0000082DC4F36D
:10775400033217D1082A15D171488021714A07686C
:10776400C4F30746DDB21170240E1FB1314628461A
:107774002246B8476C4B01206C491D706C4B0E704F
:107784001C70F8BD092D14D1092A12D1220E6549A5
:1077940000F0B4809020C4F30746DDB20870D4B280
:1077A40064490F68002FE5D0224631462846B84781
:1077B400E0E70A2D05D10A2A03D15F48A021594ADE
:1077C400CDE70B2D05D10B2A03D15C48B021554AD6
:1077D400C5E70C2D40F08A800C2A40F08780584A77
:1077E400C02050491268C4F30746DDB20870240E65
:1077F400002ABFD0314628469047BBE7514B1B684F
:10780400002B00F00A81C4F307469847454B240E29
:1078140000251F70AEE74C4B1B68002BF3D14B4B7C
:107824001B68002B00F0ED80FC20C4F3074698474A
:10783400ECE7474B1B68002BE5D1444B1B68002B3E
:1078440000F0DF80FB20C4F307469847DEE7414B96
:107854001B68002BD7D13D4B1B68002B00F0D18057
:10786400FE20C4F307469847D0E73B4B1B68002B28
:10787400C9D1364BC4F307461B68002BC6D0FF2082
:107884009847C3E7354BC4F307461B68002BBDD0AC
:1078940030469847BAE7324B1A68002A00F0B180A4
:1078A400630CC4F30640260C03F47E53F6B218436B
:1078B4009047ABE72B4BC4F307461B68002BE7D17B
:1078C400A4E7294BC4F307461B68002B9DD19DE711
:1078D400264B1B68002B96D11C4B1B68002B00F019
:1078E4009080F820C4F3074698478FE70D2D62D1A6
:1078F4000D2A60D11E4AD0200A4973E78020DDB2E8
:10790400C4F30746087006490F68002F7CD031463F
:1079140028461446B8472DE7FA310020D831002014
:1079240054300020FE310020FB310020FC310020C7
:10793400FD310020583000208C30002050300020D1
:10794400603000207030002074300020643000204B
:107954004C30002040300020803000208430002053
:10796400683000206C30002088300020483000202F
:1079740044300020FFF75EFC052D08D0C4F3074017
:10798400FFF758FC072D02D1200EFFF753FC2B4BB9
:107994002B4819882B4A0170080A2B4C10700020C0
:1079A4002A4A1880F023246813707CB301222848E3
:1079B400A0470120F8BD0E2D7FF484AE0E2A7FF47B
:1079C40081AE244AE02021491268087072B3610C28
:1079D400C4F30640DDB201F47E51260C240E0143AB
:1079E4002846F6B2A1F500519047C3E6FFF722FC02
:1079F400C4F30740FFF71EFC200EFFF71BFC00201A
:107A0400F8BDC4F3074601E73C46B3E6124B1B68D6
:107A14008BB10F4898470120F8BD104B1B68002B11
:107A2400EFD0FA20C4F307469847EFE6C4F30746BD
:107A3400DDB2240E9EE60120F8BD00BFD83100203F
:107A4400FC310020FD3100207C300020FE3100207C
:107A5400903000205C30002078300020643000201A
:107A6400F8B5144C4FF0E025134E4FF4003204EBFC
:107A74004024124F06EB40160346C5F88C212146DC
:107A84003A883046FFF76EFB3B882344BFF34F8FA1
:107A9400C5F85C4F2034A342FAD8BFF34F8FBFF32D
:107AA4006F8F03203146FFF789FB4FF40033C5F88D
:107AB4000C31F8BD4045202020180020CE31002094
:107AC400244B2DE9F0411C884368C569C3F30E4378
:107AD400E41A002C24DD204920480A780078D3B227
:107AE4001F4E82421F4807D010F8038036F81870E2
:107AF400C7F50072944218D90133002226F81540C4
:107B0400082B194E88BF134626F8152098BFDAB201
:107B1400C554164B0A701A6814441C60BDE8F08101
:107B24002846BDE8F041FFF79BBF07EB482010490A
:107B340022462744084401EB4521FEF79BFB0B4AF0
:107B4400284626F8187013682344BDE8F0411360F2
:107B5400FFF786BFCE310020ED310020EF31002049
:107B6400042300203823002020230020F4220020B6
:107B7400404520201D4B1A78002A36D102F0FF031D
:107B84001B4A12788AB32DE9F0411A4D2A8852B360
:107B9400194EC2F50068194F3278194C07EB421799
:107BA40004EBC224424638462146FFF7DBFA04EBD5
:107BB4000802BFF34F8F4FF0E023C3F8704F203417
:107BC400A242FAD8BFF34F8FBFF36F8F0320394619
:107BD400FFF7E0FA33780133DBB2032B88BF0023CD
:107BE400337000232B80BDE8F0817047F63100200C
:107BF400F8310020D2310020F4310020A0190020F7
:107C040040552020704700BF2D4B002180222D4875
:107C140070B51B7800242C4D8B422C4E0CBF402396
:107C24004FF400732B80338001F0B2F8284A2146C8
:107C3400284B14704FF4807227481C8001F0A8F878
:107C4400264A1021264B0220C2E90044C2E902441C
:107C5400244AC3E900441470234AC3E90244234B71
:107C64001C70234614602246FFF74AFA22463188E4
:107C740003201F4BFFF712FA234601222988032011
:107C8400FFF73EFA20460134FFF7EAFE082CF9D14B
:107C9400184B00214A221848184C0460C3F8841079
:107CA400C3F88020D3F84821154942F08072C3F804
:107CB400482121B1134A137843F00103137070BDB6
:107CC400F9310020A0190020D6310020CE31002047
:107CD400F4310020D2310020201800200423002099
:107CE40020230020ED310020F4220020EF31002079
:107CF400315D000000002E40B4310020E55D00003D
:107D04000000000000320020044B10B51C680CB1C8
:107D1400204610BD00F004F8204610BDF4220020D7
:107D24002DE9F8432D4B1E7866B12D4F3B784BB9A6
:107D34000123F1073B7043D4B20726D400233B70E0
:107D4400730701D4BDE8F883264B1A68002AF9D0DA
:107D5400EFF30582002AF5D1EFF3108572B61868A7
:107D6400002834D0204C2178002930D101222270FF
:107D740042691A60002A2ED0916105B962B60025C5
:107D84008368457798472570DCE7DFF8648098F8C6
:107D94000030002BD2D00025DFF858902B4659F83C
:107DA40023400135236820461B69984710B1636955
:107DB4009B68984798F80020EBB29A42EFD8BDE749
:107DC400FFF7A2FF0028B7D0AFF30080B4E7002D7F
:107DD400B8D162B6B6E7054B1A60CEE70032002090
:107DE400DE310020B01A0020DB310020BC1A002054
:107DF400DD310020D81A002070B5EFF3108272B67E
:107E04000C4C206880B10C4E00254369236073B18B
:107E14009D6102B962B6836845779847EFF3108293
:107E240072B620680028F0D102B962B670BD336022
:107E3400EFE700BFB81A0020B41A0020FFF7DCBF38
:107E44000449054A4968054B1960136801331360F6
:107E5400704700BF001000E01C30002018300020E4
:107E640001F1FF3C70B56646002400E00134B0FB2C
:107E7400F2F502FB1503092B03F1370E03F130036E
:107E84005FFA8EFE98BF5FFA83FE9042284606F89A
:107E940001EFEBD2631C0022C818CA547CB16246BD
:107EA4001CF8015F10F8016DA1EB0C0302328CF891
:107EB4000060013B521A057023449A42EFDB0846E6
:107EC40070BD00BF074A506A936A19468446506AD7
:107ED400936A9942F9D18445F7D1DB0B43EA4040D8
:107EE400704700BF00400D4003460846194600F0A5
:107EF400A1BF00BF10EE103A40F22A41C3F30A5268
:107F04008A42B7EEC03A32D8B7EE000B2D4B93ED50
:107F14004A2B93ED481BB0EE417BA2EE037B17EE98
:107F2400100A37EE417B00F01F0203EBC20130B4AC
:107F340092EE037B93ED4C4B53F832404D6893ED36
:107F44004E6B93ED505BA4EE076B27EE074B0021BD
:107F54000A1905EBC033A5EE070B43EC172BA6EE6D
:107F6400040B30BC20EE070BB7EEC00B704713F5C3
:107F7400000F20D0B2F5FF6F1AD2DFED137AB4EE02
:107F8400E70AF1EE10FA10DCDFED107AB4EEE70A3E
:107F9400F1EE10FA12D4DFED0E7AB4EEE70AF1EE48
:107FA40010FAB1D5002000F01BBA002000F01EBA70
:107FB40030EE000A70479FED070A7047002000F07A
:107FC40009BA00BF800200201772B142B4F1CFC2D7
:107FD400CF8ECEC20000000030B510EE104AC4F3BC
:107FE4000A53B3F57D7FB7EEC06A83B01BD226EE89
:107FF400065BB3F5667F6ED326EE052B25EE021BDA
:10800400734B93ED1A3B93ED187B93ED164BA5EE52
:10801400037BA2EE046BB0EE460BA7EE010BB7EEAA
:10802400C00B03B030BD40F22E4293425ED8684983
:1080340091ED087B26EE077BFDEEC77B91ED0A5B95
:1080440017EE903A03F500031B1613F0020F07EE28
:10805400903A01F1700208BF0A46D807B8EEE77BF0
:10806400A7EE456B26EE067B1BD403F0030301EB5E
:10807400C30192ED1A4B91ED002B92ED185B26EEA5
:10808400026B92ED163BA7EE045B26EE074B27EE40
:10809400047BA4EE036BA5EE076BB7EEC60B03B02F
:1080A40030BD92ED142B27EE075B92ED126B92ED2F
:1080B4000E3BA7EE026B92ED0C0B92ED104BA7EE6C
:1080C400030B27EE057BA5EE040BA6EE070BB7EE1C
:1080D400C00B03B030BD220D12F4FF6FDFD1B7EE39
:1080E400C55B00EE104A8DED015AD8E7B3F5FF6F7A
:1080F4004BD2384BC4F3836203EB820053F8222043
:108104000569C4F31603C4F3C25143F400038B405E
:10811400016A03FB02F2A3FB0110E3FB050202F177
:1081240000518D0F01F04041511A00F037FB2A4BEA
:108134009FED257B05EBD47441EC160B14F0020F74
:10814400A3F1700208BF1346E90726EE077B27EE6A
:10815400076B1FD404F0030402EBC40293ED1A4B23
:1081640092ED002B93ED185B27EE027B93ED163B0B
:10817400A6EE045B27EE064B26EE046BA4EE037B0F
:10818400A5EE067BB7EEC70B89E703B0BDE8304028
:1081940000F032B993ED142B26EE065B93ED127BBF
:1081A40093ED0E3BA6EE027B93ED0C0B93ED104B7F
:1081B400A6EE030B26EE056BA5EE040BA7EE060B4D
:1081C400B7EEC00B6BE700BF182D4454FB21193CDC
:1081D400C80300202405002038040020000000000B
:1081E40038B510EE104AC4F30A53B3F57D7FB7EEE9
:1081F400C07A1ED227EE077BB3F5667F6FD327EED6
:10820400071B634B93ED142B93ED125B93ED0E3B25
:10821400A7EE025B93ED0C0B93ED104BA7EE030B53
:1082240027EE017BA1EE040BA5EE070BB7EEC00B06
:1082340038BD40F22E42934254D8554991ED086B13
:1082440027EE066BFDEEC66B91ED0A5B16EE903AD7
:1082540003F500031B1613F0020F06EE903A01F12A
:10826400700208BF0A46D807B8EEE66BA6EE457B57
:1082740027EE076B1AD503F0030301EBC30191ED5D
:10828400002B92ED1A4B92ED185B92ED163BA6EE85
:10829400045B27EE027B27EE064B26EE046BA4EE6E
:1082A400037BA5EE067BB7EEC70B38BD92ED142B0E
:1082B40092ED127B92ED0E3B92ED0C0B92ED104B76
:1082C40026EE065BA6EE027BA6EE030B26EE056BFE
:1082D400A5EE040BA7EE060BB7EEC00B38BDB7EE48
:1082E400000A38BDB3F5FF6F3DD22A4BC4F3836255
:1082F40003EB820053F822200569C4F31603C4F388
:10830400C25143F400038B40016A03FB02F2A3FB56
:108314000110E3FB050202F100518D0F01F0404111
:10832400511A00F03BFA1C4B9FED177B05EBD474FC
:1083340041EC160B14F0020FA3F1700208BF1346B0
:10834400E90726EE077B27EE076B10D504F003043C
:1083540002EBC40292ED002B93ED1A4B93ED185BE4
:1083640093ED163B93E7BDE8384000F045B893ED34
:10837400142B93ED127B93ED0E3B93ED0C0B93EDCD
:10838400104B9DE7AFF30080182D4454FB21193C9A
:10839400C8030020240500203804002010B582B052
:1083A4008DED010A044600F05DFD9DED010A0460B7
:1083B40002B010BD30B1F1EE407A27EE800A2220DF
:1083C400FFF7ECBFF0EE407A27EE800A2220FFF799
:1083D400E5BF00BF9FED010AFFF7ECBF00000010EE
:1083E4009FED010AFFF7E6BF0000201A9FED010A86
:1083F400FFF7E0BF0000007070EE407AB4EE400A70
:1084040087EEA77AF1EE10FAB0EE470A02D62120E1
:10841400FFF7C4BF704700BF10EE101AC1F3C75274
:108424000029A2F17F0CB4BF4FF0FF300120BCF152
:108434001E0F0FDCBCF1000F1DDBC1F31603BCF1F2
:10844400160F43F400030ADD963A03FA02F202FB24
:1084540000F07047FDEEC07A17EE900A70474FF4B3
:10846400800242FA0CF21A44CCF1170C22FA0CF2F4
:1084740002FB00F07047BCF1FF3F18BF00207047BB
:1084840081F0004102E000BF83F0004330B54FEAC1
:1084940041044FEA430594EA050F08BF90EA020F2E
:1084A4001FBF54EA000C55EA020C7FEA645C7FEAC1
:1084B400655C00F0E2804FEA5454D4EB5555B8BFE4
:1084C4006D420CDD2C4480EA020281EA030382EA55
:1084D400000083EA010180EA020281EA0303362DE7
:1084E40088BF30BD11F0004F4FEA01314FF4801CBA
:1084F4004CEA113102D0404261EB410113F0004FCC
:108504004FEA03334CEA133302D0524263EB430382
:1085140094EA050F00F0A780A4F10104D5F1200E20
:108524000DDB02FA0EFC22FA05F2801841F100017B
:1085340003FA0EF2801843FA05F359410EE0A5F14F
:1085440020050EF1200E012A03FA0EFC28BF4CF080
:10855400020C43FA05F3C01851EBE37101F0004536
:1085640007D54FF0000EDCF1000C7EEB00006EEB43
:108574000101B1F5801F1BD3B1F5001F0CD34908CD
:108584005FEA30004FEA3C0C04F101044FEA445224
:1085940012F5800F80F09A80BCF1004F08BF5FEAAB
:1085A400500C50F1000041EB045141EA050130BD8B
:1085B4005FEA4C0C404141EB0101013C28BFB1F59D
:1085C400801FE9D291F0000F04BF01460020B1FAE8
:1085D40081F308BF2033A3F10B03B3F120020CDABB
:1085E4000C3208DD02F1140CC2F10C0201FA0CF099
:1085F40021FA02F10CE002F11402D8BFC2F1200CFE
:1086040001FA02F120FA0CFCDCBF41EA0C019040B3
:10861400E41AA2BF01EB0451294330BD6FEA0404FC
:108624001F3C1CDA0C340EDC04F11404C4F12002E7
:1086340020FA04F001FA02F340EA030021FA04F3F9
:1086440045EA030130BDC4F10C04C4F1200220FA50
:1086540002F001FA04F340EA0300294630BD21FA8E
:1086640004F0294630BD94F0000F83F4801306BF54
:1086740081F480110134013D4EE77FEA645C18BF48
:108684007FEA655C29D094EA050F08BF90EA020FDF
:1086940005D054EA000C04BF1946104630BD91EAD7
:1086A400030F1EBF0021002030BD5FEA545C05D1DA
:1086B4004000494128BF41F0004130BD14F5800419
:1086C4003CBF01F5801130BD01F0004545F0FE418D
:1086D40041F470014FF0000030BD7FEA645C1ABFC2
:1086E400194610467FEA655C1CBF0B46024650EAF9
:1086F400013406BF52EA033591EA030F41F4002125
:1087040030BD00BF90F0000F04BF0021704730B5AA
:108714004FF4806404F132044FF000054FF000017F
:1087240050E700BF90F0000F04BF0021704730B540
:108734004FF4806404F1320410F0004548BF404215
:108744004FF000013EE700BF42004FEAE2014FEA6A
:1087540031014FEA02701FBF12F07F4393F07F4F45
:1087640081F06051704732F07F4208BF704793F048
:108774007F4F04BF41F40021704730B54FF460745B
:1087840001F0004521F000411CE700BF50EA01025E
:1087940008BF704730B54FF000050AE050EA010207
:1087A40008BF704730B511F0004502D5404261EB77
:1087B40041014FF4806404F132045FEA915C3FF4B8
:1087C400D8AE4FF003025FEADC0C18BF03325FEA55
:1087D400DC0C18BF033202EBDC02C2F1200300FA06
:1087E40003FC20FA02F001FA03FE40EA0E0021FA2B
:1087F40002F11444BDE600BF024B0146186800F0C4
:108804000BB800BF780E0020024B0146186800F038
:10881400EBBB00BF780E00202DE9F04F01F10B06F1
:10882400162E83B0044624D8102900F2BA8000F032
:10883400A3FA102618220220B54F3A44A2F10801E7
:1088440053688B4200F0BA805A68D96822F0030258
:108854001A449D68E9608D60516841F00101204629
:10886400516003F1080500F08DFA284603B0BDE815
:10887400F08F36F0070600F19480B14200F2918047
:1088840000F07AFAB6F5FC7FC0F09A81730A00F022
:108894008F80042B00F26F81B30903F1390003F1D7
:1088A400380CC3009A4F3B44A3F108055B689D4212
:1088B40006D10CE0002980F22781DB689D4206D0B6
:1088C4005A6822F00302911B0F29F3DD60463D69CB
:1088D400DFF850C265457CD06A6822F00302931B1E
:1088E4000F2B00F37B81002BC7E904CC80F26C8151
:1088F400B2F5007F80F01A81D308796801334FEA1A
:10890400521E012202FA0EF20A4357F833E0C5F868
:1089140008E007EBC3010839E9607A6047F833508F
:10892400CEF80C50831001219940914257D811423E
:1089340006D120F003004900114200F10400FAD0EE
:1089440007EBC0094D468646D5F80C80454508D14D
:108954001DE1002B80F22481D8F80C80454500F0FD
:108964001681D8F8042022F00302931B0F2BF0DDAC
:108974002046D8E9025408EB060146F00106C8F87F
:108984000460EC60A56043F00104C7E90411C1E987
:1089940002CC4C6048F8023000F0F4F908F1080504
:1089A40002E00C2323600025284603B0BDE8F08FC5
:1089B4004FF4007340204FF03F0C73E7D3689A42A2
:1089C40008BF02307FF440AF3D69DFF858C1654508
:1089D40082D17A688310012199409142A7D9BD6858
:1089E4006B6823F003094E4503D8A9EB06030F2B4C
:1089F4007ADCDFF834B1474BDBF800201B68013226
:108A0400334405EB090A00F0338103F580530F3337
:108A140023F47F6828F00F084146204600F010FA3E
:108A2400411C024600F0F380824500F2EE803A4B8E
:108A3400196841441960084600F04E81DBF80010C3
:108A4400019301311BBFA2EB0A010918CBF80020E6
:108A5400196012F0070B00F01781CBF108010A44EA
:108A6400CBF5805190440831A1EB0801C1F30B0A06
:108A740051462046009200F0E3F9421CDDE9002350
:108A840000F04F81801A00EB0A081968BA6048F0B8
:108A940001005144BD425060196000F02981B9F1D0
:108AA4000F0F40F227816868A9F10C0C2CF0070C19
:108AB40000F0010040EA0C0068604FF0050E05EB81
:108AC4000C00BCF10F0FC0E901EE00F232815068D6
:108AD4001546124B1A688A4238BF1960104B1A683F
:108AE4008A4238BF196094E0AA1943F0010346F0A2
:108AF40001066E602046BA60536000F043F9083501
:108B0400284603B0BDE8F08FD9681A44A1E600BF37
:108B1400680A0020201D0020F01C0020181D0020E1
:108B24001C1D0020700A0020700E0020B2F5206F7A
:108B34004FEA522363D3142B00F2B78003F15C0194
:108B4400C9005B3307EB010E7958AEF1080E8E4570
:108B540000F091804B6823F00303934202D98968A3
:108B64008E45F7D1D1F80CE07A68C5E9021ECEF83B
:108B74000850CD60D6E6142B59D9542B00F29D80B1
:108B8400330B03F16F0003F16E0CC3008AE60EF1A0
:108B9400010E1EF0030F05F108057FF4D5AE51E078
:108BA400424445465368D8F80C1043F0010353601F
:108BB40055F8083F2046D9608B6000F0E3F8F3E6EF
:108BC400F00806F1080237E62A442046536843F0C9
:108BD40001035360083500F0D5F8E5E6A9192046ED
:108BE40046F0010643F001046E60C7E90411C1E9CF
:108BF40002CC4C60AB5000F0C5F80835D4E69309BC
:108C040003F13901C90038339CE7BD425FD0BD6828
:108C1400686820F003084645A8EB060302D80F2B2A
:108C24003FF762AF204600F0ADF80025BCE603F143
:108C34005C0003F15B0CC30034E659F808394B457A
:108C440040F0968010F0030F00F1FF30F5D17B68FF
:108C540023EA01037B60490099423FF6C0AE19B98B
:108C6400BDE649000EF1040E1942FAD0704667E6DB
:108C740003F11008D0E69A104FF001087B6808FA57
:108C840002F21A437A6070E702EB08014942C1F329
:108C94000B0A51462046009200F0D2F8431CDDE94D
:108CA40000237FF4EFAEDA46EFE6542B25D8130BFE
:108CB40003F16F01C9006E3344E7B3F5AA7F25D8E9
:108CC400F30B03F1780003F1770CC300EAE5294BB9
:108CD400186840441860B1E6CAF30B0CBCF1000FED
:108CE4007FF4ACAEBD68C84448F001006860F0E6AB
:108CF4001546EEE60123536094E7B3F5AA7F23D823
:108D0400D30B03F17801C90077331BE740F25452C7
:108D1400934223D8B30C03F17D0003F17C0CC30010
:108D2400C0E5ABF1080BD844A8EB02084FF0000AE9
:108D3400ABE605F108012046009300F055F9BD6843
:108D4400009B68681968C4E640F254518B420BD802
:108D5400930C03F17D01C9007C33F3E64FF47E7379
:108D64007F204FF07E0C9DE54FF47E717E23E9E673
:108D74007B6870E7F01C0020014800F09DB800BF3C
:108D8400EC1C0020014800F099B800BFEC1C002046
:108D9400830730B548D0541E002A3FD0CAB20346D8
:108DA40001E0013C3AD303F8012B9D07F9D1032CD0
:108DB4002DD9CDB245EA05250F2C45EA054536D90E
:108DC400A4F1100222F00F0C03F1200EE6444FEA46
:108DD400121C03F1100242E9045542E90255103213
:108DE4007245F8D10CF1010214F00C0F03EB0212DE
:108DF40004F00F0C13D0ACF1040323F00303043389
:108E0400134442F8045B9342FBD10CF003042CB1ED
:108E1400C9B21C4403F8011B9C42FBD130BD64461B
:108E24001346002CF4D1F9E703461446BFE71A466B
:108E3400A446E0E713460A460146022000F040B883
:108E440038B5074D0022044608462A60FDF7FCFCAD
:108E5400431C00D038BD2B68002BFBD0236038BDE9
:108E640070220020014B1868704700BF780E002064
:108E740070B50D4E0D4D761BB61006D0002455F876
:108E8400043B01349847A642F9D1094E094D761B9B
:108E940000F0B2F9B61006D0002455F8043B0134B2
:108EA4009847A642F9D170BD001C0060001C006008
:108EB400101C0060001C0060704700BF704700BFBA
:108EC4002DE9F047DFF87CA00646DAF80000984662
:108ED4000F469146FFF7F0FF184B1C6824B36568F2
:108EE4001F2D24DC5EB96B1C0235DAF800006360C8
:108EF40044F82570FFF7E2FF0020BDE8F08704EB9B
:108F040085010123C1F88890D4F88821AB401A4325
:108F1400022EC4F88821C1F80881E4D1D4F88C2148
:108F24001A43C4F88C21DEE7054C1C60D7E7DAF855
:108F34000000FFF7C3FF4FF0FF30DEE7541B0020B3
:108F4400581B00205C0A0020F8B5244F0C46064646
:108F5400FFF712FFBB685D68C4F57E610F3125F031
:108F640003054B1923F47F6323F00F03A3F5805407
:108F7400B4F5805F07DB00213046FFF761FFBB6873
:108F84002B44984204D03046FFF7FCFE0020F8BD85
:108F940061423046FFF754FF01300DD0104ABB68E0
:108FA4002D1B45F001055D60136830461B1B1360E3
:108FB400FFF7E8FE0120F8BD00213046FFF740FF2F
:108FC400BA68831A0F2BDEDD43F001035360054BAF
:108FD40003491B68C01A0860D5E700BF680A00206F
:108FE400F01C0020700E0020002961D0F8B50C465A
:108FF4000646FFF7C1FE54F8042C7B4FA4F1080584
:1090040022F0010105EB010CB868DCF8043060457E
:1090140023F0030300F08B80D207CCF8043032D461
:1090240054F8082CAD1A1144AA6807F108008242CA
:109034006AD00CEB0304D4F804E0EC68D4601EF0AE
:10904400010FA26000F0978041F001036B60CCF83F
:109054000010B1F5007F35D27868CB0801224909A8
:1090640001338A40024357F833107A6007EBC30296
:10907400083AC5E9021247F83350CD603046BDE8DE
:10908400F840FFF77FBE0CEB03025268D00710D400
:10909400194407F10800DCF80830834273D0DCF887
:1090A4000C20DA60936041F001036B606950D0E7F3
:1090B400704741F00103B1F5007F44F8043CCCF85B
:1090C4000010C9D3B1F5206F4FEA512348D28B0960
:1090D40003F1390003F13802C300F818FB580838CB
:1090E400984259D05A6822F003028A4202D99B68F6
:1090F4009842F7D1D868C5E902308560DD60304612
:10910400BDE8F840FFF73EBE0CEB03025268D207FD
:1091140063D40B44DCE90212CA60916043F001029B
:109124006A603046EB50BDE8F840FFF72BBE0B44B5
:10913400D10707D454F8082CAD1A1344D5E9021208
:10914400CA60916043F001026A60284ABD601268F7
:109154009A4293D8264B30461968FFF7F5FE8DE7FF
:10916400142B0AD9542B1FD80B0B03F16F0003F1F6
:109174006E02C300B1E719448DE703F15C0003F10B
:109184005B02C300A9E741F00103C7E90455C5E93F
:1091940002006B60695071E779689210012404FA47
:1091A40002F20A437A60A6E7B3F5AA7F06D8CB0B8E
:1091B40003F1780003F17702C3008EE740F25452C2
:1091C400934206D88B0C03F17D0003F17C02C300AB
:1091D40083E74FF47E737E227FE741F001036B60E7
:1091E400CCF800104AE700BF680A0020740E002083
:1091F400201D0020000000005FF800F0A11B0060AB
:109204005FF800F0691600605FF800F04D1B006025
:109214005FF800F015160060000000000000000078
:04922400F8B500BFDA
:08922800C4ECFF7F010000000F
:10923000000000000000000000000000000000002E
:10924000000000000000000000000000000000001E
:10925000000000000000000000000000000000000E
:1092600000000000000000000000000000000000FE
:1092700000000000000000000000000000000000EE
:1092800000000000000000000000000000000000DE
:1092900000000000000000000000000000000000CE
:1092A00000000000000000000000000000000000BE
:1092B00000000000000000000000000000000000AE
:1092C000000000000000000000000000000000009E
:1092D000000000000000000000000000000000008E
:1092E000000000000000000000000000000000007E
:1092F000000000000000000000000000000000006E
:10930000000000000000000000000000000000005D
:10931000000000000000000000000000000000004D
:10932000000000000000000000000000000000003D
:10933000000000000000000000000000000000002D
:10934000000000000000000000000000000000001D
:10935000000000000000000000000000000000000D
:1093600000000000000000000000000000000000FD
:1093700000000000000000000000000000000000ED
:1093800000000000000000000000000000000000DD
:1093900000000000000000000000000000000000CD
:1093A00000000000000000000000000000000000BD
:1093B00000000000000000000000000000000000AD
:1093C000000000000000000000000000000000009D
:1093D000000000000000000000000000000000008D
:1093E000000000000000000000000000000000007D
:1093F000000000000000000000000000000000006D
:10940000000000000000000000000000000000005C
:10941000000000000000000000000000000000004C
:10942000000000000000000000000000000000003C
:10943000000000000000000000000000000000002C
:10944000000000000000000000000000000000001C
:10945000000000000000000000000000000000000C
:1094600000000000000000000000000000000000FC
:1094700000000000000000000000000000000000EC
:1094800000000000000000000000000000000000DC
:1094900000000000000000000000000000000000CC
:1094A00000000000000000000000000000000000BC
:1094B000000000000000F03F748515D3B0D9EF3FE5
:1094C0000F89F96C58B5EF3F515B12D00193EF3F14
:1094D0007B517D3CB872EF3FAAB968318754EF3FAA
:1094E0003862756E7A38EF3FE1DE1FF59D1EEF3F63
:1094F00015B7310AFE06EF3FCBA93A37A7F1EE3F89
:109500002234124CA6DEEE3F2D89616008CEEE3F7C
:10951000272A36D5DABFEE3F824F9D562BB4EE3F59
:10952000295448DD07ABEE3F85553AB07EA4EE3FA7
:10953000CD3B7F669EA0EE3F745FECE8759FEE3FEB
:109540008701EB7314A1EE3F13CE4C9989A5EE3F32
:10955000DBA02A42E5ACEE3FE5C5CDB037B7EE3F24
:1095600090F0A38291C4EE3F5D253EB203D5EE3F5D
:10957000ADD35A999FE8EE3F475EFBF276FFEE3F90
:109580009C5285DD9B19EF3F6990EFDC2037EF3F60
:1095900087A4FBDC1858EF3F5F9B7B33977CEF3F42
:1095A000DA90A4A2AFA4EF3F40456E5B76D0EF3FC8
:1095B000000000000000E8429423914BF86AAC3FA1
:1095C000F3C4FA50CEBFCE3FD6520CFF422EE63F38
:1095D0000000000000003843FE822B65471547401D
:1095E0009423914BF86ABC3EF3C4FA50CEBF2E3F91
:1095F000D6520CFF422E963F000000000000F03FC4
:10960000000000000000F0BF000000000000F0BFFC
:10961000000000000000F03F83C8C96D305F644166
:10962000182D4454FB21F93F000000000000F03FDA
:109630001C620CFDFFFFDFBF198F06E15355A53FEC
:109640009D359AE887C056BFC3F87B024393F93E25
:1096500003A695595455C5BFC40B23057610813F09
:1096600024CF7437EB9429BF000000000000F03FC6
:10967000000000000000F0BF000000000000F0BF8C
:10968000000000000000F03F83C8C96D305F6441F6
:10969000182D4454FB21F93F000000000000F0BFEA
:1096A0001C620CFDFFFFDF3F198F06E15355A5BF7C
:1096B0009D359AE887C0563FC3F87B024393F9BEB5
:1096C00003A695595455C5BFC40B23057610813F99
:1096D00024CF7437EB9429BF000000000100000084
:1096E000030000000200000000000000040506095D
:1096F0000E0F101112130000993B00009D3B00005B
:10970000A13B0000A53B000000000000000000009D
:10971000ED4A0000000000000000000029010000E8
:1097200000000000000000002134000000000000E4
:1097300000000000191C0000411C00001D1C00005E
:10974000FD1B00001537000019370000213700000D
:1097500029370000A2000000F9A2000083F9A2004E
:109760006E83F9A24E6E83F9444E6E8315444E6E9D
:109770002915444EFC29154427FC29155727FC2997
:10978000D15727FCF5D1572734F5D157DD34F5D122
:10979000C0DD34F5DBC0DD3462DBC0DD9562DBC0EB
:1097A000999562DB3C999562433C999590433C992D
:1097B0004190433C00000042C8801F40B8821F40D7
:1097C0000800000000000042C4801F40B4821F4017
:1097D0000400000000C0004224801F4014821F408B
:1097E0001000000000C0004228801F4018821F4067
:1097F0002000000000C000422C801F401C821F403F
:109800004000000000C0004234801F4024821F40FE
:10981000000100000040004264811F4054831F404B
:10982000000400000040004280811F4070831F4000
:1098300000000200004000427C811F406C831F40FA
:10984000000001000040004268811F4058831F4013
:1098500000080000004000423C811F402C831F4054
:10986000010000000040004244811F4034831F403B
:10987000040000000040004240811F4030831F4030
:10988000020000000040004248811F4038831F4012
:10989000080000000000004204811F40F4821F40C5
:1098A000000004000000004208811F40F8821F40B1
:1098B000000008000000004218811F4008831F407C
:1098C000000080000000004214811F4004831F40FC
:1098D000000040000000004200811F40F0821F4055
:1098E0000000020000000042FC801F40EC821F408C
:1098F000000001000000004224811F4014831F402B
:10990000000000040000004228811F4018831F400F
:1099100000000008000000421C811F400C831F4013
:10992000000000010000004220811F4010831F4002
:109930000000000200000042EC801F40DC821F405B
:109940000010000000000042F0801F40E0821F4035
:10995000002000000000004234811F4024831F408B
:10996000000000400000004238811F4028831F4053
:10997000000000800080004294801F4084821F40CD
:109980000000040000C0004290801F4080821F4001
:109990000000008000800042A8801F4098821F4085
:1099A0000000800000800042A4801F4094821F407D
:1099B00000004000004000426C811F405C831F405B
:1099C0000010000000C0004230801F4020821F4075
:1099D0008000000000800042C8811F40B8831F4003
:1099E0000080000000800042C4811F40B4831F40FB
:1099F0000040000000800042C0811F40B0831F4033
:109A00000020000000800042BC811F40AC831F404A
:109A10000010000000800042D0811F40C0831F4022
:109A20000000020000800042CC811F40BC831F4028
:109A30000000010007080C0B06050F000D0E0102C7
:109A4000838407080C0B06050F000D0E01028384AA
:109A50000101000401000004013201010132020190
:109A600001100101011101010112010201030206AD
:109A700001030106011202020200000102020001BC
:109A80000201000102100001022200010223000174
:109A9000000000000000000002210001022000017F
:109AA000000000000000000001300101013101014F
:109AB0000102000401030004000000000000000097
:109AC000012102010121010100000000000000004D
:109AD0000000000001100201010102010101010169
:109AE0000100020101000101010202010102010164
:109AF000000100007C0E00201200000000060000A3
:109B0000881D00600A00000000020000F01C0060D8
:109B10009500000000070000581C00609500000040
:109B200000030000541C0060000000000103090451
:109B3000301C00600000000002030904101C0060DB
:109B40000000000003030904FC10002000000000D6
:109B50000000000000000000000000000000000005
:109B600000000000241D00208C1D0020F41D00209A
:109B700000000000000000000000000000000000E5
:109B800000000000000000000000000000000000D5
:109B900000000000000000000000000000000000C5
:109BA00000000000000000000000000000000000B5
:109BB00000000000000000000000000000000000A5
:109BC0000000000000000000000000000000000095
:109BD0000000000000000000000000000000000085
:109BE0000000000000000000000000000000000075
:109BF0000000000000000000010000000000000064
:109C00000E33CDAB34126DE6ECDE05000B00000028
:109C10000000000000000000000000000000000044
:109C20000000000000000000000000000000000034
:109C30000000000000000000000000000000000024
:109C40000000000000000000000000000000000014
:109C50000000000000000000000000000000000004
:109C600000000000000000000000000000000000F4
:109C700000000000000000000000000000000000E4
:109C80000029DE07007B9A17FFFFFFFFE81C00207A
:109C900040752020000000000000000000000000CF
:109CA000680A0020680A0020700A0020700A00205C
:109CB000780A0020780A0020800A0020800A00200C
:109CC000880A0020880A0020900A0020900A0020BC
:109CD000980A0020980A0020A00A0020A00A00206C
:109CE000A80A0020A80A0020B00A0020B00A00201C
:109CF000B80A0020B80A0020C00A0020C00A0020CC
:109D0000C80A0020C80A0020D00A0020D00A00207B
:109D1000D80A0020D80A0020E00A0020E00A00202B
:109D2000E80A0020E80A0020F00A0020F00A0020DB
:109D3000F80A0020F80A0020000B0020000B002089
:109D4000080B0020080B0020100B0020100B002037
:109D5000180B0020180B0020200B0020200B0020E7
:109D6000280B0020280B0020300B0020300B002097
:109D7000380B0020380B0020400B0020400B002047
:109D8000480B0020480B0020500B0020500B0020F7
:109D9000580B0020580B0020600B0020600B0020A7
:109DA000680B0020680B0020700B0020700B002057
:109DB000780B0020780B0020800B0020800B002007
:109DC000880B0020880B0020900B0020900B0020B7
:109DD000980B0020980B0020A00B0020A00B002067
:109DE000A80B0020A80B0020B00B0020B00B002017
:109DF000B80B0020B80B0020C00B0020C00B0020C7
:109E0000C80B0020C80B0020D00B0020D00B002076
:109E1000D80B0020D80B0020E00B0020E00B002026
:109E2000E80B0020E80B0020F00B0020F00B0020D6
:109E3000F80B0020F80B0020000C0020000C002084
:109E4000080C0020080C0020100C0020100C002032
:109E5000180C0020180C0020200C0020200C0020E2
:109E6000280C0020280C0020300C0020300C002092
:109E7000380C0020380C0020400C0020400C002042
:109E8000480C0020480C0020500C0020500C0020F2
:109E9000580C0020580C0020600C0020600C0020A2
:109EA000680C0020680C0020700C0020700C002052
:109EB000780C0020780C0020800C0020800C002002
:109EC000880C0020880C0020900C0020900C0020B2
:109ED000980C0020980C0020A00C0020A00C002062
:109EE000A80C0020A80C0020B00C0020B00C002012
:109EF000B80C0020B80C0020C00C0020C00C0020C2
:109F0000C80C0020C80C0020D00C0020D00C002071
:109F1000D80C0020D80C0020E00C0020E00C002021
:109F2000E80C0020E80C0020F00C0020F00C0020D1
:109F3000F80C0020F80C0020000D0020000D00207F
:109F4000080D0020080D0020100D0020100D00202D
:109F5000180D0020180D0020200D0020200D0020DD
:109F6000280D0020280D0020300D0020300D00208D
:109F7000380D0020380D0020400D0020400D00203D
:109F8000480D0020480D0020500D0020500D0020ED
:109F9000580D0020580D0020600D0020600D00209D
:109FA000680D0020680D0020700D0020700D00204D
:109FB000780D0020780D0020800D0020800D0020FD
:109FC000880D0020880D0020900D0020900D0020AD
:109FD000980D0020980D0020A00D0020A00D00205D
:109FE000A80D0020A80D0020B00D0020B00D00200D
:109FF000B80D0020B80D0020C00D0020C00D0020BD
:10A00000C80D0020C80D0020D00D0020D00D00206C
:10A01000D80D0020D80D0020E00D0020E00D00201C
:10A02000E80D0020E80D0020F00D0020F00D0020CC
:10A03000F80D0020F80D0020000E0020000E00207A
:10A04000080E0020080E0020100E0020100E002028
:10A05000180E0020180E0020200E0020200E0020D8
:10A06000280E0020280E0020300E0020300E002088
:10A07000380E0020380E0020400E0020400E002038
:10A08000480E0020480E0020500E0020500E0020E8
:10A09000580E0020580E0020600E0020600E002098
:10A0A000FFFFFFFF00000200300900201201000244
:10A0B000EF020140C0168B040103010203010000FE
:10A0C000CD430000CD430000CD430000CD43000050
:10A0D000CD430000CD430000CD430000CD43000040
:10A0E000CD430000CD430000CD430000CD43000030
:10A0F000CD430000CD430000CD430000CD43000020
:10A10000CD430000CD430000CD430000CD4300000F
:10A11000CD430000CD430000CD430000CD430000FF
:10A12000CD430000CD430000CD430000CD430000EF
:10A13000CD430000CD430000CD430000CD430000DF
:10A14000CD430000CD430000CD430000CD430000CF
:10A15000CD430000CD430000CD430000CD430000BF
:10A16000CD430000CD430000CD430000CD430000AF
:10A17000CD430000CD430000CD430000CD4300009F
:10A18000CD430000CD430000CD430000CD4300008F
:10A19000CD430000CD430000CD430000CD4300007F
:10A1A000CD430000CD430000CD430000CD4300006F
:10A1B000CD430000CD430000CD430000CD4300005F
:10A1C000CD430000CD430000CD430000CD4300004F
:10A1D000CD430000CD430000CD430000CD4300003F
:10A1E000CD430000CD430000CD430000CD4300002F
:10A1F000CD430000CD430000CD430000CD4300001F
:10A20000CD430000CD430000CD430000CD4300000E
:10A21000CD430000CD430000CD430000CD430000FE
:10A22000CD430000CD430000CD430000CD430000EE
:10A23000CD430000CD430000CD430000CD430000DE
:10A24000CD430000CD430000CD430000CD430000CE
:10A25000CD430000CD430000CD430000CD430000BE
:10A26000CD430000CD430000CD430000CD430000AE
:10A27000CD430000CD430000CD430000CD4300009E
:10A28000CD430000CD430000CD430000CD4300008E
:10A29000CD430000CD430000CD430000CD4300007E
:10A2A000CD430000CD430000CD430000CD4300006E
:10A2B000CD430000CD430000CD430000CD4300005E
:10A2C000FFFFFFFFFFFFFFFFFFFFFFFF6666E63EAA
:10A2D000000000000000003F0000803E0000000081
:10A2E0000000000004050020000000000000000045
:10A2F0000000003F0000003F0000003F0000003F62
:10A300000000003F0000003F5C1E0020881E00206F
:10A31000B41E00203333B33ECDCC0C3F6666263FDF
:10A320003333B33ECDCC4C3ECDCCCC3D0C03000002
:10A33000000000000000000000000000000000001D
:10A340000000080000000000000000000000000005
:10A3500000000000000000000000000000000000FD
:10A3600000000000000000000000000000000000ED
:10A3700000000000000000000000000000000000DD
:10A3800000000000000000000000000000000000CD
:10A3900000000000000000000000000000000000BD
:10A3A00000000000000000000000000000000000AD
:10A3B000000000000000000000000000000000009D
:10A3C000000000000000000000000000000000008D
:10A3D000000000000000000000000000000000007D
:10A3E000000000000000000000000000000000006D
:10A3F000000000000000000000000000000000005D
:10A40000000000000000000000000000000000004C
:10A41000000000000000000000000000000000003C
:10A42000000000000000000000000000000000002C
:10A43000000000000000000000000000000000001C
:10A44000000000000000000000000000000000000C
:10A4500000000000000000000000000000000000FC
:10A4600000000000000000000000000000000000EC
:10A4700000000000000000000000000000000000DC
:10A4800000000000000000000000000000000000CC
:10A4900000000000000000000000000000000000BC
:10A4A00000000000000000000000000000000000AC
:10A4B000000000000000000000000000000000009C
:10A4C000000000000000000000000000000000008C
:10A4D000000000000000000000000000000000007C
:10A4E000000000000000000000000000000000006C
:10A4F000000000000000000000000000000000005C
:10A50000000000000000000000000000000000004B
:10A51000000000000000000000000000000000003B
:10A52000000000000000000000000000000000002B
:10A53000000000000000000000000000000000001B
:10A54000000000000000000000000000000000000B
:10A5500000000000000000000000000000000000FB
:10A5600000000000000000000000000000000000EB
:10A5700000000000000000000000000000000000DB
:10A5800000000000000000000000000000000000CB
:10A5900000000000000000000000000000000000BB
:10A5A00000000000000000000000000000000000AB
:10A5B000000000000000000000000000000000009B
:10A5C000000000000000000000000000000000008B
:10A5D000000000000000000000000000000000007B
:10A5E000000000000000000000000000000000006B
:10A5F000000000000000000000000000000000005B
:10A60000000000000000000000000000000000004A
:10A61000000000000000000000000000000000003A
:10A62000000000000000000000000000000000002A
:10A63000000000000000000000000000000000001A
:10A64000000000000000000000000000000000000A
:10A6500000000000000000000000000000000000FA
:10A6600000000000000000000000000000000000EA
:10A6700000000000000000000000000000000000DA
:10A6800000000000000000000000000000000000CA
:10A6900000000000000000000000000000000000BA
:10A6A00000000000000000000000000000000000AA
:10A6B000000000000000000000000000000000009A
:10A6C000000000000000000000000000000000008A
:10A6D000000000000000000000000000000000007A
:10A6E000000000000000000000000000000000006A
:10A6F000000000000000000000000000000000005A
:10A700000000000000000000000000000000000049
:10A710000000000000000000000000000000000039
:10A720000000000000000000000000000000000029
:10A730000000000000000000000000000000000019
:10A740000000000000000000000000000000000009
:10A7500000000000000000000000000000000000F9
:10A7600000000000000000000000000000000000E9
:10A7700000000000000000000000000000000000D9
:10A7800000000000000000000000000000000000C9
:10A7900000000000000000000000000000000000B9
:10A7A00000000000000000000000000000000000A9
:10A7B0000000000000000000000000000000000099
:10A7C0000000000000000000000000000000000089
:10A7D0000000000000000000000000000000000079
:10A7E0000000000000000000000000000000000069
:10A7F0000000000000000000000000000000000059
:10A800000000000000000000000000000000000048
:10A810000000000000000000000000000000000038
:10A820000000000000000000000000000000000028
:10A830000000000000000000000000000000000018
:10A840000000000000000000000000000000000008
:10A8500000000000000000000000000000000000F8
:10A8600000000000000000000000000000000000E8
:10A8700000000000000000000000000000000000D8
:10A8800000000000000000000000000000000000C8
:10A8900000000000000000000000000000000000B8
:10A8A00000000000000000000000000000000000A8
:10A8B0000000000000000000000000000000000098
:10A8C0000000000000000000000000000000000088
:10A8D0000000000000000000000000000000000078
:10A8E0000000000000000000000000000000000068
:10A8F000FFFFFFFFFFFFFFFFFFFFFFFFFFFFFFFF68
:10A90000FFFFFFFFFFFFFFFFFFFFFFFFFFFFFFFF57
:10A91000FFFFFFFFFFFFFFFFFFFFFFFFFFFFFFFF47
:10A92000FFFFFFFFFFFFFFFFFFFFFFFFFFFFFFFF37
:10A93000FFFFFFFFFFFFFFFFFFFFFFFFFFFFFFFF27
:10A94000FFFFFFFFFFFFFFFFFFFFFFFFFFFFFFFF17
:10A95000FFFFFFFFFFFFFFFFFFFFFFFFFFFFFFFF07
:10A96000FFFFFFFFFFFFFFFFFFFFFFFFFFFFFFFFF7
:10A97000FFFFFFFFFFFFFFFFFFFFFFFFFFFFFFFFE7
:10A98000FFFFFFFFFFFFFFFFFFFFFFFFFFFFFFFFD7
:10A99000FFFFFFFFFFFFFFFFFFFFFFFFFFFFFFFFC7
:10A9A000FFFFFFFFFFFFFFFFFFFFFFFFFFFFFFFFB7
:10A9B000FFFFFFFFFFFFFFFFFFFFFFFFFFFFFFFFA7
:10A9C000FFFFFFFFFFFFFFFFFFFFFFFFFFFFFFFF97
:10A9D000FFFFFFFFFFFFFFFFFFFFFFFFFFFFFFFF87
:10A9E000FFFFFFFFFFFFFFFFFFFFFFFFFFFFFFFF77
:10A9F000FFFFFFFFFFFFFFFFFFFFFFFFFFFFFFFF67
:10AA0000FFFFFFFFFFFFFFFFFFFFFFFFFFFFFFFF56
:10AA1000FFFFFFFFFFFFFFFFFFFFFFFFFFFFFFFF46
:10AA2000FFFFFFFFFFFFFFFFFFFFFFFFFFFFFFFF36
:10AA3000FFFFFFFFFFFFFFFFFFFFFFFFFFFFFFFF26
:10AA4000FFFFFFFFFFFFFFFFFFFFFFFFFFFFFFFF16
:10AA5000FFFFFFFFFFFFFFFFFFFFFFFFFFFFFFFF06
:10AA6000FFFFFFFFFFFFFFFFFFFFFFFFFFFFFFFFF6
:10AA7000FFFFFFFFFFFFFFFFFFFFFFFFFFFFFFFFE6
:10AA8000FFFFFFFFFFFFFFFFFFFFFFFFFFFFFFFFD6
:10AA9000FFFFFFFFFFFFFFFFFFFFFFFFFFFFFFFFC6
:10AAA000FFFFFFFFFFFFFFFFFFFFFFFFFFFFFFFFB6
:10AAB000FFFFFFFFFFFFFFFFFFFFFFFFFFFFFFFFA6
:10AAC000FFFFFFFFFFFFFFFFFFFFFFFFFFFFFFFF96
:10AAD000FFFFFFFFFFFFFFFFFFFFFFFFFFFFFFFF86
:10AAE000FFFFFFFFFFFFFFFFFFFFFFFFFFFFFFFF76
:10AAF000FFFFFFFFFFFFFFFFFFFFFFFFFFFFFFFF66
:10AB0000FFFFFFFFFFFFFFFFFFFFFFFFFFFFFFFF55
:10AB1000FFFFFFFFFFFFFFFFFFFFFFFFFFFFFFFF45
:10AB2000FFFFFFFFFFFFFFFFFFFFFFFFFFFFFFFF35
:10AB3000FFFFFFFFFFFFFFFFFFFFFFFFFFFFFFFF25
:10AB4000FFFFFFFFFFFFFFFFFFFFFFFFFFFFFFFF15
:10AB5000FFFFFFFFFFFFFFFFFFFFFFFFFFFFFFFF05
:10AB6000FFFFFFFFFFFFFFFFFFFFFFFFFFFFFFFFF5
:10AB7000FFFFFFFFFFFFFFFFFFFFFFFFFFFFFFFFE5
:10AB8000FFFFFFFFFFFFFFFFFFFFFFFFFFFFFFFFD5
:10AB9000FFFFFFFFFFFFFFFFFFFFFFFFFFFFFFFFC5
:10ABA000FFFFFFFFFFFFFFFFFFFFFFFFFFFFFFFFB5
:10ABB000FFFFFFFFFFFFFFFFFFFFFFFFFFFFFFFFA5
:10ABC000FFFFFFFFFFFFFFFFFFFFFFFFFFFFFFFF95
:10ABD000FFFFFFFFFFFFFFFFFFFFFFFFFFFFFFFF85
:10ABE000FFFFFFFFFFFFFFFFFFFFFFFFFFFFFFFF75
:10ABF000FFFFFFFFFFFFFFFFFFFFFFFFFFFFFFFF65
:10AC00000000000000000000000000000000000044
:10AC10000000000000000000000000000000000034
:10AC20000000000000000000000000000000000024
:10AC30000000000000000000000000000000000014
:10AC40000000000000000000000000000000000004
:10AC500000000000000000000000000000000000F4
:10AC600000000000000000000000000000000000E4
:10AC700000000000000000000000000000000000D4
:10AC800000000000000000000000000000000000C4
:10AC900000000000000000000000000000000000B4
:10ACA00000000000000000000000000000000000A4
:10ACB0000000000000000000000000000000000094
:10ACC0000000000000000000000000000000000084
:10ACD0000000000000000000000000000000000074
:10ACE0000000000000000000000000000000000064
:10ACF0000000000000000000000000000000000054
:10AD00000000000000000000000000000000000043
:10AD10000000000000000000000000000000000033
:10AD20000000000000000000000000000000000023
:10AD30000000000000000000000000000000000013
:10AD40000000000000000000000000000000000003
:10AD500000000000000000000000000000000000F3
:10AD600000000000000000000000000000000000E3
:10AD700000000000000000000000000000000000D3
:10AD800000000000000000000000000000000000C3
:10AD900000000000000000000000000000000000B3
:10ADA00000000000000000000000000000000000A3
:10ADB0000000000000000000000000000000000093
:10ADC0000000000000000000000000000000000083
:10ADD0000000000000000000000000000000000073
:10ADE0000000000000000000000000000000000063
:10ADF0000000000000000000000000000000000053
:10AE00000000000000000000000000000000000042
:10AE10000000000000000000000000000000000032
:10AE20000000000000000000000000000000000022
:10AE30000000000000000000000000000000000012
:10AE40000000000000000000000000000000000002
:10AE500000000000000000000000000000000000F2
:10AE600000000000000000000000000000000000E2
:10AE700000000000000000000000000000000000D2
:10AE800000000000000000000000000000000000C2
:10AE900000000000000000000000000000000000B2
:10AEA00000000000000000000000000000000000A2
:10AEB0000000000000000000000000000000000092
:10AEC0000000000000000000000000000000000082
:10AED0000000000000000000000000000000000072
:10AEE0000000000000000000000000000000000062
:10AEF0000000000000000000000000000000000052
:10AF00000000000000000000000000000000000041
:10AF10000000000000000000000000000000000031
:10AF20000000000000000000000000000000000021
:10AF30000000000000000000000000000000000011
:10AF40000000000000000000000000000000000001
:10AF500000000000000000000000000000000000F1
:10AF600000000000000000000000000000000000E1
:10AF700000000000000000000000000000000000D1
:10AF800000000000000000000000000000000000C1
:10AF900000000000000000000000000000000000B1
:10AFA00000000000000000000000000000000000A1
:10AFB0000000000000000000000000000000000091
:10AFC0000000000000000000000000000000000081
:10AFD0000000000000000000000000000000000071
:10AFE0000000000000000000000000000000000061
:10AFF0000000000000000000000000000000000051
:10B000000000000000000000000000000000000040
:10B010000000000000000000000000000000000030
:10B020000000000000000000000000000000000020
:10B030000000000000000000000000000000000010
:10B040000000000000000000000000000000000000
:10B0500000000000000000000000000000000000F0
:10B0600000000000000000000000000000000000E0
:10B0700000000000000000000000000000000000D0
:10B0800000000000000000000000000000000000C0
:10B0900000000000000000000000000000000000B0
:10B0A00000000000000000000000000000000000A0
:10B0B0000000000000000000000000000000000090
:10B0C0000000000000000000000000000000000080
:10B0D0000000000000000000000000000000000070
:10B0E0000000000000000000000000000000000060
:10B0F0000000000000000000000000000000000050
:10B10000000000000000000000000000000000003F
:10B11000000000000000000000000000000000002F
:10B12000000000000000000000000000000000001F
:10B13000000000000000000000000000000000000F
:10B1400000000000000000000000000000000000FF
:10B1500000000000000000000000000000000000EF
:10B1600000000000000000000000000000000000DF
:10B1700000000000000000000000000000000000CF
:10B1800000000000000000000000000000000000BF
:10B1900000000000000000000000000000000000AF
:10B1A000000000000000000000000000000000009F
:10B1B000000000000000000000000000000000008F
:10B1C000000000000000000000000000000000007F
:10B1D000000000000000000000000000000000006F
:10B1E000000000000000000000000000000000005F
:10B1F000000000000000000000000000000000004F
:10B20000000000000000000000000000000000003E
:10B21000000000000000000000000000000000002E
:10B22000000000000000000000000000000000001E
:10B23000000000000000000000000000000000000E
:10B2400000000000000000000000000000000000FE
:10B2500000000000000000000000000000000000EE
:10B2600000000000000000000000000000000000DE
:10B2700000000000000000000000000000000000CE
:10B2800000000000000000000000000000000000BE
:10B2900000000000000000000000000000000000AE
:10B2A000000000000000000000000000000000009E
:10B2B000000000000000000000000000000000008E
:10B2C000000000000000000000000000000000007E
:10B2D000000000000000000000000000000000006E
:10B2E000000000000000000000000000000000005E
:10B2F000000000000000000000000000000000004E
:10B30000000000000000000000000000000000003D
:10B31000000000000000000000000000000000002D
:10B32000000000000000000000000000000000001D
:10B33000000000000000000000000000000000000D
:10B3400000000000000000000000000000000000FD
:10B3500000000000000000000000000000000000ED
:10B3600000000000000000000000000000000000DD
:10B3700000000000000000000000000000000000CD
:10B3800000000000000000000000000000000000BD
:10B3900000000000000000000000000000000000AD
:10B3A000000000000000000000000000000000009D
:10B3B000000000000000000000000000000000008D
:10B3C000000000000000000000000000000000007D
:10B3D000000000000000000000000000000000006D
:10B3E000000000000000000000000000000000005D
:10B3F000000000000000000000000000000000004D
:10B40000000000000000000000000000000000003C
:10B41000000000000000000000000000000000002C
:10B42000000000000000000000000000000000001C
:10B43000000000000000000000000000000000000C
:10B4400000000000000000000000000000000000FC
:10B4500000000000000000000000000000000000EC
:10B4600000000000000000000000000000000000DC
:10B4700000000000000000000000000000000000CC
:10B4800000000000000000000000000000000000BC
:10B4900000000000000000000000000000000000AC
:10B4A000000000000000000000000000000000009C
:10B4B000000000000000000000000000000000008C
:10B4C000000000000000000000000000000000007C
:10B4D000000000000000000000000000000000006C
:10B4E000000000000000000000000000000000005C
:10B4F000000000000000000000000000000000004C
:10B50000000000000000000000000000000000003B
:10B51000000000000000000000000000000000002B
:10B52000000000000000000000000000000000001B
:10B53000000000000000000000000000000000000B
:10B5400000000000000000000000000000000000FB
:10B5500000000000000000000000000000000000EB
:10B5600000000000000000000000000000000000DB
:10B5700000000000000000000000000000000000CB
:10B5800000000000000000000000000000000000BB
:10B5900000000000000000000000000000000000AB
:10B5A000000000000000000000000000000000009B
:10B5B000000000000000000000000000000000008B
:10B5C000000000000000000000000000000000007B
:10B5D000000000000000000000000000000000006B
:10B5E000000000000000000000000000000000005B
:10B5F000000000000000000000000000000000004B
:10B60000000000000000000000000000000000003A
:10B61000000000000000000000000000000000002A
:10B62000000000000000000000000000000000001A
:10B63000000000000000000000000000000000000A
:10B6400000000000000000000000000000000000FA
:10B6500000000000000000000000000000000000EA
:10B6600000000000000000000000000000000000DA
:10B6700000000000000000000000000000000000CA
:10B6800000000000000000000000000000000000BA
:10B6900000000000000000000000000000000000AA
:10B6A000000000000000000000000000000000009A
:10B6B000000000000000000000000000000000008A
:10B6C000000000000000000000000000000000007A
:10B6D000000000000000000000000000000000006A
:10B6E000000000000000000000000000000000005A
:10B6F000000000000000000000000000000000004A
:10B700000000000000000000000000000000000039
:10B710000000000000000000000000000000000029
:10B720000000000000000000000000000000000019
:10B730000000000000000000000000000000000009
:10B7400000000000000000000000000000000000F9
:10B7500000000000000000000000000000000000E9
:10B7600000000000000000000000000000000000D9
:10B7700000000000000000000000000000000000C9
:10B7800000000000000000000000000000000000B9
:10B7900000000000000000000000000000000000A9
:10B7A0000000000000000000000000000000000099
:10B7B0000000000000000000000000000000000089
:10B7C0000000000000000000000000000000000079
:10B7D0000000000000000000000000000000000069
:10B7E0000000000000000000000000000000000059
:10B7F0000000000000000000000000000000000049
:040000056000100087
:00000001FF
