:0200000460009A
:100000004643464200000156000000000103030081
:1000100000000000000000000000000000000000E0
:1000200000000000000000000000000000000000D0
:1000300000000000000000000000000000000000C0
:1000400000000000010408000000000000000000A3
:100050000000200000000000000000000000000080
:100060000000000000000000000000000000000090
:100070000000000000000000000000000000000080
:10008000EB04180A063204260000000000000000FD
:10009000050404240000000000000000000000002F
:1000A0000000000000000000000000000000000050
:1000B0000604000000000000000000000000000036
:1000C0000000000000000000000000000000000030
:1000D00020041808000000000000000000000000DC
:1000E0000000000000000000000000000000000010
:1000F0000000000000000000000000000000000000
:10010000D8041808000000000000000000000000F3
:100110000204180804200000000000000000000095
:1001200000000000000000000000000000000000CF
:10013000600400000000000000000000000000005B
:1001400000000000000000000000000000000000AF
:10015000000000000000000000000000000000009F
:10016000000000000000000000000000000000008F
:10017000000000000000000000000000000000007F
:10018000000000000000000000000000000000006F
:10019000000000000000000000000000000000005F
:1001A000000000000000000000000000000000004F
:1001B000000000000000000000000000000000003F
:1001C000000100000010000001000000000000001D
:1001D000000001000000000000000000000000001E
:1001E000000000000000000000000000000000000F
:1001F00000000000000000000000000000000000FF
:10020000FFFFFFFFFFFFFFFFFFFFFFFFFFFFFFFFFE
:10021000FFFFFFFFFFFFFFFFFFFFFFFFFFFFFFFFEE
:10022000FFFFFFFFFFFFFFFFFFFFFFFFFFFFFFFFDE
:10023000FFFFFFFFFFFFFFFFFFFFFFFFFFFFFFFFCE
:10024000FFFFFFFFFFFFFFFFFFFFFFFFFFFFFFFFBE
:10025000FFFFFFFFFFFFFFFFFFFFFFFFFFFFFFFFAE
:10026000FFFFFFFFFFFFFFFFFFFFFFFFFFFFFFFF9E
:10027000FFFFFFFFFFFFFFFFFFFFFFFFFFFFFFFF8E
:10028000FFFFFFFFFFFFFFFFFFFFFFFFFFFFFFFF7E
:10029000FFFFFFFFFFFFFFFFFFFFFFFFFFFFFFFF6E
:1002A000FFFFFFFFFFFFFFFFFFFFFFFFFFFFFFFF5E
:1002B000FFFFFFFFFFFFFFFFFFFFFFFFFFFFFFFF4E
:1002C000FFFFFFFFFFFFFFFFFFFFFFFFFFFFFFFF3E
:1002D000FFFFFFFFFFFFFFFFFFFFFFFFFFFFFFFF2E
:1002E000FFFFFFFFFFFFFFFFFFFFFFFFFFFFFFFF1E
:1002F000FFFFFFFFFFFFFFFFFFFFFFFFFFFFFFFF0E
:10030000FFFFFFFFFFFFFFFFFFFFFFFFFFFFFFFFFD
:10031000FFFFFFFFFFFFFFFFFFFFFFFFFFFFFFFFED
:10032000FFFFFFFFFFFFFFFFFFFFFFFFFFFFFFFFDD
:10033000FFFFFFFFFFFFFFFFFFFFFFFFFFFFFFFFCD
:10034000FFFFFFFFFFFFFFFFFFFFFFFFFFFFFFFFBD
:10035000FFFFFFFFFFFFFFFFFFFFFFFFFFFFFFFFAD
:10036000FFFFFFFFFFFFFFFFFFFFFFFFFFFFFFFF9D
:10037000FFFFFFFFFFFFFFFFFFFFFFFFFFFFFFFF8D
:10038000FFFFFFFFFFFFFFFFFFFFFFFFFFFFFFFF7D
:10039000FFFFFFFFFFFFFFFFFFFFFFFFFFFFFFFF6D
:1003A000FFFFFFFFFFFFFFFFFFFFFFFFFFFFFFFF5D
:1003B000FFFFFFFFFFFFFFFFFFFFFFFFFFFFFFFF4D
:1003C000FFFFFFFFFFFFFFFFFFFFFFFFFFFFFFFF3D
:1003D000FFFFFFFFFFFFFFFFFFFFFFFFFFFFFFFF2D
:1003E000FFFFFFFFFFFFFFFFFFFFFFFFFFFFFFFF1D
:1003F000FFFFFFFFFFFFFFFFFFFFFFFFFFFFFFFF0D
:10040000FFFFFFFFFFFFFFFFFFFFFFFFFFFFFFFFFC
:10041000FFFFFFFFFFFFFFFFFFFFFFFFFFFFFFFFEC
:10042000FFFFFFFFFFFFFFFFFFFFFFFFFFFFFFFFDC
:10043000FFFFFFFFFFFFFFFFFFFFFFFFFFFFFFFFCC
:10044000FFFFFFFFFFFFFFFFFFFFFFFFFFFFFFFFBC
:10045000FFFFFFFFFFFFFFFFFFFFFFFFFFFFFFFFAC
:10046000FFFFFFFFFFFFFFFFFFFFFFFFFFFFFFFF9C
:10047000FFFFFFFFFFFFFFFFFFFFFFFFFFFFFFFF8C
:10048000FFFFFFFFFFFFFFFFFFFFFFFFFFFFFFFF7C
:10049000FFFFFFFFFFFFFFFFFFFFFFFFFFFFFFFF6C
:1004A000FFFFFFFFFFFFFFFFFFFFFFFFFFFFFFFF5C
:1004B000FFFFFFFFFFFFFFFFFFFFFFFFFFFFFFFF4C
:1004C000FFFFFFFFFFFFFFFFFFFFFFFFFFFFFFFF3C
:1004D000FFFFFFFFFFFFFFFFFFFFFFFFFFFFFFFF2C
:1004E000FFFFFFFFFFFFFFFFFFFFFFFFFFFFFFFF1C
:1004F000FFFFFFFFFFFFFFFFFFFFFFFFFFFFFFFF0C
:10050000FFFFFFFFFFFFFFFFFFFFFFFFFFFFFFFFFB
:10051000FFFFFFFFFFFFFFFFFFFFFFFFFFFFFFFFEB
:10052000FFFFFFFFFFFFFFFFFFFFFFFFFFFFFFFFDB
:10053000FFFFFFFFFFFFFFFFFFFFFFFFFFFFFFFFCB
:10054000FFFFFFFFFFFFFFFFFFFFFFFFFFFFFFFFBB
:10055000FFFFFFFFFFFFFFFFFFFFFFFFFFFFFFFFAB
:10056000FFFFFFFFFFFFFFFFFFFFFFFFFFFFFFFF9B
:10057000FFFFFFFFFFFFFFFFFFFFFFFFFFFFFFFF8B
:10058000FFFFFFFFFFFFFFFFFFFFFFFFFFFFFFFF7B
:10059000FFFFFFFFFFFFFFFFFFFFFFFFFFFFFFFF6B
:1005A000FFFFFFFFFFFFFFFFFFFFFFFFFFFFFFFF5B
:1005B000FFFFFFFFFFFFFFFFFFFFFFFFFFFFFFFF4B
:1005C000FFFFFFFFFFFFFFFFFFFFFFFFFFFFFFFF3B
:1005D000FFFFFFFFFFFFFFFFFFFFFFFFFFFFFFFF2B
:1005E000FFFFFFFFFFFFFFFFFFFFFFFFFFFFFFFF1B
:1005F000FFFFFFFFFFFFFFFFFFFFFFFFFFFFFFFF0B
:10060000FFFFFFFFFFFFFFFFFFFFFFFFFFFFFFFFFA
:10061000FFFFFFFFFFFFFFFFFFFFFFFFFFFFFFFFEA
:10062000FFFFFFFFFFFFFFFFFFFFFFFFFFFFFFFFDA
:10063000FFFFFFFFFFFFFFFFFFFFFFFFFFFFFFFFCA
:10064000FFFFFFFFFFFFFFFFFFFFFFFFFFFFFFFFBA
:10065000FFFFFFFFFFFFFFFFFFFFFFFFFFFFFFFFAA
:10066000FFFFFFFFFFFFFFFFFFFFFFFFFFFFFFFF9A
:10067000FFFFFFFFFFFFFFFFFFFFFFFFFFFFFFFF8A
:10068000FFFFFFFFFFFFFFFFFFFFFFFFFFFFFFFF7A
:10069000FFFFFFFFFFFFFFFFFFFFFFFFFFFFFFFF6A
:1006A000FFFFFFFFFFFFFFFFFFFFFFFFFFFFFFFF5A
:1006B000FFFFFFFFFFFFFFFFFFFFFFFFFFFFFFFF4A
:1006C000FFFFFFFFFFFFFFFFFFFFFFFFFFFFFFFF3A
:1006D000FFFFFFFFFFFFFFFFFFFFFFFFFFFFFFFF2A
:1006E000FFFFFFFFFFFFFFFFFFFFFFFFFFFFFFFF1A
:1006F000FFFFFFFFFFFFFFFFFFFFFFFFFFFFFFFF0A
:10070000FFFFFFFFFFFFFFFFFFFFFFFFFFFFFFFFF9
:10071000FFFFFFFFFFFFFFFFFFFFFFFFFFFFFFFFE9
:10072000FFFFFFFFFFFFFFFFFFFFFFFFFFFFFFFFD9
:10073000FFFFFFFFFFFFFFFFFFFFFFFFFFFFFFFFC9
:10074000FFFFFFFFFFFFFFFFFFFFFFFFFFFFFFFFB9
:10075000FFFFFFFFFFFFFFFFFFFFFFFFFFFFFFFFA9
:10076000FFFFFFFFFFFFFFFFFFFFFFFFFFFFFFFF99
:10077000FFFFFFFFFFFFFFFFFFFFFFFFFFFFFFFF89
:10078000FFFFFFFFFFFFFFFFFFFFFFFFFFFFFFFF79
:10079000FFFFFFFFFFFFFFFFFFFFFFFFFFFFFFFF69
:1007A000FFFFFFFFFFFFFFFFFFFFFFFFFFFFFFFF59
:1007B000FFFFFFFFFFFFFFFFFFFFFFFFFFFFFFFF49
:1007C000FFFFFFFFFFFFFFFFFFFFFFFFFFFFFFFF39
:1007D000FFFFFFFFFFFFFFFFFFFFFFFFFFFFFFFF29
:1007E000FFFFFFFFFFFFFFFFFFFFFFFFFFFFFFFF19
:1007F000FFFFFFFFFFFFFFFFFFFFFFFFFFFFFFFF09
:10080000FFFFFFFFFFFFFFFFFFFFFFFFFFFFFFFFF8
:10081000FFFFFFFFFFFFFFFFFFFFFFFFFFFFFFFFE8
:10082000FFFFFFFFFFFFFFFFFFFFFFFFFFFFFFFFD8
:10083000FFFFFFFFFFFFFFFFFFFFFFFFFFFFFFFFC8
:10084000FFFFFFFFFFFFFFFFFFFFFFFFFFFFFFFFB8
:10085000FFFFFFFFFFFFFFFFFFFFFFFFFFFFFFFFA8
:10086000FFFFFFFFFFFFFFFFFFFFFFFFFFFFFFFF98
:10087000FFFFFFFFFFFFFFFFFFFFFFFFFFFFFFFF88
:10088000FFFFFFFFFFFFFFFFFFFFFFFFFFFFFFFF78
:10089000FFFFFFFFFFFFFFFFFFFFFFFFFFFFFFFF68
:1008A000FFFFFFFFFFFFFFFFFFFFFFFFFFFFFFFF58
:1008B000FFFFFFFFFFFFFFFFFFFFFFFFFFFFFFFF48
:1008C000FFFFFFFFFFFFFFFFFFFFFFFFFFFFFFFF38
:1008D000FFFFFFFFFFFFFFFFFFFFFFFFFFFFFFFF28
:1008E000FFFFFFFFFFFFFFFFFFFFFFFFFFFFFFFF18
:1008F000FFFFFFFFFFFFFFFFFFFFFFFFFFFFFFFF08
:10090000FFFFFFFFFFFFFFFFFFFFFFFFFFFFFFFFF7
:10091000FFFFFFFFFFFFFFFFFFFFFFFFFFFFFFFFE7
:10092000FFFFFFFFFFFFFFFFFFFFFFFFFFFFFFFFD7
:10093000FFFFFFFFFFFFFFFFFFFFFFFFFFFFFFFFC7
:10094000FFFFFFFFFFFFFFFFFFFFFFFFFFFFFFFFB7
:10095000FFFFFFFFFFFFFFFFFFFFFFFFFFFFFFFFA7
:10096000FFFFFFFFFFFFFFFFFFFFFFFFFFFFFFFF97
:10097000FFFFFFFFFFFFFFFFFFFFFFFFFFFFFFFF87
:10098000FFFFFFFFFFFFFFFFFFFFFFFFFFFFFFFF77
:10099000FFFFFFFFFFFFFFFFFFFFFFFFFFFFFFFF67
:1009A000FFFFFFFFFFFFFFFFFFFFFFFFFFFFFFFF57
:1009B000FFFFFFFFFFFFFFFFFFFFFFFFFFFFFFFF47
:1009C000FFFFFFFFFFFFFFFFFFFFFFFFFFFFFFFF37
:1009D000FFFFFFFFFFFFFFFFFFFFFFFFFFFFFFFF27
:1009E000FFFFFFFFFFFFFFFFFFFFFFFFFFFFFFFF17
:1009F000FFFFFFFFFFFFFFFFFFFFFFFFFFFFFFFF07
:100A0000FFFFFFFFFFFFFFFFFFFFFFFFFFFFFFFFF6
:100A1000FFFFFFFFFFFFFFFFFFFFFFFFFFFFFFFFE6
:100A2000FFFFFFFFFFFFFFFFFFFFFFFFFFFFFFFFD6
:100A3000FFFFFFFFFFFFFFFFFFFFFFFFFFFFFFFFC6
:100A4000FFFFFFFFFFFFFFFFFFFFFFFFFFFFFFFFB6
:100A5000FFFFFFFFFFFFFFFFFFFFFFFFFFFFFFFFA6
:100A6000FFFFFFFFFFFFFFFFFFFFFFFFFFFFFFFF96
:100A7000FFFFFFFFFFFFFFFFFFFFFFFFFFFFFFFF86
:100A8000FFFFFFFFFFFFFFFFFFFFFFFFFFFFFFFF76
:100A9000FFFFFFFFFFFFFFFFFFFFFFFFFFFFFFFF66
:100AA000FFFFFFFFFFFFFFFFFFFFFFFFFFFFFFFF56
:100AB000FFFFFFFFFFFFFFFFFFFFFFFFFFFFFFFF46
:100AC000FFFFFFFFFFFFFFFFFFFFFFFFFFFFFFFF36
:100AD000FFFFFFFFFFFFFFFFFFFFFFFFFFFFFFFF26
:100AE000FFFFFFFFFFFFFFFFFFFFFFFFFFFFFFFF16
:100AF000FFFFFFFFFFFFFFFFFFFFFFFFFFFFFFFF06
:100B0000FFFFFFFFFFFFFFFFFFFFFFFFFFFFFFFFF5
:100B1000FFFFFFFFFFFFFFFFFFFFFFFFFFFFFFFFE5
:100B2000FFFFFFFFFFFFFFFFFFFFFFFFFFFFFFFFD5
:100B3000FFFFFFFFFFFFFFFFFFFFFFFFFFFFFFFFC5
:100B4000FFFFFFFFFFFFFFFFFFFFFFFFFFFFFFFFB5
:100B5000FFFFFFFFFFFFFFFFFFFFFFFFFFFFFFFFA5
:100B6000FFFFFFFFFFFFFFFFFFFFFFFFFFFFFFFF95
:100B7000FFFFFFFFFFFFFFFFFFFFFFFFFFFFFFFF85
:100B8000FFFFFFFFFFFFFFFFFFFFFFFFFFFFFFFF75
:100B9000FFFFFFFFFFFFFFFFFFFFFFFFFFFFFFFF65
:100BA000FFFFFFFFFFFFFFFFFFFFFFFFFFFFFFFF55
:100BB000FFFFFFFFFFFFFFFFFFFFFFFFFFFFFFFF45
:100BC000FFFFFFFFFFFFFFFFFFFFFFFFFFFFFFFF35
:100BD000FFFFFFFFFFFFFFFFFFFFFFFFFFFFFFFF25
:100BE000FFFFFFFFFFFFFFFFFFFFFFFFFFFFFFFF15
:100BF000FFFFFFFFFFFFFFFFFFFFFFFFFFFFFFFF05
:100C0000FFFFFFFFFFFFFFFFFFFFFFFFFFFFFFFFF4
:100C1000FFFFFFFFFFFFFFFFFFFFFFFFFFFFFFFFE4
:100C2000FFFFFFFFFFFFFFFFFFFFFFFFFFFFFFFFD4
:100C3000FFFFFFFFFFFFFFFFFFFFFFFFFFFFFFFFC4
:100C4000FFFFFFFFFFFFFFFFFFFFFFFFFFFFFFFFB4
:100C5000FFFFFFFFFFFFFFFFFFFFFFFFFFFFFFFFA4
:100C6000FFFFFFFFFFFFFFFFFFFFFFFFFFFFFFFF94
:100C7000FFFFFFFFFFFFFFFFFFFFFFFFFFFFFFFF84
:100C8000FFFFFFFFFFFFFFFFFFFFFFFFFFFFFFFF74
:100C9000FFFFFFFFFFFFFFFFFFFFFFFFFFFFFFFF64
:100CA000FFFFFFFFFFFFFFFFFFFFFFFFFFFFFFFF54
:100CB000FFFFFFFFFFFFFFFFFFFFFFFFFFFFFFFF44
:100CC000FFFFFFFFFFFFFFFFFFFFFFFFFFFFFFFF34
:100CD000FFFFFFFFFFFFFFFFFFFFFFFFFFFFFFFF24
:100CE000FFFFFFFFFFFFFFFFFFFFFFFFFFFFFFFF14
:100CF000FFFFFFFFFFFFFFFFFFFFFFFFFFFFFFFF04
:100D0000FFFFFFFFFFFFFFFFFFFFFFFFFFFFFFFFF3
:100D1000FFFFFFFFFFFFFFFFFFFFFFFFFFFFFFFFE3
:100D2000FFFFFFFFFFFFFFFFFFFFFFFFFFFFFFFFD3
:100D3000FFFFFFFFFFFFFFFFFFFFFFFFFFFFFFFFC3
:100D4000FFFFFFFFFFFFFFFFFFFFFFFFFFFFFFFFB3
:100D5000FFFFFFFFFFFFFFFFFFFFFFFFFFFFFFFFA3
:100D6000FFFFFFFFFFFFFFFFFFFFFFFFFFFFFFFF93
:100D7000FFFFFFFFFFFFFFFFFFFFFFFFFFFFFFFF83
:100D8000FFFFFFFFFFFFFFFFFFFFFFFFFFFFFFFF73
:100D9000FFFFFFFFFFFFFFFFFFFFFFFFFFFFFFFF63
:100DA000FFFFFFFFFFFFFFFFFFFFFFFFFFFFFFFF53
:100DB000FFFFFFFFFFFFFFFFFFFFFFFFFFFFFFFF43
:100DC000FFFFFFFFFFFFFFFFFFFFFFFFFFFFFFFF33
:100DD000FFFFFFFFFFFFFFFFFFFFFFFFFFFFFFFF23
:100DE000FFFFFFFFFFFFFFFFFFFFFFFFFFFFFFFF13
:100DF000FFFFFFFFFFFFFFFFFFFFFFFFFFFFFFFF03
:100E0000FFFFFFFFFFFFFFFFFFFFFFFFFFFFFFFFF2
:100E1000FFFFFFFFFFFFFFFFFFFFFFFFFFFFFFFFE2
:100E2000FFFFFFFFFFFFFFFFFFFFFFFFFFFFFFFFD2
:100E3000FFFFFFFFFFFFFFFFFFFFFFFFFFFFFFFFC2
:100E4000FFFFFFFFFFFFFFFFFFFFFFFFFFFFFFFFB2
:100E5000FFFFFFFFFFFFFFFFFFFFFFFFFFFFFFFFA2
:100E6000FFFFFFFFFFFFFFFFFFFFFFFFFFFFFFFF92
:100E7000FFFFFFFFFFFFFFFFFFFFFFFFFFFFFFFF82
:100E8000FFFFFFFFFFFFFFFFFFFFFFFFFFFFFFFF72
:100E9000FFFFFFFFFFFFFFFFFFFFFFFFFFFFFFFF62
:100EA000FFFFFFFFFFFFFFFFFFFFFFFFFFFFFFFF52
:100EB000FFFFFFFFFFFFFFFFFFFFFFFFFFFFFFFF42
:100EC000FFFFFFFFFFFFFFFFFFFFFFFFFFFFFFFF32
:100ED000FFFFFFFFFFFFFFFFFFFFFFFFFFFFFFFF22
:100EE000FFFFFFFFFFFFFFFFFFFFFFFFFFFFFFFF12
:100EF000FFFFFFFFFFFFFFFFFFFFFFFFFFFFFFFF02
:100F0000FFFFFFFFFFFFFFFFFFFFFFFFFFFFFFFFF1
:100F1000FFFFFFFFFFFFFFFFFFFFFFFFFFFFFFFFE1
:100F2000FFFFFFFFFFFFFFFFFFFFFFFFFFFFFFFFD1
:100F3000FFFFFFFFFFFFFFFFFFFFFFFFFFFFFFFFC1
:100F4000FFFFFFFFFFFFFFFFFFFFFFFFFFFFFFFFB1
:100F5000FFFFFFFFFFFFFFFFFFFFFFFFFFFFFFFFA1
:100F6000FFFFFFFFFFFFFFFFFFFFFFFFFFFFFFFF91
:100F7000FFFFFFFFFFFFFFFFFFFFFFFFFFFFFFFF81
:100F8000FFFFFFFFFFFFFFFFFFFFFFFFFFFFFFFF71
:100F9000FFFFFFFFFFFFFFFFFFFFFFFFFFFFFFFF61
:100FA000FFFFFFFFFFFFFFFFFFFFFFFFFFFFFFFF51
:100FB000FFFFFFFFFFFFFFFFFFFFFFFFFFFFFFFF41
:100FC000FFFFFFFFFFFFFFFFFFFFFFFFFFFFFFFF31
:100FD000FFFFFFFFFFFFFFFFFFFFFFFFFFFFFFFF21
:100FE000FFFFFFFFFFFFFFFFFFFFFFFFFFFFFFFF11
:100FF000FFFFFFFFFFFFFFFFFFFFFFFFFFFFFFFF01
:10100000D1002043ED15006000000000000000004A
:10101000201000600010006000BC006000000000B4
:101020000000006000C8000000000000FFFFFFFF9C
:10103000FFFFFFFFFFFFFFFFFFFFFFFFFFFFFFFFC0
:10104000FFFFFFFFFFFFFFFFFFFFFFFFFFFFFFFFB0
:10105000FFFFFFFFFFFFFFFFFFFFFFFFFFFFFFFFA0
:10106000FFFFFFFFFFFFFFFFFFFFFFFFFFFFFFFF90
:10107000FFFFFFFFFFFFFFFFFFFFFFFFFFFFFFFF80
:10108000FFFFFFFFFFFFFFFFFFFFFFFFFFFFFFFF70
:10109000FFFFFFFFFFFFFFFFFFFFFFFFFFFFFFFF60
:1010A000FFFFFFFFFFFFFFFFFFFFFFFFFFFFFFFF50
:1010B000FFFFFFFFFFFFFFFFFFFFFFFFFFFFFFFF40
:1010C000FFFFFFFFFFFFFFFFFFFFFFFFFFFFFFFF30
:1010D000FFFFFFFFFFFFFFFFFFFFFFFFFFFFFFFF20
:1010E000FFFFFFFFFFFFFFFFFFFFFFFFFFFFFFFF10
:1010F000FFFFFFFFFFFFFFFFFFFFFFFFFFFFFFFF00
:10110000FFFFFFFFFFFFFFFFFFFFFFFFFFFFFFFFEF
:10111000FFFFFFFFFFFFFFFFFFFFFFFFFFFFFFFFDF
:10112000FFFFFFFFFFFFFFFFFFFFFFFFFFFFFFFFCF
:10113000FFFFFFFFFFFFFFFFFFFFFFFFFFFFFFFFBF
:10114000FFFFFFFFFFFFFFFFFFFFFFFFFFFFFFFFAF
:10115000FFFFFFFFFFFFFFFFFFFFFFFFFFFFFFFF9F
:10116000FFFFFFFFFFFFFFFFFFFFFFFFFFFFFFFF8F
:10117000FFFFFFFFFFFFFFFFFFFFFFFFFFFFFFFF7F
:10118000FFFFFFFFFFFFFFFFFFFFFFFFFFFFFFFF6F
:10119000FFFFFFFFFFFFFFFFFFFFFFFFFFFFFFFF5F
:1011A000FFFFFFFFFFFFFFFFFFFFFFFFFFFFFFFF4F
:1011B000FFFFFFFFFFFFFFFFFFFFFFFFFFFFFFFF3F
:1011C000FFFFFFFFFFFFFFFFFFFFFFFFFFFFFFFF2F
:1011D000FFFFFFFFFFFFFFFFFFFFFFFFFFFFFFFF1F
:1011E000FFFFFFFFFFFFFFFFFFFFFFFFFFFFFFFF0F
:1011F000FFFFFFFFFFFFFFFFFFFFFFFFFFFFFFFFFF
:10120000FFFFFFFFFFFFFFFFFFFFFFFFFFFFFFFFEE
:10121000FFFFFFFFFFFFFFFFFFFFFFFFFFFFFFFFDE
:10122000FFFFFFFFFFFFFFFFFFFFFFFFFFFFFFFFCE
:10123000FFFFFFFFFFFFFFFFFFFFFFFFFFFFFFFFBE
:10124000FFFFFFFFFFFFFFFFFFFFFFFFFFFFFFFFAE
:10125000FFFFFFFFFFFFFFFFFFFFFFFFFFFFFFFF9E
:10126000FFFFFFFFFFFFFFFFFFFFFFFFFFFFFFFF8E
:10127000FFFFFFFFFFFFFFFFFFFFFFFFFFFFFFFF7E
:10128000FFFFFFFFFFFFFFFFFFFFFFFFFFFFFFFF6E
:10129000FFFFFFFFFFFFFFFFFFFFFFFFFFFFFFFF5E
:1012A000FFFFFFFFFFFFFFFFFFFFFFFFFFFFFFFF4E
:1012B000FFFFFFFFFFFFFFFFFFFFFFFFFFFFFFFF3E
:1012C000FFFFFFFFFFFFFFFFFFFFFFFFFFFFFFFF2E
:1012D000FFFFFFFFFFFFFFFFFFFFFFFFFFFFFFFF1E
:1012E000FFFFFFFFFFFFFFFFFFFFFFFFFFFFFFFF0E
:1012F000FFFFFFFFFFFFFFFFFFFFFFFFFFFFFFFFFE
:10130000FFFFFFFFFFFFFFFFFFFFFFFFFFFFFFFFED
:10131000FFFFFFFFFFFFFFFFFFFFFFFFFFFFFFFFDD
:10132000FFFFFFFFFFFFFFFFFFFFFFFFFFFFFFFFCD
:10133000FFFFFFFFFFFFFFFFFFFFFFFFFFFFFFFFBD
:10134000FFFFFFFFFFFFFFFFFFFFFFFFFFFFFFFFAD
:10135000FFFFFFFFFFFFFFFFFFFFFFFFFFFFFFFF9D
:10136000FFFFFFFFFFFFFFFFFFFFFFFFFFFFFFFF8D
:10137000FFFFFFFFFFFFFFFFFFFFFFFFFFFFFFFF7D
:10138000FFFFFFFFFFFFFFFFFFFFFFFFFFFFFFFF6D
:10139000FFFFFFFFFFFFFFFFFFFFFFFFFFFFFFFF5D
:1013A000FFFFFFFFFFFFFFFFFFFFFFFFFFFFFFFF4D
:1013B000FFFFFFFFFFFFFFFFFFFFFFFFFFFFFFFF3D
:1013C000FFFFFFFFFFFFFFFFFFFFFFFFFFFFFFFF2D
:1013D000FFFFFFFFFFFFFFFFFFFFFFFFFFFFFFFF1D
:1013E000FFFFFFFFFFFFFFFFFFFFFFFFFFFFFFFF0D
:1013F000FFFFFFFFFFFFFFFFFFFFFFFFFFFFFFFFFD
:10140000824205D051F8043B40F8043B8242F9D8AF
:10141000704700BF044A05494FF0000342F8043BFF
:101420009142FBD8704700BFC01A002060270020FF
:1014300080B5BFF34F8F00F0BDF9534C534B0820DC
:101440005349C3F85401534AC3F800115248C3F832
:10145000F0405249FFF7D4FF514A52495248FFF732
:10146000CFFF524CFFF7D6FF4FF470004FF0E02152
:1014700000234F4AC1F8880D44F823200133B02BD4
:10148000FAD14C4B80214C4A03F8011B9342FBD10B
:101490004FF0E025494F4A4A4FF0FF31C5F8084D5B
:1014A0000026D5F8243D43F4E023C5F8243DFB692C
:1014B00023F07F0343F04003FB617B6A23F07F034B
:1014C00043F040037B629166D1661167516700F07B
:1014D00079F93C4B63223C49A3633C4BE363032310
:1014E0006A613B4AAE612B61C5F8202DD5F8FC2D11
:1014F000384B42F08072C5F8FC2D1A6842F00102A8
:101500001A605B680B6000F0E7F9334800F06CFB91
:10151000F96E324B324A41F44051F9661E60C3F80D
:101520000861C3F81861C3F82861C3F83861936B88
:10153000DB0708D442F615632A4951651365936B9E
:1015400043F001039363264A274C936843F0011349
:10155000936000F005F900F02BFB00F0EBF900F0D0
:101560002BF92368132BFCD900F074FA2368B3F528
:10157000967FFBD300F024F900F020F900F030FB57
:1015800000F01EFB30BFFDE70C0D111300800D4075
:101590001B1018204881000000000000841D00601E
:1015A000C01A0020D09E006000000020001800201B
:1015B0000556000000E400E0A0E400E000C00F4099
:1015C00000C00A40856D000048250020896D00009C
:1015D00000002020001000E00046C3230040084027
:1015E00000400D400000C0564C250020054B4FF434
:1015F0002A01054A05485A641864054A99639546C4
:10160000FFF716FF00C00A40AFAAAAAA07002000F1
:10161000000007201BB9124B1B6F9B041ED400F067
:101620003F000F4B22F0604221F0604140F48910EE
:101630001867C3F88010C3F890201A6F22F4805204
:101640001A671A6F002AFCDAD3F87011054A0A40AB
:10165000C3F870211A6F22F480321A67704700BFF6
:1016600000800D40FF7F7FFFB1F5607FF0B50E4633
:101670008DB028BF4FF460760F46054672B62E4BEC
:1016800000247022186021462C4B2D481C8000F04D
:101690009BFACFB121462A484FF0010C4A0901F0CC
:1016A0001F03013150F822400CFA03F38E4243EA43
:1016B000040340F82230F1D8284600234380013348
:1016C00000F582709E42F9D81E4C257815B162B69D
:1016D0000DB0F0BD082000F067FA1B4B80220646D3
:1016E000009302A90693194B0271056008A80293A2
:1016F00000F062FA06A9164A304600F069FA069B25
:1017000008A8DB689847009B02A8DB689847237805
:10171000002BDCD10F4B104AC3F858210F49D020C1
:101720004FF0E023402281F84600C3F8082101234E
:10173000237062B60DB0F0BD2C1E0020F0260020F4
:10174000341E002006270020B80600208542000035
:101750001B100100001800209142000000E400E08E
:10176000104BA020104AD96E41F4403110B4D96614
:1017700040F23764D96E41F44071D9665464906484
:10178000936C1B06FCD4094A40F23761A0235164D4
:101790009364936C13F08003FBD1054A13705DF8DA
:1017A000044B704700C00F4000400C4000800C40CC
:1017B0000B270020704700BF704700BF704700BF75
:1017C00000BF704710B44FF0E023002110243248CE
:1017D000C3F8941DC3F89C4D1124C3F8A00D2F48E5
:1017E000C3F89C4D1224C3F8A00D2D48C3F89C4D9E
:1017F0002C4AC3F8A00D2C4C42F015022B48C3F81C
:101800009C4DC3F8A00D2A4C2A48C3F89C4DC3F840
:10181000A00D294CC3F89C2D2848294AC3F8A04D97
:10182000C3F89C0DC3F8A02D02F5A022254C0C3264
:101830002548C3F89C4DC3F8A02D244AC3F89C0D3D
:10184000C3F8A02D02F14062214C02322148C3F8B6
:101850009C4DC3F8A02D0A32C3F89C0DC3F8A02DEF
:1018600000BF00BF00BF00BF00BF0122C3F8942D1E
:10187000BFF34F8FBFF36F8FC3F8501FBFF34F8F6E
:10188000BFF36F8FD3F8142D5DF8044B42F4403250
:10189000C3F8142D704700BF3F0000102500080753
:1018A000090010006027002013002000210002071B
:1018B0001400002025000813090000101600202045
:1018C00027000B1317000040180000602F000B07C3
:1018D000190000701A000080F0B4154A40274FF438
:1018E00080314FF480564FF400554FF4404443F29A
:1018F0004200136913F0020F0ED113F4005F0FD0F2
:1019000013F4805F0ED0002BF3DA13F4803F0BD179
:101910005B060BD5F0BC7047946151619061E8E7BC
:101920005561E6E75661E4E79161E2E75761E0E778
:1019300000800D403B4A03203B49B3EE096AD2F8D0
:101940008030DFED3A5A23F00103DFED394A30B43D
:10195000C2F88030C2F89000D1F8E030354DD9B2ED
:10196000354C3648296007EE901A190DC3F30B2346
:10197000B8EEE77A06EE901A07EE903A2360F8EE9A
:10198000E77A2F4BF8EEE66A2E4937EE466A2E4C80
:1019900077EE644A76EEE76A37EE657A80ED006AA4
:1019A000F0EE675AD2F8800086EE865AC3ED006AE0
:1019B000F0EE676AE5EE245AE5EE076AE6EE057A90
:1019C000FCEEE55AFCEEE66AFCEEE77A15EE903A9C
:1019D00040EA035016EE903AC2F8800001EA034153
:1019E000D2F8900117EE903A0143C3F30B030020A5
:1019F000C2F89011D2F890110B431449C2F89031FB
:101A0000D2F8803043F00203C2F88030104B84F8E3
:101A10004000C1F840314FF0E023012230BCC3F850
:101A20000821704700810D4000441F400000B4426F
:101A30000000AA423425002030250020382500204F
:101A40003C2500200000FF0F00E400E0001800200B
:101A5000C9570000314B40F6617210B5C3F8202120
:101A600040F2044400F0B8F82D4A2E49D2F88030F4
:101A70002D4843F00303C2F880302C4BC1F860417D
:101A800002681A4203D1D1F8A8319A071BD0254A1F
:101A90004FF00041244B5963D2F8403143F0020328
:101AA000C2F84031D2F840319B07FBD44FF40030EC
:101AB0004FF0E0211C4B4FF00042C1F88C0219207E
:101AC0009A6300F06DF8184A4FF08040154C0021E1
:101AD00090630A20164B11604FF42072C4F8A801DD
:101AE000184600F071F84FF4800203464FF481006D
:101AF00040F243111860C4F858311A640D4B0E4A75
:101B0000C4F84811C3F804224FF0E0224FF400312A
:101B10000123C2F80C11C4F8403110BD00800D4003
:101B200000C00F4000002E4000900D40001C1E0021
:101B30000000002000180020E959000008B50E4BF5
:101B40001B6E9B0700D4FBBE72B60C4B00200C4AE8
:101B5000C3F8400103F160430A49A3F55F23116410
:101B60009D46BFF34F8F4FF400130748074ADB69C8
:101B700002609B68984700BF00441F4000002E4051
:101B800000C00A400300200000802020000012EB6B
:101B9000F8B500BFF8BC08BC9E46704700000000C6
:101BA0005FF800F0C54E00005FF800F0F55200004D
:101BB0005FF800F0F55400005FF800F0F942000013
:101BC0005FF800F0B15100005FF800F0B57C000054
:101BD0005FF800F02D4800005FF800F0256100007C
:101BE0005FF800F0957D00005FF800F0D54B000035
:101BF00005010000713700006D420000314900000E
:101C000020036400690063006500460072006900FB
:101C100065006E006400200076002E003000310068
:101C2000220353006900670069006C0049006E00E0
:101C300073007400720075006D0065006E00740022
:101C4000730000000403090409029500030100C0A9
:101C500032080B0002020201000904000001020226
:101C600001000524001001052401010104240206DD
:101C70000524060001070582031000100904010075
:101C8000020A000000070503024000000705830266
:101C900040000009040200020103000007240100C3
:101CA00001250006240201010006240202020009A7
:101CB00024030103010201000924030204010101BC
:101CC000000905040240000000000525010101098A
:101CD000058402400000000005250101030000000A
:101CE00009029500030100C032080B000202020144
:101CF0000009040000010202010005240010010592
:101D000024010101042402060524060001070582BE
:101D10000310000509040100020A00000007050382
:101D2000020002000705830200020009040200020B
:101D3000010300020724010001250006240201011D
:101D40000206240202020209240301030102010225
:101D50000924030204010101020905040200020032
:101D600000000525010101090584020002000000B0
:101D700005250101030000000A060002EF020140F0
:041D8000010000005E
:101D8400000000000000000000000000000000004F
:101D9400000000000000000000000000000000003F
:101DA400F8B54FF084439D695A6915400DD0254F0D
:101DB40001269D6195FAA5F4B4FA84F457F8243009
:101DC40006FA04F49847A543F4D11F4B9D695A6958
:101DD40015400DD01D4F01269D6195FAA5F4B4FA66
:101DE40084F457F8243006FA04F49847A543F4D150
:101DF400174B9D695A6915400DD0164F01269D61F8
:101E040095FAA5F4B4FA84F457F8243006FA04F4E5
:101E14009847A543F4D1104B9D695A6915400DD0DC
:101E24000E4F01269D6195FAA5F4B4FA84F457F88F
:101E3400243006FA04F49847A543F4D1BFF34F8F36
:101E4400F8BD00BF6410002000400042E4100020F0
:101E5400008000426411002000C00042E411002010
:101E64000548064B1B1AD90F01EBA301491002D0F8
:101E7400034B03B118477047C01A0020C01A002052
:101E84000000000008B5054B1BB105490548AFF338
:101E94000080BDE80840FFF7E3BF00BF000000007A
:101EA4007023002000C8006010B504F01FFF064A2C
:101EB4001368C31AB3F57A7F05D9044C0449236027
:101EC400012310600B7010BDE0220020E4220020EA
:101ED4000C270020B1EE007AF0EE007A08B5E0EEAF
:101EE400077A2DED028B9FED108A27EE880A06F003
:101EF40065FEDFED0E7A20EE270A06F0F5FEB2EE5F
:101F0400087ADFED0B7A20EE070AB8FE400A20EECD
:101F1400270A20EE080A06F051FEDFED067ABDEC32
:101F2400028B20EE270A08BD1872313FFFFF7F3F66
:101F3400ABAAAA3D0000DC41124AF8B5124B146862
:101F4400124EA3FB043404F0D1FE3378B3B1104F26
:101F5400240905463B680BE006F052F906F058F9EF
:101F640032783B68013A2344D2B23B6032702AB1E2
:101F7400EB1A4FF60F00002BEEDAF8BD054B0022EA
:101F84001A70F8BD64120020ABAAAAAA1627002072
:101F9400642300201727002070B59D4D9D4B2A68AF
:101FA4002DED028B1A6082B0002800F0EC80002135
:101FB400022005F0BBF8FF21032005F0B7F8964A8C
:101FC400137833B195492B6809685B1A812B40F269
:101FD4000A819349F7EE005A924B0020D1ED006A32
:101FE400914C9FED926AC6FEE56A197CD4ED357A70
:101FF400C6FE866A1070002940F0CC80B0EE087AE4
:1020040093F8242027EE877A87FE657A87FE067A7E
:10201400002A00F0CC8093ED075ADFED855A9FED3E
:10202400856A93F83820A5EE256A002A00F0CE8050
:1020340093ED0C5ADFED7E5ADFED7E7AE5EE257ADC
:10204400DFED7D5A04207D4B66EEA56A7C4ED3ED10
:10205400005A7C4DF4EEE56A7B4C76EEE56ADFEDE2
:10206400768A9FED728AF1EE10FACCBF9FED775A13
:102074009FED775A66EE856A9FED6F5A27EE057AD3
:1020840075EEA65AD6ED006AB4EEE67A37EE667AB5
:10209400C3ED005AF1EE10FACCBF9FED6C5A9FEDE0
:1020A4006C5A27EE057A9FED645A26EE056A9FED79
:1020B400625A76EE876A95ED007A67EE857AB4EE19
:1020C400C76A36EE476AC6ED006AF1EE10FACCBF75
:1020D400DFED5E6ADFED5E6A26EE266A77EE066A5B
:1020E40094ED007AF4EEC77A77EEC77AC5ED006A0C
:1020F400F1EE10FACCBFDFED556ADFED556A67EEFD
:10210400A67A37EE277AC5FEE87AC7FE887AFCEE0F
:10211400E77A84ED007ACDED017A9DF8041005F09C
:1021240005F8D6ED007A0520C7FEE87AC7FE887A5E
:10213400FCEEE77ACDED017A9DF8041004F0F6FF89
:10214400D5ED007A0620C7FEE87AC7FE887AFCEE51
:10215400E77ACDED017A9DF8041004F0E7FFD4EDA1
:10216400007A0920C7FEE87AC7FE887AFCEEE77A8F
:10217400CDED017A9DF8041002B0BDEC028BBDE8F0
:10218400704004F0D3BF0446FF21022004F0CEFFC8
:10219400214611E7D3ED025A9FED256A9FED257A7A
:1021A40093F82420A5EE867A002A7FF434AF37EE24
:1021B400A76ADFED1E5AB7EE005A93F8382086FE60
:1021C400456A86FE256A002A7FF432AFF7EE084A94
:1021D400DFED165AB7EE005A67EEA47AC7FEC57A49
:1021E400C7FEA57A2CE70021042004F09FFF0021FC
:1021F400052004F09BFF0021062004F097FFFF2137
:10220400092002B0BDEC028BBDE8704004F08EBF23
:102214004C250020602300200E2700202C230020C2
:10222400E8220020C0140020B02300200000000099
:102234006666263F3333B33E00007F4350230020BD
:1022440054230020582300205C230020CDCC0C3FD5
:102254000AD7233D70B5634E0025634B3268634C47
:102264002DED068B9FED62AADFED629A9FED628AE7
:102274009FED629ADFED628ADFED62AA1A600A219D
:10228400206803F089FA20EAE073B0F5486F227CF5
:10229400636026DD002A4DD007EE903AB7EE007A4F
:1022A4000023F8EEE77AA37477EEC97A67EEA87A8A
:1022B400C7FEC77AC7FE887A94ED037AF0EE696A9E
:1022C400012377EEC77AA6EEA77A01352374143476
:1022D400032D04ED027A04ED037AD0D1BDEC068B14
:1022E40070BDB0F5E16F19DA00216174D2B1A27C3E
:1022F400022A17D80132D2B2032AA27412D007EEEE
:10230400903AB7EE007AF8EEE77A77EEC97A67EE9C
:10231400A87AC7FEC77AC7FEAA7ACBE7002A4FD1AC
:102324006274A27494ED037AF0EE4A6A0023F1EE2B
:10233400477AC8E7617C022904D80131C9B203296C
:102344006174EED107EE903A3368B7EE007A00225A
:10235400F8EEE77AB3F5617FA27477EEC97A67EE97
:10236400A87AC7FEC77AC7FE887AA5D94FF0E023BA
:102374004022C3F88821244B591991F8DB20FF2A05
:1023840005D091F8DB200132D2B281F8DB2005F1CF
:102394003802B7EE007A03EB820387FEC77A87FE22
:1023A4002A7AD3ED006AB4EEE67AF1EE10FA01DD92
:1023B40083ED007A4FF0E0234022C3F808217BE745
:1023C40007EE903AB7EE007A0023F8EEE77AA374AA
:1023D40077EEC97A67EEA87AC7FEC77AC7FEAA7AEB
:1023E40068E700BF4C25002054250020C0140020BD
:1023F4009A99993ECDCCCC3E295C8F3E00C0DA45FB
:1024040034A6C93A00000000B023002010B52DED19
:10241400068B31EE609ADFED1E7AF0EE608A1824A6
:10242400B0EE41AAB0EE408AF0EE619A29EE279A06
:1024340002E013F0FF0419D042F21071002004F0FE
:1024440089F907EE900AB0EE680A631EF8EEE77A9F
:10245400A9EE270A70EE487AF0EEE77AF4EEE97A0C
:10246400F1EE10FAE5DBBDEC068B10BD78EEC87A10
:102474003AEE488AF0EEE77AB0EEC88AF4EEC87A0B
:10248400F1EE10FA38FE8A0ABDEC068B10BD00BFCF
:1024940017B7D1382DE9F04F2DED108BA7B0834637
:1024A40003F0F4FD0446209003F0F0FD002818BF6B
:1024B400002C024621900CBF0122002201F0508022
:1024C400DBED1B7A22AE9BF8C93023ACCDED0B7A41
:1024D4009446DBED1D7A4FF000090493CDED0C7AA0
:1024E400DBED217A9BF8CA30CDED1B7ADBED227A45
:1024F4009BED1CFACDED1C7ADBED237A9BED1E0AD5
:102504009BED1FAADBED20CADBED24FADBED25AA47
:102514009BED26EA9BED278A9BED28BA9BED294A81
:10252400DBED2A3A9BF8C8A09BED2B3A9BED2CCA15
:10253400DBED2DDADBED2EBADBED2F5ADBED304A85
:102544009BED315ACDED037A00939BF8CC109BF8A8
:10255400CB3001919BF8CE109BF8CDE002919BF813
:10256400CF509BF8D1109BF8D08005910BEB020063
:102574000BEB8201013290F8DB70032A06F8017B31
:10258400D1F8E07080F8DBC044F8047BC1F8E09037
:10259400ECD19DF888201AB3DDED0B7ADDED236ACA
:1025A4009FEDD26ACBED0F7ADFEDD17A9BF8D8207C
:1025B400A6EEA76ADFEDCF7ADFEDCF6AFF2A8BEDB7
:1025C400120AE5EEA76ADBED0C7AE6EE267ACBED8D
:1025D4000C7A05D09BF8D8200132D2B28BF8D820DF
:1025E4009DF889200AB3DDED246ADFEDC47A9FEDFE
:1025F400C46A9BF8D920A6EEA76ADFEDBE7ADFEDA8
:10260400BE6AFF2A8BED10FAE4EEA76ADBED0D7AC1
:102614008BED13AAE6EE267ACBED0D7A05D09BF866
:10262400D9200132D2B28BF8D9209DF88A201AB36E
:10263400DDED0C7ADDED256A9FEDAC6ACBED117A08
:10264400DFEDAB7A9BF8DA20A6EEA76ADFEDA97A74
:10265400DFEDA96AFF2ACBED14CAE5EE276ADBEDAC
:102664000E7AE6EE267ACBED0E7A05D09BF8DA20C8
:102674000132D2B28BF8DA20181E0199029C14BFE1
:102684000122224600290CBF21460121BEF1000F80
:1026940000F0528543EA0A0001234AEA0206DDF803
:1026A40000909A460A93FDB19BF86540012C02D133
:1026B400002A00F066879BF86740012C03D10A9B2F
:1026C400002B00F06A879BF86640012C02D1002998
:1026D40000F05E879BF8685085F001054AEA05051D
:1026E40015F0FF0500F0A5879BED0C9ADBED0E6A53
:1026F4009BED0D6A8BF868A0002800F05687DDED8D
:102704000B7A019BCBED0F7A8BED120A1BB9049B5C
:10271400002B00F06787009B8BED10FA5EEA030044
:102724008BED13AA00F05887DDED0C7ACBED14CABB
:10273400CBED117AF2B19BF86500D8B9DFED6C7A74
:10274400DFED6A2A059BE4EE272A9FED6A4ADFED56
:102754006A7AE5EE847AA2EEA79A8BED0C9A4BB9CD
:102764009BF8D800FF2805D09BF8D8000130C0B2F0
:102774008BF8D8000A9BF3B19BF86700D8B9DFED5A
:102784005C7ADFED5A5A9FED5B4AE3EE275ADFEDA0
:102794005A7A059BE5EE047AE5EEA76ACBED0E6A5C
:1027A4004BB99BF8DA00FF2805D09BF8DA0001301A
:1027B400C0B28BF8DA00E1B19BF86600C8B9DFED6E
:1027C4004F7ADFED505A9FED4B5AE3EEA75ADFEDF7
:1027D4004A7A059BE4EE857AA5EEA76A4BB99BF885
:1027E400D900FF2805D09BF8D9000130C0B28BF87E
:1027F400D9000A9BF3EE04EADFED438AB0EE00DA77
:102804008BF8652000248BF8673020EE280A8BF8BB
:1028140066108DED076ACDED066A06F0CFF9F0EE8D
:10282400409A2AEE280A9FED39AA06F0C7F9F0EE7D
:10283400405A69EE8A9A2CEEA80ADFED35CACDED2E
:10284400005A06F0BBF99FED335A60EE0A8A9DEDFB
:102854000B7A69EE856A9FED346A67EE057ACDEDF1
:102864000D6AF0EE476A9FED2E7A67EEA97A86FE2E
:10287400C7AADFED2C6A8AFE2EAAC7FEC67A2AEE04
:10288400260AC7FE8D7A80EE270A06F097F9F0EE45
:10289400409A2AEE2C0A06F08FFADFED1F7ADDED5E
:1028A400005A29EE80AA6FEE277A9FED1D7ADFED9C
:1028B4001D6A69EEE99A9FED1C6A3AEE0AAA27EEB0
:1028C400A50ACFFE477AC7FEAE7A67EEA65ACDEDCB
:1028D400007A80FE460A80FE0D0A85EE800A06F024
:1028E4006DF9DDED007AB0EE40FA47E0295C0F3D6A
:1028F400CDCCCC3C9A99B93FCDCC0C3F8FC2F53CA2
:1029040031082C3D0AD7233DEF219E408FC2753DEF
:1029140092651539DB0F4940FB04413E02184F40D4
:1029240000007A46926595B800409C455C8F823FD2
:102934000AD7233B000061456666E63FACC5A7396C
:102944007B14AE3D9A99B93F14AE473F000180BF56
:1029540031082C3D00000000E73E3B3DBC74933B36
:10296400EC51383FE17A143F6666E63E0AD7A33D50
:102974003333B33F3333333F3333B3BF27EEAC0A80
:1029840006F01AFA5FED1B5A2FEE000A1FED1C7AAF
:102994006FEE0F7A5FED1D6A1FED1D6ACDED057AAE
:1029A40070EE007ACDED047ADDED0C7A87FEC7FA7D
:1029B40067EEA57A8FFE2EFA2FEE260A28EEA57A68
:1029C40067EEA87A8DED107AC7FEC67AC7FE8D7AB7
:1029D40080EE270A1FED2BDA06F0F0F8F0EE40EA5D
:1029E4002FEE2C0A5FED2ECA06F0E6F95FED2F5AA2
:1029F400F7EE007A1FED305A6AEEA55A72B26AEE0B
:102A0400AA4A5FED32AA002A37EECBBABCEEE57AC9
:102A1400F0EE675A6EEE808A17EE103A6EEEEEEA2A
:102A2400ECEE055A03F5617378EEA88A9BB21D9308
:102A340087EEA57AF0EE675AEDEE855A8DED187A99
:102A440087EEA57AF0EE675AEBEE855A8DED197A8A
:102A540087EEA57A5FED465AE4EEA5CAF1EE045A74
:102A64008DED177A2CEE857AB2EE005A8DED1A7A36
:102A7400B0EE677AA8EE057A1FED4E5AA8EE05DA95
:102A84008DED007A9DED1B7A67EE074A9DED1C7A69
:102A940027EE075AB0EE677AACEE257A8DED117AFF
:102AA400B0EE677AADEEA57A8DED137AB0EE677A63
:102AB400ABEEA57A5FED5C5A8DED157A2CEE257A96
:102AC4008DED127A2DEEA57A5FED60DA8DED147A34
:102AD4002BEEA57A5FED625A5FED62BA8DED167A40
:102AE40024EEA57A4BFEA77A8DED1E7A25EE257A83
:102AF4005FED675A8DED1F7A2FEEA57A5FED695A67
:102B04008DED0E7A2EEE25EA1FED6B7A28EE077A0C
:102B14008DED027A1FED6D7A28EE077A8DED0F7A2E
:102B2400219B1FED6F7A9F1C209BDDED066A2BEE27
:102B340007CA9E1C5B46D346F0EE66FA9A466307C4
:102B44001FED76BA9DED076ACDED097ACDED01EA68
:102B540000F00182DAED0A5A9AED064AB8F1000F44
:102B640040F0C382002D40F0C082F1EE007AB0EE56
:102B7400087AB3EE0B5A64EE277AF2EE023AF0EEDC
:102B8400454AC7FEC77AB8EE087AC7FE877A27EEA9
:102B9400A77AE7EE234A37EE057A27EE277A87EEFF
:102BA400245AF7EE004A25EE0E5AF1EE007A9AED19
:102BB400078AB0EE087A5FED926AF3EE0B3ABAF840
:102BC400602065EEA77A8AED074AF2EE022AB0EE9B
:102BD400633AC7FEC77AB8EE087A29EE888AC7FE38
:102BE400877A27EEA77AAAEE048AA7EE223A37EE6E
:102BF400237A27EE277A38EE098AC7EE037A9AED0C
:102C04000B7ACAED0B5A67EE8E7AA7EEA48ADDED35
:102C1400017A5FEDA84A27EE877ADAED097AA8EE01
:102C2400A57ADAED085ACAED095A37EE2F7A77EE0B
:102C340005EA9DED057A29EE245A67EEC77A9DEDE3
:102C4400047A26EE249A6FEEA44A8AED0C5AE5EE35
:102C5400877A5FEDB75A8AED0D9ACAED0E4A37EEC0
:102C640086FA88FE666A86FE256A8AED066A8FFE03
:102C7400666ACEFEE66A86FE256AC6FEA56A8AED07
:102C8400086ACAED0A6A12B1013AAAF86020BAF8D1
:102C9400622012B1013AAAF86220F0EEC86ADAEDB5
:102CA400153A9AED163AB0EEEE6AF4EEE63A76EE9E
:102CB400E35AF0EECF6AF1EE10FAB4EEE63A36EEED
:102CC400C34ADAED176A54BFF0EE6A2AF0EE4B2AD3
:102CD400F1EE10FAF4EEC66AE5EEA23A54BFF0EE55
:102CE4006A5AF0EE4B5AF1EE10FA36EE666AA4EE2A
:102CF400253A54BFF0EE6A5AF0EE4B5ACAED153A33
:102D0400E6EE256A8AED163ACAED176A002D40F000
:102D14004D83B8F1000F40F04983DDED1A7AF4EEEB
:102D2400E73AF1EE10FA02DD01228AF86920DDEDBE
:102D34001A7AF4EEE76AF1EE10FA40F337830121D0
:102D44008AF86A10F4EEEC3A9AF8692002F001026B
:102D5400F1EE10FAF4EE6C6A58BF0022F1EE10FAAC
:102D640002D5002940F0FE8162B1BAF860204AB968
:102D74009FEDF06ADDED1B7AF4EEC67AF1EE10FAFF
:102D840000F3B182002D40F01582B0EE080ADDEDAB
:102D9400007AF1EE000AA8EE270A05F081FFB5EEED
:102DA400C00AF1EE10FA03D5F1EE006A30EE260AFD
:102DB400F0EE086AB4EEE60AF1EE10FA40F39283FC
:102DC400F1EE006A36EEC00A30EE480ADDED027A12
:102DD400F1EE000AA7EE808ADDED007AB0EE080A73
:102DE400AFEE270A05F05CFFB5EEC00AF1EE10FA6B
:102DF40003D5F1EE006A30EE260AF0EE086AB4EE6E
:102E0400E60AF1EE10FA40F36183F1EE006A36EE61
:102E1400C00A30EE4F0ADDED0F7AF1EE000AA7EE9C
:102E240080FADDED007AB0EE080AAEEEA70A05F0EE
:102E340037FFB5EEC00AF1EE10FA03D5F1EE006AE1
:102E440030EE260AF0EE086AB4EEE60AF1EE10FA65
:102E540040F32D83F1EE006A36EEC00A30EE6E0ABE
:102E6400DDED027AB0EE6E7AA7EE807ADFEDA56A28
:102E7400F3EE0B4AB0EE085A6FEE267AB8EE086A03
:102E8400F2EE025AF0EE676AECEE087AB0EE644AAB
:102E9400E7EE0C6A77EE877A76EE886A67EE8D7ACB
:102EA40026EE8D7AC7FEC57AC7FE867A67EEA76AD4
:102EB40087FE457AB0EE645A87FE067A27EE076AE3
:102EC400A6EEA55AA6EE254A76EEA46A36EE246A44
:102ED40066EEA76A26EE076AC6EE857A86EE047A5F
:102EE400B0EEE76AF0EEC76AB4EEED7A76EE866A83
:102EF400F1EE10FA7BEEA6BAC0F29182DFED826A9F
:102F040027EE267A87FE667ABDEEC77A17EE103A68
:102F14001AB2F4EEED7A26F8022FF1EE10FAC0F2AE
:102F240048829FED797A013467EE877A802CC7FE58
:102F3400C77AFDEEE77A17EE903A1AB227F8022F15
:102F440000F03E826307B0EE496ADAED0EFA9AEDBC
:102F54000C9A7FF4FFAD9AF86420F0EE0C7ADAED67
:102F64000A5A02F0070308EE903AF8EE688A78EEFF
:102F7400E78ADDED0E7A68EEA78ADDED037A25EEA9
:102F8400A70ADFED627AB4EEE70AF1EE10FAC0F2B6
:102F9400B582DFED5F7A20EE270AF5EE007A80FE37
:102FA400670ADDED037A9AED064A64EE279ADFEDAF
:102FB400577AF4EEE79AF1EE10FAC0F28482DFED6C
:102FC400547A69EEA79AF5EE007AC9FEE79A38EECC
:102FD400800A9FED50AA8DED074AF3EE09EA8DEDC4
:102FE400086AB0EE00FA20EE0A0ACDED065A05F0A2
:102FF400E5FDB0EE408A39EEE80ADDED0B7A28EE05
:10300400278A20EE0A0A05F0D9FDDFED437A9DED0B
:103014000D7AB3EE045A9FED416A88FE678A88FEF2
:103024002E8A68EE077A9FED3E7AF0EE408ADDED57
:103034000C5A88FE47AA8AFE05AA2AEE060ADFED84
:10304400396A68EEA58A9FED388AC7FEE67AC7FE1C
:103054008F7A80EE270A8DED015A05F0AFFDDFED82
:103064002E7AC8FEE78AC8FEAE8AF0EE409A2AEEAF
:10307400080A05F0A1FE9DED015A9FED286AB0EE05
:1030840040AA9FED277ADDED107AC8FEC7EACEFE8E
:1030940085EA68EEA77ADFED236A2EEE860A29EE2A
:1030A4008AAAC7FEE67AC7FE8F7A80EE270A05F061
:1030B40085FDF0EE408A2EEE880A05F07DFE69EE6D
:1030C400E99A68EEE87A9DED086A68EE808A9DEDDB
:1030D400074A3AEE0AAADDED065ACDED017A78EEFA
:1030E400A88AB8F1000F3FF43DADB9F1000F40F0EC
:1030F40098810A9B002B40F09481DDED094A9FEDF5
:103104000B5A52E5EC51383F00FEFF465D7491BF07
:10311400AE47613E1872313F00A00C46926595B8E7
:1031240000007A4600409C45926515390000000075
:1031340082A87B378FC2753C002C7FF4ABAA52EA7D
:103144000104DDF80090CDF828A040F093820A9B9A
:10315400002B40F08782049B7646009C43EA040AD5
:10316400FFF7A1BAA2B11FED0D6ADDED1B7ABAF823
:103174006010F4EEC67AF1EE10FACCBF0122002200
:10318400002914BF002202F00102002A40F0E48169
:10319400BAF86220002A7FF4F5AD1FED1A6ADDED5E
:1031A4001C7AF4EE467AF1EE10FA7FF7EBAD002DBF
:1031B40000F0D4801FED226A8BF00102F4EEC63ACF
:1031C40002F00102F1EE10FAB4EEC63A58BF002242
:1031D400F1EE10FA02F0010258BF00222AB1F4EE17
:1031E400466AF1EE10FA00F19E81B0EE080ADDEDB8
:1031F400117AF1EE000AA8EE270A05F051FDB5EEAA
:10320400C00AF1EE10FA03D5F1EE006A30EE260A98
:10321400F0EE086AB4EEE60AF1EE10FA40F32F81FC
:10322400F1EE006A36EEC00AF0EE486ADDED187A77
:10323400F1EE000AD0EE276ADDED127AB0EE080A4C
:10324400A7EEA68ADDED137AAFEE270A05F028FD76
:10325400B5EEC00AF1EE10FA03D5F1EE006A30EED5
:10326400260AF0EE086AB4EEE60AF1EE10FA40F32C
:10327400FA80F1EE006A36EEC00AF0EE4F6ADDED38
:10328400197AF1EE000AD0EE276ADDED147AB0EE79
:10329400080AA7EEA6FADDED157AAEEEA70A05F048
:1032A400FFFCB5EEC00AF1EE10FA03D5F1EE006AA8
:1032B40030EE260AF0EE086AB4EEE60AF1EE10FAF1
:1032C40040F3E980F1EE006A36EEC00AF0EE6E6A71
:1032D400DDED177AB0EE6E7AD0EE276ADDED167A60
:1032E400A7EEA67AC2E5002D7FF464AF2A46B8F1B2
:1032F400000F21D1B4EEEE8ADDED1E7A9AF864C097
:103304009AF8D90074EEA74AF1EE10FA1D9B8AF8D8
:103314006980CAED0E4ACCBF01210021FF28AAF81A
:10332400603041EA4C018AF8641005D09AF8D9104B
:103334000131C9B28AF8D910002A3FF426ADBAF88F
:103344006220002A7FF421AD5FED866ADDED1C7AF0
:10335400F4EEE67AF1EE10FA7FF717ADB8F1000F4C
:103364007FF413ADB4EEEE8ADDED1F7A9AF86400B3
:103374009AF8D91035EE275AF1EE10FA1D9B8AF807
:103384006A808AED0C5A4CBF01220022FF29AAF858
:10339400623042EA40028AF864203FF4F6AC9AF8BC
:1033A400D9200132D2B28AF8D920EEE49AF86A1010
:1033B400C8E40134BC4A802C27F8022F7FF4C2AD44
:1033C400209D00225046294602F0DEFE219C012267
:1033D4005046214602F0D8FE284602F0ADFE2046B3
:1033E40002F0AAFEDFEDB17AF7EE005ADAED356AA3
:1033F4006BEEA7BA9FEDAE6ADAED357A9FEDAD7A42
:10340400CBFEE5BACBFE86BA7BEEE6BAEBEE877A64
:10341400CAED357A27B0BDEC108BBDE8F08FA24A17
:1034240077E5F1EE007AB0EE087AB3EE0B5A64EE6B
:10343400277AF2EE023AF0EE454AC7FEC77AB8EEB2
:10344400087AC7FE877A27EEA77AE7EE234A37EE93
:10345400057A27EE277A87EE245ADDED094A25EE10
:103464000E5AFFF7A2BBF7EE006AB4EEE60AF1EEDD
:1034740010FA4CD4F0EE006A30EE660AFDE6F7EE80
:10348400006AB4EEE60AF1EE10FA3AD4F0EE006AFD
:1034940030EE660AC8E6F7EE006AB4EEE60AF1EE2C
:1034A40010FA31D4F0EE006A30EE660A0EE7F7EE59
:1034B400006AB4EEE60AF1EE10FA2ED4F0EE006AD9
:1034C40030EE660ACAE4FDEE009A80E5F7EE006A83
:1034D400B4EEE60AF1EE10FA1CD4F0EE006A30EE17
:1034E400660A96E4F7EE006AB4EEE60AF1EE10FA24
:1034F40016D4F0EE006A30EE660A65E4BDEE000A0A
:103504004FE5B1EE400A8FE6B1EE400ADEE6B1EED9
:10351400400AB2E6B1EE400A7BE4B1EE400A9DE413
:10352400B1EE400A50E40022CAF82C20CAF8282040
:10353400CAF82420CAF82020CAF81C20CAF8182087
:10354400CAF85C20CAF85820CAF8542000228AF825
:103554006A208AF8692048E6002D7FF42BAEC6E67F
:10356400209B13B1184602F0E7FD219B002B3FF48A
:1035740051AF184627B0BDEC108BBDE8F04F02F0F8
:10358400DBBD00248BF86920CBF83040FFF793B8FB
:103594000024CBF83440FFF79DB80A9B00248BF835
:1035A4006A30CBF83840FFF78EB8029B002B7FF4CB
:1035B400A6A8DBED0F7AF5EEC07AF1EE10FA7FF6ED
:1035C4009EA8019B13B9049B002B46D09BED120AC5
:1035D400CDED0B7AFFF79FB8029BDBB14FF00009EA
:1035E400FFF7A2B8029B002B7FF495A8DBED107ABD
:1035F400F5EEC07AF1EE10FA7FF68DA8B0EE67FA18
:103604009BED13AABEF1000F7FF48EA8009B002B44
:103614007FF48AA8DBED117AF5EEC07AF1EE10FAA8
:10362400DCD9DBED14CA4FF00009CDED0C7AFFF7BD
:1036340081B89FED1F9AAA468BF869508BF86A509F
:10364400B0EE496AF0EE496A01258BED0C9A8BEDD8
:103654000E9A8BED0D9AFFF74DB89BED120ACDED46
:103664000B7AC3E7AA4675B1029B564650460A93A5
:10367400FFF71AB853464AEA0206A2461843029BC9
:103684000A93FFF710B80A9E01209BED0C9A754629
:10369400B246DBED0E6A9BED0D6A8BF86800CDF83F
:1036A40028E0FFF72CB800BF0080FFFF0000803B3C
:1036B400000000008FC2F53D2DE9F04F4A4C002177
:1036C4004A4D03462268056001610181C160002AF8
:1036D40000F0888011465269002AFBD14B614449AD
:1036E4004FF0000C434A0024196003F16C0842496E
:1036F40002F10C0702F11805C3F818C0996403F12C
:103704007806D964B5EE007A196503F1BC0EC3F8E6
:103714001CC05C609C725C61C3F820C0C3F824C008
:10372400C3F828C0C3F82CC0C3F830C0C3F834C0F1
:10373400C3F838C0C3F83CC0C3F840C0C3F844C0A1
:10374400C3F854C0C3F858C0C3F85CC0A3F86840B9
:1037540083F86A40DFED297ADFED295A9FED296A63
:10376400DFED296A07CAC3E9184488E8070097E827
:10377400070086E8070095E80700C3ED235A83EDA8
:10378400276AC3ED286AC3ED217AC3ED227AC3ED1B
:10379400257A83ED247A83ED267AC3F8A4C0C3F88E
:1037A400A8C0C3F8ACC0C3F8B0C0C3F8B4C0C3F871
:1037B400B8C08EE80700C3F8D4C01846A3F8D840B0
:1037C400A3F8D04083F8DA40C3E93244A3F8DB40DD
:1037D40083F8DD40C3F8E040C3F8E440C3F8E840B0
:1037E400BDE8F08F20607AE7301E002090060020AC
:1037F4009C060020C805002052B81E3F6666E63EBF
:10380400CDCC4C3EEC51383ECDCC4C3F30B4134D76
:103814000023AC4602E00133302B11D09CF8084061
:103824000CF10C0C002CF6D103EB430305F8230038
:1038340005EB8305012369706A602B7230BC704705
:103844004B1E020448F208001B0202F4FE0203F4B9
:103854007063134330BC184304F0D2BC68120020D8
:103864002DE9F041114B48F20806114C0025D3F81C
:10387400008004F51077237A93B16368A8EB0303FF
:10388400002B0DDB6078237801381B04000203F45D
:10389400FE0300F470601843304304F0B1FC257259
:1038A4000C34BC42E7D1BDE8F08100BF4C250020B8
:1038B400681200201C4B2DE9F04F1B6883B01B4D90
:1038C4004FF000084FF0E02A4FF04009184F0193E1
:1038D400184B0021CAF88891434493F8D82083F800
:1038E400D810541ECAF80891E4B2A2B1019B03F1A6
:1038F4001E0695F800B0013C4FEA0B40E4B200F418
:10390400FE00384304F07CFC324601215846FFF7A0
:103914007DFFFF2CEDD108F101080135B8F1030F4B
:10392400D6D103B0BDE8F08F4C2500204010002014
:1039340009900064B023002038B51A4B44F6206186
:10394400194C172298424FF0010528BF1846174B0F
:1039540088421A7038BF0846206003F0C7F923680C
:10396400134A144CA2FB03231349144A00EB13100B
:103974002378157008603BB14FF60F0004F040FC4B
:10398400BDE8384004F044BC4FF60F2004F038FC86
:103994004FF60F00257004F033FCBDE8384004F006
:1039A40037BC00BF809698006412002016270020C0
:1039B400ABAAAAAA1A2700206423002017270020F4
:1039C400154B44F61F621968914210B503D91A6861
:1039D400124B9A4215D900241149124B0968124A14
:1039E4000B44934201D9204610BD03F07FF90F4ADE
:1039F4000F4B1268801A984298BF44F00104204685
:103A040010BD03F073F90B4A094C1268801AA042E6
:103A14008CBF00240124DFE7E42200208096980074
:103A2400F8220020E0B1FFFF60489800F422002053
:103A3400FF2C3101E0220020964AB5EE007ADFED3A
:103A4400966AF7EE004A954B9FED956A30B52DEDD9
:103A5400028BD2ED038A83B0924CE8EE876A93ED31
:103A6400007AD4ED007A37EE247A67EEA75AA6EEF0
:103A7400E57AF0EEC76AF4EEC66AF1EE10FA00F3E6
:103A840081809FED895AB5EEC07A9FED884AC6FEC3
:103A9400E46A874DA8EE854A84ED007A2C88F1EE1D
:103AA40010FA9FED846A4FEA543CDFED835ADFED50
:103AB400833A8CEAD43CE6EE865A67EE847ADFEDEC
:103AC400806A9FED806AC7FE666A92ED055AC3ED6F
:103AD400007ACCBF0123002327EE866AC6FEA36AC0
:103AE400C5FEE45A83EA0C0303F0010343EA4403EA
:103AF4009BB22B809D077DD14FF0020C9FED727A13
:103B0400B4EEC75AF1EE10FA65DD4CF0010CF3EE99
:103B1400004A9FED6E5AB0EE087A6D4BF4EEC57A0A
:103B2400A8EEA47AF1EE10FA67EE266AC3ED006AF5
:103B34004EDBDFED637AC6FE677A664B67EE877A03
:103B4400654C93F800E0C4ED007A4CEA0E0C634C2B
:103B54009FED637A83F800C0624BD3ED007AC7FE11
:103B6400877AC7FEA57AC3ED007A23780B435E49B2
:103B7400237009685D4B1960002843D103B0BDEC84
:103B8400028B30BD4A4DDFED5A6ADFED5A7AC4ED3F
:103B9400006A2C88C3ED007AE30B92ED055ADFED41
:103BA400565A83EA54339FED556ADB4303F001030D
:103BB40043EA44039BB29C072B809DD09FED427A3D
:103BC400B4EEC75AF1EE10FA51DD4FF0050C9EE742
:103BD400DFED3A7AB1E7B2EE007AC3F3421325EE91
:103BE400075ABCEEC57A8DED017A9DF804409C42DB
:103BF4008DD98AE7B5EEC07AF1EE10FADEDC4FF02B
:103C0400040C7BE792ED000ADFED3D7A20EE670AB3
:103C140004F0D4FF4FF47A70B0EE408A02F064FDF1
:103C24009FED386A06EE900A9FED377AF6EE007A39
:103C3400F8EE666A354A28EE877A354B28EE068A0E
:103C4400E6EE877ABCEEC88AB8EE488AC2ED007AFE
:103C540028EE278AFCEEC87A17EE900AC3ED007AA4
:103C640003B0BDEC028BBDE83040FFF765BEB2EE99
:103C7400007AC3F3421325EE075ABCEEC57A8DEDE4
:103C8400017A9DF804C09C458CBF4FF0050C4FF0A1
:103C9400010C3CE7281000203333933F2010002010
:103CA400CDCCCC3F1C100020EC51B83DAE47613E5A
:103CB4002A1500203D0AD73E8FC2F53E9A9999BF36
:103CC4009A99993FCDCC0C4052B81E3FE9A20BBF44
:103CD40050220020232700205422002024270020E3
:103CE40000000000582500204C2500205C25002001
:103CF4007B142E3EAE47E13D8D280D3FD9CE773E55
:103D0400401D3D40007C124A0BD7233B2410002069
:103D14004C220020214B1B785BB9214B1B784BB103
:103D2400204B47F22F5220491B6809685B1A9342C3
:103D340000D870471D4B1B78EBB910B51C4C236899
:103D440083B91C4BDFED1C7A93ED000A20EE670A61
:103D540004F034FFDFED197A20EE270ABCEEC00A26
:103D640084ED000A02F0C2FF154A21681368C01AE4
:103D740088420AD210BD0B4B47F22F5211491B68DF
:103D840009685B1A9342D8D870470B44012000217C
:103D94001360BDE81040FFF74FBE00BF212700208D
:103DA400192700204C25002068230020122700201A
:103DB4004C22002028100020401D3D40007C124A67
:103DC40058220020482300202DE9F04F0022AE4C59
:103DD400AE4BAF4D1B68DFF828B32DED068B85B0D5
:103DE4009FEDAC9ADFEDACAA009222689FEDABAADE
:103DF400D31ADFEDAB8A9FEDAB8AB3F5617F0293F3
:103E0400DFEDA99A94BF002301230193002004F05D
:103E1400A5FA38B3A54B1B78F82B42D09A1DD2B221
:103E2400012A40F28880902B00F0CB80802B00F098
:103E34002081B02BEAD19E4B1B784A2BE6D19D4BB7
:103E440000201B7807EE903A9B4BF8EEE77A67EE7A
:103E5400897AC3ED007A994BC3ED007A04F07EFAB7
:103E64000028D7D12B7843B1954B1A6823689B1A45
:103E740047F23052934200F263819BF8003053B111
:103E8400904942F6E062236809685B1A934202D9BA
:103E940000238BF80030009805B0BDEC068BBDE81C
:103EA400F08F2B7873B9864B226801261A602E7026
:103EB400FFF786FD0146002800F04A81824B00226C
:103EC4001A70A3E77E4B47F22F5122681868121A22
:103ED4008A42E9D8226801271A602F70FFF770FD23
:103EE40006460028EAD1794B22681F70DFF8ECA15E
:103EF400774BDFF8EC91DFF8EC81764F1A6002F033
:103F0400F5FEC9F80060CAF8000088F800603E7049
:103F140002F0ECFE6C490022CAF800000B78C9F8E4
:103F24000020013388F800203A70DBB2172B00F22E
:103F3400E9800B706AE7644B00212268012719703D
:103F44005F4B2F701A60FFF73BFD064600287FF495
:103F54005DAF5E4B4FF0E02822684FF040091F70C0
:103F64005B4B5D4F1A6002F0C1FE5C4B3146226828
:103F7400186007F118005A4B1E605A4B1E70554BBF
:103F84001E70594B1E70594BC3ED008A584B1E705E
:103F9400584B1A605422C8F8889105F04BFD5D23F4
:103FA40087F8D86087ED128A87F8D96087F8DA60D5
:103FB400C8F8089187ED138A87ED148A87F864306E
:103FC40024E73B4B1A783B4B93F80080B8F1000F81
:103FD40000F00781019B002B00F0FF802F78384B05
:103FE40047B1276847F22F5118683F1A8F428CBF98
:103FF4000027012721684FF0010919603E4B216811
:104004001A70304B85F800908BF800901960FFF718
:10401400D7FC064600287FF4F9AE2C4B226883F8BF
:1040240000902B4B1A6002F061FE2C4B18602C4B55
:104034001E602C4B1E70274B1E70002F00F0D98081
:104044002E4B187800287FD007EE908AB0EE4A7A7B
:10405400264BF8EE676A244AF7EE007AA6EEAA7AAF
:1040640087FE677AD3ED007AC7FEA87AC7FE877AFF
:1040740057E0214B1A780E4B1B789A427FF4C6AE58
:1040840000238BF80030C1E64C2500204425002095
:10409400192700200402013CD2B5A73B3333B33EB9
:1040A4000000000052B81E3FEC51383F302700207A
:1040B4002E2700202F2700204C100020481000201D
:1040C400682300206C2300201527002012270020DD
:1040D4004823002016270020B02300205822002067
:1040E4004C220020172700202327002058250020D9
:1040F400242700205C2500202D15002021270020E6
:1041040018270020029B0A70B3F5617F7FF67EAE0C
:104114004C4B1878C0B14C4B4C4AD3ED007AC7FED7
:10412400A97AC3ED007A137843F0070313700122D0
:10413400474B1A70474B22681A600723009365E6C1
:10414400454B2870187098E60121FFF775FC5DE671
:10415400424B22681E70424B03911A6002F0C6FD66
:1041640003994023394AD4F800C01170364A3D4EB1
:10417400C2ED008A364ADFF8F8A01170354ADFF83C
:10418400F490C2F800C04FF0E022DFF8EC80364F24
:10419400CAF8000006F11800C9F8001088F80010E9
:1041A4003970C2F888315422039105F043FC039915
:1041B40040234FF0E02286ED128A86F8D81086F864
:1041C400D91086F8DA10C2F808315D2386ED138A17
:1041D40086ED148A86F864309AE6B8F1000F7FF40D
:1041E40015AE224B1B7893427FF410AE8BF80080FF
:1041F4000CE6164B4FF0E0291A4E4FF0400A1F70A0
:104204003946114B06F118002268C3ED008A104BA1
:104214001F70104B1A605422C9F888A105F00AFCDB
:104224005D2386F8D87086ED128A86F8D97086F8F0
:10423400DA70C9F808A186ED138A86ED148A86F827
:104244006430FDE621270020582500202327002084
:10425400242700205C250020152700201227002099
:1042640048230020B0230020162700202D1500200D
:10427400582200204C220020172700202DE9F0416D
:104284005B4E80465B4C0E20771D25462DED068B3C
:10429400B7EE008A9FED58AADFED589A9FED589A21
:1042A400DFED588A01E016F8010F02F087FA07EEF5
:1042B400900AF0EE486AF8EEE77AB0EE697AF4EE26
:1042C400CA7AE7EEC96AF1EE10FA01D886FEC87A16
:1042D400D5ED007ABE4237EE677AE7EE287AE5EC50
:1042E400017AE0D1484B1A78002A69D14749012262
:1042F40081F800801A70B8F1000F77D14449454B1A
:10430400454A0978002908BF1346444903F11805B2
:10431400434A0026DFED436A11F8010B94ED007A5D
:1043240060B1D2ED007A77EE677AF0EEE77AF4EED8
:10433400E67AF1EE10FA03D401F8016C83ED007A09
:10434400043304340432AB42E6D10A20DFED2C9A64
:1043540002F034FA07EE900A334BB7EE009AF8EE07
:10436400E77ADFED268A93ED007A16209FED2F8AF7
:1043740067EEA97AC7FEC97AC7FEA87A77EEC77A2C
:10438400A7EE887A83ED007A02F018FA07EE900A15
:10439400274B284AF8EEE77A93ED007A67EEA97A7C
:1043A400C7FEC97AC7FEA87A77EEC76AC2ED007A5B
:1043B400A6EE887ABDEC068B83ED007ABDE8F08129
:1043C400124A1378434596D0144B0A4E82F8008063
:1043D4004FF00132124D1A609A800FCE0FC596E845
:1043E400030085E80300B8F1000F87D0124B8CE777
:1043F40070060020BC240020FFEF7F450000000071
:10440400010880399A99993D1B2700201427002020
:1044140021270020FC140020281000209C240020C8
:10442400A4240020BC74933C441000200AD7A33C6D
:104434004C10002048100020A81400202DE9F84F4B
:1044440072B6934B002293491C780D68E4B21A703B
:1044540062B6914F3B787BB3904ADFED917A92ED4F
:10446400007AB4EEE77AF1EE10FA17DD002C39D1B8
:104474001C4600268B4DD5ED007A9FED8B7A3C705F
:10448400F4EEC77AF1EE10FA42D49FED887A304602
:1044940067EE877AC5ED007ABDE8F88F844ADFEDD0
:1044A400857A92ED007AB4EEE77AF1EE10FADDDC6B
:1044B400002CDED0002415E0784BDFED7F7A93EDFD
:1044C400007AB4EEE77AF1EE10FA09DC784BDFED0E
:1044D4007B7A93ED007AB4EEE77AF1EE10FAE7DD39
:1044E400002C5AD0764B774A2B44DFF8348293421F
:1044F400A84412D9744B1E78002E77D1734B98457B
:104504002AD9684D002CB6D03C78002CB3D146E0B3
:10451400002330462B60BDE8F88F6D4B0122DFF895
:1045240004921A70D9F800206A4B1A6002F0DEFB7C
:10453400654B694A197800231060684A1360684A19
:104544001370684A1370002952D108460E46FFF7CB
:1045540073FA5E4B984508D8634B28461D60634B3D
:104564001A68634B1A60FFF7E7F9624B624A2B44FF
:104574009342C6D807EE905A9FED606AB7EE007A70
:10458400484DF8EEE76AC6EE267AC7FEC77AC5ED4F
:10459400007A002C3FF46FAFB6E72646414DDFF8B2
:1045A40088A102F0A3FB0446DAF80030A0EB03086C
:1045B400B8F57A7F30D9424B424A4344DFF860B1C0
:1045C4009342C3443ED9404BDFF858911B782BBB30
:1045D4004B4BD9F800201A603C4B9B454ED9494BB4
:1045E400CAF800400124C3F8008044E7DFF834919E
:1045F400454B0726454AD3ED007A9FED457AD9F815
:104604000010C7FE877AC3ED007A137843F00703DE
:104614001370404B19609CE701242CE73A4B0726A2
:104624003A4AD3ED007A9FED3A7AC7FE877AC3ED12
:10463400007A137843F007031370D9F80020354B40
:104644001A60C5E7224B0122DFF8D8901A70D9F816
:104654000020204B1A6002F049FB1B4B1E4A1978BC
:10466400002310601D4A13601D4A13701D4A137005
:104674000029D3D10846FFF7DFF9A9E7264B4046C6
:10468400C3F80080254B1C60FFF756F9A7E700BF6D
:104694000C270020E42200200D27002048100020D1
:1046A400BC74933CE82200201933C53B643B7F3F34
:1046B4004C100020295C0F3D8FC2F53CCDCC4C3D05
:1046C40078ECFFFFF88298002127002060489800CA
:1046D4001227002048230020582200204C220020CA
:1046E4001727002016270020EC220020E0220020BB
:1046F400F0220020EFD8FFFF6E6F9800005043486F
:10470400FC220020F8220020582500202327002026
:10471400AE47613F5C2500200023002004230020D5
:10472400E0B1FFFF4C250020F4220020F0B4114C2E
:1047340023787BB1104E114D32682F68D21B182A92
:1047440015D933680E4A2B600023237000241460AB
:104754000C4A137001430C4B01F00100C1F34002F9
:10476400C1F3800118705A709970F0BC70471943F6
:10477400F0E700BF232700204C2500205C25002003
:1047840058250020242700204C23002070B50E4615
:10479400002840F00081AD4B1D78002D40F0A7802B
:1047A400AB4CDFEDAC1A9FEDAC1ADFEDAC0A94ED27
:1047B400010AFDF72BFEF0EE407ADFEDA61A9FED1D
:1047C400A61ADFEDA60AC4ED017A94ED020AFDF7FC
:1047D4001DFEF0EE407ADFEDA21A9FEDA21ADFED86
:1047E400A20AC4ED027A94ED030AFDF70FFEF0EE7F
:1047F400407ADFED9B1A9FED9D1ADFED9D0AC4ED13
:10480400037A94ED040AFDF701FEF0EE407ADFED41
:10481400941A9FED981ADFED910AC4ED047A94ED91
:10482400050AFDF7F3FD42F2107184ED050A2846EE
:1048340001F090FF07EE100ADFED8F6A42F210716B
:10484400B8EEC77ADFED8D7A8D4B2846E7EE267AEF
:10485400C3ED007A01F07EFF07EE100ADFED896AEE
:10486400DFED897A4FF6FF71B8EEC77A874B0120E6
:10487400E7EE267AC3ED007A01F06CFF4FF07E522A
:104884008349844B08801A60834D022095F90040C7
:1048940001F02AFF814B013444FA80F083FB0023AA
:1048A400A3EBE07303EB4303C01A28707C4B4FF077
:1048B40001327C4D7C4C1A609A800FCD0FC495E870
:1048C400030084E803008EB1604B1B7873B9774B07
:1048D4001B78002B00F0B380754B47F22F527549BB
:1048E4001B6809685B1A934200F2A98070BD724C80
:1048F400DFED581A9FED581ADFED580A94ED000ABF
:10490400FDF784FDF0EE407ADFED521A9FED521A66
:10491400DFED520AC4ED007A94ED010AFDF776FD4D
:10492400F0EE407ADFED4B1A9FED4B1ADFED4B0AA8
:10493400C4ED017A94ED020AFDF768FDF0EE407AC9
:10494400DFED471A9FED4B1ADFED470AC4ED027AFB
:1049540094ED030AFDF75AFDF0EE407ADFED401ABC
:104964009FED441ADFED400AC4ED037A94ED040A86
:10497400FDF74CFDF0EE407ADFED391A9FED3D1A5C
:10498400DFED390A94ED050AC4ED047AFDF73EFD26
:1049940084ED050A78E7494CF5EE001A9FED331AC9
:1049A400DFED470A94ED000AFDF730FDF0EE407AA2
:1049B400F5EE001A9FED2D1ADFED410AC4ED007AE1
:1049C40094ED010AFDF722FDF0EE407ADFED241AA2
:1049D4009FED3C1ADFED3C0AC4ED017A94ED020A26
:1049E400FDF714FDF0EE407ADFED1D1A9FED371A46
:1049F400DFED370AC4ED027A94ED030AFDF706FDF4
:104A0400F0EE407ADFED131A9FED321ADFED2E0A35
:104A1400C4ED037A94ED040AFDF7F8FCF0EE407A55
:104A2400DFED2D1A9FED2D1ADFED270A94ED050A0F
:104A3400C4ED047AFDF7EAFC84ED050A36E70021AB
:104A4400BDE870400846FEF7F7BF00BF21270020ED
:104A540028100020AE47613EF6285C3F8FC2F53D2A
:104A64008FC2753E48E17A3FEC51383E1F856B3F5B
:104A7400CDCC4C3D8FC2753FB5FE1639EC5138BFD5
:104A84001C1000208AE16A38295C8FBE20100020A7
:104A94002A150020241000201027002056555555B3
:104AA4009C240020BC240020A424002012270020E1
:104AB4004C25002048230020FC140020A8140020CA
:104AC4000AD7A33CAE47613F00000000D7A3703F64
:104AD4000AD7A33D14AE473FCDCC4C3EEC51383FF2
:104AE4002DE9F0410446082002F054F9494AB0FA8D
:104AF40080F3014615785B099D4273D0464D1370CF
:104B04002868464A10602A68121A162A05D8444BA7
:104B14001B78002B42D1BDE8F081414E32789A4295
:104B2400F7D03370002961D12B683E4A3E4E1360A2
:104B34003170002C34D12A6840F6B831D31A8B4234
:104B4400E9D93A4A4FF0E027394C4FF0400813783E
:104B540083F00103137002F0C9F8364B00214FF0C3
:104B64007E52186004F11800334B1960334B1A60FD
:104B74004FF00132324B1A6040F201129A805422F3
:104B8400C7F8888104F056FF2E4B5D22C7F80881D0
:104B9400A364E364236584F864201AE03CB1214AE9
:104BA400116842F210722B685B1A934230D81E4E81
:104BB4003378002BAFD11B4A2B6812689B1A40F63E
:104BC400B8329342A7D9002CBBD001210846FFF785
:104BD400DDFD01231C4829681C4A337003701160F1
:104BE400BDE8F0810D4A0C4D10688CE70E4B1B7824
:104BF400002B90D101212046FFF7C8FD124A012164
:104C0400337811702968114A1160002B83D0C5E7ED
:104C140005F04EF9132700204C25002028230020FE
:104C240011270020302300200F27002021270020F7
:104C3400B0230020582200204C2200202410002001
:104C44009C24002052B81E3F0E2700202C23002055
:104C54002DE9F04F4F4E68224F4904462DED108B3D
:104C640083B002F06DF996F80080B8F1000F0DD012
:104C74004A4B47F22F524A491B680968A3EB0108C3
:104C840090458CBF4FF000084FF00108DFF84CA1AD
:104C9400444BDAF800201344434A934240F216820C
:104CA4003E4B424A1B6812689B1ADB2B68D89FED67
:104CB400408A404D3B4B29683B4A0B44934240F2A7
:104CC400FB813D4BF6EE006AB0EE007AD3ED007A3C
:104CD40077EEE67AA7EE878A384BF6EE007ADFF8AD
:104CE400009193F9003099F8007028EE278A08EEB5
:104CF400903AF8EEE88A8FB933787BB1274B284A8B
:104D04001B6812689B1A47F22F52934206D82C4B09
:104D1400DFED27CA1B7809EE903A73E02A68214B2D
:104D24001344214A93425DD9DAF800201D4B134401
:104D34001D4A934240F2E881224B1B78002B59D044
:104D4400164B214A1B6812689B1A42F6DF62934293
:104D540050D81B4B9FED1D7A1B789FED1D0A09EE61
:104D6400903AF8EE697A77EEC77A27EE800A03F074
:104D740025FFDFED187A99F8007060EE27CA41E04C
:104D8400154BF6EE007A93ED008A38EE678A38EE1A
:104D9400088A8EE712270020EC0500204C2500200D
:104DA40048230020E0B1FFFF60489800FC22002067
:104DB40000000000E42200204410002010270020FE
:104DC4002D150020182700206C23002000008A42A3
:104DD40020986C3D0000DC434C100020F822002099
:104DE4002127002001F082FFD44B1B68C01AD44B4A
:104DF400984299D8D34B99F800701B78DFEDD2CA4A
:104E040009EE903ADFF8AC93FAEE087A9FEDCF7A88
:104E140038EE288A99ED02EAF6EE006AB0EE679A57
:104E2400D9ED01DAEEEE077ADFEDC98A3DEE8EDACE
:104E34009FEDC8AAADEE879A9FEDC7BAF8EEE99A3E
:104E4400D9ED00FA28EE280AC44E2DEE26DA4FF0EA
:104E5400000BB0EE67CADFEDC27ADFF85CA379EE2F
:104E6400E79AB8FE499A03F0A9FEB8FE4C8ABD4BF6
:104E740028EE0A8A29EE0A9ADFEDBB7AD9ED04BA44
:104E8400F0EE40AAD3ED00EAB84BABEEA7BA29EE98
:104E9400289A9FEDB7CA68EE287A93ED00FACDED13
:104EA400017AF5EEC0CAF1EE10FA40F3B080B14BCE
:104EB4005D4603EB8B0393ED000A39EE800A20EE86
:104EC4000A0A20EE280A03F079FEDFEDAB7A20EE21
:104ED400278A002F00F0A6802AEE880A04EB8503B7
:104EE400B3EE097AD6ED037A80FE4C0A80FE070AF7
:104EF40083ED000A04EB85039FEDA07A0BF1010B0F
:104F04000436C3ED037A20EE070A03F0EDFEB2EE99
:104F1400086ADFED937ABBF1030FDFED996AE0EEE7
:104F2400067A9FED897AF8FE677AC7FEE67AC7FEAD
:104F3400877AFCEEE77A17EE903A0AF80530B0D19A
:104F4400002F40F09D808F4BDFED8F7A99ED036A3F
:104F54006BEEA7BAD3ED024A9FED8C4A9FED8C7A93
:104F6400DFED8C7A26EE077A9FED8B5A26EE046AE3
:104F7400DFED8A6A64EEA77AD3ED045A6BEEA66A73
:104F840093ED014A65EE855ADA68C7FE867A93ED99
:104F9400005A93ED056A87FE247A85FE2B5AC6FED5
:104FA400846A84ED065AC4ED076A84ED087AC4ED78
:104FB400097AA262C4ED0B5A79497A4B09787A4886
:104FC40084F865106063197C9868784AA06384F853
:104FD4005C10D86993F82410E06384F85D10186BB2
:104FE40093F83810138820642046A4F85F3093782F
:104FF40084F8637084F8648084ED0C6A84F85E102D
:1050040084F8613003B0BDEC108BBDE8F08F2FB392
:105014005D4696ED000AFCF75DFFB0EE408A002F76
:105024007FF45AAFBBF1020F6BD0B0EE6E0A20EEE4
:105034000A0A20EE280A03F0C1FD20EE080AB3EEA6
:10504400097A04EB8503F0EE4B7A20EE2A0A80FEFF
:105054004C0A80FE070A83ED000A4BE7B8F1000F03
:105064003ED0B0EE6F0A5FFA8BF5FCF733FFB0EE7B
:10507400408ABBF1000F51D0022D3CD05D46D4E7ED
:10508400404BB0EE476A84ED067A1A6884ED077ADD
:1050940062645A6884ED087AA2649A6884ED097A95
:1050A400E264DA6884ED0A7A22651A695B6984ED40
:1050B4000B7A6265A3657FE701F018FE1F4B1B683E
:1050C400C01A1F4B98427FF607AEFAE501F00EFEB8
:1050D400374B1B68C01A1A4B98427FF6E8ADDFE5E0
:1050E4005FFA8BF5BBF1000F20D0022D22D0B0EE79
:1050F4004D0A5D468FE79DED010A03F05FFD28EE42
:10510400008AB0EE4F0A92E701F0F0FD284B1B68CD
:10511400C01A0B4B98427FF66DAE0DE6B0EE490A0D
:105124005D4603F04BFD28EE008A7EE7B0EE6D0A83
:105134005D4670E7B0EE4E0A6DE700BFE022002046
:105144007FC3C9012D15002000000000000010429B
:105154001872313FABAAAA3D8FC2F53EFC14002061
:1051640000008A42502200207B14AE3E54220020CC
:1051740000A00C46AC0600200000DC4309F2143BFE
:105184000000FE42A8140020EC51383F8FC2753E47
:105194003D0AD73E295C8F3E1F856B3F52B85E3F68
:1051A40024270020C014002085EB513F4C2300200D
:1051B400F42200202810002040100020F0B5022125
:1051C4000120894C2DED048B9BB001F0F5FD0221EB
:1051D400082001F0F1FD00210A2001F0EDFD00217D
:1051E400162001F0E9FD01F081FD804B0322804986
:1051F40018600A201B68236001F018FE01210220B8
:1052040001F0DAFD0121032001F0D6FD0121042083
:1052140001F0D2FD0121052001F0CEFD012106207F
:1052240001F0CAFD0121092001F0C6FD0C2001F0A6
:105234001DFB042001F04AFB082002F095F80E2023
:1052440001F0BCFA044601F051FD80EA044001F08B
:1052540045FA4FF0FF31674800F02EFA4FF0FF3166
:10526400654800F029FA4FF0FF31644800F024FA51
:10527400634B0022002103F13C005A60143343F8CD
:105284000C1C43F8081C03F8042C03F8032C03F843
:10529400022C8342F1D15B4A0E205B4D5B4B5C4C8C
:1052A40012785C4E671D9FED5C9A002A08BF1D466C
:1052B400DFED5A8A9FED5A8A01E014F8010F01F0DC
:1052C4007DFA07EE900AF7EE006AF8EEE77AB0EEA0
:1052D400687AB0EE666AF4EEC97AA7EEC86AF1EEAF
:1052E40010FA01D886FE667ABC42A6EC017AA5ECD7
:1052F400017AE2D116209FED4A9A01F05FFA07EE97
:10530400900AF7EE008A9FED458AF8EEE77A454E5B
:10531400454B0A20454C4FF0E02567EE897AC7FEDD
:10532400E87AC7FE887AC6ED007AC3ED007A01F008
:1053340045FAD6ED006A07EE900A9FED3D7A4026C5
:10534400F8EEE77A3B4AF4EEC76A3B4B18213B4838
:1053540067EE897AF1EE10FAC7FEE87AC7FE887A1A
:10536400C2ED007ACCBF012200221A7004F098FD2D
:105374005422002104F11800C5F8886104F05AFB96
:105384002F4BC5F808616846A364E36423655D2375
:1053940084F86430FFF75CFC6822694604F16C0011
:1053A400C5F8886101F0CCFDFF210220C5F8086131
:1053B40001F0BCFE0021032001F0B8FE002104200E
:1053C40001F0B4FE0021052001F0B0FE002106200A
:1053D40001F0ACFE142109201BB0BDEC048BBDE828
:1053E400F04001F0A3BE00BFF4220020E022002020
:1053F400290100005C22002088220020B422002021
:10540400C014002021270020FC14002028100020B4
:1054140070060020BC240020FFEF7F450000000040
:1054240001088039481000204C100020B0230020CF
:105434008FC2F53C441000200D27002000002020DE
:1054440052B81E3FF0B59BB0244EFEF7BDFC044697
:10545400FEF706FAFEF72EFA012001F09BFC204A23
:105464003368A0F101051268B5FA85F59B1A6D0938
:10547400052B01D9FCF7EEFE2846FEF7FFFEFEF7EA
:10548400DDFF2043C4B2FEF745FC164B1B780BB17D
:10549400FCF752FD28464027FFF722FB2146002057
:1054A4004FF0E024FFF742F96846FFF7D1FB68228A
:1054B40069460D48C4F8887101F042FD0B4AC4F8EE
:1054C4000871336812689B1A0B2B05D928461BB048
:1054D400BDE8F040FCF760BD1BB0F0BD4C250020DA
:1054E40054250020172700201C24002060230020BE
:1054F40010B5172282B00B21384800F09DF8002225
:105504000B21374800F098F818220B21354800F099
:1055140093F83548FEF7D0F834490023344C0A4652
:105524003448CB6042F8184B4FF400748B61CB6164
:1055340003680A610C81002B4DD01A465B69002B6D
:10554400FBD1516100242C4B28484C614C608C7277
:105554000B6000F0BFFC294800F046FE234B2246B6
:1055640000942149254800F0B3FE254A25492348E3
:1055740003F01EFB244800F037FE01221B4B00926F
:105584001949214800F0A4FE1D4A1E491E4803F093
:105594000FFB1E4C01F0AAFB1D4B1E4A196820602C
:1055A40011601C681C4819681C4A046011601C685E
:1055B4001B4819681B4A046011601C681A48196862
:1055C4001A4A04601160186819491A68194B08606E
:1055D4001A6002B010BD0160B4E700BF5C22002075
:1055E40088220020B4220020B023002008230020B9
:1055F40090060020301E0020A806002088230020EA
:10560400040C0020054600009C23002058220020A2
:105614004C25002054250020FC2200206C2300206F
:105624005C25002028230020302300202C23002088
:105634006023002044250020F8B528291B4B4FF493
:105644009B770D46164604464FF00101C0E90273EC
:105654002CBF4FF0FF330123282A44F6206228BFD1
:105664004FF0FF3302610360284601F0A5FB30468A
:10567400002101F0A1FB2846002101F061FB0C4B45
:105684002A0103EB05159958EA68C4E90721320198
:1056940003EB061698586FF07042064BF1681B68CE
:1056A40062606361C4E909102046F8BD50C4620118
:1056B400280700204C25002001617047F0B472B621
:1056C400856A3249D0E90736C6F888306B68426A81
:1056D40023EA02036B606B68426A13436B602C4BD2
:1056E400476AC5F888704C681A682A4BA3FB0232D3
:1056F400920C02EB820252004B681B1B9A42FBD8AD
:105704006B6823EA07036B60C369C6F8843062B62A
:10571400D0E90954C168A3682B42836905D006E027
:1057240001338361A2682A4201D19942F8D899428F
:1057340023D372B6D0E90923046AC3F884205968D4
:105744000A435A60416AC3F884105A6822EA010283
:105754005A60C369C4F8883062B6D0E90945C168A3
:10576400AB681C42836904D10BE08361AA682242BE
:1057740007D0994203F10103F7D86FF00100F0BCA0
:1057840070479942F9D90120F0BC7047001000E03D
:10579400F40B002083DE1B4370B500240D468461A6
:1057A400002936D003680646A34239DB304601346B
:1057B400FFF784FF0028E4B22DDBA542F6D11C4993
:1057C400B36970680A688342D6E904548CBFA3EBBA
:1057D400000CA0EB030C121BAA4215D907EE900A89
:1057E400B8EE677A9FED106BB7EEC77A27EE067BAB
:1057F400BDEEC77B17EE102A624505D96FF07042E3
:105804000968104672607161834207D20020736098
:1058140070BD084670BD6FF0010070BD181A70BDF0
:105824004FF0FF3070BD00BF9A9999999999B93F8B
:105834004C250020AD4BAE4A18682DE9F04FAD4C15
:1058440091B0197908940368D17704F58062934282
:1058540009920ED2A84B1B78002B00F028810999DD
:105864004FF0E0234022089101F580610991C3F8CB
:105874000822A24B1968A24B0C911868A14B0D90F9
:105884001A88A14B0A921C880B94002900F0DC8131
:10589400002800F04D819D4B9D4D1A4423449D4E9C
:1058A40001EB42029C4C00EB43039C49D5F800B049
:1058B4000E950392089D9A4A02939A4B5768D6F81C
:1058C40000A0D3F80080D3F80490D1F800E04B682E
:1058D400D4F808C0886805F110010F9605F58265B3
:1058E4001668626824680795354601972746019C27
:1058F4005E46CDF814A0C24604941031039C06956C
:105904004D4634F902BFABEB06080394029CA8EBA6
:105914000A09049E34F902AFA9EB05050294059C1B
:105924002F44AAEB0405069C3A442C1B94443A44A5
:105934000194A41BA6440CEB02043A444FEA2C1C29
:10594400734421F820CC18447344C61800117344DE
:1059540021F81E0CA01824113A4421F81C4C02EB27
:10596400000C9C1900117344361121F8180C1819F5
:10597400241121F81A6C21F8164C4FEA2C1421F842
:10598400144C041121F8124C079C8C42AFD10F998E
:105994003C46019FC1F800A00E99C1F800B05E49D1
:1059A4000C605E4CC4E901305D4BC4F800E0C3E90F
:1059B40000575C4BC3E900890A9B40330A930B9B55
:1059C4004033C1E9012C0B93BFF34F8F4FF0E02319
:1059D40008990998CA43C3F8701F203102448142D0
:1059E4000891C2F3421251D26AB3012A23D0022A87
:1059F4001CD0032A15D0042A0ED0052A07D0062A63
:105A040040F01C81089AC3F8702F20320892089A3B
:105A1400C3F8702F20320892089AC3F8702F2032EE
:105A24000892089AC3F8702F20320892089AC3F893
:105A3400702F20320892089A0999C3F8702F2032E7
:105A44008A42089222D2089A02F12001C3F8702FE8
:105A54004032C3F8701FC3F8702F01F14002C3F83D
:105A6400702F01F16002C3F8702F01F18002C3F8B6
:105A7400702F01F1A002C3F8702F01F1C002C3F826
:105A8400702F01F1E00209998A42DDD3BFF34F8FF1
:105A9400BFF36F8F0A9B7F2B1CD81A4A13800B9B72
:105AA4007F2B09D8184A138011B0BDE8F08F04F594
:105AB400006308920993DCE60024134B0D981C80C4
:105AC40000F03AFB184B1A681C600D4B1A6011B0B9
:105AD400BDE8F08F0B4B00240C981C8000F02CFBCD
:105AE400124B1A681C60054B1A60D8E7C81E0020C8
:105AF40000800E406018202008270020B81E0020D7
:105B0400C01E0020F2260020F426002001000080A0
:105B14001C1F0020201F0020EC1E0020041F00205A
:105B2400341F0020241F0020C41E0020BC1E00209F
:105B34000C9A002A00F088808A4800260A998A4B29
:105B4400D0F800800E900B448848894902EB430B3F
:105B5400D0E900CE08988D68D1E9002300F1100146
:105B640000F582600290C246BBF90280E1467746A6
:105B7400A8EB0A0C0BF1020021F80E6CC246ACEB48
:105B8400090E019021F80A6C0846AEEB070721F8CC
:105B9400066C21F8026CE1463A4477461344EC184B
:105BA4001344019D05F1020BE5181344241121F857
:105BB400104C5C1913442D1121F80C5C1D1924118F
:105BC40021F8084C2C1121F8044C0199B1F90280F8
:105BD400A8EB0A0CACEB090EAEEB07073A441344EE
:105BE400EC181344E5181344241120F8104B5C19E5
:105BF4002D11134400F1100120F80E6C20F80C5CF8
:105C04001D19241120F80A6C20F8066C20F8084CA1
:105C14002C1120F8026C20F8044C02988842A2D17E
:105C24000E99C1F800805249C1E900234F4B8D60A1
:105C3400C3E900CE0A9B40330A93C5E6089AC3F829
:105C4400702F20320892DDE60D9A002A00F082803F
:105C540048480B99444BD0F800E00B440F90464859
:105C6400464902EB430A0C9E8D68D346D0E9007C7A
:105C74000898D1E9002300F1100100F58260029038
:105C8400F246B946BBF902E00BF10207E04621F8FF
:105C9400106C0197AEEB0A0721F80C6CF246A7EBE7
:105CA400090CB946019F01F11000ACEB080821F87A
:105CB400086C21F8046C07F1020B4244E0462031E1
:105CC4001344EC181344E5181344241121F82E4C02
:105CD400EC1813442D1121F82A5C1D19241121F804
:105CE400264C2C1121F8224CB7F902E020F8106C54
:105CF400AEEB0A0721F81C6C21F8186CA7EB090C11
:105D040021F8146CACEB080842441344EC18134417
:105D1400E5181344241120F80E4CEC182D111344EB
:105D240020F80A5C1D19241120F8064C2C1120F8C7
:105D3400024C02988142A3D10F99C1F800E00F49A7
:105D4400C1E900230C4B8D60C3E9007C0B9B4033FD
:105D54000B9339E64FF480620D99089803F06AFEBC
:105D640032E600BF1C1F0020010000802C1F002011
:105D7400F81E0020201F00203C1F0020101F0020C0
:105D840038B50021044600F023FA88B172B61C4AE3
:105D94001368002B2BD01B490D68002D2CD01560E7
:105DA40008600021184A118062B6184600F0C4F950
:105DB4000121204600F00CFA98B172B6134A136818
:105DC40083B113490C6854B114600024114A08606B
:105DD400148062B61846BDE8384000F0ADB90860DA
:105DE40062B638BD0B4910600B8062B638BD0649F7
:105DF40010600B8062B6DBE7086062B6D8E700BFCC
:105E0400B81E0020BC1E0020F2260020C01E002068
:105E1400C41E0020F426002010B5044600F052FBF6
:105E2400204610BD38B5234C002342F210724FF4C3
:105E34000C61E06F40F44020E0671C2004F02CF873
:105E4400E3691D4923F440631C481D4A43F400637D
:105E5400E361A36A19401B4B41F0CE01A162416882
:105E64000A4042F4002242609A68002A20DB164964
:105E7400032000224FF48034C1F828014FF08E45EE
:105E8400C1F82401114812491A66DA601D615C6187
:105E94009861D961C3F8E020C3F88C204FF0E06228
:105EA400C3F89020C3F89440C3F89800C3F89C103A
:105EB40038BD00BF00C00F4000FEFFFF00C00A4015
:105EC400F8FFF7FF0040384000801F40130F010027
:105ED400000F0F0F10B5364C4FF40062002120461E
:105EE40003F0A8FD3348012100F088FA0023324969
:105EF400324A0B601360FFF795FF2346BFF34F8FC1
:105F040004F5006204F120004FF0E021824234BF26
:105F14000122402204EB4212C1F8703F2033934225
:105F2400FAD1BFF34F8FBFF36F8F224A0320244B64
:105F34002449C3F880014FF4806013681C60022474
:105F4400D8829C60A4F60204D883062059600021FC
:105F54001279DC601C4C988302F110001C61996179
:105F640099821A4C1A4B43F8204002F01F04194B33
:105F7400012003EB5213A04014B29B001860164892
:105F8400164B40F82410164940F82410A0F5804020
:105F94001449C276D3F8882042F00042C3F888201E
:105FA4009A681143996000F007FA0F4B187010BDFE
:105FB40060182020C81E0020B81E0020C01E00202B
:105FC40000801F400200010120403840B53A000023
:105FD400001800204038003800C00E40004038400F
:105FE400140000800100009008270020024A0349A1
:105FF400034802F0DDBD00BF040C002099400000FE
:10600400C81E00204FF0E0234022C3F80822704746
:10601400F8B5144B144D1C686E689CB1237A204665
:106024006BB123686F681B6898476B68E188DB1B5A
:10603400C3F38F12B1EB931FA28038BFE28064696F
:10604400002CEBD1084B094A5B6810889B1B084C59
:10605400C3F38F11B0EB931F218038BF1180BFF3BE
:106064004F8FF8BD301E0020001000E0EE26002007
:10607400EC260020036818470B680360704700BFD4
:106084000B680360704700BF704700BF30B472B63E
:10609400244D254C2A8804F1700104EB82038B42C1
:1060A4003CD204F16F01501CC91A00EB910002E0CC
:1060B4000132824232D09C4653F8041B0029F7D0A7
:1060C400B1FA81F04FF00043C34021EA0301CCF858
:1060D400001001B90132154B2A801A88013291B29D
:1060E400198062B6ACEB040C41F67C73C0EB00641F
:1060F4004FEAAC0CC0EB841001240CEB8C1C03EBBA
:10610400CC1303EB80030A480068C4541844094BB9
:106114001C88944230BC38BF1980704762B6002096
:1061240030BC7047F0260020341E0020E8260020F2
:106134002C1E0020EA260020428872B60378012B28
:1061440003D9013B037062B67047D14353090B482E
:106154004FF0004201F01F01CA4050F823100A43D7
:106164000749B1F800C040F823209C45054A88BF80
:106174000B801388013B138062B67047341E0020E5
:10618400F0260020E8260020C36813B91DE0DB6870
:10619400E3B1187A9042FAD110B4586893F809C060
:1061A400006950F82C4054B1DB682BB1187A904246
:1061B400F3D0DB68002BF9D15DF8044B704740F84D
:1061C4002C10087801300870EEE77047704700BF64
:1061D400437A8B4206D90369002253F8210043F81D
:1061E400212070470020704700220449C0E90022A2
:1061F400028102740A680860C2607047A41E00200D
:10620400037CFBB903680146FBB14368EBB1427AF6
:106214005B7A9A421CD230B472B62B4B1C68ECB138
:10622400E368C3B1486801E0DB68A3B15A688242FD
:10623400FAD193F809C04A7A9445F5D162B604209C
:1062440030BC7047012062B67047032062B67047C5
:10625400022062B670476469002CE1D11B4C2368AC
:1062640043B1994202D10BE0994207D01A46DB6848
:10627400002BF9D1052062B630BC704702F10C0442
:106284000D68E868E8B1C3681BB908E0DA683AB198
:10629400134681421846F9D162B60620D0E7034678
:1062A400D960CB68002023600123C860AA7A2B72CE
:1062B4001A44AA724A68947A13721C4494720B7436
:1062C400D9E7E960EDE700BF301E0020A41E0020DE
:1062D40010B5047C9DF808E00CB1012010BD0272D9
:1062E40080F809E0C0E90013BDE81040FFF788BF5B
:1062F40038B5037C002B36D043680446427A5B7A77
:106304009A4238D272B60168CB68002B2DD09842DD
:1063140033D01A46DB689C422AD0002BF9D162683C
:10632400607A136953F8200048B1FFF705FF72B68D
:1063340062680025607A1369216843F820508B7ADB
:10634400013BDBB28B7203B90B72937A013BDBB274
:10635400937203B913720A4B00201A6820741C60EC
:10636400E26062B638BD012038BD62B6032038BD94
:10637400E368D360D3E7022038BDC368CB60CEE7BF
:10638400A41E002010B50446FFF7B2FF094A1368A3
:1063940043B19C4202D108E09C4205D01A46DB6816
:1063A400002BF9D1204610BD0C32E368204613605F
:1063B40010BD00BFA41E00200C4B1A789AB90C4AD9
:1063C4000C4910B4C2F858110B48D02401224FF0E4
:1063D400E02180F8464040241046C1F808415DF8A9
:1063E400044B1A7070470020704700BF0627002036
:1063F400001800209142000000E400E070B472B67E
:1064040021B9036813B102790F2A45D9294C21888F
:10641400002341FA03F212F0010208D00133102BD9
:10642400F7D162B600220371026070BC70474FF06E
:10643400010C0CFA03FC41EA0C01218062B61E4DEA
:106444005FFA83FC1D4940F2824680F804C0EC6F79
:10645400194483F0030344F0C0044901EC67A5F533
:106464009F35174CA5F58075266084F81AC084F80A
:106474001EC084F818C084F81FC00160C1E900225E
:10648400C1E90222C1E90422C1E906225A5D42F0AF
:10649400C0025A5570BC7047064C218841FA02F577
:1064A400ED07B5D5054D1544B3EB451FB0D162B624
:1064B400BBE700BFF626002000C00F408074000236
:1064C40000800E4003790F2B11D8094A937672B6D7
:1064D4000849012290F804C00B8802FA0CF223EA5E
:1064E40002030B8062B6102200230271036070471E
:1064F40000800E40F6260020704700BF704700BFA2
:10650400704700BF704700BF70B51A4C1A4D23681E
:10651400AB4202D0194AD16829BBA369AB4202D06D
:10652400164AD169C9B9236BAB4202D0134AD16A66
:1065340069B9A36CAB4209D0104AD16B31B10121C6
:106544001B680F48D163BDE87040184770BD012136
:106554001B680C48D1629847EBE701211B680A4885
:10656400D1619847DFE701211B6804F10800D1607D
:106574009847D2E7C01A002078060020004108405E
:10658400101B0020F81A0020E01A002038B5064C31
:10659400A4F1600554F8083C2046183CDB68984791
:1065A400AC42F7D138BD00BF101B002003682DE9B1
:1065B400F041044688B01746002B4BD000229A6065
:1065C4000122DA60304D04A8DFF8E0801D4451F860
:1065D400083B2D1102935B6805EB45069847F600CE
:1065E40006F1080058F806304044DB6801909847EB
:1065F400264A04A9DDE90103029248F806309B68A3
:106604009847029B04A8DB68984723680322204824
:106614001F609A601F4A23791F4C53551378517891
:10662400C0F828428B4228BF0B469178D2788B421F
:1066340028BF0B46934228BF1346184C4FF0E02264
:106644004FF08061012084F87A30C2F80C1108B050
:10665400BDE8F081124AD36E43F44053D36601225D
:10666400104B1A60104A13460260403298680028A2
:10667400A8D0103393422360F8D100231846236036
:1066840008B0BDE8F08100BF00BFF7BF7806002066
:1066940000180020F80B00208947000000E400E007
:1066A40000C00F400040084000410840C01A0020CC
:1066B40010B4064B0020064C064A1C609C611C6307
:1066C4009C6405495DF8044B02F072BAC01A0020BC
:1066D40078060020040C00200D48000008B1014B8E
:1066E40018607047281E002000B9704714490A68D2
:1066F400EAB1D31730B4134C134D84FB024C134C42
:106704009444C3EB2C4304FB132244F2A71405FB6B
:1067140003F304FB0233002B10DA6FF000421A4437
:106724000A60B2FBF0F330BC00FB13207047084A48
:10673400B2FBF0F30A6000FB132070471A46EFE740
:10674400281E00205F0B4E83ECF4FFFF1DF30100B5
:1067540042CE0C1F884200DB704730B4124C091A39
:106764002368EBB1114A124D82FB032CDA179C44C7
:10677400C2EB2C4244F2A71C05FB12330D4D05FB62
:1067840002F20CFB0322002A0CDA6FF000431344DC
:106794002360B3FBF1F201FB123330BC18447047A1
:1067A400054BF5E71346F3E7281E00205F0B4E83E5
:1067B4001DF30100ECF4FFFF42CE0C1F1C2849D846
:1067C400F8B5254F04463B78E3B9244B1B5DFF2BFA
:1067D40029D0234A02EB041291680A6802F440505B
:1067E400B0F5805F30D01C061FD41E4C2360236A92
:1067F400D80704D402F0F8F8236AD907FAD5194B5C
:10680400586AF8BD174D184E01E002F0EDF8AB6C74
:106814001B06FAD4B36C13F08003F6D13B700F4B14
:106824001B5DFF2BD5D10020F8BD0F4C03F07F0377
:106834002360236ADA0704D402F0D6F8236ADB075C
:10684400FAD5094B586AF8BD22F480521C060A6036
:10685400EBD4CAE7002070470B270020A8090020CA
:106864002807002000400C4000800C40082830B469
:1068740022D00A280CBF4FF405714FF44671104C16
:10688400104D636C626C2B400F4802F003021A43F4
:10689400636C03F0E00313430B436364436C426C87
:1068A4002B4002F003021A43436C03F0E00313434A
:1068B400194330BC416470474FF44071DFE700BFB7
:1068C40000400C4000FCFFFF00800C4010B41F4C43
:1068D4001F281F49A36C23F02003A364626C8B6CF4
:1068E40022F4404223F020038B644B6C23F4404396
:1068F40012D942F4404243F4404362644B64134966
:10690400134A8B6C5DF8044B43F020038B64936C47
:1069140043F02003936470470F2808D942F40042DF
:1069240043F4004309480A4942644B64E7E70728F3
:1069340004D942F4804243F48043F3E703286264B9
:106944004B64DCD85DF8044B704700BF00400C403A
:1069540000800C40A249A34B88422DE9F047A24C89
:106964005E699A69D4F80C801BD9A04B984240F216
:106974000281C31A9E491B0AA1FB031340F227613B
:10698400DB0903EB830303EB830303F2E2438B4250
:1069940028BF0B46A3F54877964BA3FB0737FF08A0
:1069A40004E0954FB8428CBF0E2706278D4908F0A6
:1069B4001F09D1F88030B94543F0C003C1F88030D5
:1069C4000CD228F01F08A1F5F82148EA0708C1F8FD
:1069D4000C800B68002BFCDA08F01F0916F000731A
:1069E40024D186490C698649A14300F0EA8082F4E7
:1069F400805134464FF4805514F0605F04D026F083
:106A040060561E43774B5E6111F4405F07D022F459
:106A1400405274492A438A618B6C1A07FCD446F0AD
:106A24000076704A5661936C9B06FCD4754CA04268
:106A340000F2CE804FF0010C0146634603FB0112C5
:106A440003F1010E0CF10105A24218D8BEF1080FA2
:106A54004FF0010340F08D80BCF1040F00F29180EF
:106A64000A18A24200F2A48005FB00F1AC4603F12F
:106A7400010E03FB01120CF10105A242E6D90CF14F
:106A8400FF318C0286EA81215F4810445F4A9042BC
:106A94007FD9DFF8A4A16C225D48584DB0FBFEF00D
:106AA400D5F800E0B0FBFCF0DFF890C10EEA0C0C66
:106AB400D44509D042F400524FF4805CC5F800C0BC
:106AC4002A602A68002AFCDA464A156905F0070597
:106AD4009D4203D01361936CDD03FCD411F4E05F99
:106AE40009D026F4E05604F4E0543E4A26435661A5
:106AF400936C9907FCD44749474A014491423CD8D6
:106B0400464BC909A3FB0131090B4B1E1B0286EA44
:106B1400030212F4407F06D026F4407603F4407357
:106B2400304A334353612F4A536923F0007353614E
:106B3400936C9B06FCD43A4B4F45A3FB00234FF0C8
:106B4400FF324FEA9343B0FBF1F1B2FBF3F3354A62
:106B54001060354A1160354A136008D228F01F08C6
:106B6400214A48EA0707D7601368002BFCDABDE81E
:106B7400F087734662E7122718E74FF44073042145
:106B8400C5E70CF1FF31204807238C02104486EA44
:106B94008121274ADFF8A8A0A2FB0020020D254886
:106BA400362A38BF362202FB00F042EA0A0A74E7AA
:106BB4004FEA8C24002386EA8C214FF0010EAC4668
:106BC40062E71D4686F0C05411464FF0C05313E7E8
:106BD40000244FF0010C024631462346E64653E7B3
:106BE40000A4781F00C00F40000008400046C323E3
:106BF40023B24C001F85EB5100366E0100800D401E
:106C040040300080FFB19F26808D5B00FF7EF64DF3
:106C140000643F4D7FD1F0087F17B42C9F10E5002E
:106C240083DE1B43F40B0020F00B002040250020E2
:106C3400819F5E16001BB7006C2000807F300180AE
:106C44000020008000B970472DE9F84F01218146EA
:106C5400214C224D224E54E8003F2A68306844E813
:106C64000013002BF7D11F494B684FF47A7BDFF8F0
:106C740078A01B1A01270BFB02F8DAF80020A3FB0B
:106C840002325A4594BF9044D84454E8003F2A68DD
:106C9400306844E80073002BF7D14B68DAF800C081
:106CA4001B1A0BFB02F2A3FB0C3CBCF57A7F94BFCE
:106CB400624402F57A72A2EB0802B2F57A7F06D337
:106CC400B9F1010908F57A78DFD1BDE8F88F01F050
:106CD4008BFE0449D9E700BF502500204C25002035
:106CE40048250020001000E04025002030B40F4B60
:106CF4004FF0010C0E4D0F4C53E8002F286821680B
:106D040043E800C2002AF7D10B4B5B680B4A5B1ABD
:106D14004FF47A71126801FB00F0A3FB023230BC1D
:106D24008A4294BF80184018704700BF5025002045
:106D34004C25002048250020001000E040250020BC
:106D4400272816D80201104B03EB00109B5810B4EF
:106D5400C2685C68144205D061B95DF8044BC3F89D
:106D640088207047836851B1084A5DF8044B1A6063
:106D7400704770475DF8044BC3F884207047044A99
:106D84005DF8044B1A6070472807002038F00100B2
:106D94003830010027280BD8064B020103EB001002
:106DA4009A58C36892681A4214BF012000207047A1
:106DB4000020704728070020272829D8164B0201F5
:106DC400012903EB00109A5810B45368C4680ED01C
:106DD40004290CD023EA040353608368A9B102296F
:106DE40017D003290CBF0D4A0D4A1A6007E023434C
:106DF40001295360836808D040F638021A6043685A
:106E040015225DF8044B1A60704738221A60F6E7C1
:106E14007047044A1A60F2E728070020383001005E
:106E24003800010038F00100704700BF272858D807
:106E34000001F0B4344C354D2358AB4256D049D8F8
:106E4400B3F1844F4BD0A5F58045AB4240D1304DD2
:106E54002044304E304CC4F8B462D0E901C4C06858
:106E64004FF0E0264FF00057042AC6F810712FD8CF
:106E74005E6926EA00065E614FF00506CCF8006004
:106E8400266846F4803626605C6824EA00045C6068
:106E9400224C54F8224090FAA0F2B2FA82F245F859
:106EA40022106FEA00011DD0DD690F2A01EA0501F5
:106EB400D9611DDC52000325D968944005FA02F219
:106EC40021EA02022243DA6098615A6902435A6154
:106ED400F0BC7047124DAB42FAD1124DB8E7124DD7
:106EE400B6E77047DA690243DA61EDE70F4DAFE7C1
:106EF400103A032519695200944005FA02F221EA76
:106F0400020222431A61DFE72807002000800042C2
:106F1400E410002021000000001800205406002086
:106F240000C00042E411002064100020641100201D
:106F340008B5FEF743F9FEF785FA01F055FDFAE7C7
:106F4400844641EA000313F003036DD1403A41D370
:106F540051F8043B40F8043B51F8043B40F8043B2F
:106F640051F8043B40F8043B51F8043B40F8043B1F
:106F740051F8043B40F8043B51F8043B40F8043B0F
:106F840051F8043B40F8043B51F8043B40F8043BFF
:106F940051F8043B40F8043B51F8043B40F8043BEF
:106FA40051F8043B40F8043B51F8043B40F8043BDF
:106FB40051F8043B40F8043B51F8043B40F8043BCF
:106FC40051F8043B40F8043B51F8043B40F8043BBF
:106FD400403ABDD2303211D351F8043B40F8043B5F
:106FE40051F8043B40F8043B51F8043B40F8043B9F
:106FF40051F8043B40F8043B103AEDD20C3205D36F
:1070040051F8043B40F8043B043AF9D2043208D066
:10701400D2071CBF11F8013B00F8013B01D30B88D8
:1070240003806046704700BF082A13D38B078DD0B6
:1070340010F003038AD0C3F10403D21ADB071CBF88
:1070440011F8013B00F8013B80D331F8023B20F8F2
:10705400023B7BE7043AD9D3013A11F8013B00F82B
:10706400013BF9D20B7803704B7843708B788370B3
:107074006046704702F01ABA4FF0010C0CFA01FC9A
:1070840001EB410100EB411170B5B1F80EE01FFABC
:107094008CF5254C1FFA8EFE24782E010EFB03334B
:1070A40006F0F006E340B0F888417345A4B228BF67
:1070B40073463443012AA0F888410DD0022A28D00F
:1070C400C2B10CF00F02B0F888C11FFA8CFC4CEA74
:1070D400020CA0F888C170BD9BB20CF00F022D0207
:1070E400CB82B0F8803105F470659BB22B43A0F8D5
:1070F4008031E8E7AEEB030E0CF00F021FFA8EFEB0
:10710400A1F80AE0B0F880319BB21343A0F88031B3
:10711400D9E79BB20CF00F02CB83B0F880319BB25D
:107124001E43A0F88061CEE72C15002027284BD8F9
:10713400F8B52A4D044615F8202005EB8005012AF0
:107144002DD0022A3FD16B78C3F3011003283ED01F
:10715400234A02EB803203F0030C224889B26346CF
:1071640002EB4C1C0678BCF806E05801BCF8103061
:107174001FFA8EFECEF1011E1EFA83F303F1FF3EC9
:107184000EFB01F1F1408E4523D95B1AC3F10103D3
:107194009BB289B20244ACF8063011820DE06A78E1
:1071A400C2F30113032B10D00F4800EB83308BB2D2
:1071B40002F00301AA78FFF75FFF0C4BEA7803EBB8
:1071C40004135B681A60F8BD70470948EFE7094A81
:1071D400C1E7991E4FF6FF73DBE700BFC409002027
:1071E40000C01D402C15002000C03D402807002091
:1071F40000803E4000801E4000230F2248F2B82C3D
:10720400194610B54FF470444FF4806EA0F88C41C9
:107214004FF46044A0F88E210A46A0F89031B0F8EB
:1072240088319BB243F0F003A0F8883101EB4103AD
:10723400013100EB431304299C80A3F806E05A842F
:107244001A865A805A81A3F80EC05A82DA825A8367
:10725400DA83EBD1B0F888319BB243F00F03A0F886
:107264008831B0F888319BB243F47063A0F8883158
:1072740010BD00BF374B384A996F384841F47F013D
:1072840070B5996741F20106D3F8801045F6C055F0
:1072940043F226040A43C3F88020FFF7ADFF00F54C
:1072A4008040FFF7A9FF00F58040FFF7A5FF00F538
:1072B4008040FFF7A1FF0022A0F503104FF00F0E4E
:1072C400114600EB42134FEA421C01329981042A11
:1072D4005981A3F80EE09E82DD8020F80C101982FB
:1072E4009C81EED100221E484FF00F0E41F20106A0
:1072F400114645F6C05543F2260400EB42134FEA0B
:10730400421C01329981042A5981A3F80EE09E821D
:10731400DD8020F80C1019829C81EED100221148E6
:107324000F2641F20105114645F6C05443F2260EDC
:1073340000EB42134FEA421C01329981042A59811D
:10734400DE819D82DC8020F80C101982A3F80CE009
:10735400EED170BD00C00F40000003FC00C03D40F2
:1073640000001E4000401E4010280346044A28BF67
:1073740010231078012B38BF01231370704700BF0E
:107384002C15002072B6EFF30583524CC4F88430F8
:107394001EF0040F0CBFEFF30882EFF309824FF0E5
:1073A400E0234D4E4D4DD3F8280DD3F82C1DC4E9E0
:1073B4002201D3F8341DD3F8383DC4E9241393696A
:1073C400C4F89830D369C4F89C3000F0BFF884ED59
:1073D400280A01F0DBFB0B214FF0FF32C4F8A400B4
:1073E4000B46C4F880103E49301D5A40202402F058
:1073F4000103013C01FB03F383EA5202F7D1A842E3
:1074040002D073680646EFE7324BC3F8A820BFF3F7
:107414004F8F4FF0E0233049324AC3F8701FC3F84E
:10742400702FBFF34F8FBFF36F8F2F4A02252F4862
:10743400D36E2F4943F44053D3660560D3692D4876
:1074440023F07F0343F04003D3610B6883423DD8AC
:10745400264D00214FF0E0234FF0FF322960012632
:10746400C5F808112449C5F80011C5F80861C3F826
:107474008021C3F88421C3F88821C3F88C21C3F880
:10748400902101E000F070F9D5F80C31002BF9D00F
:107494000134C5F80C614F2CF4D9184B022018495B
:1074A4004FF00042C1F840015A63D5F80C313BB9A2
:1074B400144815490D4A0163D2F80C31002BFAD057
:1074C4004FF0E023114AC3F80C2DFEE7FFF742FA10
:1074D400BEE700BF00FF272080FF2720A8FF27204A
:1074E4002083B8EDA0FF272000C00F4000400840D3
:1074F400F40B0020803DCD0B009F240000900D4034
:1075040000002E4000800F40F100AD0B0400FA058E
:107514000A490A6838B108B513180948834204D8DF
:1075240010460B6008BD1046704702F0EDFA0C23BC
:107534004FF0FF320360104608BD00BF000C00206E
:107544000000282030BFFDE7FFF71CBF124AD2F825
:1075540080305B07FBD5D2F880301048C3F30B238F
:107564000F49D0ED007A07EE103A91ED006AF8EE7B
:10757400677A0C4AB8EEC77A0B4BD2ED006A77EE05
:10758400C77A93ED007AB8EE477A67EE867A87EE8B
:10759400A60A30EE070A704700810D40302500200E
:1075A400382500203C25002034250020836BF0B4CE
:1075B4001BB1536843F40043536072B6446B3CB34D
:1075C4001A4B2260D3F8B0410C421DD1184E776893
:1075D40004E07468E41BB4F5166F0BD2D3F8404191
:1075E40044F48044C3F84041D3F8B851D3F840413F
:1075F4006404EED50D4007D10C4CC0E90225D4F843
:10760400B0310B43C4F8B031426362B6F0BC70478A
:10761400064DC0E90224D5F8B0310B43C5F8B031AA
:107624000263426362B6F0BC704700BF00002E40A4
:10763400001000E070B5056B9DB106462A46002493
:1076440003E012680134012A0CD0536813F080035C
:10765400F7D032632CB12846B36B2D689847013CB0
:10766400F9D170BDC6E90C33F4E700BF30B4D9B921
:107674001F4C204B0021204A01254FF00110996036
:107684001D60C4E9023180245C60C2F8BC01D2F8F8
:10769400B0311A482B43C2F8B0310160D2F8B0318E
:1076A400002BFBD130BC70470904154B104C01254D
:1076B40041F080019860104A596000F580511D60C6
:1076C400D96000F50051A364196100F5405100F53B
:1076D4008040596100219861E164D2F8B03143F4EB
:1076E4008033C2F8B031D2F8B031002BFBD1C0E7FF
:1076F40000000020201B002000002E403C2300201E
:10770400401B002010B472B60A4C01220A492378A7
:1077140002FA00F018432070D1F848311A0605D453
:1077240080221343C1F84421C1F8483162B65DF8A0
:10773400044B70472027002000002E4008490122F6
:107744000B7802FA00F023EA0000087030B9054A09
:10775400D2F8483123F08003C2F84831704700BFA3
:107764002027002000002E402DE9F04F9C4C83B0D0
:10777400D4F84461F107C4F844616AD5D4F8AC3153
:10778400002B61D0DFF88482964DDFF878B208F5DB
:10779400805ADFF87C92944FC4F8AC31D5E90A20C2
:1077A400D4F8403143F40053C4F84031D4F84031A4
:1077B4009B04F5D5D4F8403123F40053C4F8403188
:1077C4004FF00113C4F8B431D4F8B43113F00113F9
:1077D400FAD191B240F2816CCBF80030614500F2ED
:1077E400D980B1F5D06F80F06181B1F5817F00F06F
:1077F4008F8140F2AB8040F2023C614500F0B281DF
:10780400B1F5A06F40F0C1807849EB648B6001232F
:10781400A9640B6080234B604FF00113C4F8BC31A2
:10782400D4F8B03143F48033C4F8B031D4F8B03173
:10783400002BFBD1130C5B0643F08073C4F8543166
:10784400D4F8AC31002BA7D1654AD2F8BC31002B57
:107854004AD1720616D5624BD3F8AC21C3F8AC21D9
:10786400D3F8BC21C3F8BC21D3F8B041002CFBD120
:107874004FF0FF32C3F8B421D3F8843101F026F875
:107884005B4B1C60F40103D55A4B1B6803B198474A
:10789400B00103D5584B1B6803B19847710708D54D
:1078A4004F4BD3F8843113F400731AD0534B012295
:1078B4001A704B4BD3F848311A060FD533060DD541
:1078C4004F4A13782BB1013BDBB21370002B00F04D
:1078D400428203B0BDE8F04F00F09ABC03B0BDE8AB
:1078E400F08F464A1370E4E74649C2F8BC31086891
:1078F400034240F061813E4A14681C40A9D05FEA0B
:10790400144810D0374D4FF0010998FAA8F7B7FA88
:1079140087F705EBC71009FA07F74030FFF78AFE2F
:1079240038EA0708F1D1A4B2002C92D02D4D4FF0C3
:10793400010894FAA4F7B7FA87F705EBC71008FA19
:1079440007F7FFF777FEBC43F3D182E7802900F005
:10795400A780822919D183B210F0780015D103F0E1
:107964007F0257F82210284A1080180600F1C081BF
:10797400CB0701D50123137002212348FFF776FEBC
:107984005EE7010C072900F045814FF00113C4F8AC
:10799400C03155E742F2210C6145F2D03AD942F2A6
:1079A4002123994268D042F221339942EDD10F4B01
:1079B40000229A60EA640122AB641A6080225A6051
:1079C4004FF00113C4F8BC31D4F8B03143F4803320
:1079D400C4F8B031D4F8B031002BFBD130E700BF8C
:1079E40000002E4000000020C0012E40201B00207B
:1079F40040230020E0260020E42600202B2700203E
:107A0400312700203C230020D424002034230020EC
:107A1400401B0020B1F5086F3AD0B1F5106FB4D116
:107A2400B548C2F307424FF0C81100930270B34A3D
:107A3400C4F8C821C4F8CC11C4F8D01100F048FF30
:107A440000F07CFBAE4A0121009BAA6411608021F6
:107A5400936051604FF00112EB64C4F8BC21D4F878
:107A6400B02142F48032C4F8B021CBF80030D4F80D
:107A7400B031002BFBD1E3E680B2002897D1A14BB3
:107A8400C2F307421968A04B1960A04B1A708EE725
:107A9400994B01219E481B780370FFF7E7FDCFE661
:107AA4009B4802210380FFF7E1FDC9E6994B596821
:107AB40000293FF46AAF4FEA124E82B204E019691A
:107AC4000C3300293FF461AFB3F800C0F445F6D19C
:107AD400B3F802C09445F2D14FEA1E22032A00F003
:107AE400D8801A89000C824228BF0246BEF5007F66
:107AF40040F0D480884B89491878894B009200283B
:107B040018BF19468748FFF71BFA864B009ADAE03C
:107B140010F0780F83B27FF438AF03F07F0213F0D4
:107B2400800F57F8223014BF23F4803323F001036D
:107B340047F822300022724BEA649A600122AB6457
:107B44001A6080225A604FF00113C4F8BC31D4F893
:107B5400B03143F48033C4F8B031D4F8B031002BE1
:107B6400FBD16DE610F0780F83B27FF40EAF03F013
:107B74007F0213F0800F57F8223014BF43F4803390
:107B840043F0010347F8223000225D4BEA649A6017
:107B94000122AB641A6080225A604FF00113C4F8CA
:107BA400BC31D4F8B03143F48033C4F8B031D4F8E4
:107BB400B031002BFBD143E6002008605A490C8801
:107BC400486842F221018C427FF495AE80B20028CD
:107BD4007FF491AE5549564C03C9A18086284FEADB
:107BE40011412060A1717FF486AE72B651480178CC
:107BF40041F008010170D2F848110D0605D4802027
:107C04000143C2F84401C2F8481162B64A4A5021FD
:107C1400117070E6EB6001234349C9F80030474B0B
:107C24000A60C9F80430464B4860C9F81030C5F8FA
:107C34000890C9E9028AD4F8B02142F00102C4F8DC
:107C4400B02103F5805203F50053C9F81420C9F894
:107C54001830D4F8B031002BFBD1294AEB6493607F
:107C64000123AA64136048F2800353604FF00113A8
:107C7400C4F8BC31D4F8B03143F48033C4F8B03123
:107C84004FF48033CBF80030D4F8B031002BFBD163
:107C9400D6E5000C0A78824228BF0246BEF5E06FA2
:107CA40050D11D4B1D4893F800C01D491D4BBCF11C
:107CB400000F18BF014600921846FFF741F907214B
:107CC40003464170009A23F01F011344BFF34F8F02
:107CD4004FF0E020C0F8701F20318B42FAD8BFF378
:107CE4004F8FBFF36F8F0F481146FFF7BFFCA7E517
:107CF400C9033FF53FAE3FE62A2700200200CC002F
:107D0400201B00204C250020682500202927002066
:107D1400D4240020640A00202B270020481C006083
:107D2400E01C006060202020201E0020342300205E
:107D34006025002020270020312700208000070034
:107D440034430020064B1846CDE90023FFF7F8F82A
:107D5400DDE90023B7E70320FFF7F0FC02F0A8F801
:107D6400602020202DE9F0471F46831E022B01D9F5
:107D7400BDE8F087DFF84C9015460C463C2209EB31
:107D8400C01806464FEAC01A002108F10400240472
:107D940001F050FEB5FA85F20123520944EA427417
:107DA40049F80A40C8F83870C8F80830002FDFD006
:107DB400034AB34011680B431360BDE8F08700BF6A
:107DC40040230020000000202DE9F0470D46811ECD
:107DD400022901D9BDE8F087C701DFF84C9092462B
:107DE400044640373C2200211E4609EB07082D04B7
:107DF40008F1040001F01EFEBAFA8AF2520945EABB
:107E0400427249F807200122C8F83860C8F80820EF
:107E1400002EDFD0034B10341968A2400A431A60C5
:107E2400BDE8F08740230020000000201204816098
:107E3400C36101F5405342F0800210B40124426052
:107E440001F50052046001F5805401F58041C460DD
:107E540081615DF8044BC0E904237047831E0A4620
:107E6400022B00D97047064B00F110014FF0010CB2
:107E740003EBC0100CFA01F14030FFF797BB00BFD1
:107E840000000020831E0A46022B00D970470121FE
:107E9400024B814003EBC010FFF788BB00000020B9
:107EA40040687047124A134BD2F8200220F07F40FA
:107EB400984210B584B002D200EB800040000E4C12
:107EC40001A90A2200F030FE01A90023204611F87E
:107ED400012B01333AB10A2B20F8022FF7D11623D4
:107EE400237004B010BD5B00DBB2237004B010BD7E
:107EF40000441F40809698001415002038B50C4BA0
:107F040004460C4D1B68298843B1B1F5917F09D211
:107F14004B1C9BB2084A2B80545438BDB1F5917F59
:107F2400F6D338BD00220448984700210123F1E725
:107F3400A825002004270020BC250020F8B5144CF7
:107F44004FF0E025134E4FF4003204EB4024124F5F
:107F540006EB40160346C5F88C2121463A88304684
:107F6400FFF764FF3B882344BFF34F8FC5F85C4F92
:107F74002034A342FAD8BFF34F8FBFF36F8F04208E
:107F84003146FFF77FFF4FF40033C5F80C31F8BDDD
:107F940000212020601B0020F826002042684FF6B4
:107FA400FC71114BC2F30E42C0691B889B1A0B4033
:107FB40017D00E4930B40E4C0E4D227821F81030F3
:107FC4000021013225F81010062A94BFD1B20A46C6
:107FD400217009490C6823440B60084B985430BC49
:107FE4007047FFF7ABBF00BFF8260020E424002051
:107FF4001C27002000250020DC2400201C25002054
:108004002DE9F04F0123DFF828A1DFF828B183B070
:10801400414E9AF80020414D414F8BF8003005EB5A
:1080240042153388D7F80080CDE90002002B6DD1CA
:108034003C4CDFF804912846FFF732FF10F0800033
:108044005DD03B68A3EB0803282B04D901232370DC
:1080540003B0BDE8F08F2378002BF9D199F80030F4
:10806400002BF5D000F0C0FC3388002BE3D02E4A5F
:108074009AF800101288D01A043B2C4C9BB220446E
:10808400338000EB4120009E4902C0F8006C93BB92
:1080940004F5406428460C442146FFF7C7FEBFF3AD
:1080A4004F8F04F1200204F50073934234BF01237F
:1080B40010234FF0E02204EB4313C2F8704F203436
:1080C4009C42FAD1BFF34F8FBFF36F8F0420294630
:1080D400FFF7C4FE019B02200133032B94BFDBB2E4
:1080E40000238AF80030FFF729FB00238BF80030C7
:1080F40003B0BDE8F08F0220FFF704FBF5E70A4B5D
:108104009AF800101A8820701346B5E7064A0199B8
:108114001288D01AB0E700BFFC260020201D0020E2
:108124004C250020222700200027002000212020A9
:1081340025270020272700202A270020214B70B55F
:108144001B78002B3BD04FF400731E461E4980223F
:108154001E4D00240B8000211D482B8001F06AFC79
:108164001C4A21461C4B1470C0221C481C8001F080
:1081740061FC1B4A31461B4B042094609C60C2E99D
:108184000044194AC3E900441470184B184A1C707F
:10819400184B14602246FFF7E5FD23462246298842
:1081A4000420FFF711FE20460134FFF7C7FE062C1A
:1081B400F9D100231049114A0B70137070BD40238C
:1081C4001E46C3E72B270020F826002000270020A6
:1081D400201D002025270020FC260020601B0020F5
:1081E400E4240020002500201C2700201E27002056
:1081F400DC2400201D620000222700202727002005
:10820400024B1B780BB1FFF7FBBE70472A270020F7
:108214002DE9F843214B1D7815B9214E33880BB94C
:10822400BDE8F883DFF888801E4A98F800701E4C79
:1082340002EB47191D4A04EB47241288484621469D
:10824400D21A2B46FFF7F2FDBFF34F8F04F1200241
:1082540004F50073934234BF012310234FF0E0224E
:1082640004EB4313C2F8704F20349C42FAD1BFF39D
:108274004F8FBFF36F8F013749460420FFF7EEFDA0
:10828400032F4FF000034FF0020098BFFDB233807C
:1082940088F80050BDE8F843FFF750BA27270020BC
:1082A400FC260020201D0020002D20200027002077
:1082B40025270020F8B54FF400324FF0E023204C7E
:1082C400C3F88C211F4B227819788A422ED0D3B25E
:1082D4001D4A1E4F01331E491E4E072B28BF002383
:1082E400D05C37F8102001EB40218D5804323168FE
:1082F40092B2043927F810203160174931F8101070
:10830400914207D94FF0E0234FF400322846C3F8D6
:108314000C21F8BDDBB22370FFF710FE4FF0E02311
:108324004FF400322846C3F80C21F8BD00254FF065
:10833400E0234FF400322846C3F80C21F8BD00BFF7
:108344001E2700201C2700201C25002000250020BB
:1083540000212020DC240020E4240020F8B5064677
:10836400FFF7A8FF90B1C0F3031300F00F059C4A78
:108374000446070A1370A5F10803062B08D807F072
:108384000F030133002E45D0B34243D00020F8BD83
:10839400AB1EF8B2012B19D9F72818BFF02801D960
:1083A400052D13D0042D00F085816B1F022B40F2A4
:1083B40045810F2DEAD1F72808D8F02803D0894B3E
:1083C4001B88002BE2D0FFF799FDDFE7F1380E2878
:1083D400DCD801A353F820F0CD670000DF6700006C
:1083E400FD6700000D6600000D6600000B680000CC
:1083F4000D660000196800000D6600004567000066
:108404007B6700005F6700000D660000976700004F
:10841400B3670000082DC4F3033217D1082A15D11D
:1084240071488021714A0768C4F30746DDB21170B0
:10843400240E1FB1314628462246B8476C4B012012
:108444006C491D706C4B0E701C70F8BD092D14D155
:10845400092A12D1220E654900F0B4809020C4F399
:108464000746DDB20870D4B264490F68002FE5D026
:10847400224631462846B847E0E70A2D05D10A2AA4
:1084840003D15F48A021594ACDE70B2D05D10B2A12
:1084940003D15C48B021554AC5E70C2D40F08A80D1
:1084A4000C2A40F08780584AC02050491268C4F30F
:1084B4000746DDB20870240E002ABFD03146284694
:1084C4009047BBE7514B1B68002B00F00A81C4F3B3
:1084D40007469847454B240E00251F70AEE74C4BCA
:1084E4001B68002BF3D14B4B1B68002B00F0ED8075
:1084F400FC20C4F307469847ECE7474B1B68002B66
:10850400E5D1444B1B68002B00F0DF80FB20C4F353
:1085140007469847DEE7414B1B68002BD7D13D4BFC
:108524001B68002B00F0D180FE20C4F30746984757
:10853400D0E73B4B1B68002BC9D1364BC4F307462D
:108544001B68002BC6D0FF209847C3E7354BC4F304
:1085540007461B68002BBDD030469847BAE7324B1C
:108564001A68002A00F0B180630CC4F30640260C9C
:1085740003F47E53F6B218439047ABE72B4BC4F396
:1085840007461B68002BE7D1A4E7294BC4F3074631
:108594001B68002B9DD19DE7264B1B68002B96D1B1
:1085A4001C4B1B68002B00F09080F820C4F3074696
:1085B40098478FE70D2D62D10D2A60D11E4AD02035
:1085C4000A4973E78020DDB2C4F307460870064900
:1085D4000F68002F7CD0314628461446B8472DE753
:1085E4002C2700200427002080250020302700208D
:1085F4002D2700202E2700202F270020842500204F
:10860400B82500207C2500208C2500209C250020F6
:10861400A025002090250020782500206C2500202E
:10862400AC250020B02500209425002098250020AA
:10863400B42500207425002070250020FFF75EFC7F
:10864400052D08D0C4F30740FFF758FC072D02D1CD
:10865400200EFFF753FC2B4B2B4819882B4A017033
:10866400080A2B4C107000202A4A1880F023246832
:1086740013707CB301222848A0470120F8BD0E2DB9
:108684007FF484AE0E2A7FF481AE244AE02021498F
:108694001268087072B3610CC4F30640DDB201F4D1
:1086A4007E51260C240E01432846F6B2A1F5005152
:1086B4009047C3E6FFF722FCC4F30740FFF71EFC14
:1086C400200EFFF71BFC0020F8BDC4F3074601E7AA
:1086D4003C46B3E6124B1B688BB10F489847012008
:1086E400F8BD104B1B68002BEFD0FA20C4F30746EB
:1086F4009847EFE6C4F30746DDB2240E9EE6012058
:10870400F8BD00BF042700202E2700202F270020BB
:10871400A825002030270020BC2500208825002023
:10872400A425002090250020F8B5144C4FF0E02536
:10873400134E4FF4003204EB4024124F06EB401664
:108744000346C5F88C2121463A883046FFF76EFB74
:108754003B882344BFF34F8FC5F85C4F2034A342BA
:10876400FAD8BFF34F8FBFF36F8F03203146FFF763
:1087740089FB4FF40033C5F80C31F8BD00352020D7
:10878400201C0020FA260020244B2DE9F0411C88EF
:108794004368C569C3F30E43E41A002C24DD204961
:1087A40020480A780078D3B21F4E82421F4807D06F
:1087B40010F8038036F81870C7F50072944218D97F
:1087C4000133002226F81540082B194E88BF1346A2
:1087D40026F8152098BFDAB2C554164B0A701A68E9
:1087E40014441C60BDE8F0812846BDE8F041FFF761
:1087F4009BBF07EB4820104922462744084401EB5D
:108804004521FEF79DFB0B4A284626F8187013688D
:108814002344BDE8F0411360FFF786BFFA26002029
:108824001D2700201F270020F024002024250020DD
:108834000C250020E0240020003520201D4B1A7850
:10884400002A36D102F0FF031B4A12788AB32DE9BD
:10885400F0411A4D2A8852B3194EC2F50068194FD7
:108864003278194C07EB421704EBC22442463846CF
:108874002146FFF7DBFA04EB0802BFF34F8F4FF0FA
:10888400E023C3F8704F2034A242FAD8BFF34F8FCD
:10889400BFF36F8F03203946FFF7E0FA33780133D3
:1088A400DBB2032B88BF0023337000232B80BDE889
:1088B400F0817047282700202A270020FE26002068
:1088C40026270020A01D002000452020704700BF5F
:1088D4002D4B002180222D4870B51B7800242C4D8F
:1088E4008B422C4E0CBF40234FF400732B803380FB
:1088F40001F0A0F8284A2146284B14704FF48072E6
:1089040027481C8001F096F8264A1021264B0220A5
:10891400C2E90044C2E90244244AC3E90044147091
:10892400234AC3E90244234B1C70234614602246A5
:10893400FFF74AFA2246318803201F4BFFF712FA49
:108944002346012229880320FFF73EFA20460134FA
:10895400FFF7EAFE082CF9D1184B00214A221848E7
:10896400184C0460C3F88410C3F88020D3F848215D
:10897400154942F08072C3F8482121B1134A137893
:1089840043F00103137070BD2B270020A01D0020AD
:1089940002270020FA26002026270020FE26002099
:1089A400201C0020F02400200C2500201D2700207E
:1089B400E02400201F270020096A000000002E4048
:1089C400E0260020BD6A00000000000032270020DD
:1089D400044B10B51C680CB1204610BD00F004F81F
:1089E400204610BDE02400202DE9F8432D4B1E78CD
:1089F40066B12D4F3B784BB90123F1073B7043D44B
:108A0400B20726D400233B70730701D4BDE8F88372
:108A1400264B1A68002AF9D0EFF30582002AF5D113
:108A2400EFF3108572B61868002834D0204C2178F2
:108A3400002930D10122227042691A60002A2ED006
:108A4400916105B962B6002583684577984725701A
:108A5400DCE7DFF8648098F80030002BD2D00025E2
:108A6400DFF858902B4659F82340013523682046F7
:108A74001B69984710B163699B68984798F8002070
:108A8400EBB29A42EFD8BDE7FFF7A2FF0028B7D0B8
:108A9400AFF30080B4E7002DB8D162B6B6E7054B5A
:108AA4001A60CEE7322700200A270020A81E0020E3
:108AB40007270020B41E002009270020D01E002014
:108AC40070B5EFF3108272B60C4C206880B10C4E76
:108AD40000254369236073B19D6102B962B683685E
:108AE40045779847EFF3108272B620680028F0D1DA
:108AF40002B962B670BD3360EFE700BFB01E00205C
:108B0400AC1E0020FFF7DCBF0449054A4968054B49
:108B14001960136801331360704700BF001000E050
:108B24004C2500204825002001F1FF3C70B5664625
:108B3400002400E00134B0FBF2F502FB1503092B1D
:108B440003F1370E03F130035FFA8EFE98BF5FFA2C
:108B540083FE9042284606F801EFEBD2631C002204
:108B6400C818CA547CB162461CF8015F10F8016D44
:108B7400A1EB0C0302328CF80060013B521A057021
:108B840023449A42EFDB084670BD00BF074A506A8F
:108B9400936A19468446506A936A9942F9D1844586
:108BA400F7D1DB0B43EA4040704700BF00400D4063
:108BB40003460846194600F08FBF00BF10EE103A76
:108BC40040F22A41C3F30A528A42B7EEC03A32D87D
:108BD400B7EE000B2D4B93ED4A2B93ED481BB0EEF3
:108BE400417BA2EE037B17EE100A37EE417B00F0C7
:108BF4001F0203EBC20130B492EE037B93ED4C4BA6
:108C040053F832404D6893ED4E6B93ED505BA4EEF8
:108C1400076B27EE074B00210A1905EBC033A5EEBD
:108C2400070B43EC172BA6EE040B30BC20EE070B0E
:108C3400B7EEC00B704713F5000F20D0B2F5FF6FED
:108C44001AD2DFED137AB4EEE70AF1EE10FA10DC73
:108C5400DFED107AB4EEE70AF1EE10FA12D4DFED8C
:108C64000E7AB4EEE70AF1EE10FAB1D5002000F066
:108C7400A3B9002000F0A6B930EE000A70479FEDBA
:108C8400070A7047002000F091B900BF800200205D
:108C94001772B142B4F1CFC2CF8ECEC20000000031
:108CA40008B52DED028BF0EE408AB0EE608A00F03C
:108CB400B1F9F4EE488AF1EE10FA06D6DFED098A2E
:108CC400B4EE688AF1EE10FA02D0BDEC028B08BD56
:108CD40000F01AFF88EEA80ABDEC028B2123036082
:108CE40008BD00BF0000000010EE103AB3F17E5F33
:108CF4003ED0A3F50001B1F1FE4F10EE102A3AD296
:108D0400BFEE002B02F14043284903F54D03C3F3A2
:108D1400C34001EB001091ED424B91ED447B91ED8A
:108D2400406B91ED465BD90DC9052DED028B90ED9D
:108D3400021B90ED008B521ADB1500EE103A03EE85
:108D4400902AB8EEC00BB7EEE33A30EE010BA8EE72
:108D5400032BBDEC028B22EE023BA4EE027BA5EEBC
:108D6400020BA6EE037BA3EE070BB7EEC00B704716
:108D74009FED0F0A7047590014D0B3F1FF4F14D080
:108D8400002B0BDBB1F17F4F08D2DFED0A7A60EEE6
:108D9400277A17EE903AA3F13862B1E700EE103A61
:108DA40000F028B9012000F013B97047C80300206F
:108DB400000000000000004B38B510EE104AC4F368
:108DC4000A53B3F57D7FB7EEC07A1ED227EE077B38
:108DD400B3F5667F6FD327EE071B634B93ED142B1C
:108DE40093ED125B93ED0E3BA7EE025B93ED0C0B40
:108DF40093ED104BA7EE030B27EE017BA1EE040BC2
:108E0400A5EE070BB7EEC00B38BD40F22E429342DD
:108E140054D8554991ED086B27EE066BFDEEC66BF1
:108E240091ED0A5B16EE903A03F500031B1613F05E
:108E3400020F06EE903A01F1700208BF0A46D80705
:108E4400B8EEE66BA6EE457B27EE076B1AD503F06A
:108E5400030301EBC30191ED002B92ED1A4B92ED4C
:108E6400185B92ED163BA6EE045B27EE027B27EE21
:108E7400064B26EE046BA4EE037BA5EE067BB7EE51
:108E8400C70B38BD92ED142B92ED127B92ED0E3B85
:108E940092ED0C0B92ED104B26EE065BA6EE027BD8
:108EA400A6EE030B26EE056BA5EE040BA7EE060B50
:108EB400B7EEC00B38BDB7EE000A38BDB3F5FF6F8F
:108EC4003DD22A4BC4F3836203EB820053F8222081
:108ED4000569C4F31603C4F3C25143F400038B4081
:108EE400016A03FB02F2A3FB0110E3FB050202F19A
:108EF40000518D0F01F04041511A00F0A9FA1C4BAA
:108F04009FED177B05EBD47441EC160B14F0020FA4
:108F1400A3F1700208BF1346E90726EE077B27EE8C
:108F2400076B10D504F0030402EBC40292ED002B8E
:108F340093ED1A4B93ED185B93ED163B93E7BDE865
:108F4400384000F057B893ED142B93ED127B93ED5A
:108F54000E3B93ED0C0B93ED104B9DE7AFF30080AC
:108F6400182D4454FB21193CE8040020C8060020B5
:108F74005805002010B582B08DED010A044600F0BA
:108F8400C3FD9DED010A046002B010BD30B1F1EEE5
:108F9400407A27EE800A2220FFF7ECBFF0EE407AF9
:108FA40027EE800A2220FFF7E5BF00BF9FED010AEC
:108FB400FFF7ECBF000000109FED010AFFF7E6BFCA
:108FC4000000201A9FED010AFFF7E0BF00000070C7
:108FD4009FED070AFFEE007AB7EE007A00284FF003
:108FE400220047FE277A87EE800AFFF7C3BF00BF3F
:108FF4000000000070EE407AB4EE400A87EEA77AD3
:10900400F1EE10FAB0EE470A02D62120FFF7B2BF04
:10901400704700BF30B583B0CDED010A019D35F036
:10902400004041D010EE10EA2EF00041B1F1FF4FA4
:109034003ADAB0F1FF4F37DC81423BDB0EF00044FB
:109044003AD01EF0FF4F56D10B02002B6FF07D0279
:1090540004DD5B00002B02F1FF32FADC15F0FF4F58
:1090640058D103026FF07D0C03D45B000CF1FF3C7C
:10907400FBD512F17E0F47DBCEF3160E4EF4000340
:109084001CF17E0F3ADBC5F3160141F40000B2EB8C
:109094000C0204D117E00FD04B00013A13D0191A77
:1090A4000029F8DA5B00F8E7DDED017A60EE277A53
:1090B40087EEA70A03B030BD1D4B03EB547393ED49
:1090C400000A03B030BD181A58BF03461BB9F3E7B2
:1090D4005B000CF1FF3CB3F5000FF9DB1CF17E0FD4
:1090E4001DDBA3F500030CF17F0C234343EACC53AF
:1090F40000EE103ADEE7CA157F3AAFE76FF07D0164
:10910400A1EB0C018840C2E76FF07D039B1A01FAC2
:1091140003F3B5E74FEAE05CACF17F0CA9E76FF02D
:109124007D02A2EB0C021341234300EE103AC1E787
:109134006806002081F0004102E000BF83F0004394
:1091440030B54FEA41044FEA430594EA050F08BFDE
:1091540090EA020F1FBF54EA000C55EA020C7FEAA2
:10916400645C7FEA655C00F0E2804FEA5454D4EB1F
:109174005555B8BF6D420CDD2C4480EA020281EAE9
:10918400030382EA000083EA010180EA020281EA21
:109194000303362D88BF30BD11F0004F4FEA013173
:1091A4004FF4801C4CEA113102D0404261EB410182
:1091B40013F0004F4FEA03334CEA133302D0524208
:1091C40063EB430394EA050F00F0A780A4F10104C4
:1091D400D5F1200E0DDB02FA0EFC22FA05F28018FE
:1091E40041F1000103FA0EF2801843FA05F35941E4
:1091F4000EE0A5F120050EF1200E012A03FA0EFC63
:1092040028BF4CF0020C43FA05F3C01851EBE3718C
:1092140001F0004507D54FF0000EDCF1000C7EEBA9
:1092240000006EEB0101B1F5801F1BD3B1F5001FE7
:109234000CD349085FEA30004FEA3C0C04F1010406
:109244004FEA445212F5800F80F09A80BCF1004F2F
:1092540008BF5FEA500C50F1000041EB045141EAB1
:10926400050130BD5FEA4C0C404141EB0101013C7A
:1092740028BFB1F5801FE9D291F0000F04BF014669
:109284000020B1FA81F308BF2033A3F10B03B3F13B
:1092940020020CDA0C3208DD02F1140CC2F10C02CB
:1092A40001FA0CF021FA02F10CE002F11402D8BF29
:1092B400C2F1200C01FA02F120FA0CFCDCBF41EAF5
:1092C4000C019040E41AA2BF01EB0451294330BDC4
:1092D4006FEA04041F3C1CDA0C340EDC04F11404A1
:1092E400C4F1200220FA04F001FA02F340EA030078
:1092F40021FA04F345EA030130BDC4F10C04C4F1BE
:10930400200220FA02F001FA04F340EA030029469D
:1093140030BD21FA04F0294630BD94F0000F83F4E7
:10932400801306BF81F480110134013D4EE77FEACA
:10933400645C18BF7FEA655C29D094EA050F08BF16
:1093440090EA020F05D054EA000C04BF19461046F7
:1093540030BD91EA030F1EBF0021002030BD5FEA3B
:10936400545C05D14000494128BF41F0004130BD63
:1093740014F580043CBF01F5801130BD01F00045B7
:1093840045F0FE4141F470014FF0000030BD7FEA2A
:10939400645C1ABF194610467FEA655C1CBF0B4625
:1093A400024650EA013406BF52EA033591EA030F3C
:1093B40041F4002130BD00BF90F0000F04BF002134
:1093C400704730B54FF4806404F132044FF0000567
:1093D4004FF0000150E700BF90F0000F04BF0021E0
:1093E400704730B54FF4806404F1320410F0004546
:1093F40048BF40424FF000013EE700BF42004FEA41
:10940400E2014FEA31014FEA02701FBF12F07F43BD
:1094140093F07F4F81F06051704732F07F4208BF74
:10942400704793F07F4F04BF41F40021704730B57B
:109434004FF4607401F0004521F000411CE700BFC7
:1094440050EA010208BF704730B54FF000050AE04A
:1094540050EA010208BF704730B511F0004502D54B
:10946400404261EB41014FF4806404F132045FEA4D
:10947400915C3FF4D8AE4FF003025FEADC0C18BFF6
:1094840003325FEADC0C18BF033202EBDC02C2F1E8
:10949400200300FA03FC20FA02F001FA03FE40EA7A
:1094A4000E0021FA02F11444BDE600BF024B01464E
:1094B400186800F003B800BF181000202DE9F04F21
:1094C40001F10B06162E83B0044624D8102900F2AD
:1094D400BA8000F0A3FA102618220220B54F3A44AD
:1094E400A2F1080153688B4200F0BA805A68D96827
:1094F40022F003021A449D68E9608D60516841F0CE
:1095040001012046516003F1080500F08DFA284658
:1095140003B0BDE8F08F36F0070600F19480B14245
:1095240000F2918000F07AFAB6F5FC7FC0F09A81DF
:10953400730A00F08F80042B00F26F81B30903F1EA
:10954400390003F1380CC3009A4F3B44A3F10805DA
:109554005B689D4206D10CE0002980F22781DB681C
:109564009D4206D05A6822F00302911B0F29F3DDB5
:1095740060463D69DFF850C265457CD06A6822F0D8
:109584000302931B0F2B00F37B81002BC7E904CC50
:1095940080F26C81B2F5007F80F01A81D30879687B
:1095A40001334FEA521E012202FA0EF20A4357F81F
:1095B40033E0C5F808E007EBC3010839E9607A60D5
:1095C40047F83350CEF80C50831001219940914252
:1095D40057D8114206D120F003004900114200F18E
:1095E4000400FAD007EBC0094D468646D5F80C8036
:1095F400454508D11DE1002B80F22481D8F80C8068
:10960400454500F01681D8F8042022F00302931B8C
:109614000F2BF0DD2046D8E9025408EB060146F092
:109624000106C8F80460EC60A56043F00104C7E9D2
:109634000411C1E902CC4C6048F8023000F0F4F99E
:1096440008F1080502E00C2323600025284603B036
:10965400BDE8F08F4FF4007340204FF03F0C73E7E8
:10966400D3689A4208BF02307FF440AF3D69DFF807
:1096740058C1654582D17A6883100121994091428D
:10968400A7D9BD686B6823F003094E4503D8A9EB3D
:1096940006030F2B7ADCDFF834B1474BDBF80020EC
:1096A4001B680132334405EB090A00F0338103F5EA
:1096B40080530F3323F47F6828F00F084146204677
:1096C40000F010FA411C024600F0F380824500F2DB
:1096D400EE803A4B196841441960084600F04E8107
:1096E400DBF80010019301311BBFA2EB0A0109183A
:1096F400CBF80020196012F0070B00F01781CBF1B2
:1097040008010A44CBF5805190440831A1EB0801CB
:10971400C1F30B0A51462046009200F0E3F9421CC3
:10972400DDE9002300F04F81801A00EB0A08196874
:10973400BA6048F001005144BD425060196000F025
:109744002981B9F10F0F40F227816868A9F10C0C47
:109754002CF0070C00F0010040EA0C0068604FF0A8
:10976400050E05EB0C00BCF10F0FC0E901EE00F291
:10977400328150681546124B1A688A4238BF196004
:10978400104B1A688A4238BF196094E0AA1943F052
:10979400010346F001066E602046BA60536000F093
:1097A40043F90835284603B0BDE8F08FD9681A4458
:1097B400A1E600BF080C002010210020E0200020BA
:1097C400082100200C210020100C00201010002083
:1097D400B2F5206F4FEA522363D3142B00F2B78003
:1097E40003F15C01C9005B3307EB010E7958AEF15C
:1097F400080E8E4500F091804B6823F003039342DA
:1098040002D989688E45F7D1D1F80CE07A68C5E9A8
:10981400021ECEF80850CD60D6E6142B59D9542B2D
:1098240000F29D80330B03F16F0003F16E0CC30053
:109834008AE60EF1010E1EF0030F05F108057FF410
:10984400D5AE51E0424445465368D8F80C1043F075
:109854000103536055F8083F2046D9608B6000F03F
:10986400E3F8F3E6F00806F1080237E62A44204656
:10987400536843F001035360083500F0D5F8E5E67A
:10988400A919204646F0010643F001046E60C7E9B9
:109894000411C1E902CC4C60AB5000F0C5F80835A6
:1098A400D4E6930903F13901C90038339CE7BD427A
:1098B4005FD0BD68686820F003084645A8EB06033E
:1098C40002D80F2B3FF762AF204600F0ADF8002519
:1098D400BCE603F15C0003F15B0CC30034E659F809
:1098E40008394B4540F0968010F0030F00F1FF302B
:1098F400F5D17B6823EA01037B60490099423FF676
:10990400C0AE19B9BDE649000EF1040E1942FAD0F1
:10991400704667E603F11008D0E69A104FF001088C
:109924007B6808FA02F21A437A6070E702EB0801D6
:109934004942C1F30B0A51462046009200F0D2F886
:10994400431CDDE900237FF4EFAEDA46EFE6542B47
:1099540025D8130B03F16F01C9006E3344E7B3F547
:10996400AA7F25D8F30B03F1780003F1770CC30029
:10997400EAE5294B186840441860B1E6CAF30B0CB9
:10998400BCF1000F7FF4ACAEBD68C84448F00100E0
:109994006860F0E61546EEE60123536094E7B3F5FC
:1099A400AA7F23D8D30B03F17801C90077331BE7CF
:1099B40040F25452934223D8B30C03F17D0003F1D7
:1099C4007C0CC300C0E5ABF1080BD844A8EB02083B
:1099D4004FF0000AABE605F108012046009300F0C1
:1099E40055F9BD68009B68681968C4E640F2545193
:1099F4008B420BD8930C03F17D01C9007C33F3E651
:109A04004FF47E737F204FF07E0C9DE54FF47E7102
:109A14007E23E9E67B6870E7E0200020014800F03F
:109A24009DB800BFDC200020014800F099B800BFB9
:109A3400DC200020830730B548D0541E002A3FD0D4
:109A4400CAB2034601E0013C3AD303F8012B9D0757
:109A5400F9D1032C2DD9CDB245EA05250F2C45EAC1
:109A6400054536D9A4F1100222F00F0C03F1200EA3
:109A7400E6444FEA121C03F1100242E9045542E99C
:109A8400025510327245F8D10CF1010214F00C0F9A
:109A940003EB021204F00F0C13D0ACF1040323F017
:109AA40003030433134442F8045B9342FBD10CF0E8
:109AB40003042CB1C9B21C4403F8011B9C42FBD122
:109AC40030BD64461346002CF4D1F9E7034614462E
:109AD400BFE71A46A446E0E713460A4601460220B9
:109AE40000F040B838B5074D0022044608462A6005
:109AF400FDF70EFD431C00D038BD2B68002BFBD0B6
:109B0400236038BD44230020014B1868704700BF10
:109B14001810002070B50D4E0D4D761BB61006D0F2
:109B2400002455F8043B01349847A642F9D1094E64
:109B3400094D761B00F0B8F9B61006D0002455F88C
:109B4400043B01349847A642F9D170BDF01B006074
:109B5400F01B0060001C0060F01B0060704700BF39
:109B6400704700BF2DE9F047DFF87CA00646DAF81D
:109B7400000098460F469146FFF7F0FF184B1C680B
:109B840024B365681F2D24DC5EB96B1C0235DAF83A
:109B94000000636044F82570FFF7E2FF0020BDE891
:109BA400F08704EB85010123C1F88890D4F888215B
:109BB400AB401A43022EC4F88821C1F80881E4D1CD
:109BC400D4F88C211A43C4F88C21DEE7054C1C60C0
:109BD400D7E7DAF80000FFF7C3FF4FF0FF30DEE706
:109BE400441F0020481F0020FC0B0020F8B5244F20
:109BF4000C460646FFF712FFBB685D68C4F57E613C
:109C04000F3125F003054B1923F47F6323F00F0371
:109C1400A3F58054B4F5805F07DB00213046FFF7DD
:109C240061FFBB682B44984204D03046FFF7FCFE2A
:109C34000020F8BD61423046FFF754FF01300DD0DB
:109C4400104ABB682D1B45F001055D601368304662
:109C54001B1B1360FFF7E8FE0120F8BD002130460E
:109C6400FFF740FFBA68831A0F2BDEDD43F00103D0
:109C74005360054B03491B68C01A0860D5E700BF51
:109C8400080C0020E020002010100020002961D0E2
:109C9400F8B50C460646FFF7C1FE54F8042C7B4F7A
:109CA400A4F1080522F0010105EB010CB868DCF809
:109CB4000430604523F0030300F08B80D207CCF816
:109CC400043032D454F8082CAD1A1144AA6807F1B0
:109CD400080082426AD00CEB0304D4F804E0EC6878
:109CE400D4601EF0010FA26000F0978041F00103E0
:109CF4006B60CCF80010B1F5007F35D27868CB08E2
:109D04000122490901338A40024357F833107A602B
:109D140007EBC302083AC5E9021247F83350CD6095
:109D24003046BDE8F840FFF77FBE0CEB03025268F3
:109D3400D00710D4194407F10800DCF80830834236
:109D440073D0DCF80C20DA60936041F001036B609F
:109D54006950D0E7704741F00103B1F5007F44F842
:109D6400043CCCF80010C9D3B1F5206F4FEA51235D
:109D740048D28B0903F1390003F13802C300F81803
:109D8400FB580838984259D05A6822F003028A4294
:109D940002D99B689842F7D1D868C5E9023085603A
:109DA400DD603046BDE8F840FFF73EBE0CEB030231
:109DB4005268D20763D40B44DCE90212CA60916092
:109DC40043F001026A603046EB50BDE8F840FFF70B
:109DD4002BBE0B44D10707D454F8082CAD1A1344F6
:109DE400D5E90212CA60916043F001026A60284A10
:109DF400BD6012689A4293D8264B30461968FFF723
:109E0400F5FE8DE7142B0AD9542B1FD80B0B03F145
:109E14006F0003F16E02C300B1E719448DE703F14B
:109E24005C0003F15B02C300A9E741F00103C7E949
:109E34000455C5E902006B60695071E779689210B6
:109E4400012404FA02F20A437A60A6E7B3F5AA7F72
:109E540006D8CB0B03F1780003F17702C3008EE739
:109E640040F25452934206D88B0C03F17D0003F167
:109E74007C02C30083E74FF47E737E227FE741F0C8
:109E840001036B60CCF800104AE700BF080C002007
:109E940014100020102100205FF800F01516006057
:109EA4005FF800F0691600605FF800F0911B006035
:109EB4005FF800F03D1B006000000000000000009F
:049EC400F8B500BF2E
:089EC800ECECFF7F010000003B
:109ED0000000000000000000000000000000000082
:109EE0000000000000000000000000000000000072
:109EF0000000000000000000000000000000000062
:109F00000000000000000000000000000000000051
:109F10000000000000000000000000000000000041
:109F20000000000000000000000000000000000031
:109F30000000000000000000000000000000000021
:109F40000000000000000000000000000000000011
:109F50000000000000000000000000000000000001
:109F600000000000000000000000000000000000F1
:109F700000000000000000000000000000000000E1
:109F800000000000000000000000000000000000D1
:109F900000000000000000000000000000000000C1
:109FA00000000000000000000000000000000000B1
:109FB00000000000000000000000000000000000A1
:109FC0000000000000000000000000000000000091
:109FD0000000000000000000000000000000000081
:109FE0000000000000000000000000000000000071
:109FF0000000000000000000000000000000000061
:10A000000000000000000000000000000000000050
:10A010000000000000000000000000000000000040
:10A020000000000000000000000000000000000030
:10A030000000000000000000000000000000000020
:10A040000000000000000000000000000000000010
:10A050000000000000000000000000000000000000
:10A0600000000000000000000000000000000000F0
:10A0700000000000000000000000000000000000E0
:10A0800000000000000000000000000000000000D0
:10A0900000000000000000000000000000000000C0
:10A0A00000000000000000000000000000000000B0
:10A0B00000000000000000000000000000000000A0
:10A0C0000000000000000000000000000000000090
:10A0D0000000000000000000000000000000000080
:10A0E0000000000000000000000000000000000070
:10A0F0000000000000000000000000000000000060
:10A10000000000000000000000000000000000004F
:10A11000000000000000000000000000000000003F
:10A12000000000000000000000000000000000002F
:10A13000000000000000000000000000000000001F
:10A14000000000000000000000000000000000000F
:10A15000000000000000F03F748515D3B0D9EF3F38
:10A160000F89F96C58B5EF3F515B12D00193EF3F67
:10A170007B517D3CB872EF3FAAB968318754EF3FFD
:10A180003862756E7A38EF3FE1DE1FF59D1EEF3FB6
:10A1900015B7310AFE06EF3FCBA93A37A7F1EE3FDC
:10A1A0002234124CA6DEEE3F2D89616008CEEE3FD0
:10A1B000272A36D5DABFEE3F824F9D562BB4EE3FAD
:10A1C000295448DD07ABEE3F85553AB07EA4EE3FFB
:10A1D000CD3B7F669EA0EE3F745FECE8759FEE3F3F
:10A1E0008701EB7314A1EE3F13CE4C9989A5EE3F86
:10A1F000DBA02A42E5ACEE3FE5C5CDB037B7EE3F78
:10A2000090F0A38291C4EE3F5D253EB203D5EE3FB0
:10A21000ADD35A999FE8EE3F475EFBF276FFEE3FE3
:10A220009C5285DD9B19EF3F6990EFDC2037EF3FB3
:10A2300087A4FBDC1858EF3F5F9B7B33977CEF3F95
:10A24000DA90A4A2AFA4EF3F40456E5B76D0EF3F1B
:10A25000000000000000E8429423914BF86AAC3FF4
:10A26000F3C4FA50CEBFCE3FD6520CFF422EE63F8B
:10A270000000000000003843FE822B654715474070
:10A280009423914BF86ABC3EF3C4FA50CEBF2E3FE4
:10A29000D6520CFF422E963FBEF3F879EC61F63FA2
:10A2A0001930965BC6FEDEBF3D88AF4AED71F53FC3
:10A2B000A4FCD432680BDBBFB010F0F03995F43F4A
:10A2C0007BB71F0A8B41D7BF8503B8B095C9F33F51
:10A2D0007BCF6D1AE99DD3BFA564880C190DF33FA0
:10A2E00031B6F2F39B1DD0BFA08E0B7B225EF23FF6
:10A2F000F07A3B1B1D7CC9BF3F341A4A4ABBF13F71
:10A300009F3CAF93E3F9C2BFBAE58AF05823F13F0F
:10A310005C8D78BFCB60B9BFA70099413F95F03FF6
:10A32000CE5F47B69D6FAABF000000000000F03F5F
:10A330000000000000000000AC479AFD8C60EE3F7A
:10A340003DF5249FCA38B33FA06A021FB3A4EC3F77
:10A35000BA913854A976C43FE6FC6A573620EB3FE1
:10A36000D2E4C44A0B84CE3F2DAAA163D1C2E93FF7
:10A370001C65C6F04506D43FED417803E686E83F0C
:10A38000F89F1B2C9C8ED83F624853F5DC67E73F53
:10A39000CC7BB14EA4E0DC3F4D7E0AF7B612D7BFAE
:10A3A000E0326849BFCADE3FDEE3FA9F4715E7BFE8
:10A3B000B8C8355F4715F73F000000000000F03FC8
:10A3C000000000000000F0BF000000000000F0BF2F
:10A3D000000000000000F03F83C8C96D305F644199
:10A3E000182D4454FB21F93F000000000000F03F0D
:10A3F0001C620CFDFFFFDFBF198F06E15355A53F1F
:10A400009D359AE887C056BFC3F87B024393F93E57
:10A4100003A695595455C5BFC40B23057610813F3B
:10A4200024CF7437EB9429BF000000000000F03FF8
:10A43000000000000000F0BF000000000000F0BFBE
:10A44000000000000000F03F83C8C96D305F644128
:10A45000182D4454FB21F93F000000000000F0BF1C
:10A460001C620CFDFFFFDF3F198F06E15355A5BFAE
:10A470009D359AE887C0563FC3F87B024393F9BEE7
:10A4800003A695595455C5BFC40B23057610813FCB
:10A4900024CF7437EB9429BF00005C430000A54330
:10A4A0000000DC4352B81E3F52B81E3F52B81E3F58
:10A4B0000000003F0000003F0000003F00005C4340
:10A4C0000000A5430000DC4352B81E3F52B81E3FB7
:10A4D00052B81E3F6666E63E6666E63ECDCC4C3E12
:10A4E0000000803E6666E63E0000803EEC51383E4D
:10A4F000CDCC4C3F00000000000000000000000038
:10A500000000000000000000000000000000003F0C
:10A510000000003F0000003F0000000000000000BD
:10A520000000000000000000010000000300000027
:10A530000200000000000000000000000000008099
:10A540000E0F101112130000794700007D47000024
:10A550008147000085470000000000000000000067
:10A56000C5570000000000000000000015070000B3
:10A57000000000000000000001400000000000009A
:10A580000000E04000004041F5420000F9420000B8
:10A590000143000009430000A2000000F9A20000EE
:10A5A00083F9A2006E83F9A24E6E83F9444E6E8346
:10A5B00015444E6E2915444EFC29154427FC2915D7
:10A5C0005727FC29D15727FCF5D1572734F5D15708
:10A5D000DD34F5D1C0DD34F5DBC0DD3462DBC0DD58
:10A5E0009562DBC0999562DB3C999562433C9995F5
:10A5F00090433C994190433C00000042C8801F407A
:10A60000B8821F400800000000000042C4801F40C4
:10A61000B4821F400400000000C0004224801F409C
:10A6200014821F401000000000C0004228801F401C
:10A6300018821F402000000000C000422C801F40F4
:10A640001C821F404000000000C0004234801F40B8
:10A6500024821F40000100000040004264811F402E
:10A6600054831F40000400000040004280811F40CE
:10A6700070831F4000000200004000427C811F40A8
:10A680006C831F40000001000040004268811F40B1
:10A6900058831F4000080000004000423C811F40DA
:10A6A0002C831F40010000000040004244811F40F5
:10A6B00034831F40040000000040004240811F40DE
:10A6C00030831F40020000000040004248811F40CC
:10A6D00038831F40080000000000004204811F4032
:10A6E000F4821F40000004000000004208811F4067
:10A6F000F8821F40000008000000004218811F403F
:10A7000008831F40000080000000004214811F40A9
:10A7100004831F40000040000000004200811F40F1
:10A72000F0821F400000020000000042FC801F4039
:10A73000EC821F40000001000000004224811F4005
:10A7400014831F40000000040000004228811F40C5
:10A7500018831F4000000008000000421C811F40B9
:10A760000C831F40000000010000004220811F40B8
:10A7700010831F400000000200000042EC801F40D8
:10A78000DC821F400010000000000042F0801F40EB
:10A79000E0821F40002000000000004234811F4082
:10A7A00024831F40000000400000004238811F4009
:10A7B00028831F40000000800080004294801F40DA
:10A7C00084821F400000040000C0004290801F40AF
:10A7D00080821F400000008000800042A8801F404F
:10A7E00098821F400000800000800042A4801F402B
:10A7F00094821F4000004000004000426C811F40D6
:10A800005C831F400010000000C0004230801F40E9
:10A8100020821F408000000000800042C8811F404D
:10A82000B8831F400080000000800042C4811F40A8
:10A83000B4831F400040000000800042C0811F40E0
:10A84000B0831F400020000000800042BC811F40F8
:10A85000AC831F400010000000800042D0811F40E8
:10A86000C0831F400000020000800042CC811F40D6
:10A87000BC831F400000010007080C0B06050F00F9
:10A880000D0E0102838407080C0B06050F000D0E48
:10A89000010283840101000401000004013201016E
:10A8A0000132020101100101011101010112010235
:10A8B0000103020601030106011202020200000167
:10A8C0000202000102010001021000010222000147
:10A8D000022300010000000000000000022100012E
:10A8E0000220000100000000000000000130010112
:10A8F0000131010101020004010300040000000015
:10A9000000000000012102010121010100000000FE
:10A91000000000000000000001100201010102011E
:10A920000101010101000201010001010102020116
:10A93000010201010001000050100020120000007F
:10A9400000060000781D00600A0000000002000000
:10A95000E01C00609500000000070000481C00603B
:10A960009500000000030000441C0060000000008F
:10A9700001030904201C0060000000000203090418
:10A98000001C0060000000000303090414150020EF
:10A9900000000000000000000000000000000000B7
:10A9A00000000000142100207C210020E421002070
:10A9B0000000000000000000000000000000000097
:10A9C0000000000000000000000000000000000087
:10A9D0000000000000000000000000000000000077
:10A9E0000000000000000000000000000000000067
:10A9F0000000000000000000000000000000000057
:10AA00000000000000000000000000000000000046
:10AA10000000000000000000000000000000000036
:10AA20000000000000000000000000000000000026
:10AA30000000000000000000010000000000000015
:10AA40000E33CDAB34126DE6ECDE05000B000000DA
:10AA500000000000000000000000000000000000F6
:10AA600000000000000000000000000000000000E6
:10AA700000000000000000000000000000000000D6
:10AA800000000000000000000000000000000000C6
:10AA900000000000000000000000000000000000B6
:10AAA00000000000000000000000000000000000A6
:10AAB0000000000000000000000000000000000096
:10AAC0000029DE07007B9A17FFFFFFFFD820002038
:10AAD00000652020000000000000000000000000D1
:10AAE000080C0020080C0020100C0020100C002086
:10AAF000180C0020180C0020200C0020200C002036
:10AB0000280C0020280C0020300C0020300C0020E5
:10AB1000380C0020380C0020400C0020400C002095
:10AB2000480C0020480C0020500C0020500C002045
:10AB3000580C0020580C0020600C0020600C0020F5
:10AB4000680C0020680C0020700C0020700C0020A5
:10AB5000780C0020780C0020800C0020800C002055
:10AB6000880C0020880C0020900C0020900C002005
:10AB7000980C0020980C0020A00C0020A00C0020B5
:10AB8000A80C0020A80C0020B00C0020B00C002065
:10AB9000B80C0020B80C0020C00C0020C00C002015
:10ABA000C80C0020C80C0020D00C0020D00C0020C5
:10ABB000D80C0020D80C0020E00C0020E00C002075
:10ABC000E80C0020E80C0020F00C0020F00C002025
:10ABD000F80C0020F80C0020000D0020000D0020D3
:10ABE000080D0020080D0020100D0020100D002081
:10ABF000180D0020180D0020200D0020200D002031
:10AC0000280D0020280D0020300D0020300D0020E0
:10AC1000380D0020380D0020400D0020400D002090
:10AC2000480D0020480D0020500D0020500D002040
:10AC3000580D0020580D0020600D0020600D0020F0
:10AC4000680D0020680D0020700D0020700D0020A0
:10AC5000780D0020780D0020800D0020800D002050
:10AC6000880D0020880D0020900D0020900D002000
:10AC7000980D0020980D0020A00D0020A00D0020B0
:10AC8000A80D0020A80D0020B00D0020B00D002060
:10AC9000B80D0020B80D0020C00D0020C00D002010
:10ACA000C80D0020C80D0020D00D0020D00D0020C0
:10ACB000D80D0020D80D0020E00D0020E00D002070
:10ACC000E80D0020E80D0020F00D0020F00D002020
:10ACD000F80D0020F80D0020000E0020000E0020CE
:10ACE000080E0020080E0020100E0020100E00207C
:10ACF000180E0020180E0020200E0020200E00202C
:10AD0000280E0020280E0020300E0020300E0020DB
:10AD1000380E0020380E0020400E0020400E00208B
:10AD2000480E0020480E0020500E0020500E00203B
:10AD3000580E0020580E0020600E0020600E0020EB
:10AD4000680E0020680E0020700E0020700E00209B
:10AD5000780E0020780E0020800E0020800E00204B
:10AD6000880E0020880E0020900E0020900E0020FB
:10AD7000980E0020980E0020A00E0020A00E0020AB
:10AD8000A80E0020A80E0020B00E0020B00E00205B
:10AD9000B80E0020B80E0020C00E0020C00E00200B
:10ADA000C80E0020C80E0020D00E0020D00E0020BB
:10ADB000D80E0020D80E0020E00E0020E00E00206B
:10ADC000E80E0020E80E0020F00E0020F00E00201B
:10ADD000F80E0020F80E0020000F0020000F0020C9
:10ADE000080F0020080F0020100F0020100F002077
:10ADF000180F0020180F0020200F0020200F002027
:10AE0000280F0020280F0020300F0020300F0020D6
:10AE1000380F0020380F0020400F0020400F002086
:10AE2000480F0020480F0020500F0020500F002036
:10AE3000580F0020580F0020600F0020600F0020E6
:10AE4000680F0020680F0020700F0020700F002096
:10AE5000780F0020780F0020800F0020800F002046
:10AE6000880F0020880F0020900F0020900F0020F6
:10AE7000980F0020980F0020A00F0020A00F0020A6
:10AE8000A80F0020A80F0020B00F0020B00F002056
:10AE9000B80F0020B80F0020C00F0020C00F002006
:10AEA000C80F0020C80F0020D00F0020D00F0020B6
:10AEB000D80F0020D80F0020E00F0020E00F002066
:10AEC000E80F0020E80F0020F00F0020F00F002016
:10AED000F80F0020F80F00200010002000100020C4
:10AEE000FFFFFFFF00000200D00A00207B142E3E6F
:10AEF000AE47E13D0000803F3D0AD73E3D0AD73EC8
:10AF0000E17A143F8FC2F53E7B14AE3EB81E053F7A
:10AF10003C4348000000003F0000003F0000003FAD
:10AF200012010002EF020140C0168B04010301026E
:10AF300003010000A9500000A9500000A950000022
:10AF4000A9500000A9500000A9500000A95000001D
:10AF5000A9500000A9500000A9500000A95000000D
:10AF6000A9500000A9500000A9500000A9500000FD
:10AF7000A9500000A9500000A9500000A9500000ED
:10AF8000A9500000A9500000A9500000A9500000DD
:10AF9000A9500000A9500000A9500000A9500000CD
:10AFA000A9500000A9500000A9500000A9500000BD
:10AFB000A9500000A9500000A9500000A9500000AD
:10AFC000A9500000A9500000A9500000A95000009D
:10AFD000A9500000A9500000A9500000A95000008D
:10AFE000A9500000A9500000A9500000A95000007D
:10AFF000A9500000A9500000A9500000A95000006D
:10B00000A9500000A9500000A9500000A95000005C
:10B01000A9500000A9500000A9500000A95000004C
:10B02000A9500000A9500000A9500000A95000003C
:10B03000A9500000A9500000A9500000A95000002C
:10B04000A9500000A9500000A9500000A95000001C
:10B05000A9500000A9500000A9500000A95000000C
:10B06000A9500000A9500000A9500000A9500000FC
:10B07000A9500000A9500000A9500000A9500000EC
:10B08000A9500000A9500000A9500000A9500000DC
:10B09000A9500000A9500000A9500000A9500000CC
:10B0A000A9500000A9500000A9500000A9500000BC
:10B0B000A9500000A9500000A9500000A9500000AC
:10B0C000A9500000A9500000A9500000A95000009C
:10B0D000A9500000A9500000A9500000A95000008C
:10B0E000A9500000A9500000A9500000A95000007C
:10B0F000A9500000A9500000A9500000A95000006C
:10B10000A9500000A9500000A9500000A95000005B
:10B11000A9500000A9500000A9500000A95000004B
:10B12000A9500000A9500000A9500000A95000003B
:10B13000A950000020A1070000010000000000004D
:10B1400000000000000100000000000000000000FE
:10B1500000010000000000000000000000010000ED
:10B1600000000000000000000001000000000000DE
:10B1700000000000000100000000000000000000CE
:10B1800000010000000000000000000000010000BD
:10B1900000000000000000000001000000000000AE
:10B1A000000000000001000000000000000000009E
:10B1B000000100000000000000000000000100008D
:10B1C000000000000000000000010000000000007E
:10B1D000000000000001000000000000000000006E
:10B1E000000100000000000000000000000100005D
:10B1F000000000000000000000010000000000004E
:10B20000000000000001000000000000000000003D
:10B21000000100000000000000000000000100002C
:10B22000000000000000000000010000000000001D
:10B23000000000000001000000000000000000000D
:10B2400000010000000000000000000000010000FC
:10B2500000000000000000000001000000000000ED
:10B2600000000000000100000000000000000000DD
:10B2700000010000000000000000000000010000CC
:10B2800000000000000000000001000000000000BD
:10B2900000000000000100000000000000000000AD
:10B2A000000100000000000000000000000100009C
:10B2B000000000000000000000010000000000008D
:10B2C000000000000001000000000000000000007D
:10B2D000000100000000000000000000000100006C
:10B2E000000000000000000000010000000000005D
:10B2F000000000000001000000000000000000004D
:10B30000000100000000000000000000000100003B
:10B31000000000000000000000010000000000002C
:10B32000000000000001000000000000000000001C
:10B33000000100000000000000000000000100000B
:10B3400000000000000000000001000000000000FC
:10B3500000000000000100000000000000000000EC
:10B3600000010000000000000000000000010000DB
:10B3700000000000000000000000000000000000CD
:10B3800000000000CDCC0C3F0000000000000000D9
:10B390005C2200200000000000000000000000000F
:10B3A00000000000882200200000000000000000D3
:10B3B0000000000000000000B42200200000000097
:10B3C0000000000000000000000000003D0AD73E21
:10B3D0000000003FE17A143FE17A143FE17A143F24
:10B3E000E17A143F0C0300000000000000000000A0
:10B3F000000000000000000000003DA5083C000027
:10B40000000000000000000000000000000000003C
:10B41000000000000000000000000000000000002C
:10B42000000000000000000000000000000000001C
:10B43000000000000000000000000000000000000C
:10B4400000000000000000000000000000000000FC
:10B4500000000000000000000000000000000000EC
:10B4600000000000000000000000000000000000DC
:10B4700000000000000000000000000000000000CC
:10B4800000000000000000000000000000000000BC
:10B4900000000000000000000000000000000000AC
:10B4A000000000000000000000000000000000009C
:10B4B000000000000000000000000000000000008C
:10B4C000000000000000000000000000000000007C
:10B4D000000000000000000000000000000000006C
:10B4E000000000000000000000000000000000005C
:10B4F000000000000000000000000000000000004C
:10B50000000000000000000000000000000000003B
:10B51000000000000000000000000000000000002B
:10B52000000000000000000000000000000000001B
:10B53000000000000000000000000000000000000B
:10B5400000000000000000000000000000000000FB
:10B5500000000000000000000000000000000000EB
:10B5600000000000000000000000000000000000DB
:10B5700000000000000000000000000000000000CB
:10B5800000000000000000000000000000000000BB
:10B5900000000000000000000000000000000000AB
:10B5A000000000000000000000000000000000009B
:10B5B000000000000000000000000000000000008B
:10B5C000000000000000000000000000000000007B
:10B5D000000000000000000000000000000000006B
:10B5E000000000000000000000000000000000005B
:10B5F000000000000000000000000000000000004B
:10B60000000000000000000000000000000000003A
:10B61000000000000000000000000000000000002A
:10B62000000000000000000000000000000000001A
:10B63000000000000000000000000000000000000A
:10B6400000000000000000000000000000000000FA
:10B6500000000000000000000000000000000000EA
:10B6600000000000000000000000000000000000DA
:10B6700000000000000000000000000000000000CA
:10B6800000000000000000000000000000000000BA
:10B6900000000000000000000000000000000000AA
:10B6A000000000000000000000000000000000009A
:10B6B000000000000000000000000000000000008A
:10B6C000000000000000000000000000000000007A
:10B6D000000000000000000000000000000000006A
:10B6E000000000000000000000000000000000005A
:10B6F000000000000000000000000000000000004A
:10B700000000000000000000000000000000000039
:10B710000000000000000000000000000000000029
:10B720000000000000000000000000000000000019
:10B730000000000000000000000000000000000009
:10B7400000000000000000000000000000000000F9
:10B7500000000000000000000000000000000000E9
:10B7600000000000000000000000000000000000D9
:10B7700000000000000000000000000000000000C9
:10B7800000000000000000000000000000000000B9
:10B7900000000000000000000000000000000000A9
:10B7A0000000000000000000000000000000000099
:10B7B0000000000000000000000000000000000089
:10B7C0000000000000000000000000000000000079
:10B7D0000000000000000000000000000000000069
:10B7E0000000000000000000000000000000000059
:10B7F0000000000000000000000000000000000049
:10B800000000000000000000000000000000000038
:10B810000000000000000000000000000000000028
:10B820000000000000000000000000000000000018
:10B830000000000000000000000000000000000008
:10B8400000000000000000000000000000000000F8
:10B8500000000000000000000000000000000000E8
:10B8600000000000000000000000000000000000D8
:10B8700000000000000000000000000000000000C8
:10B8800000000000000000000000000000000000B8
:10B8900000000000000000000000000000000000A8
:10B8A0000000000000000000000000000000000098
:10B8B0000000000000000000000000000000000088
:10B8C0000000000000000000000000000000000078
:10B8D0000000000000000000000000000000000068
:10B8E0000000000000000000000000000000000058
:10B8F0000000000000000000000000000000000048
:10B900000000000000000000000000000000000037
:10B910000000000000000000000000000000000027
:10B920000000000000000000000000000000000017
:10B930000000000000000000000000000000000007
:10B9400000000000000000000000000000000000F7
:10B9500000000000000000000000000000000000E7
:10B9600000000000000000000000000000000000D7
:10B9700000000000000000000000000000000000C7
:10B9800000000000000000000000000000000000B7
:10B99000FFFFFFFFFFFFFFFFFFFFFFFFFFFFFFFFB7
:10B9A000FFFFFFFFFFFFFFFFFFFFFFFFFFFFFFFFA7
:10B9B000FFFFFFFFFFFFFFFFFFFFFFFFFFFFFFFF97
:10B9C000FFFFFFFFFFFFFFFFFFFFFFFFFFFFFFFF87
:10B9D000FFFFFFFFFFFFFFFFFFFFFFFFFFFFFFFF77
:10B9E000FFFFFFFFFFFFFFFFFFFFFFFFFFFFFFFF67
:10B9F000FFFFFFFFFFFFFFFFFFFFFFFFFFFFFFFF57
:10BA0000FFFFFFFFFFFFFFFFFFFFFFFFFFFFFFFF46
:10BA1000FFFFFFFFFFFFFFFFFFFFFFFFFFFFFFFF36
:10BA2000FFFFFFFFFFFFFFFFFFFFFFFFFFFFFFFF26
:10BA3000FFFFFFFFFFFFFFFFFFFFFFFFFFFFFFFF16
:10BA4000FFFFFFFFFFFFFFFFFFFFFFFFFFFFFFFF06
:10BA5000FFFFFFFFFFFFFFFFFFFFFFFFFFFFFFFFF6
:10BA6000FFFFFFFFFFFFFFFFFFFFFFFFFFFFFFFFE6
:10BA7000FFFFFFFFFFFFFFFFFFFFFFFFFFFFFFFFD6
:10BA8000FFFFFFFFFFFFFFFFFFFFFFFFFFFFFFFFC6
:10BA9000FFFFFFFFFFFFFFFFFFFFFFFFFFFFFFFFB6
:10BAA000FFFFFFFFFFFFFFFFFFFFFFFFFFFFFFFFA6
:10BAB000FFFFFFFFFFFFFFFFFFFFFFFFFFFFFFFF96
:10BAC000FFFFFFFFFFFFFFFFFFFFFFFFFFFFFFFF86
:10BAD000FFFFFFFFFFFFFFFFFFFFFFFFFFFFFFFF76
:10BAE000FFFFFFFFFFFFFFFFFFFFFFFFFFFFFFFF66
:10BAF000FFFFFFFFFFFFFFFFFFFFFFFFFFFFFFFF56
:10BB0000FFFFFFFFFFFFFFFFFFFFFFFFFFFFFFFF45
:10BB1000FFFFFFFFFFFFFFFFFFFFFFFFFFFFFFFF35
:10BB2000FFFFFFFFFFFFFFFFFFFFFFFFFFFFFFFF25
:10BB3000FFFFFFFFFFFFFFFFFFFFFFFFFFFFFFFF15
:10BB4000FFFFFFFFFFFFFFFFFFFFFFFFFFFFFFFF05
:10BB5000FFFFFFFFFFFFFFFFFFFFFFFFFFFFFFFFF5
:10BB6000FFFFFFFFFFFFFFFFFFFFFFFFFFFFFFFFE5
:10BB7000FFFFFFFFFFFFFFFFFFFFFFFFFFFFFFFFD5
:10BB8000FFFFFFFFFFFFFFFFFFFFFFFFFFFFFFFFC5
:10BB9000FFFFFFFFFFFFFFFFFFFFFFFFFFFFFFFFB5
:10BBA000FFFFFFFFFFFFFFFFFFFFFFFFFFFFFFFFA5
:10BBB000FFFFFFFFFFFFFFFFFFFFFFFFFFFFFFFF95
:10BBC000FFFFFFFFFFFFFFFFFFFFFFFFFFFFFFFF85
:10BBD000FFFFFFFFFFFFFFFFFFFFFFFFFFFFFFFF75
:10BBE000FFFFFFFFFFFFFFFFFFFFFFFFFFFFFFFF65
:10BBF000FFFFFFFFFFFFFFFFFFFFFFFFFFFFFFFF55
:10BC00000000000000000000000000000000000034
:10BC10000000000000000000000000000000000024
:10BC20000000000000000000000000000000000014
:10BC30000000000000000000000000000000000004
:10BC400000000000000000000000000000000000F4
:10BC500000000000000000000000000000000000E4
:10BC600000000000000000000000000000000000D4
:10BC700000000000000000000000000000000000C4
:10BC800000000000000000000000000000000000B4
:10BC900000000000000000000000000000000000A4
:10BCA0000000000000000000000000000000000094
:10BCB0000000000000000000000000000000000084
:10BCC0000000000000000000000000000000000074
:10BCD0000000000000000000000000000000000064
:10BCE0000000000000000000000000000000000054
:10BCF0000000000000000000000000000000000044
:10BD00000000000000000000000000000000000033
:10BD10000000000000000000000000000000000023
:10BD20000000000000000000000000000000000013
:10BD30000000000000000000000000000000000003
:10BD400000000000000000000000000000000000F3
:10BD500000000000000000000000000000000000E3
:10BD600000000000000000000000000000000000D3
:10BD700000000000000000000000000000000000C3
:10BD800000000000000000000000000000000000B3
:10BD900000000000000000000000000000000000A3
:10BDA0000000000000000000000000000000000093
:10BDB0000000000000000000000000000000000083
:10BDC0000000000000000000000000000000000073
:10BDD0000000000000000000000000000000000063
:10BDE0000000000000000000000000000000000053
:10BDF0000000000000000000000000000000000043
:10BE00000000000000000000000000000000000032
:10BE10000000000000000000000000000000000022
:10BE20000000000000000000000000000000000012
:10BE30000000000000000000000000000000000002
:10BE400000000000000000000000000000000000F2
:10BE500000000000000000000000000000000000E2
:10BE600000000000000000000000000000000000D2
:10BE700000000000000000000000000000000000C2
:10BE800000000000000000000000000000000000B2
:10BE900000000000000000000000000000000000A2
:10BEA0000000000000000000000000000000000092
:10BEB0000000000000000000000000000000000082
:10BEC0000000000000000000000000000000000072
:10BED0000000000000000000000000000000000062
:10BEE0000000000000000000000000000000000052
:10BEF0000000000000000000000000000000000042
:10BF00000000000000000000000000000000000031
:10BF10000000000000000000000000000000000021
:10BF20000000000000000000000000000000000011
:10BF30000000000000000000000000000000000001
:10BF400000000000000000000000000000000000F1
:10BF500000000000000000000000000000000000E1
:10BF600000000000000000000000000000000000D1
:10BF700000000000000000000000000000000000C1
:10BF800000000000000000000000000000000000B1
:10BF900000000000000000000000000000000000A1
:10BFA0000000000000000000000000000000000091
:10BFB0000000000000000000000000000000000081
:10BFC0000000000000000000000000000000000071
:10BFD0000000000000000000000000000000000061
:10BFE0000000000000000000000000000000000051
:10BFF0000000000000000000000000000000000041
:10C000000000000000000000000000000000000030
:10C010000000000000000000000000000000000020
:10C020000000000000000000000000000000000010
:10C030000000000000000000000000000000000000
:10C0400000000000000000000000000000000000F0
:10C0500000000000000000000000000000000000E0
:10C0600000000000000000000000000000000000D0
:10C0700000000000000000000000000000000000C0
:10C0800000000000000000000000000000000000B0
:10C0900000000000000000000000000000000000A0
:10C0A0000000000000000000000000000000000090
:10C0B0000000000000000000000000000000000080
:10C0C0000000000000000000000000000000000070
:10C0D0000000000000000000000000000000000060
:10C0E0000000000000000000000000000000000050
:10C0F0000000000000000000000000000000000040
:10C10000000000000000000000000000000000002F
:10C11000000000000000000000000000000000001F
:10C12000000000000000000000000000000000000F
:10C1300000000000000000000000000000000000FF
:10C1400000000000000000000000000000000000EF
:10C1500000000000000000000000000000000000DF
:10C1600000000000000000000000000000000000CF
:10C1700000000000000000000000000000000000BF
:10C1800000000000000000000000000000000000AF
:10C19000000000000000000000000000000000009F
:10C1A000000000000000000000000000000000008F
:10C1B000000000000000000000000000000000007F
:10C1C000000000000000000000000000000000006F
:10C1D000000000000000000000000000000000005F
:10C1E000000000000000000000000000000000004F
:10C1F000000000000000000000000000000000003F
:10C20000000000000000000000000000000000002E
:10C21000000000000000000000000000000000001E
:10C22000000000000000000000000000000000000E
:10C2300000000000000000000000000000000000FE
:10C2400000000000000000000000000000000000EE
:10C2500000000000000000000000000000000000DE
:10C2600000000000000000000000000000000000CE
:10C2700000000000000000000000000000000000BE
:10C2800000000000000000000000000000000000AE
:10C29000000000000000000000000000000000009E
:10C2A000000000000000000000000000000000008E
:10C2B000000000000000000000000000000000007E
:10C2C000000000000000000000000000000000006E
:10C2D000000000000000000000000000000000005E
:10C2E000000000000000000000000000000000004E
:10C2F000000000000000000000000000000000003E
:10C30000000000000000000000000000000000002D
:10C31000000000000000000000000000000000001D
:10C32000000000000000000000000000000000000D
:10C3300000000000000000000000000000000000FD
:10C3400000000000000000000000000000000000ED
:10C3500000000000000000000000000000000000DD
:10C3600000000000000000000000000000000000CD
:10C3700000000000000000000000000000000000BD
:10C3800000000000000000000000000000000000AD
:10C39000000000000000000000000000000000009D
:10C3A000000000000000000000000000000000008D
:10C3B000000000000000000000000000000000007D
:10C3C000000000000000000000000000000000006D
:10C3D000000000000000000000000000000000005D
:10C3E000000000000000000000000000000000004D
:10C3F000000000000000000000000000000000003D
:10C40000000000000000000000000000000000002C
:10C41000000000000000000000000000000000001C
:10C42000000000000000000000000000000000000C
:10C4300000000000000000000000000000000000FC
:10C4400000000000000000000000000000000000EC
:10C4500000000000000000000000000000000000DC
:10C4600000000000000000000000000000000000CC
:10C4700000000000000000000000000000000000BC
:10C4800000000000000000000000000000000000AC
:10C49000000000000000000000000000000000009C
:10C4A000000000000000000000000000000000008C
:10C4B000000000000000000000000000000000007C
:10C4C000000000000000000000000000000000006C
:10C4D000000000000000000000000000000000005C
:10C4E000000000000000000000000000000000004C
:10C4F000000000000000000000000000000000003C
:10C50000000000000000000000000000000000002B
:10C51000000000000000000000000000000000001B
:10C52000000000000000000000000000000000000B
:10C5300000000000000000000000000000000000FB
:10C5400000000000000000000000000000000000EB
:10C5500000000000000000000000000000000000DB
:10C5600000000000000000000000000000000000CB
:10C5700000000000000000000000000000000000BB
:10C5800000000000000000000000000000000000AB
:10C59000000000000000000000000000000000009B
:10C5A000000000000000000000000000000000008B
:10C5B000000000000000000000000000000000007B
:10C5C000000000000000000000000000000000006B
:10C5D000000000000000000000000000000000005B
:10C5E000000000000000000000000000000000004B
:10C5F000000000000000000000000000000000003B
:10C60000000000000000000000000000000000002A
:10C61000000000000000000000000000000000001A
:10C62000000000000000000000000000000000000A
:10C6300000000000000000000000000000000000FA
:10C6400000000000000000000000000000000000EA
:10C6500000000000000000000000000000000000DA
:10C6600000000000000000000000000000000000CA
:10C6700000000000000000000000000000000000BA
:10C6800000000000000000000000000000000000AA
:10C69000000000000000000000000000000000009A
:10C6A000000000000000000000000000000000008A
:10C6B000000000000000000000000000000000007A
:10C6C000000000000000000000000000000000006A
:10C6D000000000000000000000000000000000005A
:10C6E000000000000000000000000000000000004A
:10C6F000000000000000000000000000000000003A
:10C700000000000000000000000000000000000029
:10C710000000000000000000000000000000000019
:10C720000000000000000000000000000000000009
:10C7300000000000000000000000000000000000F9
:10C7400000000000000000000000000000000000E9
:10C7500000000000000000000000000000000000D9
:10C7600000000000000000000000000000000000C9
:10C7700000000000000000000000000000000000B9
:10C7800000000000000000000000000000000000A9
:10C790000000000000000000000000000000000099
:10C7A0000000000000000000000000000000000089
:10C7B0000000000000000000000000000000000079
:10C7C0000000000000000000000000000000000069
:10C7D0000000000000000000000000000000000059
:10C7E0000000000000000000000000000000000049
:10C7F0000000000000000000000000000000000039
:040000056000100087
:00000001FF
