:0200000460009A
:100000004643464200000156000000000103030081
:1000100000000000000000000000000000000000E0
:1000200000000000000000000000000000000000D0
:1000300000000000000000000000000000000000C0
:1000400000000000010408000000000000000000A3
:100050000000200000000000000000000000000080
:100060000000000000000000000000000000000090
:100070000000000000000000000000000000000080
:10008000EB04180A063204260000000000000000FD
:10009000050404240000000000000000000000002F
:1000A0000000000000000000000000000000000050
:1000B0000604000000000000000000000000000036
:1000C0000000000000000000000000000000000030
:1000D00020041808000000000000000000000000DC
:1000E0000000000000000000000000000000000010
:1000F0000000000000000000000000000000000000
:10010000D8041808000000000000000000000000F3
:100110000204180804200000000000000000000095
:1001200000000000000000000000000000000000CF
:10013000600400000000000000000000000000005B
:1001400000000000000000000000000000000000AF
:10015000000000000000000000000000000000009F
:10016000000000000000000000000000000000008F
:10017000000000000000000000000000000000007F
:10018000000000000000000000000000000000006F
:10019000000000000000000000000000000000005F
:1001A000000000000000000000000000000000004F
:1001B000000000000000000000000000000000003F
:1001C000000100000010000001000000000000001D
:1001D000000001000000000000000000000000001E
:1001E000000000000000000000000000000000000F
:1001F00000000000000000000000000000000000FF
:10020000FFFFFFFFFFFFFFFFFFFFFFFFFFFFFFFFFE
:10021000FFFFFFFFFFFFFFFFFFFFFFFFFFFFFFFFEE
:10022000FFFFFFFFFFFFFFFFFFFFFFFFFFFFFFFFDE
:10023000FFFFFFFFFFFFFFFFFFFFFFFFFFFFFFFFCE
:10024000FFFFFFFFFFFFFFFFFFFFFFFFFFFFFFFFBE
:10025000FFFFFFFFFFFFFFFFFFFFFFFFFFFFFFFFAE
:10026000FFFFFFFFFFFFFFFFFFFFFFFFFFFFFFFF9E
:10027000FFFFFFFFFFFFFFFFFFFFFFFFFFFFFFFF8E
:10028000FFFFFFFFFFFFFFFFFFFFFFFFFFFFFFFF7E
:10029000FFFFFFFFFFFFFFFFFFFFFFFFFFFFFFFF6E
:1002A000FFFFFFFFFFFFFFFFFFFFFFFFFFFFFFFF5E
:1002B000FFFFFFFFFFFFFFFFFFFFFFFFFFFFFFFF4E
:1002C000FFFFFFFFFFFFFFFFFFFFFFFFFFFFFFFF3E
:1002D000FFFFFFFFFFFFFFFFFFFFFFFFFFFFFFFF2E
:1002E000FFFFFFFFFFFFFFFFFFFFFFFFFFFFFFFF1E
:1002F000FFFFFFFFFFFFFFFFFFFFFFFFFFFFFFFF0E
:10030000FFFFFFFFFFFFFFFFFFFFFFFFFFFFFFFFFD
:10031000FFFFFFFFFFFFFFFFFFFFFFFFFFFFFFFFED
:10032000FFFFFFFFFFFFFFFFFFFFFFFFFFFFFFFFDD
:10033000FFFFFFFFFFFFFFFFFFFFFFFFFFFFFFFFCD
:10034000FFFFFFFFFFFFFFFFFFFFFFFFFFFFFFFFBD
:10035000FFFFFFFFFFFFFFFFFFFFFFFFFFFFFFFFAD
:10036000FFFFFFFFFFFFFFFFFFFFFFFFFFFFFFFF9D
:10037000FFFFFFFFFFFFFFFFFFFFFFFFFFFFFFFF8D
:10038000FFFFFFFFFFFFFFFFFFFFFFFFFFFFFFFF7D
:10039000FFFFFFFFFFFFFFFFFFFFFFFFFFFFFFFF6D
:1003A000FFFFFFFFFFFFFFFFFFFFFFFFFFFFFFFF5D
:1003B000FFFFFFFFFFFFFFFFFFFFFFFFFFFFFFFF4D
:1003C000FFFFFFFFFFFFFFFFFFFFFFFFFFFFFFFF3D
:1003D000FFFFFFFFFFFFFFFFFFFFFFFFFFFFFFFF2D
:1003E000FFFFFFFFFFFFFFFFFFFFFFFFFFFFFFFF1D
:1003F000FFFFFFFFFFFFFFFFFFFFFFFFFFFFFFFF0D
:10040000FFFFFFFFFFFFFFFFFFFFFFFFFFFFFFFFFC
:10041000FFFFFFFFFFFFFFFFFFFFFFFFFFFFFFFFEC
:10042000FFFFFFFFFFFFFFFFFFFFFFFFFFFFFFFFDC
:10043000FFFFFFFFFFFFFFFFFFFFFFFFFFFFFFFFCC
:10044000FFFFFFFFFFFFFFFFFFFFFFFFFFFFFFFFBC
:10045000FFFFFFFFFFFFFFFFFFFFFFFFFFFFFFFFAC
:10046000FFFFFFFFFFFFFFFFFFFFFFFFFFFFFFFF9C
:10047000FFFFFFFFFFFFFFFFFFFFFFFFFFFFFFFF8C
:10048000FFFFFFFFFFFFFFFFFFFFFFFFFFFFFFFF7C
:10049000FFFFFFFFFFFFFFFFFFFFFFFFFFFFFFFF6C
:1004A000FFFFFFFFFFFFFFFFFFFFFFFFFFFFFFFF5C
:1004B000FFFFFFFFFFFFFFFFFFFFFFFFFFFFFFFF4C
:1004C000FFFFFFFFFFFFFFFFFFFFFFFFFFFFFFFF3C
:1004D000FFFFFFFFFFFFFFFFFFFFFFFFFFFFFFFF2C
:1004E000FFFFFFFFFFFFFFFFFFFFFFFFFFFFFFFF1C
:1004F000FFFFFFFFFFFFFFFFFFFFFFFFFFFFFFFF0C
:10050000FFFFFFFFFFFFFFFFFFFFFFFFFFFFFFFFFB
:10051000FFFFFFFFFFFFFFFFFFFFFFFFFFFFFFFFEB
:10052000FFFFFFFFFFFFFFFFFFFFFFFFFFFFFFFFDB
:10053000FFFFFFFFFFFFFFFFFFFFFFFFFFFFFFFFCB
:10054000FFFFFFFFFFFFFFFFFFFFFFFFFFFFFFFFBB
:10055000FFFFFFFFFFFFFFFFFFFFFFFFFFFFFFFFAB
:10056000FFFFFFFFFFFFFFFFFFFFFFFFFFFFFFFF9B
:10057000FFFFFFFFFFFFFFFFFFFFFFFFFFFFFFFF8B
:10058000FFFFFFFFFFFFFFFFFFFFFFFFFFFFFFFF7B
:10059000FFFFFFFFFFFFFFFFFFFFFFFFFFFFFFFF6B
:1005A000FFFFFFFFFFFFFFFFFFFFFFFFFFFFFFFF5B
:1005B000FFFFFFFFFFFFFFFFFFFFFFFFFFFFFFFF4B
:1005C000FFFFFFFFFFFFFFFFFFFFFFFFFFFFFFFF3B
:1005D000FFFFFFFFFFFFFFFFFFFFFFFFFFFFFFFF2B
:1005E000FFFFFFFFFFFFFFFFFFFFFFFFFFFFFFFF1B
:1005F000FFFFFFFFFFFFFFFFFFFFFFFFFFFFFFFF0B
:10060000FFFFFFFFFFFFFFFFFFFFFFFFFFFFFFFFFA
:10061000FFFFFFFFFFFFFFFFFFFFFFFFFFFFFFFFEA
:10062000FFFFFFFFFFFFFFFFFFFFFFFFFFFFFFFFDA
:10063000FFFFFFFFFFFFFFFFFFFFFFFFFFFFFFFFCA
:10064000FFFFFFFFFFFFFFFFFFFFFFFFFFFFFFFFBA
:10065000FFFFFFFFFFFFFFFFFFFFFFFFFFFFFFFFAA
:10066000FFFFFFFFFFFFFFFFFFFFFFFFFFFFFFFF9A
:10067000FFFFFFFFFFFFFFFFFFFFFFFFFFFFFFFF8A
:10068000FFFFFFFFFFFFFFFFFFFFFFFFFFFFFFFF7A
:10069000FFFFFFFFFFFFFFFFFFFFFFFFFFFFFFFF6A
:1006A000FFFFFFFFFFFFFFFFFFFFFFFFFFFFFFFF5A
:1006B000FFFFFFFFFFFFFFFFFFFFFFFFFFFFFFFF4A
:1006C000FFFFFFFFFFFFFFFFFFFFFFFFFFFFFFFF3A
:1006D000FFFFFFFFFFFFFFFFFFFFFFFFFFFFFFFF2A
:1006E000FFFFFFFFFFFFFFFFFFFFFFFFFFFFFFFF1A
:1006F000FFFFFFFFFFFFFFFFFFFFFFFFFFFFFFFF0A
:10070000FFFFFFFFFFFFFFFFFFFFFFFFFFFFFFFFF9
:10071000FFFFFFFFFFFFFFFFFFFFFFFFFFFFFFFFE9
:10072000FFFFFFFFFFFFFFFFFFFFFFFFFFFFFFFFD9
:10073000FFFFFFFFFFFFFFFFFFFFFFFFFFFFFFFFC9
:10074000FFFFFFFFFFFFFFFFFFFFFFFFFFFFFFFFB9
:10075000FFFFFFFFFFFFFFFFFFFFFFFFFFFFFFFFA9
:10076000FFFFFFFFFFFFFFFFFFFFFFFFFFFFFFFF99
:10077000FFFFFFFFFFFFFFFFFFFFFFFFFFFFFFFF89
:10078000FFFFFFFFFFFFFFFFFFFFFFFFFFFFFFFF79
:10079000FFFFFFFFFFFFFFFFFFFFFFFFFFFFFFFF69
:1007A000FFFFFFFFFFFFFFFFFFFFFFFFFFFFFFFF59
:1007B000FFFFFFFFFFFFFFFFFFFFFFFFFFFFFFFF49
:1007C000FFFFFFFFFFFFFFFFFFFFFFFFFFFFFFFF39
:1007D000FFFFFFFFFFFFFFFFFFFFFFFFFFFFFFFF29
:1007E000FFFFFFFFFFFFFFFFFFFFFFFFFFFFFFFF19
:1007F000FFFFFFFFFFFFFFFFFFFFFFFFFFFFFFFF09
:10080000FFFFFFFFFFFFFFFFFFFFFFFFFFFFFFFFF8
:10081000FFFFFFFFFFFFFFFFFFFFFFFFFFFFFFFFE8
:10082000FFFFFFFFFFFFFFFFFFFFFFFFFFFFFFFFD8
:10083000FFFFFFFFFFFFFFFFFFFFFFFFFFFFFFFFC8
:10084000FFFFFFFFFFFFFFFFFFFFFFFFFFFFFFFFB8
:10085000FFFFFFFFFFFFFFFFFFFFFFFFFFFFFFFFA8
:10086000FFFFFFFFFFFFFFFFFFFFFFFFFFFFFFFF98
:10087000FFFFFFFFFFFFFFFFFFFFFFFFFFFFFFFF88
:10088000FFFFFFFFFFFFFFFFFFFFFFFFFFFFFFFF78
:10089000FFFFFFFFFFFFFFFFFFFFFFFFFFFFFFFF68
:1008A000FFFFFFFFFFFFFFFFFFFFFFFFFFFFFFFF58
:1008B000FFFFFFFFFFFFFFFFFFFFFFFFFFFFFFFF48
:1008C000FFFFFFFFFFFFFFFFFFFFFFFFFFFFFFFF38
:1008D000FFFFFFFFFFFFFFFFFFFFFFFFFFFFFFFF28
:1008E000FFFFFFFFFFFFFFFFFFFFFFFFFFFFFFFF18
:1008F000FFFFFFFFFFFFFFFFFFFFFFFFFFFFFFFF08
:10090000FFFFFFFFFFFFFFFFFFFFFFFFFFFFFFFFF7
:10091000FFFFFFFFFFFFFFFFFFFFFFFFFFFFFFFFE7
:10092000FFFFFFFFFFFFFFFFFFFFFFFFFFFFFFFFD7
:10093000FFFFFFFFFFFFFFFFFFFFFFFFFFFFFFFFC7
:10094000FFFFFFFFFFFFFFFFFFFFFFFFFFFFFFFFB7
:10095000FFFFFFFFFFFFFFFFFFFFFFFFFFFFFFFFA7
:10096000FFFFFFFFFFFFFFFFFFFFFFFFFFFFFFFF97
:10097000FFFFFFFFFFFFFFFFFFFFFFFFFFFFFFFF87
:10098000FFFFFFFFFFFFFFFFFFFFFFFFFFFFFFFF77
:10099000FFFFFFFFFFFFFFFFFFFFFFFFFFFFFFFF67
:1009A000FFFFFFFFFFFFFFFFFFFFFFFFFFFFFFFF57
:1009B000FFFFFFFFFFFFFFFFFFFFFFFFFFFFFFFF47
:1009C000FFFFFFFFFFFFFFFFFFFFFFFFFFFFFFFF37
:1009D000FFFFFFFFFFFFFFFFFFFFFFFFFFFFFFFF27
:1009E000FFFFFFFFFFFFFFFFFFFFFFFFFFFFFFFF17
:1009F000FFFFFFFFFFFFFFFFFFFFFFFFFFFFFFFF07
:100A0000FFFFFFFFFFFFFFFFFFFFFFFFFFFFFFFFF6
:100A1000FFFFFFFFFFFFFFFFFFFFFFFFFFFFFFFFE6
:100A2000FFFFFFFFFFFFFFFFFFFFFFFFFFFFFFFFD6
:100A3000FFFFFFFFFFFFFFFFFFFFFFFFFFFFFFFFC6
:100A4000FFFFFFFFFFFFFFFFFFFFFFFFFFFFFFFFB6
:100A5000FFFFFFFFFFFFFFFFFFFFFFFFFFFFFFFFA6
:100A6000FFFFFFFFFFFFFFFFFFFFFFFFFFFFFFFF96
:100A7000FFFFFFFFFFFFFFFFFFFFFFFFFFFFFFFF86
:100A8000FFFFFFFFFFFFFFFFFFFFFFFFFFFFFFFF76
:100A9000FFFFFFFFFFFFFFFFFFFFFFFFFFFFFFFF66
:100AA000FFFFFFFFFFFFFFFFFFFFFFFFFFFFFFFF56
:100AB000FFFFFFFFFFFFFFFFFFFFFFFFFFFFFFFF46
:100AC000FFFFFFFFFFFFFFFFFFFFFFFFFFFFFFFF36
:100AD000FFFFFFFFFFFFFFFFFFFFFFFFFFFFFFFF26
:100AE000FFFFFFFFFFFFFFFFFFFFFFFFFFFFFFFF16
:100AF000FFFFFFFFFFFFFFFFFFFFFFFFFFFFFFFF06
:100B0000FFFFFFFFFFFFFFFFFFFFFFFFFFFFFFFFF5
:100B1000FFFFFFFFFFFFFFFFFFFFFFFFFFFFFFFFE5
:100B2000FFFFFFFFFFFFFFFFFFFFFFFFFFFFFFFFD5
:100B3000FFFFFFFFFFFFFFFFFFFFFFFFFFFFFFFFC5
:100B4000FFFFFFFFFFFFFFFFFFFFFFFFFFFFFFFFB5
:100B5000FFFFFFFFFFFFFFFFFFFFFFFFFFFFFFFFA5
:100B6000FFFFFFFFFFFFFFFFFFFFFFFFFFFFFFFF95
:100B7000FFFFFFFFFFFFFFFFFFFFFFFFFFFFFFFF85
:100B8000FFFFFFFFFFFFFFFFFFFFFFFFFFFFFFFF75
:100B9000FFFFFFFFFFFFFFFFFFFFFFFFFFFFFFFF65
:100BA000FFFFFFFFFFFFFFFFFFFFFFFFFFFFFFFF55
:100BB000FFFFFFFFFFFFFFFFFFFFFFFFFFFFFFFF45
:100BC000FFFFFFFFFFFFFFFFFFFFFFFFFFFFFFFF35
:100BD000FFFFFFFFFFFFFFFFFFFFFFFFFFFFFFFF25
:100BE000FFFFFFFFFFFFFFFFFFFFFFFFFFFFFFFF15
:100BF000FFFFFFFFFFFFFFFFFFFFFFFFFFFFFFFF05
:100C0000FFFFFFFFFFFFFFFFFFFFFFFFFFFFFFFFF4
:100C1000FFFFFFFFFFFFFFFFFFFFFFFFFFFFFFFFE4
:100C2000FFFFFFFFFFFFFFFFFFFFFFFFFFFFFFFFD4
:100C3000FFFFFFFFFFFFFFFFFFFFFFFFFFFFFFFFC4
:100C4000FFFFFFFFFFFFFFFFFFFFFFFFFFFFFFFFB4
:100C5000FFFFFFFFFFFFFFFFFFFFFFFFFFFFFFFFA4
:100C6000FFFFFFFFFFFFFFFFFFFFFFFFFFFFFFFF94
:100C7000FFFFFFFFFFFFFFFFFFFFFFFFFFFFFFFF84
:100C8000FFFFFFFFFFFFFFFFFFFFFFFFFFFFFFFF74
:100C9000FFFFFFFFFFFFFFFFFFFFFFFFFFFFFFFF64
:100CA000FFFFFFFFFFFFFFFFFFFFFFFFFFFFFFFF54
:100CB000FFFFFFFFFFFFFFFFFFFFFFFFFFFFFFFF44
:100CC000FFFFFFFFFFFFFFFFFFFFFFFFFFFFFFFF34
:100CD000FFFFFFFFFFFFFFFFFFFFFFFFFFFFFFFF24
:100CE000FFFFFFFFFFFFFFFFFFFFFFFFFFFFFFFF14
:100CF000FFFFFFFFFFFFFFFFFFFFFFFFFFFFFFFF04
:100D0000FFFFFFFFFFFFFFFFFFFFFFFFFFFFFFFFF3
:100D1000FFFFFFFFFFFFFFFFFFFFFFFFFFFFFFFFE3
:100D2000FFFFFFFFFFFFFFFFFFFFFFFFFFFFFFFFD3
:100D3000FFFFFFFFFFFFFFFFFFFFFFFFFFFFFFFFC3
:100D4000FFFFFFFFFFFFFFFFFFFFFFFFFFFFFFFFB3
:100D5000FFFFFFFFFFFFFFFFFFFFFFFFFFFFFFFFA3
:100D6000FFFFFFFFFFFFFFFFFFFFFFFFFFFFFFFF93
:100D7000FFFFFFFFFFFFFFFFFFFFFFFFFFFFFFFF83
:100D8000FFFFFFFFFFFFFFFFFFFFFFFFFFFFFFFF73
:100D9000FFFFFFFFFFFFFFFFFFFFFFFFFFFFFFFF63
:100DA000FFFFFFFFFFFFFFFFFFFFFFFFFFFFFFFF53
:100DB000FFFFFFFFFFFFFFFFFFFFFFFFFFFFFFFF43
:100DC000FFFFFFFFFFFFFFFFFFFFFFFFFFFFFFFF33
:100DD000FFFFFFFFFFFFFFFFFFFFFFFFFFFFFFFF23
:100DE000FFFFFFFFFFFFFFFFFFFFFFFFFFFFFFFF13
:100DF000FFFFFFFFFFFFFFFFFFFFFFFFFFFFFFFF03
:100E0000FFFFFFFFFFFFFFFFFFFFFFFFFFFFFFFFF2
:100E1000FFFFFFFFFFFFFFFFFFFFFFFFFFFFFFFFE2
:100E2000FFFFFFFFFFFFFFFFFFFFFFFFFFFFFFFFD2
:100E3000FFFFFFFFFFFFFFFFFFFFFFFFFFFFFFFFC2
:100E4000FFFFFFFFFFFFFFFFFFFFFFFFFFFFFFFFB2
:100E5000FFFFFFFFFFFFFFFFFFFFFFFFFFFFFFFFA2
:100E6000FFFFFFFFFFFFFFFFFFFFFFFFFFFFFFFF92
:100E7000FFFFFFFFFFFFFFFFFFFFFFFFFFFFFFFF82
:100E8000FFFFFFFFFFFFFFFFFFFFFFFFFFFFFFFF72
:100E9000FFFFFFFFFFFFFFFFFFFFFFFFFFFFFFFF62
:100EA000FFFFFFFFFFFFFFFFFFFFFFFFFFFFFFFF52
:100EB000FFFFFFFFFFFFFFFFFFFFFFFFFFFFFFFF42
:100EC000FFFFFFFFFFFFFFFFFFFFFFFFFFFFFFFF32
:100ED000FFFFFFFFFFFFFFFFFFFFFFFFFFFFFFFF22
:100EE000FFFFFFFFFFFFFFFFFFFFFFFFFFFFFFFF12
:100EF000FFFFFFFFFFFFFFFFFFFFFFFFFFFFFFFF02
:100F0000FFFFFFFFFFFFFFFFFFFFFFFFFFFFFFFFF1
:100F1000FFFFFFFFFFFFFFFFFFFFFFFFFFFFFFFFE1
:100F2000FFFFFFFFFFFFFFFFFFFFFFFFFFFFFFFFD1
:100F3000FFFFFFFFFFFFFFFFFFFFFFFFFFFFFFFFC1
:100F4000FFFFFFFFFFFFFFFFFFFFFFFFFFFFFFFFB1
:100F5000FFFFFFFFFFFFFFFFFFFFFFFFFFFFFFFFA1
:100F6000FFFFFFFFFFFFFFFFFFFFFFFFFFFFFFFF91
:100F7000FFFFFFFFFFFFFFFFFFFFFFFFFFFFFFFF81
:100F8000FFFFFFFFFFFFFFFFFFFFFFFFFFFFFFFF71
:100F9000FFFFFFFFFFFFFFFFFFFFFFFFFFFFFFFF61
:100FA000FFFFFFFFFFFFFFFFFFFFFFFFFFFFFFFF51
:100FB000FFFFFFFFFFFFFFFFFFFFFFFFFFFFFFFF41
:100FC000FFFFFFFFFFFFFFFFFFFFFFFFFFFFFFFF31
:100FD000FFFFFFFFFFFFFFFFFFFFFFFFFFFFFFFF21
:100FE000FFFFFFFFFFFFFFFFFFFFFFFFFFFFFFFF11
:100FF000FFFFFFFFFFFFFFFFFFFFFFFFFFFFFFFF01
:10100000D1002043ED15006000000000000000004A
:10101000201000600010006000E000600000000090
:101020000000006000EC000000000000FFFFFFFF78
:10103000FFFFFFFFFFFFFFFFFFFFFFFFFFFFFFFFC0
:10104000FFFFFFFFFFFFFFFFFFFFFFFFFFFFFFFFB0
:10105000FFFFFFFFFFFFFFFFFFFFFFFFFFFFFFFFA0
:10106000FFFFFFFFFFFFFFFFFFFFFFFFFFFFFFFF90
:10107000FFFFFFFFFFFFFFFFFFFFFFFFFFFFFFFF80
:10108000FFFFFFFFFFFFFFFFFFFFFFFFFFFFFFFF70
:10109000FFFFFFFFFFFFFFFFFFFFFFFFFFFFFFFF60
:1010A000FFFFFFFFFFFFFFFFFFFFFFFFFFFFFFFF50
:1010B000FFFFFFFFFFFFFFFFFFFFFFFFFFFFFFFF40
:1010C000FFFFFFFFFFFFFFFFFFFFFFFFFFFFFFFF30
:1010D000FFFFFFFFFFFFFFFFFFFFFFFFFFFFFFFF20
:1010E000FFFFFFFFFFFFFFFFFFFFFFFFFFFFFFFF10
:1010F000FFFFFFFFFFFFFFFFFFFFFFFFFFFFFFFF00
:10110000FFFFFFFFFFFFFFFFFFFFFFFFFFFFFFFFEF
:10111000FFFFFFFFFFFFFFFFFFFFFFFFFFFFFFFFDF
:10112000FFFFFFFFFFFFFFFFFFFFFFFFFFFFFFFFCF
:10113000FFFFFFFFFFFFFFFFFFFFFFFFFFFFFFFFBF
:10114000FFFFFFFFFFFFFFFFFFFFFFFFFFFFFFFFAF
:10115000FFFFFFFFFFFFFFFFFFFFFFFFFFFFFFFF9F
:10116000FFFFFFFFFFFFFFFFFFFFFFFFFFFFFFFF8F
:10117000FFFFFFFFFFFFFFFFFFFFFFFFFFFFFFFF7F
:10118000FFFFFFFFFFFFFFFFFFFFFFFFFFFFFFFF6F
:10119000FFFFFFFFFFFFFFFFFFFFFFFFFFFFFFFF5F
:1011A000FFFFFFFFFFFFFFFFFFFFFFFFFFFFFFFF4F
:1011B000FFFFFFFFFFFFFFFFFFFFFFFFFFFFFFFF3F
:1011C000FFFFFFFFFFFFFFFFFFFFFFFFFFFFFFFF2F
:1011D000FFFFFFFFFFFFFFFFFFFFFFFFFFFFFFFF1F
:1011E000FFFFFFFFFFFFFFFFFFFFFFFFFFFFFFFF0F
:1011F000FFFFFFFFFFFFFFFFFFFFFFFFFFFFFFFFFF
:10120000FFFFFFFFFFFFFFFFFFFFFFFFFFFFFFFFEE
:10121000FFFFFFFFFFFFFFFFFFFFFFFFFFFFFFFFDE
:10122000FFFFFFFFFFFFFFFFFFFFFFFFFFFFFFFFCE
:10123000FFFFFFFFFFFFFFFFFFFFFFFFFFFFFFFFBE
:10124000FFFFFFFFFFFFFFFFFFFFFFFFFFFFFFFFAE
:10125000FFFFFFFFFFFFFFFFFFFFFFFFFFFFFFFF9E
:10126000FFFFFFFFFFFFFFFFFFFFFFFFFFFFFFFF8E
:10127000FFFFFFFFFFFFFFFFFFFFFFFFFFFFFFFF7E
:10128000FFFFFFFFFFFFFFFFFFFFFFFFFFFFFFFF6E
:10129000FFFFFFFFFFFFFFFFFFFFFFFFFFFFFFFF5E
:1012A000FFFFFFFFFFFFFFFFFFFFFFFFFFFFFFFF4E
:1012B000FFFFFFFFFFFFFFFFFFFFFFFFFFFFFFFF3E
:1012C000FFFFFFFFFFFFFFFFFFFFFFFFFFFFFFFF2E
:1012D000FFFFFFFFFFFFFFFFFFFFFFFFFFFFFFFF1E
:1012E000FFFFFFFFFFFFFFFFFFFFFFFFFFFFFFFF0E
:1012F000FFFFFFFFFFFFFFFFFFFFFFFFFFFFFFFFFE
:10130000FFFFFFFFFFFFFFFFFFFFFFFFFFFFFFFFED
:10131000FFFFFFFFFFFFFFFFFFFFFFFFFFFFFFFFDD
:10132000FFFFFFFFFFFFFFFFFFFFFFFFFFFFFFFFCD
:10133000FFFFFFFFFFFFFFFFFFFFFFFFFFFFFFFFBD
:10134000FFFFFFFFFFFFFFFFFFFFFFFFFFFFFFFFAD
:10135000FFFFFFFFFFFFFFFFFFFFFFFFFFFFFFFF9D
:10136000FFFFFFFFFFFFFFFFFFFFFFFFFFFFFFFF8D
:10137000FFFFFFFFFFFFFFFFFFFFFFFFFFFFFFFF7D
:10138000FFFFFFFFFFFFFFFFFFFFFFFFFFFFFFFF6D
:10139000FFFFFFFFFFFFFFFFFFFFFFFFFFFFFFFF5D
:1013A000FFFFFFFFFFFFFFFFFFFFFFFFFFFFFFFF4D
:1013B000FFFFFFFFFFFFFFFFFFFFFFFFFFFFFFFF3D
:1013C000FFFFFFFFFFFFFFFFFFFFFFFFFFFFFFFF2D
:1013D000FFFFFFFFFFFFFFFFFFFFFFFFFFFFFFFF1D
:1013E000FFFFFFFFFFFFFFFFFFFFFFFFFFFFFFFF0D
:1013F000FFFFFFFFFFFFFFFFFFFFFFFFFFFFFFFFFD
:10140000824205D051F8043B40F8043B8242F9D8AF
:10141000704700BF044A05494FF0000342F8043BFF
:101420009142FBD8704700BFC01A0020402800201E
:1014300080B5BFF34F8F00F0BDF9534C534B0820DC
:101440005349C3F85401534AC3F800115248C3F832
:10145000F0405249FFF7D4FF514A52495248FFF732
:10146000CFFF524CFFF7D6FF4FF470004FF0E02152
:1014700000234F4AC1F8880D44F823200133B02BD4
:10148000FAD14C4B80214C4A03F8011B9342FBD10B
:101490004FF0E025494F4A4A4FF0FF31C5F8084D5B
:1014A0000026D5F8243D43F4E023C5F8243DFB692C
:1014B00023F07F0343F04003FB617B6A23F07F034B
:1014C00043F040037B629166D1661167516700F07B
:1014D00079F93C4B63223C49A3633C4BE363032310
:1014E0006A613B4AAE612B61C5F8202DD5F8FC2D11
:1014F000384B42F08072C5F8FC2D1A6842F00102A8
:101500001A605B680B6000F0E7F9334800F054FBA9
:10151000F96E324B324A41F44051F9661E60C3F80D
:101520000861C3F81861C3F82861C3F83861936B88
:10153000DB0708D442F615632A4951651365936B9E
:1015400043F001039363264A274C936843F0011349
:10155000936000F005F900F03BFB00F0EBF900F0C0
:101560002BF92368132BFCD900F07CFA2368B3F520
:10157000967FFBD300F024F900F020F900F024FB63
:1015800000F036FB30BFFDE70C0D111300800D405D
:101590001B10182048A4000000000000941D0060EB
:1015A000C01A0020E0C100600000002000180020E8
:1015B000FD71000000E400E0A0E400E000C00F4086
:1015C00000C00A40318E0000F4250020358E000056
:1015D00000002020001000E00046C3230040084027
:1015E00000400D400000C056F8250020054B4FF488
:1015F0002A01054A05485A641864054A99639546C4
:10160000FFF716FF00C00A40AFAAAAAA07002000F1
:10161000000007201BB9124B1B6F9B041ED400F067
:101620003F000F4B22F0604221F0604140F48910EE
:101630001867C3F88010C3F890201A6F22F4805204
:101640001A671A6F002AFCDAD3F87011054A0A40AB
:10165000C3F870211A6F22F480321A67704700BFF6
:1016600000800D40FF7F7FFFB1F5607FF0B50E4633
:101670008DB028BF4FF460760F46054672B62E4BEC
:1016800000247022186021462C4B2D481C8000F04D
:1016900097FACFB121462A484FF0010C4A0901F0D0
:1016A0001F03013150F822400CFA03F38E4243EA43
:1016B000040340F82230F1D8284600234380013348
:1016C00000F582709E42F9D81E4C257815B162B69D
:1016D0000DB0F0BD082000F06BFA1B4B80220646CF
:1016E000009302A90693194B0271056008A80293A2
:1016F00000F082FA06A9164A304600F071FA069BFD
:1017000008A8DB689847009B02A8DB689847237805
:10171000002BDCD10F4B104AC3F858210F49D020C1
:101720004FF0E023402281F84600C3F8082101234E
:10173000237062B60DB0F0BD3C1E0020C42700200F
:10174000441E0020DA27002028080020055E000043
:101750001B10010000180020115E000000E400E0F2
:10176000104BA020104AD96E41F4403110B4D96614
:1017700040F23764D96E41F44071D9665464906484
:10178000936C1B06FCD4094A40F23761A0235164D4
:101790009364936C13F08003FBD1054A13705DF8DA
:1017A000044B704700C00F4000400C4000800C40CC
:1017B000E0270020704700BF704700BF704700BFA0
:1017C00000BF704710B44FF0E023002110243248CE
:1017D000C3F8941DC3F89C4D1124C3F8A00D2F48E5
:1017E000C3F89C4D1224C3F8A00D2D48C3F89C4D9E
:1017F0002C4AC3F8A00D2C4C42F015022B48C3F81C
:101800009C4DC3F8A00D2A4C2A48C3F89C4DC3F840
:10181000A00D294CC3F89C2D2848294AC3F8A04D97
:10182000C3F89C0DC3F8A02D02F5A022254C0C3264
:101830002548C3F89C4DC3F8A02D244AC3F89C0D3D
:10184000C3F8A02D02F14062214C02322148C3F8B6
:101850009C4DC3F8A02D0A32C3F89C0DC3F8A02DEF
:1018600000BF00BF00BF00BF00BF0122C3F8942D1E
:10187000BFF34F8FBFF36F8FC3F8501FBFF34F8F6E
:10188000BFF36F8FD3F8142D5DF8044B42F4403250
:10189000C3F8142D704700BF3F0000102500080753
:1018A000090010004028002013002000210002073A
:1018B0001400002025000813090000101600202045
:1018C00027000B1317000040180000602F000B07C3
:1018D000190000701A000080F0B4154A40274FF438
:1018E00080314FF480564FF400554FF4404443F29A
:1018F0004200136913F0020F0ED113F4005F0FD0F2
:1019000013F4805F0ED0002BF3DA13F4803F0BD179
:101910005B060BD5F0BC7047946151619061E8E7BC
:101920005561E6E75661E4E79161E2E75761E0E778
:1019300000800D403F4A03203F49F3EE095AD2F898
:1019400080304FF0000C9FED3D6A23F001039FEDC6
:101950003C5A30B4C2F88030C2F89000D1F8E010A0
:10196000384DCBB2384C39482B6007EE903A0B0D0E
:10197000C1F30B21F8EEE77A06EE903A07EE101A63
:10198000334BB8EEC77A2160F8EEE66A314937EE9C
:10199000C66A37EEC55A76EEC76A77EEE57A26EE66
:1019A000266AC3ED006A25EE265AD2F8803067EE2B
:1019B000A64AC0ED007AC6EE275A274885EE276A68
:1019C000C4EEA76A75EE875AFCEEE55A36EE076A52
:1019D00015EE904ABCEEC66A43EA045376EE877A67
:1019E000C2F8803016EE103AD2F89041FCEEE77A59
:1019F00001EA0341214317EE903AC2F89011C3F374
:101A00000B03D2F890110B431449C2F89031D2F86D
:101A1000803043F00203C2F88030114B80F840C0A0
:101A2000C1F840314FF0E023012230BCC3F8082157
:101A3000704700BF00810D4000441F400000AA42D3
:101A40000000B442A02500209C250020A4250020F1
:101A5000A82500200000FF0F00E400E0001800208F
:101A6000C1730000314B40F6617210B5C3F82021FC
:101A700040F2044400F0B0F82D4A2E49D2F88030EC
:101A80002D4843F00303C2F880302C4BC1F860416D
:101A900002681A4203D1D1F8A8319A071BD0254A0F
:101AA0004FF00041244B5963D2F8403143F0020318
:101AB000C2F84031D2F840319B07FBD44FF40030DC
:101AC0004FF0E0211C4B4FF00042C1F88C0219206E
:101AD0009A6300F089F8184A4FF08040154C0021B5
:101AE00090630A20164B11604FF42072C4F8A801CD
:101AF000184600F065F84FF4800203464FF4810069
:101B000040F243111860C4F858311A640D4B0E4A64
:101B1000C4F84811C3F804224FF0E0224FF400311A
:101B20000123C2F80C11C4F8403110BD00800D40F3
:101B300000C00F4000002E4000900D40001C1E0011
:101B40000000002000180020E175000008B50E4BD1
:101B50001B6E9B0700D4FBBE72B60C4B00200C4AD8
:101B6000C3F8400103F160430A49A3F55F23116400
:101B70009D46BFF34F8F4FF400130748074ADB69B8
:101B800002609B68984700BF00441F4000002E4041
:101B900000C00A400300200000802020000012EB5B
:101BA000F8B500BFF8BC08BC9E46704700000000B6
:101BB0005FF800F0896E00005FF800F069670000D0
:101BC0005FF800F0B19F00005FF800F091A0000006
:101BD0005FF800F0ED7000005FF800F01D7D000080
:101BE0005FF800F0956300005FF800F0596A0000AC
:101BF0005FF800F0456D00005FF800F02D01000077
:101C000005010000F9500000ED5D000009650000CD
:101C100020036400690063006500460072006900EB
:101C200065006E006400200076002E003000310058
:101C3000220353006900670069006C0049006E00D0
:101C400073007400720075006D0065006E00740012
:101C5000730000000403090409029500030100C099
:101C600032080B0002020201000904000001020216
:101C700001000524001001052401010104240206CD
:101C80000524060001070582031000100904010065
:101C9000020A000000070503024000000705830256
:101CA00040000009040200020103000007240100B3
:101CB0000125000624020101000624020202000997
:101CC00024030103010201000924030204010101AC
:101CD000000905040240000000000525010101097A
:101CE00005840240000000000525010103000000FA
:101CF00009029500030100C032080B000202020134
:101D00000009040000010202010005240010010581
:101D100024010101042402060524060001070582AE
:101D20000310000509040100020A00000007050372
:101D300002000200070583020002000904020002FB
:101D4000010300020724010001250006240201010D
:101D50000206240202020209240301030102010215
:101D60000924030204010101020905040200020022
:101D700000000525010101090584020002000000A0
:101D800005250101030000000A060002EF020140E0
:041D9000010000004E
:101D9400000000000000000000000000000000003F
:101DA400000000000000000000000000000000002F
:101DB400F8B54FF084439D695A6915400DD0254FFD
:101DC40001269D6195FAA5F4B4FA84F457F82430F9
:101DD40006FA04F49847A543F4D11F4B9D695A6948
:101DE40015400DD01D4F01269D6195FAA5F4B4FA56
:101DF40084F457F8243006FA04F49847A543F4D140
:101E0400174B9D695A6915400DD0164F01269D61E7
:101E140095FAA5F4B4FA84F457F8243006FA04F4D5
:101E24009847A543F4D1104B9D695A6915400DD0CC
:101E34000E4F01269D6195FAA5F4B4FA84F457F87F
:101E4400243006FA04F49847A543F4D1BFF34F8F26
:101E5400F8BD00BFCC110020004000424C1200200D
:101E640000800042CC12002000C000424C1300202D
:101E74000548064B1B1AD90F01EBA301491002D0E8
:101E8400034B03B118477047C01A0020C01A002042
:101E94000000000008B5054B1BB105490548AFF328
:101EA4000080BDE80840FFF7E3BF00BF000000006A
:101EB4008823002000EC0060036818470B68036067
:101EC400704700BF0B680360704700BF704700BFD6
:101ED40010B506F0DDFC1A490B68C31AB3F5FA7F96
:101EE4002DD9184C184A2360A2FB03C2174C086072
:101EF400012117489209217016490468A2F10B00C8
:101F04000C6042F20471884212D807EE902A9FEDC9
:101F1400126AF7EE006A114AF8EEE77A86EE277A3B
:101F2400B4EE667AF1EE10FA36FE877A82ED007A24
:101F34000B4A0C491A448A4201D80B4A136010BD5B
:101F44006023002064230020D34D6210E127002089
:101F5400F82500200C230020000048431023002013
:101F6400BFF2FCFF7EB92A007C23002010B5044692
:101F740006F05AF9204610BD10B5064C237803B973
:101F840010BD4FF60F0007F04FFF2378013BDBB283
:101F9400237010BDEB270020B2EE087A384AF1EE28
:101FA400006A3849D2ED007AF3EE0E3AD1ED004AD8
:101FB400B0EE0C3AE0EE076A9FED336A37EEE44A7E
:101FC400324BA0EE066AA0EE237AFBEE043AB0EEA2
:101FD400665ADFED2F6AE0EE036A24EE054AB0EE9E
:101FE400645AF0EE475A93ED007AA6EE045A75EE61
:101FF400C75A67EE666AB0EE674AE7EEA46AB4EEC3
:10200400E35A94EEA54AF1EE10FA2EDBF3EE045AED
:10201400B4EE655AF1EE10FA35FE855AE6EE047A0E
:1020240081ED005AFBEE045AF4EEE57AF1EE10FA73
:1020340023DBF3EE045AF4EE657AF1EE10FA75FE42
:10204400A77AA6EE267AC2ED007AB5EEC07AF1EE52
:1020540010FA0DDBDFED0F7AB4EE677AF1EE10FAC9
:1020640037FE877A83ED007A7047B0EE635AD5E77E
:102074009FED097A83ED007A7047F0EE657AE0E728
:10208400A0230020F81300206F12033CA423002097
:102094003333333F0000204200000000B0EE007AEA
:1020A400F2EE0C6A70B54F4CF0EE477A94ED036A89
:1020B400E6EE267A2DED028B82B0F4EEC77AF1EECD
:1020C40010FA58DBB3EE007AF4EEC77AF1EE10FAA8
:1020D4004FDCFCEEE77ACDED017A9DF80410424D19
:1020E400F6EE087A414E4FF47A702A78338801323A
:1020F40094ED028ADFED3E8A28EE278AB2FBF1FCDA
:1021040001FB1C222A705A0982EA132282EAD302B2
:102114005B0802F0010243EA0223338006F0EAF886
:1021240007EE900AF8EE677A87EEA87AB4EEC78ACB
:10213400F1EE10FA21DC2F4B2A7803EB8203D3ED66
:10214400007A94ED046A9FED2C7ADFED2C6A2C4B17
:10215400E6EE076A2B4A93ED007AC2ED007A77EE39
:10216400C77AA6EEA77A83ED007A02B0BDEC028BA3
:1021740070BD1021B3E70221B1E74FF47A7006F085
:10218400B9F807EE900A204BB6EE006AF8EE677ACB
:10219400DFED1E5A93ED045A9FED1D7AC7EEA86A2F
:1021A4002A78144B03EB82019200A5EE257AD1ED37
:1021B400007A76EEC66AE6EE877AF5EEC07AF1EE3C
:1021C40010FA0BDBB7EE007AF4EE477AF1EE10FA70
:1021D40077FE277A1344C3ED007AB2E7DFED0D7A78
:1021E400F8E700BF2C140020F62700208A140020F2
:1021F40000007A44B42500200AD7A33E8FC2753C60
:102204004814002044140020E01300206666E63ED3
:10221400CDCC4C3E0000000070B5CD4D82B0CD4B0E
:102224002A681A60002800F039810021022006F093
:1022340081FDFF21032006F07DFDC74B1A7832B1E2
:10224400C6492A680968521A812A40F22E81C44A72
:102254000021127819703AB1C24A2B6812689B1A8D
:10226400B3F5966FC0F04A81BF4BF1EE007A93ED5F
:10227400387A27EE277AB5EEC07AF1EE10FAC0F27A
:102284000A81F7EE007AB4EE677AF1EE10FA37FEBF
:10229400877AF1EE006AD3ED397A67EEA67AF5EE25
:1022A400C07AF1EE10FAC0F21181F7EE006AF4EE92
:1022B400667AF1EE10FA76FEA77AAC4BD3ED026A99
:1022C400F5EEC06AF1EE10FAC0F2FD80B7EE006AD6
:1022D400F4EEC66A9FEDA66AF1EE10FA01DC26EE72
:1022E400866AA44B1A7A1AB91A7D002A00F0F9807A
:1022F400A14B9FEDA24AD3ED006ADFEDA15AA14B99
:1023040066EEA56AA04AD3ED005AA04EF4EEE56A43
:102314009F4D76EEE56A9F4CF1EE10FACCBFB6EE17
:10232400005A9FED9D5A66EE856A9FED955A75EEAB
:10233400A64AD2ED006AD6ED005A66EE856AC3ED70
:10234400004AF4EEE56A76EEE56AF1EE10FAB4EED0
:10235400C67ACCBFB6EE005A9FED8F5AF1EE10FA52
:1023640066EE856A9FED865A27FE067A27EE057A81
:1023740075EEA65AD5ED006AB4EEE67A37EE667AC3
:10238400C6ED005AF1EE10FAF4EEC47ACCBFB6EE04
:10239400006A9FED816AF1EE10FA27EE067A9FED4E
:1023A400786A67FE847A67EE867A76EE876A94EDB9
:1023B400007AF4EEC77AC5ED006A77EEC77AF1EEDB
:1023C40010FAF5EEC04ACCBFF6EE006ADFED726A91
:1023D400F1EE10FA67EEA67A37EE277A84ED007AEA
:1023E4007DDBDFED677AF4EEE74AF1EE10FA00F3F5
:1023F400A980FCEEE47ACDED017A9DF80410042066
:1024040006F098FCD6ED007AF5EEC07AF1EE10FAFB
:1024140063DB9FED5B7AF4EEC77AF1EE10FA00F31A
:102424009580FCEEE77ACDED017A9DF80410052045
:1024340006F080FCD5ED007AF5EEC07AF1EE10FAE4
:1024440049DB9FED4F7AF4EEC77AF1EE10FA7BDCAC
:10245400FCEEE77ACDED017A9DF80410062006F033
:1024640069FCD4ED007AF5EEC07AF1EE10FA30DBB7
:102474009FED437AF4EEC77AF1EE10FA21DCFCEE1C
:10248400E77ACDED017A9DF80410092002B0BDE889
:10249400704006F04FBC9FED417AFAE60446FF21F6
:1024A400022006F047FC2146C4E6FF21042006F082
:1024B40041FCFF21052006F03DFC0021062006F02A
:1024C40039FCFF21E1E79FED356A0AE7DFED337A56
:1024D400F3E60021D9E70021C0E70021A7E70021A6
:1024E4008DE793F82030002B7FF402AF224B9FED51
:1024F400234AD3ED006A26EE844AFEE6284C0420E3
:102504002378002B0CBFFF21002106F013FC237855
:102514000520012B0CBFFF21002106F00BFC2378C2
:102524000620022B0CBFFF21002106F003FC2378B8
:102534000920032B0CBFFF21002102B0BDE870402D
:1025440006F0F8BBFF215AE7FF2187E7FF216EE77A
:10255400F825002078230020E527002040230020D0
:10256400FC27002008260020D8230020E0130020A8
:10257400CDCCCC3E4C140020102300209A99193F56
:1025840000007F4368230020182300206C230020D0
:102594007023002074230020CDCC4C3D00000000AB
:1025A400FA270020F0B5254D8DB0254C2B780BB9BA
:1025B40023784BB123782BB1224B1B7803F0FF0611
:1025C400002B32D00DB0F0BD1F4B1A68002AF1D099
:1025D4001E6842F6F7639E42ECD94FF60F000127BE
:1025E40007F022FC1722174B02A908A81A70174BF0
:1025F4002F7000930693164B0293FFF75FFC154B65
:1026040006A91548A3FB0636360906EB4606F20072
:10261400013A05F087FD069B08A8DB689847009BF4
:1026240002A8DB6898472770C4E70B4805F0FCFD57
:10263400182326702B700DB0F0BD00BFEA270020D0
:10264400EC270020EB2700207C2300202808002012
:10265400E9010000ABAAAAAAD81300202DE9F0438F
:10266400984691F838300D46044617462DED108BE8
:1026740099B0B0EE40BACDED0E0A8DED0F1AD1ED42
:10268400000A002B01F0FA809FEDF40A08F09CFB8D
:10269400F3EE067A20EE270AF7EE007A9FEDF07A41
:1026A400D5ED095A95ED065AE5EE877A9FEDED7A58
:1026B4009FEDED6ADFEDED6A8DED0B5AE5EE066AEE
:1026C40067EE807AF4EEC77AF1EE10FA07DB9FED3D
:1026D400E87AF4EEC77AF1EE10FA37FE277A67EE5D
:1026E400A67ADFEDE06AF4EEE67AF1EE10FAC1F2D2
:1026F400CF80DFEDE06AF4EE667AF1EE10FA76FE52
:10270400A77A94ED116ADFEDDC5A77EEC67AD5ED3F
:10271400024A94ED105ADFEDD96AA7EEA56A95ED49
:10272400044A37EE457ACDED024A8DED174AA7EEFD
:10273400255A64EE045AF0EE467A8DED0D6A24EEC5
:10274400A66ACDED015AC4ED117AB5EEC06A8DEDDD
:102754000C5A84ED105AF1EE10FAC1F2B180B4EEC5
:10276400666AF1EE10FA76FE867ACDED0A7AD5ED38
:10277400039ADFEDD47AB0EE698A9DED027AA7EE72
:10278400278AB5EEC08AF1EE10FAC1F29580F7EE11
:10279400007AB4EE678AF1EE10FA37FE888AF7EE13
:1027A400007AD5ED076AB0EE087AD5ED0AAACDED28
:1027B400156AB0EE676AF5EEC0AAA6EE876AF1EE76
:1027C40010FA8DED166AC1F27380F4EE67AAF1EE89
:1027D40010FA77FEAAAA95ED0BAAB5EEC0AAF1EEFF
:1027E40010FAC1F26180F7EE007AB4EE67AAF1EE56
:1027F40010FA37FE8AAAD5ED0CDAF5EEC0DAF1EE5E
:1028040010FAC1F24D80F7EE007AF4EE67DAF1EED9
:1028140010FA77FEADDA95ED0D7ADFED997AB4EE24
:10282400E77AF1EE10FAC1F23780F7EE007AB4EEEF
:10283400677AF1EE10FA77FE877ACDED147ADFED40
:102844009E7AF7EE00EAD4ED0BFAB9EE00EAB4EEA4
:10285400E7BA94ED08FA08F1020695F83A900237BF
:10286400D4ED0ECAF1EE10FA94ED0FCA08F5817892
:102874009FED84DA9FED849A6BFE277ACDED137A6F
:10288400F1EE487ACDED117AF1EE697ACDED107A58
:102894007AEE8A7ACDED127AF0EE6F7AF0EE4FFA94
:1028A400B0EE67FAB9F1000F2BD19FED787ADDED28
:1028B400016ADFED777AE6EE877A87EE8D7ADFEDCF
:1028C400757A7CEE87CA9FED747AE6EE877AF4EE29
:1028D400EECAC4ED0ECAF1EE10FA87EE8D7A3CEE24
:1028E40007CA84ED0FCA03DB7CEEEECAC4ED0ECA40
:1028F400B4EEEECAF1EE10FA03DB3CEE6ECA84EDE0
:102904000FCADFED667ADFED668A2CEEA70ACDEDFD
:10291400037A08F0E9FBF0EE40BAB0EE4C0A9FED02
:10292400617ADDED037AAFEE870A20EE270ADDED4A
:10293400017A6BEEA7BA08F0D7FB9DED027AF0EEB0
:10294400406ADFED597AB0EE000A67EE0F0A60EED6
:10295400A80AEBEEA70ADDED017A66EEA76ACDEDD3
:10296400036A08F031FADDED026AB0EE407AD4ED84
:102974000ABAB0EE000ADFED4D7A26EEAB5ADDED71
:10298400036A68EEC50AE6EEA70ADDED0C7A67EE87
:10299400878A08F019FADDED0D7A94ED067AC8EE0F
:1029A4008D6A27EE800AC0EE0D7A76EE876A94ED82
:1029B400077AF4EEEE6AC4ED066AF1EE10FA77EEE9
:1029C400877AC4ED077A05DBBBFE667A76EEC76AC2
:1029D400C4ED066AF4EEEE7AF1EE10FA05DBBBFE06
:1029E400677A77EEC77AC4ED077AB4EEE6BAF1EE09
:1029F40010FA40F2EF85DDED137A9FED300AC6EE52
:102A0400A78ACDED056A28EE800A08F06DFBB0EECA
:102A1400407AB2EE040ADFED2A7A8DED047AA9EE4B
:102A2400A70A28EEC00A08F0F5F89FED265AF0EE42
:102A3400407AF0EE450A8DED035AF0EE084A3EEE78
:102A4400E80AF0EE678AE9EEA40A08F0BDF99DED04
:102A5400035A30EE680A9DED047A47E00000D24341
:102A6400CDCC0C3FCDCC4C3D9A9919405C8F023FA4
:102A740000803B4600C05A468FC2F53C1F856B3F21
:102A84008FC2F53E00442C479A9999BF9A99D93F31
:102A9400BC74933CB6F3FD3C33331340DB0FC940A5
:102AA400B81E053E0AD7A33CEC51B83E3D0AD73EBA
:102AB4006666663F6666263F17B7D138DB0F494026
:102AC400000028426666E63E6666E63FCDCC2C40B2
:102AD4003333B33EAE47613EEC5138BF9A99193E49
:102AE400EC51383F3333333F9A99993FDDED056A12
:102AF400E0EE058AE7EE478A69EEA88AE7EE078AE0
:102B04001FED157A5FED157A9DED0B6AD4ED074A3A
:102B1400E6EE077A95ED055A67EE8B7AF4EEE74A0E
:102B2400F1EE10FA80F21C851FED1D7A1FED1D0ACF
:102B3400F4EEC77ACDED096ACDED084A8DED045A5D
:102B4400F1EE10FA67FE877A84EEA74A24EE000AB3
:102B54008DED034A08F0C8FA9DED045AB0EE403AF0
:102B64001FED297A7EEEC57A9DED034AB2EE040A82
:102B74008DED075A8DED063ACDED047AA7EE870A5E
:102B840024EE400A08F046F89DED034AB0EE407A80
:102B9400DDED047A3EEEC40A1FED364AF0EE083A43
:102BA400F0EE440A8DED054A8DED037AE7EEA30AB3
:102BB40008F00AF99DED037A9DED054A30EE470AC7
:102BC4009DED063ADDED047A9DED075AA0EE047AF8
:102BD400DDED084ADDED096AA3EE437A67EE877AF4
:102BE400E3EE037AB4EEE6BAF1EE10FA03DD9DEDFE
:102BF400167A68EE878AF4EECB4AF1EE10FA09D51C
:102C0400B0EE6E7A5FED506A9DED156AA6EE267AF7
:102C140067EE877A95F839302BB1B0EE4F7AB0EE83
:102C24006BFAF0EE47BA9DED0A7AF5EEC09AEFEE34
:102C3400077AF1EE10FAEBEE878AF0EE671AC0F22B
:102C4400D184F4EEEE9AF1EE10FA00F3C785F0EEBB
:102C5400086A69EEA65AF1EE0C7AF0EE6E4AE8EED6
:102C6400274A68EEA48AF4EECE8AF1EE10FAC0F296
:102C7400B584F1EE007AF4EEE78AF1EE10FA00F38F
:102C8400A985B3EE0B7A68EEA87AB2EE024AF0EEAA
:102C9400476AE7EE846A77EE877A67EEA87A87EE6A
:102CA400A64A1FED767A0723F0EE6E7AFFEE003A1D
:102CB400B8EE003AE8EE077AF0EE006A28EEA77A5A
:102CC40005E0013B36EEC77A13F0FF030FD0B4EEF4
:102CD400EE7AF1EE10FAF4DCB4EEE37AF1EE10FAE7
:102CE40005D5013B33EE477A13F0FF03EFD1B4EE81
:102CF400C97AF1EE10FAC0F281845FED856AB4EE10
:102D0400667AF1EE10FA36FE877A1FED8F2A28EEE6
:102D1400022A78EE826AF4EECE6AF1EE10FAC0F27C
:102D24006984F1EE003AF4EEE36AF1EE10FA00F38E
:102D34005985B3EE0B3A66EEA63AB2EE021AF0EEFD
:102D4400432AE3EE812A73EE833A63EEA63AC3EE96
:102D5400A26A1FEDA01A5FEDA03A9DED116A5FED26
:102D6400A12AE6EE013A1FEDA23A68EE222AA8EE65
:102D7400013AF4EEE38AF1EE10FAC0F23784F4EE8D
:102D8400438AF1EE10FA73FE288AF4EEEE5AF1EE5D
:102D940010FA00F1CE8336EEE24AF0EE006AF4EE69
:102DA400E65AF1EE10FA40F1318434EE471A75EE2A
:102DB400EE6AA6EE817AB0EE474AB0EE6E7A5FED27
:102DC400B76A9DED106AA6EE267AB5EEC07AF1EEEA
:102DD40010FAC0F21784B4EEEE7AF1EE10FA00F3B2
:102DE4000585F0EE086A27EE261A61EEA44AF4EE91
:102DF400CE4AF1EE10FAC0F2EA83B1EE007AF4EEB4
:102E0400C74AF1EE10FA00F3F584F3EE0B6A24EEF0
:102E1400A47AF2EE021AF0EE665AE7EE215A37EE81
:102E2400267A27EE247AC7EE256A072364EEA77A6A
:102E3400BFEE007AF8EE001AF0EE005A05E0013B0E
:102E440075EEE77A13F0FF030FD0F4EEEE7AF1EEAD
:102E540010FAF4DCF4EEC77AF1EE10FA05D5013B72
:102E640071EEE77A13F0FF03EFD1F4EEC97AF1EED5
:102E740010FAC0F272831FEDE47AF4EE477AF1EEB1
:102E840010FA77FE277A34EE827AB4EECE7AF1EE37
:102E940010FAC0F25F83F1EE005AB4EEE57AF1EE77
:102EA40010FA00F39084B3EE0B2A67EE075AF2EEA1
:102EB400020AF0EE421AE5EEA01A75EE825A65EEA9
:102EC400875A85EEA17AF4EEE34AF1EE10FAC0F2E5
:102ED4003A83F4EE434AF1EE10FA73FE244AB4EE58
:102EE400EE1AF1EE10FA00F1298377EE626AB0EE81
:102EF400007AB4EEC71AF1EE10FA40F18F8336EE81
:102F0400E77A31EE6E1AE1EE077AF0EE676AB5EE13
:102F1400007AD4ED0C4ADFEDBB5AD4ED0D7AA5EE60
:102F2400257A9DED0F6A74EE645AE5EE864A76EED4
:102F3400E75AE5EE867AD4ED095AA4EEC74AC4ED01
:102F44000C4AE7EEC76AC4ED0D7AB0EE675A9DED00
:102F54000E7A74EE6F7AE7EE87FA76EEE57AE7EEAC
:102F6400875ABFEE007AC4ED08FAF4EEC7FAB0EE61
:102F740065FAC4ED095AF1EE10FA05DBF4EEEEFA47
:102F8400F1EE10FA3EFEAF7AFFEE007A84ED0A7A93
:102F9400B4EEE7FAF1EE10FAC0F2E682B4EE6EFA9D
:102FA400F1EE10FA3EFE8FFADFED97BADFED973AB5
:102FB40066EEAB8ADFED967A64EE2BBA84ED0BFAFB
:102FC400E4EE238AE6EEA3BAE4EEA78AE5EE27BA96
:102FD400DFED997AF4EEE7AAF1EE10FA40F384807B
:102FE400DFED944A64EE2A7A9FED865A66EEAA6A69
:102FF4009FED994AF1EE0A3AAAEEA45A0723F0EE9D
:103004006B4AE5EE074AB0EE687AA5EE0F7AB0EEA9
:10301400645AFFEE004AA7EE845ADFED7E7AA6EEEC
:10302400847AEAEEA37AB8EE004AF0EE006A27EE5C
:10303400877A05E0013B36EEC77A13F0FF030FD021
:10304400B4EEEE7AF1EE10FAF4DCB4EEE47AF1EEDA
:1030540010FA05D5013B34EE477A13F0FF03EFD1A4
:10306400B4EEC97AF1EE10FAC0F2E483DFED716ACE
:10307400B4EE667AF1EE10FA36FE877A67EE857A58
:103084000723BFEE005AF8EE004AF0EE006A05E0AE
:10309400013B76EEE77A13F0FF030FD0F4EEEE7AFD
:1030A400F1EE10FAF4DCF4EEC57AF1EE10FA05D57F
:1030B400013B74EEE77A13F0FF03EFD1F4EEC97A23
:1030C400F1EE10FAC0F2B083DFED5A6AF4EE667ADC
:1030D400F1EE10FA76FEA77A37EE687A77EEEB7A9D
:1030E400E7EE2A8AE7EEAABADFED537AB4EEE7AA4E
:1030F400F1EE10FA40F3E480E16FF6EE007A464810
:10310400F0EE684ADFF828C1B8EE004A9FED435A52
:10311400072300FB01C14A0A06EE902A00FB01C204
:10312400510AF8EEE66AE26707EE101A66EE856A5F
:10313400B8EEC77A66EEA76A27EE057AB0EE6B5A48
:10314400E6EE8A4A27EE277ADFED357A7EEECA6A02
:10315400A7EE0A5A9FED337AA6EEA77AD4ED1D7A2C
:10316400D4ED1E6A74EEE74A35EE665AE4EE877AC9
:10317400E5EE076A9FED2C7AF1EE064AB0EE005AAE
:10318400C4ED1D7AE8EE877A9FED287AC4ED1E6AB5
:10319400AAEE247AFFEE004A67EE877A05E0013B47
:1031A40075EE677A13F0FF030FD0F4EEEE7AF1EECA
:1031B40010FAF4DCF4EEE47AF1EE10FA05D5013BF2
:1031C40074EE677A13F0FF03EFD1F4EEC97AF1EEEF
:1031D40010FAC0F232839FED175AF4EE457AF1EEFD
:1031E40010FA75FE277A9FED105AF8EE004A07236D
:1031F400EBEE856ABFEE005A27EE267AF0EE006AFF
:1032040038E000BFCDCC0C3F295C8F3E14AE473F65
:10321400AE47613DCDCC0C400D6619000000003472
:103224008FC2753DBC74933C6666E63ECDCCCC3F04
:103234005FF36E3C9A99993F6F12833A6666863FB4
:10324400CDCCAC3F6666263FF6287C3FCDCC8C3F88
:10325400FFFF7F7F000000003333B33E6F12833BD8
:10326400000000C700FEFF46013B36EEC77A13F0AC
:10327400FF030FD0B4EEEE7AF1EE10FAF4DCB4EE04
:10328400C57AF1EE10FA05D5013B34EEC77A13F096
:10329400FF03EFD1B4EEC97AF1EE10FAC0F2C7829F
:1032A4005FED1C6AB4EE667AF1EE10FA36FE877AA8
:1032B40077EEE87A37EE6B7AE7EE8A8AE7EE0ABAB7
:1032C4005FED237AF4EEE7DAF1EE10FA00F3AD8164
:1032D400DDED127A1FED277A77EEAD7AF4EEC77A38
:1032E400F1EE10FA05DDDDED147A68EEA78A6BEED7
:1032F400A7BAD5ED086A5FED2E7A1FED2E7AA6EEF9
:10330400A77A67EE288AF4EECE8AF1EE10FAC0F2BC
:103314002E81F1EE007AF4EEE78AF1EE10FA00F372
:103324006D82F3EE0B6A68EEA87AF2EE024AB0EE12
:10333400665AA7EEA45A77EEA67A67EEA86AC6EE96
:10334400857A27EE2B7AB4EECE7AF1EE10FAC0F23B
:103354001881F1EE006AB4EEE67AF1EE10FA00F3A9
:103364002C82B3EE0B5A67EE076AB2EE024AF0EE15
:10337400454AE6EE844A76EE856A66EE876A86EE0C
:10338400A47AD4ED196AC4ED197A94ED1A5A77EE39
:10339400E67A5FED536AE5EE267A94ED1B5A84EDE6
:1033A4001B7A37EE457A94ED1C5AA5EE267A5FED2A
:1033B400596AC4ED1A7A67EEA67AF4EECE7A84EDF1
:1033C4001C7AF1EE10FAC0F2DF80B1EE004AF4EE9E
:1033D400C47AF1EE10FA00F31482B3EE0B5A27EE1E
:1033E400267AF2EE024A67EEA76AF0EE453AB4EEA8
:1033F400CE7AE6EEA43A76EE856AF1EE10FA66EE3F
:10340400A76AC6EEA34AB0EEE45AC0F21982B4EE3B
:10341400C47AF1EE10FA00F32882F3EE0B6A67EE39
:10342400077AF2EE023AB0EE664AA7EEA34A77EEC6
:10343400A67A67EE876A1FED7A7AB4EE475AC6EE2B
:10344400847AF1EE10FA00F2DF811FED7A7A24EE2D
:10345400877AF0EEE74A5FED826AF4EE664AF1EEAF
:1034640010FA40F2AF805FED854AF0EE646AD4ED65
:10347400387AF4EEC57AD4ED387A75EE677AF1EEDF
:1034840010FA4CBF1FED8C5A1FED8C5A67EE857AEB
:1034940094ED385A75EE277AC4ED387AD4ED397A3A
:1034A400F4EEE47AD4ED397A74EEE77AF1EE10FAB8
:1034B4004CBF1FED975A1FED975A67EE857A94ED2E
:1034C400395A75EE277AC4ED397A5FED9B7AB4EEFA
:1034D400E77AF1EE10FA3BDB5FED9E7AB4EEE77A21
:1034E400F1EE10FA00F36C81BDEEC77A17EE103AD4
:1034F4001BB25FEDA57A27F8023FF4EEE76AF1EE1E
:1035040010FA23DB5FEDA97AF4EEE76AF1EE10FA24
:1035140000F35D81FDEEE67A17EE903A1BB226F8D1
:10352400023FB0457FF4BEA919B0BDEC108BBDE8D5
:10353400F08337EE447AA7EE254A3EE477EEE67A46
:10354400E7EE816AE3E4F0EE634AC8E4DF4BE6E7C2
:10355400DE4BCEE79FEDDE7AB5E4DFEDDE7A92E472
:10356400DFEDDD7AFFF73EBBB0EE67FA1CE527EE30
:103574002B7ADFEDD77AB4EECE7AF1EE10FABFF6FD
:10358400E8AE9FEDD37AFCE6DFEDD14ADFEDD37AE6
:1035940027EE277AB4EECE7AF1EE10FAC0F23B8130
:1035A400F1EE007A9FEDCE5AB4EEE77AF1EE10FA1E
:1035B4007FF733AFF0EE457A9FEDCA7A24EE877A2F
:1035C400DFEDC74ADFEDC76A67EEA66A4FE7DFEDB6
:1035D400C06A2AE4DFEDC08AFFF792BA9FEDBC4AC5
:1035E400FFF75FBBDFEDBC5AFFF735BBF0EE638A34
:1035F400FFF7CBBBDFEDB66AFFF7ABBB9FEDB57A48
:10360400FFF783BB9FEDB41AFFF7EFBB75EEE66AD5
:1036140038EEC47AA6EE874AFFF7CFBB31EE477A7D
:1036240074EEE67AE7EE276A71E4DDED176ADFED02
:10363400AE7A9FEDAE7A9FEDAE0AA6EEA77A2FEE94
:10364400800AC7EE0D7A94ED127A77EE877A9FEDB1
:10365400A97AF4EEEE7AF1EE10FAA8BF77EEEE7ADC
:10366400A7EE870AC4ED127A07F03EFDF6EE007A63
:103674009FEDA17A04F15802DFEDA06AB0EE6B4A27
:10368400E0EE277A04F14C031146E7EE876AF0EE88
:10369400687AB1EE665A93ED006AB0EE677AA7EEE7
:1036A400856AA6EE867AF0EE467AA3EC017AB0EE4D
:1036B400447A92ED006A9942A4EE056AA6EE867AEF
:1036C400B0EE464AA2EC017AE5D1B7EE047ADFED1A
:1036D4008C3ADFED8C6ABFEE005AF8EE004A0723FD
:1036E400EDEE873AB0EE687AA3EEA77ADFED867A3C
:1036F400EDEEA67AF0EE006A27EE277A05E0013BAC
:1037040036EEC77A13F0FF030FD0B4EEEE7AF1EE83
:1037140010FAF4DCB4EEC57AF1EE10FA05D5013BEB
:1037240034EEC77A13F0FF03EFD1B4EEC97AF1EEA9
:1037340010FAC0F29D80DFED756AB4EE667AF1EEA0
:1037440010FA36FE877AF0EE6B6A0723BFEE005A52
:10375400F8EE004AE3EE846A67EEA67AF0EE006AB9
:1037640005E0013B76EEE77A13F0FF030FD0F4EEA9
:10377400EE7AF1EE10FAF4DCF4EEC57AF1EE10FA1A
:1037840005D5013B74EEE77A13F0FF03EFD1F4EEB5
:10379400C97AF1EE10FA6EDBDFED5C6AF4EE667A5C
:1037A400F1EE10FA76FEA77A37EE687A77EEEB7AC6
:1037B400E7EE2D8AE7EEADBA8AE59FED497AE0E5BA
:1037C40047F6FF7395E69FED467AFFF77CBB47F615
:1037D400FF73A4E69FED424AFFF763BAF0EE085A7E
:1037E400FFF739BADFED3E6AFFF7B3BAB0EE081A55
:1037F400FFF7FBBADFED3A6AFFF717BBDFED387A64
:103804009FE5DFED374AC1E69FED335AF0EEE74A14
:10381400B0EE457A1FE6DFED337A9FED315A24EEA0
:10382400A77ADFED2B7ACBE6DFED2A7A54E49FED1D
:10383400297A3DE59FED277A20E4DFED267AD2E46C
:10384400DFED237A9FED327AB4EE475AF1EE10FAA7
:103854007FF6B2AE9FED237A9FED1F5A67EE876A1B
:10386400DFED1F4AB0EE457A01E6DFED1D7AE9E7A8
:103874009FED187A67E7DFED177A95E79FED250A44
:1038840007F0A2FADFED247A20EE270AFEF704BF40
:10389400F0EE667AFEF735BFCDED147AFEF7CFBFB2
:1038A400DFED0DDAFEF7B7BF9FED0BAAFEF7A3BF5E
:1038B400DFED09AAFEF78FBF9FED078AFEF76FBF02
:1038C400DFED057ACDED0A7AFEF751BF0080FFFFE8
:1038D400A0BF80BF9A9999BF00000000CDCC8C3F57
:1038E400A0BF803F00FEFF46CDCC2C40EC51383EBB
:1038F4009A99193EDB0FC94014AE473F8FC2F53D7C
:103904006666263F6666A6406666E63F9A99993FD4
:10391400FFFF7F7F0000BE423333B33E8C46DFEDB2
:10392400DD5A9FEDDD6ADFEDDD6A2DE9F04F0D46CE
:1039340001F16C0604464FF00008803099462DEDE5
:10394400108B1CF8601F8BB001F003018DED020A8F
:10395400CDED030A8E468DED041A06905CF8041F23
:10396400C76BB94200F09184F0EE467A95ED165A91
:1039740090ED037AC163E5EE257A296F8164696F5E
:10398400C0F824804165B4EE677AF1EE10FAB4EE23
:10399400E67A67FE277AC0ED037AF1EE10FA48BFA3
:1039A400C0F80080664500F10400D7D195ED03EA24
:1039B4007146D5ED028A4B46B0EE4EDADFEDB87AA9
:1039C400A8EEA7DAB5EEC0DAF1EE10FAC0F273840D
:1039D400F7EE007AB4EE67DAF1EE10FA37FE8DDA1C
:1039E400B04800EB81008900D0ED007A019128EE07
:1039F400A77AB5EEC07AF1EE10FAC0F25684DFED84
:103A0400AA7AB4EE677AF1EE10FA77FE877ACDEDF2
:103A1400007AA649019895ED179A0144D1ED007AF0
:103A240029EE279AB5EEC09AF1EE10FAC0F2398465
:103A3400F7EE007AB4EE679AF1EE10FA37FE899A3F
:103A44009E1C03F5817302329FED998A079305F159
:103A54003D039FED98FAAA46089305F140030592A9
:103A64000993DFEDAEEA0025069FF0EE6EDA9FEDD6
:103A740092AADFED929ADDE9089BD7ED03CA5FFABB
:103A840085F8F4EEC8CAF1EE10FA04D599F80030BE
:103A9400002B00F01382D7ED0C7A9BED007A9AF894
:103AA400383037EE677AE7EE0F7AC7ED0C7A0BB948
:103AB40067EE8F7A07EE108AF7EE004ADAED066AAF
:103AC400B8EE477A9FED7E6A97ED004A27EE267A94
:103AD400F0EE646AE7EE066A26EEA77ADFED797AFD
:103AE400C7EE277A77EE847AF4EEE47AF1EE10FAF0
:103AF40003DBBBFE677A77EEC77A734BF6EE086A90
:103B0400019AC7ED007A13449AED017A9DED026A99
:103B140037EE267AD3ED006A66EE266A66EE876A89
:103B2400F4EECA6AF1EE10FAC0F21B839FED677AD5
:103B3400F4EEC76AF1EE10FA00F33883D7ED09AA60
:103B44009DED007A2AEE87BAEBEE297AF4EEE76A65
:103B5400F1EE10FA40F215839FED5D4AF4EEC46A6B
:103B6400F1EE10FA66FE846AC7EEA68A9FED590A42
:103B7400DFED59FA28EE800A07F0B6FAF0EE40BA03
:103B8400B2EE040ADFED557AAEEE270A28EEC00A3B
:103B940007F040F8F0EE087AB0EE40CAF0EE6F0A93
:103BA400B7EE000AEEEE270A30EE680A07F00CF9C9
:103BB40030EE4C0AA0EE2FCAABEEEBCA6EEE0C7AD6
:103BC400EBEEAB7AF0EE4F6ADAED163A9FED474A28
:103BD400B0EE4B7AE3EE846AACEEA77A6CEEA66A9A
:103BE400F5EEC06AF1EE10FAC0F2B8829FED474AD2
:103BF400F4EE446AF1EE10FA74FE266AB5EEC0EAF9
:103C0400A7EEA67AF1EE10FAC0F2A582F7EE007ADA
:103C1400F0EE083AB4EEE7EAF1EE10FA01DC6EEEEB
:103C2400233AB1EE0C4AF7EE007AF9EE006AEDEEB3
:103C3400047A27EE277AB4EEE67AF1EE10FAC0F2AF
:103C4400A382F1EE007AB4EEE77AF1EE10FA00F313
:103C5400B08267EE076AF3EE0B7AB2EE023A36EE02
:103C6400A74AE6EE837A24EE074AC4EE276ADFED1C
:103C74001C1A0723B7EE004AFFEE002AB8EE002A0A
:103C8400F0EE447AB0EE003AEDEE217A67EE277A50
:103C940054E000BF7B14AE3E8FC2753F8FC2F53C2B
:103CA400CDCC0C3FF8070020F6285C3F0808002024
:103CB400ACC52737EC51383E6F12833ACDCCCC3C9F
:103CC400AE47E13D00442C47180800209A99593F1B
:103CD40017B7D138DB0F49406666E63E000028423C
:103CE400CDCC2C409A9999BF9A99993FAE47613EA1
:103CF400EC5138BFEC51383F9A99193EEE7C3F3F66
:103D04008941A03F6666C63F85EB513F3D0AD73ED9
:103D1400F6287C3FF6289C3FFFFF7F7F00000000D1
:103D2400000000C73333B33E6F12833B00FEFF46EF
:103D3400013B73EE677A13F0FF030FD0F4EEC47AFD
:103D4400F1EE10FAF4DCF4EEE27AF1EE10FA05D5B5
:103D5400013B72EE677A13F0FF03EFD11FED1F4AA8
:103D6400F4EEC47AF1EE10FAC0F2F2811FED224AA9
:103D7400F4EE447AF1EE10FA74FE277AB0EE474A74
:103D84005FED182AB9EE003AADEE224AB4EEC34A0A
:103D9400F1EE10FAC0F2D981B1EE003AB4EEC34AA2
:103DA400F1EE10FA00F3FF8124EE042AB3EE0B3A8D
:103DB400F2EE021A72EE032AA2EE213A22EE844AAD
:103DC400C4EE032A1FED374A1FED373A2DEE044A9D
:103DD40033EE443AB4EEC37AF1EE10FAC0F2B28193
:103DE4001FED3C3A34EE034AB4EE447AF1EE10FA95
:103DF40034FE077AB7EE004AF4EEC43AF1EE10FA54
:103E040000F18D81F0EE006A1FED453AEDEE432A94
:103E1400F4EEE63AF1EE10FA40F1B98133EEC44A19
:103E240072EEE72AE4EE227A97ED067AF0EE6A4A19
:103E34009DED046AFFEE006A37EEC74AA4EE067AE7
:103E44009DED036A37EE674A87ED067AE4EE097A58
:103E540037EEEA7AE7EE064AF4EEE64AF1EE10FAB5
:103E6400C0F26D81B7EE007AF4EE474AF1EE10FA33
:103E740077FE244A99F80030C7ED094A5BB99BEDF7
:103E8400037A2CEE877AB4EEC87AF1EE10FA00F1D8
:103E9400878187ED037A002D00F04881B8F1010F86
:103EA40000F08A811FED6B7A5FED6B6A27EE877AEB
:103EB40067EEA67A7DEE87DA7EEEA7EA013504374F
:103EC40009F101090BF1040B032D7FF4D6ADDAEDF2
:103ED400084AB9EE007A1FED755A5FED757ADAED8E
:103EE400165AE4EE857A5FED776AE5EEA67A6DEE12
:103EF400A7DAF4EEC7DAF1EE10FAC0F27E81B1EE81
:103F0400007AF4EEC7DAF1EE10FA00F37F816DEE79
:103F1400AD5AB3EE0B7AB2EE025A75EE876AA5EE8D
:103F2400857A66EEAD6A86EE875A6EEEA77AB9EEAA
:103F3400007AF4EEC77AF1EE10FAC0F25B81B1EECA
:103F4400007AF4EEC77AF1EE10FA00F3628167EEBC
:103F5400A75AB3EE0B7AF2EE024A75EE876AA5EE23
:103F6400A47A66EEA77AC7EE875A94ED197A5FEDC4
:103F7400986A94ED1A3AD4ED1B7A35EE477AD4ED6B
:103F84001C3A75EEE77A1FED9D4AF9EE004A84ED7E
:103F9400195AA3EE267AC4ED1B5AE3EEA67A67EE0D
:103FA400046A84ED1A7AC4ED1C7AF4EEE46AF1EE44
:103FB40010FAC0F20881B1EE005AF4EEC56AF1EECF
:103FC40010FA00F3298166EEA63AB3EE0B7AB2EE4C
:103FD400023A67EE847A73EE875AA3EE837AF4EE9C
:103FE400E47A65EEA66AF1EE10FA86EE874AF0EE00
:103FF400C45AC0F22A81F4EEC57AF1EE10FA00F345
:10400400388127EEA75A5FEDBC4AF3EE0B6AF2EE55
:10401400023AF4EE645A35EE267AE5EE236AF1EEBE
:1040240010FA27EE277AC7EE267A00F207811FEDF1
:10403400C17AB0EEE75A24EE077A5FEDC96AB4EEAE
:10404400665AF1EE10FA40F2F4801FEDCC5AF0EE0D
:10405400457AD4ED386AF4EEE56AD4ED386A75EE43
:10406400E66AD4ED385AF1EE10FA4CBF5FEDD34A4C
:104074005FEDD34A66EEA46A75EEA66AC4ED386AAB
:10408400D4ED396AF4EEC56AD4ED396A75EE666A20
:104094001FEDDD5AF1EE10FAB4EEC57A4CBF5FEDB8
:1040A400DF5A5FEDDF5AF1EE10FA66EEA56AD4ED41
:1040B400395A75EEA66AC4ED396AC0F282805FEDA2
:1040C400E56AB4EEE67AF1EE10FA00F39C80BDEEF8
:1040D400C77A17EE103A1AB29FED797A059BF4EE7F
:1040E400C77A23F8022F0593F1EE10FA67DB9FEDF0
:1040F400757AF4EEC77AF1EE10FA00F38180FDEEE2
:10410400E77A17EE903A1AB2079B26F8022FB342C9
:104114007FF4A7AC0BB0BDEC108BBDE8F08F37EE8D
:10412400E67AF0EE667AE7EE237A7DE69FED667A2C
:10413400DFED666A27EE877A67EEA67ABAE6F0EED6
:10414400664A97E6B0EE437A54E6DFED612A39E633
:10415400F0EE447A12E6DFED5F3A62E5DFED5D6A88
:104164004CE5DFED5D6AD7ED09AA9DED007A2AEEF4
:1041740087BAEBEE297AF4EEE67AF1EE10FAFFF65E
:10418400F3ACDFED547A1DE5DFED516A6FE573EEB4
:10419400E63A37EE627AF0EE627AE3EE877A43E645
:1041A4000023FB6077E6DFED4D2A0BE6F0EE476A6D
:1041B400D9E7DFED4A6A5AE5B0EE677A7AE6484A0B
:1041C400A2E7474A88E79FED424ADFED466AB9EE27
:1041D400007A67EEA67AF4EEC77AF1EE10FA1EDBE7
:1041E400B1EE007AF4EEC77AF1EE10FA44DCDFEDBA
:1041F4003B5A06E7DFED365AB7E69FED355A94E6AB
:1042040047F6FF7280E747F6FF7265E79FED335A82
:104214008BE6DFED325AA8E69FED304AD5E79FEDF5
:10422400297ADFED2E5A24EE077ADFED297A9FED05
:104234002B5ADFED246A67EEA67A0AE7DFED255AEA
:10424400B0EEE75AB0EE657AF7E6DFED217A9FED3E
:10425400267AF4EE475AF1EE10FA11D99FED197A45
:10426400DFED1C5A67EE877A9FED1C5AB0EE657A33
:10427400EFE6DFED1A7AEAE7DFED187AF0EE675A37
:104284009FED107A24EE077AD1E7876C2B6FBB423F
:104294007FF46AAB476D6B6FBB427FF465ABFFF78E
:1042A40081BB9FED0C9AFFF7CBBBDFED0A7ACDED16
:1042B400007AFFF7AEBB9FED07DAFFF791BB00BFB3
:1042C400000000C700FEFF468941A03FEE7C3F3F4F
:1042D400A0BF80BF000000006F12833AA0BF803FE0
:1042E4000080FFFFF6289C3FFFFF7F7F70B52DED18
:1042F400028BA0B0044603F085FC054603F082FC63
:104304000646002D00F0858000287ED0782204F136
:10431400E80102A804F0E6FB9DF8433043B1002312
:10432400E361A361E362A362636223626363236361
:10433400DDED030ADDED077AF5EEC00ADFED408A14
:1043440067EEA76A9FED3F7AB0EE681A9FED3E8A4A
:10435400F1EE10FA9FED3D6AA6EE878AA7EE861A63
:1043640038DBF7EE007AF4EEE70AF1EE10FA63DCDC
:104374009FED370A8DED011A06F026FDDFED357A43
:104384009DED011A20EE270AB4EEE80AF1EE10FAC8
:1043940049DAB0EE680A9DF84430F0EE480A6BB38F
:1043A400334602A92A462046FFF7B8FA2946204692
:1043B400002203F0A5FC01223146204603F0A0FCB4
:1043C400284603F075FC304603F072FC20B0BDECC7
:1043D400028B70BDDFED200A9FED1D0A8DED011AE1
:1043E40006F0F2FCDFED1B7AF0EE480A9DF844304B
:1043F40020EE270A9DED011A002BD1D1334602A9E4
:104404002A462046FEF72AF9D0E715B1284603F0DC
:104414004FFC002EDAD0304620B0BDEC028BBDE854
:10442400704003F045BCF6EE087AB4EE670AF1EE8C
:1044340010FA37FE800AAEE7F0EE670ACCE700BF59
:10444400A69BC43AEC51383E6F12833BEC51383D85
:1044540000002A430AD7233B000000002C492D4AC0
:1044640038B510680B681B1A092B2DED028B19D96E
:10447400294C0B68DFED298A04F124059FED288A75
:1044840013600A21206802F04FFF237A6BB9B0F55C
:10449400486F30DC63729FED237A84ED017A0C342B
:1044A400AC42EED1BDEC028B38BDB0F5E16F19DB47
:1044B4000023A37220EAE070A0F5E16007EE900A01
:1044C400F8EEE77A87EEA87AB4EEC87AF1EE10FA3D
:1044D4001BDBF7EE007AB4EE677AF1EE10FA37FEE2
:1044E400877ADAE7A37A0133DBB2032BA372E1D92B
:1044F40000232372CEE7627A0132D2B26272002ABA
:10450400C9D00122A3722272D4E79FED057AC4E7D1
:10451400F8250020002600204C1400200000AF44A1
:10452400CDCC4C3E000000004B4B40F2ED2219680C
:10453400914279D949491A680868121A112A73D91B
:104544001B682DE9F047464F4FF4D019DFF81C8162
:10455400444E2DED028B0B6082B09FED438A002107
:1045640056E0F4EEC87AF1EE10FA64DCFCEEE77A79
:10457400CDED017A9DF804A05346F6EC017A67EE7E
:10458400887AF5EEC07AF1EE10FA4EDBF4EEC87AD2
:10459400F1EE10FA4CDCFCEEE77ACDED017A9DF8F1
:1045A40004502C4698F80020FF2A05D09A1A002AB5
:1045B400B8BF5242012A0DDD1B06A9F5C0224BF2F9
:1045C4000B0003F0FE431343184305F02DFC0121B7
:1045D40088F800A098F80630FF2B05D0E31A002BCA
:1045E400B8BF5B42012B0CDD24064BF20B0004F038
:1045F400FE4444EA0904204305F016FC012188F82E
:10460400065009F5803908F10108B9F5001F15D0E5
:10461400F7EC017A67EE887AF5EEC07AF1EE10FADB
:104624009FDA00239A46A8E7704700242546B9E795
:104634007F242546B6E77F239A469EE721B902B038
:10464400BDEC028BBDE8F08702B0BDEC028BBDE887
:10465400F04705F0F1BB00BFF825002048230020F7
:10466400E01300202C1400200000FE42CC13002094
:10467400134A00231349904210B528BF1046124C28
:10468400124AA04238BF2046114C1060114A0B70E8
:104694001370237843B9104B00221B78227013B98E
:1046A4000E4C237823B110BD0D4803F0BDFDF2E795
:1046B4004FF60F2005F0B8FB0123237010BD00BF97
:1046C400C0C62D00EA270020400D03007C230020F3
:1046D400EC270020EB270020EE270020EF27002006
:1046E400D81300202DE9F041394E8046394C0E2074
:1046F400771D25462DED048BDFED378A9FED379A24
:104704009FED378A12E0F4EEE76AF1EE10FA1FDC4F
:1047140077EEE67A95ED007ABE4277EEC77AA7EE99
:10472400887AA5EC017A16D016F8010F03F018FE6A
:1047340007EE100AF7EE007AB8EEC77AC7EE286AD9
:10474400F5EEC06AF1EE10FADDDAF7EE007AE1E791
:10475400F0EE497ADEE7234B1A7842450ED0224A1E
:104764001C4E83F800804FF00133204D136093807A
:104774000FCE0FC596E8030085E803001C4A002607
:104784001C4B1949B8F1000F08BF1346DFED1A6A34
:10479400164A03F1180511F8010B94ED007A60B183
:1047A400D2ED007A77EE677AF0EEE77AF4EEE67A05
:1047B400F1EE10FA03D401F8016C83ED007A0433AE
:1047C400043404329D42E6D1BDEC048BBDE8F08193
:1047D400940700201414002000F07F45000000001E
:1047E4009A99993DE8270020D0230020FC1300204B
:1047F400E01300202C140020BC74933C70B4274CAC
:10480400274D22782748284E02F1030CA0FB0231E1
:1048140021F0010303EB5103D31A013203EB4301EB
:1048240005EB8101097A09B9F15CB9B19445EDD17F
:104834001B4900224FF0FF331C4D087A40B9581C25
:1048440025D055F8226055F82300864238BF134618
:1048540001320C31032AF0D15A1C16D014481549E0
:1048640050F82320013240F823200A680F4801320F
:104874000A6040F8232001330A4AA2FB031222F003
:10488400010101EB52029B1A237070BC704713465E
:1048940001320C31032AD0D1DEE700BFF927002012
:1048A4004C140020ABAAAAAA3026002020260020FF
:1048B400142600202C260020114B1B7A70B50646C6
:1048C40033B9104B93ED040AFDF766FBFDF7E6FBE5
:1048D4000D4A0E490E4B0C68197813680D4D0133BF
:1048E400136001232B700C4B1C6001B106B970BD21
:1048F4000A4A13680133BDE870401360FFF77EBFB6
:104904004C140020E01300201C230020F825002074
:10491400FC270020E42700200C230020042600208C
:1049240008B572B6194A002113781170DBB262B669
:10493400DBB9174B174A1B6812689B1AB3F5FA7F49
:104944000FD9154BDFED156AD3ED007A9FED147A7C
:1049540067EEA67AF4EEC77AF1EE10FA02D50022D9
:104964001A6008BDC3ED007A08BD0E4B1878FFF736
:10497400A3FF0D4B0D4A19689142DAD919680C4A04
:104984009142D6D81868FFF773FED2E7E1270020DA
:10499400F82500200C230020102300203333733F1C
:1049A4000AD7233CFC27002064230020400D030089
:1049B400BFC62D002DE9F84316204C4C03F0D0FC63
:1049C40007EE900ADFED4A5AF8EEE76A494B9FED8D
:1049D4004A6AD3ED007A86EEA57A484A48481168B7
:1049E400484D77EE676A80ED007AE6EE867AC3ED8D
:1049F400007ACB0703D40121236811602B60424E57
:104A0400337853B1DFED416AB4EEE67AF1EE10FA91
:104A140032DD23682B60BDE8F883DFED3D6AB4EE38
:104A2400E67AF1EE10FA14DDDFF8189103F030FFA6
:104A3400384B0746D9F80020A0EB0208226843440B
:104A44002A60354A934221D90123C9F80070337092
:104A5400DFE79FED327AF4EEC77AF1EE10FAE3DC89
:104A6400236847F2305229685B1A9342D3D92C4BFE
:104A740000221A70BDE8F8839FED2A7AF4EEC77A13
:104A8400F1EE10FAC5DC00233370E9E7264B01226E
:104A94001878234B1A70FFF70FFF244B2168A3FBF0
:104AA4000823234A9B09116040F68432A3F13301A1
:104AB400914212D807EE903A9FED1E6AF7EE006A13
:104AC4001D4BF8EEE77A86EE277AB4EE667AF1EEBD
:104AD40010FA36FE877A83ED007A184B184A43445D
:104AE4009342B1D84046FFF7C3FDADE7F825002057
:104AF40000F07F45182300200AD7A33C341E002071
:104B040014230020201F0020E3270020BC74933CC2
:104B14008FC2F53CAF3CFFFF6E032D00CDCC4C3D66
:104B2400E2270020295C0F3DFC270020D34D6210B2
:104B34000C2300200000484310230020BFF2FCFF98
:104B44007EB92A00241F00202DE9F04F7822D9498C
:104B54000446D94D2DED0A8B83B003F0C3FFD74B28
:104B6400F3EE045A95ED045AD3ED004AF6EE006ACA
:104B74009FEDD36A84EEA57ADFEDD27AE5EE067A6C
:104B8400E7EE276AF5EEC06AF1EE10FAC0F232835E
:104B9400F7EE007AF4EE676AF1EE10FA77FEA66A91
:104BA400C94BB3EE046AF6EE007AD3ED005A85EEF3
:104BB400867AE7EE277AF5EEC07AF1EE10FAC0F2C3
:104BC4001683B7EE007AF4EE477AF1EE10FA77FE28
:104BD400277ABE4B9FEDBE7A93ED006AC6EE075A64
:104BE400F5EEC05AF1EE10FAC0F2FE82B7EE007A8A
:104BF400F4EE475AF1EE10FA77FE255AB54F9FEDC1
:104C0400B66AD7ED043AB54BA3EE866A97ED007AFF
:104C1400D3ED004A74EEC74AA6EE247AB5EEC07A04
:104C2400F1EE10FAC0F2DD82B7EE006AB4EEC67A95
:104C3400F1EE10FA00F3D88176EEC76A95ED014AD9
:104C4400DFEDA72ADFEDA74A9FEDA33AE4EE224A5F
:104C540097ED026A25EE035A7B6875EEC65A6360C7
:104C6400A5EE267AF0EE466AE4EEA56A84ED007AB3
:104C7400F5EEC06AF1EE10FAC0F2B082B7EE007A37
:104C8400F4EE476AF1EE10FA77FE266A9648B7EE1C
:104C9400008A95ED007A9FED956A037877EEC77ADE
:104CA400B4EEC67ADFED928A002BDFED922AFB6820
:104CB40048FE885AF1EE10FAB4EEE24AE3607B69EA
:104CC4008D4E6361CCBF01230023F1EE10FA9FEDFA
:104CD400823A84F83830CCBF012300239FED876AE1
:104CE400A7EE837A84F83930854BF0EE467A85490D
:104CF4001B68D5ED054A6362834B9FED845A1B788C
:104D0400834AE4EE857A84F86030337AC4ED026A2B
:104D140084F83A3084F83D300B78C4ED043A84F8D2
:104D24003B301378C4ED075A84F83C30337D84ED6E
:104D3400067A84F83E3096F82030C4ED087A84F878
:104D44003F3072B6002303700B7062B67149087865
:104D540070B17148DFF80092D0F800C0D9F80000B3
:104D6400A0EB0C0047F2305C604540F266810B70AA
:104D74001378002B00F09881DFF8DC91DFF8DCA1D8
:104D8400B6EE00BA9FED65AA04F1400B9FED649A5C
:104D94005746DFED64AADFED649ADFF83881DFED72
:104DA40063BA17F8013BB2EE08CAB3EE087AFF2BD8
:104DB400B0EE000AA3F1450200F02E8107EE902A1E
:104DC400F8EEE70AD8ED007A77EECB7AC0EE8C0ADB
:104DD40067EE878A05F0F8FFB0EE408AB0EE000A6D
:104DE400C8EE8C0A05F0F0FF28EE2A8A28EE000AA5
:104DF400B4EEE90AF1EE10FAC0F2FF81B4EE490A0A
:104E0400F1EE10FA39FE000A494B08F10408ABEC44
:104E1400010A9F42C5D1474F04F14C089FED469AC1
:104E2400DFED468A07F10C0B9FED458AF7EC010A8A
:104E3400B0EE480A05F0C8FF20EE090AFFEE007A3A
:104E440020EE280A87EE800A05F0E4FE5F45A8EC10
:104E5400010AEBD13B4B96ED046AB6EE087A196869
:104E6400D9F80030D6ED077A5B1A3749B4EE676A91
:104E7400D6ED016A096895ED055A2167F1EE10FA3D
:104E84003249DFED335A096866FE277AF4EE676A21
:104E9400304A6167A5EE257A2968F1EE10FA61605F
:104EA400696866FEA77AB3F5FA6FA160A96884ED14
:104EB400087A55E0F00600202C140020F813002096
:104EC4006666663F9A99993EA0230020A423002099
:104ED40000002042E01300203333B33E4814002086
:104EE400CDCC4C3EEC51383EE427002052B81E3F56
:104EF400000000008FC2F53E4C1400206666E63EBA
:104F040010230020F0270020FA2700203333733FBA
:104F1400FC270020ED2700208423002000000C4201
:104F24000080BB450000DC430000004200008042DA
:104F340073140020EC130020BC74933C00442C47F1
:104F44000000F0420C260020042600201026002039
:104F5400CDCC4C3F14260020F825002070140020EE
:104F6400E160E968C4ED167AA1612969E165116817
:104F7400616651689268A166E2660ED9CC4B002541
:104F8400FF20D91C13F8012B1AB18AF8000003F88A
:104F9400015C8B420AF1010AF4D1C64BA4EB8408EC
:104FA400D9F800A004F13D02C34DA8F19008C0480F
:104FB40003F1240EDFF844C34FF00109BF4E197A00
:104FC400B9B9077817700C33013001320CF1040CB5
:104FD4009E4506F1040605F8011BF0D1204603B0F6
:104FE400BDEC0A8BBDE8F08F76EEC66AB0EE467A69
:104FF40024E62F7882F80090002FE4D13768002F40
:1050040040F02C81DCF800700137CCF8007048F8CF
:105014002270C6F800A0D6E7B0EE6B0AD8ED000AFD
:1050240005F0D2FE20EE0A0AB4EECA0AF1EE10FA36
:10503400BFF6E4AEB0EE4A0AE6E61378002B7FF43E
:105044009DAE9F4BF2EE080AB0EE000A1B78453B7A
:1050540007EE903AF8EEE77AC7EEA00A05F0B4FE40
:105064009FED987ADFED987A20EE070A80EE270A02
:1050740005F042FEB1EE087AC0EE077AF5EEC07A8A
:10508400F1EE10FAC0F20881F4EE487AF1EE10FA6B
:1050940078FE277A94ED007ADFED8C6A77EEC77A92
:1050A400A7EEA67A84ED007A337A002B00F0BA805A
:1050B400327D96ED019A002A00F0BA8096F82050CD
:1050C400D6ED048A002D00F0BA80D6ED079A39EEA9
:1050D400288AF7EE007A38EE298AB4EEE78AF1EEF0
:1050E40010FA00F3AF80B7EE007A38EE478AB5EED7
:1050F400C08AF1EE10FA00F28380F0EE476AC4ED44
:105104000D6A22B368EEA78A9FED716A94ED027A64
:10511400D4ED076AA8EE867AF4EEE68AF1EE10FA88
:10512400B5EEC07A88BFF0EE686AF1EE10FAC4ED0D
:10513400076AC0F2A280F7EE006AB4EE667AF1EE76
:1051440010FA36FE877A84ED027AC4ED0B8ACBB16D
:1051540029EE279ADFED5F6A94ED027AA9EE267AAA
:1051640084ED0A9AB5EEC07AF1EE10FAC0F28880A6
:10517400F7EE006AB4EE667AF1EE10FA36FE877A3C
:1051840084ED027A1DB169EEA79AC4ED0C9A524BD4
:105194001B68002B77D1514B1B781BB9504B1B78E4
:1051A400002B61D0B6EE007AD7ED007A9FED4D0A60
:1051B40077EEC77A27EE800A06F00EF918286FF00A
:1051C4001703A8BF18209842B8BF1846464B18606A
:1051D400204603B0BDEC0A8BBDE8F08FDFED436AD7
:1051E40054E59FED427A29E5DFED405A06E5DFED0F
:1051F4003F7AEEE4DFED3D6AD2E4B0EE690A03E6FD
:10520400F0EE475ADFED316A9FED396AE8EE265A2F
:10521400C7EE256AF4EEC66AF1EE10FA26DAF0EE6D
:10522400466A6CE7327D9FED319A002A7FF446AFDF
:1052340096F82050DFED2D8A002D7FF446AFDFED88
:105244002B9A44E7B5EE408AF1EE10FA27D4B1EE7A
:10525400C80AB7EE007AC7EE007A44E7AAEB07075C
:10526400462F7FF6B0AECDE60020AFE7F4EE476AF6
:10527400F1EE10FA77FE266A41E79FED1C7A62E7A9
:105284009FED1A7A7CE703F003FB1A4A1A4B126863
:10529400801A984286D97EE7F0EE687AFAE6B0EE94
:1052A400480ACDE9003206F071F8DDE90032D0E7B2
:1052B400302600204C140020FC1E0020001F00207B
:1052C4008F1400200000DC4300000C42CDCC0C3FC6
:1052D4008FC2753E295C0F3E64230020EE27002018
:1052E400E227002000004042442500200000000086
:1052F400B81E053F602300207FC3C9011426002087
:105304002DE9F843A24CA34DA34FA44E2DED028BDF
:105314009FEDA38A002004F035FE00282CD0A14B79
:10532400A1491B78A14AF82B0978127833D0A3F14C
:105334009000B0FA80F04009002A45D0002843D0FC
:105344009B4B1B78002B6BD19A4B9B4A9B48197043
:105354000121DFF878C21268994B00788CF80010AC
:105364001A600028D6D1974B1870FFF7A5FA0020D1
:1053740004F008FE0028D2D1237843B18E4B924A20
:105384001B6812689B1AB3F57A7F00D92070BDECB4
:10539400028BBDE8F88388498B4A09682378116039
:1053A4000BB901232370874A13780133DBB2172B1F
:1053B40017D9824B00211B781170002BAAD17C4B8A
:1053C4001878FFF779FAA5E7802B01D05AB950B1C4
:1053D400774B1B78002B69D1764A12788A4299D18F
:1053E4007A4A137096E7B02B94D178297FD07B2921
:1053F4007DD007EE902A1439F8EEE77A87EE887AA2
:105404000B2987D8DFE811F0BC00C000FA00FE00C9
:105414000201AC00B000B400B800A400A8008600EB
:10542400654BDFF8B8E11A68DFF8CC917046684B39
:105434001A604A46002310F801CBA846BCF1000FBD
:1054440003D015F803C08C453FD001330C32032B35
:10545400F1D14FF0000C4FF0FF3399F8082042B916
:10546400581C3BD01EF80C20AAB31EF80320002AB7
:1054740048D10CF1010C09F10C09BCF1030FECD17A
:105484005A1C3FF447AFA8465248012208F80310BB
:105494000EF80320026850490132026046F82320C6
:1054A40051F82320013241F8232033E7DFF82CE1BF
:1054B4000023724612F8010B18B1E85C884200F030
:1054C400A9800133032BF5D124E792F808C0BCF17D
:1054D400000FBAD1D8E71EF803209AB163460CF145
:1054E400010C09F10C09BCF1030FB6D1C8E7002384
:1054F4003A48038083704FF6FF702880A8703348C1
:10550400037076E756F82C0056F82320904238BFF3
:105514006346AEE7324B83ED057A87FB01033148DE
:10552400A3EBE17303EB4303A1EB4303DBB200EB17
:105534008300D0F800C02C4800EB8300C0F800C002
:105544004FF0010C294800F803C0294B5A54E1E6F6
:10555400234B83ED037AE0E7214B83ED047ADCE708
:10556400244B83ED057AD8E71D4B83ED007AD4E70D
:105574001B4B83ED017AD0E7194B83ED027ACCE71C
:105584001C4B83ED007AC8E71A4B83ED017AC4E71C
:10559400EE27002070140020ABAAAA2A202600209F
:1055A4000000FE42082800200628002007280020CA
:1055B400FC2700208F140020F8250020E22700207B
:1055C40084230020E927002080230020ED270020E9
:1055D4000C2600202C260020142600203026002033
:1055E4002C14002014140020FC130020D0230020CD
:1055F400CC130020E01300204C140020084B83ED52
:10560400027A8AE7064B83ED037A86E7044B83ED3F
:10561400047A82E700220EF80320FF22EA5479E696
:10562400E0130020C84B1A68D1072DE9F04F044657
:1056340083B0C64D04D4C64A01202968186011609D
:10564400F6EE007A94ED077AB4EEE77AF1EE10FA0A
:1056540000F3C08094F83B30002B40F0BB80BD4E7B
:105664003378002B40F03F82BB4B1A68D20740F1DD
:105674005D81BA4A2B6811685B1A1E2B40F2608167
:10568400B74E2B689FEDB77AD6ED387A136067EE84
:10569400877AF5EEC07AF1EE10FAC0F2EE81F4EEFC
:1056A400C77AF1EE10FA00F30F82FCEEE77AAE4807
:1056B40017EE903A1B0603F0FE43184304F0B4FBC4
:1056C400D6ED397A9FEDA77A67EE877AF5EEC07A40
:1056D400F1EE10FAC0F2E781F4EEC77AF1EE10FAB7
:1056E40000F3F081FCEEE77AA04817EE903A1B062F
:1056F40003F0FE43184304F097FBD4ED027A9FEDC8
:10570400997A67EE877AF5EEC07AF1EE10FAC0F274
:10571400CE81F4EEC77AF1EE10FA00F3D781FCEEF5
:10572400E77A934817EE903A1B0603F0FE431843BA
:10573400904C04F079FBB6EE006A9FED8F7AD4EDBD
:10574400007ADFED8E6A77EEC67A77EEA77A67EE97
:10575400877AF4EEE67AF1EE10FAC0F2A681F4EE5E
:10576400C77AF1EE10FA00F3B981FDEEE77A4EF252
:105774000E0017EE903A1BB203F30D0303F500532A
:105784001A04DB1102F4FE0242EA0363184304F034
:105794004BFBD4ED007A9FED737A67EE877AF5EED2
:1057A400C07AF1EE10FAC0F27781F4EEC77AF1EE26
:1057B40010FA00F38D81FCEEE77A4DF20D0017EE3E
:1057C400903A1B0403F4FE03184303B0BDE8F04F02
:1057D40004F02ABBD4ED000AF5EEC00AF1EE10FA8B
:1057E400C0F2E680F7EE007AF4EEE70AF1EE10FA82
:1057F40000F365819FED690A05F0E6FA9FED687A8A
:10580400F2EE087A20EE070AB4EEE70AF1EE10FA97
:1058140080F235814FF00C0A4FF4402BD0464D4EA8
:10582400DFF870913378002B40F0F780544F94EDFB
:10583400027AB5EEC07AF1EE10FAC0F20781F7EE03
:10584400007AB4EEE77AF1EE10FA00F33581DFED79
:105854004D6ADFED4D7AE7EE267AFCEEE77A17EE35
:10586400903A1B0603F0FE434BEA030349F2090096
:10587400184304F0D9FA454B89F800801B68534457
:1058840083F30703534500F0E48094ED027A5FFA52
:1058940083F8B5EEC07AF1EE10FAC0F20A81F7EEA1
:1058A400007AB4EEE77AF1EE10FA00F31981DFED35
:1058B400386ADFED3A7AE7EE267AFCEEE77A17EEFD
:1058C400902A120602F0FE4242EA034349F209001A
:1058D400184304F0A9FA01222B6887F8008032707B
:1058E4001B4A13602A68D31ABE2B7FF6BDAE294B20
:1058F40048F20808224F1878000400F4FE0040EA39
:10590400080004F091FA3878FF2806D0000400F467
:10591400FE0040EA080004F087FAFF233B700023EE
:1059240033700D4B1A68D2073FF5A3AE01202968E6
:105934000A4A18602B6811605B1A1E2B3FF6A0AE52
:1059440003B0BDE8F08F00BF2C1E0020F825002016
:10595400101F0020DE270020281E00200C1F00201E
:10596400D82300200000FE420BB010000BB0110041
:105974000BB012001823002000F8FF4500F8FFC503
:105984008D14002000005C4200008C42442500205D
:10599400000048428C1400200000000000008042F7
:1059A40000000C420000DC4300008A420000EE428A
:1059B4005FED070A1FED070A05F006FA5FED087AA6
:1059C40020EE270A5FED097A80EE270A05F094F9A4
:1059D4005FED0B7AB2EE087AE0EE077AF4EEC77A5E
:1059E400F1EE10FA3FF516AF1FED107AF4EEC77A18
:1059F400F1EE10FA4ADCFCEEE77A3C4EDFF8209137
:105A0400CDED017A9DF804804FEA0843C24603F4C1
:105A1400FE0B3378002B3FF409AF99F80030344F74
:105A2400FF2B19D13B78FF2B3FF401AF1B0448F245
:105A3400080003F4FE03184304F0F6F994ED027A27
:105A4400B5EEC07AF1EE10FABFF6F9AE4FF08C4322
:105A54000AE74FF0FF083EE71B0448F2080003F48E
:105A6400FE03184304F0E0F93378002B3FF4DFAE73
:105A74003B78FF2B3FF4DBAED8E71E481EE6DFED94
:105A84001E7AB4EEE70AF1EE10FA9BDD4FF0770AC6
:105A94004FF4EE0BD046C2E64DF20D0003B0BDE864
:105AA400F04F04F0C1B9154825E615486FE61548CE
:105AB4003EE64FF0804207E74FF0FA43D4E6F0EEBB
:105AC400670A77E7104816E61048F7E510482FE60E
:105AD400104803B0BDE8F04F04F0A6B90E4856E6EE
:105AE4004FF0E442F0E60D4B1B68FBE6DE27002096
:105AF4008D1400200BB0100000803B460BB0110049
:105B04000EE001000BB012000BB0117F0BB0107F40
:105B14000BB0127F0DD07F000EE07F7F101F00209E
:105B24008C1400202DE9F04F3E4E00F14007DFF8C1
:105B34000CB14FF000083C4D012448F2080ADFF88C
:105B440000912DED068BDFED398A83B0DFED389AB5
:105B54009FED389A9FED38AA337A93B92A78002AB0
:105B64004CD101340C3608F580780BF1010BE4B20A
:105B740001350437042CEFD103B0BDEC068BBDE82E
:105B8400F08F2B78002BECD1B2EE088A97ED000A47
:105B9400B4EEC80AF1EE10FA20DBB4EEE80AF1EE36
:105BA40010FA3ADC80EE290A05F0A6F8F0EE497AFC
:105BB400E0EE087AF4EEC87AF1EE10FA0ED4F4EEC0
:105BC400CA7AF1EE10FA28DCFCEEE77ACDED017A20
:105BD4009DF80430180400F4FE0002E04FF4402065
:105BE4000C2348EA0000019340EA090004F01CF980
:105BF400019B8BF8003001232B70B2E79BF8000067
:105C04000193000400F4FE0040EA080040EA0A00A0
:105C140004F00AF9019B2B70A3E74FF4EE007723FD
:105C2400DFE700BF4C140020141F002000803B4617
:105C34000000DC4300008A420000EE42940D002084
:105C44000990006470B5154E2DED048B34469FED1C
:105C5400149ADFED148A06F140059FED138A42F28F
:105C6400107002F047FB07EE900AF8EE677A87EEB1
:105C7400897AF0EE487AE7EE287AE4EC017AAC42CD
:105C8400EDD10A4B0A491B780A4A06EB8306BDECA0
:105C9400048B33680B60136070BD00BFB425002013
:105CA40000401C460AD7233FEC51383EF62700201B
:105CB40048140020441400202DE9F0416D4E42F2B6
:105CC40010706D4FD6F800806C4D6D4C2DED068B29
:105CD40002F010FB07EE100A9FED6A8A42F2107080
:105CE400B8EE477ADFED686ADFED687AB6EE08AAA7
:105CF4009FED679A87EE086ADFED668ADFED66AA94
:105D0400DFED669AE6EE267AC6ED017A02F0F2FA43
:105D140007EE900A9FED627A42F21070F8EE677A0D
:105D2400C7EE886AF0EE497AE6EE877AC6ED027A23
:105D340002F0E0FA07EE900A42F21070F8EE677A89
:105D440087EE887AF0EE687AE7EE2A7AC6ED037A6F
:105D540002F0D0FA07EE900A9FED527A42F21070E8
:105D6400F8EE677AC7EE886AF0EE687AE6EE877A2C
:105D7400C6ED047A02F0BEFA07EE100ADFED4A6AB5
:105D8400DFED4A7A42F21070B8EE477A87EE086A7D
:105D9400E6EE267AC6ED057A02F0ACFA07EE900A32
:105DA40042F21070F8EE677A87EE887AF0EE687A3D
:105DB400E7EE2A7AC7ED007A02F09CFA07EE900A21
:105DC40042F21070F8EE677A87EE887AE7EE2A8A54
:105DD400C7ED018A02F08EFA07EE900A42F21070C3
:105DE400F8EE677A87EE887AF0EE697AE7EE0A7A57
:105DF400C7ED027A02F07EFA07EE100A42F2107042
:105E0400B8EE477AC7EE087A77EEA97AC7ED037A37
:105E140002F070FA07EE100A42F21070B8EE477AF8
:105E2400C7EE087A77EEA97AC7ED047A02F062FA2F
:105E340007EE900A1E4B4FF00132C6F80080F8EED0
:105E4400677A1A609A804FF0FF3287EE887A194B8E
:105E54009A60C3E900220FCD0FC495E8030084E8DB
:105E64000300A7EE0A9A87ED059ABDEC068BBDE800
:105E7400F08100BFE01300202C1400201414002033
:105E8400FC13002000401C463E0A573F0AD7A33C9F
:105E94009A99193ECDCC4C3D6666663F00000000E1
:105EA4001E852B3FE17A543F703D4A3F0AD7233E7B
:105EB400D0230020CC13002070B542F21070714C36
:105EC400714E724D2DED068B02F014FA07EE900A16
:105ED4009FED6F8A42F21070F8EE677ADFED6D8AFB
:105EE400DFED6DAADFED6D9A87EE887A9FED6CAADF
:105EF4009FED6C9AF0EE687AE7EE2A7AC4ED007AA8
:105F040002F0F8F907EE100ADFED676A42F210704A
:105F1400B8EE477ADFED657A87EE086AE6EE267A10
:105F2400C4ED017A02F0E6F907EE900A42F210702D
:105F3400F8EE677A87EE887AF0EE697AE7EE2A7AE5
:105F4400C4ED027A02F0D6F907EE900A42F210701C
:105F5400F8EE677A87EE887AE7EE0A9AC4ED039A38
:105F640002F0C8F907EE100ADFED517A42F2107020
:105F7400B8EE477AC7EE086AE6EEAA7AC4ED047A68
:105F840002F0B8F907EE100ADFED4A6A42F2107027
:105F9400B8EE477ADFED487A87EE086AE6EE267AAD
:105FA400C4ED057A02F0A6F907EE900A9FED437A54
:105FB40042F21070F8EE677A414CC7EE886AF0EE50
:105FC400687AE6EE877AC6ED007A02F093F907EE76
:105FD400900A42F21070F8EE677A87EE887AE7EE5C
:105FE4000A8AC6ED018A02F085F907EE900A42F2A8
:105FF4001070F8EE677A87EE887AF0EE497AE7EE69
:106004000A7AC6ED027A02F075F907EE900A9FED5E
:106014002D7A42F21070F8EE677AC7EE886AA6EE1F
:10602400879A86ED039A02F065F907EE100ADFED10
:10603400266ADFED267A42F21070B8EE477A87EED0
:10604400086AE6EE267AC6ED047A02F053F907EE02
:10605400100A1F4B4FF00132DFED1E7AB8EE477A7B
:106064001A609A80C7EE086A0FCD0FC495E8030042
:1060740084E80300BDEC068BE6EEA77AC6ED057A4C
:1060840070BD00BFE01300202C1400201414002065
:1060940000401C46AE47613E703D0A3F7B14AE3E55
:1060A400B81E053FEC51383E295C0F3FB81E853EB3
:1060B400EC51B83E713D0A3F5C8FC23EE27A143F18
:1060C400FC1300207B142E3F9A99193F295C8F3EC4
:1060D400D02300201F85EB3E2DE9F8430646082017
:1060E40002F02AFC7D4C002823780CBF01270027EE
:1060F40065D1002B5FD17A4A7A4D7B4913702A68A7
:106104000A6036B12B6842F210719B1A8B4200F27E
:10611400E2802B689B1A40F6B832934248D9704B00
:106124001A78002A44D14FF0010883F80080002E29
:1061340040F0B6806D4A137883F001031370002B8E
:1061440000F0C38029686A4B6A4A83F800801160B2
:106154004FF00132684B694E694D1A609A800FCE38
:106164000FC596E8030085E80300FF21042002F030
:10617400E1FDFF21052002F0DDFDFF21062002F0F4
:10618400D9FDFF21092002F0D5FDB42002F02CFB3B
:106194000021042002F0CEFD0021052002F0CAFDFA
:1061A4000021062002F0C6FD0021092002F0C2FDF4
:1061B4002770BDE8F8834C4B4A4D1A68A1E7002BC1
:1061C400F6D0474B1E78002EF2D1464D464A2B6836
:1061D40012689B1A162BEBD9444B1B783BBBFFF779
:1061E4006BFD474EFFF72EFD434B4FF00132DFF8B6
:1061F4000CC11A609A80434B93F808E0BCE80F0086
:106204000FC69CE8030086E80300BEF1000F04D12A
:106214003D4B93ED040AFBF7BFFE3C4B01221A7081
:106224003B4B01212A6819703A4B1A60C0E7FFF70B
:1062340043FD4FF0E028FFF73FFE4FF04009FFF722
:1062440001FD2D4B4FF00132DFF8B0E0DFF8B0C0B4
:106254001A609A80BEE80F00ACE80F009EE80300C5
:106264008CE80300042002F045F82B4B2A683146E1
:106274001870204B29481A603022C8F8889105F01C
:106284005FFD274B03F1780207CA83E80700314614
:1062940003F10C00242205F053FDC8F80891BFE770
:1062A400FFF70AFD154EFFF7CDFC134B4FF00132FB
:1062B400134D1A609A801B4B83F800800FCE0FC5D4
:1062C40096E8030085E803004FE7FFF7BBFC154B96
:1062D40083F8008049E705F073FF00BFE72700203B
:1062E400E6270020F825002044230020FC27002076
:1062F400FB27002008260020D023002014140020AF
:10630400FC1300204C140020E0130020E42700209C
:10631400E527002040230020FA27002058240020ED
:1063240088240020F027002038B5FFF7C5FD04209D
:1063340001F0E0FF1A491B4A1B4B1C4C096803F18E
:10634400240C207011601A481A4A197A0C3309B9BE
:10635400017811B11168013111609C4500F101000F
:1063640002F10402F1D114494FF0E0244025302217
:106374000B68124801330B600021C4F8885105F002
:10638400DFFC0F4B03F1780207CA83E807002422DD
:10639400002103F10C0005F0D3FCC4F8085138BD0A
:1063A400F8250020082600204C140020FA2700209D
:1063B4003026002014260020042600205824002023
:1063C4008824002038B5EF4C42F210702DED028B7A
:1063D40094ED018A01F08EFF07EE100A9FEDEA5A50
:1063E4009FEDEA6AB8EE477ADFEDE97ADFEDE96A14
:1063F400C7EE055AE5EE867A78EE277AF4EEE67A69
:10640400F1EE10FAC0F2A2819FEDE37AF4EE477A3E
:10641400F1EE10FA77FE277A9FEDE07A42F21070DF
:1064240094ED028AC4ED017AB4EEC78AF1EE10FA53
:1064340028FE078A01F05EFF07EE100A9FEDD25A8C
:106444009FEDD76AB8EE477ADFEDD67ADFEDD66AEC
:10645400C7EE055AE5EE867A77EE887AF4EEE67AA8
:10646400F1EE10FAC0F28A819FEDD07AF4EE477A09
:10647400F1EE10FA77FE277A9FEDCD7A42F2107092
:1064840094ED038AC4ED027AB4EEC78AF1EE10FAF1
:1064940028FE078A01F02EFF07EE100A9FEDBA5A74
:1064A4009FEDC46AB8EE477ADFEDC37ADFEDB76AD1
:1064B400C7EE055AE5EE867A77EE887AF4EEE67A48
:1064C400F1EE10FAC0F257819FEDBC7AF4EE477AF0
:1064D400F1EE10FA77FE277A9FEDAC7A42F2107053
:1064E40094ED048AC4ED037AB4EEC78AF1EE10FA8F
:1064F40028FE078A01F0FEFE07EE100A9FEDA25A5D
:106504009FEDAF6AB8EE477ADFEDAE7ADFEDAE6AA3
:10651400C7EE055AE5EE867A77EE887AF4EEE67AE7
:10652400F1EE10FAC0F224819FEDA87AF4EE477AD6
:10653400F1EE10FA77FE277A9FEDA57A42F21070F9
:1065440094ED058AC4ED047AB4EEC78AF1EE10FA2C
:1065540028FE078A01F0CEFE07EE100A9FED8A5A44
:106564009FED976AF5EE006AB8EE477ADFED997A07
:10657400C7EE055AE5EE867A77EE887AF4EEE67A87
:10658400F1EE10FAC0F2F1809FED907AF4EE477AC2
:10659400F1EE10FA77FE277A8F4D42F210709FEDDC
:1065A400827A95ED018AC4ED057AB4EEC78AF1EEDC
:1065B40010FA28FE078A01F09DFE07EE100A9FEDEF
:1065C400725A9FED7F6AF5EE006AB8EE477ADFED06
:1065D400817AC7EE055AE5EE867A77EE887AF4EE8C
:1065E400E67AF1EE10FAC0F2BD809FED787AF4EE0F
:1065F400477AF1EE10FA77FE277A9FED787A42F225
:10660400107095ED028AC5ED017AB4EEC78AF1EEF9
:1066140010FA28FE078A01F06DFE07EE100A9FEDBE
:106624005A5A9FED696AB8EE477ADFED667ADFED74
:106634006C6AC7EE055AE5EE867A77EE887AF4EE50
:10664400E67AF1EE10FAC0F28A809FED5C7AF4EEFD
:10665400477AF1EE10FA77FE277A9FED627A42F2DA
:10666400107095ED048AC5ED027AB4EEC78AF1EE96
:1066740010FA28FE078A01F03DFE07EE100A9FED8E
:10668400425A9FED4F6AB8EE477ADFED527ADFED5A
:106694003F6AC7EE055AE5EE867A77EE887AF4EE1D
:1066A400E67AF1EE10FA57DB9FED487AF4EE477A7A
:1066B400F1EE10FA77FE277A9FED497A42F21070D4
:1066C40095ED058AC5ED047AB4EEC78AF1EE10FAA9
:1066D40028FE078A01F00EFE07EE100A9FED2A5AE3
:1066E4009FED376AB8EE477ADFED3A7ADFED306A2C
:1066F400C7EE055AE5EE867A78EE277AF4EEE67A66
:10670400F1EE10FA25DB9FED387AF4EE477AF1EEDC
:1067140010FA77FE277A94ED040A9FED307A334B12
:10672400B4EEC70AC5ED057A1B7AF1EE10FA20FE25
:10673400070A0BB9FBF730FCFFF784FA01232C4955
:106744002C4A0B701370BDEC028B38BDF0EE667AE8
:1067540062E6F0EE667ADEE7F0EE667AACE7F0EE3B
:10676400667A7AE7F0EE667A47E7F0EE667A13E740
:10677400F0EE667AE0E6F0EE667AADE6F0EE667A82
:106784007AE600BFE013002000401C46295C8F3EDF
:10679400CDCCCCBD8FC2753D85EB513F8FC2F53E4C
:1067A400CCCC4C3E0AD723BD3D0AD73EAE47613F11
:1067B4000AD7A33E1F856B3ECDCC4CBD3333733F0C
:1067C400B81E853E8FC275BDAE47613E1F856B3FC7
:1067D4005C8FC23E0AD7A3BD2C140020CDCC0C3F45
:1067E4006666E63ECDCCCC3E8FC2753F4C1400208D
:1067F400F0270020E42700202DE9F043A14D40F2CA
:10680400EE28A14CA14FDFF8D0922E682DED048B19
:106814009FB004F047F92378002B00F01E813B78E9
:10682400DB0740F11A812B68D9F800209B1A0E2B44
:1068340040F21381A021964805F0BAFC0221012000
:10684400944C02F08BF802210820B7EE008A02F083
:1068540085F800210A20904E02F080F800211620CD
:10686400DFED8E8A02F07AF8012102209FED8C9AE6
:1068740002F074F8012103208A4D02F06FF801211F
:106884000420671D02F06AF80121052002F066F871
:106894000121062002F062F80121092002F05EF8CD
:1068A4000C2001F0B5FD042001F0E2FD082002F007
:1068B4005FFB01F0EDFF7C4B03227C4918600A204A
:1068C40002F086F80E2001F04BFD804601F0E0FF57
:1068D40080EA084001F008FD4FF0FF31744800F0F1
:1068E40097FC4FF0FF31734800F092FC4FF0FF31FA
:1068F400714800F08DFC04216D4800F08BFC0421EC
:106904006C4800F087FC6C48042100F083FC0E20E6
:106914000FE0F4EEC87AF1EE10FA00F3AC8078EEF2
:10692400677ABC42E6EC017AE5EC017A16D014F8F9
:10693400010F01F015FD07EE900AB8EEE77AC7EEF5
:10694400287AF5EEC07AF1EE10FAE2DAF7EE007A80
:10695400BC42E6EC017AE5EC017AE8D1162001F0BC
:10696400FFFC07EE900ADFED4D6AB8EEE77AC7EE5A
:10697400267AF5EEC07AF1EE10FA7FDBB7EE007AF4
:10698400F4EE477AF1EE10FA77FE277A4B49F2EEED
:106994000E5AB6EE006A4A48F5EE006A0A4600232B
:1069A400C0ED007AD8B2013307EE900A102BF8EE4E
:1069B400677A87EEA57AF0EE667AE7EE067AE2EC7D
:1069C400017AEFD10B684FF0E0253E4A4026684635
:1069D400032413603C4A1360FEF7B6F87822694634
:1069E4003A48C5F8886102F07DF811213848C5F8A5
:1069F400086103F0D9FF374801F068FCC82104207E
:106A040002F098F9C821052002F094F9C821062063
:106A140002F090F9C821092002F08CF96E2001F0EF
:106A2400E3FE0021042002F085F90021052002F094
:106A340081F90021062002F07DF90021092002F0ED
:106A440079F9502001F0D0FE631E13F0FF04D5D174
:106A54001FB0BDEC048BBDE8F0832B6822789B1B30
:106A640032B1B3F5FA6F3FF6E5AE04F01BF8D0E6A9
:106A74004345FAD9DEE6F0EE497A52E7DFED087ACB
:106A840084E700BFF8250020022800200128002008
:106A940000002020940700201414002000F07F45FB
:106AA40000000000E01300206023002041010000EA
:106AB40088220020B4220020E0220020B4250020F7
:106AC400182300204814002044140020C02400206F
:106AD400D40B0020800D00203C2600202DE9F04737
:106AE4000120BD4D2DED028B9EB001F025FFA0F1DC
:106AF4000104FEF705FCB4FA84F4FDF7AFFC640965
:106B04002046FDF7EFFDFDF70BFFFDF753FF204691
:106B1400FFF7E2FAFDF708FDB04B1A68D20704D478
:106B2400AF4A0120296818601160AE4E3378002BFB
:106B340062D1DFF8288398F80030002B00F0BC8085
:106B44004FF0E0274FF04009FEF7DAFB6846FDF707
:106B5400FBFF78226946A448C7F8889101F0C2FF78
:106B6400A24BC7F808911A682B689B1A0B2B02D901
:106B74002046FBF751FB98F800300BB9FBF712FDE8
:106B840033786846002B00F01F81FEF7CBFF984B4B
:106B94009FED987AD3ED386AD3ED397A77EEA67AF9
:106BA400F4EEC77AF1EE10FA00F31181924B1868F3
:106BB4003178F9B1914B1A7A002A57D02B681B1AF5
:106BC40040F28A2083420ED98D4C2B6820681B1A10
:106BD400B3F5D27F07D9002A40F04481002900F0A0
:106BE40044812B68236003F027F91EB0BDEC028BAF
:106BF400BDE8F0870A46E1E7824BDFF860821A7845
:106C0400002A9DD000276FF07F424FF0E0294FF01B
:106C1400400A1F7039467C4B7C489F60C3E900776B
:106C24007B4BC3E900779F607A4B1A809A703022BD
:106C3400794B1F809F70794B1F60794B1F60794B94
:106C44001F70794B1F60C9F888A105F079F8774B5C
:106C540003F1780207CA83E80700394603F10C0000
:106C6400242205F06DF8C9F808A169E71A7D002A05
:106C7400A4D193F82020002AA0D1674B1A78002AC7
:106C84009CD15A78002A99D19A78002A96D1684BD7
:106C94001A78002A92D198F80020002A8ED1654BE8
:106CA400DFED657A93ED007AB4EEE77AF1EE10FA4F
:106CB400CCBF0122002281E75D4B1B78002B7FF4BF
:106CC4003FAF5E4FB2EE040ADFF89491D7ED000AAD
:106CD40004F07AF8F3EE047AD9F8002020EE270ABB
:106CE400DFED577A87EE808ABCEEC88A1AB918EEAF
:106CF400102A89ED008A3A482B6801685B1A93428E
:106D0400FFF41EAF2B6803600020FDF7D5FDB8EE3D
:106D1400488ADFED4C7A9FED4C7A68EE277AF4EEE0
:106D2400C77AF1EE10FAC0F2A3809FED487AF4EE30
:106D3400C77AF1EE10FA00F3A080FCEEE77A17EEC2
:106D4400900AFDF795FCF5EE007A97ED047A4FF47E
:106D54007A70DFED3F8AE7EE278A01F0CBFA07EE7F
:106D6400900A9FED385AF6EE005ADFED3A6AB8EE13
:106D7400676AF7EE007A68EE266A86EE057A37EEE1
:106D8400657A37EE077AE7EE287A68EE277AF4EE2A
:106D9400E67AF1EE10FA6DDB9FED2F7A28EE078A82
:106DA400F4EE487AF1EE10FA78FE277A154BFCEEF1
:106DB400E77A1A78C9ED007A002A3FF4C1AE327836
:106DC400002A3FF4BDAE1DE7FEF72CFCDFE6286881
:106DD400094B1860ECE600BFF8250020301E0020A7
:106DE4001C1F0020FC270020C02400207823002042
:106DF400D82300200AD7A33CB02500204C1400203F
:106E040040250020FB2700201426002058240020C1
:106E140020260020701400203026002004260020A4
:106E240010260020F92700202C260020882400208A
:106E3400E2270020102300200AD7233CE01300207F
:106E440000606A4700007A4400504348001B374AF8
:106E54008FC2F53CCDCC0C3F3333D33FEE2700201B
:106E6400181F0020FFF760FABBE6FFF7ABFAB8E69D
:106E7400034866E7F0EE667A98E7024861E700BFE8
:106E8400400D0300C0C62D002DE9F04F172283B03A
:106E94000B21974800F07CF900220B21954800F063
:106EA40077F918220B21944800F072F99349944B16
:106EB400002294480C681A611A811860DA60002C68
:106EC40000F01281224611465269002AFBD14B611F
:106ED4008D4A0025DFED8D7AF7EE005A5A644FF0A3
:106EE400020B8B4A8B49DA678B4A19641A608B4A06
:106EF4005D61DA614FF07A525D609D72C3ED067A8E
:106F0400C3ED087AC3ED097AC3ED0A7AC3ED0B7AAF
:106F1400C3ED0C7AC3ED0D7AC3ED0E7AC3ED0F7A8F
:106F2400C3ED127AC3ED137AC3ED147AC3ED157A67
:106F3400C3ED167AC3ED177AC3ED187AC3ED197A47
:106F4400C3ED1A7AC3ED1B7AC3ED1C7AC3ED1D7A27
:106F5400C3ED1E7AC3ED207AC3ED217AC3ED227A04
:106F6400C3F8F8206E4ADFF824C2C3F8EC206D4A57
:106F74000CF178096C4F0CF1840EC3F8F0206B4AC5
:106F840007F10C086A4EC3F8F4206A4A06F1180A9D
:106F9400DFED696AC3F8FC209FED687AC3ED387AA7
:106FA4009FED676AC3ED237AC3ED247AC3ED257A96
:106FB400C3ED267AC3ED277AC3ED287AC3ED297A87
:106FC400C3ED2A7AC3ED2B7AC3F8DC50C3ED397ACA
:106FD400C3ED3A6A97E80700C3E92F558CE8070028
:106FE400C3E93155C3E93355C3E93555C3ED406AA7
:106FF400C3ED475A83ED516A86F809B0C6F810A06C
:10700400C3ED417A83ED427A83ED507AC3ED437A3E
:10701400C3ED447AC3ED457AC3ED467A83F848510B
:10702400C3F85C513572F56089E8070098E80700F9
:10703400C3E94855C3E95355C3E955558EE80700DC
:10704400C6E9065523466469002CFBD13D4A5E61BE
:107054003748326074607461B47200F003FD3A48DA
:1070640000F07EFE324B224600942549364800F05B
:10707400EBFE364A3649344803F0C6FD354800F085
:107084006FFE0122344C2A4B00921D49314800F016
:10709400DBFE2E4A2E492F4803F0B6FD20682F4907
:1070A40022682F4B08601A6020682E4B274A18600C
:1070B4002D492E4803F0A8FD20682D4922682D4B48
:1070C40008601A6020682C4922682C4B25681A60D5
:1070D40008602B4B21682B48196022682A4B0560F5
:1070E4001A6003B0BDE8F08F1C460B60F0E600BFE9
:1070F40088220020B4220020E0220020401E00202C
:10710400D8230020B40700200000E0400000000065
:10711400CDAB34120000A040F4070020A470BD3EA3
:10712400CDCC4C3E295C8F3E680700209A99993E4D
:1071340020230020CDCC0C3F3333B33ECDCC4C3F89
:107144006666E63EE8070020A8230020A00D002084
:107154006D610000BC230020F825002000260020DB
:107164000826002048230020DD010000D813002059
:10717400842300200C2600207823002040230020B4
:10718400B02500204423002040250020882400202E
:10719400F8B528291B4B4FF49B770D461646044639
:1071A4004FF00101C0E902732CBF4FF0FF330123FC
:1071B400282A44F6206228BF4FF0FF33026103609F
:1071C400284601F0CBFB3046002101F0C7FB2846DE
:1071D400002101F087FB0C4B2A0103EB051599589C
:1071E400EA68C4E90721320103EB061698586FF0E8
:1071F4007042064BF1681B6862606361C4E9091060
:107204002046F8BD50C4620198080020F8250020EB
:107214000161704707EE901A9FED0A6ADFED0A6A72
:10722400B8EE677AD0ED027AF8EE677A67EE877A7D
:1072340067EE867A87EEA67ABCEEC77A80ED037A8B
:10724400704700BF180D0F4E0024744BF0B472B693
:10725400856A3249D0E90736C6F888306B68426AD5
:1072640023EA02036B606B68426A13436B602C4B26
:10727400476AC5F888704C681A682A4BA3FB023227
:10728400920C02EB820252004B681B1B9A42FBD801
:107294006B6823EA07036B60C369C6F8843062B67F
:1072A400D0E90954C168A3682B42836905D006E07C
:1072B40001338361A2682A4201D19942F8D89942E4
:1072C40023D372B6D0E90923046AC3F88420596829
:1072D4000A435A60416AC3F884105A6822EA0102D8
:1072E4005A60C369C4F8883062B6D0E90945C168F8
:1072F400AB681C42836904D10BE08361AA68224213
:1073040007D0994203F10103F7D86FF00100F0BCF4
:1073140070479942F9D90120F0BC7047001000E091
:107324007C0D002083DE1B4370B500240D46846170
:10733400002936D003680646A34239DB30460134BF
:10734400FFF784FF0028E4B22DDBA542F6D11C49E7
:10735400B36970680A688342D6E904548CBFA3EB0E
:10736400000CA0EB030C121BAA4215D907EE900ADD
:10737400B8EE677A9FED106BB7EEC77A27EE067BFF
:10738400BDEEC77B17EE102A624505D96FF0704237
:107394000968104672607161834207D200207360ED
:1073A40070BD084670BD6FF0010070BD181A70BD45
:1073B4004FF0FF3070BD00BF9A9999999999B93FE0
:1073C400F8250020AD4BAE4A18682DE9F04FAD4CBE
:1073D40091B0197908940368D17704F580629342D7
:1073E40009920ED2A84B1B78002B00F02881099932
:1073F4004FF0E0234022089101F580610991C3F820
:107404000822A24B1968A24B0C911868A14B0D904D
:107414001A88A14B0A921C880B94002900F0DC8185
:10742400002800F04D819D4B9D4D1A4423449D4EF0
:1074340001EB42029C4C00EB43039C49D5F800B09D
:107444000E950392089D9A4A02939A4B5768D6F870
:1074540000A0D3F80080D3F80490D1F800E04B6882
:10746400D4F808C0886805F110010F9605F5826507
:107474001668626824680795354601972746019C7B
:107484005E46CDF814A0C24604941031039C0695C0
:107494004D4634F902BFABEB06080394029CA8EBFB
:1074A4000A09049E34F902AFA9EB05050294059C70
:1074B4002F44AAEB0405069C3A442C1B94443A44FA
:1074C4000194A41BA6440CEB02043A444FEA2C1C7E
:1074D400734421F820CC18447344C6180011734433
:1074E40021F81E0CA01824113A4421F81C4C02EB7C
:1074F400000C9C1900117344361121F8180C18194A
:10750400241121F81A6C21F8164C4FEA2C1421F896
:10751400144C041121F8124C079C8C42AFD10F99E2
:107524003C46019FC1F800A00E99C1F800B05E4925
:107534000C605E4CC4E901305D4BC4F800E0C3E963
:1075440000575C4BC3E900890A9B40330A930B9BA9
:107554004033C1E9012C0B93BFF34F8F4FF0E0236D
:1075640008990998CA43C3F8701F20310244814224
:107574000891C2F3421251D26AB3012A23D0022ADB
:107584001CD0032A15D0042A0ED0052A07D0062AB7
:1075940040F01C81089AC3F8702F20320892089A90
:1075A400C3F8702F20320892089AC3F8702F203243
:1075B4000892089AC3F8702F20320892089AC3F8E8
:1075C400702F20320892089A0999C3F8702F20323C
:1075D4008A42089222D2089A02F12001C3F8702F3D
:1075E4004032C3F8701FC3F8702F01F14002C3F892
:1075F400702F01F16002C3F8702F01F18002C3F80B
:10760400702F01F1A002C3F8702F01F1C002C3F87A
:10761400702F01F1E00209998A42DDD3BFF34F8F45
:10762400BFF36F8F0A9B7F2B1CD81A4A13800B9BC6
:107634007F2B09D8184A138011B0BDE8F08F04F5E8
:10764400006308920993DCE60024134B0D981C8018
:1076540000F02EFB184B1A681C600D4B1A6011B019
:10766400BDE8F08F0B4B00240C981C8000F020FB2D
:10767400124B1A681C60054B1A60D8E7D81E00200C
:1076840000800E4080A22020DC270020C81E00209D
:10769400D01E0020C6270020C8270020010000803B
:1076A400581F00205C1F0020281F0020401F0020BE
:1076B400701F0020601F0020D41E0020CC1E00205C
:1076C4000C9A002A00F088808A4800260A998A4B7E
:1076D400D0F800800E900B448848894902EB430B94
:1076E400D0E900CE08988D68D1E9002300F110019B
:1076F40000F582600290C246BBF90280E1467746FB
:10770400A8EB0A0C0BF1020021F80E6CC246ACEB9C
:10771400090E019021F80A6C0846AEEB070721F820
:10772400066C21F8026CE1463A4477461344EC189F
:107734001344019D05F1020BE5181344241121F8AB
:10774400104C5C1913442D1121F80C5C1D192411E3
:1077540021F8084C2C1121F8044C0199B1F902804C
:10776400A8EB0A0CACEB090EAEEB07073A44134442
:10777400EC181344E5181344241120F8104B5C1939
:107784002D11134400F1100120F80E6C20F80C5C4C
:107794001D19241120F80A6C20F8066C20F8084CF6
:1077A4002C1120F8026C20F8044C02988842A2D1D3
:1077B4000E99C1F800805249C1E900234F4B8D60F6
:1077C400C3E900CE0A9B40330A93C5E6089AC3F87E
:1077D400702F20320892DDE60D9A002A00F0828094
:1077E40048480B99444BD0F800E00B440F904648AE
:1077F400464902EB430A0C9E8D68D346D0E9007CCF
:107804000898D1E9002300F1100100F5826002908C
:10781400F246B946BBF902E00BF10207E04621F853
:10782400106C0197AEEB0A0721F80C6CF246A7EB3B
:10783400090CB946019F01F11000ACEB080821F8CE
:10784400086C21F8046C07F1020B4244E046203135
:107854001344EC181344E5181344241121F82E4C56
:10786400EC1813442D1121F82A5C1D19241121F858
:10787400264C2C1121F8224CB7F902E020F8106CA8
:10788400AEEB0A0721F81C6C21F8186CA7EB090C65
:1078940021F8146CACEB080842441344EC1813446C
:1078A400E5181344241120F80E4CEC182D11134440
:1078B40020F80A5C1D19241120F8064C2C1120F81C
:1078C400024C02988142A3D10F99C1F800E00F49FC
:1078D400C1E900230C4B8D60C3E9007C0B9B403352
:1078E4000B9339E64FF480620D99089804F028FA56
:1078F40032E600BF581F002001000080681F0020EE
:10790400341F00205C1F0020781F00204C1F002023
:1079140038B50021044600F017FA88B172B61C4A43
:107924001368002B2BD01B490D68002D2CD015603B
:1079340008600021184A118062B6184600F0B8F9B0
:107944000121204600F000FA98B172B6134A136878
:1079540083B113490C6854B114600024114A0860BF
:10796400148062B61846BDE8384000F0A1B908603A
:1079740062B638BD0B4910600B8062B638BD06494B
:1079840010600B8062B6DBE7086062B6D8E700BF20
:10799400C81E0020CC1E0020C6270020D01E0020B8
:1079A400D41E0020C827002010B5044600F046FB72
:1079B400204610BD38B5234C002342F210724FF418
:1079C4000C61E06F40F44020E0671C2004F0F4FBFD
:1079D400E3691D4923F440631C481D4A43F40063D2
:1079E400E361A36A19401B4B41F0CE01A1624168D7
:1079F4000A4042F4002242609A68002A20DB1649B9
:107A0400032000224FF48034C1F828014FF08E4542
:107A1400C1F82401114812491A66DA601D615C61DB
:107A24009861D961C3F8E020C3F88C204FF0E0627C
:107A3400C3F89020C3F89440C3F89800C3F89C108E
:107A440038BD00BF00C00F4000FEFFFF00C00A4069
:107A5400F8FFF7FF0040384000801F40130F01007B
:107A6400000F0F0F10B5364C4FF400620021204672
:107A740004F066F93348012100F07CFA002332490E
:107A8400324A0B601360FFF795FF2346BFF34F8F15
:107A940004F5006204F120004FF0E021824234BF7B
:107AA4000122402204EB4212C1F8703F203393427A
:107AB400FAD1BFF34F8FBFF36F8F224A0320244BB9
:107AC4002449C3F880014FF4806013681C600224C9
:107AD400D8829C60A4F60204D88306205960002151
:107AE4001279DC601C4C988302F110001C619961CE
:107AF40099821A4C1A4B43F8204002F01F04194B88
:107B0400012003EB5213A04014B29B0018601648E6
:107B1400164B40F82410164940F82410A0F5804074
:107B24001449C276D3F8882042F00042C3F8882072
:107B34009A681143996000F0FBF90F4B187010BD5F
:107B440080A22020D81E0020C81E0020D01E0020A5
:107B540000801F40020001012040384035560000DB
:107B6400001800204038003800C00E400040384063
:107B74001400008001000090DC270020024A034921
:107B8400034803F041B800BFA00D0020195C0000B9
:107B9400D81E00204FF0E0234022C3F8082270478B
:107BA400F8B5144B144D1C686E689CB1237A2046BA
:107BB4006BB123686F681B6898476B68E188DB1BAF
:107BC400C3F38F12B1EB931FA28038BFE2806469C4
:107BD400002CEBD1084B094A5B6810889B1B084CAE
:107BE400C3F38F11B0EB931F218038BF1180BFF313
:107BF4004F8FF8BD401E0020001000E0C227002077
:107C0400C027002030B472B6244D254C2A8804F1D4
:107C1400700104EB82038B423CD204F16F01501CCF
:107C2400C91A00EB910002E00132824232D09C4634
:107C340053F8041B0029F7D0B1FA81F04FF0004348
:107C4400C34021EA0301CCF8001001B90132154BFD
:107C54002A801A88013291B2198062B6ACEB040C06
:107C640041F67C73C0EB00644FEAAC0CC0EB8410AB
:107C740001240CEB8C1C03EBCC1303EB80030A48AC
:107C84000068C4541844094B1C88944230BC38BF63
:107C94001980704762B6002030BC7047C4270020AA
:107CA400441E0020BC2700203C1E0020BE270020CC
:107CB400428872B60378012B03D9013B037062B684
:107CC4007047D14353090B484FF0004201F01F01A4
:107CD400CA4050F823100A430749B1F800C040F8DD
:107CE40023209C45054A88BF0B801388013B1380E1
:107CF40062B67047441E0020C4270020BC27002021
:107D0400C36813B91DE0DB68E3B1187A9042FAD175
:107D140010B4586893F809C0006950F82C4054B165
:107D2400DB682BB1187A9042F3D0DB68002BF9D1D1
:107D34005DF8044B704740F82C1008780130087047
:107D4400EEE77047704700BF437A8B4206D9036958
:107D5400002253F8210043F8212070470020704787
:107D640000220449C0E90022028102740A68086002
:107D7400C2607047B41E0020037CFBB9036801464F
:107D8400FBB14368EBB1427A5B7A9A421CD230B4BD
:107D940072B62B4B1C68ECB1E368C3B1486801E0D0
:107DA400DB68A3B15A688242FAD193F809C04A7ACF
:107DB4009445F5D162B6042030BC7047012062B608
:107DC4007047032062B67047022062B67047646948
:107DD400002CE1D11B4C236843B1994202D10BE042
:107DE400994207D01A46DB68002BF9D1052062B608
:107DF40030BC704702F10C040D68E868E8B1C36850
:107E04001BB908E0DA683AB1134681421846F9D141
:107E140062B60620D0E70346D960CB680020236011
:107E24000123C860AA7A2B721A44AA724A68947A07
:107E340013721C4494720B74D9E7E960EDE700BF38
:107E4400401E0020B41E002010B5047C9DF808E0FC
:107E54000CB1012010BD027280F809E0C0E90013E2
:107E6400BDE81040FFF788BF38B5037C002B36D03F
:107E740043680446427A5B7A9A4238D272B6016801
:107E8400CB68002B2DD0984233D01A46DB689C4235
:107E94002AD0002BF9D16268607A136953F8200064
:107EA40048B1FFF705FF72B662680025607A13696E
:107EB400216843F820508B7A013BDBB28B7203B903
:107EC4000B72937A013BDBB2937203B913720A4BC0
:107ED40000201A6820741C60E26062B638BD01207C
:107EE40038BD62B6032038BDE368D360D3E702200F
:107EF40038BDC368CB60CEE7B41E002010B504467D
:107F0400FFF7B2FF094A136843B19C4202D108E06B
:107F14009C4205D01A46DB68002BF9D1204610BDDF
:107F24000C32E3682046136010BD00BFB41E00206D
:107F34000C4B1A789AB90C4A0C4910B4C2F858116F
:107F44000B48D02401224FF0E02180F84640402421
:107F54001046C1F808415DF8044B1A7070470020C0
:107F6400704700BFDA27002000180020115E0000CF
:107F740000E400E070B472B621B9036813B1027969
:107F84000F2A45D9294C2188002341FA03F212F023
:107F9400010208D00133102BF7D162B6002203711D
:107FA400026070BC70474FF0010C0CFA03FC41EA0C
:107FB4000C01218062B61E4D5FFA83FC1D4940F21C
:107FC400824680F804C0EC6F194483F0030344F044
:107FD400C0044901EC67A5F59F35174CA5F58075DC
:107FE400266084F81AC084F81EC084F818C084F887
:107FF4001FC00160C1E90022C1E90222C1E90422D3
:10800400C1E906225A5D42F0C0025A5570BC70475D
:10801400064C218841FA02F5ED07B5D5054D154406
:10802400B3EB451FB0D162B6BBE700BFCA2700203F
:1080340000C00F408074000200800E4003790F2BB3
:1080440011D8094A937672B60849012290F804C0FF
:108054000B8802FA0CF223EA02030B8062B61022A8
:10806400002302710360704700800E40CA2700207D
:10807400704700BF704700BF704700BF704700BF24
:1080840070B51A4C1A4D2368AB4202D0194AD16814
:1080940029BBA369AB4202D0164AD169C9B9236B83
:1080A400AB4202D0134AD16A69B9A36CAB4209D07E
:1080B400104AD16B31B101211B680F48D163BDE86F
:1080C4007040184770BD01211B680C48D162984765
:1080D400EBE701211B680A48D1619847DFE70121DA
:1080E4001B6804F10800D1609847D2E7C01A002049
:1080F4009C07002000410840101B0020F81A0020B3
:10810400E01A002038B5064CA4F1600554F8083C88
:108114002046183CDB689847AC42F7D138BD00BF15
:10812400101B002003682DE9F041044688B017466F
:10813400002B4BD000229A600122DA60304D04A853
:10814400DFF8E0801D4451F8083B2D1102935B6871
:1081540005EB45069847F60006F1080058F8063086
:108164004044DB6801909847264A04A9DDE90103ED
:10817400029248F806309B689847029B04A8DB6883
:1081840098472368032220481F609A601F4A237976
:108194001F4C535513785178C0F828428B4228BF9E
:1081A4000B469178D2788B4228BF0B46934228BF66
:1081B4001346184C4FF0E0224FF08061012084F800
:1081C4007A30C2F80C1108B0BDE8F081124AD36EBF
:1081D40043F44053D3660122104B1A60104A1346ED
:1081E4000260403298680028A8D01033934223607C
:1081F400F8D100231846236008B0BDE8F08100BF21
:1082040000BFF7BF9C07002000180020900D00203D
:10821400F162000000E400E000C00F4000400840AC
:1082240000410840C01A0020F8B5036843B3154C58
:108234000746154E1C44241104EB4405ED00735904
:1082440005F10800DB6830449847104B00210122F7
:1082540073513B689960DA60FF230D4A1355137814
:1082640050789478834228BF0346D078094AA342C1
:1082740028BF2346834228BF034682F87A303960F8
:10828400F8BD00BF00BFF7BFC01A00209C07002044
:10829400900D002000E400E010B4064B0020064CD2
:1082A400064A1C609C611C639C6405495DF8044B90
:1082B40002F0AABCC01A00209C070020A00D0020D8
:1082C40075630000084602F059BB00BF00B503689F
:1082D40083B040F60D2C022201A95B68ADF804C0FE
:1082E400984703B05DF804FB08B1014B1860704770
:1082F400381E002000B9704714490A68EAB1D31740
:1083040030B4134C134D84FB024C134C9444C3EB14
:108314002C4304FB132244F2A71405FB03F304FBD0
:108324000233002B10DA6FF000421A440A60B2FBE9
:10833400F0F330BC00FB13207047084AB2FBF0F3A3
:108344000A6000FB132070471A46EFE7381E00202E
:108354005F0B4E83ECF4FFFF1DF3010042CE0C1FB4
:108364001C2849D8F8B5254F04463B78E3B9244B7B
:108374001B5DFF2B29D0234A02EB041291680A6883
:1083840002F44050B0F5805F30D01C061FD41E4C60
:108394002360236AD80704D402F084FB236AD90734
:1083A400FAD5194B586AF8BD174D184E01E002F082
:1083B40079FBAB6C1B06FAD4B36C13F08003F6D1D3
:1083C4003B700F4B1B5DFF2BD5D10020F8BD0F4C2C
:1083D40003F07F032360236ADA0704D402F062FB0C
:1083E400236ADB07FAD5094B586AF8BD22F4805298
:1083F4001C060A60EBD4CAE700207047E02700207F
:10840400180B00209808002000400C4000800C400D
:10841400082830B422D00A280CBF4FF405714FF459
:108424004671104C104D636C626C2B400F4802F087
:1084340003021A43636C03F0E00313430B436364C6
:10844400436C426C2B4002F003021A43436C03F06A
:10845400E0031343194330BC416470474FF4407147
:10846400DFE700BF00400C4000FCFFFF00800C4031
:1084740010B41F4C1F281F49A36C23F02003A364CE
:10848400626C8B6C22F4404223F020038B644B6CAF
:1084940023F4404312D942F4404243F4404362641B
:1084A4004B641349134A8B6C5DF8044B43F020036F
:1084B4008B64936C43F02003936470470F2808D9AE
:1084C40042F4004243F4004309480A4942644B64BD
:1084D400E7E7072804D942F4804243F48043F3E7F2
:1084E400032862644B64DCD85DF8044B704700BF1A
:1084F40000400C4000800C40A249A34B88422DE967
:10850400F047A24C5E699A69D4F80C801BD9A04B41
:10851400984240F20281C31A9E491B0AA1FB03132D
:1085240040F22761DB0903EB830303EB830303F2CC
:10853400E2438B4228BF0B46A3F54877964BA3FB37
:108544000737FF0804E0954FB8428CBF0E27062773
:108554008D4908F01F09D1F88030B94543F0C003B4
:10856400C1F880300CD228F01F08A1F5F82148EAA0
:108574000708C1F80C800B68002BFCDA08F01F090F
:1085840016F0007324D186490C698649A14300F092
:10859400EA8082F4805134464FF4805514F0605FD1
:1085A40004D026F060561E43774B5E6111F4405FA1
:1085B40007D022F4405274492A438A618B6C1A070B
:1085C400FCD446F00076704A5661936C9B06FCD44A
:1085D400754CA04200F2CE804FF0010C0146634678
:1085E40003FB011203F1010E0CF10105A24218D89C
:1085F400BEF1080F4FF0010340F08D80BCF1040F71
:1086040000F291800A18A24200F2A48005FB00F156
:10861400AC4603F1010E03FB01120CF10105A24269
:10862400E6D90CF1FF318C0286EA81215F481044BF
:108634005F4A90427FD9DFF8A4A16C225D48584D6F
:10864400B0FBFEF0D5F800E0B0FBFCF0DFF890C121
:108654000EEA0C0CD44509D042F400524FF4805C6D
:10866400C5F800C02A602A68002AFCDA464A15695F
:1086740005F007059D4203D01361936CDD03FCD420
:1086840011F4E05F09D026F4E05604F4E0543E4AC5
:1086940026435661936C9907FCD44749474A0144E1
:1086A40091423CD8464BC909A3FB0131090B4B1E2F
:1086B4001B0286EA030212F4407F06D026F44076B9
:1086C40003F44073304A334353612F4A536923F010
:1086D40000735361936C9B06FCD43A4B4F45A3FB48
:1086E40000234FF0FF324FEA9343B0FBF1F1B2FBAA
:1086F400F3F3354A1060354A1160354A136008D2E5
:1087040028F01F08214A48EA0707D7601368002B9E
:10871400FCDABDE8F087734662E7122718E74FF4E6
:1087240040730421C5E70CF1FF31204807238C0274
:10873400104486EA8121274ADFF8A8A0A2FB002082
:10874400020D2548362A38BF362202FB00F042EAE1
:108754000A0A74E74FEA8C24002386EA8C214FF03E
:10876400010EAC4662E71D4686F0C05411464FF038
:10877400C05313E700244FF0010C02463146234650
:10878400E64653E700A4781F00C00F4000000840ED
:108794000046C32323B24C001F85EB5100366E0103
:1087A40000800D4040300080FFB19F26808D5B002B
:1087B400FF7EF64D00643F4D7FD1F0087F17B42C47
:1087C4009F10E50083DE1B437C0D0020780D002004
:1087D400AC250020819F5E16001BB7006C20008032
:1087E4007F3001800020008000B970472DE9F84FE8
:1087F40001218146214C224D224E54E8003F2A6833
:10880400306844E80013002BF7D11F494B684FF43C
:108814007A7BDFF878A01B1A01270BFB02F8DAF841
:108824000020A3FB02325A4594BF9044D84454E834
:10883400003F2A68306844E80073002BF7D14B6886
:10884400DAF800C01B1A0BFB02F2A3FB0C3CBCF5CC
:108854007A7F94BF624402F57A72A2EB0802B2F501
:108864007A7F06D3B9F1010908F57A78DFD1BDE83A
:10887400F88F02F017F90449D9E700BFFC2500205E
:10888400F8250020F4250020001000E0AC2500208D
:1088940030B40F4B4FF0010C0E4D0F4C53E8002F2A
:1088A4002868216843E800C2002AF7D10B4B5B68B3
:1088B4000B4A5B1A4FF47A71126801FB00F0A3FBB8
:1088C400023230BC8A4294BF80184018704700BFFF
:1088D400FC250020F8250020F4250020001000E0ED
:1088E400AC250020272816D80201104B03EB0010FA
:1088F4009B5810B4C2685C68144205D061B95DF835
:10890400044BC3F888207047836851B1084A5DF866
:10891400044B1A60704770475DF8044BC3F8842019
:108924007047044A5DF8044B1A60704798080020A9
:1089340038F001003830010027280BD8064B02011B
:1089440003EB00109A58C36892681A4214BF0120BE
:10895400002070470020704798080020272829D855
:10896400164B0201012903EB00109A5810B4536806
:10897400C4680ED004290CD023EA0403536083682E
:10898400A9B1022917D003290CBF0D4A0D4A1A6058
:1089940007E0234301295360836808D040F6380276
:1089A4001A60436815225DF8044B1A607047382238
:1089B4001A60F6E77047044A1A60F2E79808002044
:1089C400383001003800010038F00100704700BF62
:1089D400272858D80001F0B4344C354D2358AB4205
:1089E40056D049D8B3F1844F4BD0A5F58045AB425E
:1089F40040D1304D2044304E304CC4F8B462D0E9FC
:108A040001C4C0684FF0E0264FF00057042AC6F8AE
:108A140010712FD85E6926EA00065E614FF00506E4
:108A2400CCF80060266846F4803626605C6824EA48
:108A340000045C60224C54F8224090FAA0F2B2FA8E
:108A440082F245F822106FEA00011DD0DD690F2A79
:108A540001EA0501D9611DDC52000325D96894405F
:108A640005FA02F221EA02022243DA6098615A69A5
:108A740002435A61F0BC7047124DAB42FAD1124D19
:108A8400B8E7124DB6E77047DA690243DA61EDE7F9
:108A94000F4DAFE7103A032519695200944005FAC7
:108AA40002F221EA020222431A61DFE79808002059
:108AB400008000424C120020210000000018002019
:108AC4008007002000C000424C130020CC1100207D
:108AD400CC12002008B5FDF78FFEFDF7FFFF01F073
:108AE400E1FFFAE7844641EA000313F003036DD182
:108AF400403A41D351F8043B40F8043B51F8043B5D
:108B040040F8043B51F8043B40F8043B51F8043B63
:108B140040F8043B51F8043B40F8043B51F8043B53
:108B240040F8043B51F8043B40F8043B51F8043B43
:108B340040F8043B51F8043B40F8043B51F8043B33
:108B440040F8043B51F8043B40F8043B51F8043B23
:108B540040F8043B51F8043B40F8043B51F8043B13
:108B640040F8043B51F8043B40F8043B51F8043B03
:108B740040F8043B403ABDD2303211D351F8043BA3
:108B840040F8043B51F8043B40F8043B51F8043BE3
:108B940040F8043B51F8043B40F8043B103AEDD252
:108BA4000C3205D351F8043B40F8043B043AF9D2A3
:108BB400043208D0D2071CBF11F8013B00F8013B76
:108BC40001D30B8803806046704700BF082A13D383
:108BD4008B078DD010F003038AD0C3F10403D21A9B
:108BE400DB071CBF11F8013B00F8013B80D331F8CF
:108BF400023B20F8023B7BE7043AD9D3013A11F84F
:108C0400013B00F8013BF9D20B7803704B784370B9
:108C14008B7883706046704702F0CEBD01F1FF3C53
:108C240070B56646002400E00134B0FBF2F502FBA7
:108C34001503092B03F1370E03F130035FFA8EFE9F
:108C440098BF5FFA83FE9042284606F801EFEBD204
:108C5400631C0022C818CA547CB162461CF8015F28
:108C640010F8016DA1EB0C0302328CF80060013B9B
:108C7400521A057023449A42EFDB084670BD00BFC8
:108C84004FF0010C0CFA01FC01EB410100EB411126
:108C940070B5B1F80EE01FFA8CF5254C1FFA8EFE64
:108CA40024782E010EFB033306F0F006E340B0F8FF
:108CB40088417345A4B228BF73463443012AA0F8FF
:108CC40088410DD0022A28D0C2B10CF00F02B0F8AE
:108CD40088C11FFA8CFC4CEA020CA0F888C170BD54
:108CE4009BB20CF00F022D02CB82B0F8803105F458
:108CF40070659BB22B43A0F88031E8E7AEEB030E1E
:108D04000CF00F021FFA8EFEA1F80AE0B0F88031D1
:108D14009BB21343A0F88031D9E79BB20CF00F0249
:108D2400CB83B0F880319BB21E43A0F88061CEE7BC
:108D34008E14002027284BD8F8B52A4D044615F880
:108D4400202005EB8005012A2DD0022A3FD16B7823
:108D5400C3F3011003283ED0234A02EB803203F010
:108D6400030C224889B2634602EB4C1C0678BCF81B
:108D740006E05801BCF810301FFA8EFECEF1011E39
:108D84001EFA83F303F1FF3E0EFB01F1F1408E4521
:108D940023D95B1AC3F101039BB289B20244ACF834
:108DA400063011820DE06A78C2F30113032B10D050
:108DB4000F4800EB83308BB202F00301AA78FFF76F
:108DC4005FFF0C4BEA7803EB04135B681A60F8BD91
:108DD40070470948EFE7094AC1E7991E4FF6FF7348
:108DE400DBE700BF340B002000C01D408E140020C0
:108DF40000C03D409808002000803E4000801E4096
:108E040000230F2248F2B82C194610B54FF47044D1
:108E14004FF4806EA0F88C414FF46044A0F88E218A
:108E24000A46A0F89031B0F888319BB243F0F003C1
:108E3400A0F8883101EB4103013100EB431304290D
:108E44009C80A3F806E05A841A865A805A81A3F8B3
:108E54000EC05A82DA825A83DA83EBD1B0F88831B1
:108E64009BB243F00F03A0F88831B0F888319BB26D
:108E740043F47063A0F8883110BD00BF374B384A03
:108E8400996F384841F47F0170B5996741F2010642
:108E9400D3F8801045F6C05543F226040A43C3F8BC
:108EA4008020FFF7ADFF00F58040FFF7A9FF00F534
:108EB4008040FFF7A5FF00F58040FFF7A1FF0022E7
:108EC400A0F503104FF00F0E114600EB42134FEACA
:108ED400421C01329981042A5981A3F80EE09E8232
:108EE400DD8020F80C1019829C81EED100221E48EE
:108EF4004FF00F0E41F20106114645F6C05543F2FC
:108F0400260400EB42134FEA421C01329981042AE1
:108F14005981A3F80EE09E82DD8020F80C1019829E
:108F24009C81EED1002211480F2641F20105114621
:108F340045F6C05443F2260E00EB42134FEA421C9E
:108F440001329981042A5981DE819D82DC8020F8D6
:108F54000C101982A3F80CE0EED170BD00C00F40D4
:108F6400000003FC00C03D4000001E4000401E40C5
:108F740010280346044A28BF10231078012B38BF59
:108F840001231370704700BF8E14002072B6EFF3F4
:108F94000583524CC4F884301EF0040F0CBFEFF369
:108FA4000882EFF309824FF0E0234D4E4D4DD3F884
:108FB400280DD3F82C1DC4E92201D3F8341DD3F8AD
:108FC400383DC4E924139369C4F89830D369C4F8CC
:108FD4009C3000F0BFF884ED280A01F003FE0B2159
:108FE4004FF0FF32C4F8A4000B46C4F880103E4989
:108FF400301D5A40202402F00103013C01FB03F31D
:1090040083EA5202F7D1A84202D073680646EFE71A
:10901400324BC3F8A820BFF34F8F4FF0E023304901
:10902400324AC3F8701FC3F8702FBFF34F8FBFF3DA
:109034006F8F2F4A02252F48D36E2F4943F4405394
:10904400D3660560D3692D4823F07F0343F04003C2
:10905400D3610B6883423DD8264D00214FF0E023B5
:109064004FF0FF3229600126C5F808112449C5F8DC
:109074000011C5F80861C3F88021C3F88421C3F83E
:109084008821C3F88C21C3F8902101E000F070F925
:10909400D5F80C31002BF9D00134C5F80C614F2CF4
:1090A400F4D9184B022018494FF00042C1F840018E
:1090B4005A63D5F80C313BB9144815490D4A01637C
:1090C400D2F80C31002BFAD04FF0E023114AC3F848
:1090D4000C2DFEE7FFF710FABEE700BF00FF2720C4
:1090E40080FF2720A8FF27202083B8EDA0FF27209A
:1090F40000C00F40004008407C0D0020803DCD0B97
:10910400009F240000900D4000002E4000800F407E
:10911400F100AD0B0400FA050A490A6838B108B534
:1091240013180948834204D810460B6008BD104642
:10913400704702F06FFE0C234FF0FF3203601046BD
:1091440008BD00BF9C0D00200000282030BFFDE7B3
:10915400FFF71CBF124AD2F880305B07FBD5D2F868
:1091640080301048C3F30B230F4990ED007A07EECB
:10917400903A91ED006AB8EE477A0C4AF8EEE77A35
:109184000B4BD2ED006A77EEC77A93ED007AB8EE16
:10919400477A67EE867A87EEA60A37EE400A70476A
:1091A40000810D409C250020A4250020A825002036
:1091B400A0250020836BF0B41BB1536843F4004333
:1091C400536072B6446B3CB31A4B2260D3F8B0417F
:1091D4000C421DD1184E776804E07468E41BB4F5A2
:1091E400166F0BD2D3F8404144F48044C3F8404195
:1091F400D3F8B851D3F840416404EED50D4007D1FB
:109204000C4CC0E90225D4F8B0310B43C4F8B0319A
:10921400426362B6F0BC7047064DC0E90224D5F83B
:10922400B0310B43C5F8B0310263426362B6F0BC9F
:10923400704700BF00002E40001000E070B5056BC1
:109244009DB106462A46002403E012680134012A2F
:109254000CD0536813F08003F7D032632CB1284646
:10926400B36B2D689847013CF9D170BDC6E90C3346
:10927400F4E700BF30B4D9B91F4C204B0021204A79
:1092840001254FF0011099601D60C4E9023180246A
:109294005C60C2F8BC01D2F8B0311A482B43C2F862
:1092A400B0310160D2F8B031002BFBD130BC704733
:1092B4000904154B104C012541F080019860104AB7
:1092C400596000F580511D60D96000F50051A36418
:1092D400196100F5405100F5804059610021986101
:1092E400E164D2F8B03143F48033C2F8B031D2F83B
:1092F400B031002BFBD1C0E700000020201B002070
:1093040000002E4054230020401B002010B472B6ED
:109314000A4C01220A49237802FA00F0184320700B
:10932400D1F848311A0605D480221343C1F84421E8
:10933400C1F8483162B65DF8044B7047F527002048
:1093440000002E40084901220B7802FA00F023EABB
:109354000000087030B9054AD2F8483123F0800380
:10936400C2F84831704700BFF527002000002E40A6
:109374002DE9F04F9C4C83B0D4F84461F107C4F854
:1093840044616AD5D4F8AC31002B61D0DFF8848213
:10939400964DDFF878B208F5805ADFF87C92944F46
:1093A400C4F8AC31D5E90A20D4F8403143F4005371
:1093B400C4F84031D4F840319B04F5D5D4F8403199
:1093C40023F40053C4F840314FF00113C4F8B4310E
:1093D400D4F8B43113F00113FAD191B240F2816C94
:1093E400CBF80030614500F2D980B1F5D06F80F040
:1093F4006181B1F5817F00F08F8140F2AB8040F252
:10940400023C614500F0B281B1F5A06F40F0C1802B
:109414007849EB648B600123A9640B6080234B6063
:109424004FF00113C4F8BC31D4F8B03143F48033A5
:10943400C4F8B031D4F8B031002BFBD1130C5B0667
:1094440043F08073C4F85431D4F8AC31002BA7D165
:10945400654AD2F8BC31002B4AD1720616D5624B4C
:10946400D3F8AC21C3F8AC21D3F8BC21C3F8BC2198
:10947400D3F8B041002CFBD14FF0FF32C3F8B42134
:10948400D3F8843101F012F95B4B1C60F40103D56D
:109494005A4B1B6803B19847B00103D5584B1B685E
:1094A40003B19847710708D54F4BD3F8843113F4AF
:1094B40000731AD0534B01221A704B4BD3F8483126
:1094C4001A060FD533060DD54F4A13782BB1013B3D
:1094D400DBB21370002B00F0428203B0BDE8F04F02
:1094E40000F0AABC03B0BDE8F08F464A1370E4E76D
:1094F4004649C2F8BC310868034240F061813E4AE3
:1095040014681C40A9D05FEA144810D0374D4FF0BE
:10951400010998FAA8F7B7FA87F705EBC71009FA13
:1095240007F74030FFF78AFE38EA0708F1D1A4B202
:10953400002C92D02D4D4FF0010894FAA4F7B7FAFD
:1095440087F705EBC71008FA07F7FFF777FEBC4368
:10955400F3D182E7802900F0A780822919D183B250
:1095640010F0780015D103F07F0257F82210284A32
:109574001080180600F1C081CB0701D501231370B8
:1095840002212348FFF776FE5EE7010C072900F06D
:1095940045814FF00113C4F8C03155E742F2210C64
:1095A4006145F2D03AD942F22123994268D042F27D
:1095B40021339942EDD10F4B00229A60EA640122D3
:1095C400AB641A6080225A604FF00113C4F8BC31B6
:1095D400D4F8B03143F48033C4F8B031D4F8B031A6
:1095E400002BFBD130E700BF00002E40000000201C
:1095F400C0012E40201B002058230020B427002047
:10960400B827002003280020092800205423002024
:10961400382500204C230020401B0020B1F5086FA2
:109624003AD0B1F5106FB4D1B548C2F307424FF048
:10963400C81100930270B34AC4F8C821C4F8CC110D
:10964400C4F8D01101F034F800F08CFBAE4A0121CB
:10965400009BAA6411608021936051604FF0011255
:10966400EB64C4F8BC21D4F8B02142F48032C4F8CD
:10967400B021CBF80030D4F8B031002BFBD1E3E6B5
:1096840080B2002897D1A14BC2F307421968A04BBE
:109694001960A04B1A708EE7994B01219E481B78E4
:1096A4000370FFF7E7FDCFE69B4802210380FFF735
:1096B400E1FDC9E6994B596800293FF46AAF4FEAC6
:1096C400124E82B204E019690C3300293FF461AFF1
:1096D400B3F800C0F445F6D1B3F802C09445F2D112
:1096E4004FEA1E22032A00F0D8801A89000C824215
:1096F40028BF0246BEF5007F40F0D480884B8949DC
:109704001878894B0092002818BF19468748FFF73C
:10971400E9F9864B009ADAE010F0780F83B27FF40F
:1097240038AF03F07F0213F0800F57F8223014BFD4
:1097340023F4803323F0010347F822300022724BD4
:10974400EA649A600122AB641A6080225A604FF086
:109754000113C4F8BC31D4F8B03143F48033C4F8F5
:10976400B031D4F8B031002BFBD16DE610F0780F96
:1097740083B27FF40EAF03F07F0213F0800F57F82B
:10978400223014BF43F4803343F0010347F82230FE
:1097940000225D4BEA649A600122AB641A60802265
:1097A4005A604FF00113C4F8BC31D4F8B03143F41B
:1097B4008033C4F8B031D4F8B031002BFBD143E688
:1097C400002008605A490C88486842F221018C4202
:1097D4007FF495AE80B200287FF491AE5549564C83
:1097E40003C9A18086284FEA11412060A1717FF44A
:1097F40086AE72B65148017841F008010170D2F882
:1098040048110D0605D480200143C2F84401C2F872
:10981400481162B64A4A5021117070E6EB60012388
:109824004349C9F80030474B0A60C9F80430464B35
:109834004860C9F81030C5F80890C9E9028AD4F81C
:10984400B02142F00102C4F8B02103F5805203F5BF
:109854000053C9F81420C9F81830D4F8B031002BDB
:10986400FBD1294AEB6493600123AA64136048F294
:10987400800353604FF00113C4F8BC31D4F8B03105
:1098840043F48033C4F8B0314FF48033CBF8003064
:10989400D4F8B031002BFBD1D6E5000C0A78824213
:1098A40028BF0246BEF5E06F50D11D4B1D4893F80A
:1098B40000C01D491D4BBCF1000F18BF01460092AA
:1098C4001846FFF70FF9072103464170009A23F069
:1098D4001F011344BFF34F8F4FF0E020C0F8701FF7
:1098E40020318B42FAD8BFF34F8FBFF36F8F0F48ED
:1098F4001146FFF7BFFCA7E5C9033FF53FAE3FE6BE
:10990400022800200200CC00201B0020F8250020A3
:109914003C2600200128002038250020E80B0020E8
:1099240003280020581C0060F01C006080AA20203E
:10993400201E00204C23002034260020F527002080
:1099440009280020800007004C430020064B1846DD
:10995400CDE90023FFF7C6F8DDE90023B7E70320CC
:10996400FFF7F0FC02F02CFC80AA20202DE9F04740
:109974001F46831E022B01D9BDE8F087DFF84C9007
:1099840015460C463C2209EBC01806464FEAC01A9D
:10999400002108F10400240402F0D2F9B5FA85F29A
:1099A4000123520944EA427449F80A40C8F838705D
:1099B400C8F80830002FDFD0034AB34011680B43C6
:1099C4001360BDE8F08700BF58230020000000208A
:1099D4002DE9F0470D46811E022901D9BDE8F08723
:1099E400C701DFF84C909246044640373C220021E0
:1099F4001E4609EB07082D0408F1040002F0A0F943
:109A0400BAFA8AF2520945EA427249F80720012259
:109A1400C8F83860C8F80820002EDFD0034B103493
:109A24001968A2400A431A60BDE8F0875823002051
:109A34000000002012048160C36101F5405342F02C
:109A4400800210B40124426001F50052046001F563
:109A5400805401F58041C46081615DF8044BC0E924
:109A640004237047831E0A46022B00D97047064B15
:109A740000F110014FF0010C03EBC0100CFA01F1DE
:109A84004030FFF797BB00BF00000020831E0A464A
:109A9400022B00D970470121024B814003EBC01017
:109AA400FFF788BB0000002040687047124A134B40
:109AB400D2F8200220F07F40984210B584B002D240
:109AC40000EB800040000E4C01A90A22FFF7A6F823
:109AD40001A90023204611F8012B01333AB10A2BC6
:109AE40020F8022FF7D11623237004B010BD5B00B9
:109AF400DBB2237004B010BD00441F408096980070
:109B04007414002000F0F2BE00F0C2BE00F026BFC4
:109B140000F0E0BE00F07CBF00F052BF08461146E2
:109B240000F042BF38B50C4B04460C4D1B68298825
:109B340043B1B1F5917F09D24B1C9BB2084A2B80EB
:109B4400545438BDB1F5917FF6D338BD0022044892
:109B5400984700210123F1E77C260020D827002024
:109B640090260020F8B5144C4FF0E025134E4FF426
:109B7400003204EB4024124F06EB40160346C5F8AE
:109B84008C2121463A883046FFF754FF3B88234412
:109B9400BFF34F8FC5F85C4F2034A342FAD8BFF30C
:109BA4004F8FBFF36F8F04203146FFF76FFF4FF4E1
:109BB4000033C5F80C31F8BD20AB2020601B002019
:109BC400CC27002042684FF6FC71114BC2F30E42C1
:109BD400C0691B889B1A0B4017D00E4930B40E4C39
:109BE4000E4D227821F810300021013225F8101092
:109BF400062A94BFD1B20A46217009490C6823444D
:109C04000B60084B985430BC7047FFF7ABBF00BFE4
:109C1400CC27002050250020F12700206C250020AF
:109C240048250020882500202DE9F04F0123DFF886
:109C340028A1DFF828B183B0414E9AF80020414DA5
:109C4400414F8BF8003005EB42153388D7F800807C
:109C5400CDE90002002B6DD13C4CDFF8049128467D
:109C6400FFF722FF10F080005DD03B68A3EB0803F0
:109C7400282B04D90123237003B0BDE8F08F237887
:109C8400002BF9D199F80030002BF5D000F00AFF31
:109C94003388002BE3D02E4A9AF800101288D01A89
:109CA400043B2C4C9BB22044338000EB4120009EAB
:109CB4004902C0F8006C93BB04F5406428460C4488
:109CC4002146FFF7B7FEBFF34F8F04F1200204F5DE
:109CD4000073934234BF012310234FF0E02204EBBE
:109CE4004313C2F8704F20349C42FAD1BFF34F8F14
:109CF400BFF36F8F04202946FFF7B4FE019B0220B7
:109D04000133032B94BFDBB200238AF80030FFF742
:109D140019FB00238BF8003003B0BDE8F08F02205C
:109D2400FFF7F4FAF5E70A4B9AF800101A88207046
:109D34001346B5E7064A01991288D01AB0E700BF66
:109D4400D0270020201D0020F8250020F727002020
:109D5400D427002020AB2020FD270020FF2700204F
:109D640002280020214B70B51B78002B3BD04FF408
:109D740000731E461E4980221E4D00240B800021C4
:109D84001D482B8001F0DCFF1C4A21461C4B14703B
:109D9400C0221C481C8001F0D3FF1B4A31461B4BD8
:109DA400042094609C60C2E90044194AC3E9004459
:109DB4001470184B184A1C70184B14602246FFF795
:109DC400D5FD2346224629880420FFF701FE2046BC
:109DD4000134FFF7C7FE062CF9D100231049114ABC
:109DE4000B70137070BD40231E46C3E70328002088
:109DF400CC270020D4270020201D0020FD27002090
:109E0400D0270020601B0020502500206C25002056
:109E1400F1270020F327002048250020357E00008C
:109E2400F7270020FF270020024B1B780BB1FFF718
:109E3400FBBE7047022800202DE9F843214B1D7812
:109E440015B9214E33880BB9BDE8F883DFF8888053
:109E54001E4A98F800701E4C02EB47191D4A04EB89
:109E64004724128848462146D21A2B46FFF7E2FDC2
:109E7400BFF34F8F04F1200204F50073934234BF03
:109E8400012310234FF0E02204EB4313C2F8704F78
:109E940020349C42FAD1BFF34F8FBFF36F8F013749
:109EA40049460420FFF7DEFD032F4FF000034FF077
:109EB400020098BFFDB2338088F80050BDE8F84333
:109EC400FFF740BAFF270020D0270020201D0020E4
:109ED40020B72020D4270020FD270020F8B54FF418
:109EE40000324FF0E023204CC3F88C211F4B227822
:109EF40019788A422ED0D3B21D4A1E4F01331E490F
:109F04001E4E072B28BF0023D05C37F8102001EB2E
:109F140040218D580432316892B2043927F8102058
:109F24003160174931F81010914207D94FF0E023FE
:109F34004FF400322846C3F80C21F8BDDBB223707D
:109F4400FFF710FE4FF0E0234FF400322846C3F829
:109F54000C21F8BD00254FF0E0234FF400322846D1
:109F6400C3F80C21F8BD00BFF3270020F12700201F
:109F7400882500206C25002020AB202048250020C7
:109F840050250020F8B50646FFF7A8FF90B1C0F3AE
:109F9400031300F00F059C4A0446070A1370A5F149
:109FA4000803062B08D807F00F030133002E45D011
:109FB400B34243D00020F8BDAB1EF8B2012B19D92F
:109FC400F72818BFF02801D9052D13D0042D00F06F
:109FD40085816B1F022B40F245810F2DEAD1F728B2
:109FE40008D8F02803D0894B1B88002BE2D0FFF758
:109FF40099FDDFE7F1380E28DCD801A353F820F0EF
:10A00400E5830000F783000015840000258200002A
:10A014002582000023840000258200003184000092
:10A02400258200005D830000938300007783000095
:10A0340025820000AF830000CB830000082DC4F309
:10A04400033217D1082A15D171488021714A076853
:10A05400C4F30746DDB21170240E1FB13146284601
:10A064002246B8476C4B01206C491D706C4B0E7036
:10A074001C70F8BD092D14D1092A12D1220E65498C
:10A0840000F0B4809020C4F30746DDB20870D4B267
:10A0940064490F68002FE5D0224631462846B84768
:10A0A400E0E70A2D05D10A2A03D15F48A021594AC5
:10A0B400CDE70B2D05D10B2A03D15C48B021554ABD
:10A0C400C5E70C2D40F08A800C2A40F08780584A5E
:10A0D400C02050491268C4F30746DDB20870240E4C
:10A0E400002ABFD0314628469047BBE7514B1B6836
:10A0F400002B00F00A81C4F307469847454B240E11
:10A1040000251F70AEE74C4B1B68002BF3D14B4B63
:10A114001B68002B00F0ED80FC20C4F30746984731
:10A12400ECE7474B1B68002BE5D1444B1B68002B25
:10A1340000F0DF80FB20C4F307469847DEE7414B7D
:10A144001B68002BD7D13D4B1B68002B00F0D1803E
:10A15400FE20C4F307469847D0E73B4B1B68002B0F
:10A16400C9D1364BC4F307461B68002BC6D0FF2069
:10A174009847C3E7354BC4F307461B68002BBDD093
:10A1840030469847BAE7324B1A68002A00F0B1808B
:10A19400630CC4F30640260C03F47E53F6B2184352
:10A1A4009047ABE72B4BC4F307461B68002BE7D162
:10A1B400A4E7294BC4F307461B68002B9DD19DE7F8
:10A1C400264B1B68002B96D11C4B1B68002B00F000
:10A1D4009080F820C4F3074698478FE70D2D62D18D
:10A1E4000D2A60D11E4AD0200A4973E78020DDB2CF
:10A1F400C4F30746087006490F68002F7CD0314627
:10A2040028461446B8472DE704280020D827002004
:10A2140054260020082800200528002006280020B5
:10A2240007280020582600208C26002050260020D5
:10A23400602600207026002074260020642600205A
:10A244004C26002040260020802600208426002062
:10A25400682600206C26002088260020482600203E
:10A2640044260020FFF75EFC052D08D0C4F3074008
:10A27400FFF758FC072D02D1200EFFF753FC2B4BA0
:10A284002B4819882B4A0170080A2B4C10700020A7
:10A294002A4A1880F023246813707CB301222848CA
:10A2A400A0470120F8BD0E2D7FF484AE0E2A7FF462
:10A2B40081AE244AE02021491268087072B3610C0F
:10A2C400C4F30640DDB201F47E51260C240E014392
:10A2D4002846F6B2A1F500519047C3E6FFF722FCE9
:10A2E400C4F30740FFF71EFC200EFFF71BFC002001
:10A2F400F8BDC4F3074601E73C46B3E6124B1B68BE
:10A304008BB10F4898470120F8BD104B1B68002BF8
:10A31400EFD0FA20C4F307469847EFE6C4F30746A4
:10A32400DDB2240E9EE60120F8BD00BFD827002030
:10A3340006280020072800207C260020082800206A
:10A34400902600205C260020782600206426002029
:10A35400F8B5144C4FF0E025134E4FF4003204EBE3
:10A364004024124F06EB40160346C5F88C212146C3
:10A374003A883046FFF75EFB3B882344BFF34F8F98
:10A38400C5F85C4F2034A342FAD8BFF34F8FBFF314
:10A394006F8F03203146FFF779FB4FF40033C5F884
:10A3A4000C31F8BD20BF2020201C0020CE27002027
:10A3B400244B2DE9F0411C884368C569C3F30E435F
:10A3C400E41A002C24DD204920480A780078D3B20E
:10A3D4001F4E82421F4807D010F8038036F81870C9
:10A3E400C7F50072944218D90133002226F81540AB
:10A3F400082B194E88BF134626F8152098BFDAB2E9
:10A40400C554164B0A701A6814441C60BDE8F081E8
:10A414002846BDE8F041FFF79BBF07EB48201049F1
:10A4240022462744084401EB4521FEF75BFB0B4A17
:10A43400284626F8187013682344BDE8F0411360D9
:10A44400FFF786BFCE270020F2270020F427002044
:10A454005C25002090250020782500204C25002034
:10A4640020BF20201D4B1A78002A36D102F0FF03AA
:10A474001B4A12788AB32DE9F0411A4D2A8852B347
:10A48400194EC2F50068194F3278194C07EB421780
:10A4940004EBC224424638462146FFF7CBFA04EBCC
:10A4A4000802BFF34F8F4FF0E023C3F8704F2034FE
:10A4B400A242FAD8BFF34F8FBFF36F8F0320394600
:10A4C400FFF7D0FA33780133DBB2032B88BF0023C4
:10A4D400337000232B80BDE8F081704700280020F2
:10A4E40002280020D2270020FE270020A01D0020E3
:10A4F40020CF20202DE9F04F85B0CDE901100029AF
:10A5040000F0BF800023604CDFF89881DFF898A149
:10A514005E4F009301235E4A23705E4B1978B8F8AE
:10A52400003002EB4119002B40F0A7801E461D4667
:10A534009B464846FFF7B8FA10F0800000F08C8084
:10A54400BFF34F8F9AF8003084F800B005B93E6825
:10A55400002B7DD13B689B1B782B00F287804E4BF0
:10A564001B78002B74D000F09DFA0122B8F800305B
:10A5740015462270002BDCD0464AC3F500601178E2
:10A584001A4600EBC120454DC9022844019D95425D
:10A5940017D20393DDE901512A46FEF7A3FA039B80
:10A5A4004FF040425B1BA8F800303D4BC3F88420B9
:10A5B400BFF34F8F009800232844237005B0BDE8F3
:10A5C400F08F364BCD180299FEF78CFA00234FF426
:10A5D400006229464846FFF72DFABFF34F8F05F175
:10A5E400200205F50063934234BF012340234FF05A
:10A5F400E02205EB4313C2F8705F2035AB42FAD179
:10A60400BFF34F8FBFF36F8F03204946FFF72AFA3A
:10A61400204A13780133DBB2032B84BF00231D4A85
:10A624001370B8F80030019AD11A009A1A440191B3
:10A634000092029A1A4400230292194AA8F80030A0
:10A64400C2F88430BFF34F8F237000297FF462AFC8
:10A65400009805B0BDE8F08F4FF400620D4B8AF806
:10A66400000019781346A8F800208AE7012300980F
:10A674008AF8003005B0BDE8F08F1A46C3F50060D3
:10A684007FE70198E5E700BF00280020F8250020B7
:10A69400A01D0020FE2700200228002020CF20201B
:10A6A40000002E40D2270020F8270020704700BF6A
:10A6B4002D4B002180222D4870B51B7800242C4D91
:10A6C4008B422C4E0CBF40234FF400732B803380FD
:10A6D40001F036FB284A2146284B14704FF480724F
:10A6E40027481C8001F02CFB264A1021264B02200F
:10A6F400C2E90044C2E90244244AC3E90044147094
:10A70400234AC3E90244234B1C70234614602246A7
:10A71400FFF75EF92246318803201F4BFFF726F925
:10A724002346012229880320FFF752F920460134E9
:10A73400FFF70EFE082CF9D1184B00214A221848C5
:10A74400184C0460C3F88410C3F88020D3F848215F
:10A75400154942F08072C3F8482121B1134A137895
:10A7640043F00103137070BD03280020A01D0020D6
:10A77400D6270020CE270020FE270020D227002045
:10A78400201C00205C25002078250020F2270020D2
:10A794004C250020F42700202186000000002E40D4
:10A7A400B4270020D5860000000000000A280020FD
:10A7B4002DE9F04F4FF0E0234FF40032DFF8C8A04A
:10A7C40083B0C3F88C218B469AF8004000294FD0FF
:10A7D4008046E4B20027DFF8B490264BABEB0702C7
:10A7E40025491B78A34204F101043FD0092C234BD3
:10A7F400404628BF00241E5D39F816C00CEB4623E2
:10A8040019441F4B33F81650A5EB0C05AA421CD271
:10A814000CEB462C18491B4C61440192FEF762F97B
:10A82400216839F816505846019AA1EB0B012A44C5
:10A83400394429F8162021604FF0E0234FF4003208
:10A84400C3F80C2103B0BDE8F08F2A462F44FEF76D
:10A8540049F90C49E3B230460A68A844521B0A601D
:10A864008AF80030FFF774FDBB45B6D83846E3E7F5
:10A874000846E1E7F227002020BF20209025002091
:10A884005C2500204C250020F4270020782500209A
:10A894000B4B0C4A12781978D3B28A420DD001338B
:10A8A40009480A4A092B0A4928BF0023C35C31F826
:10A8B400131002EB4323585C70474FF0FF3070478E
:10A8C400F2270020F42700209025002020BF20201C
:10A8D40078250020044B10B51C680CB1204610BD2F
:10A8E40000F0E0F8204610BD4C2500202DE9F84F7B
:10A8F400144E154D33782A78934221D0DCB2DFF818
:10A904005090DFF850B0DFF85080104F0134082C1D
:10A914005FFA84FA01D90024A24619F80400DBF88E
:10A92400003038F8102037F81010521A9B1ACBF860
:10A934000030FFF70DFD86F800A02B78A342E5D187
:10A94400BDE8F88FF4270020F227002078250020A6
:10A95400902500204C2500205C25002000B583B004
:10A9640001210DF10700FFF723FF20B19DF8070037
:10A9740003B05DF804FB4FF0FF30F9E7094B00B575
:10A9840083B01B788DF807003BB101210DF107005E
:10A99400FFF7B0FD03B05DF804FB03F0FF0003B064
:10A9A4005DF804FB02280020044B1B7803F0FF022F
:10A9B4000BB1FFF79FBD1046704700BF022800206F
:10A9C4002DE9F0410024DFF8448001230D4D274692
:10A9D4000D4E88F80030337828462035A34204F120
:10A9E400010405D0FFF760F8030658BF07F50067B8
:10A9F400042CF0D1BFF34F8F0023384688F8003081
:10AA0400BDE8F081A01D0020FE27002000280020C2
:10AA14002DE9F8431D4B1B7813B11D4D2A880AB943
:10AA2400BDE8F8831B4EC2F500691B4933784A46DA
:10AA34001A4C01EB43181A4F04EBC324012340467C
:10AA44003B7021460023FEF7F5FF04EB0902BFF338
:10AA54004F8F4FF0E023C3F8704F2034A242FAD84E
:10AA6400BFF34F8FBFF36F8F03204146FEF7FAFF0A
:10AA740033780133DBB2032B88BF00233370002308
:10AA84002B80BFF34F8F3B70BDE8F8830228002072
:10AA9400D2270020FE270020A01D002020CF202048
:10AAA400002800202DE9F8432D4B1E7866B12D4F68
:10AAB4003B784BB90123F1073B7043D4B20726D44A
:10AAC40000233B70730701D4BDE8F883264B1A6852
:10AAD400002AF9D0EFF30582002AF5D1EFF31085AF
:10AAE40072B61868002834D0204C2178002930D15F
:10AAF4000122227042691A60002A2ED0916105B9A0
:10AB040062B600258368457798472570DCE7DFF84F
:10AB1400648098F80030002BD2D00025DFF85890DC
:10AB24002B4659F823400135236820461B69984772
:10AB340010B163699B68984798F80020EBB29A4279
:10AB4400EFD8BDE7FFF7C6FE0028B7D0AFF300800B
:10AB5400B4E7002DB8D162B6B6E7054B1A60CEE76C
:10AB64000A280020DF270020B81E0020DB27002051
:10AB7400C41E0020DD270020E01E002070B5EFF386
:10AB8400108272B60C4C206880B10C4E00254369CB
:10AB9400236073B19D6102B962B6836845779847B3
:10ABA400EFF3108272B620680028F0D102B962B6C1
:10ABB40070BD3360EFE700BFC01E0020BC1E002044
:10ABC400FFF7DCBF0449054A4968054B196013685F
:10ABD40001331360704700BF001000E0F825002027
:10ABE400F4250020074A506A936A19468446506A3D
:10ABF400936A9942F9D18445F7D1DB0B43EA40408B
:10AC0400704700BF00400D4003460846194601F056
:10AC1400E9B800BF10EE103A40F22A41C3F30A52D9
:10AC24008A42B7EEC03A32D8B7EE000B2D4B93ED03
:10AC34004A2B93ED481BB0EE417BA2EE037B17EE4B
:10AC4400100A37EE417B00F01F0203EBC20130B45F
:10AC540092EE037B93ED4C4B53F832404D6893EDE9
:10AC64004E6B93ED505BA4EE076B27EE074B002170
:10AC74000A1905EBC033A5EE070B43EC172BA6EE20
:10AC8400040B30BC20EE070BB7EEC00B704713F576
:10AC9400000F20D0B2F5FF6F1AD2DFED137AB4EEB5
:10ACA400E70AF1EE10FA10DCDFED107AB4EEE70AF1
:10ACB400F1EE10FA12D4DFED0E7AB4EEE70AF1EEFB
:10ACC40010FAB1D5002000F033BB002000F036BBF1
:10ACD40030EE000A70479FED070A7047002000F02D
:10ACE40021BB00BF800200201772B142B4F1CFC271
:10ACF400CF8ECEC20000000010EE103AB3F17E5F9A
:10AD04003ED0A3F50001B1F1FE4F10EE102A3AD265
:10AD1400BFEE002B02F14043284903F54D03C3F372
:10AD2400C34001EB001091ED424B91ED447B91ED5A
:10AD3400406B91ED465BD90DC9052DED028B90ED6D
:10AD4400021B90ED008B521ADB1500EE103A03EE55
:10AD5400902AB8EEC00BB7EEE33A30EE010BA8EE42
:10AD6400032BBDEC028B22EE023BA4EE027BA5EE8C
:10AD7400020BA6EE037BA3EE070BB7EEC00B7047E6
:10AD84009FED0F0A7047590014D0B3F1FF4F14D050
:10AD9400002B0BDBB1F17F4F08D2DFED0A7A60EEB6
:10ADA400277A17EE903AA3F13862B1E700EE103A31
:10ADB40000F0DCBA012000F0C7BA7047C8030020D5
:10ADC400000000000000004B30B410EE103A2DEDEE
:10ADD400028BA3F5000110EE902AB1F1FE4F10EEA4
:10ADE400104A82B04FEA42017CD201F1FF3C6FF07D
:10ADF4008070844580F0F780002004F1404303F51F
:10AE04004D03C3F3C342DB0DDB05E11ADB1507EE8B
:10AE1400903AB14B03EB021292ED003B04EE101A90
:10AE2400B7EEE06AB7EEC44ABFEE000BA3EE040B24
:10AE340093ED443B20EE001B93ED464B93ED402BEA
:10AE4400A0EE034B93ED425B93ED483BA0EE025B17
:10AE540021EE012B92ED028BB8EEE77B37EE087BF7
:10AE6400A0EE037BA1EE047BA5EE027B26EE077B1E
:10AE740017EE903A48F2BF01C3F3CF338B4250D25E
:10AE8400B7EE000B954B93ED402B37EE023B13EEE0
:10AE9400102A33EE423B02F01F01821803EBC1007B
:10AEA40093ED424B37EE437B53F83140456893EDC5
:10AEB400446B93ED465BA7EE046B27EE074B002330
:10AEC400181905EBC231A7EE050B41EC170BA6EEE2
:10AED400040B20EE070BB7EEC00B02B0BDEC028BE7
:10AEE40030BC70474D1E6FF08070854280F0CE807C
:10AEF40059004D1E854280F09280002B55DB0020C6
:10AF0400B4F5000FBFF479AFDFED757A07EE103AB0
:10AF140067EE277A17EE904A24F00044A4F13864CF
:10AF24006BE79FED656BB4EEC67BF1EE10FA15DCB2
:10AF34009FED636BB4EEC67BF1EE10FA20DD4FF0AB
:10AF44004C5388B10193DDED016ABFEE006A76EEE1
:10AF5400666AF4EE466AF1EE10FA11D002B0BDEC66
:10AF6400028B30BC00F0EAB90093DDED006AB7EE65
:10AF7400006A76EE866AF4EE466AF1EE10FAEDD1D6
:10AF84009FED516BB4EEC67BF1EE10FA57D99FEDED
:10AF9400506BB4EEC67BF1EE10FA7FF571AF02B0E0
:10AFA400BDEC028B30BC00F0C3B9C2F3C7517E299B
:10AFB40011DD962954DC0120C1F1960100FA01F15A
:10AFC400481E104207D1114214BF01200020000482
:10AFD40024F0004494E700EE103A02B0BDEC028B7A
:10AFE40030BC00F0C3B9002952D0B3F17E5F2CD03D
:10AFF4006400B4F17F4F2ED8B1F17F4F2BD1B4F15F
:10B00400FE4F4BD0B4F1FE4F6FEA020234BF00246E
:10B014000124D20F94424CD09FED320A5DE7002BFD
:10B0240020EE000A1EDB002000293AD1002ABFF6D8
:10B0340054AF02B0BDEC028B30BC00F085B902B055
:10B04400BDEC028B30BC00F06DB982F4800252007A
:10B0540012F5000F22D907EE903A37EEA00A3CE72A
:10B064000020B5E7C2F3C753A3F17F001728DAD84D
:10B07400C3F19600012303FA00F0441E1442D2D116
:10B084001040D1D0B1EE400A1846CDE70029AFD127
:10B0940084F48002520012F5000FDCD8B7EE000AE7
:10B0A4001BE7002ABFF619AFF7EE007A87EE800A95
:10B0B40013E720EEA00A10E771D5D1FFFFFF5F4030
:10B0C400E2AAA3FFFFFF5F400000000000C062C0CF
:10B0D4000000000000A062C0E804002080020020FC
:10B0E4000000004B0000000030B510EE104AC4F31D
:10B0F4000A53B3F57D7FB7EEC06A83B01BD226EE48
:10B10400065BB3F5667F6ED326EE052B25EE021B98
:10B11400734B93ED1A3B93ED187B93ED164BA5EE11
:10B12400037BA2EE046BB0EE460BA7EE010BB7EE69
:10B13400C00B03B030BD40F22E4293425ED8684942
:10B1440091ED087B26EE077BFDEEC77B91ED0A5B54
:10B1540017EE903A03F500031B1613F0020F07EEE7
:10B16400903A01F1700208BF0A46D807B8EEE77BAF
:10B17400A7EE456B26EE067B1BD403F0030301EB1D
:10B18400C30192ED1A4B91ED002B92ED185B26EE64
:10B19400026B92ED163BA7EE045B26EE074B27EEFF
:10B1A400047BA4EE036BA5EE076BB7EEC60B03B0EE
:10B1B40030BD92ED142B27EE075B92ED126B92EDEE
:10B1C4000E3BA7EE026B92ED0C0B92ED104BA7EE2B
:10B1D400030B27EE057BA5EE040BA6EE070BB7EEDB
:10B1E400C00B03B030BD220D12F4FF6FDFD1B7EEF8
:10B1F400C55B00EE104A8DED015AD8E7B3F5FF6F39
:10B204004BD2384BC4F3836203EB820053F8222001
:10B214000569C4F31603C4F3C25143F400038B401D
:10B22400016A03FB02F2A3FB0110E3FB050202F136
:10B2340000518D0F01F04041511A00F08FFA2A4B52
:10B244009FED257B05EBD47441EC160B14F0020F33
:10B25400A3F1700208BF1346E90726EE077B27EE29
:10B26400076B1FD404F0030402EBC40293ED1A4BE2
:10B2740092ED002B93ED185B27EE027B93ED163BCA
:10B28400A6EE045B27EE064B26EE046BA4EE037BCE
:10B29400A5EE067BB7EEC70B89E703B0BDE83040E7
:10B2A40000F064B893ED142B26EE065B93ED127B4D
:10B2B40093ED0E3BA6EE027B93ED0C0B93ED104B3E
:10B2C400A6EE030B26EE056BA5EE040BA7EE060B0C
:10B2D400B7EEC00B6BE700BF182D4454FB21193C9B
:10B2E40010060020380800208006002010B582B027
:10B2F4008DED010A044600F08DFD9DED010A046008
:10B3040002B010BD30B1F1EE407A27EE800A22205F
:10B31400FFF7ECBFF0EE407A27EE800A2220FFF719
:10B32400E5BF00BF9FED010AFFF7ECBF000000106E
:10B334009FED010AFFF7E6BF0000201A9FED010A06
:10B34400FFF7E0BF000000709FED070AFFEE007AF0
:10B35400B7EE007A00284FF0220047FE277A87EEE6
:10B36400800AFFF7C3BF00BF0000000070EE407A00
:10B37400B4EE400A87EEA77AF1EE10FAB0EE470A6F
:10B3840002D62120FFF7B2BF704700BF08B52DEDEC
:10B39400028BB0EE408A00F01BF8B4EE488AF1EE5E
:10B3A40010FA06D6DFED098AB4EEE88AF1EE10FA57
:10B3B40002D4BDEC028B08BD00F02CFD88EEA80A77
:10B3C400BDEC028B2123036008BD00BF0000000018
:10B3D400B1EEC00A704700BF10EE101AC1F3C75295
:10B3E4000029A2F17F0CB4BF4FF0FF300120BCF163
:10B3F4001E0F0FDCBCF1000F1DDBC1F31603BCF103
:10B40400160F43F400030ADD963A03FA02F202FB34
:10B4140000F07047FDEEC07A17EE900A70474FF4C3
:10B42400800242FA0CF21A44CCF1170C22FA0CF204
:10B4340002FB00F07047BCF1FF3F18BF00207047CB
:10B4440081F0004102E000BF83F0004330B54FEAD1
:10B4540041044FEA430594EA050F08BF90EA020F3E
:10B464001FBF54EA000C55EA020C7FEA645C7FEAD1
:10B47400655C00F0E2804FEA5454D4EB5555B8BFF4
:10B484006D420CDD2C4480EA020281EA030382EA65
:10B49400000083EA010180EA020281EA0303362DF7
:10B4A40088BF30BD11F0004F4FEA01314FF4801CCA
:10B4B4004CEA113102D0404261EB410113F0004FDC
:10B4C4004FEA03334CEA133302D0524263EB430393
:10B4D40094EA050F00F0A780A4F10104D5F1200E31
:10B4E4000DDB02FA0EFC22FA05F2801841F100018C
:10B4F40003FA0EF2801843FA05F359410EE0A5F160
:10B5040020050EF1200E012A03FA0EFC28BF4CF090
:10B51400020C43FA05F3C01851EBE37101F0004546
:10B5240007D54FF0000EDCF1000C7EEB00006EEB53
:10B534000101B1F5801F1BD3B1F5001F0CD34908DD
:10B544005FEA30004FEA3C0C04F101044FEA445234
:10B5540012F5800F80F09A80BCF1004F08BF5FEABB
:10B56400500C50F1000041EB045141EA050130BD9B
:10B574005FEA4C0C404141EB0101013C28BFB1F5AD
:10B58400801FE9D291F0000F04BF01460020B1FAF8
:10B5940081F308BF2033A3F10B03B3F120020CDACB
:10B5A4000C3208DD02F1140CC2F10C0201FA0CF0A9
:10B5B40021FA02F10CE002F11402D8BFC2F1200C0E
:10B5C40001FA02F120FA0CFCDCBF41EA0C019040C4
:10B5D400E41AA2BF01EB0451294330BD6FEA04040D
:10B5E4001F3C1CDA0C340EDC04F11404C4F12002F8
:10B5F40020FA04F001FA02F340EA030021FA04F30A
:10B6040045EA030130BDC4F10C04C4F1200220FA60
:10B6140002F001FA04F340EA0300294630BD21FA9E
:10B6240004F0294630BD94F0000F83F4801306BF64
:10B6340081F480110134013D4EE77FEA645C18BF58
:10B644007FEA655C29D094EA050F08BF90EA020FEF
:10B6540005D054EA000C04BF1946104630BD91EAE7
:10B66400030F1EBF0021002030BD5FEA545C05D1EA
:10B674004000494128BF41F0004130BD14F5800429
:10B684003CBF01F5801130BD01F0004545F0FE419D
:10B6940041F470014FF0000030BD7FEA645C1ABFD2
:10B6A400194610467FEA655C1CBF0B46024650EA09
:10B6B400013406BF52EA033591EA030F41F4002135
:10B6C40030BD00BF90F0000F04BF0021704730B5BB
:10B6D4004FF4806404F132044FF000054FF0000190
:10B6E40050E700BF90F0000F04BF0021704730B551
:10B6F4004FF4806404F1320410F0004548BF404226
:10B704004FF000013EE700BF42004FEAE2014FEA7A
:10B7140031014FEA02701FBF12F07F4393F07F4F55
:10B7240081F06051704732F07F4208BF704793F058
:10B734007F4F04BF41F40021704730B54FF460746B
:10B7440001F0004521F000411CE700BF50EA01026E
:10B7540008BF704730B54FF000050AE050EA010217
:10B7640008BF704730B511F0004502D5404261EB87
:10B7740041014FF4806404F132045FEA915C3FF4C8
:10B78400D8AE4FF003025FEADC0C18BF03325FEA65
:10B79400DC0C18BF033202EBDC02C2F1200300FA16
:10B7A40003FC20FA02F001FA03FE40EA0E0021FA3B
:10B7B40002F11444BDE600BF024B0146186800F0D4
:10B7C40003B800BFB41100202DE9F04F01F10B06BE
:10B7D400162E83B0044624D8102900F2BA8000F053
:10B7E400A3FA102618220220B54F3A44A2F1080108
:10B7F40053688B4200F0BA805A68D96822F0030279
:10B804001A449D68E9608D60516841F00101204649
:10B81400516003F1080500F08DFA284603B0BDE835
:10B82400F08F36F0070600F19480B14200F2918067
:10B8340000F07AFAB6F5FC7FC0F09A81730A00F042
:10B844008F80042B00F26F81B30903F1390003F1F7
:10B85400380CC3009A4F3B44A3F108055B689D4232
:10B8640006D10CE0002980F22781DB689D4206D0D6
:10B874005A6822F00302911B0F29F3DD60463D69EB
:10B88400DFF850C265457CD06A6822F00302931B3E
:10B894000F2B00F37B81002BC7E904CC80F26C8171
:10B8A400B2F5007F80F01A81D308796801334FEA3A
:10B8B400521E012202FA0EF20A4357F833E0C5F889
:10B8C40008E007EBC3010839E9607A6047F83350B0
:10B8D400CEF80C50831001219940914257D811425F
:10B8E40006D120F003004900114200F10400FAD00F
:10B8F40007EBC0094D468646D5F80C80454508D16E
:10B904001DE1002B80F22481D8F80C80454500F01D
:10B914001681D8F8042022F00302931B0F2BF0DDCC
:10B924002046D8E9025408EB060146F00106C8F89F
:10B934000460EC60A56043F00104C7E90411C1E9A7
:10B9440002CC4C6048F8023000F0F4F908F1080524
:10B9540002E00C2323600025284603B0BDE8F08FE5
:10B964004FF4007340204FF03F0C73E7D3689A42C2
:10B9740008BF02307FF440AF3D69DFF858C1654528
:10B9840082D17A688310012199409142A7D9BD6878
:10B994006B6823F003094E4503D8A9EB06030F2B6C
:10B9A4007ADCDFF834B1474BDBF800201B68013246
:10B9B400334405EB090A00F0338103F580530F3358
:10B9C40023F47F6828F00F084146204600F010FA5F
:10B9D400411C024600F0F380824500F2EE803A4BAF
:10B9E400196841441960084600F04E81DBF80010E4
:10B9F400019301311BBFA2EB0A010918CBF8002007
:10BA0400196012F0070B00F01781CBF108010A440A
:10BA1400CBF5805190440831A1EB0801C1F30B0A26
:10BA240051462046009200F0E3F9421CDDE9002370
:10BA340000F04F81801A00EB0A081968BA6048F0D8
:10BA440001005144BD425060196000F02981B9F1F0
:10BA54000F0F40F227816868A9F10C0C2CF0070C39
:10BA640000F0010040EA0C0068604FF0050E05EBA1
:10BA74000C00BCF10F0FC0E901EE00F232815068F6
:10BA84001546124B1A688A4238BF1960104B1A685F
:10BA94008A4238BF196094E0AA1943F0010346F0C2
:10BAA40001066E602046BA60536000F043F9083521
:10BAB400284603B0BDE8F08FD9681A44A1E600BF58
:10BAC400A40D00204C2100201C2100204421002032
:10BAD40048210020AC0D0020AC110020B2F5206FED
:10BAE4004FEA522363D3142B00F2B78003F15C01B5
:10BAF400C9005B3307EB010E7958AEF1080E8E4591
:10BB040000F091804B6823F00303934202D98968C3
:10BB14008E45F7D1D1F80CE07A68C5E9021ECEF85B
:10BB24000850CD60D6E6142B59D9542B00F29D80D1
:10BB3400330B03F16F0003F16E0CC3008AE60EF1C0
:10BB4400010E1EF0030F05F108057FF4D5AE51E098
:10BB5400424445465368D8F80C1043F0010353603F
:10BB640055F8083F2046D9608B6000F0E3F8F3E60F
:10BB7400F00806F1080237E62A442046536843F0E9
:10BB840001035360083500F0D5F8E5E6A91920460D
:10BB940046F0010643F001046E60C7E90411C1E9EF
:10BBA40002CC4C60AB5000F0C5F80835D4E69309DC
:10BBB40003F13901C90038339CE7BD425FD0BD6849
:10BBC400686820F003084645A8EB060302D80F2B4B
:10BBD4003FF762AF204600F0ADF80025BCE603F164
:10BBE4005C0003F15B0CC30034E659F808394B459B
:10BBF40040F0968010F0030F00F1FF30F5D17B6820
:10BC040023EA01037B60490099423FF6C0AE19B9AB
:10BC1400BDE649000EF1040E1942FAD0704667E6FB
:10BC240003F11008D0E69A104FF001087B6808FA77
:10BC340002F21A437A6070E702EB08014942C1F349
:10BC44000B0A51462046009200F0D2F8431CDDE96D
:10BC540000237FF4EFAEDA46EFE6542B25D8130B1E
:10BC640003F16F01C9006E3344E7B3F5AA7F25D809
:10BC7400F30B03F1780003F1770CC300EAE5294BD9
:10BC8400186840441860B1E6CAF30B0CBCF1000F0D
:10BC94007FF4ACAEBD68C84448F001006860F0E6CB
:10BCA4001546EEE60123536094E7B3F5AA7F23D843
:10BCB400D30B03F17801C90077331BE740F25452E8
:10BCC400934223D8B30C03F17D0003F17C0CC30031
:10BCD400C0E5ABF1080BD844A8EB02084FF0000A0A
:10BCE400ABE605F108012046009300F055F9BD6864
:10BCF400009B68681968C4E640F254518B420BD823
:10BD0400930C03F17D01C9007C33F3E64FF47E7399
:10BD14007F204FF07E0C9DE54FF47E717E23E9E693
:10BD24007B6870E71C210020014800F09DB800BF2B
:10BD340018210020014800F099B800BF1821002004
:10BD4400830730B548D0541E002A3FD0CAB20346F8
:10BD540001E0013C3AD303F8012B9D07F9D1032CF0
:10BD64002DD9CDB245EA05250F2C45EA054536D92E
:10BD7400A4F1100222F00F0C03F1200EE6444FEA66
:10BD8400121C03F1100242E9045542E90255103233
:10BD94007245F8D10CF1010214F00C0F03EB0212FE
:10BDA40004F00F0C13D0ACF1040323F003030433A9
:10BDB400134442F8045B9342FBD10CF003042CB10E
:10BDC400C9B21C4403F8011B9C42FBD130BD64463C
:10BDD4001346002CF4D1F9E703461446BFE71A468C
:10BDE400A446E0E713460A460146022000F040B8A4
:10BDF40038B5074D0022044608462A60FDF78CF941
:10BE0400431C00D038BD2B68002BFBD0236038BD09
:10BE14005C230020014B1868704700BFB411002058
:10BE240070B50D4E0D4D761BB61006D0002455F896
:10BE3400043B01349847A642F9D1094E094D761BBB
:10BE440000F0B2F9B61006D0002455F8043B0134D2
:10BE54009847A642F9D170BD001C0060001C006028
:10BE6400101C0060001C0060704700BF704700BFDA
:10BE74002DE9F047DFF87CA00646DAF80000984682
:10BE84000F469146FFF7F0FF184B1C6824B3656812
:10BE94001F2D24DC5EB96B1C0235DAF800006360E8
:10BEA40044F82570FFF7E2FF0020BDE8F08704EBBB
:10BEB40085010123C1F88890D4F88821AB401A4346
:10BEC400022EC4F88821C1F80881E4D1D4F88C2169
:10BED4001A43C4F88C21DEE7054C1C60D7E7DAF876
:10BEE4000000FFF7C3FF4FF0FF30DEE7801F0020A4
:10BEF400841F0020980D0020F8B5244F0C460646F8
:10BF0400FFF712FFBB685D68C4F57E610F3125F051
:10BF140003054B1923F47F6323F00F03A3F5805427
:10BF2400B4F5805F07DB00213046FFF761FFBB6893
:10BF34002B44984204D03046FFF7FCFE0020F8BDA5
:10BF440061423046FFF754FF01300DD0104ABB6800
:10BF54002D1B45F001055D60136830461B1B136003
:10BF6400FFF7E8FE0120F8BD00213046FFF740FF4F
:10BF7400BA68831A0F2BDEDD43F001035360054BCF
:10BF840003491B68C01A0860D5E700BFA40D002050
:10BF94001C210020AC110020002961D0F8B50C460A
:10BFA4000646FFF7C1FE54F8042C7B4FA4F10805A4
:10BFB40022F0010105EB010CB868DCF8043060459F
:10BFC40023F0030300F08B80D207CCF8043032D482
:10BFD40054F8082CAD1A1144AA6807F108008242EB
:10BFE4006AD00CEB0304D4F804E0EC68D4601EF0CF
:10BFF400010FA26000F0978041F001036B60CCF860
:10C004000010B1F5007F35D27868CB0801224909C8
:10C0140001338A40024357F833107A6007EBC302B6
:10C02400083AC5E9021247F83350CD603046BDE8FE
:10C03400F840FFF77FBE0CEB03025268D00710D420
:10C04400194407F10800DCF80830834273D0DCF8A7
:10C054000C20DA60936041F001036B606950D0E713
:10C06400704741F00103B1F5007F44F8043CCCF87B
:10C074000010C9D3B1F5206F4FEA512348D28B0980
:10C0840003F1390003F13802C300F818FB580838EB
:10C09400984259D05A6822F003028A4202D99B6816
:10C0A4009842F7D1D868C5E902308560DD60304632
:10C0B400BDE8F840FFF73EBE0CEB03025268D2071E
:10C0C40063D40B44DCE90212CA60916043F00102BC
:10C0D4006A603046EB50BDE8F840FFF72BBE0B44D6
:10C0E400D10707D454F8082CAD1A1344D5E9021229
:10C0F400CA60916043F001026A60284ABD60126818
:10C104009A4293D8264B30461968FFF7F5FE8DE71F
:10C11400142B0AD9542B1FD80B0B03F16F0003F116
:10C124006E02C300B1E719448DE703F15C0003F12B
:10C134005B02C300A9E741F00103C7E90455C5E95F
:10C1440002006B60695071E779689210012404FA67
:10C1540002F20A437A60A6E7B3F5AA7F06D8CB0BAE
:10C1640003F1780003F17702C3008EE740F25452E2
:10C17400934206D88B0C03F17D0003F17C02C300CB
:10C1840083E74FF47E737E227FE741F001036B6007
:10C19400CCF800104AE700BFA40D0020B011002025
:10C1A4004C210020000000005FF800F0A11B00609B
:10C1B4005FF800F0691600605FF800F01516006083
:10C1C4005FF800F04D1B006000000000000000005C
:04C1D400F8B500BFFB
:08C1D80034EAFF7F01000000C2
:10C1E000000000000000000000000000000000004F
:10C1F000000000000000000000000000000000003F
:10C20000000000000000000000000000000000002E
:10C21000000000000000000000000000000000001E
:10C22000000000000000000000000000000000000E
:10C2300000000000000000000000000000000000FE
:10C2400000000000000000000000000000000000EE
:10C2500000000000000000000000000000000000DE
:10C2600000000000000000000000000000000000CE
:10C2700000000000000000000000000000000000BE
:10C2800000000000000000000000000000000000AE
:10C29000000000000000000000000000000000009E
:10C2A000000000000000000000000000000000008E
:10C2B000000000000000000000000000000000007E
:10C2C000000000000000000000000000000000006E
:10C2D000000000000000000000000000000000005E
:10C2E000000000000000000000000000000000004E
:10C2F000000000000000000000000000000000003E
:10C30000000000000000000000000000000000002D
:10C31000000000000000000000000000000000001D
:10C32000000000000000000000000000000000000D
:10C3300000000000000000000000000000000000FD
:10C3400000000000000000000000000000000000ED
:10C3500000000000000000000000000000000000DD
:10C3600000000000000000000000000000000000CD
:10C3700000000000000000000000000000000000BD
:10C3800000000000000000000000000000000000AD
:10C39000000000000000000000000000000000009D
:10C3A000000000000000000000000000000000008D
:10C3B000000000000000000000000000000000007D
:10C3C000000000000000000000000000000000006D
:10C3D000000000000000000000000000000000005D
:10C3E000000000000000000000000000000000004D
:10C3F000000000000000000000000000000000003D
:10C40000000000000000000000000000000000002C
:10C41000000000000000000000000000000000001C
:10C42000000000000000000000000000000000000C
:10C4300000000000000000000000000000000000FC
:10C4400000000000000000000000000000000000EC
:10C4500000000000000000000000000000000000DC
:10C46000000000000000F03F748515D3B0D9EF3F05
:10C470000F89F96C58B5EF3F515B12D00193EF3F34
:10C480007B517D3CB872EF3FAAB968318754EF3FCA
:10C490003862756E7A38EF3FE1DE1FF59D1EEF3F83
:10C4A00015B7310AFE06EF3FCBA93A37A7F1EE3FA9
:10C4B0002234124CA6DEEE3F2D89616008CEEE3F9D
:10C4C000272A36D5DABFEE3F824F9D562BB4EE3F7A
:10C4D000295448DD07ABEE3F85553AB07EA4EE3FC8
:10C4E000CD3B7F669EA0EE3F745FECE8759FEE3F0C
:10C4F0008701EB7314A1EE3F13CE4C9989A5EE3F53
:10C50000DBA02A42E5ACEE3FE5C5CDB037B7EE3F44
:10C5100090F0A38291C4EE3F5D253EB203D5EE3F7D
:10C52000ADD35A999FE8EE3F475EFBF276FFEE3FB0
:10C530009C5285DD9B19EF3F6990EFDC2037EF3F80
:10C5400087A4FBDC1858EF3F5F9B7B33977CEF3F62
:10C55000DA90A4A2AFA4EF3F40456E5B76D0EF3FE8
:10C56000000000000000E8429423914BF86AAC3FC1
:10C57000F3C4FA50CEBFCE3FD6520CFF422EE63F58
:10C580000000000000003843FE822B65471547403D
:10C590009423914BF86ABC3EF3C4FA50CEBF2E3FB1
:10C5A000D6520CFF422E963FBEF3F879EC61F63F6F
:10C5B0001930965BC6FEDEBF3D88AF4AED71F53F90
:10C5C000A4FCD432680BDBBFB010F0F03995F43F17
:10C5D0007BB71F0A8B41D7BF8503B8B095C9F33F1E
:10C5E0007BCF6D1AE99DD3BFA564880C190DF33F6D
:10C5F00031B6F2F39B1DD0BFA08E0B7B225EF23FC3
:10C60000F07A3B1B1D7CC9BF3F341A4A4ABBF13F3D
:10C610009F3CAF93E3F9C2BFBAE58AF05823F13FDC
:10C620005C8D78BFCB60B9BFA70099413F95F03FC3
:10C63000CE5F47B69D6FAABF000000000000F03F2C
:10C640000000000000000000AC479AFD8C60EE3F47
:10C650003DF5249FCA38B33FA06A021FB3A4EC3F44
:10C66000BA913854A976C43FE6FC6A573620EB3FAE
:10C67000D2E4C44A0B84CE3F2DAAA163D1C2E93FC4
:10C680001C65C6F04506D43FED417803E686E83FD9
:10C69000F89F1B2C9C8ED83F624853F5DC67E73F20
:10C6A000CC7BB14EA4E0DC3F4D7E0AF7B612D7BF7B
:10C6B000E0326849BFCADE3FDEE3FA9F4715E7BFB5
:10C6C000B8C8355F4715F73FBEF3F879EC61F63F20
:10C6D0001930965BC6FEDEBF3D88AF4AED71F53F6F
:10C6E000A4FCD432680BDBBFB010F0F03995F43FF6
:10C6F0007BB71F0A8B41D7BF8503B8B095C9F33FFD
:10C700007BCF6D1AE99DD3BFA564880C190DF33F4B
:10C7100031B6F2F39B1DD0BFA08E0B7B225EF23FA1
:10C72000F07A3B1B1D7CC9BF3F341A4A4ABBF13F1C
:10C730009F3CAF93E3F9C2BFBAE58AF05823F13FBB
:10C740005C8D78BFCB60B9BFA70099413F95F03FA2
:10C75000CE5F47B69D6FAABF000000000000F03F0B
:10C760000000000000000000AC479AFD8C60EE3F26
:10C770003DF5249FCA38B33FA06A021FB3A4EC3F23
:10C78000BA913854A976C43FE6FC6A573620EB3F8D
:10C79000D2E4C44A0B84CE3F2DAAA163D1C2E93FA3
:10C7A0001C65C6F04506D43FED417803E686E83FB8
:10C7B000F89F1B2C9C8ED83F624853F5DC67E73FFF
:10C7C000CC7BB14EA4E0DC3F0B6E49C91676D23F5C
:10C7D0007AC675A06919D7BFDDBAA76C0AC7DE3F54
:10C7E000C8F6BE484715E7BF2BB82A654715F73F7F
:10C7F000000000000000F03F000000000000F0BF5B
:10C80000000000000000F0BF000000000000F03F4A
:10C8100083C8C96D305F6441182D4454FB21F93F32
:10C82000000000000000F03F1C620CFDFFFFDFBFB6
:10C83000198F06E15355A53F9D359AE887C056BF2D
:10C84000C3F87B024393F93E03A695595455C5BFDF
:10C85000C40B23057610813F24CF7437EB9429BF96
:10C86000000000000000F03F000000000000F0BFEA
:10C87000000000000000F0BF000000000000F03FDA
:10C8800083C8C96D305F6441182D4454FB21F93FC2
:10C89000000000000000F0BF1C620CFDFFFFDF3F46
:10C8A000198F06E15355A5BF9D359AE887C0563FBD
:10C8B000C3F87B024393F9BE03A695595455C5BFEF
:10C8C000C40B23057610813F24CF7437EB9429BF26
:10C8D0003333B33ECDCC4C3E295C8F3E9A99993E82
:10C8E0000000803ECDCC0C3F3333B33E000000004F
:10C8F000CDCC4C3F00000000000000000000000014
:10C90000000000000000803F000000000000000068
:10C9100000002043000070430000B4433BDF7F3F32
:10C920003BDF7F3F3BDF7F3FCDCC4C3F6666E63E43
:10C9300000000000000000000000000000000000F7
:10C9400000000000000000000000204300007043D1
:10C950000000B4433BDF7F3F3BDF7F3F3BDF7F3F58
:10C9600000000000010000000300000002000000C1
:10C97000000000000E0F101112130000E162000011
:10C98000E5620000E9620000ED62000000000000C6
:10C9900000000000BD730000000000000000000067
:10C9A000356500008D7D0000897D0000857D0000DB
:10C9B000817D00007D7D0000797D0000757D000097
:10C9C0000000000000000000815B0000000000008B
:10C9D000000000005D250000AE47613E8FC2F53EBD
:10C9E0000AD7A33E3333333FCDCCCC3ECDCC4C3EE7
:10C9F00014AE473F8FC2F53D0000403FC3F5A83E4F
:10CA0000CDCCAC3FEC51383E290100002D01000097
:10CA1000350100003D010000A2000000F9A2000065
:10CA200083F9A2006E83F9A24E6E83F9444E6E83A1
:10CA300015444E6E2915444EFC29154427FC291532
:10CA40005727FC29D15727FCF5D1572734F5D15763
:10CA5000DD34F5D1C0DD34F5DBC0DD3462DBC0DDB3
:10CA60009562DBC0999562DB3C999562433C999550
:10CA700090433C994190433C00000042C8801F40D5
:10CA8000B8821F400800000000000042C4801F4020
:10CA9000B4821F400400000000C0004224801F40F8
:10CAA00014821F401000000000C0004228801F4078
:10CAB00018821F402000000000C000422C801F4050
:10CAC0001C821F404000000000C0004234801F4014
:10CAD00024821F40000100000040004264811F408A
:10CAE00054831F40000400000040004280811F402A
:10CAF00070831F4000000200004000427C811F4004
:10CB00006C831F40000001000040004268811F400C
:10CB100058831F4000080000004000423C811F4035
:10CB20002C831F40010000000040004244811F4050
:10CB300034831F40040000000040004240811F4039
:10CB400030831F40020000000040004248811F4027
:10CB500038831F40080000000000004204811F408D
:10CB6000F4821F40000004000000004208811F40C2
:10CB7000F8821F40000008000000004218811F409A
:10CB800008831F40000080000000004214811F4005
:10CB900004831F40000040000000004200811F404D
:10CBA000F0821F400000020000000042FC801F4095
:10CBB000EC821F40000001000000004224811F4061
:10CBC00014831F40000000040000004228811F4021
:10CBD00018831F4000000008000000421C811F4015
:10CBE0000C831F40000000010000004220811F4014
:10CBF00010831F400000000200000042EC801F4034
:10CC0000DC821F400010000000000042F0801F4046
:10CC1000E0821F40002000000000004234811F40DD
:10CC200024831F40000000400000004238811F4064
:10CC300028831F40000000800080004294801F4035
:10CC400084821F400000040000C0004290801F400A
:10CC500080821F400000008000800042A8801F40AA
:10CC600098821F400000800000800042A4801F4086
:10CC700094821F4000004000004000426C811F4031
:10CC80005C831F400010000000C0004230801F4045
:10CC900020821F408000000000800042C8811F40A9
:10CCA000B8831F400080000000800042C4811F4004
:10CCB000B4831F400040000000800042C0811F403C
:10CCC000B0831F400020000000800042BC811F4054
:10CCD000AC831F400010000000800042D0811F4044
:10CCE000C0831F400000020000800042CC811F4032
:10CCF000BC831F400000010007080C0B06050F0055
:10CD00000D0E0102838407080C0B06050F000D0EA3
:10CD100001028384010100040100000401320101C9
:10CD20000132020101100101011101010112010290
:10CD300001030206010301060112020202000001C2
:10CD400002020001020100010210000102220001A2
:10CD50000223000100000000000000000221000189
:10CD6000022000010000000000000000013001016D
:10CD70000131010101020004010300040000000070
:10CD8000000000000121020101210101000000005A
:10CD9000000000000000000001100201010102017A
:10CDA0000101010101000201010001010102020172
:10CDB0000102010150756C7361724F535F34302072
:10CDC000726561647900000000010000B811002064
:10CDD0001200000000060000881D00600A0000002C
:10CDE00000020000F01C0060950000000007000039
:10CDF000581C00609500000000030000541C0060F7
:10CE00000000000001030904301C00600000000065
:10CE100002030904101C0060000000000303090461
:10CE2000741400200000000000000000000000005A
:10CE30000000000000000000000000005021002061
:10CE4000B821002020220020000000000000000087
:10CE500000000000000000000000000000000000D2
:10CE600000000000000000000000000000000000C2
:10CE700000000000000000000000000000000000B2
:10CE800000000000000000000000000000000000A2
:10CE90000000000000000000000000000000000092
:10CEA0000000000000000000000000000000000082
:10CEB0000000000000000000000000000000000072
:10CEC0000000000000000000000000000000000062
:10CED00001000000000000000E33CDAB34126DE6FF
:10CEE000ECDE05000B000000000000000000000068
:10CEF0000000000000000000000000000000000032
:10CF00000000000000000000000000000000000021
:10CF10000000000000000000000000000000000011
:10CF20000000000000000000000000000000000001
:10CF300000000000000000000000000000000000F1
:10CF400000000000000000000000000000000000E1
:10CF500000000000000000000029DE07007B9A1797
:10CF6000C007002000000000E803000000000000EF
:10CF7000FFFFFFFF3C4043001421002020EF202052
:10CF8000000000000000000000000000A40D0020D0
:10CF9000A40D0020AC0D0020AC0D0020B40D00202D
:10CFA000B40D0020BC0D0020BC0D0020C40D0020DD
:10CFB000C40D0020CC0D0020CC0D0020D40D00208D
:10CFC000D40D0020DC0D0020DC0D0020E40D00203D
:10CFD000E40D0020EC0D0020EC0D0020F40D0020ED
:10CFE000F40D0020FC0D0020FC0D0020040E00209C
:10CFF000040E00200C0E00200C0E0020140E002049
:10D00000140E00201C0E00201C0E0020240E0020F8
:10D01000240E00202C0E00202C0E0020340E0020A8
:10D02000340E00203C0E00203C0E0020440E002058
:10D03000440E00204C0E00204C0E0020540E002008
:10D04000540E00205C0E00205C0E0020640E0020B8
:10D05000640E00206C0E00206C0E0020740E002068
:10D06000740E00207C0E00207C0E0020840E002018
:10D07000840E00208C0E00208C0E0020940E0020C8
:10D08000940E00209C0E00209C0E0020A40E002078
:10D09000A40E0020AC0E0020AC0E0020B40E002028
:10D0A000B40E0020BC0E0020BC0E0020C40E0020D8
:10D0B000C40E0020CC0E0020CC0E0020D40E002088
:10D0C000D40E0020DC0E0020DC0E0020E40E002038
:10D0D000E40E0020EC0E0020EC0E0020F40E0020E8
:10D0E000F40E0020FC0E0020FC0E0020040F002097
:10D0F000040F00200C0F00200C0F0020140F002044
:10D10000140F00201C0F00201C0F0020240F0020F3
:10D11000240F00202C0F00202C0F0020340F0020A3
:10D12000340F00203C0F00203C0F0020440F002053
:10D13000440F00204C0F00204C0F0020540F002003
:10D14000540F00205C0F00205C0F0020640F0020B3
:10D15000640F00206C0F00206C0F0020740F002063
:10D16000740F00207C0F00207C0F0020840F002013
:10D17000840F00208C0F00208C0F0020940F0020C3
:10D18000940F00209C0F00209C0F0020A40F002073
:10D19000A40F0020AC0F0020AC0F0020B40F002023
:10D1A000B40F0020BC0F0020BC0F0020C40F0020D3
:10D1B000C40F0020CC0F0020CC0F0020D40F002083
:10D1C000D40F0020DC0F0020DC0F0020E40F002033
:10D1D000E40F0020EC0F0020EC0F0020F40F0020E3
:10D1E000F40F0020FC0F0020FC0F00200410002092
:10D1F000041000200C1000200C100020141000203F
:10D20000141000201C1000201C10002024100020EE
:10D21000241000202C1000202C100020341000209E
:10D22000341000203C1000203C100020441000204E
:10D23000441000204C1000204C10002054100020FE
:10D24000541000205C1000205C10002064100020AE
:10D25000641000206C1000206C100020741000205E
:10D26000741000207C1000207C100020841000200E
:10D27000841000208C1000208C10002094100020BE
:10D28000941000209C1000209C100020A41000206E
:10D29000A4100020AC100020AC100020B41000201E
:10D2A000B4100020BC100020BC100020C4100020CE
:10D2B000C4100020CC100020CC100020D41000207E
:10D2C000D4100020DC100020DC100020E41000202E
:10D2D000E4100020EC100020EC100020F4100020DE
:10D2E000F4100020FC100020FC100020041100208D
:10D2F000041100200C1100200C110020141100203A
:10D30000141100201C1100201C11002024110020E9
:10D31000241100202C1100202C1100203411002099
:10D32000341100203C1100203C1100204411002049
:10D33000441100204C1100204C11002054110020F9
:10D34000541100205C1100205C11002064110020A9
:10D35000641100206C1100206C1100207411002059
:10D36000741100207C1100207C1100208411002009
:10D37000841100208C1100208C11002094110020B9
:10D38000941100209C1100209C110020FFFFFFFF42
:10D3900000000200580C002012010002EF020140C0
:10D3A000C0168B0401030102030100003D6C000064
:10D3B0003D6C00003D6C00003D6C00003D6C0000C9
:10D3C0003D6C00003D6C00003D6C00003D6C0000B9
:10D3D0003D6C00003D6C00003D6C00003D6C0000A9
:10D3E0003D6C00003D6C00003D6C00003D6C000099
:10D3F0003D6C00003D6C00003D6C00003D6C000089
:10D400003D6C00003D6C00003D6C00003D6C000078
:10D410003D6C00003D6C00003D6C00003D6C000068
:10D420003D6C00003D6C00003D6C00003D6C000058
:10D430003D6C00003D6C00003D6C00003D6C000048
:10D440003D6C00003D6C00003D6C00003D6C000038
:10D450003D6C00003D6C00003D6C00003D6C000028
:10D460003D6C00003D6C00003D6C00003D6C000018
:10D470003D6C00003D6C00003D6C00003D6C000008
:10D480003D6C00003D6C00003D6C00003D6C0000F8
:10D490003D6C00003D6C00003D6C00003D6C0000E8
:10D4A0003D6C00003D6C00003D6C00003D6C0000D8
:10D4B0003D6C00003D6C00003D6C00003D6C0000C8
:10D4C0003D6C00003D6C00003D6C00003D6C0000B8
:10D4D0003D6C00003D6C00003D6C00003D6C0000A8
:10D4E0003D6C00003D6C00003D6C00003D6C000098
:10D4F0003D6C00003D6C00003D6C00003D6C000088
:10D500003D6C00003D6C00003D6C00003D6C000077
:10D510003D6C00003D6C00003D6C00003D6C000067
:10D520003D6C00003D6C00003D6C00003D6C000057
:10D530003D6C00003D6C00003D6C00003D6C000047
:10D540003D6C00003D6C00003D6C00003D6C000037
:10D550003D6C00003D6C00003D6C00003D6C000027
:10D560003D6C00003D6C00003D6C00003D6C000017
:10D570003D6C00003D6C00003D6C00003D6C000007
:10D580003D6C00003D6C00003D6C00003D6C0000F7
:10D590003D6C00003D6C00003D6C00003D6C0000E7
:10D5A0003D6C00003D6C00003D6C0000FFFFFFFF84
:10D5B000FFFFFFFFFFFFFFFF0000000080000000F3
:10D5C0003333B33ECDCC4C3E9A99993E9A99993ECD
:10D5D0003333B33ECDCC0C3F8FC2F53D0000003F4E
:10D5E0000000003F0000003F0000003F0000003F3F
:10D5F0000000003F0000003F0000003F0000003F2F
:10D600000000003F0000003F0000003F0000003F1E
:10D610000000803E9A99993ECDCCCC3E0000803EE1
:10D620006666E63E0000003F0000003F88220020C2
:10D630000000000000000000B422002000000000F4
:10D6400000000000E02200200000000000000000B8
:10D65000FFFFFF000C0300000000000000000000BE
:10D6600000000000000000000000D501FFFF083CA2
:10D6700000000000000000000000000000000000AA
:10D68000000000000000000000000000000000009A
:10D69000000000000000000000000000000000008A
:10D6A000000000000000000000000000000000007A
:10D6B000000000000000000000000000000000006A
:10D6C000000000000000000000000000000000005A
:10D6D000000000000000000000000000000000004A
:10D6E000000000000000000000000000000000003A
:10D6F000000000000000000000000000000000002A
:10D700000000000000000000000000000000000019
:10D710000000000000000000000000000000000009
:10D7200000000000000000000000000000000000F9
:10D7300000000000000000000000000000000000E9
:10D7400000000000000000000000000000000000D9
:10D7500000000000000000000000000000000000C9
:10D7600000000000000000000000000000000000B9
:10D7700000000000000000000000000000000000A9
:10D780000000000000000000000000000000000099
:10D790000000000000000000000000000000000089
:10D7A0000000000000000000000000000000000079
:10D7B0000000000000000000000000000000000069
:10D7C0000000000000000000000000000000000059
:10D7D0000000000000000000000000000000000049
:10D7E0000000000000000000000000000000000039
:10D7F0000000000000000000000000000000000029
:10D800000000000000000000000000000000000018
:10D810000000000000000000000000000000000008
:10D8200000000000000000000000000000000000F8
:10D8300000000000000000000000000000000000E8
:10D8400000000000000000000000000000000000D8
:10D8500000000000000000000000000000000000C8
:10D8600000000000000000000000000000000000B8
:10D8700000000000000000000000000000000000A8
:10D880000000000000000000000000000000000098
:10D890000000000000000000000000000000000088
:10D8A0000000000000000000000000000000000078
:10D8B0000000000000000000000000000000000068
:10D8C0000000000000000000000000000000000058
:10D8D0000000000000000000000000000000000048
:10D8E0000000000000000000000000000000000038
:10D8F0000000000000000000000000000000000028
:10D900000000000000000000000000000000000017
:10D910000000000000000000000000000000000007
:10D9200000000000000000000000000000000000F7
:10D9300000000000000000000000000000000000E7
:10D9400000000000000000000000000000000000D7
:10D9500000000000000000000000000000000000C7
:10D9600000000000000000000000000000000000B7
:10D9700000000000000000000000000000000000A7
:10D980000000000000000000000000000000000097
:10D990000000000000000000000000000000000087
:10D9A0000000000000000000000000000000000077
:10D9B0000000000000000000000000000000000067
:10D9C0000000000000000000000000000000000057
:10D9D0000000000000000000000000000000000047
:10D9E0000000000000000000000000000000000037
:10D9F0000000000000000000000000000000000027
:10DA00000000000000000000000000000000000016
:10DA10000000000000000000000000000000000006
:10DA200000000000000000000000000000000000F6
:10DA300000000000000000000000000000000000E6
:10DA400000000000000000000000000000000000D6
:10DA500000000000000000000000000000000000C6
:10DA600000000000000000000000000000000000B6
:10DA700000000000000000000000000000000000A6
:10DA80000000000000000000000000000000000096
:10DA90000000000000000000000000000000000086
:10DAA0000000000000000000000000000000000076
:10DAB0000000000000000000000000000000000066
:10DAC0000000000000000000000000000000000056
:10DAD0000000000000000000000000000000000046
:10DAE0000000000000000000000000000000000036
:10DAF0000000000000000000000000000000000026
:10DB00000000000000000000000000000000000015
:10DB10000000000000000000000000000000000005
:10DB200000000000000000000000000000000000F5
:10DB300000000000000000000000000000000000E5
:10DB400000000000000000000000000000000000D5
:10DB500000000000000000000000000000000000C5
:10DB600000000000000000000000000000000000B5
:10DB700000000000000000000000000000000000A5
:10DB80000000000000000000000000000000000095
:10DB90000000000000000000000000000000000085
:10DBA0000000000000000000000000000000000075
:10DBB0000000000000000000000000000000000065
:10DBC0000000000000000000000000000000000055
:10DBD0000000000000000000000000000000000045
:10DBE0000000000000000000000000000000000035
:10DBF0000000000000000000000000000000000025
:10DC00000000000000000000000000000000000014
:10DC10000000000000000000000000000000000004
:10DC200000000000000000000000000000000000F4
:10DC300000000000000000000000000000000000E4
:10DC400000000000000000000000000000000000D4
:10DC500000000000000000000000000000000000C4
:10DC600000000000000000000000000000000000B4
:10DC700000000000000000000000000000000000A4
:10DC80000000000000000000000000000000000094
:10DC90000000000000000000000000000000000084
:10DCA000FFFFFFFFFFFFFFFFFFFFFFFFFFFFFFFF84
:10DCB000FFFFFFFFFFFFFFFFFFFFFFFFFFFFFFFF74
:10DCC000FFFFFFFFFFFFFFFFFFFFFFFFFFFFFFFF64
:10DCD000FFFFFFFFFFFFFFFFFFFFFFFFFFFFFFFF54
:10DCE000FFFFFFFFFFFFFFFFFFFFFFFFFFFFFFFF44
:10DCF000FFFFFFFFFFFFFFFFFFFFFFFFFFFFFFFF34
:10DD0000FFFFFFFFFFFFFFFFFFFFFFFFFFFFFFFF23
:10DD1000FFFFFFFFFFFFFFFFFFFFFFFFFFFFFFFF13
:10DD2000FFFFFFFFFFFFFFFFFFFFFFFFFFFFFFFF03
:10DD3000FFFFFFFFFFFFFFFFFFFFFFFFFFFFFFFFF3
:10DD4000FFFFFFFFFFFFFFFFFFFFFFFFFFFFFFFFE3
:10DD5000FFFFFFFFFFFFFFFFFFFFFFFFFFFFFFFFD3
:10DD6000FFFFFFFFFFFFFFFFFFFFFFFFFFFFFFFFC3
:10DD7000FFFFFFFFFFFFFFFFFFFFFFFFFFFFFFFFB3
:10DD8000FFFFFFFFFFFFFFFFFFFFFFFFFFFFFFFFA3
:10DD9000FFFFFFFFFFFFFFFFFFFFFFFFFFFFFFFF93
:10DDA000FFFFFFFFFFFFFFFFFFFFFFFFFFFFFFFF83
:10DDB000FFFFFFFFFFFFFFFFFFFFFFFFFFFFFFFF73
:10DDC000FFFFFFFFFFFFFFFFFFFFFFFFFFFFFFFF63
:10DDD000FFFFFFFFFFFFFFFFFFFFFFFFFFFFFFFF53
:10DDE000FFFFFFFFFFFFFFFFFFFFFFFFFFFFFFFF43
:10DDF000FFFFFFFFFFFFFFFFFFFFFFFFFFFFFFFF33
:10DE0000FFFFFFFFFFFFFFFFFFFFFFFFFFFFFFFF22
:10DE1000FFFFFFFFFFFFFFFFFFFFFFFFFFFFFFFF12
:10DE2000FFFFFFFFFFFFFFFFFFFFFFFFFFFFFFFF02
:10DE3000FFFFFFFFFFFFFFFFFFFFFFFFFFFFFFFFF2
:10DE4000FFFFFFFFFFFFFFFFFFFFFFFFFFFFFFFFE2
:10DE5000FFFFFFFFFFFFFFFFFFFFFFFFFFFFFFFFD2
:10DE6000FFFFFFFFFFFFFFFFFFFFFFFFFFFFFFFFC2
:10DE7000FFFFFFFFFFFFFFFFFFFFFFFFFFFFFFFFB2
:10DE8000FFFFFFFFFFFFFFFFFFFFFFFFFFFFFFFFA2
:10DE9000FFFFFFFFFFFFFFFFFFFFFFFFFFFFFFFF92
:10DEA000FFFFFFFFFFFFFFFFFFFFFFFFFFFFFFFF82
:10DEB000FFFFFFFFFFFFFFFFFFFFFFFFFFFFFFFF72
:10DEC000FFFFFFFFFFFFFFFFFFFFFFFFFFFFFFFF62
:10DED000FFFFFFFFFFFFFFFFFFFFFFFFFFFFFFFF52
:10DEE000FFFFFFFFFFFFFFFFFFFFFFFFFFFFFFFF42
:10DEF000FFFFFFFFFFFFFFFFFFFFFFFFFFFFFFFF32
:10DF0000FFFFFFFFFFFFFFFFFFFFFFFFFFFFFFFF21
:10DF1000FFFFFFFFFFFFFFFFFFFFFFFFFFFFFFFF11
:10DF2000FFFFFFFFFFFFFFFFFFFFFFFFFFFFFFFF01
:10DF3000FFFFFFFFFFFFFFFFFFFFFFFFFFFFFFFFF1
:10DF4000FFFFFFFFFFFFFFFFFFFFFFFFFFFFFFFFE1
:10DF5000FFFFFFFFFFFFFFFFFFFFFFFFFFFFFFFFD1
:10DF6000FFFFFFFFFFFFFFFFFFFFFFFFFFFFFFFFC1
:10DF7000FFFFFFFFFFFFFFFFFFFFFFFFFFFFFFFFB1
:10DF8000FFFFFFFFFFFFFFFFFFFFFFFFFFFFFFFFA1
:10DF9000FFFFFFFFFFFFFFFFFFFFFFFFFFFFFFFF91
:10DFA000FFFFFFFFFFFFFFFFFFFFFFFFFFFFFFFF81
:10DFB000FFFFFFFFFFFFFFFFFFFFFFFFFFFFFFFF71
:10DFC000FFFFFFFFFFFFFFFFFFFFFFFFFFFFFFFF61
:10DFD000FFFFFFFFFFFFFFFFFFFFFFFFFFFFFFFF51
:10DFE000FFFFFFFFFFFFFFFFFFFFFFFFFFFFFFFF41
:10DFF000FFFFFFFFFFFFFFFFFFFFFFFFFFFFFFFF31
:10E000000000000000000000000000000000000010
:10E010000000000000000000000000000000000000
:10E0200000000000000000000000000000000000F0
:10E0300000000000000000000000000000000000E0
:10E0400000000000000000000000000000000000D0
:10E0500000000000000000000000000000000000C0
:10E0600000000000000000000000000000000000B0
:10E0700000000000000000000000000000000000A0
:10E080000000000000000000000000000000000090
:10E090000000000000000000000000000000000080
:10E0A0000000000000000000000000000000000070
:10E0B0000000000000000000000000000000000060
:10E0C0000000000000000000000000000000000050
:10E0D0000000000000000000000000000000000040
:10E0E0000000000000000000000000000000000030
:10E0F0000000000000000000000000000000000020
:10E10000000000000000000000000000000000000F
:10E1100000000000000000000000000000000000FF
:10E1200000000000000000000000000000000000EF
:10E1300000000000000000000000000000000000DF
:10E1400000000000000000000000000000000000CF
:10E1500000000000000000000000000000000000BF
:10E1600000000000000000000000000000000000AF
:10E17000000000000000000000000000000000009F
:10E18000000000000000000000000000000000008F
:10E19000000000000000000000000000000000007F
:10E1A000000000000000000000000000000000006F
:10E1B000000000000000000000000000000000005F
:10E1C000000000000000000000000000000000004F
:10E1D000000000000000000000000000000000003F
:10E1E000000000000000000000000000000000002F
:10E1F000000000000000000000000000000000001F
:10E20000000000000000000000000000000000000E
:10E2100000000000000000000000000000000000FE
:10E2200000000000000000000000000000000000EE
:10E2300000000000000000000000000000000000DE
:10E2400000000000000000000000000000000000CE
:10E2500000000000000000000000000000000000BE
:10E2600000000000000000000000000000000000AE
:10E27000000000000000000000000000000000009E
:10E28000000000000000000000000000000000008E
:10E29000000000000000000000000000000000007E
:10E2A000000000000000000000000000000000006E
:10E2B000000000000000000000000000000000005E
:10E2C000000000000000000000000000000000004E
:10E2D000000000000000000000000000000000003E
:10E2E000000000000000000000000000000000002E
:10E2F000000000000000000000000000000000001E
:10E30000000000000000000000000000000000000D
:10E3100000000000000000000000000000000000FD
:10E3200000000000000000000000000000000000ED
:10E3300000000000000000000000000000000000DD
:10E3400000000000000000000000000000000000CD
:10E3500000000000000000000000000000000000BD
:10E3600000000000000000000000000000000000AD
:10E37000000000000000000000000000000000009D
:10E38000000000000000000000000000000000008D
:10E39000000000000000000000000000000000007D
:10E3A000000000000000000000000000000000006D
:10E3B000000000000000000000000000000000005D
:10E3C000000000000000000000000000000000004D
:10E3D000000000000000000000000000000000003D
:10E3E000000000000000000000000000000000002D
:10E3F000000000000000000000000000000000001D
:10E40000000000000000000000000000000000000C
:10E4100000000000000000000000000000000000FC
:10E4200000000000000000000000000000000000EC
:10E4300000000000000000000000000000000000DC
:10E4400000000000000000000000000000000000CC
:10E4500000000000000000000000000000000000BC
:10E4600000000000000000000000000000000000AC
:10E47000000000000000000000000000000000009C
:10E48000000000000000000000000000000000008C
:10E49000000000000000000000000000000000007C
:10E4A000000000000000000000000000000000006C
:10E4B000000000000000000000000000000000005C
:10E4C000000000000000000000000000000000004C
:10E4D000000000000000000000000000000000003C
:10E4E000000000000000000000000000000000002C
:10E4F000000000000000000000000000000000001C
:10E50000000000000000000000000000000000000B
:10E5100000000000000000000000000000000000FB
:10E5200000000000000000000000000000000000EB
:10E5300000000000000000000000000000000000DB
:10E5400000000000000000000000000000000000CB
:10E5500000000000000000000000000000000000BB
:10E5600000000000000000000000000000000000AB
:10E57000000000000000000000000000000000009B
:10E58000000000000000000000000000000000008B
:10E59000000000000000000000000000000000007B
:10E5A000000000000000000000000000000000006B
:10E5B000000000000000000000000000000000005B
:10E5C000000000000000000000000000000000004B
:10E5D000000000000000000000000000000000003B
:10E5E000000000000000000000000000000000002B
:10E5F000000000000000000000000000000000001B
:10E60000000000000000000000000000000000000A
:10E6100000000000000000000000000000000000FA
:10E6200000000000000000000000000000000000EA
:10E6300000000000000000000000000000000000DA
:10E6400000000000000000000000000000000000CA
:10E6500000000000000000000000000000000000BA
:10E6600000000000000000000000000000000000AA
:10E67000000000000000000000000000000000009A
:10E68000000000000000000000000000000000008A
:10E69000000000000000000000000000000000007A
:10E6A000000000000000000000000000000000006A
:10E6B000000000000000000000000000000000005A
:10E6C000000000000000000000000000000000004A
:10E6D000000000000000000000000000000000003A
:10E6E000000000000000000000000000000000002A
:10E6F000000000000000000000000000000000001A
:10E700000000000000000000000000000000000009
:10E7100000000000000000000000000000000000F9
:10E7200000000000000000000000000000000000E9
:10E7300000000000000000000000000000000000D9
:10E7400000000000000000000000000000000000C9
:10E7500000000000000000000000000000000000B9
:10E7600000000000000000000000000000000000A9
:10E770000000000000000000000000000000000099
:10E780000000000000000000000000000000000089
:10E790000000000000000000000000000000000079
:10E7A0000000000000000000000000000000000069
:10E7B0000000000000000000000000000000000059
:10E7C0000000000000000000000000000000000049
:10E7D0000000000000000000000000000000000039
:10E7E0000000000000000000000000000000000029
:10E7F0000000000000000000000000000000000019
:10E800000000000000000000000000000000000008
:10E8100000000000000000000000000000000000F8
:10E8200000000000000000000000000000000000E8
:10E8300000000000000000000000000000000000D8
:10E8400000000000000000000000000000000000C8
:10E8500000000000000000000000000000000000B8
:10E8600000000000000000000000000000000000A8
:10E870000000000000000000000000000000000098
:10E880000000000000000000000000000000000088
:10E890000000000000000000000000000000000078
:10E8A0000000000000000000000000000000000068
:10E8B0000000000000000000000000000000000058
:10E8C0000000000000000000000000000000000048
:10E8D0000000000000000000000000000000000038
:10E8E0000000000000000000000000000000000028
:10E8F0000000000000000000000000000000000018
:10E900000000000000000000000000000000000007
:10E9100000000000000000000000000000000000F7
:10E9200000000000000000000000000000000000E7
:10E9300000000000000000000000000000000000D7
:10E9400000000000000000000000000000000000C7
:10E9500000000000000000000000000000000000B7
:10E9600000000000000000000000000000000000A7
:10E970000000000000000000000000000000000097
:10E980000000000000000000000000000000000087
:10E990000000000000000000000000000000000077
:10E9A0000000000000000000000000000000000067
:10E9B0000000000000000000000000000000000057
:10E9C0000000000000000000000000000000000047
:10E9D0000000000000000000000000000000000037
:10E9E0000000000000000000000000000000000027
:10E9F0000000000000000000000000000000000017
:10EA00000000000000000000000000000000000006
:10EA100000000000000000000000000000000000F6
:10EA200000000000000000000000000000000000E6
:10EA300000000000000000000000000000000000D6
:10EA400000000000000000000000000000000000C6
:10EA500000000000000000000000000000000000B6
:10EA600000000000000000000000000000000000A6
:10EA70000000000000000000000000000000000096
:10EA80000000000000000000000000000000000086
:10EA90000000000000000000000000000000000076
:10EAA0000000000000000000000000000000000066
:10EAB0000000000000000000000000000000000056
:10EAC0000000000000000000000000000000000046
:10EAD0000000000000000000000000000000000036
:10EAE0000000000000000000000000000000000026
:10EAF0000000000000000000000000000000000016
:10EB00000000000000000000000000000000000005
:10EB100000000000000000000000000000000000F5
:10EB200000000000000000000000000000000000E5
:10EB300000000000000000000000000000000000D5
:10EB400000000000000000000000000000000000C5
:10EB500000000000000000000000000000000000B5
:10EB600000000000000000000000000000000000A5
:10EB70000000000000000000000000000000000095
:10EB80000000000000000000000000000000000085
:10EB90000000000000000000000000000000000075
:10EBA0000000000000000000000000000000000065
:10EBB0000000000000000000000000000000000055
:10EBC0000000000000000000000000000000000045
:10EBD0000000000000000000000000000000000035
:10EBE0000000000000000000000000000000000025
:10EBF0000000000000000000000000000000000015
:040000056000100087
:00000001FF
