:0200000460009A
:100000004643464200000156000000000103030081
:1000100000000000000000000000000000000000E0
:1000200000000000000000000000000000000000D0
:1000300000000000000000000000000000000000C0
:1000400000000000010408000000000000000000A3
:100050000000200000000000000000000000000080
:100060000000000000000000000000000000000090
:100070000000000000000000000000000000000080
:10008000EB04180A063204260000000000000000FD
:10009000050404240000000000000000000000002F
:1000A0000000000000000000000000000000000050
:1000B0000604000000000000000000000000000036
:1000C0000000000000000000000000000000000030
:1000D00020041808000000000000000000000000DC
:1000E0000000000000000000000000000000000010
:1000F0000000000000000000000000000000000000
:10010000D8041808000000000000000000000000F3
:100110000204180804200000000000000000000095
:1001200000000000000000000000000000000000CF
:10013000600400000000000000000000000000005B
:1001400000000000000000000000000000000000AF
:10015000000000000000000000000000000000009F
:10016000000000000000000000000000000000008F
:10017000000000000000000000000000000000007F
:10018000000000000000000000000000000000006F
:10019000000000000000000000000000000000005F
:1001A000000000000000000000000000000000004F
:1001B000000000000000000000000000000000003F
:1001C000000100000010000001000000000000001D
:1001D000000001000000000000000000000000001E
:1001E000000000000000000000000000000000000F
:1001F00000000000000000000000000000000000FF
:10020000FFFFFFFFFFFFFFFFFFFFFFFFFFFFFFFFFE
:10021000FFFFFFFFFFFFFFFFFFFFFFFFFFFFFFFFEE
:10022000FFFFFFFFFFFFFFFFFFFFFFFFFFFFFFFFDE
:10023000FFFFFFFFFFFFFFFFFFFFFFFFFFFFFFFFCE
:10024000FFFFFFFFFFFFFFFFFFFFFFFFFFFFFFFFBE
:10025000FFFFFFFFFFFFFFFFFFFFFFFFFFFFFFFFAE
:10026000FFFFFFFFFFFFFFFFFFFFFFFFFFFFFFFF9E
:10027000FFFFFFFFFFFFFFFFFFFFFFFFFFFFFFFF8E
:10028000FFFFFFFFFFFFFFFFFFFFFFFFFFFFFFFF7E
:10029000FFFFFFFFFFFFFFFFFFFFFFFFFFFFFFFF6E
:1002A000FFFFFFFFFFFFFFFFFFFFFFFFFFFFFFFF5E
:1002B000FFFFFFFFFFFFFFFFFFFFFFFFFFFFFFFF4E
:1002C000FFFFFFFFFFFFFFFFFFFFFFFFFFFFFFFF3E
:1002D000FFFFFFFFFFFFFFFFFFFFFFFFFFFFFFFF2E
:1002E000FFFFFFFFFFFFFFFFFFFFFFFFFFFFFFFF1E
:1002F000FFFFFFFFFFFFFFFFFFFFFFFFFFFFFFFF0E
:10030000FFFFFFFFFFFFFFFFFFFFFFFFFFFFFFFFFD
:10031000FFFFFFFFFFFFFFFFFFFFFFFFFFFFFFFFED
:10032000FFFFFFFFFFFFFFFFFFFFFFFFFFFFFFFFDD
:10033000FFFFFFFFFFFFFFFFFFFFFFFFFFFFFFFFCD
:10034000FFFFFFFFFFFFFFFFFFFFFFFFFFFFFFFFBD
:10035000FFFFFFFFFFFFFFFFFFFFFFFFFFFFFFFFAD
:10036000FFFFFFFFFFFFFFFFFFFFFFFFFFFFFFFF9D
:10037000FFFFFFFFFFFFFFFFFFFFFFFFFFFFFFFF8D
:10038000FFFFFFFFFFFFFFFFFFFFFFFFFFFFFFFF7D
:10039000FFFFFFFFFFFFFFFFFFFFFFFFFFFFFFFF6D
:1003A000FFFFFFFFFFFFFFFFFFFFFFFFFFFFFFFF5D
:1003B000FFFFFFFFFFFFFFFFFFFFFFFFFFFFFFFF4D
:1003C000FFFFFFFFFFFFFFFFFFFFFFFFFFFFFFFF3D
:1003D000FFFFFFFFFFFFFFFFFFFFFFFFFFFFFFFF2D
:1003E000FFFFFFFFFFFFFFFFFFFFFFFFFFFFFFFF1D
:1003F000FFFFFFFFFFFFFFFFFFFFFFFFFFFFFFFF0D
:10040000FFFFFFFFFFFFFFFFFFFFFFFFFFFFFFFFFC
:10041000FFFFFFFFFFFFFFFFFFFFFFFFFFFFFFFFEC
:10042000FFFFFFFFFFFFFFFFFFFFFFFFFFFFFFFFDC
:10043000FFFFFFFFFFFFFFFFFFFFFFFFFFFFFFFFCC
:10044000FFFFFFFFFFFFFFFFFFFFFFFFFFFFFFFFBC
:10045000FFFFFFFFFFFFFFFFFFFFFFFFFFFFFFFFAC
:10046000FFFFFFFFFFFFFFFFFFFFFFFFFFFFFFFF9C
:10047000FFFFFFFFFFFFFFFFFFFFFFFFFFFFFFFF8C
:10048000FFFFFFFFFFFFFFFFFFFFFFFFFFFFFFFF7C
:10049000FFFFFFFFFFFFFFFFFFFFFFFFFFFFFFFF6C
:1004A000FFFFFFFFFFFFFFFFFFFFFFFFFFFFFFFF5C
:1004B000FFFFFFFFFFFFFFFFFFFFFFFFFFFFFFFF4C
:1004C000FFFFFFFFFFFFFFFFFFFFFFFFFFFFFFFF3C
:1004D000FFFFFFFFFFFFFFFFFFFFFFFFFFFFFFFF2C
:1004E000FFFFFFFFFFFFFFFFFFFFFFFFFFFFFFFF1C
:1004F000FFFFFFFFFFFFFFFFFFFFFFFFFFFFFFFF0C
:10050000FFFFFFFFFFFFFFFFFFFFFFFFFFFFFFFFFB
:10051000FFFFFFFFFFFFFFFFFFFFFFFFFFFFFFFFEB
:10052000FFFFFFFFFFFFFFFFFFFFFFFFFFFFFFFFDB
:10053000FFFFFFFFFFFFFFFFFFFFFFFFFFFFFFFFCB
:10054000FFFFFFFFFFFFFFFFFFFFFFFFFFFFFFFFBB
:10055000FFFFFFFFFFFFFFFFFFFFFFFFFFFFFFFFAB
:10056000FFFFFFFFFFFFFFFFFFFFFFFFFFFFFFFF9B
:10057000FFFFFFFFFFFFFFFFFFFFFFFFFFFFFFFF8B
:10058000FFFFFFFFFFFFFFFFFFFFFFFFFFFFFFFF7B
:10059000FFFFFFFFFFFFFFFFFFFFFFFFFFFFFFFF6B
:1005A000FFFFFFFFFFFFFFFFFFFFFFFFFFFFFFFF5B
:1005B000FFFFFFFFFFFFFFFFFFFFFFFFFFFFFFFF4B
:1005C000FFFFFFFFFFFFFFFFFFFFFFFFFFFFFFFF3B
:1005D000FFFFFFFFFFFFFFFFFFFFFFFFFFFFFFFF2B
:1005E000FFFFFFFFFFFFFFFFFFFFFFFFFFFFFFFF1B
:1005F000FFFFFFFFFFFFFFFFFFFFFFFFFFFFFFFF0B
:10060000FFFFFFFFFFFFFFFFFFFFFFFFFFFFFFFFFA
:10061000FFFFFFFFFFFFFFFFFFFFFFFFFFFFFFFFEA
:10062000FFFFFFFFFFFFFFFFFFFFFFFFFFFFFFFFDA
:10063000FFFFFFFFFFFFFFFFFFFFFFFFFFFFFFFFCA
:10064000FFFFFFFFFFFFFFFFFFFFFFFFFFFFFFFFBA
:10065000FFFFFFFFFFFFFFFFFFFFFFFFFFFFFFFFAA
:10066000FFFFFFFFFFFFFFFFFFFFFFFFFFFFFFFF9A
:10067000FFFFFFFFFFFFFFFFFFFFFFFFFFFFFFFF8A
:10068000FFFFFFFFFFFFFFFFFFFFFFFFFFFFFFFF7A
:10069000FFFFFFFFFFFFFFFFFFFFFFFFFFFFFFFF6A
:1006A000FFFFFFFFFFFFFFFFFFFFFFFFFFFFFFFF5A
:1006B000FFFFFFFFFFFFFFFFFFFFFFFFFFFFFFFF4A
:1006C000FFFFFFFFFFFFFFFFFFFFFFFFFFFFFFFF3A
:1006D000FFFFFFFFFFFFFFFFFFFFFFFFFFFFFFFF2A
:1006E000FFFFFFFFFFFFFFFFFFFFFFFFFFFFFFFF1A
:1006F000FFFFFFFFFFFFFFFFFFFFFFFFFFFFFFFF0A
:10070000FFFFFFFFFFFFFFFFFFFFFFFFFFFFFFFFF9
:10071000FFFFFFFFFFFFFFFFFFFFFFFFFFFFFFFFE9
:10072000FFFFFFFFFFFFFFFFFFFFFFFFFFFFFFFFD9
:10073000FFFFFFFFFFFFFFFFFFFFFFFFFFFFFFFFC9
:10074000FFFFFFFFFFFFFFFFFFFFFFFFFFFFFFFFB9
:10075000FFFFFFFFFFFFFFFFFFFFFFFFFFFFFFFFA9
:10076000FFFFFFFFFFFFFFFFFFFFFFFFFFFFFFFF99
:10077000FFFFFFFFFFFFFFFFFFFFFFFFFFFFFFFF89
:10078000FFFFFFFFFFFFFFFFFFFFFFFFFFFFFFFF79
:10079000FFFFFFFFFFFFFFFFFFFFFFFFFFFFFFFF69
:1007A000FFFFFFFFFFFFFFFFFFFFFFFFFFFFFFFF59
:1007B000FFFFFFFFFFFFFFFFFFFFFFFFFFFFFFFF49
:1007C000FFFFFFFFFFFFFFFFFFFFFFFFFFFFFFFF39
:1007D000FFFFFFFFFFFFFFFFFFFFFFFFFFFFFFFF29
:1007E000FFFFFFFFFFFFFFFFFFFFFFFFFFFFFFFF19
:1007F000FFFFFFFFFFFFFFFFFFFFFFFFFFFFFFFF09
:10080000FFFFFFFFFFFFFFFFFFFFFFFFFFFFFFFFF8
:10081000FFFFFFFFFFFFFFFFFFFFFFFFFFFFFFFFE8
:10082000FFFFFFFFFFFFFFFFFFFFFFFFFFFFFFFFD8
:10083000FFFFFFFFFFFFFFFFFFFFFFFFFFFFFFFFC8
:10084000FFFFFFFFFFFFFFFFFFFFFFFFFFFFFFFFB8
:10085000FFFFFFFFFFFFFFFFFFFFFFFFFFFFFFFFA8
:10086000FFFFFFFFFFFFFFFFFFFFFFFFFFFFFFFF98
:10087000FFFFFFFFFFFFFFFFFFFFFFFFFFFFFFFF88
:10088000FFFFFFFFFFFFFFFFFFFFFFFFFFFFFFFF78
:10089000FFFFFFFFFFFFFFFFFFFFFFFFFFFFFFFF68
:1008A000FFFFFFFFFFFFFFFFFFFFFFFFFFFFFFFF58
:1008B000FFFFFFFFFFFFFFFFFFFFFFFFFFFFFFFF48
:1008C000FFFFFFFFFFFFFFFFFFFFFFFFFFFFFFFF38
:1008D000FFFFFFFFFFFFFFFFFFFFFFFFFFFFFFFF28
:1008E000FFFFFFFFFFFFFFFFFFFFFFFFFFFFFFFF18
:1008F000FFFFFFFFFFFFFFFFFFFFFFFFFFFFFFFF08
:10090000FFFFFFFFFFFFFFFFFFFFFFFFFFFFFFFFF7
:10091000FFFFFFFFFFFFFFFFFFFFFFFFFFFFFFFFE7
:10092000FFFFFFFFFFFFFFFFFFFFFFFFFFFFFFFFD7
:10093000FFFFFFFFFFFFFFFFFFFFFFFFFFFFFFFFC7
:10094000FFFFFFFFFFFFFFFFFFFFFFFFFFFFFFFFB7
:10095000FFFFFFFFFFFFFFFFFFFFFFFFFFFFFFFFA7
:10096000FFFFFFFFFFFFFFFFFFFFFFFFFFFFFFFF97
:10097000FFFFFFFFFFFFFFFFFFFFFFFFFFFFFFFF87
:10098000FFFFFFFFFFFFFFFFFFFFFFFFFFFFFFFF77
:10099000FFFFFFFFFFFFFFFFFFFFFFFFFFFFFFFF67
:1009A000FFFFFFFFFFFFFFFFFFFFFFFFFFFFFFFF57
:1009B000FFFFFFFFFFFFFFFFFFFFFFFFFFFFFFFF47
:1009C000FFFFFFFFFFFFFFFFFFFFFFFFFFFFFFFF37
:1009D000FFFFFFFFFFFFFFFFFFFFFFFFFFFFFFFF27
:1009E000FFFFFFFFFFFFFFFFFFFFFFFFFFFFFFFF17
:1009F000FFFFFFFFFFFFFFFFFFFFFFFFFFFFFFFF07
:100A0000FFFFFFFFFFFFFFFFFFFFFFFFFFFFFFFFF6
:100A1000FFFFFFFFFFFFFFFFFFFFFFFFFFFFFFFFE6
:100A2000FFFFFFFFFFFFFFFFFFFFFFFFFFFFFFFFD6
:100A3000FFFFFFFFFFFFFFFFFFFFFFFFFFFFFFFFC6
:100A4000FFFFFFFFFFFFFFFFFFFFFFFFFFFFFFFFB6
:100A5000FFFFFFFFFFFFFFFFFFFFFFFFFFFFFFFFA6
:100A6000FFFFFFFFFFFFFFFFFFFFFFFFFFFFFFFF96
:100A7000FFFFFFFFFFFFFFFFFFFFFFFFFFFFFFFF86
:100A8000FFFFFFFFFFFFFFFFFFFFFFFFFFFFFFFF76
:100A9000FFFFFFFFFFFFFFFFFFFFFFFFFFFFFFFF66
:100AA000FFFFFFFFFFFFFFFFFFFFFFFFFFFFFFFF56
:100AB000FFFFFFFFFFFFFFFFFFFFFFFFFFFFFFFF46
:100AC000FFFFFFFFFFFFFFFFFFFFFFFFFFFFFFFF36
:100AD000FFFFFFFFFFFFFFFFFFFFFFFFFFFFFFFF26
:100AE000FFFFFFFFFFFFFFFFFFFFFFFFFFFFFFFF16
:100AF000FFFFFFFFFFFFFFFFFFFFFFFFFFFFFFFF06
:100B0000FFFFFFFFFFFFFFFFFFFFFFFFFFFFFFFFF5
:100B1000FFFFFFFFFFFFFFFFFFFFFFFFFFFFFFFFE5
:100B2000FFFFFFFFFFFFFFFFFFFFFFFFFFFFFFFFD5
:100B3000FFFFFFFFFFFFFFFFFFFFFFFFFFFFFFFFC5
:100B4000FFFFFFFFFFFFFFFFFFFFFFFFFFFFFFFFB5
:100B5000FFFFFFFFFFFFFFFFFFFFFFFFFFFFFFFFA5
:100B6000FFFFFFFFFFFFFFFFFFFFFFFFFFFFFFFF95
:100B7000FFFFFFFFFFFFFFFFFFFFFFFFFFFFFFFF85
:100B8000FFFFFFFFFFFFFFFFFFFFFFFFFFFFFFFF75
:100B9000FFFFFFFFFFFFFFFFFFFFFFFFFFFFFFFF65
:100BA000FFFFFFFFFFFFFFFFFFFFFFFFFFFFFFFF55
:100BB000FFFFFFFFFFFFFFFFFFFFFFFFFFFFFFFF45
:100BC000FFFFFFFFFFFFFFFFFFFFFFFFFFFFFFFF35
:100BD000FFFFFFFFFFFFFFFFFFFFFFFFFFFFFFFF25
:100BE000FFFFFFFFFFFFFFFFFFFFFFFFFFFFFFFF15
:100BF000FFFFFFFFFFFFFFFFFFFFFFFFFFFFFFFF05
:100C0000FFFFFFFFFFFFFFFFFFFFFFFFFFFFFFFFF4
:100C1000FFFFFFFFFFFFFFFFFFFFFFFFFFFFFFFFE4
:100C2000FFFFFFFFFFFFFFFFFFFFFFFFFFFFFFFFD4
:100C3000FFFFFFFFFFFFFFFFFFFFFFFFFFFFFFFFC4
:100C4000FFFFFFFFFFFFFFFFFFFFFFFFFFFFFFFFB4
:100C5000FFFFFFFFFFFFFFFFFFFFFFFFFFFFFFFFA4
:100C6000FFFFFFFFFFFFFFFFFFFFFFFFFFFFFFFF94
:100C7000FFFFFFFFFFFFFFFFFFFFFFFFFFFFFFFF84
:100C8000FFFFFFFFFFFFFFFFFFFFFFFFFFFFFFFF74
:100C9000FFFFFFFFFFFFFFFFFFFFFFFFFFFFFFFF64
:100CA000FFFFFFFFFFFFFFFFFFFFFFFFFFFFFFFF54
:100CB000FFFFFFFFFFFFFFFFFFFFFFFFFFFFFFFF44
:100CC000FFFFFFFFFFFFFFFFFFFFFFFFFFFFFFFF34
:100CD000FFFFFFFFFFFFFFFFFFFFFFFFFFFFFFFF24
:100CE000FFFFFFFFFFFFFFFFFFFFFFFFFFFFFFFF14
:100CF000FFFFFFFFFFFFFFFFFFFFFFFFFFFFFFFF04
:100D0000FFFFFFFFFFFFFFFFFFFFFFFFFFFFFFFFF3
:100D1000FFFFFFFFFFFFFFFFFFFFFFFFFFFFFFFFE3
:100D2000FFFFFFFFFFFFFFFFFFFFFFFFFFFFFFFFD3
:100D3000FFFFFFFFFFFFFFFFFFFFFFFFFFFFFFFFC3
:100D4000FFFFFFFFFFFFFFFFFFFFFFFFFFFFFFFFB3
:100D5000FFFFFFFFFFFFFFFFFFFFFFFFFFFFFFFFA3
:100D6000FFFFFFFFFFFFFFFFFFFFFFFFFFFFFFFF93
:100D7000FFFFFFFFFFFFFFFFFFFFFFFFFFFFFFFF83
:100D8000FFFFFFFFFFFFFFFFFFFFFFFFFFFFFFFF73
:100D9000FFFFFFFFFFFFFFFFFFFFFFFFFFFFFFFF63
:100DA000FFFFFFFFFFFFFFFFFFFFFFFFFFFFFFFF53
:100DB000FFFFFFFFFFFFFFFFFFFFFFFFFFFFFFFF43
:100DC000FFFFFFFFFFFFFFFFFFFFFFFFFFFFFFFF33
:100DD000FFFFFFFFFFFFFFFFFFFFFFFFFFFFFFFF23
:100DE000FFFFFFFFFFFFFFFFFFFFFFFFFFFFFFFF13
:100DF000FFFFFFFFFFFFFFFFFFFFFFFFFFFFFFFF03
:100E0000FFFFFFFFFFFFFFFFFFFFFFFFFFFFFFFFF2
:100E1000FFFFFFFFFFFFFFFFFFFFFFFFFFFFFFFFE2
:100E2000FFFFFFFFFFFFFFFFFFFFFFFFFFFFFFFFD2
:100E3000FFFFFFFFFFFFFFFFFFFFFFFFFFFFFFFFC2
:100E4000FFFFFFFFFFFFFFFFFFFFFFFFFFFFFFFFB2
:100E5000FFFFFFFFFFFFFFFFFFFFFFFFFFFFFFFFA2
:100E6000FFFFFFFFFFFFFFFFFFFFFFFFFFFFFFFF92
:100E7000FFFFFFFFFFFFFFFFFFFFFFFFFFFFFFFF82
:100E8000FFFFFFFFFFFFFFFFFFFFFFFFFFFFFFFF72
:100E9000FFFFFFFFFFFFFFFFFFFFFFFFFFFFFFFF62
:100EA000FFFFFFFFFFFFFFFFFFFFFFFFFFFFFFFF52
:100EB000FFFFFFFFFFFFFFFFFFFFFFFFFFFFFFFF42
:100EC000FFFFFFFFFFFFFFFFFFFFFFFFFFFFFFFF32
:100ED000FFFFFFFFFFFFFFFFFFFFFFFFFFFFFFFF22
:100EE000FFFFFFFFFFFFFFFFFFFFFFFFFFFFFFFF12
:100EF000FFFFFFFFFFFFFFFFFFFFFFFFFFFFFFFF02
:100F0000FFFFFFFFFFFFFFFFFFFFFFFFFFFFFFFFF1
:100F1000FFFFFFFFFFFFFFFFFFFFFFFFFFFFFFFFE1
:100F2000FFFFFFFFFFFFFFFFFFFFFFFFFFFFFFFFD1
:100F3000FFFFFFFFFFFFFFFFFFFFFFFFFFFFFFFFC1
:100F4000FFFFFFFFFFFFFFFFFFFFFFFFFFFFFFFFB1
:100F5000FFFFFFFFFFFFFFFFFFFFFFFFFFFFFFFFA1
:100F6000FFFFFFFFFFFFFFFFFFFFFFFFFFFFFFFF91
:100F7000FFFFFFFFFFFFFFFFFFFFFFFFFFFFFFFF81
:100F8000FFFFFFFFFFFFFFFFFFFFFFFFFFFFFFFF71
:100F9000FFFFFFFFFFFFFFFFFFFFFFFFFFFFFFFF61
:100FA000FFFFFFFFFFFFFFFFFFFFFFFFFFFFFFFF51
:100FB000FFFFFFFFFFFFFFFFFFFFFFFFFFFFFFFF41
:100FC000FFFFFFFFFFFFFFFFFFFFFFFFFFFFFFFF31
:100FD000FFFFFFFFFFFFFFFFFFFFFFFFFFFFFFFF21
:100FE000FFFFFFFFFFFFFFFFFFFFFFFFFFFFFFFF11
:100FF000FFFFFFFFFFFFFFFFFFFFFFFFFFFFFFFF01
:10100000D1002043ED15006000000000000000004A
:10101000201000600010006000C8006000000000A8
:101020000000006000D4000000000000FFFFFFFF90
:10103000FFFFFFFFFFFFFFFFFFFFFFFFFFFFFFFFC0
:10104000FFFFFFFFFFFFFFFFFFFFFFFFFFFFFFFFB0
:10105000FFFFFFFFFFFFFFFFFFFFFFFFFFFFFFFFA0
:10106000FFFFFFFFFFFFFFFFFFFFFFFFFFFFFFFF90
:10107000FFFFFFFFFFFFFFFFFFFFFFFFFFFFFFFF80
:10108000FFFFFFFFFFFFFFFFFFFFFFFFFFFFFFFF70
:10109000FFFFFFFFFFFFFFFFFFFFFFFFFFFFFFFF60
:1010A000FFFFFFFFFFFFFFFFFFFFFFFFFFFFFFFF50
:1010B000FFFFFFFFFFFFFFFFFFFFFFFFFFFFFFFF40
:1010C000FFFFFFFFFFFFFFFFFFFFFFFFFFFFFFFF30
:1010D000FFFFFFFFFFFFFFFFFFFFFFFFFFFFFFFF20
:1010E000FFFFFFFFFFFFFFFFFFFFFFFFFFFFFFFF10
:1010F000FFFFFFFFFFFFFFFFFFFFFFFFFFFFFFFF00
:10110000FFFFFFFFFFFFFFFFFFFFFFFFFFFFFFFFEF
:10111000FFFFFFFFFFFFFFFFFFFFFFFFFFFFFFFFDF
:10112000FFFFFFFFFFFFFFFFFFFFFFFFFFFFFFFFCF
:10113000FFFFFFFFFFFFFFFFFFFFFFFFFFFFFFFFBF
:10114000FFFFFFFFFFFFFFFFFFFFFFFFFFFFFFFFAF
:10115000FFFFFFFFFFFFFFFFFFFFFFFFFFFFFFFF9F
:10116000FFFFFFFFFFFFFFFFFFFFFFFFFFFFFFFF8F
:10117000FFFFFFFFFFFFFFFFFFFFFFFFFFFFFFFF7F
:10118000FFFFFFFFFFFFFFFFFFFFFFFFFFFFFFFF6F
:10119000FFFFFFFFFFFFFFFFFFFFFFFFFFFFFFFF5F
:1011A000FFFFFFFFFFFFFFFFFFFFFFFFFFFFFFFF4F
:1011B000FFFFFFFFFFFFFFFFFFFFFFFFFFFFFFFF3F
:1011C000FFFFFFFFFFFFFFFFFFFFFFFFFFFFFFFF2F
:1011D000FFFFFFFFFFFFFFFFFFFFFFFFFFFFFFFF1F
:1011E000FFFFFFFFFFFFFFFFFFFFFFFFFFFFFFFF0F
:1011F000FFFFFFFFFFFFFFFFFFFFFFFFFFFFFFFFFF
:10120000FFFFFFFFFFFFFFFFFFFFFFFFFFFFFFFFEE
:10121000FFFFFFFFFFFFFFFFFFFFFFFFFFFFFFFFDE
:10122000FFFFFFFFFFFFFFFFFFFFFFFFFFFFFFFFCE
:10123000FFFFFFFFFFFFFFFFFFFFFFFFFFFFFFFFBE
:10124000FFFFFFFFFFFFFFFFFFFFFFFFFFFFFFFFAE
:10125000FFFFFFFFFFFFFFFFFFFFFFFFFFFFFFFF9E
:10126000FFFFFFFFFFFFFFFFFFFFFFFFFFFFFFFF8E
:10127000FFFFFFFFFFFFFFFFFFFFFFFFFFFFFFFF7E
:10128000FFFFFFFFFFFFFFFFFFFFFFFFFFFFFFFF6E
:10129000FFFFFFFFFFFFFFFFFFFFFFFFFFFFFFFF5E
:1012A000FFFFFFFFFFFFFFFFFFFFFFFFFFFFFFFF4E
:1012B000FFFFFFFFFFFFFFFFFFFFFFFFFFFFFFFF3E
:1012C000FFFFFFFFFFFFFFFFFFFFFFFFFFFFFFFF2E
:1012D000FFFFFFFFFFFFFFFFFFFFFFFFFFFFFFFF1E
:1012E000FFFFFFFFFFFFFFFFFFFFFFFFFFFFFFFF0E
:1012F000FFFFFFFFFFFFFFFFFFFFFFFFFFFFFFFFFE
:10130000FFFFFFFFFFFFFFFFFFFFFFFFFFFFFFFFED
:10131000FFFFFFFFFFFFFFFFFFFFFFFFFFFFFFFFDD
:10132000FFFFFFFFFFFFFFFFFFFFFFFFFFFFFFFFCD
:10133000FFFFFFFFFFFFFFFFFFFFFFFFFFFFFFFFBD
:10134000FFFFFFFFFFFFFFFFFFFFFFFFFFFFFFFFAD
:10135000FFFFFFFFFFFFFFFFFFFFFFFFFFFFFFFF9D
:10136000FFFFFFFFFFFFFFFFFFFFFFFFFFFFFFFF8D
:10137000FFFFFFFFFFFFFFFFFFFFFFFFFFFFFFFF7D
:10138000FFFFFFFFFFFFFFFFFFFFFFFFFFFFFFFF6D
:10139000FFFFFFFFFFFFFFFFFFFFFFFFFFFFFFFF5D
:1013A000FFFFFFFFFFFFFFFFFFFFFFFFFFFFFFFF4D
:1013B000FFFFFFFFFFFFFFFFFFFFFFFFFFFFFFFF3D
:1013C000FFFFFFFFFFFFFFFFFFFFFFFFFFFFFFFF2D
:1013D000FFFFFFFFFFFFFFFFFFFFFFFFFFFFFFFF1D
:1013E000FFFFFFFFFFFFFFFFFFFFFFFFFFFFFFFF0D
:1013F000FFFFFFFFFFFFFFFFFFFFFFFFFFFFFFFFFD
:10140000824205D051F8043B40F8043B8242F9D8AF
:10141000704700BF044A05494FF0000342F8043BFF
:101420009142FBD8704700BFC016002060640020C6
:1014300080B5BFF34F8F00F0BDF9534C534B0820DC
:101440005349C3F85401534AC3F800115248C3F832
:10145000F0405249FFF7D4FF514A52495248FFF732
:10146000CFFF524CFFF7D6FF4FF470004FF0E02152
:1014700000234F4AC1F8880D44F823200133B02BD4
:10148000FAD14C4B80214C4A03F8011B9342FBD10B
:101490004FF0E025494F4A4A4FF0FF31C5F8084D5B
:1014A0000026D5F8243D43F4E023C5F8243DFB692C
:1014B00023F07F0343F04003FB617B6A23F07F034B
:1014C00043F040037B629166D1661167516700F07B
:1014D00079F93C4B63223C49A3633C4BE363032310
:1014E0006A613B4AAE612B61C5F8202DD5F8FC2D11
:1014F000384B42F08072C5F8FC2D1A6842F00102A8
:101500001A605B680B6000F0E7F9334800F06CFB91
:10151000F96E324B324A41F44051F9661E60C3F80D
:101520000861C3F81861C3F82861C3F83861936B88
:10153000DB0708D442F615632A4951651365936B9E
:1015400043F001039363264A274C936843F0011349
:10155000936000F005F900F043FB00F0EBF900F0B8
:101560002BF92368132BFCD900F07CFA2368B3F520
:10157000967FFBD300F024F900F020F900F024FB63
:1015800000F026FB30BFFDE70C0D111300800D406D
:101590001B101820D892000000000000941D00606D
:1015A000C016002070B00060000000200014002071
:1015B0006566000000E400E0A0E400E000C00F4029
:1015C00000C00A40E57D0000C8610020E97D000000
:1015D00000002020001000E00046C3230040084027
:1015E00000400D400000C056CC610020054B4FF478
:1015F0002A01054A05485A641864054A99639546C4
:10160000FFF716FF00C00A40AFAAAAAA07002000F1
:10161000000007201BB9124B1B6F9B041ED400F067
:101620003F000F4B22F0604221F0604140F48910EE
:101630001867C3F88010C3F890201A6F22F4805204
:101640001A671A6F002AFCDAD3F87011054A0A40AB
:10165000C3F870211A6F22F480321A67704700BFF6
:1016600000800D40FF7F7FFFB1F5607FF0B50E4633
:101670008DB028BF4FF460760F46054672B62E4BEC
:1016800000247022186021462C4B2D481C8000F04D
:10169000A3FACFB121462A484FF0010C4A0901F0C4
:1016A0001F03013150F822400CFA03F38E4243EA43
:1016B000040340F82230F1D8284600234380013348
:1016C00000F582709E42F9D81E4C257815B162B69D
:1016D0000DB0F0BD082000F06FFA1B4B80220646CB
:1016E000009302A90693194B0271056008A80293A2
:1016F00000F07EFA06A9164A304600F07DFA069BF5
:1017000008A8DB689847009B02A8DB689847237805
:10171000002BDCD10F4B104AC3F858210F49D020C1
:101720004FF0E023402281F84600C3F8082101234E
:10173000237062B60DB0F0BD281A0020EC630020C3
:10174000301A002002640020300700204D540000B1
:101750001B100100001400205954000000E400E0B8
:10176000104BA020104AD96E41F4403110B4D96614
:1017700040F23764D96E41F44071D9665464906484
:10178000936C1B06FCD4094A40F23761A0235164D4
:101790009364936C13F08003FBD1054A13705DF8DA
:1017A000044B704700C00F4000400C4000800C40CC
:1017B00008640020704700BF704700BF704700BF3B
:1017C00000BF704710B44FF0E023002110243248CE
:1017D000C3F8941DC3F89C4D1124C3F8A00D2F48E5
:1017E000C3F89C4D1224C3F8A00D2D48C3F89C4D9E
:1017F0002C4AC3F8A00D2C4C42F015022B48C3F81C
:101800009C4DC3F8A00D2A4C2A48C3F89C4DC3F840
:10181000A00D294CC3F89C2D2848294AC3F8A04D97
:10182000C3F89C0DC3F8A02D02F5A022254C0C3264
:101830002548C3F89C4DC3F8A02D244AC3F89C0D3D
:10184000C3F8A02D02F14062214C02322148C3F8B6
:101850009C4DC3F8A02D0A32C3F89C0DC3F8A02DEF
:1018600000BF00BF00BF00BF00BF0122C3F8942D1E
:10187000BFF34F8FBFF36F8FC3F8501FBFF34F8F6E
:10188000BFF36F8FD3F8142D5DF8044B42F4403250
:10189000C3F8142D704700BF3F0000102500080753
:1018A00009001000606400201300200021000207DE
:1018B0001400002025000813090000101600202045
:1018C00027000B1317000040180000602F000B07C3
:1018D000190000701A000080F0B4154A40274FF438
:1018E00080314FF480564FF400554FF4404443F29A
:1018F0004200136913F0020F0ED113F4005F0FD0F2
:1019000013F4805F0ED0002BF3DA13F4803F0BD179
:101910005B060BD5F0BC7047946151619061E8E7BC
:101920005561E6E75661E4E79161E2E75761E0E778
:1019300000800D403F4A03203F49F3EE095AD2F898
:1019400080304FF0000C9FED3D6A23F001039FEDC6
:101950003C5A30B4C2F88030C2F89000D1F8E010A0
:10196000384DCBB2384C39482B6007EE903A0B0D0E
:10197000C1F30B21F8EEE77A06EE903A07EE101A63
:10198000334BB8EEC77A2160F8EEE66A314937EE9C
:10199000C66A37EEC55A76EEC76A77EEE57A26EE66
:1019A000266AC3ED006A25EE265AD2F8803067EE2B
:1019B000A64AC0ED007AC6EE275A274885EE276A68
:1019C000C4EEA76A75EE875AFCEEE55A36EE076A52
:1019D00015EE904ABCEEC66A43EA045376EE877A67
:1019E000C2F8803016EE103AD2F89041FCEEE77A59
:1019F00001EA0341214317EE903AC2F89011C3F374
:101A00000B03D2F890110B431449C2F89031D2F86D
:101A1000803043F00203C2F88030114B80F840C0A0
:101A2000C1F840314FF0E023012230BCC3F8082157
:101A3000704700BF00810D4000441F400000AA42D3
:101A40000000B442A06100209C610020A46100203D
:101A5000A86100200000FF0F00E400E00014002057
:101A600029680000314B40F6617210B5C3F820219F
:101A700040F2044400F09CF82D4A2E49D2F8803000
:101A80002D4843F00303C2F880302C4BC1F860416D
:101A900002681A4203D1D1F8A8319A071BD0254A0F
:101AA0004FF00041244B5963D2F8403143F0020318
:101AB000C2F84031D2F840319B07FBD44FF40030DC
:101AC0004FF0E0211C4B4FF00042C1F88C0219206E
:101AD0009A6300F075F8184A4FF08040154C0021C9
:101AE00090630A20164B11604FF42072C4F8A801CD
:101AF000184600F071F84FF4800203464FF481005D
:101B000040F243111860C4F858311A640D4B0E4A64
:101B1000C4F84811C3F804224FF0E0224FF400311A
:101B20000123C2F80C11C4F8403110BD00800D40F3
:101B300000C00F4000002E4000900D40001C1E0011
:101B40000000002000140020496A000008B50E4B78
:101B50001B6E9B0700D4FBBE72B60C4B00200C4AD8
:101B6000C3F8400103F160430A49A3F55F23116400
:101B70009D46BFF34F8F4FF400130748074ADB69B8
:101B800002609B68984700BF00441F4000002E4041
:101B900000C00A400300200000802020000012EB5B
:101BA000F8B500BFF8BC08BC9E46704700000000B6
:101BB0005FF800F0857100005FF800F055630000E9
:101BC0005FF800F0255F00005FF800F0258F00004F
:101BD0005FF800F0116200005FF800F0458E000031
:101BE0005FF800F0556500005FF800F0355C00001C
:101BF0005FF800F0C15400005FF800F0F5590000F4
:101C000005010000F548000035540000F95A0000B5
:101C100020036400690063006500460072006900EB
:101C200065006E006400200076002E003000310058
:101C3000220353006900670069006C0049006E00D0
:101C400073007400720075006D0065006E00740012
:101C5000730000000403090409029500030100C099
:101C600032080B0002020201000904000001020216
:101C700001000524001001052401010104240206CD
:101C80000524060001070582031000100904010065
:101C9000020A000000070503024000000705830256
:101CA00040000009040200020103000007240100B3
:101CB0000125000624020101000624020202000997
:101CC00024030103010201000924030204010101AC
:101CD000000905040240000000000525010101097A
:101CE00005840240000000000525010103000000FA
:101CF00009029500030100C032080B000202020134
:101D00000009040000010202010005240010010581
:101D100024010101042402060524060001070582AE
:101D20000310000509040100020A00000007050372
:101D300002000200070583020002000904020002FB
:101D4000010300020724010001250006240201010D
:101D50000206240202020209240301030102010215
:101D60000924030204010101020905040200020022
:101D700000000525010101090584020002000000A0
:101D800005250101030000000A060002EF020140E0
:041D9000010000004E
:101D9400000000000000000000000000000000003F
:101DA400000000000000000000000000000000002F
:101DB400F8B54FF084439D695A6915400DD0254FFD
:101DC40001269D6195FAA5F4B4FA84F457F82430F9
:101DD40006FA04F49847A543F4D11F4B9D695A6948
:101DE40015400DD01D4F01269D6195FAA5F4B4FA56
:101DF40084F457F8243006FA04F49847A543F4D140
:101E0400174B9D695A6915400DD0164F01269D61E7
:101E140095FAA5F4B4FA84F457F8243006FA04F4D5
:101E24009847A543F4D1104B9D695A6915400DD0CC
:101E34000E4F01269D6195FAA5F4B4FA84F457F87F
:101E4400243006FA04F49847A543F4D1BFF34F8F26
:101E5400F8BD00BF001100200040004280110020A6
:101E6400008000420012002000C0004280120020C6
:101E74000548064B1B1AD90F01EBA301491002D0E8
:101E8400034B03B118477047C0160020C01600204A
:101E94000000000008B5054B1BB105490548AFF328
:101EA4000080BDE80840FFF7E3BF00BF000000006A
:101EB400D81E002000D4006010B505F04FFF0B4B76
:101EC4001A685AB11A68821AB2F57A7F05D3084C97
:101ED40008492260012218600A7010BD18600123AD
:101EE400034C044922600B7010BD00BF601E00202B
:101EF400641E00200E6400202DE9F84FDFF82081D5
:101F040000253C4BD8F800203B4C3C4F2DED0E8B6C
:101F1400DFED3B9A9FED3B9ADFED3B8A9FED3B8AD9
:101F24009FED3BAADFED3BAA1A600A21206804F06A
:101F34001FFD00282E4635DB40F698022379904297
:101F440072DC40F2135290422DDD07EE900AF8EE57
:101F5400E77A77EEE87A87EE887AB5EEC07AF1EE22
:101F640010FAC0F2F881F7EE007AB4EEE77AF1EEF7
:101F740010FA40F3CF81002B40F0F281D4ED027AC5
:101F84006371002339EEE77A2371E7EE097AC4ED31
:101F9400027A013510340137032DC6D1BDEC0E8B06
:101FA400BDE8F88F2379D4ED027A0022637139EE0B
:101FB400E77A2271E7EE097AC4ED027A002BE8D0C1
:101FC400154B1B78002BE4D03B78042BE1D8134944
:101FD4000135402010340B44032D4FF0E02107F16C
:101FE4000107C1F8880183F82821C1F808019CD1B0
:101FF400D4E700BF586200200C1F0020AC0600206C
:10200400000000008FC2F53D0020CB450000C8440D
:102014007B14AE3E0000DC4322640020A01F00209D
:10202400CC610020295C8F3E07EE900AF8EEE77A37
:1020340077EEE87A87EE887AB5EEC07AF1EE10FA98
:10204400C0F2BE81F7EE007AB4EEE77AF1EE10FA50
:1020540000F37E815FED0D7AB4EE677AF1EE10FA4B
:1020640098BFB0EE677AD4ED027A4FF0010963713C
:1020740037EE677A84F80490E7EE0A7AC4ED027AC0
:10208400002B86D1DC4B93F800B0D8F80030E36025
:10209400BBF1000F40F07981DFF894A305EB8503D1
:1020A400F2EE080A9AF80020B0EE000A1344DBB2FC
:1020B400453B07EE903AF8EEE77AC7EEA00A07F040
:1020C40027FE2A1DCD4BA3FB0213A91C60EE2A7A1E
:1020D40023F0030000EB9303D21ADFF8589306F1C0
:1020E40040039FEDC77AF3EE026A09EB83034FF0D6
:1020F400E0204FF0400C93ED00DAC0F888C1B4EE54
:10210400C7DAF1EE10FAF4EEE67A2DFE077A83EDE3
:10211400007AF1EE10FAC0F26B819FEDBA7AF4EE18
:10212400477AF1EE10FA77FE277A09EB8101DFEDA9
:10213400B6DA09EB8202F6EE00BA91ED18CA09EBA1
:102144008603D2ED18CAC3ED317A09EB06033CEEDF
:102154006C0A83F828B1B0EE6BEA20EE2D0A07F082
:1021640067FFA0EE2BEA09EB8603DFEDA87A93ED77
:1021740018BAB0EE4B0A83ED36EAACEE270A20EE2D
:102184002D0A07F055FFDFEDA27AE0EE2BBA09EB3A
:102194008603B4EEE7DAF1EE10FAC3ED3BBA00F1D0
:1021A4001281DFED9C7A06F150029B4B4C362BEEEC
:1021B40027BA09EB8202BCEECBBA1BEE101A194403
:1021C4000B4651680131516059F826205340EAB258
:1021D40049F82630022A4FF0E0264FF04003C6F8B3
:1021E40008317FF4D6AEBBF1010F3FF4D2AE9AF8BA
:1021F4000020F2EE080AB0EE000A0C3AD2B2453AD8
:1022040007EE902AF8EEE77AC7EEA00A07F080FD01
:1022140099ED44AADFED817A4023DFED816AC6F8A7
:102224008831B4EEE7AAB3EE027A20EE260AF1EE84
:1022340010FAB4EEC70A6AFE277AC9ED447AF1EEC1
:1022440010FAC0F22181DFED6F7AB4EE670AF1EE85
:1022540010FA37FE800A99ED199AB6EE008AD9ED84
:102264001B9A0023DFED68AA79EE697A89ED350AB5
:10227400B0EE48BA89F82C3127EEAA0A07F0D8FE46
:10228400D9ED1C8AA0EE08BADFED607AB0EE680AD8
:10229400A9EE270A89ED3ABA20EE2A0A07F0C8FE09
:1022A400DFED5B7AA0EE088AB4EEE7AAF1EE10FA4D
:1022B40089ED3F8A13D59FED5B7ADFED5B7AA8EE5B
:1022C400079AEBEE279ABBFE497A39EE479AFBFE52
:1022D400697A79EEE79A89ED2B9AC9ED309ADFEDA8
:1022E4004D7A4D4B68EEA78AD9F85421D9F840119C
:1022F4000132FCEEE88AC9F854214FF0E02218EECE
:10230400900A184403464B404021C9F84031C2F8B2
:10231400081143E6002B3FF431AEDFED447AB4EE0E
:10232400E77AF1EE10FA1BD9D4ED027A0135637124
:10233400012337EE677A032D237107F1010704F1B6
:102344001004E7EE0A7A44ED027A7FF4EEAD25E656
:10235400B0EE677A87E6002B3FF410AEDFED337AF8
:1023640094ED027A01350123103477EEC77A032DF8
:1023740004F80B3C07F1010704F80C3CA7EE8A7A39
:1023840004ED027A7FF4D1AD08E63E78042E53D1F1
:10239400DFF89CA0F2EE080AB0EE000A9AF80030CA
:1023A4000C3BDBB2453B07EE903AF8EEE77AC7EE1A
:1023B400A00A07F0ADFC4946032260EE2A7A8CE6B7
:1023C4009FED1A7A4FE69FED177ADFED177AABEEA1
:1023D40087CAEEEE27CABBFE4C7A3CEE47CAFBFE28
:1023E4006C7A7CEEE7CA83ED27CAC3ED2CCAD8E623
:1023F400F0EE667A99E600BF22640020CDCCCCCC06
:1024040085EB513F00803B46DB0FC940D1223B3F67
:102414008FC2753D0000804FB979379E713D0A3FE8
:102424000000DC4352B89E3ED7A3F03E295C8F3EA9
:10243400B1130020A01F0020DFF854A006EB860291
:10244400F2EE080A9AF80030B0EE000A1344DBB248
:10245400453B07EE903AF8EEE77AC7EEA00A07F09C
:1024640057FC042E3FF695AD0523B11C321D60EEDA
:102474002A7AB1FBF3F0B2FBF3F300EB800003EB39
:102484008303091AD21A28E6B0EE470AE3E600BF2E
:10249400B11300207B4900222DE9F04F0B688DB069
:1024A400794D0446026105600281C260002B00F090
:1024B400E7801A465B69002BFBD15461734A0025FF
:1024C400734904F58A7E226204F17407E2624FF0D4
:1024D4007F52704B04F1880BA26504F5804C6E4A60
:1024E4002360A2636D4AE16161624FF07C51226412
:1024F4006B4B6C4AA361E16304F1D8016A4B6264DB
:1025040004F1C4026948DFED6A7AA06204F1B00004
:102514002363636304F19C03039204F580720491C2
:1025240004F1EC010193029006926560A572656165
:10253400C4ED127AC4ED137AC4ED147AC4ED157A9D
:10254400A4F85C5025665B4E9FED5B7AC4E919558F
:10255400C4E91B550591CDF81CE004F5A27ECDF825
:102564002CE004F5947E0FCECDF820E004F5987E9F
:1025740006F1180A06F12C09CDF824E0B64606F156
:1025840040080FC75EF8043B3B6006F1680306F1A0
:1025940054070A93BEE80F00ABE80F00DEF80030E2
:1025A400CBF80030019BC4F89C50C3E90155C3E942
:1025B4000355BAE80F00029E0FC6DAF80030336004
:1025C400039EB9E80F000FC6D9F800303360049EAB
:1025D400B8E80F000FC6D8F8003033600FCF059E5F
:1025E4000FC6069A3B68079933600A9FC4F80051E6
:1025F400099EC2E90155C2E90355089AC4F8145169
:10260400C1E90155C1E90355C4F8285115710FCF2B
:102614000FC63B68204633600B9BC4F844515D6091
:102624009D60DD601D614FF48003CCED657ACCF8CC
:102634006C314FF00103CCED667A8CED5A7AACF82C
:1026440058518CF85A51CCED577ACCED587ACCEDE0
:10265400597AACF87051CCF87451ACF87831CCEDAF
:102664005F7ACCED607ACCED617ACCED627ACCED18
:10267400637ACCED647ACCED677A0DB0BDE8F08F67
:1026840008601BE72C1A0020900600208FC2F53E3C
:102694003D0AD73EA80600205C8FC23EAE47E13E0D
:1026A4007B14AE3EB81E053FCDCCCC3EEC51B83EBB
:1026B40000000000D005002052B89E3E2DE9F84FDE
:1026C40091F844308B4605462DED0E8BF0EE409A82
:1026D400002B00F0DB80D1ED10AA69EEA95A9FED22
:1026E400717ADFED717A05F1880A9FED709A4FF0E7
:1026F40000089BED096ADFED6E6AA5EE879AB7EED6
:10270400007A9BED0DAAE6EE276ADFED6A7A9BED6F
:102714000EDA2AEE27AA684FF0EE477A674EDFED0D
:1027240068CADFED688A29EE269A9FED67CADFED55
:1027340067BA9FED67BA9FED67EA77EE676A9BED2C
:10274400016AB7EE007A644C08F1040308F1010948
:10275400E6EE267AA4FB032121F0030202EB9102A8
:1027640077EEC76A9B1AA6EEAC7A05EB830393ED6A
:10277400180A20EE280A37EE677AEAEE077AB0EEF6
:10278400678A07F055FCA4FB0932F0EE40EA22F018
:10279400030303EB9203A9EB030305EB830393ED1C
:1027A400180A20EE280A07F043FC08F10203F0EEB1
:1027B40040DAA4FB032424F0030202EB94029B1AE4
:1027C40005EB830393ED180A20EE280A07F030FC8A
:1027D4006CEE6D0AB0EE407A18F0010FDFED3F6A3F
:1027E400B0EE000AEEEEAB0ADFED3D7A47FEA67AC4
:1027F400E7EE0B0AE7EE8D0A69EE200A07F088FA85
:102804006AEE887AB3EE087A67EE807AF4EECE7ACE
:10281400F1EE10FA2BDBF4EE477AF1EE10FA77FEC4
:10282400277ADFED305AB3EE086ADFED2F6A9AEDAE
:10283400007AE9EEA56A77EEC77AA7EEA67AB4EE37
:10284400CE7AAAEC017AF1EE10FA13DBB4EE467AF2
:10285400C846F1EE10FA36FE077AB9F1050F0AED13
:10286400067A0FD0F7EC017AB6EC017A65E7DFED72
:10287400197AD6E79FED177AB9F1050FC8460AED24
:10288400067AEFD1BDEC0E8BBDE8F88FB2EE070AE5
:10289400D1ED000A07F03CFADFED147A60EE27AAC6
:1028A4001BE700BFB81E053F3333733F8FC2753C2F
:1028B4003333B33EAE47613FE4060020F806002000
:1028C400EC51383EDB0FC94052B89E3EE17A143FCA
:1028D4001F856B3E8FC2753DCDCCCCCCEC51383FBF
:1028E400713D0ABF52499D3BA69BC43A295C8F3E69
:1028F4002DE9F04F2DED108BAFB0824604F0B2FC01
:102904000446149004F0AEFC1590002C01F07C8178
:10291400002801F0748148220AF118011CA805F06E
:1029240047FB9DED1C8AB5EEC08AF1EE10FAC1F2A8
:10293400EC84F7EE007AB4EE678AF1EE10FA37FE13
:10294400888ADDED1D7A8DED1C8AF5EEC07AF1EEF4
:1029540010FAC1F2D684B7EE007AF4EE477AF1EEBB
:1029640010FA77FE277A9DED1E7ACDED1D7AB5EE2D
:10297400C07AF1EE10FAC1F2BE84F7EE007ADFED10
:10298400ED5AB4EEE77AF1EE10FA01F34C8167EEFA
:10299400255ADDED1F7A8DED1E7AF5EEC07AF1EE43
:1029A40010FAC1F2B684B7EE007AF4EE477AF1EE8B
:1029B40010FA77FE277A9DED207ACDED1F7AB5EED9
:1029C400C07AF1EE10FAC1F27E84F7EE007AB4EE2A
:1029D400677AF1EE10FA37FE877ADDED217A8DED14
:1029E400207AF5EEC07AF1EE10FAC1F26884B7EEFF
:1029F400007AF4EE477AF1EE10FA77FE277ADDEDED
:102A0400226ACDED217AF5EEC06AF1EE10FAC1F238
:102A1400AB84B7EE007AF4EE476AF1EE10FA77FE73
:102A2400266A9DED237ACDED226AB5EEC07AF1EEE9
:102A340010FAC1F29584F7EE006AB4EE667AF1EE0C
:102A440010FA36FE877ADDED240A8DED237AF5EE51
:102A5400C00AF1EE10FAC1F27F84B7EE007AF4EE08
:102A6400470AF1EE10FA77FE200ADDED256ACDED76
:102A7400240AF5EEC06AF1EE10FAC1F26984B7EEE9
:102A8400007AF4EE476AF1EE10FA77FE266A9DEDBD
:102A9400267ACDED256AB5EEC07AF1EE10FAC1F2D0
:102AA4005384F7EE006AB4EE667AF1EE10FA36FE5D
:102AB400877ADDED276A8DED267AF5EEC06AF1EEB0
:102AC40010FAC1F23B84B7EE007AF4EE476AF1EEF5
:102AD40010FA37FE267A8DED087ADDED286A9DED31
:102AE400087AF5EEC06A8DED277AF1EE10FAC1F29C
:102AF4001D84B7EE006AF4EEC66AF1EE10FA01F333
:102B04003B849FED8D5A9FED8D7A26EE855A26EEF5
:102B1400877A9DED2C6ADFEDB34ACDED286AB4EED9
:102B2400E46AF1EE10FAC1F2E283F3EE046AB4EE61
:102B3400666AF1EE10FA36FE866A75EE856A8DEDE8
:102B44002C6AF5EEC06AB0EE666AF1EE10FAC1F2D4
:102B5400C883F7EE006AB4EE666AF1EE10FA76FE08
:102B6400866ACDED106A9DED2B6ADFED756AE6EE9F
:102B7400267A77EE879AF5EEC09AF1EE10FAC1F252
:102B8400AC83DFED707AF4EE679AF1EE10FA77FE1B
:102B9400A99A9FED6D0A07F0BBF8DFED6C6A9FED13
:102BA4006C7ABFEE006A60EE267A67EE877A86EE6C
:102BB400270A07F03BF8DFED617A9FED667A38EE7D
:102BC400678AB0EE40DAC8EE077AF5EEC07AF1EE25
:102BD40010FAC1F27C83B7EE007AF4EEC77AF1EE14
:102BE40010FA01F3C58367EEA77ACDED097AF7EE03
:102BF40000DA9DED087AF3EE017A9FED565A27EE3E
:102C0400074ADFED555AF1EE086A159BF3EE024AC6
:102C1400149AB0EE6D6A03F10208E7EE276ADFED5D
:102C2400477A03F58173DFED4D3AA4EE246A02324C
:102C3400E7EE057A9DED097A0C930AF58044DFED01
:102C4400448A0AF17407E6EE875A9FED459ADFED50
:102C540045BAFCEEC66A9FED44BA67EE877A9FEDEB
:102C6400358ACDED023ACDED046A9DF81030CDEDF4
:102C7400013A13930AF16003CDED0B5A0D930AF553
:102C84008073CDED117A0E930AF2271303920F93FA
:102C940094F85A315A1C1B0784F85A2101F0F48124
:102CA400DDED20AA4FF000099DED1DCADFED2FFADE
:102CB400DFED2FCADDED22EADDF834B0FBEC017A5A
:102CC4009BED047A87EE28AA3AEE27AABBFE4A7A3D
:102CD4003AEE47AAB4EEE7AA0BED01AAF1EE10FA18
:102CE40004D59DF8B530002B01F075805F4509F1DE
:102CF4000109E3D19AED1CEAB6EE00AA9AED1A0A8C
:102D04009AED197A30EE4E0ADFED1A7A8DED0A7AD1
:102D1400A7EE270A20EE090A07F08AF9F0EE4A5ACC
:102D2400DFED0C7A9FED217AE0EE0A5AD4ED5A6A6F
:102D340068E000BFEC51383F295C8F3EEC51383ECF
:102D44003D0AD73ECDCCAC3F0000B442CDCCCC3C08
:102D540000442C4785EB513FCDCCCC3D0000000016
:102D6400DB0FC9403333B33E52B89E3ECDCC0C3F4B
:102D74008FC2F53EA470BD3E6F12833A3F351E3FAD
:102D840000001B440000F04200002A43000061449C
:102D940000C0B744000040420000D2436666C63F0C
:102DA4006666E63E00001042F628DC3FE17A143FF6
:102DB400A4706D408FC2953F48E13A3FAE47E13D74
:102DC4003333B33F333373409A99D93F14AE073F3B
:102DD4007B148E3F8FC215401F852B3FF628B440CD
:102DE4001F858B3F0AD7A33D1F856B3E295C8F3D12
:102DF400295C0F3E5C8FC23EAE47613E8FC2753E7A
:102E0400CDCC4C401FED246AA5EEA77ADDED0B7AFC
:102E140027EE877AC7EE287A77EEA67ABBFE677A22
:102E240077EEC77A9DED097AB4EEC67AC4ED5A7A84
:102E3400F1EE10FA41F3CC80F4EEE76AF1EE10FA09
:102E440041F3C6805FED337A9AED1BFA9AED180AC6
:102E5400AFEE270A20EE090A07F0EAF8DDED097A59
:102E64005FED395AA0EE0AAA3DEEE75A1FED3B6A20
:102E7400F3EE067A1FED3C7AF3EE026AE5EE257A6C
:102E8400DDED085AA5EEC67AE7EE0A7AF4EEE67AA4
:102E9400F1EE10FAC1F204821FED447AF4EEC77A1F
:102EA400F1EE10FA01F30082FCEEE77A17EE903AA5
:102EB4009BB21D465FED4A6A5FED4A7A1FED4A7A7E
:102EC400EAEE267ADDED26FAA4F86E31B4F858312C
:102ED4009DED0A6A36EE4F0AEFEE877A20EE090A74
:102EE400FCEEE77A17EE902A9B1AC3F30A03A4F8C0
:102EF4006C3107F09DF8F1EE046AF0EE6D7A9DED09
:102F0400096AB1EE007A0023B5EEC00AE6EE267A2D
:102F1400DDED086AA4F8703184F87931F1EE10FA25
:102F2400E6EE877AFCEEE77ACDED047A9DF8103070
:102F340005FB03F3C4F87431ACBF01234FF0FF3336
:102F440084F87831F0EE6E0AB2EE040A06F0E0FE80
:102F54001FED6E7A5FED6E7ADAED315AE9EE877A1B
:102F64005FED706AF5EEC05A9DED23AA20EE26FAB5
:102F74009AED497AF1EE10FA2AEE27AA03DC5FED06
:102F8400725A6FEE255A9AED366AB3EE044A1FED73
:102F94007A5AF0EEC74A5FED7B7A67EE0ACAF4EE1E
:102FA400445ADAED3BEAE6EE057A5FED7F3A64EEE9
:102FB4008A4A1FED805AF1EE10FA1FED813AAEEE07
:102FC400A35ADAED273A8DED056A98BFF0EE445A1C
:102FD4009AED2C4AE4EEAB7A5FED7E4AACEE035AEE
:102FE40067EEA57AC7EEA85A67EE857A87EEA8CA77
:102FF40075EEA37AFBFE675A77EEE57AB0EE670AC0
:10300400CAED277A3CEE04CAACEEA40AFBFE4C7A65
:103014003CEE67CA8AED2CCA20EE090A07F008F8CC
:103024006AEE005A5FED9B7A8DED040AA5EEA7CAFD
:103034002CEE090A06F0FCFFB6EE005ADDED043A68
:10304400B8EE004A9DED056A062373EEC07A5FED83
:10305400A45A36EE455A5FEDA54AB0EE656A1FEDF7
:10306400A63AF0EE005A67EE857AA9EEA46AFFEE5E
:10307400004AE3EE807AAEEE836AECEE8B7A67EE7A
:10308400867A05E0013B75EEE77A13F0FF030FD073
:10309400F4EEED7AF1EE10FAF4DCF4EEE47AF1EE0B
:1030A40010FA05D5013B74EE677A13F0FF03EFD1F4
:1030B4009AED406ADAED326A67EE867A1FEDBD7AE0
:1030C400F5EEC06A67EE87EAF1EE10FACDED17EA85
:1030D40003DC5FEDC16A6FEE266AB3EE0C5A9AED1B
:1030E400376A5FEDC45A5FEDC47AF4EE456A9AED2F
:1030F4003C3AE6EE257A5FEDC73A5FEDC75AF1EE4A
:1031040010FADAED2D4AE3EE235A9AED284A8DEDB2
:10311400066A98BFF0EE456A1FEDCECA67EEA66A4E
:1031240066EEA55AC6EEA87AC5EEA86A77EE847A4A
:10313400FBFE675A77EEE57A76EEA46ACAED287A42
:10314400CDED047AFBFE665A76EEE56A26EE890A30
:10315400CAED2D6A06F06CFF5FEDDD3A1FEDDD5A16
:10316400DDED047AAAEE235ADAED455A1FEDE04A62
:103174006AEE255AD4ED57CA8DED050ACDED045AF1
:10318400E5EE007AE5EE847AECEE8C7A27EE890A95
:1031940006F04EFFF0EE407A1FEDEA5A30EE6C0A6C
:1031A4001FEDEB4AF0EE6C6ADDED054A06239DED5A
:1031B400066AE4EE857A5FEDEF3AA6EE04CA1FEDE7
:1031C400F05AB0EE6D4ADDED045AF8EE004AB0EE66
:1031D400006AA9EE854AE5EEA37AE0EE0C6ABFEE3A
:1031E400005A67EE847AC4ED576A05E0013B76EE37
:1031F400677A13F0FF030FD0F4EEED7AF1EE10FAD4
:10320400F4DCF4EEC57AF1EE10FA05D5013B74EE68
:10321400E77A13F0FF03EFD1DAED415A9AED336AFE
:1032240067EEA57ADFEDAD6AB5EEC06A67EEA6CAB1
:10323400F1EE10FACDED18CA03DC9FEDA96A2FEE6A
:10324400066AF0EE487A9AED385ADAED465AF3EE09
:10325400071ADFEDA44AB1EE004AF0EEE53ADFEDDD
:10326400A22AE5EE247A9FEDA12AB4EE626ADAED91
:103274003D4A63EE8A3A9AED293AA4EEA14A8DEDCD
:10328400075AF1EE10FACDED065ACDED054AE3EEFC
:10329400827ADAED2E3A98BFB0EE626A27EE866A39
:1032A40024EE064AC6EE287A84EE28CA77EE837A9C
:1032B400BBFE676A77EEC67A3CEE23CA27EE890A1C
:1032C400CAED297ABBFE4C6A3CEE46CA8AED2ECA88
:1032D40006F0AEFE8DED040A2CEE090A06F0A8FEF7
:1032E400B5EE006A9DED075AB0EEC03ADFED802AD4
:1032F400A5EE086A9FED7F4ADDED054ADDED043A4F
:10330400A4EEA24ADFEDB07A9FED7B5ADDED065ABA
:1033140026EE006AB4EEE36AF1EE10FAB4EEC43AB3
:1033240058BFF0EE457AF1EE10FA00F18E869FED6B
:10333400A46A77EE867A9FED714A9FED716A65EE15
:103344008A5ADFED9E4ABFEE005AA9EE846A06232C
:10335400E5EEA47AF8EE004AF0EE465AB0EE006AC2
:1033640067EEA57A05E0013B76EE677A13F0FF037A
:103374000FD0F4EEED7AF1EE10FAF4DCF4EEC57A47
:10338400F1EE10FA05D5013B74EEE77A13F0FF0372
:10339400EFD19AED425A9AED346A67EE857ADFED01
:1033A400595AB5EEC06A67EEA55AF1EE10FACDEDA2
:1033B400195A03DC9FED546A2FEE066A9FED535AA7
:1033C400B0EE6B3ADFED527AB4EE456ADAED394A83
:1033D4009AED3E4AA4EEA73ADFED4E2AF1EE10FA3A
:1033E400DAED2F3AF0EE4B7A98BFB0EE456AE4EE90
:1033F400227A23EE065A27EE856AC6EE287A77EEFD
:10340400A37ABBFE676A77EEC67AF4EEE73ACAEDB2
:103414002F7AF1EE10FA00F3018694ED583ADFEDBD
:103424003E7A9FED3E6ADAED473AA4EEA76ADFEDF5
:103434003C2AF0EEE31ADFED3B4AD4ED597A33EE41
:10344400672AA1EEA26AB4EEE46AF1EE10FAC0F2C1
:10345400CC85DFED354AB4EE646AF1EE10FA34FE41
:10346400866AC5EE284ADAED2A2ADFED301A9FED86
:10347400305AE2EE067AA4EE215AC4ED597A33EEBC
:10348400673A34EEA26AFBFE464A36EE646AB4EE4C
:10349400C65A8AED2A6AF1EE10FA03DC9FED256A1A
:1034A40067EE867A67EE887A9FED234A23EE8A6A6E
:1034B4009FED225ADFED3A2AF8EE003AE3EE047A61
:1034C400DFED1F4ABFEE004A0623E9EE854AB0EE5F
:1034D400005AE6EE227A67EEA47A81E0CDCC0C3F66
:1034E400295CEF3FCDCC4C40000034426666E63F99
:1034F400AE47613D8FC2753C5C8FC2BE3333B3406F
:103504009A99993F713D0A3F1F855B400000004234
:10351400CDCC2C40CDCC9C405C8F423E6F12033C02
:103524000AD7233E6F12833BF628DC3E7B14AE3E63
:10353400EC51B83D8FC2F5BE3333933F9A9989401D
:10354400CDCC8C3FA470BD3EB81E053F00C04A449C
:103554000000A6420040A14400400144000014427F
:1035640000801844C3F5683F333333408FC2F53EBF
:10357400EC51383D6666464086EBD13E0AD7A3BE81
:10358400D7A3303F5C8F42BE7C14AEBE52B81E3F00
:1035940048E1FA3EC4F5A83ECCCCCC3E48E13A3FE3
:1035A400EC51B83EC3F5283F14AEC73E53B89EBE97
:1035B400F6281C3F0000E042000000433D0AD73ECD
:1035C4000000000014AE473F5C8FC23EB81E053EAB
:1035D400AE47E13D013B75EE677A13F0FF030FD070
:1035E400F4EEED7AF1EE10FAF4DCF4EEC47AF1EED6
:1035F40010FA05D5013B73EEE77A13F0FF03EFD120
:10360400B0EE4E0ADAED3A4A1FED32FA9AED435A19
:10361400A4EE8F0A1FED346A67EE857ACDED055A64
:10362400CDED044A27EE86CA20EE090A8DED1ACAAA
:1036340006F0FEFC3DEEEF3A5FED3C3A1FED3C5ADE
:10364400B6EE006A1FED3D4AA3EE235A5FED3E3A03
:103654009AED3F3AA0EE066A5FED407AB4F858312D
:10366400EFEE847A1FED424ADDED044AA3EE235ABD
:103674005FED443A26EE2A6ADDED055AA4EEA3FA7C
:10368400F0EE6D4AE6EE047A9AED486A1FED4A4A76
:10369400BCEEC57A2AEE066AEAEE844A1FED4D4A6C
:1036A40017EE102AFCEEE77A9A1A26EE046AC2F3A1
:1036B4000A0202F656020AEB820292ED004A17EE63
:1036C400902A9A1AC2F30A020AEB8202D2ED567ABF
:1036D400DAF84021B0EE675A82EA4232AFEE445A39
:1036E40082EA5242B2EB421F4FEA4211A4EE856ACB
:1036F40000F076844A4005EE102ABAEEE05A29EE2C
:10370400855A5FED653A5FED654ABFEE003ACAF847
:103714004021F8EE002AA5EE236A0622B0EE6D5A87
:10372400F0EE003AA9EEA45A66EE054A05E0013A25
:1037340073EEE44A12F0FF020FD0F4EEED4AF1EE1C
:1037440010FAF4DCF4EEC34AF1EE10FA05D5013AAE
:1037540072EEE44A12F0FF02EFD1B0EE4B6A9DED37
:103764001F3A5FED7B2AB0EE482A5FED7C3A1FEDED
:103774007C5AA3EE226A5FED7D0AA3EE235A5FED25
:103784007E3ADAED441AA3EE232A5FED802A64EE32
:10379400A14A5FED811A2CEE866A1FED821AE3EED0
:1037A400202A5FED833AE3EE601A5FED846A2CEE23
:1037B400855AD4F87421AEEE826A1FED872AA3EEEF
:1037C400232A5FED883AAEEEA15AA5EEA26A5FED18
:1037D4008A2AE3EE012A1FED8B1AE3EE016AACEEAE
:1037E400026AA5EEA25AF0EE455AECEE265A5FEDB7
:1037F400906A24EEA65AA5EE236A8DED1B5AE5EED7
:10380400265A002A00F095809DED117AB5EEC07A13
:10381400F1EE10FA40F38D80B4F86EE1B4F8701153
:10382400764694F978C1012E38BF0126BCF1000F09
:10383400B1FBF6F506FB1515B4F86C61ADB2CCBF5F
:10384400AD19751B94F87961C5F30A05002E40F093
:103854002C841FEDA85A0AEB85055FEDA96A9DED3E
:10386400087AD5ED564A05F50055E7EE456A1398F2
:1038740066EEA44AF8FE644A84EEA65A84ED5F5AC2
:10388400D5ED564A84F8790166EEA44AF8FE644AF6
:10389400C4EEA63AC4ED603A07EE10EA1FEDB93A59
:1038A400F2EE084A5FEDBA2AF8EEC76A07EE102A6C
:1038B40066EE836AF4EE646AF1EE10FA98BFF0EEF5
:1038C400646AF8EE474A84EEA63AB4EEE23AF1EEC0
:1038D40010FAC0F2DB84B4EEED3AF1EE10FA00F324
:1038E400DB849DED117A63EE072A1FEDCA2A0131AC
:1038F4005FEDCB6A013A9DED087A5FEDCC4AE7EEC5
:10390400026A1FEDCD3AA4F87011C4F8742166EE72
:10391400A26A26EE855A66EEA36A6AEE453A26EE58
:103924008AAAE3EE836AAAEE245A75EEA65A36EE04
:10393400056A66EE086AB9EE005AF4EEC56AF1EE5D
:1039440010FAC0F25F83B1EE005AF4EEC56AF1EEEC
:1039540010FA00F35A8366EEA63AB3EE0B5AB2EEAF
:10396400023A73EE854AA3EE835A64EEA66A86EEA3
:10397400853A65EE886AB9EE005AF4EEC56AF1EE4E
:1039840010FAC0F23C83B1EE005AF4EEC56AF1EECF
:1039940010FA00F3408366EEA63AB3EE0B5AF2EE49
:1039A400022A73EE854AA3EEA25A64EEA66AC6EE14
:1039B400853A9FEDA12A0AEB83029DED087A013333
:1039C4009FED9E5ADFED9E4AC3F30A03F0EE482AA8
:1039D40064EE2A6A67EEAA7AE7EE022A9FED992A34
:1039E400EAEEC54A9FED985AB9EE004A66EE856A3A
:1039F40067EE857AB0EE625AE4EE836AE4EEA37A67
:103A0400A9EE825AC2ED566A02F5005226EE056A04
:103A1400C2ED567AA4F85831B4EEC46AF1EE10FA45
:103A2400C0F2EA82F1EE007AB4EEE76AF1EE10FA3F
:103A340000F3EE8226EE064AF3EE0B7AF2EE023A39
:103A440074EE274AE4EE237A24EE866AF0EE676A7F
:103A5400C6EE267AD4ED616A94ED624ADFED7B4AC4
:103A6400C4ED617A65EE855A77EEE66AB9EE006ACE
:103A7400E4EE246AF4EEC65AF1EE10FAC4ED626A7A
:103A840066EE886AC0F2B582F1EE007AF4EEE75A87
:103A9400F1EE10FA00F3F58265EEA54AF3EE0B7A27
:103AA400B2EE024A34EEA75AE4EE847A65EE255A61
:103AB400B0EE676AC5EE867AD4ED635AC4ED637AD4
:103AC40094ED645A9FED616A77EEE57A9FED5B4A67
:103AD400F0EEE65A9DED017AFFEE003AE5EE067A45
:103AE400C4ED647A67EE887ADAED1E4A9AED1D6AAF
:103AF40036EE245A36EE646AF0EEE74AB4EE445ADF
:103B0400B0EEC66A75EEA45AF1EE10FAF4EEE36A6A
:103B140037EE257A98BFB0EE445AF1EE10FA8DEDE7
:103B2400017AC6EE055A9DED027A37EE257A8DEDBF
:103B3400027AC0F25382F4EEED6AF1EE10FA00F369
:103B44009D829FED436A66EE866AFDEEE66A16EE96
:103B5400903A1BB2FFEE006A039A22F8023FF4EE99
:103B6400E67A0392F1EE10FAC0F23682F4EEED7AC0
:103B7400F1EE10FA00F39082DFED356A67EEA67A73
:103B8400FDEEE77A17EE903A1BB29FED32CA18ADFC
:103B9400DFED31FA4FF0000B9FED30FADFED30AA84
:103BA4009FED30AA28F8023FDDE90E6907EE90BACE
:103BB400F0EE480AB0EE4D0AC6ED05EAF8EEE77AF3
:103BC400E7EE8C0A06F0A4F819F8013F7BB396EDF2
:103BD400000A7FEEC07AA7EE8F0AB4EEEA0A0BF170
:103BE400010B0436F1EE10FA48BFB0EE4A0ABBF1FD
:103BF400050F06ED010A4FD0F5EC01EAD6E7149B58
:103C040013B1184603F084FB159B3BB118462FB043
:103C1400BDEC108BBDE8F04F03F07ABB2FB0BDECC8
:103C2400108BBDE8F08FB0EE677AFEF7B2BED6ED2A
:103C3400007A20EE270AD0E766660640CDCCCC3D5C
:103C4400295C4F3F666626405C8F423E52B87E3FF9
:103C540000FEFF467B142E3EB81E053FFAED6B3A7C
:103C6400ACC52737000000000000803B0000003C8A
:103C7400EC51383E8FC2F53DDB0FC940713D8A3EA1
:103C84005C8FC23E3333B33EEC51383D3D0AD73EE0
:103C9400E17A143F6666C63F0C9B43457EF4F8AF59
:103CA4005FED0F7A9DED017A67EE27DAF5EEC0DA63
:103CB400F1EE10FAC0F23783F7EE007AF4EE67DA29
:103CC400F1EE10FA77FEADDA94ED656A5FED196AEC
:103CD4007DEEC6DA9DED026AD4ED657A26EE26DA2B
:103CE4001FED1D7AEDEE877AB5EEC0DAF1EE10FA2B
:103CF400C4ED657AC0F21483F7EE007AB4EE67DAA5
:103D0400F1EE10FA37FE8DDAD4ED666A1FED277AEC
:103D14003DEE66DAD4ED667A5FED298A9AED180AEB
:103D2400EDEE077A20EE280AC4ED667A06F080F9F3
:103D3400DDED0A7AB0EE409A27EEA80A06F078F98B
:103D44005FED327A5FED326A67EEC07A9AED1B7AE4
:103D540037EE4E7AE9EE267A27EE280AB0EE678A25
:103D640006F066F95FED396ABFEE007AF0EE487A44
:103D7400E0EE267AF4EEC77AF1EE10FAC0F2CD82C4
:103D8400B7EE007AF4EE477AF1EE10FA77FE277A6E
:103D940094ED676A50465FED446A002277EEC67A76
:103DA40094ED677A149DA7EEA67A294684ED677A86
:103DB40003F0D6FA159C01225046214603F0D0FAAE
:103DC400284603F0A5FA20462FB0BDEC108BBDE8C1
:103DD400F04F03F09DBAA3F1333309F1020609F160
:103DE40004051FED56FAA3FB0621A3FB053221F0BF
:103DF400030303EB9103F61A22F0030303EB92038C
:103E04001836ED1A0AEB8603183593ED000A0AEB0F
:103E14008503D3ED007A30EE670A20EE090A06F036
:103E240007F9F6EE007AB0EE6D7AB9F1040FE0EE20
:103E3400277AA7EEEF7AA7EE2CFA0BD01FED6C7A57
:103E4400DDED106A26EE877AF4EEC77AF1EE10FA09
:103E540000F13481F0EE6E0ACDED047AB2EE040A7C
:103E640005F056FFB6EE007ADDED047AF0EE6B0A4B
:103E7400B0EE40EA77EEC77A1FED7A7AB0EE000A28
:103E8400ECEE070A67EEA00A05F042FFE94BDFED0E
:103E9400EA7AB5EEC0FA03EB89032EEE27EAD3EDF6
:103EA400007AF1EE10FA4FEA89032EEE27EA2EEE9D
:103EB400000AC0F2F780DFEDE17AB4EE67FAF1EEC2
:103EC40010FA37FE8FFA9BED277AF3EE027AB4EEFE
:103ED40047FAF1EE10FAB4EEE70A98BFB0EE47FAEB
:103EE400F1EE10FA8BED27FAC0F2D980DFEDD47A27
:103EF400B4EE670AF1EE10FA37FE800A0AEB860682
:103F04008BED180A0AEB8505B6EE00EA96ED00FA89
:103F14000AF59472D5ED007A002105933FEE670A05
:103F240002F809108DED047ACDED077A20EE090A26
:103F340006F07EF8F0EE4E6A9FEDC26AE0EE0E6A7D
:103F4400B0EE4A0AAFEE060ACBED1D6ACDED066A65
:103F540020EE090A06F06CF89FEDBB6A9DED047A29
:103F6400A0EE0EEA059BB4EEC67AF1EE10FA8BEDE4
:103F740022EA15D59FEDB57AAEEE0BFADDED066AB1
:103F8400DDED077AE6EE877ABBFE4F7A3FEE47FA1D
:103F94008BED0EFABBFE677A77EEC77ACBED137A18
:103FA400DFEDAB7A0AEB0301AA4A2AEE27AADBF873
:103FB400CC30BCEECAAA1AEE100A10444340CBF827
:103FC400CC30D1F844210132C1F84421FEF78EBE31
:103FD400DDED26FAFEF7B6BF9F4BD6E59E4BB9E55D
:103FE4009FED9E5A9E4AFFF78ABBB0EE646AFFF7C4
:103FF40038BADFED9C7A5FE5DFED9A7A2AE5DFEDEA
:10400400993AD6E49FED973AB3E49FED973AB0E43A
:10401400DFED957A1EE5DFED943ACAE4DAF83C3137
:1040240083EA433383EA5343B3EB431F4FEA431218
:1040340000F0F880534003EE103ABAEEE03ACAF8C2
:104044003C3184ED583AFFF7EAB9DAF8383183EABB
:10405400433383EA5343B3EB431F4FEA431200F065
:10406400E5805340B7EE045A06EE103ABAEEE06A21
:1040740026EE056ACAF83831FFF75BB947F6FF73D5
:1040840068E5DFED797A17E59DED100A1CA9504625
:10409400FEF714FBFEF704BE47F6FF7375E5B0EEBA
:1040A400670A2BE79FED76FA0DE7013E94ED5F5A20
:1040B400D4ED603A84F87961FFF7EEBB9FED6B6A4B
:1040C400F0EE6D5ADDED104A9FED697ADFED696A15
:1040D400A4EE867A9FED685AE4EEE65A9BED186AE0
:1040E400F0EE6C6AEAEE856AB5EEC07A2FEE25FA38
:1040F400F1EE10FA66EE866AC0F2DE809FED4F6A3A
:10410400B4EE467AF1EE10FA36FE077ADAED445A46
:10411400B3EE026AB4EE657AF1EE10FAF4EEC66A12
:1041240098BFB0EE657AF1EE10FA8AED447AC0F2E7
:10413400C0809FED437AF4EE476AF1EE10FA77FE01
:10414400266A9AED1B6AB6EE00EACDED067A0023E4
:10415400DAED197ACAED356A37EEC60A8AF82C31D7
:10416400CDED075ACDED047A20EE090A8DED126AE1
:1041740005F05EFFB0EE4E5ADAED1C6ADFED314A0F
:10418400A0EE0E5ADDED047AB0EE660ACDED056AB6
:10419400A7EEA40A8AED3A5A8DED0A5A20EE090ACE
:1041A40005F046FFB0EE4E7ADFED274ADDED075A03
:1041B400A0EE0E7ADDED056AF4EEE45ADDED067A42
:1041C400F1EE10FA8AED3F7A17D59DED04EA9DEDE4
:1041D4000A5AA7EE0BEA9DED126ABBFE4E7A3EEE3A
:1041E40047EA9FED1A7AA5EE076A8AED2BEABBFE31
:1041F400467A36EE476A8AED306A9FED157ADAF828
:10420400541166EE876A134A0131DAF84031FCEE44
:10421400E66ACAF8541116EE901A11444B40CAF8D3
:10422400403117E69FED0D3A0D4B08E79FED136AF9
:104234000B4B1FE7CC060020000010423333B33F82
:1042440000803B46D1223B3F8FC2753DD7A3F03E51
:104254000000804FB979379E0180FFFF9D7D39BFF3
:104264006C3141A3A0BF80BFA0BF803F52B81E3FA6
:10427400CDCC4C3EAE47613F0AD7A33E04DD67BFB9
:1042840000000000EC51383E295C8F3E9DED117A10
:1042940067EE222AFFF729BBDDED112AFFF725BBC4
:1042A40012252B46FEF706BE4FF461752B46FEF72A
:1042B40001BEF0EE466A44E71FED0F7A26E75FED94
:1042C400107AFEF79CBB1FED127AFEF786BB5FEDFA
:1042D400147ACDED097AFEF78ABC5FED179AFEF7E2
:1042E40058BC5FED196ACDED106AFEF73CBCB0EE28
:1042F400646AFEF722BC5FED1E5AB0EE657AFEF7E3
:1043040048BB5FED217AFEF72EBB1FED238AFEF733
:1043140018BB5FED257AFEF74EBBF0EE477A37E522
:104324001FED29DAF0E45FED2ADACDE41FED2C7AF3
:10433400B0EE475AF0EE476AFEF7EBBB1FED307A5A
:104344008DED087AFEF7C9BB1FED337AFEF7B1BBDA
:104354005FED356AFEF79BBB5FED370AFEF785BB61
:104364001FED397AFEF76FBB5FED3B6AFEF759BB71
:104374008DED097AFEF73BBCF0EE466A1FED3F7AFD
:104384001FED3F5AFEF7C5BB27480C21DFED276A16
:10439400036810B4264C12E007EE902AF8EEE77A90
:1043A40087EEA67A4A1E77EE407AF0EEE77AF4EECC
:1043B400E07AF1EE10FA21DA12F0FF010ED083EA6E
:1043C400433383EA534282EA4213B2EB421F23F09F
:1043D4007F42E1D19FED177A2346E3E7F6EE007AB8
:1043E400B4EEE70AF1EE10FA0ED430EE607AB5EED0
:1043F400C07AF1EE10FA98BF9FED0F7AB0EE470A3B
:104404005DF8044B0360704730EE207A5DF8044B8E
:10441400F7EE007A0360B4EE677AF1EE10FA37FE35
:10442400877AB0EE470A7047FC100020FFFF7F4BED
:104434006C3141A3D962823E000000002DE9F84F9F
:10444400D64C051EDFEDD60ADFEDD67A04F114064C
:104454002DED0C8B47FEA00A94ED000AFFF794FFA4
:10446400A4EC010AA642F7D1CF4C04F1180694ED4E
:10447400000AFFF789FFA4EC010AA642F7D1CB4C4E
:104484004FF00132CA4B26681A6086EA46369A8093
:10449400DFF888C386EA5646C64BC74FB6EB461FBD
:1044A40086EA461608BF1E46BCE80F000FC79CE804
:1044B4000300266087E8030003F050FC034616203F
:1044C4005E4003F0F7F94FF0E0234022B6EE005AC5
:1044D4009FEDBA6AC3F88821002DB94A80EA060024
:1044E400DFEDB87ADFEDB85A1746B84B07FE866A97
:1044F400DFF82CC380EA403053ED337A80EA504031
:1045040080EA401081B286183A4406EE901A624559
:10451400F8EEE66A86EEA57A37EE457AE7EE067A95
:10452400BBFE677A77EEC77A43ED337A53F8041FFC
:1045340081EA06011960DDD1A54EC0F30903DFED60
:10454400A59A4FF0000AB6F858216FF00B01DFED81
:10455400A2BA13444FF0E0229FEDA0BAC3F30A03BA
:10456400DFED9FAA9FED9FAAA6F85831A6F58046D5
:104574004023DFF8B08206F1600B06F22717DFF85C
:10458400A892C2F80831002D00F0DF80236883EA86
:10459400433383EA5343B3EB431F83EA431200F0EC
:1045A400F98022F07F43B0EE4A8A07EE903AF8EEA3
:1045B400E77A87EEA97AA7EE2A8A99F80030F2EE14
:1045C400087AB0EE000A2260194481F307014539E4
:1045D40007EE101AF8EEC70AC0EEA70A05F098FB1A
:1045E400DFED817A4FF0E0234022C3F88821B5EE55
:1045F400C08A20EE270AF1EE10FAC0F2C080DFED87
:104604007B7AB4EE678AF1EE10FA37FE888ADBED26
:1046140028CAF3EE027AB4EE6C8AF1EE10FAB4EE24
:10462400E70A98BFB0EE6C8AF1EE10FA8BED288A97
:10463400C0F2A280DFED6E7AB4EE670AF1EE10FAF2
:1046440037FE800A00230AF102026A49B6EE008AA4
:104654008BED190A07F8013FA1FB023C0AF10403A0
:10466400F0EE48DA9FED64DAA1FB03012CF00300BD
:1046740000EB9C00121A06EB820292ED189A21F0CC
:10468400030202EB91029B1A06EB830393ED18CA13
:1046940039EE4C0A20EE0D0A05F0CAFCE0EE08DA09
:1046A400DFED567ACBED1EDAFBEC018AB0EE680A38
:1046B400A9EE270A20EE0D0A05F0BAFCDFED507AC8
:1046C400A0EE088AF4EEE7CAF1EE10FA8BED228A26
:1046D40013D59FED4C7ADFED4C7AA8EE079AADEE38
:1046E400A7CABBFE497A39EE479AFBFE4C7A3CEEE8
:1046F40067CA8BED0E9A8BED13CADFED447A0AF18B
:1047040050032F4A0AF1010A68EEA78A06EB8303D5
:104714004FF0E02C4020BAF1050FFCEEE88A18EEC9
:10472400901A11440A46DBF8CC1082EA0102CBF855
:10473400CC205A6802F101025A60CCF8080121D059
:1047440018F9011F002D7FF421AF236883EA433356
:1047540083EA5343B3EB431F83EA431216D022F098
:104764007F43B0EE4B8A07EE903AF8EEE77A87EE95
:10477400A97AA7EE2B8A20E7B0EE670A62E79FEDDD
:10478400248A44E7BDEC0C8BBDE8F88F9FED218AA9
:10479400084A12E79FED208A064A0EE71813002004
:1047A400EC51B83ECDCC4C3E38130020FC10002018
:1047B400681F00206C3141A3701F0020A4703D3F8E
:1047C400B979379EAE47613E00FF7F47CC20002079
:1047D400A05F0020FFFF7F4B295C8F3E0AD7233F59
:1047E4003D0AD73E85EB513F0000DC433333B33FF2
:1047F40000803B46CDCCCCCCDB0FC940D1223B3F23
:104804008FC2753D52B89E3ED7A3F03E0000804F44
:10481400000000001418363F144D6D3F881F00201F
:1048240056DA4CB5C4060020B11300202DE9F84F28
:1048340000224FF0E02340211D48DFF880A04FF014
:10484400FF0BC3F8881148F20808C0F8282117465E
:1048540080F82C21174EC3F808110123164D16F8C1
:10486400019B591E5C1C0AF801BBB9F1000F13D05F
:10487400012928781A464FEA00408CBFE2B2541C42
:1048840000F4FE00013A40EA022040EA080004F085
:10489400EFFC4A4606F8017CE3B20135062BDED173
:1048A4000AB9BDE8F88FBDE8F84F04F0E9BC00BFD1
:1048B400A01F0020F01E00202C130020DC1000207C
:1048C400F0B5841EE4B22DED088B042C83B0019264
:1048D4000BD9924E924A3478631CA2FB035222F005
:1048E400030505EB92029B1A3370A0F101008D4F72
:1048F4000023B0FA80F03A46400912F801CBDDB249
:104904001E4601338C4502D1002840F0E080052B7F
:10491400F3D1A1F14503F2EE087AB0EE000A39555D
:1049240000EE903A804B2646F8EEE00A1970C0EE8D
:10493400A70A05F0EDF9042C03D903B0BDEC088BEC
:10494400F0BDDDED017A9FED796AF8EEE75A9FED4F
:10495400788ADFED787ADFED786A85EE867A774BB0
:10496400197820EE260AA7EE278AB5EEC08A4FF002
:10497400E0234022F1EE10FAC3F88821C0F2A180AE
:10498400DFED6F7AB4EE678AF1EE10FA37FE888AAB
:104994006C4D06F14003F3EE027A05EB830393EDCD
:1049A40000AAB4EE4A8AF1EE10FAB4EEE70A98BF10
:1049B400B0EE4A8AF1EE10FA83ED008AC0F28480E8
:1049C400DFED617AB4EE670AF1EE10FA37FE800A81
:1049D40005EB8603524ADFED5DAAB6EE008A83ED4D
:1049E400310AAB1983F82811A31C0434B0EE48BA79
:1049F400A2FB0310A2FB041220F0030101EB9001BF
:104A04005B1A05EB830393ED189A22F0030303EB7F
:104A14009203E41A05EB8404D4ED189A39EE690A7A
:104A240020EE2A0A05F004FBA0EE08BA05EB860284
:104A3400DFED477AD2ED188AB0EE680A82ED36BA15
:104A4400A9EE270A20EE2A0A05F0F2FADFED417AF0
:104A5400A0EE088A05EB8603B4EEE7AAF1EE10FA9D
:104A640083ED3B8A13D59FED3C7ADFED3C7AA8EECB
:104A7400079AEBEE279ABBFE497A39EE479AFBFE7A
:104A8400697A79EEE79A83ED279AC3ED2C9ADFEDE4
:104A9400347A4C36334B4FF0E02268EEA78AFCEEB2
:104AA400E88A18EE901A19440B4655F826104B4024
:104AB400402145F82630C2F8081103B0BDEC088B3C
:104AC400F0BD9FED298A63E7B0EE670A80E7DDED6C
:104AD400017AA1F145039FED156AF2EE080AF8EE9A
:104AE400E77A07EE103A9FED128AB0EE000AB8EEAC
:104AF400C77A0D4BC7EE866ADFED0E7A19702C4625
:104B0400B955C7EE200AA6EEA78A05F001F9DFED34
:104B14000A7A0A4B20EE270A197826E71464002043
:104B2400CDCCCCCCDC100020B11300200000FE4220
:104B34009A99993E9A99593F0000DC4322640020D7
:104B44003333B33FA01F002000803B46DB0FC94036
:104B5400D1223B3F8FC2753D52B89E3ED7A3F03E53
:104B64000000804FB979379E00000000F0B50E4A6E
:104B74000223FF274FF0E02E40240C4E002512F8AC
:104B840001CB8C4503D00133072BF8D1F0BD0128AC
:104B940001D09842F7D102F8017CCEF88841F5544F
:104BA400CEF80841EFE700BFDC100020C62000204B
:104BB40007EE901A19289FED137AF8EEE76A10B5FC
:104BC4001BD8A0F11403104AC6EE877ADBB20F4C4F
:104BD40002EB83024FEA830CC2ED007A0C4A624472
:104BE400D2F800E00B4A6244C2F800E00A4A0244E8
:104BF40002F8141C0122E25410BDA0F11A03074A62
:104C0400E2E700BF0000FE4214130020681F0020EA
:104C1400881F0020701F002000130020381300207C
:104C2400F8B52DED0C8B9FEDC59ADFEDC5AA9FED70
:104C3400C5AADFEDC58A9FEDC58ADFEDC59A0020C0
:104C440004F0C4FB002864D0C24BC3491B78C34A98
:104C5400C34CF82B91F800E01278207833D003F19C
:104C6400060C5FFA8CFCBCF1010F55D9FC2B6FD0FC
:104C7400902B64D0802B67D0B02BE0D1AEF114031D
:104C84000B2B40F2AA81BEF14A0F00F0AE81BEF1B7
:104C9400780F02D0BEF17B0FD1D14FF0E022402437
:104CA400B0490020C2F88841AF4BC1F82801C2F8CE
:104CB40008414FF0FF32AD4C1A601A71012381F89C
:104CC4002C012370BBE7AA4B1D78002DB7D1A94C4A
:104CD4000126A94A23681068A84F1B1A21683E7050
:104CE400B3F5FA7F116000F26F81A54944F61F62A3
:104CF400236809685B1A9342A1D9A24A1378013345
:104D0400DBB2172B42D80020137004F05FFB00289D
:104D14009AD1BDEC0C8BF8BD964A0023944801252A
:104D240017689949974A944E944C03700B7013700A
:104D34003760257003F012F8944B18607FE77146D2
:104D44001AB1FFF7BDFD7AE77146FFF70FFF76E76B
:104D54000122874E0023834932704FF0E0248A4EAB
:104D6400402586483370874E03704FF0FF30C1F8FA
:104D7400283181F82C3133707B497C4B0871C4F89D
:104D84008851C4F8085108601A7058E7157002F089
:104D9400E5FF7E4B7E491A681860831A7D4A1A44DF
:104DA4008A4200F21F8107EE903A7B492068B8EEF0
:104DB400E77A0C78794A7A490134CAEE877A0B602B
:104DC400A2FB0423704A7749167003F4FE7202EBC7
:104DD4009303E41A042CC1ED007A7349086000F0CF
:104DE400118104EB8403DBB2704AF2EE080AB0EEE0
:104DF400000A5C4D12781344DBB2453B07EE903A4F
:104E0400F8EEE77AC7EEA00A04F082FF04F140034B
:104E14004FF0E022402105EB830393ED00DAF3EE3B
:104E2400027A20EE0A0AC2F88811B4EEE8DAF1EE4A
:104E340010FAB4EEE70A2DFE287A83ED007AF1EE3B
:104E440010FAC0F2E180DFED5A7AB4EE670AF1EEAF
:104E540010FA37FE800AA21C504905EB8403281976
:104E6400A1FB0267B6EE00BA83ED310A231DA1FB54
:104E7400036127F00306F0EE4BDA06EB9706921B6C
:104E840005EB820292ED18CA21F0030202EB9102B3
:104E94009B1A002205EB830380F82821D3ED18CA5E
:104EA4003CEE6C0A20EE080A05F0C2F8E0EE0BDADC
:104EB40005EB8402D2ED18BAB0EE6B0AC2ED36DA15
:104EC400ACEE290A20EE080A05F0B2F8DFED397AD3
:104ED400A0EE0BBA05EB8403B4EEE7DAF1EE10FAB8
:104EE40083ED3BBA13D59FED347ADFED347AABEE24
:104EF40007CAEDEEA7CABBFE4C7A3CEE47CAFBFEDE
:104F04006C7A7CEEE7CA83ED27CAC3ED2CCADFEDC9
:104F14002C7A4C342B4B4FF0E0226BEEA7BAFCEE0C
:104F2400EBBA1BEE901A19440B4655F824104B406B
:104F3400402145F82430C2F8081180E60000FE4202
:104F4400002474490000DC43EC51383FDB0FC940B6
:104F5400D1223B3F2F6400202D6400202E640020CA
:104F64002C640020A01F0020DC1000201B64002003
:104F740018640020CC610020C41E00201A640020A4
:104F8400581E00201564002019640020A81E00206B
:104F940080B92A00C0F2FCFF14640020CDCCCCCC34
:104FA400101300200C130020D41E0020B113002085
:104FB40000803B468FC2753D52B89E3ED7A3F03E5B
:104FC4000000804FB979379E114B1D7002F0C6FE68
:104FD400104A114B10601D7031E611467046FFF700
:104FE400E7FD2CE60C4B1D7029E607EE902A0B4BCF
:104FF4000B4A0121F8EEE77A117087EE897A83ED86
:10500400007A1CE6F423EFE6B0EE670A23E700BF5C
:1050140015640020A81E002019640020C81E00206A
:105024001664002038B52DED088B72B68F4A002423
:105034008F4813788F490068DBB20968147062B630
:10504400002B00F0E2808C4B1A68824200F0DD8075
:105054008A4C8B4A1860236813608A4B8A4A0B4433
:10506400934240F2D7808949894B0C780134A3FBE1
:10507400042303F4FE7202EB9303E41AE3B2042C58
:105084000B7000F0C58003EB8303DBB2814AF2EEC0
:10509400087AB0EE000A804D12781344DBB2453B27
:1050A40000EE903AF8EEE00AC0EEA70A04F030FEF3
:1050B40004F14003DFED797A4FF0E02205EB83033E
:1050C400DFED776A402193ED00AAB3EE027A20EE79
:1050D400260AC2F88811B4EEE7AAF1EE10FAB4EE8B
:1050E400C70A6AFE277AC3ED007AF1EE10FAC0F21D
:1050F400B380DFED6C7AB4EE670AF1EE10FA37FE96
:10510400800AA21C624905EB84032819A1FB02CE84
:10511400DFED65AA83ED310A231DB6EE008AA1FBFB
:1051240003C12EF0030C0CEB9E0CB0EE48BAA2EBBC
:105134000C0205EB820292ED189A21F0030202EBB5
:1051440091029B1A002205EB830380F82821D3EDFA
:10515400189A39EE690A20EE2A0A04F069FFA0EED3
:1051640008BA05EB8402DFED517AD2ED188AB0EE6D
:10517400680A82ED36BAA9EE270A20EE2A0A04F05C
:1051840057FFDFED4B7AA0EE088A05EB8403B4EEFB
:10519400E7AAF1EE10FA83ED3B8A13D59FED457A29
:1051A400DFED457AA8EE079AEBEE279ABBFE497A23
:1051B40039EE479AFBFE697A79EEE79A83ED279AEE
:1051C400C3ED2C9ADFED3D7A04F150023C4B4C3494
:1051D40068EEA78A05EB82024020FCEEE88A18EE0E
:1051E400901A19440B4655F824104B40516845F861
:1051F400243001314FF0E0235160C3F80801BDECC5
:10520400088BBDE8384004F03BB8BDEC088B38BDD2
:10521400F4233BE707EE901ADFED2A6A2A4BB8EE37
:10522400E77A2A4AA3FB0131294C17232948C6EE01
:10523400877A090903702160274DC2ED007A02F0D4
:105244008DFD2368254918442A7808603AB14FF641
:105254000F0004F00DF806E7B0EE470A51E74FF6E9
:105264000F2004F005F801232B70F0E70E640020F2
:10527400601E0020641E0020A41E0020CC610020BB
:10528400581E0020BFF2FCFF7EB92A0007640020EC
:10529400CDCCCCCCB1130020A01F00206666663FA5
:1052A4000000DC4300803B46DB0FC940D1223B3F7A
:1052B4008FC2753D52B89E3ED7A3F03E0000804F8A
:1052C400B979379E00247449ABAAAAAAE410002035
:1052D400481E002009640020106400204C1E002099
:1052E400234A44F61F602349136809685B1A834202
:1052F40010B506D8204C2378012B01D0012323704C
:1053040010BD1E4B1B788BB11D4C47F22F501368F8
:1053140024681B1B834209D8174C2378022BEFD037
:10532400184A0021022311702370E9E7136847F239
:105334002F52114C5B1A9342237804D8032BDFD0ED
:1053440003232370DCE7002BDAD002F007FD0E4BB9
:105354000E4900221860D1F844110D4B0D48196014
:105364000D4B08491A60134602700A702370C7E790
:10537400CC610020581E00200A6400201A6400201A
:10538400C41E002009640020A01E0020A01F0020CD
:10539400C46100201C640020AC1E00202DE9F041F3
:1053A400914E0746914C0E2006F1050825462DED39
:1053B400088BB7EE008A9FED8E9ADFED8E8A11E09E
:1053C400F4EE487AF1EE10FA78FE277A95ED007A39
:1053D400464577EEC77AA7EEA87AA5EC017A13D0F2
:1053E40016F8010F02F066FA07EE900AB8EEE77AB3
:1053F400C7EE097A78EE677AF5EEC07AF1EE10FA24
:10540400DEDADFED7D7AE1E77C4B1A78BA420DD023
:105414007B4A764E1F704FF001337A4D13609380B0
:105424000FCE0FC596E8030085E80300744B4FF0D8
:10543400000C744A744D9E1DDFED746A744913F8B0
:10544400010B94ED007A60B1D2ED007A77EE677AC1
:10545400F0EEE77AF4EEE67AF1EE10FA05D403F80A
:1054640001CC002F6DD085ED007AB34204F1040421
:1054740002F1040205F1040501F10401DFD1162053
:1054840002F018FA07EE900ADFED596AB8EEE77AEF
:105494009FED596AC7EE267AF4EEC67AF1EE10FA59
:1054A40077DBB7EE007A5B4BF4EEC77AF1EE10FAD5
:1054B4004ADD93ED008ADFED587A77EE486A574D5E
:1054C40057492A78A6EEA78A81ED007A83ED008AEF
:1054D4008ABBF0EE477A5348F4EE487A5249F2EE2A
:1054E400080A0278B0EE000A504CF1EE10FAA1FB63
:1054F400023101F0FE0327FE888A03EB5103D31A1D
:105504000132DBB20270E45C494B022C1B7800F0E0
:10551400A180032C00F06C810C3B83F30703453B13
:1055240007EE903AF8EEE77AC7EEA00A04F0F0FB33
:10553400042C40F25F810123BDEC088B2B70BDE885
:10554400F08181ED007A90E793ED008A9FED327A45
:1055540077EEC86A314D32492A78A6EE878AC1EDC2
:10556400007A83ED008AAAB39FED327AF4EEC77A0B
:10557400F1EE10FADFDCDFED307AB4EEE78ABDEC51
:10558400088BF1EE10FACCBF012300232B70BDE889
:10559400F081204BDFED207A93ED008A1F4D36EE2B
:1055A400487A1F492A7881ED006AA7EE278A83ED9D
:1055B400008A002ADFD1F0EE467A9FED207AB4EE1D
:1055C400C78AF1EE10FA86DC0023BDEC088B2B7041
:1055D400BDE8F0819FED1A7AF4EEC77AF1EE10FA85
:1055E4003FF779AFE9E700BF70060020881F00206D
:1055F40000F07F459A99993D000000001264002054
:10560400681F0020701F002038130020CDCCCC3C34
:1056140014130020541E00200AD7A33C0C6400205D
:10562400501E00200D640020ABAAAAAAB0060020D8
:10563400B1130020BC74933C295C0F3DCDCC4C3D90
:105644008FC2F53C0000DC4352B81E3F5C8FC23E63
:105654003333B33F0C337F2BA8BF7F23453B07EE87
:10566400903AF8EEE77AC7EEA00A04F051FB5FED3A
:105674000B7A20EE270A1FED0C7A4FF0E0235FED42
:105684000D7A4022E8EE077AC3F88821F5EEC07A55
:10569400F1EE10FAC0F2A9801FED137AF4EE477A06
:1056A400F1EE10FA77FE277A554E04F14003B3EE7B
:1056B400027A06EB830393ED00AAF4EE4A7AF1EE44
:1056C40010FAB4EEC70A98BFF0EE4A7AF1EE10FA77
:1056D400C3ED007AC0F28680DFED4A7AB4EE670A41
:1056E400F1EE10FA37FE800A301906EB8403A21C8F
:1056F4004549002783ED310A231DDFED44AA80F8D4
:105704002871B6EE008AA1FB0207A1FB030107F48E
:10571400FE70B0EE48BA00EB9700121A06EB820254
:1057240092ED189A01F4FE7202EB91029B1A06EBB9
:105734008303D3ED189A39EE690A20EE2A0A04F09D
:1057440077FCA0EE08BA06EB8402DFED317AD2EDE5
:10575400188AB0EE680A82ED36BAA9EE270A20EE5E
:105764002A0A04F065FCDFED2B7AA0EE088A06EB2A
:105774008403B4EEE7AAF1EE10FA83ED3B8A13D565
:105784009FED257ADFED257AA8EE079AEBEE279AAE
:10579400BBFE497A39EE479AFBFE697A79EEE79ABD
:1057A40083ED279AC3ED2C9ADFED1D7A04F14C02A8
:1057B4001C4B503468EEA78A06EB8404FCEEE88A9E
:1057C40018EE901A19440B4656F822104B4040210B
:1057D40046F822304FF0E022636801336360C2F878
:1057E4000811A8E6B0EE470A7EE7DFED0F7A5BE723
:1057F400123330E7DFED0D7A20EE270A3BE700BFD6
:10580400A01F002000803B46CDCCCCCCDB0FC94090
:10581400D1223B3F8FC2753D52B89E3ED7A3F03E86
:105824000000804FB979379E000000000000DC437F
:105834002DE9F0410446082002F0E4FA2B4D00283B
:105844002B780CBF012600261DD11BB9284A294BF1
:1058540012681A6044B1264B42F2107225491B6843
:1058640009685B1A93423FD8234B1A7842B9204AFD
:10587400204912680968521A40F6B8318A421DD884
:105884002E70BDE8F0811C4F0BB13B7823B100238F
:105894002E703B70BDE8F08102F060FA804616205D
:1058A40002F008F8154A03462046116888EA010800
:1058B40088EA03431360FEF7C1FDE8E7104A0121BB
:1058C400104F19701378104C4B401370FEF7AEFF55
:1058D4000E4B4FF001321A609A800FCF0FC497E835
:1058E400030084E80300CBE705F0AEFB116400205D
:1058F400CC610020881E00200F640020FC100020D2
:1059040022640020881F0020701F0020681F0020D0
:105914003F49404A404838B5404B0C680D691C600B
:105924004C6800785C608C681D619C60CC68DC60AD
:105934004C6911685C61996154689168DC61196211
:10594400D468116952695C629962DA6248B3344A74
:1059540092ED007A33483449D0ED007A334AB4EEFC
:10596400E77A8868324C1268F1EE10FA257802EB77
:1059740042028C695863886A88BFF0EE477A2D49E1
:1059840083F845508A429C63D863C3ED0C7A0BD3E9
:1059940001F5EB0101F2EF518A4234D941F294123C
:1059A40004E09FED257AD5E740F28A22234909785D
:1059B40041B12349234809680068091A8A4294BFFF
:1059C40000210121204A107800F0FD02012A04D0B0
:1059D400022814BF002201F00102022883F84420A7
:1059E4004FF0E0244FF040050CBF184A184A1948FC
:1059F4001168482219640949C4F8885102F0D8FA98
:105A0400C4F8085138BD1449A1FB0212D209CDE7EC
:105A140014130020381300201664002050130020B3
:105A2400C81E0020541E00200C1F0020101300204C
:105A34002264002020D61300000000001964002016
:105A4400CC610020D41E00200A6400200C13002026
:105A5400E4100020B81F0020D34D6210C74A2DE97E
:105A6400F04F92F800B02DED028B83B0BBF1000F24
:105A740040F0C681DFF87493DFF87483DFF874A311
:105A840099F800409AED048A9CB1DAED086A9FED1A
:105A9400BC7ADFEDBC7ABC4BE6EE877ABB4A1B6866
:105AA40012689B1AFCEEE77A17EE902A9A42C0F02D
:105AB400EF8199F801408CB19FEDB57ADFEDB57AAD
:105AC400B14BE8EE077AB14A1B6852689B1AFCEEA8
:105AD400E77A17EE902A9A42C0F0CB81AE4B0021B0
:105AE400AE4F1B68AE4E5F400093AE4C0B46DFF8E2
:105AF40008E301F1500256F8040B013108EB82026D
:105B0400526804FB02FC9042A2EB000574448CEA48
:105B1400070C0CD0032D94BF5B1903334FEA7C6749
:105B240046F8042C9BB2FF2B28BFFF23DBB20529C8
:105B3400DFD19D48027813440F2B11DCD9B2012B1D
:105B44009AED007A017000F3BB81BBF1000F00F005
:105B54008B8103B0BDEC028BBDE8F04F03F090BB2A
:105B6400B7EE007A9AED006ADFED906A0F21DFED5F
:105B7400907A37EE467A0170E7EE267AFCEEE77A01
:105B840017EE903A804D8B4C2E682268B21A9A42D6
:105B9400DBD3009B0239804A0133DFF860B2017025
:105BA4001360C3EB0312C3EB82032A68DBED677A4D
:105BB4007B402260F5EEC07A7F4A03F00703F1EEE2
:105BC40010FA12F9038000F176817C486FF0060424
:105BD40090F9001041440E290B46A8BF0E23A3429E
:105BE400B8BF234600290370C0F26181744880FB6A
:105BF4000310D9171844C1EBA00101EB4100A1EB3C
:105C0400C10180006F4E704A334414785B560444DB
:105C14001C4499F80030732CA8BF73240C2CB8BF13
:105C24000C24E1B2002B40F05D81684B9BED667A59
:105C34009AED056AB5EEC07ADFED656ADFED657A47
:105C44001970F1EE10FAE6EE267AC0F24881F7EE0A
:105C5400006AB4EEE67AF1EE10FA00F35581F3EE41
:105C6400046A27EE267A77EE877A240449F209003B
:105C74000193DFF818B1FCEEE77ACDED007A9DF8D8
:105C840000107A2928BF7A2144EA0164204303F0F2
:105C9400EFFA5148012189F80010017881F00101DF
:105CA40001702868CBF8000000293FF452AF7F0A46
:105CB4004A49B8F1000F4A4CA1FB0701019B94F932
:105CC40000004FEA510101EB4101A7EB010707F185
:105CD4000101C9B2CCBF0A464A42821A6FF00400DD
:105CE4000C2A1146A8BF0C218142B8BF0146002AE4
:105CF4002170C0F20C81324880FB0120CA1708448D
:105D0400C2EBA00202EB4200A2EBC20280000E44EE
:105D14002D490C78B2560C340444144499F80120EB
:105D2400732CA8BF73240C2CB8BF0C24E6B2002A31
:105D340040F0F180DAED046A49F209109FED297A06
:105D4400DFED297A5E70E6EE877AFCEEE77A17EEED
:105D5400903A1B0603F0FE4343EA0443184303F05E
:105D640087FA01222B6889F80120CBF8043003B0AC
:105D7400BDEC028BBDE8F04F03F082BA1B64002037
:105D84000000FA4200005C42CC610020F81E0020B2
:105D940000003E430000B442D01E0020B979379E73
:105DA400B06100206BCAEB85176400200000F0434B
:105DB40000005C43CC1E0020B406002013640020C5
:105DC40093244992BC060020B11300202C13002018
:105DD40000004042000058420B640020ABAAAAAA6B
:105DE400AF1300200000504200002842F01E0020A3
:105DF400A01F0020501300202DEBD427A05F00200B
:105E04000024DFF840914A4E0125CA46DFF8388164
:105E1400A346147004F150031AF8017BE2B208EBB4
:105E240083035B6846F8043BC7B1012C02F102020C
:105E34002B46BB4688BFD3B23E4A105D013B0004EB
:105E440000F4FE0040EA032040F4004040F0080063
:105E540003F00EFA4FF000030AF8013C0134013557
:105E6400052CEDB2D6D109E603B0BDEC028BBDE83A
:105E7400F08F304B48F20810A3465B781B0403F400
:105E8400FE03184303F0F4F9002389F8013025E6F2
:105E9400284B48F20800A3461B781B0403F4FE03B6
:105EA400184303F0E5F9002389F8003001E60721DF
:105EB4006FF00B00A6E6C8F100024FFA82F884E600
:105EC400F7EE006A9FED1C6ADFED1C7A36EEC77AA6
:105ED400E7EE067AFCEEE77A17EE903A52E69FED8B
:105EE400187AC0E6134B48F20800019193F800C0F9
:105EF40000934FEA0C4C0CF4FE0C4CEA000003F047
:105F0400B7F9DDE9003191E6B3EE047AABE6072296
:105F14006FF00B00FBE65A7848F208100093120465
:105F240002F4FE02104303F0A3F9009B02E700BF52
:105F3400B06100202C1300200000F04300005C43FB
:105F440000000000F01E0020A01F00202DE9F043F7
:105F54004E4A4F4E116833685B1A132B2DED028B9A
:105F640083B050D900243368DFF840819FED498A1B
:105F74002146494FDFF8389113602AE0F4EEC87ADD
:105F8400F1EE10FA35DCFCEEE77ACDED017A9DF8FE
:105F940004502B4619F80420FF2A05D09A1A002A27
:105FA400B8BF5242012A0EDD1B064BF20B0022043D
:105FB40003F0FE4302F5A0121343184303F058F90B
:105FC400012109F80450013408F1040804370C2CA9
:105FD40012D0052C94BFD8ED007AD7ED007A67EE85
:105FE400887AF5EEC07AF1EE10FAC7DA00231D467E
:105FF400D0E77F231D46CDE7284C336822689B1ADF
:10600400142B05D881BB03B0BDEC028BBDE8F08333
:10601400234B9FED207AD3ED007A67EE877AF5EE75
:10602400C07AF1EE10FA29DBF4EEC77AF1EE10FA39
:1060340021DCFCEEE77ACDED017A9DF804703A4656
:10604400184D2B78FF2B05D0D31A002BB8BF5B4219
:10605400012B16DD1206144802F0FE42104303F031
:1060640007F933682F70236003B0BDEC028BBDE8E1
:10607400F04303F005B97F221746E1E700221746F3
:10608400DEE7336823600029BDD0EDE73C1F002024
:10609400CC6100200000FE42201300205C1E002082
:1060A400541E0020B01300200BB04A00141300202B
:1060B400001300202DE9F0416B4D2DED028B01F012
:1060C4004DFE2C78022C50D0012C064651D9002CC0
:1060D4004BD1664A66491368D1F84411CB1A116052
:1060E4005A1E002B41D063490B780133013ADBB2CD
:1060F400032B01D900230124501CF6D10B70002C72
:1061040033D05D4A1368002B53D15C4B93ED007A76
:10611400B3EE086ADFED5A6A1660C7EE067AF4EE4B
:10612400E67AF1EE10FA5ADB9FED567AF4EEC77A6E
:10613400F1EE10FA5DDCFCEEE77A17EE903A524A83
:106144001E44524C136017235149524A0B70237852
:106154001660002B46D04FF60F0003F089F8BDEC13
:10616400028BBDE8F04103F08BB8BDEC028BBDE8B7
:10617400F081474F3B78002BA9D0DFF81881D8F87D
:106184000030C31A002BA2DB4FF60F0003F070F8A7
:1061940003F076F83B782C78013B3B703A4B1B6854
:1061A4004CB3D8F800201A44C8F80020002CDCD1E5
:1061B4008FE7F31A3849394819448142A5D807EEC4
:1061C400903A2E49DFED366AF8EEE77A91ED007ADF
:1061D40077EEC77AA7EEA67A81ED007A98E74FF4B6
:1061E4007A73ACE74FF60F2003F042F801232370D3
:1061F400B1E72C4BA3E707EE903A2B4ADFED2B6A6D
:10620400B0EE000AB8EE678A92ED026ADFED287AF2
:10621400284AE6EE267A9FED287AD2ED036A274BC8
:10622400D3ED670AE6EE877A67EEA00A03F070FD05
:10623400DFED237A28EE000A68EE277AF4EEC07ABE
:10624400F1EE10FA0AD8DFED1F7A68EE277AF4EE41
:10625400C07AF1EE10FA58BFF0EE407AFCEEE77A1D
:1062640017EE903A9DE700BF0A640020C461002045
:10627400A01F00201C640020AC1E0020341300204A
:1062840000007A440024F448481E002010640020D2
:10629400096400204C1E00206F2FFCFF6E4AB300DF
:1062A4007B14AE3E20A10700141300208FC2753E5C
:1062B4000AD7233E38130020EC51383EA05F00205B
:1062C400B81E053FCDCCEC3FF0B52DED048B87B067
:1062D400002800F0A3800021022001F069FD0121C3
:1062E400032001F065FD5549554A0B6810681B1AD7
:1062F4000B2B40F28A80534B09681B781160012BE9
:1063040000F087809FED507A022BDFED507A07FE74
:10631400277A4F4A8DED027AD2ED0C7AF5EEC07AE7
:10632400F1EE10FAC0F28780F7EE006AF4EE667AB6
:10633400F1EE10FA76FEA77A464BB0EE086ACDED80
:10634400037AD3ED656A66EE866AF5EEC06AF1EE0D
:1063540010FA6DDBF7EE007AF4EE676AF1EE10FAEC
:1063640077FEA66AD2ED027AB1EE006A9FED3A5A40
:10637400D3ED665A67EE857ACDED046AE5EE867A4A
:10638400F5EEC07AF1EE10FA4FDBF7EE006AF4EEA8
:10639400667AF1EE10FA76FEA77A304C03AE304BF3
:1063A40001AD04F110079FED2F9ADFED2F8A042031
:1063B4009FED2E8ACDED057A0193D4ED007AB4EEEB
:1063C400E77A37EE677AF1EE10FA79FE286AE7EE9B
:1063D400267A27EE887AE4EC017AB5EEC07AF1EEFB
:1063E40010FA19DBB4EEC87AFF21F1EE10FA03DCDF
:1063F400FDEEC77A17EE901A01F0D0FEBC4204D02D
:10640400B6EC017A15F8010FD7E707B0BDEC048BA1
:10641400F0BDB7EE007A7CE70021EDE704460121E8
:10642400022001F0C5FC21465AE7DFED117AB4E7FA
:10643400DFED0F6A96E7DFED0E7A7DE7CC61002091
:10644400C01E00200A640020CDCC0C3F0AD7233E96
:1064540050130020A05F00203333B33EB01E002051
:10646400040506093D0AD73E0AD7A33D00007F4331
:1064740000000000F8B502210120564C0025564FBB
:10648400564E2DED028B01F0CFFC022108209FED2A
:10649400548A01F0C9FC00210A20DFED528A01F080
:1064A400C3FC0021162001F0BFFC0121022001F0F1
:1064B400BBFC0121032001F0B7FC0121042001F001
:1064C400B3FC0121052001F0AFFC0121062001F0FD
:1064D400ABFC0121092001F0A7FC0C2001F042FAD9
:1064E400082001F079FF20213F4804F0A9FD3F4B2B
:1064F400DFED3F7A9FED3F7AD7EE087AEAB2A4EC5B
:10650400017AB7EE080A00EE902A0135C4F8CC30BF
:10651400F8EE600AC4ED0E7A03F0FAFB20EE280AC6
:10652400052D84ED180A08D0B7EC017A56F8043F1B
:1065340067EE087AFBFE677ADEE74FF4005200212B
:106544002D48F7EE008A04F045FB4FF40052002179
:106554002A4804F03FFB4FF0FF31294800F096F938
:10656400284C4FF0FF31284800F090F927484FF0AD
:10657400FF31274D00F08AF9264E04F118070E204A
:106584009FED258A01E016F8010F01F093F907EE5B
:10659400900AB8EEE77AC7EE087A78EEE77AE4EC88
:1065A400017ABC42E5EC017AEDD101201B4C01F0EB
:1065B40029FCA0F1010303221949B3FA83F30A2049
:1065C4005B09237001F06AFCBDEC028BBDE8F84066
:1065D400FFF79EB9002000202007002008070020B4
:1065E4006891DD3F00005C4200002020D4C3B2A1CA
:1065F400000000008FC2F53CF8200020F840002085
:10660400D4610020881F0020006200202C6200203A
:10661400701F00207006002000F07F4512640020E7
:106624002901000010B5012001F0ECFBA0F10104E8
:10663400FEF7F6FAB4FA84F4FEF7F4FCFEF750FE23
:1066440064092046FEF7AAFE0C4B0D4A1B6812682B
:106654009B1A062B01D9FBF74FFC2046FFF7E8F8FD
:10666400FFF756F9FFF7FAF9FFF770FCFFF722FD81
:106674002046BDE81040FFF727BE00BFCC610020D4
:106684005862002030B5172283B00B21464800F031
:10669400BDF800220B21454800F0B8F818220B2160
:1066A400434800F0B3F84348FBF7F4FE424A0023A2
:1066B400424C11464248D36041F8184B4FF40074E1
:1066C4009361D361036811611481002B69D0194669
:1066D4005B69002BFBD14A6100243A4B3648546174
:1066E40054609472136000F0E1FC374800F068FED7
:1066F400314B22462F490094334800F0D5FE334AEB
:106704003349314803F08CFA324800F059FE012233
:10671400294B284900922F4800F0C6FE2B4A2C49E9
:106724002C4803F07DFA2C492C4B1F481D688C80A3
:106734008C828C84086000201C688860CC6188612D
:106744001B4C886218680C62C8621C682448254A7D
:1067540004601C682448CD6004601868234C10440D
:1067640020601868224C104420601868214C1044A2
:10677400214A206002F114000C4C0C61196842F8A3
:10678400041B8242FAD11C681C4819681C4A046024
:10679400116018681B491A681B4B08601A6003B023
:1067A40030BD026098E700BFD46100200062002081
:1067B4002C620020A01F0020681E002090060020EC
:1067C4002C1A00209C060020401F0020C40C00202E
:1067D400CD570000541F00200C1F0020CC61002066
:1067E4005862002001000080881E0020581E0020EE
:1067F400C41E0020D41E0020F81E0020CC1E002041
:106804003C1F00205C1E0020C01E0020F8B5282973
:106814001B4B4FF49B770D46164604464FF001017F
:10682400C0E902732CBF4FF0FF330123282A44F63A
:10683400206228BF4FF0FF3302610360284601F055
:10684400F3FA3046002101F0EFFA2846002101F066
:10685400AFFA0C4B2A0103EB05159958EA68C4E911
:106864000721320103EB061698586FF07042064B6D
:10687400F1681B6862606361C4E909102046F8BDD1
:1068840050C46201A0070020CC6100200161704760
:10689400F0B472B6856A3249D0E90736C6F8883052
:1068A4006B68426A23EA02036B606B68426A1343B3
:1068B4006B602C4B476AC5F888704C681A682A4B81
:1068C400A3FB0232920C02EB820252004B681B1BA8
:1068D4009A42FBD86B6823EA07036B60C369C6F866
:1068E400843062B6D0E90954C168A3682B42836935
:1068F40005D006E001338361A2682A4201D199429E
:10690400F8D8994223D372B6D0E90923046AC3F8AC
:10691400842059680A435A60416AC3F884105A684B
:1069240022EA01025A60C369C4F8883062B6D0E929
:106934000945C168AB681C42836904D10BE08361DB
:10694400AA68224207D0994203F10103F7D86FF0F5
:106954000100F0BC70479942F9D90120F0BC70479E
:10696400001000E0B40C002083DE1B430000000094
:1069740070B500240D468461002936D003680646AC
:10698400A34239DB30460134FFF782FF0028E4B22A
:106994002DDBA542F6D11C49B36970680A688342AD
:1069A400D6E904548CBFA3EB000CA0EB030C121B20
:1069B400AA4215D907EE900AB8EE677A9FED106BDC
:1069C400B7EEC77A27EE067BBDEEC77B17EE102A1B
:1069D400624505D96FF070420968104672607161B2
:1069E400834207D20020736070BD084670BD6FF00B
:1069F400010070BD181A70BD4FF0FF3070BD00BFAC
:106A04009A9999999999B93FCC610020AD4BAE4AB6
:106A140018682DE9F04FAD4C91B0197908940368CA
:106A2400D17704F58062934209920ED2A84B1B7869
:106A3400002B00F0288109994FF0E02340220891AF
:106A440001F580610991C3F80822A24B1968A24B91
:106A54000C911868A14B0D901A88A14B0A921C88BE
:106A64000B94002900F0DC81002800F04D819D4B3F
:106A74009D4D1A4423449D4E01EB42029C4C00EB75
:106A840043039C49D5F800B00E950392089D9A4A99
:106A940002939A4B5768D6F800A0D3F80080D3F835
:106AA4000490D1F800E04B68D4F808C0886805F178
:106AB40010010F9605F582651668626824680795CB
:106AC400354601972746019C5E46CDF814A0C24680
:106AD40004941031039C06954D4634F902BFABEB88
:106AE40006080394029CA8EB0A09049E34F902AF39
:106AF400A9EB05050294059C2F44AAEB0405069C0A
:106B04003A442C1B94443A440194A41BA6440CEB31
:106B140002043A444FEA2C1C734421F820CC184454
:106B24007344C6180011734421F81E0CA0182411D4
:106B34003A4421F81C4C02EB000C9C1900117344DC
:106B4400361121F8180C1819241121F81A6C21F89F
:106B5400164C4FEA2C1421F8144C041121F8124C51
:106B6400079C8C42AFD10F993C46019FC1F800A00D
:106B74000E99C1F800B05E490C605E4CC4E9013066
:106B84005D4BC4F800E0C3E900575C4BC3E90089DE
:106B94000A9B40330A930B9B4033C1E9012C0B93AE
:106BA400BFF34F8F4FF0E02308990998CA43C3F805
:106BB400701F2031024481420891C2F3421251D223
:106BC4006AB3012A23D0022A1CD0032A15D0042A2E
:106BD4000ED0052A07D0062A40F01C81089AC3F873
:106BE400702F20320892089AC3F8702F203208922E
:106BF400089AC3F8702F20320892089AC3F8702FAD
:106C040020320892089AC3F8702F20320892089A0A
:106C14000999C3F8702F20328A42089222D2089A26
:106C240002F12001C3F8702F4032C3F8701FC3F87B
:106C3400702F01F14002C3F8702F01F16002C3F814
:106C4400702F01F18002C3F8702F01F1A002C3F884
:106C5400702F01F1C002C3F8702F01F1E00209990D
:106C64008A42DDD3BFF34F8FBFF36F8F0A9B7F2B15
:106C74001CD81A4A13800B9B7F2B09D8184A1380FF
:106C840011B0BDE8F08F04F5006308920993DCE6C7
:106C94000024134B0D981C8000F03AFB184B1A6823
:106CA4001C600D4B1A6011B0BDE8F08F0B4B002433
:106CB4000C981C8000F02CFB124B1A681C60054BCE
:106CC4001A60D8E7C41A002000800E4080202020DB
:106CD40004640020B41A0020BC1A0020EE630020D3
:106CE400F063002001000080181B00201C1B002002
:106CF400E81A0020001B0020301B0020201B00206D
:106D0400C01A0020B81A00200C9A002A00F08880CB
:106D14008A4800260A998A4BD0F800800E900B44CA
:106D24008848894902EB430BD0E900CE08988D6866
:106D3400D1E9002300F1100100F582600290C246FF
:106D4400BBF90280E1467746A8EB0A0C0BF102007E
:106D540021F80E6CC246ACEB090E019021F80A6CC6
:106D64000846AEEB070721F8066C21F8026CE146F1
:106D74003A4477461344EC181344019D05F1020B81
:106D8400E5181344241121F8104C5C1913442D11F7
:106D940021F80C5C1D19241121F8084C2C1121F840
:106DA400044C0199B1F90280A8EB0A0CACEB090E72
:106DB400AEEB07073A441344EC181344E5181344A4
:106DC400241120F8104B5C192D11134400F110010B
:106DD40020F80E6C20F80C5C1D19241120F80A6CA4
:106DE40020F8066C20F8084C2C1120F8026C20F8CE
:106DF400044C02988842A2D10E99C1F800805249ED
:106E0400C1E900234F4B8D60C3E900CE0A9B403398
:106E14000A93C5E6089AC3F8702F20320892DDE67B
:106E24000D9A002A00F0828048480B99444BD0F810
:106E340000E00B440F904648464902EB430A0C9E7F
:106E44008D68D346D0E9007C0898D1E9002300F18D
:106E5400100100F582600290F246B946BBF902E0E7
:106E64000BF10207E04621F8106C0197AEEB0A071C
:106E740021F80C6CF246A7EB090CB946019F01F10D
:106E84001000ACEB080821F8086C21F8046C07F139
:106E9400020B4244E04620311344EC181344E51835
:106EA4001344241121F82E4CEC1813442D1121F80D
:106EB4002A5C1D19241121F8264C2C1121F8224C8E
:106EC400B7F902E020F8106CAEEB0A0721F81C6C4D
:106ED40021F8186CA7EB090C21F8146CACEB08082A
:106EE40042441344EC181344E5181344241120F8C5
:106EF4000E4CEC182D11134420F80A5C1D192411B2
:106F040020F8064C2C1120F8024C02988142A3D19F
:106F14000F99C1F800E00F49C1E900230C4B8D60C3
:106F2400C3E9007C0B9B40330B9339E64FF480623A
:106F34000D99089803F04EFE32E600BF181B00209E
:106F440001000080281B0020F41A00201C1B0020D4
:106F5400381B00200C1B002038B50021044600F02B
:106F640023FA88B172B61C4A1368002B2BD01B4934
:106F74000D68002D2CD0156008600021184A11807E
:106F840062B6184600F0C4F90121204600F00CFA5C
:106F940098B172B6134A136883B113490C6854B19B
:106FA40014600024114A0860148062B61846BDE8D3
:106FB400384000F0ADB9086062B638BD0B491060C6
:106FC4000B8062B638BD064910600B8062B6DBE701
:106FD400086062B6D8E700BFB41A0020B81A0020CF
:106FE400EE630020BC1A0020C01A0020F0630020C9
:106FF40010B5044600F052FB204610BD38B5234CB2
:10700400002342F210724FF40C61E06F40F4402010
:10701400E0671C2004F01CF8E3691D4923F4406375
:107024001C481D4A43F40063E361A36A19401B4BE7
:1070340041F0CE01A16241680A4042F4002242605C
:107044009A68002A20DB1649032000224FF480347A
:10705400C1F828014FF08E45C1F8240111481249A6
:107064001A66DA601D615C619861D961C3F8E02039
:10707400C3F88C204FF0E062C3F89020C3F894402A
:10708400C3F89800C3F89C1038BD00BF00C00F407F
:1070940000FEFFFF00C00A40F8FFF7FF0040384041
:1070A40000801F40130F0100000F0F0F10B5364C66
:1070B4004FF400620021204603F08CFD3348012187
:1070C40000F088FA00233249324A0B601360FFF75C
:1070D40095FF2346BFF34F8F04F5006204F12000AF
:1070E4004FF0E021824234BF0122402204EB4212DD
:1070F400C1F8703F20339342FAD1BFF34F8FBFF3EF
:107104006F8F224A0320244B2449C3F880014FF493
:10711400806013681C600224D8829C60A4F6020478
:10712400D8830620596000211279DC601C4C9883B6
:1071340002F110001C61996199821A4C1A4B43F8B0
:10714400204002F01F04194B012003EB5213A0400E
:1071540014B29B0018601648164B40F824101649C8
:1071640040F82410A0F580401449C276D3F8882052
:1071740042F00042C3F888209A681143996000F0F5
:1071840007FA0F4B187010BD80202020C41A00206D
:10719400B41A0020BC1A002000801F400200010124
:1071A400204038407D4C0000001400204038003856
:1071B40000C00E40004038401400008001000090E0
:1071C40004640020024A0349034802F029BD00BFB9
:1071D400C40C002061520000C41A00204FF0E023C8
:1071E4004022C3F808227047F8B5144B144D1C68AC
:1071F4006E689CB1237A20466BB123686F681B6864
:1072040098476B68E188DB1BC3F38F12B1EB931FC4
:10721400A28038BFE2806469002CEBD1084B094A94
:107224005B6810889B1B084CC3F38F11B0EB931F52
:10723400218038BF1180BFF34F8FF8BD2C1A002076
:10724400001000E0EA630020E863002003681847A8
:107254000B680360704700BF0B680360704700BF92
:10726400704700BF30B472B6244D254C2A8804F10F
:10727400700104EB82038B423CD204F16F01501C79
:10728400C91A00EB910002E00132824232D09C46DE
:1072940053F8041B0029F7D0B1FA81F04FF00043F2
:1072A400C34021EA0301CCF8001001B90132154BA7
:1072B4002A801A88013291B2198062B6ACEB040CB0
:1072C40041F67C73C0EB00644FEAAC0CC0EB841055
:1072D40001240CEB8C1C03EBCC1303EB80030A4856
:1072E4000068C4541844094B1C88944230BC38BF0D
:1072F4001980704762B6002030BC7047EC630020F0
:10730400301A0020E4630020281A0020E6630020DD
:10731400428872B60378012B03D9013B037062B62D
:107324007047D14353090B484FF0004201F01F014D
:10733400CA4050F823100A430749B1F800C040F886
:1073440023209C45054A88BF0B801388013B13808A
:1073540062B67047301A0020EC630020E46300201A
:10736400C36813B91DE0DB68E3B1187A9042FAD11F
:1073740010B4586893F809C0006950F82C4054B10F
:10738400DB682BB1187A9042F3D0DB68002BF9D17B
:107394005DF8044B704740F82C10087801300870F1
:1073A400EEE77047704700BF437A8B4206D9036902
:1073B400002253F8210043F8212070470020704731
:1073C40000220449C0E90022028102740A680860AC
:1073D400C2607047A01A0020037CFBB90368014611
:1073E400FBB14368EBB1427A5B7A9A421CD230B467
:1073F40072B62B4B1C68ECB1E368C3B1486801E07A
:10740400DB68A3B15A688242FAD193F809C04A7A78
:107414009445F5D162B6042030BC7047012062B6B1
:107424007047032062B67047022062B670476469F1
:10743400002CE1D11B4C236843B1994202D10BE0EB
:10744400994207D01A46DB68002BF9D1052062B6B1
:1074540030BC704702F10C040D68E868E8B1C368F9
:107464001BB908E0DA683AB1134681421846F9D1EB
:1074740062B60620D0E70346D960CB6800202360BB
:107484000123C860AA7A2B721A44AA724A68947AB1
:1074940013721C4494720B74D9E7E960EDE700BFE2
:1074A4002C1A0020A01A002010B5047C9DF808E0D6
:1074B4000CB1012010BD027280F809E0C0E900138C
:1074C400BDE81040FFF788BF38B5037C002B36D0E9
:1074D40043680446427A5B7A9A4238D272B60168AB
:1074E400CB68002B2DD0984233D01A46DB689C42DF
:1074F4002AD0002BF9D16268607A136953F820000E
:1075040048B1FFF705FF72B662680025607A136917
:10751400216843F820508B7A013BDBB28B7203B9AC
:107524000B72937A013BDBB2937203B913720A4B69
:1075340000201A6820741C60E26062B638BD012025
:1075440038BD62B6032038BDE368D360D3E70220B8
:1075540038BDC368CB60CEE7A01A002010B504463E
:10756400FFF7B2FF094A136843B19C4202D108E015
:107574009C4205D01A46DB68002BF9D1204610BD89
:107584000C32E3682046136010BD00BFA01A00202F
:107594000C4B1A789AB90C4A0C4910B4C2F8581119
:1075A4000B48D02401224FF0E02180F846404024CB
:1075B4001046C1F808415DF8044B1A70704700206A
:1075C400704700BF026400200014002059540000DA
:1075D40000E400E070B472B621B9036813B1027913
:1075E4000F2A45D9294C2188002341FA03F212F0CD
:1075F400010208D00133102BF7D162B600220371C7
:10760400026070BC70474FF0010C0CFA03FC41EAB5
:107614000C01218062B61E4D5FFA83FC1D4940F2C5
:10762400824680F804C0EC6F194483F0030344F0ED
:10763400C0044901EC67A5F59F35174CA5F5807585
:10764400266084F81AC084F81EC084F818C084F830
:107654001FC00160C1E90022C1E90222C1E904227C
:10766400C1E906225A5D42F0C0025A5570BC704707
:10767400064C218841FA02F5ED07B5D5054D1544B0
:10768400B3EB451FB0D162B6BBE700BFF263002085
:1076940000C00F408074000200800E4003790F2B5D
:1076A40011D8094A937672B60849012290F804C0A9
:1076B4000B8802FA0CF223EA02030B8062B6102252
:1076C400002302710360704700800E40F2630020C3
:1076D400704700BF704700BF704700BF704700BFCE
:1076E40070B51A4C1A4D2368AB4202D0194AD168BE
:1076F40029BBA369AB4202D0164AD169C9B9236B2D
:10770400AB4202D0134AD16A69B9A36CAB4209D027
:10771400104AD16B31B101211B680F48D163BDE818
:107724007040184770BD01211B680C48D16298470E
:10773400EBE701211B680A48D1619847DFE7012183
:107744001B6804F10800D1609847D2E7C0160020F6
:10775400780600200041084010170020F816002089
:10776400E016002038B5064CA4F1600554F8083C36
:107774002046183CDB689847AC42F7D138BD00BFBF
:107784001017002003682DE9F041044688B017461D
:10779400002B4BD000229A600122DA60304D04A8FD
:1077A400DFF8E0801D4451F8083B2D1102935B681B
:1077B40005EB45069847F60006F1080058F8063030
:1077C4004044DB6801909847264A04A9DDE9010397
:1077D400029248F806309B689847029B04A8DB682D
:1077E40098472368032220481F609A601F4A237920
:1077F4001F4C535513785178C0F828428B4228BF48
:107804000B469178D2788B4228BF0B46934228BF0F
:107814001346184C4FF0E0224FF08061012084F8A9
:107824007A30C2F80C1108B0BDE8F081124AD36E68
:1078340043F44053D3660122104B1A60104A134696
:107844000260403298680028A8D010339342236025
:10785400F8D100231846236008B0BDE8F08100BFCA
:1078640000BFF7BF7806002000140020B80C0020E9
:107874005159000000E400E000C00F4000400840FF
:1078840000410840C016002010B4064B0020064CEE
:10789400064A1C609C611C639C6405495DF8044BAA
:1078A40002F0BEB9C016002078060020C40C0020E7
:1078B400D55900001C2849D8F8B5254F04463B7813
:1078C400E3B9244B1B5DFF2B29D0234A02EB04129E
:1078D40091680A6802F44050B0F5805F30D01C060D
:1078E4001FD41E4C2360236AD80704D402F0B4F8D2
:1078F400236AD907FAD5194B586AF8BD174D184EA3
:1079040001E002F0A9F8AB6C1B06FAD4B36C13F0D7
:107914008003F6D13B700F4B1B5DFF2BD5D10020AC
:10792400F8BD0F4C03F07F032360236ADA0704D405
:1079340002F092F8236ADB07FAD5094B586AF8BDBE
:1079440022F480521C060A60EBD4CAE70020704778
:1079540008640020200A0020A007002000400C40FA
:1079640000800C40082830B422D00A280CBF4FF401
:1079740005714FF44671104C104D636C626C2B40D2
:107984000F4802F003021A43636C03F0E00313434D
:107994000B436364436C426C2B4002F003021A43B2
:1079A400436C03F0E0031343194330BC4164704754
:1079B4004FF44071DFE700BF00400C4000FCFFFFC4
:1079C40000800C40A249A34B88422DE9F047A24C09
:1079D4005E699A69D4F80C801BD9A04B984240F296
:1079E4000281C31A9E491B0AA1FB031340F22761BB
:1079F400DB0903EB830303EB830303F2E2438B42D0
:107A040028BF0B46A3F54877964BA3FB0737FF081F
:107A140004E0954FB8428CBF0E2706278D4908F025
:107A24001F09D1F88030B94543F0C003C1F8803054
:107A34000CD228F01F08A1F5F82148EA0708C1F87C
:107A44000C800B68002BFCDA08F01F0916F0007399
:107A540024D186490C698649A14300F0EA8082F466
:107A6400805134464FF4805514F0605F04D026F002
:107A740060561E43774B5E6111F4405F07D022F4D9
:107A8400405274492A438A618B6C1A07FCD446F02D
:107A94000076704A5661936C9B06FCD4754CA042E8
:107AA40000F2CE804FF0010C0146634603FB011245
:107AB40003F1010E0CF10105A24218D8BEF1080F22
:107AC4004FF0010340F08D80BCF1040F00F291806F
:107AD4000A18A24200F2A48005FB00F1AC4603F1AF
:107AE400010E03FB01120CF10105A242E6D90CF1CF
:107AF400FF318C0286EA81215F4810445F4A90423C
:107B04007FD9DFF8A4A16C225D48584DB0FBFEF08C
:107B1400D5F800E0B0FBFCF0DFF890C10EEA0C0CE5
:107B2400D44509D042F400524FF4805CC5F800C03B
:107B34002A602A68002AFCDA464A156905F0070516
:107B44009D4203D01361936CDD03FCD411F4E05F18
:107B540009D026F4E05604F4E0543E4A2643566124
:107B6400936C9907FCD44749474A014491423CD855
:107B7400464BC909A3FB0131090B4B1E1B0286EAC4
:107B8400030212F4407F06D026F4407603F44073D7
:107B9400304A334353612F4A536923F000735361CE
:107BA400936C9B06FCD43A4B4F45A3FB00234FF048
:107BB400FF324FEA9343B0FBF1F1B2FBF3F3354AE2
:107BC4001060354A1160354A136008D228F01F0846
:107BD400214A48EA0707D7601368002BFCDABDE89E
:107BE400F087734662E7122718E74FF440730421C5
:107BF400C5E70CF1FF31204807238C02104486EAC4
:107C04008121274ADFF8A8A0A2FB0020020D254805
:107C1400362A38BF362202FB00F042EA0A0A74E729
:107C24004FEA8C24002386EA8C214FF0010EAC46E7
:107C340062E71D4686F0C05411464FF0C05313E767
:107C440000244FF0010C024631462346E64653E732
:107C540000A4781F00C00F40000008400046C32362
:107C640023B24C001F85EB5100366E0100800D409D
:107C740040300080FFB19F26808D5B00FF7EF64D73
:107C840000643F4D7FD1F0087F17B42C9F10E500AE
:107C940083DE1B43B40C0020B00C0020AC61002038
:107CA400819F5E16001BB7006C2000807F3001802E
:107CB4000020008000B970472DE9F84F012181466A
:107CC400214C224D224E54E8003F2A68306844E893
:107CD4000013002BF7D11F494B684FF47A7BDFF870
:107CE40078A01B1A01270BFB02F8DAF80020A3FB8B
:107CF40002325A4594BF9044D84454E8003F2A685D
:107D0400306844E80073002BF7D14B68DAF800C000
:107D14001B1A0BFB02F2A3FB0C3CBCF57A7F94BF4D
:107D2400624402F57A72A2EB0802B2F57A7F06D3B6
:107D3400B9F1010908F57A78DFD1BDE8F88F01F0CF
:107D44008BFE0449D9E700BFD0610020CC6100203C
:107D5400C8610020001000E0AC61002030B40F4B7B
:107D64004FF0010C0E4D0F4C53E8002F286821688A
:107D740043E800C2002AF7D10B4B5B680B4A5B1A3D
:107D84004FF47A71126801FB00F0A3FB023230BC9D
:107D94008A4294BF80184018704700BFD061002009
:107DA400CC610020C8610020001000E0AC6100201C
:107DB400272816D80201104B03EB00109B5810B46F
:107DC400C2685C68144205D061B95DF8044BC3F81D
:107DD40088207047836851B1084A5DF8044B1A60E3
:107DE400704770475DF8044BC3F884207047044A19
:107DF4005DF8044B1A607047A007002038F00100BA
:107E04003830010027280BD8064B020103EB001081
:107E14009A58C36892681A4214BF01200020704720
:107E240000207047A0070020272829D8164B0201FC
:107E3400012903EB00109A5810B45368C4680ED09B
:107E440004290CD023EA040353608368A9B10229EE
:107E540017D003290CBF0D4A0D4A1A6007E02343CB
:107E640001295360836808D040F638021A604368D9
:107E740015225DF8044B1A60704738221A60F6E741
:107E84007047044A1A60F2E7A00700203830010066
:107E94003800010038F00100704700BF272858D887
:107EA4000001F0B4344C354D2358AB4256D049D878
:107EB400B3F1844F4BD0A5F58045AB4240D1304D52
:107EC4002044304E304CC4F8B462D0E901C4C068D8
:107ED4004FF0E0264FF00057042AC6F810712FD84F
:107EE4005E6926EA00065E614FF00506CCF8006084
:107EF400266846F4803626605C6824EA00045C60E8
:107F0400224C54F8224090FAA0F2B2FA82F245F8D8
:107F140022106FEA00011DD0DD690F2A01EA050174
:107F2400D9611DDC52000325D968944005FA02F298
:107F340021EA02022243DA6098615A6902435A61D3
:107F4400F0BC7047124DAB42FAD1124DB8E7124D56
:107F5400B6E77047DA690243DA61EDE70F4DAFE740
:107F6400103A032519695200944005FA02F221EAF5
:107F7400020222431A61DFE7A007002000800042CA
:107F84008011002021000000001400205C06002065
:107F940000C00042801200200011002000120020C6
:107FA40008B5FEF767FAFEF73DFB01F055FDFAE769
:107FB400844641EA000313F003036DD1403A41D3F0
:107FC40051F8043B40F8043B51F8043B40F8043BAF
:107FD40051F8043B40F8043B51F8043B40F8043B9F
:107FE40051F8043B40F8043B51F8043B40F8043B8F
:107FF40051F8043B40F8043B51F8043B40F8043B7F
:1080040051F8043B40F8043B51F8043B40F8043B6E
:1080140051F8043B40F8043B51F8043B40F8043B5E
:1080240051F8043B40F8043B51F8043B40F8043B4E
:1080340051F8043B40F8043B51F8043B40F8043B3E
:10804400403ABDD2303211D351F8043B40F8043BDE
:1080540051F8043B40F8043B51F8043B40F8043B1E
:1080640051F8043B40F8043B103AEDD20C3205D3EE
:1080740051F8043B40F8043B043AF9D2043208D0E6
:10808400D2071CBF11F8013B00F8013B01D30B8858
:1080940003806046704700BF082A13D38B078DD036
:1080A40010F003038AD0C3F10403D21ADB071CBF08
:1080B40011F8013B00F8013B80D331F8023B20F872
:1080C400023B7BE7043AD9D3013A11F8013B00F8AB
:1080D400013BF9D20B7803704B7843708B78837033
:1080E4006046704702F0B2BA4FF0010C0CFA01FC82
:1080F40001EB410100EB411170B5B1F80EE01FFA3C
:108104008CF5254C1FFA8EFE24782E010EFB0333CA
:1081140006F0F006E340B0F888417345A4B228BFE6
:1081240073463443012AA0F888410DD0022A28D08E
:10813400C2B10CF00F02B0F888C11FFA8CFC4CEAF3
:10814400020CA0F888C170BD9BB20CF00F022D0286
:10815400CB82B0F8803105F470659BB22B43A0F854
:108164008031E8E7AEEB030E0CF00F021FFA8EFE2F
:10817400A1F80AE0B0F880319BB21343A0F8803133
:10818400D9E79BB20CF00F02CB83B0F880319BB2DD
:108194001E43A0F88061CEE7AE13002027284BD8F9
:1081A400F8B52A4D044615F8202005EB8005012A70
:1081B4002DD0022A3FD16B78C3F3011003283ED09F
:1081C400234A02EB803203F0030C224889B263464F
:1081D40002EB4C1C0678BCF806E05801BCF81030E1
:1081E4001FFA8EFECEF1011E1EFA83F303F1FF3E49
:1081F4000EFB01F1F1408E4523D95B1AC3F1010353
:108204009BB289B20244ACF8063011820DE06A7860
:10821400C2F30113032B10D00F4800EB83308BB251
:1082240002F00301AA78FFF75FFF0C4BEA7803EB37
:1082340004135B681A60F8BD70470948EFE7094A00
:10824400C1E7991E4FF6FF73DBE700BF3C0A00202D
:1082540000C01D40AE13002000C03D40A007002018
:1082640000803E4000801E4000230F2248F2B82CBC
:10827400194610B54FF470444FF4806EA0F88C4149
:108284004FF46044A0F88E210A46A0F89031B0F86B
:1082940088319BB243F0F003A0F8883101EB41032D
:1082A400013100EB431304299C80A3F806E05A84AF
:1082B4001A865A805A81A3F80EC05A82DA825A83E7
:1082C400DA83EBD1B0F888319BB243F00F03A0F806
:1082D4008831B0F888319BB243F47063A0F88831D8
:1082E40010BD00BF374B384A996F384841F47F01BD
:1082F40070B5996741F20106D3F8801045F6C05570
:1083040043F226040A43C3F88020FFF7ADFF00F5CB
:108314008040FFF7A9FF00F58040FFF7A5FF00F5B7
:108324008040FFF7A1FF0022A0F503104FF00F0ECD
:10833400114600EB42134FEA421C01329981042A90
:108344005981A3F80EE09E82DD8020F80C1019827A
:108354009C81EED100221E484FF00F0E41F201061F
:10836400114645F6C05543F2260400EB42134FEA8A
:10837400421C01329981042A5981A3F80EE09E829D
:10838400DD8020F80C1019829C81EED10022114866
:108394000F2641F20105114645F6C05443F2260E5C
:1083A40000EB42134FEA421C01329981042A59819D
:1083B400DE819D82DC8020F80C101982A3F80CE089
:1083C400EED170BD00C00F40000003FC00C03D4072
:1083D40000001E4000401E4010280346044A28BFE7
:1083E40010231078012B38BF01231370704700BF8E
:1083F400AE13002072B6EFF30583524CC4F88430F8
:108404001EF0040F0CBFEFF30882EFF309824FF064
:10841400E0234D4E4D4DD3F8280DD3F82C1DC4E95F
:108424002201D3F8341DD3F8383DC4E924139369E9
:10843400C4F89830D369C4F89C3000F0BFF884EDD8
:10844400280A01F0DBFB0B214FF0FF32C4F8A40033
:108454000B46C4F880103E49301D5A40202402F0D7
:108464000103013C01FB03F383EA5202F7D1A84262
:1084740002D073680646EFE7324BC3F8A820BFF377
:108484004F8F4FF0E0233049324AC3F8701FC3F8CE
:10849400702FBFF34F8FBFF36F8F2F4A02252F48E2
:1084A400D36E2F4943F44053D3660560D3692D48F6
:1084B40023F07F0343F04003D3610B6883423DD82C
:1084C400264D00214FF0E0234FF0FF3229600126B2
:1084D400C5F808112449C5F80011C5F80861C3F8A6
:1084E4008021C3F88421C3F88821C3F88C21C3F800
:1084F400902101E000F070F9D5F80C31002BF9D08F
:108504000134C5F80C614F2CF4D9184B02201849DA
:108514004FF00042C1F840015A63D5F80C313BB921
:10852400144815490D4A0163D2F80C31002BFAD0D6
:108534004FF0E023114AC3F80C2DFEE7FFF742FA8F
:10854400BEE700BF00FF272080FF2720A8FF2720C9
:108554002083B8EDA0FF272000C00F400040084052
:10856400B40C0020803DCD0B009F240000900D40F2
:1085740000002E4000800F40F100AD0B0400FA050E
:108584000A490A6838B108B513180948834204D85F
:1085940010460B6008BD1046704702F085FB0C23A3
:1085A4004FF0FF320360104608BD00BFC00C00202E
:1085B4000000282030BFFDE7FFF71CBF124AD2F8A5
:1085C40080305B07FBD5D2F880301048C3F30B230F
:1085D4000F4990ED007A07EE903A91ED006AB8EEFB
:1085E400477A0C4AF8EEE77A0B4BD2ED006A77EE45
:1085F400C77A93ED007AB8EE477A67EE867A87EE0B
:10860400A60A37EE400A704700810D409C610020A5
:10861400A4610020A8610020A0610020836BF0B455
:108624001BB1536843F40043536072B6446B3CB3CC
:108634001A4B2260D3F8B0410C421DD1184E776812
:1086440004E07468E41BB4F5166F0BD2D3F8404110
:1086540044F48044C3F84041D3F8B851D3F84041BE
:108664006404EED50D4007D10C4CC0E90225D4F8C2
:10867400B0310B43C4F8B031426362B6F0BC70470A
:10868400064DC0E90224D5F8B0310B43C5F8B0312A
:108694000263426362B6F0BC704700BF00002E4024
:1086A400001000E070B5056B9DB106462A46002413
:1086B40003E012680134012A0CD0536813F08003DC
:1086C400F7D032632CB12846B36B2D689847013C30
:1086D400F9D170BDC6E90C33F4E700BF30B4D9B9A1
:1086E4001F4C204B0021204A01254FF001109960B6
:1086F4001D60C4E9023180245C60C2F8BC01D2F878
:10870400B0311A482B43C2F8B0310160D2F8B0310D
:10871400002BFBD130BC70470904154B104C0125CC
:1087240041F080019860104A596000F580511D6045
:10873400D96000F50051A364196100F5405100F5BA
:108744008040596100219861E164D2F8B03143F46A
:108754008033C2F8B031D2F8B031002BFBD1C0E77E
:10876400000000202017002000002E40941E00204E
:108774004017002010B472B60A4C01220A4923782B
:1087840002FA00F018432070D1F848311A0605D4D3
:1087940080221343C1F84421C1F8483162B65DF820
:1087A400044B70472164002000002E400849012238
:1087B4000B7802FA00F023EA0000087030B9054A89
:1087C400D2F8483123F08003C2F84831704700BF23
:1087D4002164002000002E402DE9F04F9C4C83B012
:1087E400D4F84461F107C4F844616AD5D4F8AC31D3
:1087F400002B61D0DFF88482964DDFF878B208F55B
:10880400805ADFF87C92944FC4F8AC31D5E90A2041
:10881400D4F8403143F40053C4F84031D4F8403123
:108824009B04F5D5D4F8403123F40053C4F8403107
:108834004FF00113C4F8B431D4F8B43113F0011378
:10884400FAD191B240F2816CCBF80030614500F26C
:10885400D980B1F5D06F80F06181B1F5817F00F0EE
:108864008F8140F2AB8040F2023C614500F0B2815E
:10887400B1F5A06F40F0C1807849EB648B600123AF
:10888400A9640B6080234B604FF00113C4F8BC3122
:10889400D4F8B03143F48033C4F8B031D4F8B031F3
:1088A400002BFBD1130C5B0643F08073C4F85431E6
:1088B400D4F8AC31002BA7D1654AD2F8BC31002BD7
:1088C4004AD1720616D5624BD3F8AC21C3F8AC2159
:1088D400D3F8BC21C3F8BC21D3F8B041002CFBD1A0
:1088E4004FF0FF32C3F8B421D3F8843101F026F8F5
:1088F4005B4B1C60F40103D55A4B1B6803B19847CA
:10890400B00103D5584B1B6803B19847710708D5CC
:108914004F4BD3F8843113F400731AD0534B012214
:108924001A704B4BD3F848311A060FD533060DD5C0
:108934004F4A13782BB1013BDBB21370002B00F0CC
:10894400428203B0BDE8F04F00F09ABC03B0BDE82A
:10895400F08F464A1370E4E74649C2F8BC31086810
:10896400034240F061813E4A14681C40A9D05FEA8A
:10897400144810D0374D4FF0010998FAA8F7B7FA08
:1089840087F705EBC71009FA07F74030FFF78AFEAF
:1089940038EA0708F1D1A4B2002C92D02D4D4FF043
:1089A400010894FAA4F7B7FA87F705EBC71008FA99
:1089B40007F7FFF777FEBC43F3D182E7802900F085
:1089C400A780822919D183B210F0780015D103F061
:1089D4007F0257F82210284A1080180600F1C0813F
:1089E400CB0701D50123137002212348FFF776FE3C
:1089F4005EE7010C072900F045814FF00113C4F82C
:108A0400C03155E742F2210C6145F2D03AD942F225
:108A14002123994268D042F221339942EDD10F4B80
:108A240000229A60EA640122AB641A6080225A60D0
:108A34004FF00113C4F8BC31D4F8B03143F480339F
:108A4400C4F8B031D4F8B031002BFBD130E700BF0B
:108A540000002E4000000020C0012E4020170020FE
:108A6400981E0020DC630020E06300202A640020BC
:108A740030640020941E0020406100208C1E0020E1
:108A840040170020B1F5086F3AD0B1F5106FB4D19A
:108A9400B548C2F307424FF0C81100930270B34ABD
:108AA400C4F8C821C4F8CC11C4F8D01100F048FFB0
:108AB40000F07CFBAE4A0121009BAA641160802176
:108AC400936051604FF00112EB64C4F8BC21D4F8F8
:108AD400B02142F48032C4F8B021CBF80030D4F88D
:108AE400B031002BFBD1E3E680B2002897D1A14B33
:108AF400C2F307421968A04B1960A04B1A708EE7A5
:108B0400994B01219E481B780370FFF7E7FDCFE6E0
:108B14009B4802210380FFF7E1FDC9E6994B5968A0
:108B240000293FF46AAF4FEA124E82B204E0196999
:108B34000C3300293FF461AFB3F800C0F445F6D11B
:108B4400B3F802C09445F2D14FEA1E22032A00F082
:108B5400D8801A89000C824228BF0246BEF5007FE5
:108B640040F0D480884B89491878894B00920028BA
:108B740018BF19468748FFF71BFA864B009ADAE0BC
:108B840010F0780F83B27FF438AF03F07F0213F054
:108B9400800F57F8223014BF23F4803323F00103ED
:108BA40047F822300022724BEA649A600122AB64D7
:108BB4001A6080225A604FF00113C4F8BC31D4F813
:108BC400B03143F48033C4F8B031D4F8B031002B61
:108BD400FBD16DE610F0780F83B27FF40EAF03F093
:108BE4007F0213F0800F57F8223014BF43F4803310
:108BF40043F0010347F8223000225D4BEA649A6097
:108C04000122AB641A6080225A604FF00113C4F849
:108C1400BC31D4F8B03143F48033C4F8B031D4F863
:108C2400B031002BFBD143E6002008605A490C8880
:108C3400486842F221018C427FF495AE80B200284C
:108C44007FF491AE5549564C03C9A18086284FEA5A
:108C540011412060A1717FF486AE72B6514801784B
:108C640041F008010170D2F848110D0605D48020A6
:108C74000143C2F84401C2F8481162B64A4A50217D
:108C8400117070E6EB6001234349C9F80030474B8B
:108C94000A60C9F80430464B4860C9F81030C5F87A
:108CA4000890C9E9028AD4F8B02142F00102C4F85C
:108CB400B02103F5805203F50053C9F81420C9F814
:108CC4001830D4F8B031002BFBD1294AEB649360FF
:108CD4000123AA64136048F2800353604FF0011328
:108CE400C4F8BC31D4F8B03143F48033C4F8B031A3
:108CF4004FF48033CBF80030D4F8B031002BFBD1E3
:108D0400D6E5000C0A78824228BF0246BEF5E06F21
:108D140050D11D4B1D4893F800C01D491D4BBCF19B
:108D2400000F18BF014600921846FFF741F90721CA
:108D340003464170009A23F01F011344BFF34F8F81
:108D44004FF0E020C0F8701F20318B42FAD8BFF3F7
:108D54004F8FBFF36F8F0F481146FFF7BFFCA7E596
:108D6400C9033FF53FAE3FE6296400200200CC0072
:108D740020170020CC6100206462002028640020B9
:108D840040610020DC0A00202A640020581C006096
:108D9400F01C006080282020201A00208C1E002057
:108DA4005C62002021640020306400208000070001
:108DB4008C3E0020064B1846CDE90023FFF7F8F857
:108DC400DDE90023B7E70320FFF7F0FC02F03CF9EC
:108DD400802820202DE9F0471F46831E022B01D94D
:108DE400BDE8F087DFF84C9015460C463C2209EBB1
:108DF400C01806464FEAC01A002108F104002404F2
:108E040001F0E8FEB5FA85F20123520944EA4274FE
:108E140049F80A40C8F83870C8F80830002FDFD085
:108E2400034AB34011680B431360BDE8F08700BFE9
:108E3400981E0020000000202DE9F0470D46811EF9
:108E4400022901D9BDE8F087C701DFF84C909246AA
:108E5400044640373C2200211E4609EB07082D0436
:108E640008F1040001F0B6FEBAFA8AF2520945EAA2
:108E7400427249F807200122C8F83860C8F808206F
:108E8400002EDFD0034B10341968A2400A431A6045
:108E9400BDE8F087981E00200000002012048160C5
:108EA400C36101F5405342F0800210B401244260D2
:108EB40001F50052046001F5805401F58041C4605D
:108EC40081615DF8044BC0E904237047831E0A46A0
:108ED400022B00D97047064B00F110014FF0010C32
:108EE40003EBC0100CFA01F14030FFF797BB00BF51
:108EF40000000020831E0A46022B00D9704701217E
:108F0400024B814003EBC010FFF788BB0000002038
:108F140040687047124A134BD2F8200220F07F4079
:108F2400984210B584B002D200EB800040000E4C91
:108F340001A90A2200F030FE01A90023204611F8FD
:108F4400012B01333AB10A2B20F8022FF7D1162353
:108F5400237004B010BD5B00DBB2237004B010BDFD
:108F640000441F40809698009813002038B50C4B9D
:108F740004460C4D1B68298843B1B1F5917F09D291
:108F84004B1C9BB2084A2B80545438BDB1F5917FD9
:108F9400F6D338BD00220448984700210123F1E7A5
:108FA400A462002000640020B8620020F8B5144CCC
:108FB4004FF0E025134E4FF4003204EB4024124FDF
:108FC40006EB40160346C5F88C2121463A88304604
:108FD400FFF764FF3B882344BFF34F8FC5F85C4F12
:108FE4002034A342FAD8BFF34F8FBFF36F8F04200E
:108FF4003146FFF77FFF4FF40033C5F80C31F8BD5D
:109004002029202060170020F463002042684FF6D6
:10901400FC71114BC2F30E42C0691B889B1A0B40B2
:1090240017D00E4930B40E4C0E4D227821F8103072
:109034000021013225F81010062A94BFD1B20A4645
:10904400217009490C6823440B60084B985430BCC8
:109054007047FFF7ABBF00BFF463002050610020EE
:109064001D6400206C61002048610020886100209C
:109074002DE9F04F0123DFF828A1DFF828B183B0F0
:10908400414E9AF80020414D414F8BF8003005EBDA
:1090940042153388D7F80080CDE90002002B6DD14A
:1090A4003C4CDFF804912846FFF732FF10F08000B3
:1090B4005DD03B68A3EB0803282B04D9012323705C
:1090C40003B0BDE8F08F2378002BF9D199F8003074
:1090D400002BF5D000F0C0FC3388002BE3D02E4ADF
:1090E4009AF800101288D01A043B2C4C9BB22044EE
:1090F400338000EB4120009E4902C0F8006C93BB12
:1091040004F5406428460C442146FFF7C7FEBFF32C
:109114004F8F04F1200204F50073934234BF0123FE
:1091240010234FF0E02204EB4313C2F8704F2034B5
:109134009C42FAD1BFF34F8FBFF36F8F04202946AF
:10914400FFF7C4FE019B02200133032B94BFDBB263
:1091540000238AF80030FFF729FB00238BF8003046
:1091640003B0BDE8F08F0220FFF704FBF5E70A4BDC
:109174009AF800101A8820701346B5E7064A019938
:109184001288D01AB0E700BFF8630020201900202D
:10919400CC61002023640020FC63002020292020CF
:1091A400246400202664002029640020214B70B52B
:1091B4001B78002B3BD04FF400731E461E498022BF
:1091C4001E4D00240B8000211D482B8001F002FD60
:1091D4001C4A21461C4B1470C0221C481C8001F000
:1091E400F9FC1B4A31461B4B042094609C60C2E985
:1091F4000044194AC3E900441470184B184A1C70FF
:10920400184B14602246FFF7E5FD234622462988C1
:109214000420FFF711FE20460134FFF7C7FE062C99
:10922400F9D100231049114A0B70137070BD40230B
:109234001E46C3E72A640020F4630020FC63002078
:109244002019002024640020F86300206017002007
:10925400506100206C6100201D6400201F64002008
:10926400486100207D7200002364002026640020F1
:10927400024B1B780BB1FFF7FBBE7047296400203B
:109284002DE9F843214B1D7815B9214E33880BB9CC
:10929400BDE8F883DFF888801E4A98F800701E4CF9
:1092A40002EB47191D4A04EB47241288484621461D
:1092B400D21A2B46FFF7F2FDBFF34F8F04F12002C1
:1092C40004F50073934234BF012310234FF0E022CE
:1092D40004EB4313C2F8704F20349C42FAD1BFF31D
:1092E4004F8FBFF36F8F013749460420FFF7EEFD20
:1092F400032F4FF000034FF0020098BFFDB23380FC
:1093040088F80050BDE8F843FFF750BA26640020FF
:10931400F86300202019002020352020FC63002061
:1093240024640020F8B54FF400324FF0E023204CC1
:10933400C3F88C211F4B227819788A422ED0D3B2DD
:109344001D4A1E4F01331E491E4E072B28BF002302
:10935400D05C37F8102001EB40218D58043231687D
:1093640092B2043927F810203160174931F81010EF
:10937400914207D94FF0E0234FF400322846C3F856
:109384000C21F8BDDBB22370FFF710FE4FF0E02391
:109394004FF400322846C3F80C21F8BD00254FF0E5
:1093A400E0234FF400322846C3F80C21F8BD00BF77
:1093B4001F6400201D640020886100206C6100206F
:1093C400202920204861002050610020F8B506467D
:1093D400FFF7A8FF90B1C0F3031300F00F059C4AF8
:1093E4000446070A1370A5F10803062B08D807F0F2
:1093F4000F030133002E45D0B34243D00020F8BD03
:10940400AB1EF8B2012B19D9F72818BFF02801D9DF
:10941400052D13D0042D00F085816B1F022B40F223
:1094240045810F2DEAD1F72808D8F02803D0894BBD
:109434001B88002BE2D0FFF799FDDFE7F1380E28F7
:10944400DCD801A353F820F02D7800003F78000009
:109454005D7800006D7600006D7600006B7800008A
:109464006D760000797800006D760000A577000025
:10947400DB770000BF7700006D760000F77700000F
:1094840013780000082DC4F3033217D1082A15D12C
:1094940071488021714A0768C4F30746DDB2117030
:1094A400240E1FB1314628462246B8476C4B012092
:1094B4006C491D706C4B0E701C70F8BD092D14D1D5
:1094C400092A12D1220E654900F0B4809020C4F319
:1094D4000746DDB20870D4B264490F68002FE5D0A6
:1094E400224631462846B847E0E70A2D05D10A2A24
:1094F40003D15F48A021594ACDE70B2D05D10B2A92
:1095040003D15C48B021554AC5E70C2D40F08A8050
:109514000C2A40F08780584AC02050491268C4F38E
:109524000746DDB20870240E002ABFD03146284613
:109534009047BBE7514B1B68002B00F00A81C4F332
:1095440007469847454B240E00251F70AEE74C4B49
:109554001B68002BF3D14B4B1B68002B00F0ED80F4
:10956400FC20C4F307469847ECE7474B1B68002BE5
:10957400E5D1444B1B68002B00F0DF80FB20C4F3D3
:1095840007469847DEE7414B1B68002BD7D13D4B7C
:109594001B68002B00F0D180FE20C4F307469847D7
:1095A400D0E73B4B1B68002BC9D1364BC4F30746AD
:1095B4001B68002BC6D0FF209847C3E7354BC4F384
:1095C40007461B68002BBDD030469847BAE7324B9C
:1095D4001A68002A00F0B180630CC4F30640260C1C
:1095E40003F47E53F6B218439047ABE72B4BC4F316
:1095F40007461B68002BE7D1A4E7294BC4F30746B1
:109604001B68002B9DD19DE7264B1B68002B96D130
:109614001C4B1B68002B00F09080F820C4F3074615
:1096240098478FE70D2D62D10D2A60D11E4AD020B4
:109634000A4973E78020DDB2C4F30746087006497F
:109644000F68002F7CD0314628461446B8472DE7D2
:109654002B640020006400207C6200202F64002022
:109664002C6400202D6400202E64002080620020E1
:10967400B462002078620020886200209862002092
:109684009C6200208C6200207462002068620020CA
:10969400A8620020AC620020906200209462002046
:1096A400B0620020706200206C620020FFF75EFC54
:1096B400052D08D0C4F30740FFF758FC072D02D14D
:1096C400200EFFF753FC2B4B2B4819882B4A0170B3
:1096D400080A2B4C107000202A4A1880F0232468B2
:1096E40013707CB301222848A0470120F8BD0E2D39
:1096F4007FF484AE0E2A7FF481AE244AE02021490F
:109704001268087072B3610CC4F30640DDB201F450
:109714007E51260C240E01432846F6B2A1F50051D1
:109724009047C3E6FFF722FCC4F30740FFF71EFC93
:10973400200EFFF71BFC0020F8BDC4F3074601E729
:109744003C46B3E6124B1B688BB10F489847012087
:10975400F8BD104B1B68002BEFD0FA20C4F307466A
:109764009847EFE6C4F30746DDB2240E9EE60120D7
:10977400F8BD00BF006400202D6400202E6400208A
:10978400A46200202F640020B862002084620020BC
:10979400A06200208C620020F8B5144C4FF0E02544
:1097A400134E4FF4003204EB4024124F06EB4016E4
:1097B4000346C5F88C2121463A883046FFF76EFBF4
:1097C4003B882344BFF34F8FC5F85C4F2034A3423A
:1097D400FAD8BFF34F8FBFF36F8F03203146FFF7E3
:1097E40089FB4FF40033C5F80C31F8BD203D20202F
:1097F40020180020F6630020244B2DE9F0411C883A
:109804004368C569C3F30E43E41A002C24DD2049E0
:1098140020480A780078D3B21F4E82421F4807D0EE
:1098240010F8038036F81870C7F50072944218D9FE
:109834000133002226F81540082B194E88BF134621
:1098440026F8152098BFDAB2C554164B0A701A6868
:1098540014441C60BDE8F0812846BDE8F041FFF7E0
:109864009BBF07EB4820104922462744084401EBDC
:109874004521FEF79DFB0B4A284626F8187013680D
:109884002344BDE8F0411360FFF786BFF663002070
:109894001E640020206400205C6100209061002090
:1098A400786100204C610020203D20201D4B1A7857
:1098B400002A36D102F0FF031B4A12788AB32DE93D
:1098C400F0411A4D2A8852B3194EC2F50068194F57
:1098D4003278194C07EB421704EBC224424638464F
:1098E4002146FFF7DBFA04EB0802BFF34F8F4FF07A
:1098F400E023C3F8704F2034A242FAD8BFF34F8F4D
:10990400BFF36F8F03203946FFF7E0FA3378013352
:10991400DBB2032B88BF0023337000232B80BDE808
:10992400F08170472764002029640020FA63002036
:1099340025640020A0190020204D2020704700BF7E
:109944002D4B002180222D4870B51B7800242C4D0E
:109954008B422C4E0CBF40234FF400732B8033807A
:1099640001F038F9284A2146284B14704FF48072CC
:1099740027481C8001F02EF9264A1021264B02208C
:10998400C2E90044C2E90244244AC3E90044147011
:10999400234AC3E90244234B1C7023461460224625
:1099A400FFF74AFA2246318803201F4BFFF712FAC9
:1099B4002346012229880320FFF73EFA204601347A
:1099C400FFF7EAFE082CF9D1184B00214A22184867
:1099D400184C0460C3F88410C3F88020D3F84821DD
:1099E400154942F08072C3F8482121B1134A137813
:1099F40043F00103137070BD2A640020A0190020F5
:109A0400FE630020F663002025640020FA63002032
:109A1400201800205C610020786100201E64002072
:109A24004C61002020640020697A000000002E4070
:109A3400DC6300201D7B0000000000003164002076
:109A4400044B10B51C680CB1204610BD00F004F89E
:109A5400204610BD4C6100202DE9F8432D4B1E78A3
:109A640066B12D4F3B784BB90123F1073B7043D4CA
:109A7400B20726D400233B70730701D4BDE8F883F2
:109A8400264B1A68002AF9D0EFF30582002AF5D193
:109A9400EFF3108572B61868002834D0204C217872
:109AA400002930D10122227042691A60002A2ED086
:109AB400916105B962B6002583684577984725709A
:109AC400DCE7DFF8648098F80030002BD2D0002562
:109AD400DFF858902B4659F8234001352368204677
:109AE4001B69984710B163699B68984798F80020F0
:109AF400EBB29A42EFD8BDE7FFF7A2FF0028B7D038
:109B0400AFF30080B4E7002DB8D162B6B6E7054BD9
:109B14001A60CEE73164002006640020A41A0020F5
:109B240003640020B01A002005640020CC1A002031
:109B340070B5EFF3108272B60C4C206880B10C4EF5
:109B440000254369236073B19D6102B962B68368DD
:109B540045779847EFF3108272B620680028F0D159
:109B640002B962B670BD3360EFE700BFAC1A0020E3
:109B7400A81A0020FFF7DCBF0449054A4968054BD1
:109B84001960136801331360704700BF001000E0D0
:109B9400CC610020C861002001F1FF3C70B566462D
:109BA400002400E00134B0FBF2F502FB1503092B9D
:109BB40003F1370E03F130035FFA8EFE98BF5FFAAC
:109BC40083FE9042284606F801EFEBD2631C002284
:109BD400C818CA547CB162461CF8015F10F8016DC4
:109BE400A1EB0C0302328CF80060013B521A0570A1
:109BF40023449A42EFDB084670BD00BF074A506A0F
:109C0400936A19468446506A936A9942F9D1844505
:109C1400F7D1DB0B43EA4040704700BF00400D40E2
:109C240003460846194601F027B800BF10EE103A63
:109C340040F22A41C3F30A528A42B7EEC03A32D8FC
:109C4400B7EE000B2D4B93ED4A2B93ED481BB0EE72
:109C5400417BA2EE037B17EE100A37EE417B00F046
:109C64001F0203EBC20130B492EE037B93ED4C4B25
:109C740053F832404D6893ED4E6B93ED505BA4EE78
:109C8400076B27EE074B00210A1905EBC033A5EE3D
:109C9400070B43EC172BA6EE040B30BC20EE070B8E
:109CA400B7EEC00B704713F5000F20D0B2F5FF6F6D
:109CB4001AD2DFED137AB4EEE70AF1EE10FA10DCF3
:109CC400DFED107AB4EEE70AF1EE10FA12D4DFED0C
:109CD4000E7AB4EEE70AF1EE10FAB1D5002000F0E6
:109CE400CBBA002000F0CEBA30EE000A70479FEDE8
:109CF400070A7047002000F0B9BA00BF80020020B4
:109D04001772B142B4F1CFC2CF8ECEC200000000B0
:109D140030B410EE103A2DED028BA3F5000110EED5
:109D2400902AB1F1FE4F10EE104A82B04FEA420180
:109D34007CD201F1FF3C6FF08070844580F0F780A5
:109D4400002004F1404303F54D03C3F3C342DB0D8C
:109D5400DB05E11ADB1507EE903AB14B03EB021277
:109D640092ED003B04EE101AB7EEE06AB7EEC44A77
:109D7400BFEE000BA3EE040B93ED443B20EE001B5F
:109D840093ED464B93ED402BA0EE034B93ED425BDA
:109D940093ED483BA0EE025B21EE012B92ED028B8A
:109DA400B8EEE77B37EE087BA0EE037BA1EE047BE5
:109DB400A5EE027B26EE077B17EE903A48F2BF0130
:109DC400C3F3CF338B4250D2B7EE000B954B93EDD8
:109DD400402B37EE023B13EE102A33EE423B02F0E7
:109DE4001F01821803EBC10093ED424B37EE437B16
:109DF40053F83140456893ED446B93ED465BA7EE11
:109E0400046B27EE074B0023181905EBC231A7EEAC
:109E1400050B41EC170BA6EE040B20EE070BB7EE77
:109E2400C00B02B0BDEC028B30BC70474D1E6FF00E
:109E34008070854280F0CE8059004D1E854280F0AE
:109E44009280002B55DB0020B4F5000FBFF479AFEE
:109E5400DFED757A07EE103A67EE277A17EE904A2F
:109E640024F00044A4F138646BE79FED656BB4EE15
:109E7400C67BF1EE10FA15DC9FED636BB4EEC67B86
:109E8400F1EE10FA20DD4FF04C5388B10193DDED73
:109E9400016ABFEE006A76EE666AF4EE466AF1EE97
:109EA40010FA11D002B0BDEC028B30BC00F0EAB95C
:109EB4000093DDED006AB7EE006A76EE866AF4EE92
:109EC400466AF1EE10FAEDD19FED516BB4EEC67B0C
:109ED400F1EE10FA57D99FED506BB4EEC67BF1EE5C
:109EE40010FA7FF571AF02B0BDEC028B30BC00F00C
:109EF400C3B9C2F3C7517E2911DD962954DC012070
:109F0400C1F1960100FA01F1481E104207D1114235
:109F140014BF01200020000424F0004494E700EE64
:109F2400103A02B0BDEC028B30BC00F0C3B900297A
:109F340052D0B3F17E5F2CD06400B4F17F4F2ED8A1
:109F4400B1F17F4F2BD1B4F1FE4F4BD0B4F1FE4FA2
:109F54006FEA020234BF00240124D20F94424CD091
:109F64009FED320A5DE7002B20EE000A1EDB002085
:109F740000293AD1002ABFF654AF02B0BDEC028BDF
:109F840030BC00F085B902B0BDEC028B30BC00F0EF
:109F94006DB982F48002520012F5000F22D907EE47
:109FA400903A37EEA00A3CE70020B5E7C2F3C75366
:109FB400A3F17F001728DAD8C3F19600012303FA2E
:109FC40000F0441E1442D2D11040D1D0B1EE400A68
:109FD4001846CDE70029AFD184F48002520012F56F
:109FE400000FDCD8B7EE000A1BE7002ABFF619AF52
:109FF400F7EE007A87EE800A13E720EEA00A10E756
:10A0040071D5D1FFFFFF5F40E2AAA3FFFFFF5F40CE
:10A014000000000000C062C00000000000A062C098
:10A02400C8030020800200200000004B0000000054
:10A0340030B510EE104AC4F30A53B3F57D7FB7EE82
:10A04400C06A83B01BD226EE065BB3F5667F6ED37F
:10A0540026EE052B25EE021B734B93ED1A3B93ED75
:10A06400187B93ED164BA5EE037BA2EE046BB0EECA
:10A07400460BA7EE010BB7EEC00B03B030BD40F2A8
:10A084002E4293425ED8684991ED087B26EE077B09
:10A09400FDEEC77B91ED0A5B17EE903A03F50003E2
:10A0A4001B1613F0020F07EE903A01F1700208BF7D
:10A0B4000A46D807B8EEE77BA7EE456B26EE067B8B
:10A0C4001BD403F0030301EBC30192ED1A4B91ED92
:10A0D400002B92ED185B26EE026B92ED163BA7EE79
:10A0E400045B26EE074B27EE047BA4EE036BA5EE80
:10A0F400076BB7EEC60B03B030BD92ED142B27EE01
:10A10400075B92ED126B92ED0E3BA7EE026B92EDA4
:10A114000C0B92ED104BA7EE030B27EE057BA5EE7F
:10A12400040BA6EE070BB7EEC00B03B030BD220D37
:10A1340012F4FF6FDFD1B7EEC55B00EE104A8DED70
:10A14400015AD8E7B3F5FF6F4BD2384BC4F383629F
:10A1540003EB820053F822200569C4F31603C4F309
:10A16400C25143F400038B40016A03FB02F2A3FBD8
:10A174000110E3FB050202F100518D0F01F0404193
:10A18400511A00F035FA2A4B9FED257B05EBD47468
:10A1940041EC160B14F0020FA3F1700208BF134632
:10A1A400E90726EE077B27EE076B1FD404F00304B0
:10A1B40002EBC40293ED1A4B92ED002B93ED185B66
:10A1C40027EE027B93ED163BA6EE045B27EE064BCF
:10A1D40026EE046BA4EE037BA5EE067BB7EEC70B5D
:10A1E40089E703B0BDE8304000F064B893ED142B68
:10A1F40026EE065B93ED127B93ED0E3BA6EE027BFF
:10A2040093ED0C0B93ED104BA6EE030B26EE056BB2
:10A21400A5EE040BA7EE060BB7EEC00B6BE700BF71
:10A22400182D4454FB21193CF00400204007002061
:10A234006005002010B582B08DED010A044600F0DF
:10A2440033FD9DED010A046002B010BD30B1F1EEA2
:10A25400407A27EE800A2220FFF7ECBFF0EE407A26
:10A2640027EE800A2220FFF7E5BF00BF9FED010A19
:10A27400FFF7ECBF000000109FED010AFFF7E6BFF7
:10A284000000201A9FED010AFFF7E0BF00000070F4
:10A294009FED070AFFEE007AB7EE007A00284FF030
:10A2A400220047FE277A87EE800AFFF7C3BF00BF6C
:10A2B4000000000070EE407AB4EE400A87EEA77A00
:10A2C400F1EE10FAB0EE470A02D62120FFF7B2BF32
:10A2D400704700BF81F0004102E000BF83F00043FB
:10A2E40030B54FEA41044FEA430594EA050F08BF2D
:10A2F40090EA020F1FBF54EA000C55EA020C7FEAF1
:10A30400645C7FEA655C00F0E2804FEA5454D4EB6D
:10A314005555B8BF6D420CDD2C4480EA020281EA37
:10A32400030382EA000083EA010180EA020281EA6F
:10A334000303362D88BF30BD11F0004F4FEA0131C1
:10A344004FF4801C4CEA113102D0404261EB4101D0
:10A3540013F0004F4FEA03334CEA133302D0524256
:10A3640063EB430394EA050F00F0A780A4F1010412
:10A37400D5F1200E0DDB02FA0EFC22FA05F280184C
:10A3840041F1000103FA0EF2801843FA05F3594132
:10A394000EE0A5F120050EF1200E012A03FA0EFCB1
:10A3A40028BF4CF0020C43FA05F3C01851EBE371DB
:10A3B40001F0004507D54FF0000EDCF1000C7EEBF8
:10A3C40000006EEB0101B1F5801F1BD3B1F5001F36
:10A3D4000CD349085FEA30004FEA3C0C04F1010455
:10A3E4004FEA445212F5800F80F09A80BCF1004F7E
:10A3F40008BF5FEA500C50F1000041EB045141EA00
:10A40400050130BD5FEA4C0C404141EB0101013CC8
:10A4140028BFB1F5801FE9D291F0000F04BF0146B7
:10A424000020B1FA81F308BF2033A3F10B03B3F189
:10A4340020020CDA0C3208DD02F1140CC2F10C0219
:10A4440001FA0CF021FA02F10CE002F11402D8BF77
:10A45400C2F1200C01FA02F120FA0CFCDCBF41EA43
:10A464000C019040E41AA2BF01EB0451294330BD12
:10A474006FEA04041F3C1CDA0C340EDC04F11404EF
:10A48400C4F1200220FA04F001FA02F340EA0300C6
:10A4940021FA04F345EA030130BDC4F10C04C4F10C
:10A4A400200220FA02F001FA04F340EA03002946EC
:10A4B40030BD21FA04F0294630BD94F0000F83F436
:10A4C400801306BF81F480110134013D4EE77FEA19
:10A4D400645C18BF7FEA655C29D094EA050F08BF65
:10A4E40090EA020F05D054EA000C04BF1946104646
:10A4F40030BD91EA030F1EBF0021002030BD5FEA8A
:10A50400545C05D14000494128BF41F0004130BDB1
:10A5140014F580043CBF01F5801130BD01F0004505
:10A5240045F0FE4141F470014FF0000030BD7FEA78
:10A53400645C1ABF194610467FEA655C1CBF0B4673
:10A54400024650EA013406BF52EA033591EA030F8A
:10A5540041F4002130BD00BF90F0000F04BF002182
:10A56400704730B54FF4806404F132044FF00005B5
:10A574004FF0000150E700BF90F0000F04BF00212E
:10A58400704730B54FF4806404F1320410F0004594
:10A5940048BF40424FF000013EE700BF42004FEA8F
:10A5A400E2014FEA31014FEA02701FBF12F07F430C
:10A5B40093F07F4F81F06051704732F07F4208BFC3
:10A5C400704793F07F4F04BF41F40021704730B5CA
:10A5D4004FF4607401F0004521F000411CE700BF16
:10A5E40050EA010208BF704730B54FF000050AE099
:10A5F40050EA010208BF704730B511F0004502D59A
:10A60400404261EB41014FF4806404F132045FEA9B
:10A61400915C3FF4D8AE4FF003025FEADC0C18BF44
:10A6240003325FEADC0C18BF033202EBDC02C2F136
:10A63400200300FA03FC20FA02F001FA03FE40EAC8
:10A644000E0021FA02F11444BDE600BF024B01469C
:10A65400186800F003B800BFD81000202DE9F04FAF
:10A6640001F10B06162E83B0044624D8102900F2FB
:10A67400BA8000F0A3FA102618220220B54F3A44FB
:10A68400A2F1080153688B4200F0BA805A68D96875
:10A6940022F003021A449D68E9608D60516841F01C
:10A6A40001012046516003F1080500F08DFA2846A7
:10A6B40003B0BDE8F08F36F0070600F19480B14294
:10A6C40000F2918000F07AFAB6F5FC7FC0F09A812E
:10A6D400730A00F08F80042B00F26F81B30903F139
:10A6E400390003F1380CC3009A4F3B44A3F1080529
:10A6F4005B689D4206D10CE0002980F22781DB686B
:10A704009D4206D05A6822F00302911B0F29F3DD03
:10A7140060463D69DFF850C265457CD06A6822F026
:10A724000302931B0F2B00F37B81002BC7E904CC9E
:10A7340080F26C81B2F5007F80F01A81D3087968C9
:10A7440001334FEA521E012202FA0EF20A4357F86D
:10A7540033E0C5F808E007EBC3010839E9607A6023
:10A7640047F83350CEF80C508310012199409142A0
:10A7740057D8114206D120F003004900114200F1DC
:10A784000400FAD007EBC0094D468646D5F80C8084
:10A79400454508D11DE1002B80F22481D8F80C80B6
:10A7A400454500F01681D8F8042022F00302931BDB
:10A7B4000F2BF0DD2046D8E9025408EB060146F0E1
:10A7C4000106C8F80460EC60A56043F00104C7E921
:10A7D4000411C1E902CC4C6048F8023000F0F4F9ED
:10A7E40008F1080502E00C2323600025284603B085
:10A7F400BDE8F08F4FF4007340204FF03F0C73E737
:10A80400D3689A4208BF02307FF440AF3D69DFF855
:10A8140058C1654582D17A688310012199409142DB
:10A82400A7D9BD686B6823F003094E4503D8A9EB8B
:10A8340006030F2B7ADCDFF834B1474BDBF800203A
:10A844001B680132334405EB090A00F0338103F538
:10A8540080530F3323F47F6828F00F0841462046C5
:10A8640000F010FA411C024600F0F380824500F229
:10A87400EE803A4B196841441960084600F04E8155
:10A88400DBF80010019301311BBFA2EB0A01091888
:10A89400CBF80020196012F0070B00F01781CBF100
:10A8A40008010A44CBF5805190440831A1EB08011A
:10A8B400C1F30B0A51462046009200F0E3F9421C12
:10A8C400DDE9002300F04F81801A00EB0A081968C3
:10A8D400BA6048F001005144BD425060196000F074
:10A8E4002981B9F10F0F40F227816868A9F10C0C96
:10A8F4002CF0070C00F0010040EA0C0068604FF0F7
:10A90400050E05EB0C00BCF10F0FC0E901EE00F2DF
:10A91400328150681546124B1A688A4238BF196052
:10A92400104B1A688A4238BF196094E0AA1943F0A0
:10A93400010346F001066E602046BA60536000F0E1
:10A9440043F90835284603B0BDE8F08FD9681A44A6
:10A95400A1E600BFC80C00200C1D0020DC1C002058
:10A96400041D0020081D0020D00C0020D010002061
:10A97400B2F5206F4FEA522363D3142B00F2B78051
:10A9840003F15C01C9005B3307EB010E7958AEF1AA
:10A99400080E8E4500F091804B6823F00303934228
:10A9A40002D989688E45F7D1D1F80CE07A68C5E9F7
:10A9B400021ECEF80850CD60D6E6142B59D9542B7C
:10A9C40000F29D80330B03F16F0003F16E0CC300A2
:10A9D4008AE60EF1010E1EF0030F05F108057FF45F
:10A9E400D5AE51E0424445465368D8F80C1043F0C4
:10A9F4000103536055F8083F2046D9608B6000F08E
:10AA0400E3F8F3E6F00806F1080237E62A442046A4
:10AA1400536843F001035360083500F0D5F8E5E6C8
:10AA2400A919204646F0010643F001046E60C7E907
:10AA34000411C1E902CC4C60AB5000F0C5F80835F4
:10AA4400D4E6930903F13901C90038339CE7BD42C8
:10AA54005FD0BD68686820F003084645A8EB06038C
:10AA640002D80F2B3FF762AF204600F0ADF8002567
:10AA7400BCE603F15C0003F15B0CC30034E659F857
:10AA840008394B4540F0968010F0030F00F1FF3079
:10AA9400F5D17B6823EA01037B60490099423FF6C4
:10AAA400C0AE19B9BDE649000EF1040E1942FAD040
:10AAB400704667E603F11008D0E69A104FF00108DB
:10AAC4007B6808FA02F21A437A6070E702EB080125
:10AAD4004942C1F30B0A51462046009200F0D2F8D5
:10AAE400431CDDE900237FF4EFAEDA46EFE6542B96
:10AAF40025D8130B03F16F01C9006E3344E7B3F596
:10AB0400AA7F25D8F30B03F1780003F1770CC30077
:10AB1400EAE5294B186840441860B1E6CAF30B0C07
:10AB2400BCF1000F7FF4ACAEBD68C84448F001002E
:10AB34006860F0E61546EEE60123536094E7B3F54A
:10AB4400AA7F23D8D30B03F17801C90077331BE71D
:10AB540040F25452934223D8B30C03F17D0003F125
:10AB64007C0CC300C0E5ABF1080BD844A8EB020889
:10AB74004FF0000AABE605F108012046009300F00F
:10AB840055F9BD68009B68681968C4E640F25451E1
:10AB94008B420BD8930C03F17D01C9007C33F3E69F
:10ABA4004FF47E737F204FF07E0C9DE54FF47E7151
:10ABB4007E23E9E67B6870E7DC1C0020014800F096
:10ABC4009DB800BFD81C0020014800F099B800BF10
:10ABD400D81C0020830730B548D0541E002A3FD02B
:10ABE400CAB2034601E0013C3AD303F8012B9D07A6
:10ABF400F9D1032C2DD9CDB245EA05250F2C45EA10
:10AC0400054536D9A4F1100222F00F0C03F1200EF1
:10AC1400E6444FEA121C03F1100242E9045542E9EA
:10AC2400025510327245F8D10CF1010214F00C0FE8
:10AC340003EB021204F00F0C13D0ACF1040323F065
:10AC440003030433134442F8045B9342FBD10CF036
:10AC540003042CB1C9B21C4403F8011B9C42FBD170
:10AC640030BD64461346002CF4D1F9E7034614467C
:10AC7400BFE71A46A446E0E713460A460146022007
:10AC840000F040B838B5074D0022044608462A6053
:10AC9400FDF776FC431C00D038BD2B68002BFBD09D
:10ACA400236038BD9C1E0020014B1868704700BF0C
:10ACB400D810002070B50D4E0D4D761BB61006D081
:10ACC400002455F8043B01349847A642F9D1094EB3
:10ACD400094D761B00F0B0F9B61006D0002455F8E3
:10ACE400043B01349847A642F9D170BD001C0060B2
:10ACF400001C0060101C0060001C0060704700BF56
:10AD0400704700BF2DE9F047DFF87CA00646DAF86B
:10AD1400000098460F469146FFF7F0FF184B1C6859
:10AD240024B365681F2D24DC5EB96B1C0235DAF888
:10AD34000000636044F82570FFF7E2FF0020BDE8DF
:10AD4400F08704EB85010123C1F88890D4F88821A9
:10AD5400AB401A43022EC4F88821C1F80881E4D11B
:10AD6400D4F88C211A43C4F88C21DEE7054C1C600E
:10AD7400D7E7DAF80000FFF7C3FF4FF0FF30DEE754
:10AD8400401B0020441B0020BC0C0020F8B5244FBD
:10AD94000C460646FFF712FFBB685D68C4F57E618A
:10ADA4000F3125F003054B1923F47F6323F00F03C0
:10ADB400A3F58054B4F5805F07DB00213046FFF72C
:10ADC40061FFBB682B44984204D03046FFF7FCFE79
:10ADD4000020F8BD61423046FFF754FF01300DD02A
:10ADE400104ABB682D1B45F001055D6013683046B1
:10ADF4001B1B1360FFF7E8FE0120F8BD002130465D
:10AE0400FFF740FFBA68831A0F2BDEDD43F001031E
:10AE14005360054B03491B68C01A0860D5E700BF9F
:10AE2400C80C0020DC1C0020D0100020002961D0B8
:10AE3400F8B50C460646FFF7C1FE54F8042C7B4FC8
:10AE4400A4F1080522F0010105EB010CB868DCF857
:10AE54000430604523F0030300F08B80D207CCF864
:10AE6400043032D454F8082CAD1A1144AA6807F1FE
:10AE7400080082426AD00CEB0304D4F804E0EC68C6
:10AE8400D4601EF0010FA26000F0978041F001032E
:10AE94006B60CCF80010B1F5007F35D27868CB0830
:10AEA4000122490901338A40024357F833107A607A
:10AEB40007EBC302083AC5E9021247F83350CD60E4
:10AEC4003046BDE8F840FFF77FBE0CEB0302526842
:10AED400D00710D4194407F10800DCF80830834285
:10AEE40073D0DCF80C20DA60936041F001036B60EE
:10AEF4006950D0E7704741F00103B1F5007F44F891
:10AF0400043CCCF80010C9D3B1F5206F4FEA5123AB
:10AF140048D28B0903F1390003F13802C300F81851
:10AF2400FB580838984259D05A6822F003028A42E2
:10AF340002D99B689842F7D1D868C5E90230856088
:10AF4400DD603046BDE8F840FFF73EBE0CEB03027F
:10AF54005268D20763D40B44DCE90212CA609160E0
:10AF640043F001026A603046EB50BDE8F840FFF759
:10AF74002BBE0B44D10707D454F8082CAD1A134444
:10AF8400D5E90212CA60916043F001026A60284A5E
:10AF9400BD6012689A4293D8264B30461968FFF771
:10AFA400F5FE8DE7142B0AD9542B1FD80B0B03F194
:10AFB4006F0003F16E02C300B1E719448DE703F19A
:10AFC4005C0003F15B02C300A9E741F00103C7E998
:10AFD4000455C5E902006B60695071E77968921005
:10AFE400012404FA02F20A437A60A6E7B3F5AA7FC1
:10AFF40006D8CB0B03F1780003F17702C3008EE788
:10B0040040F25452934206D88B0C03F17D0003F1B5
:10B014007C02C30083E74FF47E737E227FE741F016
:10B0240001036B60CCF800104AE700BFC80C002095
:10B03400D41000200C1D00205FF800F0A11B00605C
:10B044005FF800F0691600605FF800F04D1B0060C7
:10B054005FF800F01516006000000000000000001A
:04B06400F8B500BF7C
:08B06800BCEBFF7F01000000BA
:10B0700000000000000000000000000000000000D0
:10B0800000000000000000000000000000000000C0
:10B0900000000000000000000000000000000000B0
:10B0A00000000000000000000000000000000000A0
:10B0B0000000000000000000000000000000000090
:10B0C0000000000000000000000000000000000080
:10B0D0000000000000000000000000000000000070
:10B0E0000000000000000000000000000000000060
:10B0F0000000000000000000000000000000000050
:10B10000000000000000000000000000000000003F
:10B11000000000000000000000000000000000002F
:10B12000000000000000000000000000000000001F
:10B13000000000000000000000000000000000000F
:10B1400000000000000000000000000000000000FF
:10B1500000000000000000000000000000000000EF
:10B1600000000000000000000000000000000000DF
:10B1700000000000000000000000000000000000CF
:10B1800000000000000000000000000000000000BF
:10B1900000000000000000000000000000000000AF
:10B1A000000000000000000000000000000000009F
:10B1B000000000000000000000000000000000008F
:10B1C000000000000000000000000000000000007F
:10B1D000000000000000000000000000000000006F
:10B1E000000000000000000000000000000000005F
:10B1F000000000000000000000000000000000004F
:10B20000000000000000000000000000000000003E
:10B21000000000000000000000000000000000002E
:10B22000000000000000000000000000000000001E
:10B23000000000000000000000000000000000000E
:10B2400000000000000000000000000000000000FE
:10B2500000000000000000000000000000000000EE
:10B2600000000000000000000000000000000000DE
:10B2700000000000000000000000000000000000CE
:10B2800000000000000000000000000000000000BE
:10B2900000000000000000000000000000000000AE
:10B2A000000000000000000000000000000000009E
:10B2B000000000000000000000000000000000008E
:10B2C000000000000000000000000000000000007E
:10B2D000000000000000000000000000000000006E
:10B2E000000000000000000000000000000000005E
:10B2F000000000000000F03F748515D3B0D9EF3F87
:10B300000F89F96C58B5EF3F515B12D00193EF3FB5
:10B310007B517D3CB872EF3FAAB968318754EF3F4B
:10B320003862756E7A38EF3FE1DE1FF59D1EEF3F04
:10B3300015B7310AFE06EF3FCBA93A37A7F1EE3F2A
:10B340002234124CA6DEEE3F2D89616008CEEE3F1E
:10B35000272A36D5DABFEE3F824F9D562BB4EE3FFB
:10B36000295448DD07ABEE3F85553AB07EA4EE3F49
:10B37000CD3B7F669EA0EE3F745FECE8759FEE3F8D
:10B380008701EB7314A1EE3F13CE4C9989A5EE3FD4
:10B39000DBA02A42E5ACEE3FE5C5CDB037B7EE3FC6
:10B3A00090F0A38291C4EE3F5D253EB203D5EE3FFF
:10B3B000ADD35A999FE8EE3F475EFBF276FFEE3F32
:10B3C0009C5285DD9B19EF3F6990EFDC2037EF3F02
:10B3D00087A4FBDC1858EF3F5F9B7B33977CEF3FE4
:10B3E000DA90A4A2AFA4EF3F40456E5B76D0EF3F6A
:10B3F000000000000000E8429423914BF86AAC3F43
:10B40000F3C4FA50CEBFCE3FD6520CFF422EE63FD9
:10B410000000000000003843FE822B6547154740BE
:10B420009423914BF86ABC3EF3C4FA50CEBF2E3F32
:10B43000D6520CFF422E963FBEF3F879EC61F63FF0
:10B440001930965BC6FEDEBF3D88AF4AED71F53F11
:10B45000A4FCD432680BDBBFB010F0F03995F43F98
:10B460007BB71F0A8B41D7BF8503B8B095C9F33F9F
:10B470007BCF6D1AE99DD3BFA564880C190DF33FEE
:10B4800031B6F2F39B1DD0BFA08E0B7B225EF23F44
:10B49000F07A3B1B1D7CC9BF3F341A4A4ABBF13FBF
:10B4A0009F3CAF93E3F9C2BFBAE58AF05823F13F5E
:10B4B0005C8D78BFCB60B9BFA70099413F95F03F45
:10B4C000CE5F47B69D6FAABF000000000000F03FAE
:10B4D0000000000000000000AC479AFD8C60EE3FC9
:10B4E0003DF5249FCA38B33FA06A021FB3A4EC3FC6
:10B4F000BA913854A976C43FE6FC6A573620EB3F30
:10B50000D2E4C44A0B84CE3F2DAAA163D1C2E93F45
:10B510001C65C6F04506D43FED417803E686E83F5A
:10B52000F89F1B2C9C8ED83F624853F5DC67E73FA1
:10B53000CC7BB14EA4E0DC3F0B6E49C91676D23FFE
:10B540007AC675A06919D7BFDDBAA76C0AC7DE3FF6
:10B55000C8F6BE484715E7BF2BB82A654715F73F21
:10B56000000000000000F03F000000000000F0BFFD
:10B57000000000000000F0BF000000000000F03FED
:10B5800083C8C96D305F6441182D4454FB21F93FD5
:10B59000000000000000F03F1C620CFDFFFFDFBF59
:10B5A000198F06E15355A53F9D359AE887C056BFD0
:10B5B000C3F87B024393F93E03A695595455C5BF82
:10B5C000C40B23057610813F24CF7437EB9429BF39
:10B5D000000000000000F03F000000000000F0BF8D
:10B5E000000000000000F0BF000000000000F03F7D
:10B5F00083C8C96D305F6441182D4454FB21F93F65
:10B60000000000000000F0BF1C620CFDFFFFDF3FE8
:10B61000198F06E15355A5BF9D359AE887C0563F5F
:10B62000C3F87B024393F9BE03A695595455C5BF91
:10B63000C40B23057610813F24CF7437EB9429BFC8
:10B640000000803F6666A63FCDCCCC3F00000040A6
:10B65000CDCC4C3F0000803F0000803F0000803F89
:10B660000000803F0000803F5C8F423E85EBD13E72
:10B670001F852B3FE17A543FAE47E13D00005C421D
:10B680000000C042000034430000B4430000904278
:10B690007B142E3EF628DC3E8FC2353FE17A943E85
:10B6A000F6281C3FAE47213F3D0A573EB81E053FD6
:10B6B0003D0A573FEC51B83E010000000200000077
:10B6C000030000000400000005000000000000006E
:10B6D0000100000003000000020000000000000064
:10B6E0000E0F1011121300004159000045590000BF
:10B6F000495900004D590000000000000000000002
:10B70000256800000000000000000000C951000092
:10B710000000000000000000610B000000010300B9
:10B7200002030400FDFEFF01010203040002030600
:10B7300007090A00F4000711FB00000048E13A3F46
:10B740007B148E3F295CEF3F1F855B40B81E053F91
:10B750000000803F0000A03F0000C03F000000400C
:10B760000000403F0000803F60E5A83FA01ACF3FA7
:10B770000C02034021B0523FD4C3B2A19B77E3191E
:10B780000DD001C0F5792B6D4D7A29B58FC2F53CEE
:10B79000713D8A3E5C8F023FEC51383FC3F5683FF4
:10B7A000BD540000C1540000C9540000D154000031
:10B7B000A2000000F9A2000083F9A2006E83F9A2A2
:10B7C0004E6E83F9444E6E8315444E6E2915444ED9
:10B7D000FC29154427FC29155727FC29D15727FC9C
:10B7E000F5D1572734F5D157DD34F5D1C0DD34F527
:10B7F000DBC0DD3462DBC0DD9562DBC0999562DBC6
:10B800003C999562433C999590433C994190433CC7
:10B8100000000042C8801F40B8821F40080000009E
:10B8200000000042C4801F40B4821F40040000009A
:10B8300000C0004224801F4014821F4010000000FE
:10B8400000C0004228801F4018821F4020000000D6
:10B8500000C000422C801F401C821F40400000009E
:10B8600000C0004234801F4024821F4000010000BD
:10B870000040004264811F4054831F4000040000C8
:10B880000040004280811F4070831F400000020082
:10B89000004000427C811F406C831F40000001007B
:10B8A0000040004268811F4058831F40000800008C
:10B8B000004000423C811F402C831F4001000000DB
:10B8C0000040004244811F4034831F4004000000B8
:10B8D0000040004240811F4030831F4002000000B2
:10B8E0000040004248811F4038831F40080000008C
:10B8F0000000004204811F40F4821F400000040049
:10B900000000004208811F40F8821F40000008002C
:10B910000000004218811F4008831F400000800083
:10B920000000004214811F4004831F4000004000BB
:10B930000000004200811F40F0821F400000020012
:10B9400000000042FC801F40EC821F40000001000C
:10B950000000004224811F4014831F4000000004A7
:10B960000000004228811F4018831F40000000088B
:10B97000000000421C811F400C831F40000000019A
:10B980000000004220811F4010831F400000000281
:10B9900000000042EC801F40DC821F4000100000CD
:10B9A00000000042F0801F40E0821F4000200000A5
:10B9B0000000004234811F4024831F4000000040EB
:10B9C0000000004238811F4028831F400000008093
:10B9D0000080004294801F4084821F4000000400C9
:10B9E00000C0004290801F4080821F400000008005
:10B9F00000800042A8801F4098821F400000800005
:10BA000000800042A4801F4094821F40000040003C
:10BA1000004000426C811F405C831F40001000000A
:10BA200000C0004230801F4020821F408000000084
:10BA300000800042C8811F40B8831F400080000082
:10BA400000800042C4811F40B4831F4000400000BA
:10BA500000800042C0811F40B0831F4000200000D2
:10BA600000800042BC811F40AC831F4000100000DA
:10BA700000800042D0811F40C0831F4000000200B0
:10BA800000800042CC811F40BC831F4000000100A9
:10BA900007080C0B06050F000D0E01028384070832
:10BAA0000C0B06050F000D0E01028384010100043A
:10BAB0000100000401320101013202010110010103
:10BAC0000111010101120102010302060103010635
:10BAD0000112020202000001020200010201000143
:10BAE00002100001022200010223000100000000F8
:10BAF00000000000022100010220000100000000FF
:10BB000000000000013001010131010101020004C7
:10BB100001030004000000000000000001210201F8
:10BB200001210101000000000000000000000000F1
:10BB300001100201010102010101010101000201E4
:10BB400001000101010202010102010100010000E6
:10BB5000E81000201200000000060000881D0060B0
:10BB60000A00000000020000F01C006095000000C8
:10BB700000070000581C0060950000000003000052
:10BB8000541C00600000000001030904480B002061
:10BB900000000000020309046C0B002000000000FC
:10BBA00003030904981300200000000000000000B7
:10BBB000000000000000000022035300690067003D
:10BBC00069006C0049006E0073007400720075001B
:10BBD0006D0065006E0074007300000020036400B7
:10BBE00069006300650046007200690065006E0030
:10BBF0006400200076002E003000310000000000BC
:10BC000000000000101D0020781D0020E01D002015
:10BC10000000000000000000000000000000000024
:10BC20000000000000000000000000000000000014
:10BC30000000000000000000000000000000000004
:10BC400000000000000000000000000000000000F4
:10BC500000000000000000000000000000000000E4
:10BC600000000000000000000000000000000000D4
:10BC700000000000000000000000000000000000C4
:10BC800000000000000000000000000000000000B4
:10BC900000000000000000000100000000000000A3
:10BCA0000E33CDAB34126DE6ECDE05000B00000068
:10BCB0000000000000000000000000000000000084
:10BCC0000000000000000000000000000000000074
:10BCD0000000000000000000000000000000000064
:10BCE0000000000000000000000000000000000054
:10BCF0000000000000000000000000000000000044
:10BD00000000000000000000000000000000000033
:10BD10000000000000000000000000000000000023
:10BD20000029DE07007B9A17FFFFFFFFD41C0020CD
:10BD3000206D202000000000000000000000000036
:10BD4000C80C0020C80C0020D00C0020D00C002013
:10BD5000D80C0020D80C0020E00C0020E00C0020C3
:10BD6000E80C0020E80C0020F00C0020F00C002073
:10BD7000F80C0020F80C0020000D0020000D002021
:10BD8000080D0020080D0020100D0020100D0020CF
:10BD9000180D0020180D0020200D0020200D00207F
:10BDA000280D0020280D0020300D0020300D00202F
:10BDB000380D0020380D0020400D0020400D0020DF
:10BDC000480D0020480D0020500D0020500D00208F
:10BDD000580D0020580D0020600D0020600D00203F
:10BDE000680D0020680D0020700D0020700D0020EF
:10BDF000780D0020780D0020800D0020800D00209F
:10BE0000880D0020880D0020900D0020900D00204E
:10BE1000980D0020980D0020A00D0020A00D0020FE
:10BE2000A80D0020A80D0020B00D0020B00D0020AE
:10BE3000B80D0020B80D0020C00D0020C00D00205E
:10BE4000C80D0020C80D0020D00D0020D00D00200E
:10BE5000D80D0020D80D0020E00D0020E00D0020BE
:10BE6000E80D0020E80D0020F00D0020F00D00206E
:10BE7000F80D0020F80D0020000E0020000E00201C
:10BE8000080E0020080E0020100E0020100E0020CA
:10BE9000180E0020180E0020200E0020200E00207A
:10BEA000280E0020280E0020300E0020300E00202A
:10BEB000380E0020380E0020400E0020400E0020DA
:10BEC000480E0020480E0020500E0020500E00208A
:10BED000580E0020580E0020600E0020600E00203A
:10BEE000680E0020680E0020700E0020700E0020EA
:10BEF000780E0020780E0020800E0020800E00209A
:10BF0000880E0020880E0020900E0020900E002049
:10BF1000980E0020980E0020A00E0020A00E0020F9
:10BF2000A80E0020A80E0020B00E0020B00E0020A9
:10BF3000B80E0020B80E0020C00E0020C00E002059
:10BF4000C80E0020C80E0020D00E0020D00E002009
:10BF5000D80E0020D80E0020E00E0020E00E0020B9
:10BF6000E80E0020E80E0020F00E0020F00E002069
:10BF7000F80E0020F80E0020000F0020000F002017
:10BF8000080F0020080F0020100F0020100F0020C5
:10BF9000180F0020180F0020200F0020200F002075
:10BFA000280F0020280F0020300F0020300F002025
:10BFB000380F0020380F0020400F0020400F0020D5
:10BFC000480F0020480F0020500F0020500F002085
:10BFD000580F0020580F0020600F0020600F002035
:10BFE000680F0020680F0020700F0020700F0020E5
:10BFF000780F0020780F0020800F0020800F002095
:10C00000880F0020880F0020900F0020900F002044
:10C01000980F0020980F0020A00F0020A00F0020F4
:10C02000A80F0020A80F0020B00F0020B00F0020A4
:10C03000B80F0020B80F0020C00F0020C00F002054
:10C04000C80F0020C80F0020D00F0020D00F002004
:10C05000D80F0020D80F0020E00F0020E00F0020B4
:10C06000E80F0020E80F0020F00F0020F00F002064
:10C07000F80F0020F80F0020001000200010002012
:10C0800008100020081000201010002010100020C0
:10C090001810002018100020201000202010002070
:10C0A0002810002028100020301000203010002020
:10C0B00038100020381000204010002040100020D0
:10C0C0004810002048100020501000205010002080
:10C0D0005810002058100020601000206010002030
:10C0E00068100020681000207010002070100020E0
:10C0F0007810002078100020801000208010002090
:10C10000881000208810002090100020901000203F
:10C110009810002098100020A0100020A0100020EF
:10C12000A8100020A8100020B0100020B01000209F
:10C13000B8100020B8100020C0100020C01000204F
:10C14000FFFFFFFF00000200900B0020FFFFFFFF3A
:10C15000FF0000000000C03F12010002EF0201409A
:10C16000C0168B040103010203010000414C45523B
:10C170000961000009610000096100000961000017
:10C180000961000009610000096100000961000007
:10C1900009610000096100000961000009610000F7
:10C1A00009610000096100000961000009610000E7
:10C1B00009610000096100000961000009610000D7
:10C1C00009610000096100000961000009610000C7
:10C1D00009610000096100000961000009610000B7
:10C1E00009610000096100000961000009610000A7
:10C1F0000961000009610000096100000961000097
:10C200000961000009610000096100000961000086
:10C210000961000009610000096100000961000076
:10C220000961000009610000096100000961000066
:10C230000961000009610000096100000961000056
:10C240000961000009610000096100000961000046
:10C250000961000009610000096100000961000036
:10C260000961000009610000096100000961000026
:10C270000961000009610000096100000961000016
:10C280000961000009610000096100000961000006
:10C2900009610000096100000961000009610000F6
:10C2A00009610000096100000961000009610000E6
:10C2B00009610000096100000961000009610000D6
:10C2C00009610000096100000961000009610000C6
:10C2D00009610000096100000961000009610000B6
:10C2E00009610000096100000961000009610000A6
:10C2F0000961000009610000096100000961000096
:10C300000961000009610000096100000961000085
:10C310000961000009610000096100000961000075
:10C320000961000009610000096100000961000065
:10C330000961000009610000096100000961000055
:10C340000961000009610000096100000961000045
:10C350000961000009610000096100000961000035
:10C360000961000009610000096100000961000025
:10C37000FFFFFFFFFFFFFFFFFFFFFFFF0000C03FCA
:10C3800020A107007B14AE3E3D0AD73E8FC2F53E8A
:10C390003D0AD73EEC51B83E8FC2F53E30373C42A5
:10C3A000240000000024F449CDCCCC3ECDCCCC3EC2
:10C3B0005C8FC23E0000003FAE47E13EB81E053F25
:10C3C0007B14AE3E3D0AD73E8FC2F53E3D0AD73EB6
:10C3D000EC51B83E8FC2F53ECDCCCC3ECDCCCC3E60
:10C3E0005C8FC23E0000003FAE47E13EB81E053FF5
:10C3F000000000000000000000000000000000003D
:10C400000000C03F000000000C030000000000001E
:10C410000000000000000000000000000000080410
:10C42000FF300000000000000000000000000000DD
:10C4300000000000000000000000000000000000FC
:10C4400000000000000000000000000000000000EC
:10C4500000000000000000000000000000000000DC
:10C4600000000000000000000000000000000000CC
:10C4700000000000000000000000000000000000BC
:10C4800000000000000000000000000000000000AC
:10C49000000000000000000000000000000000009C
:10C4A000000000000000000000000000000000008C
:10C4B000000000000000000000000000000000007C
:10C4C000000000000000000000000000000000006C
:10C4D000000000000000000000000000000000005C
:10C4E000000000000000000000000000000000004C
:10C4F000000000000000000000000000000000003C
:10C50000000000000000000000000000000000002B
:10C51000000000000000000000000000000000001B
:10C52000000000000000000000000000000000000B
:10C5300000000000000000000000000000000000FB
:10C5400000000000000000000000000000000000EB
:10C5500000000000000000000000000000000000DB
:10C5600000000000000000000000000000000000CB
:10C5700000000000000000000000000000000000BB
:10C5800000000000000000000000000000000000AB
:10C59000000000000000000000000000000000009B
:10C5A000000000000000000000000000000000008B
:10C5B000000000000000000000000000000000007B
:10C5C000000000000000000000000000000000006B
:10C5D000000000000000000000000000000000005B
:10C5E000000000000000000000000000000000004B
:10C5F000000000000000000000000000000000003B
:10C60000000000000000000000000000000000002A
:10C61000000000000000000000000000000000001A
:10C62000000000000000000000000000000000000A
:10C6300000000000000000000000000000000000FA
:10C6400000000000000000000000000000000000EA
:10C6500000000000000000000000000000000000DA
:10C6600000000000000000000000000000000000CA
:10C6700000000000000000000000000000000000BA
:10C6800000000000000000000000000000000000AA
:10C69000000000000000000000000000000000009A
:10C6A000000000000000000000000000000000008A
:10C6B000000000000000000000000000000000007A
:10C6C000000000000000000000000000000000006A
:10C6D000000000000000000000000000000000005A
:10C6E000000000000000000000000000000000004A
:10C6F000000000000000000000000000000000003A
:10C700000000000000000000000000000000000029
:10C710000000000000000000000000000000000019
:10C720000000000000000000000000000000000009
:10C73000FFFFFFFFFFFFFFFFFFFFFFFFFFFFFFFF09
:10C74000FFFFFFFFFFFFFFFFFFFFFFFFFFFFFFFFF9
:10C75000FFFFFFFFFFFFFFFFFFFFFFFFFFFFFFFFE9
:10C76000FFFFFFFFFFFFFFFFFFFFFFFFFFFFFFFFD9
:10C77000FFFFFFFFFFFFFFFFFFFFFFFFFFFFFFFFC9
:10C78000FFFFFFFFFFFFFFFFFFFFFFFFFFFFFFFFB9
:10C79000FFFFFFFFFFFFFFFFFFFFFFFFFFFFFFFFA9
:10C7A000FFFFFFFFFFFFFFFFFFFFFFFFFFFFFFFF99
:10C7B000FFFFFFFFFFFFFFFFFFFFFFFFFFFFFFFF89
:10C7C000FFFFFFFFFFFFFFFFFFFFFFFFFFFFFFFF79
:10C7D000FFFFFFFFFFFFFFFFFFFFFFFFFFFFFFFF69
:10C7E000FFFFFFFFFFFFFFFFFFFFFFFFFFFFFFFF59
:10C7F000FFFFFFFFFFFFFFFFFFFFFFFFFFFFFFFF49
:10C800000000000000000000000000000000000028
:10C810000000000000000000000000000000000018
:10C820000000000000000000000000000000000008
:10C8300000000000000000000000000000000000F8
:10C8400000000000000000000000000000000000E8
:10C8500000000000000000000000000000000000D8
:10C8600000000000000000000000000000000000C8
:10C8700000000000000000000000000000000000B8
:10C8800000000000000000000000000000000000A8
:10C890000000000000000000000000000000000098
:10C8A0000000000000000000000000000000000088
:10C8B0000000000000000000000000000000000078
:10C8C0000000000000000000000000000000000068
:10C8D0000000000000000000000000000000000058
:10C8E0000000000000000000000000000000000048
:10C8F0000000000000000000000000000000000038
:10C900000000000000000000000000000000000027
:10C910000000000000000000000000000000000017
:10C920000000000000000000000000000000000007
:10C9300000000000000000000000000000000000F7
:10C9400000000000000000000000000000000000E7
:10C9500000000000000000000000000000000000D7
:10C9600000000000000000000000000000000000C7
:10C9700000000000000000000000000000000000B7
:10C9800000000000000000000000000000000000A7
:10C990000000000000000000000000000000000097
:10C9A0000000000000000000000000000000000087
:10C9B0000000000000000000000000000000000077
:10C9C0000000000000000000000000000000000067
:10C9D0000000000000000000000000000000000057
:10C9E0000000000000000000000000000000000047
:10C9F0000000000000000000000000000000000037
:10CA00000000000000000000000000000000000026
:10CA10000000000000000000000000000000000016
:10CA20000000000000000000000000000000000006
:10CA300000000000000000000000000000000000F6
:10CA400000000000000000000000000000000000E6
:10CA500000000000000000000000000000000000D6
:10CA600000000000000000000000000000000000C6
:10CA700000000000000000000000000000000000B6
:10CA800000000000000000000000000000000000A6
:10CA90000000000000000000000000000000000096
:10CAA0000000000000000000000000000000000086
:10CAB0000000000000000000000000000000000076
:10CAC0000000000000000000000000000000000066
:10CAD0000000000000000000000000000000000056
:10CAE0000000000000000000000000000000000046
:10CAF0000000000000000000000000000000000036
:10CB00000000000000000000000000000000000025
:10CB10000000000000000000000000000000000015
:10CB20000000000000000000000000000000000005
:10CB300000000000000000000000000000000000F5
:10CB400000000000000000000000000000000000E5
:10CB500000000000000000000000000000000000D5
:10CB600000000000000000000000000000000000C5
:10CB700000000000000000000000000000000000B5
:10CB800000000000000000000000000000000000A5
:10CB90000000000000000000000000000000000095
:10CBA0000000000000000000000000000000000085
:10CBB0000000000000000000000000000000000075
:10CBC0000000000000000000000000000000000065
:10CBD0000000000000000000000000000000000055
:10CBE0000000000000000000000000000000000045
:10CBF0000000000000000000000000000000000035
:10CC00000000000000000000000000000000000024
:10CC10000000000000000000000000000000000014
:10CC20000000000000000000000000000000000004
:10CC300000000000000000000000000000000000F4
:10CC400000000000000000000000000000000000E4
:10CC500000000000000000000000000000000000D4
:10CC600000000000000000000000000000000000C4
:10CC700000000000000000000000000000000000B4
:10CC800000000000000000000000000000000000A4
:10CC90000000000000000000000000000000000094
:10CCA0000000000000000000000000000000000084
:10CCB0000000000000000000000000000000000074
:10CCC0000000000000000000000000000000000064
:10CCD0000000000000000000000000000000000054
:10CCE0000000000000000000000000000000000044
:10CCF0000000000000000000000000000000000034
:10CD00000000000000000000000000000000000023
:10CD10000000000000000000000000000000000013
:10CD20000000000000000000000000000000000003
:10CD300000000000000000000000000000000000F3
:10CD400000000000000000000000000000000000E3
:10CD500000000000000000000000000000000000D3
:10CD600000000000000000000000000000000000C3
:10CD700000000000000000000000000000000000B3
:10CD800000000000000000000000000000000000A3
:10CD90000000000000000000000000000000000093
:10CDA0000000000000000000000000000000000083
:10CDB0000000000000000000000000000000000073
:10CDC0000000000000000000000000000000000063
:10CDD0000000000000000000000000000000000053
:10CDE0000000000000000000000000000000000043
:10CDF0000000000000000000000000000000000033
:10CE00000000000000000000000000000000000022
:10CE10000000000000000000000000000000000012
:10CE20000000000000000000000000000000000002
:10CE300000000000000000000000000000000000F2
:10CE400000000000000000000000000000000000E2
:10CE500000000000000000000000000000000000D2
:10CE600000000000000000000000000000000000C2
:10CE700000000000000000000000000000000000B2
:10CE800000000000000000000000000000000000A2
:10CE90000000000000000000000000000000000092
:10CEA0000000000000000000000000000000000082
:10CEB0000000000000000000000000000000000072
:10CEC0000000000000000000000000000000000062
:10CED0000000000000000000000000000000000052
:10CEE0000000000000000000000000000000000042
:10CEF0000000000000000000000000000000000032
:10CF00000000000000000000000000000000000021
:10CF10000000000000000000000000000000000011
:10CF20000000000000000000000000000000000001
:10CF300000000000000000000000000000000000F1
:10CF400000000000000000000000000000000000E1
:10CF500000000000000000000000000000000000D1
:10CF600000000000000000000000000000000000C1
:10CF700000000000000000000000000000000000B1
:10CF800000000000000000000000000000000000A1
:10CF90000000000000000000000000000000000091
:10CFA0000000000000000000000000000000000081
:10CFB0000000000000000000000000000000000071
:10CFC0000000000000000000000000000000000061
:10CFD0000000000000000000000000000000000051
:10CFE0000000000000000000000000000000000041
:10CFF0000000000000000000000000000000000031
:10D000000000000000000000000000000000000020
:10D010000000000000000000000000000000000010
:10D020000000000000000000000000000000000000
:10D0300000000000000000000000000000000000F0
:10D0400000000000000000000000000000000000E0
:10D0500000000000000000000000000000000000D0
:10D0600000000000000000000000000000000000C0
:10D0700000000000000000000000000000000000B0
:10D0800000000000000000000000000000000000A0
:10D090000000000000000000000000000000000090
:10D0A0000000000000000000000000000000000080
:10D0B0000000000000000000000000000000000070
:10D0C0000000000000000000000000000000000060
:10D0D0000000000000000000000000000000000050
:10D0E0000000000000000000000000000000000040
:10D0F0000000000000000000000000000000000030
:10D10000000000000000000000000000000000001F
:10D11000000000000000000000000000000000000F
:10D1200000000000000000000000000000000000FF
:10D1300000000000000000000000000000000000EF
:10D1400000000000000000000000000000000000DF
:10D1500000000000000000000000000000000000CF
:10D1600000000000000000000000000000000000BF
:10D1700000000000000000000000000000000000AF
:10D18000000000000000000000000000000000009F
:10D19000000000000000000000000000000000008F
:10D1A000000000000000000000000000000000007F
:10D1B000000000000000000000000000000000006F
:10D1C000000000000000000000000000000000005F
:10D1D000000000000000000000000000000000004F
:10D1E000000000000000000000000000000000003F
:10D1F000000000000000000000000000000000002F
:10D20000000000000000000000000000000000001E
:10D21000000000000000000000000000000000000E
:10D2200000000000000000000000000000000000FE
:10D2300000000000000000000000000000000000EE
:10D2400000000000000000000000000000000000DE
:10D2500000000000000000000000000000000000CE
:10D2600000000000000000000000000000000000BE
:10D2700000000000000000000000000000000000AE
:10D28000000000000000000000000000000000009E
:10D29000000000000000000000000000000000008E
:10D2A000000000000000000000000000000000007E
:10D2B000000000000000000000000000000000006E
:10D2C000000000000000000000000000000000005E
:10D2D000000000000000000000000000000000004E
:10D2E000000000000000000000000000000000003E
:10D2F000000000000000000000000000000000002E
:10D30000000000000000000000000000000000001D
:10D31000000000000000000000000000000000000D
:10D3200000000000000000000000000000000000FD
:10D3300000000000000000000000000000000000ED
:10D3400000000000000000000000000000000000DD
:10D3500000000000000000000000000000000000CD
:10D3600000000000000000000000000000000000BD
:10D3700000000000000000000000000000000000AD
:10D38000000000000000000000000000000000009D
:10D39000000000000000000000000000000000008D
:10D3A000000000000000000000000000000000007D
:10D3B000000000000000000000000000000000006D
:10D3C000000000000000000000000000000000005D
:10D3D000000000000000000000000000000000004D
:10D3E000000000000000000000000000000000003D
:10D3F000000000000000000000000000000000002D
:040000056000100087
:00000001FF
