:0200000460009A
:100000004643464200000156000000000103030081
:1000100000000000000000000000000000000000E0
:1000200000000000000000000000000000000000D0
:1000300000000000000000000000000000000000C0
:1000400000000000010408000000000000000000A3
:100050000000200000000000000000000000000080
:100060000000000000000000000000000000000090
:100070000000000000000000000000000000000080
:10008000EB04180A063204260000000000000000FD
:10009000050404240000000000000000000000002F
:1000A0000000000000000000000000000000000050
:1000B0000604000000000000000000000000000036
:1000C0000000000000000000000000000000000030
:1000D00020041808000000000000000000000000DC
:1000E0000000000000000000000000000000000010
:1000F0000000000000000000000000000000000000
:10010000D8041808000000000000000000000000F3
:100110000204180804200000000000000000000095
:1001200000000000000000000000000000000000CF
:10013000600400000000000000000000000000005B
:1001400000000000000000000000000000000000AF
:10015000000000000000000000000000000000009F
:10016000000000000000000000000000000000008F
:10017000000000000000000000000000000000007F
:10018000000000000000000000000000000000006F
:10019000000000000000000000000000000000005F
:1001A000000000000000000000000000000000004F
:1001B000000000000000000000000000000000003F
:1001C000000100000010000001000000000000001D
:1001D000000001000000000000000000000000001E
:1001E000000000000000000000000000000000000F
:1001F00000000000000000000000000000000000FF
:10020000FFFFFFFFFFFFFFFFFFFFFFFFFFFFFFFFFE
:10021000FFFFFFFFFFFFFFFFFFFFFFFFFFFFFFFFEE
:10022000FFFFFFFFFFFFFFFFFFFFFFFFFFFFFFFFDE
:10023000FFFFFFFFFFFFFFFFFFFFFFFFFFFFFFFFCE
:10024000FFFFFFFFFFFFFFFFFFFFFFFFFFFFFFFFBE
:10025000FFFFFFFFFFFFFFFFFFFFFFFFFFFFFFFFAE
:10026000FFFFFFFFFFFFFFFFFFFFFFFFFFFFFFFF9E
:10027000FFFFFFFFFFFFFFFFFFFFFFFFFFFFFFFF8E
:10028000FFFFFFFFFFFFFFFFFFFFFFFFFFFFFFFF7E
:10029000FFFFFFFFFFFFFFFFFFFFFFFFFFFFFFFF6E
:1002A000FFFFFFFFFFFFFFFFFFFFFFFFFFFFFFFF5E
:1002B000FFFFFFFFFFFFFFFFFFFFFFFFFFFFFFFF4E
:1002C000FFFFFFFFFFFFFFFFFFFFFFFFFFFFFFFF3E
:1002D000FFFFFFFFFFFFFFFFFFFFFFFFFFFFFFFF2E
:1002E000FFFFFFFFFFFFFFFFFFFFFFFFFFFFFFFF1E
:1002F000FFFFFFFFFFFFFFFFFFFFFFFFFFFFFFFF0E
:10030000FFFFFFFFFFFFFFFFFFFFFFFFFFFFFFFFFD
:10031000FFFFFFFFFFFFFFFFFFFFFFFFFFFFFFFFED
:10032000FFFFFFFFFFFFFFFFFFFFFFFFFFFFFFFFDD
:10033000FFFFFFFFFFFFFFFFFFFFFFFFFFFFFFFFCD
:10034000FFFFFFFFFFFFFFFFFFFFFFFFFFFFFFFFBD
:10035000FFFFFFFFFFFFFFFFFFFFFFFFFFFFFFFFAD
:10036000FFFFFFFFFFFFFFFFFFFFFFFFFFFFFFFF9D
:10037000FFFFFFFFFFFFFFFFFFFFFFFFFFFFFFFF8D
:10038000FFFFFFFFFFFFFFFFFFFFFFFFFFFFFFFF7D
:10039000FFFFFFFFFFFFFFFFFFFFFFFFFFFFFFFF6D
:1003A000FFFFFFFFFFFFFFFFFFFFFFFFFFFFFFFF5D
:1003B000FFFFFFFFFFFFFFFFFFFFFFFFFFFFFFFF4D
:1003C000FFFFFFFFFFFFFFFFFFFFFFFFFFFFFFFF3D
:1003D000FFFFFFFFFFFFFFFFFFFFFFFFFFFFFFFF2D
:1003E000FFFFFFFFFFFFFFFFFFFFFFFFFFFFFFFF1D
:1003F000FFFFFFFFFFFFFFFFFFFFFFFFFFFFFFFF0D
:10040000FFFFFFFFFFFFFFFFFFFFFFFFFFFFFFFFFC
:10041000FFFFFFFFFFFFFFFFFFFFFFFFFFFFFFFFEC
:10042000FFFFFFFFFFFFFFFFFFFFFFFFFFFFFFFFDC
:10043000FFFFFFFFFFFFFFFFFFFFFFFFFFFFFFFFCC
:10044000FFFFFFFFFFFFFFFFFFFFFFFFFFFFFFFFBC
:10045000FFFFFFFFFFFFFFFFFFFFFFFFFFFFFFFFAC
:10046000FFFFFFFFFFFFFFFFFFFFFFFFFFFFFFFF9C
:10047000FFFFFFFFFFFFFFFFFFFFFFFFFFFFFFFF8C
:10048000FFFFFFFFFFFFFFFFFFFFFFFFFFFFFFFF7C
:10049000FFFFFFFFFFFFFFFFFFFFFFFFFFFFFFFF6C
:1004A000FFFFFFFFFFFFFFFFFFFFFFFFFFFFFFFF5C
:1004B000FFFFFFFFFFFFFFFFFFFFFFFFFFFFFFFF4C
:1004C000FFFFFFFFFFFFFFFFFFFFFFFFFFFFFFFF3C
:1004D000FFFFFFFFFFFFFFFFFFFFFFFFFFFFFFFF2C
:1004E000FFFFFFFFFFFFFFFFFFFFFFFFFFFFFFFF1C
:1004F000FFFFFFFFFFFFFFFFFFFFFFFFFFFFFFFF0C
:10050000FFFFFFFFFFFFFFFFFFFFFFFFFFFFFFFFFB
:10051000FFFFFFFFFFFFFFFFFFFFFFFFFFFFFFFFEB
:10052000FFFFFFFFFFFFFFFFFFFFFFFFFFFFFFFFDB
:10053000FFFFFFFFFFFFFFFFFFFFFFFFFFFFFFFFCB
:10054000FFFFFFFFFFFFFFFFFFFFFFFFFFFFFFFFBB
:10055000FFFFFFFFFFFFFFFFFFFFFFFFFFFFFFFFAB
:10056000FFFFFFFFFFFFFFFFFFFFFFFFFFFFFFFF9B
:10057000FFFFFFFFFFFFFFFFFFFFFFFFFFFFFFFF8B
:10058000FFFFFFFFFFFFFFFFFFFFFFFFFFFFFFFF7B
:10059000FFFFFFFFFFFFFFFFFFFFFFFFFFFFFFFF6B
:1005A000FFFFFFFFFFFFFFFFFFFFFFFFFFFFFFFF5B
:1005B000FFFFFFFFFFFFFFFFFFFFFFFFFFFFFFFF4B
:1005C000FFFFFFFFFFFFFFFFFFFFFFFFFFFFFFFF3B
:1005D000FFFFFFFFFFFFFFFFFFFFFFFFFFFFFFFF2B
:1005E000FFFFFFFFFFFFFFFFFFFFFFFFFFFFFFFF1B
:1005F000FFFFFFFFFFFFFFFFFFFFFFFFFFFFFFFF0B
:10060000FFFFFFFFFFFFFFFFFFFFFFFFFFFFFFFFFA
:10061000FFFFFFFFFFFFFFFFFFFFFFFFFFFFFFFFEA
:10062000FFFFFFFFFFFFFFFFFFFFFFFFFFFFFFFFDA
:10063000FFFFFFFFFFFFFFFFFFFFFFFFFFFFFFFFCA
:10064000FFFFFFFFFFFFFFFFFFFFFFFFFFFFFFFFBA
:10065000FFFFFFFFFFFFFFFFFFFFFFFFFFFFFFFFAA
:10066000FFFFFFFFFFFFFFFFFFFFFFFFFFFFFFFF9A
:10067000FFFFFFFFFFFFFFFFFFFFFFFFFFFFFFFF8A
:10068000FFFFFFFFFFFFFFFFFFFFFFFFFFFFFFFF7A
:10069000FFFFFFFFFFFFFFFFFFFFFFFFFFFFFFFF6A
:1006A000FFFFFFFFFFFFFFFFFFFFFFFFFFFFFFFF5A
:1006B000FFFFFFFFFFFFFFFFFFFFFFFFFFFFFFFF4A
:1006C000FFFFFFFFFFFFFFFFFFFFFFFFFFFFFFFF3A
:1006D000FFFFFFFFFFFFFFFFFFFFFFFFFFFFFFFF2A
:1006E000FFFFFFFFFFFFFFFFFFFFFFFFFFFFFFFF1A
:1006F000FFFFFFFFFFFFFFFFFFFFFFFFFFFFFFFF0A
:10070000FFFFFFFFFFFFFFFFFFFFFFFFFFFFFFFFF9
:10071000FFFFFFFFFFFFFFFFFFFFFFFFFFFFFFFFE9
:10072000FFFFFFFFFFFFFFFFFFFFFFFFFFFFFFFFD9
:10073000FFFFFFFFFFFFFFFFFFFFFFFFFFFFFFFFC9
:10074000FFFFFFFFFFFFFFFFFFFFFFFFFFFFFFFFB9
:10075000FFFFFFFFFFFFFFFFFFFFFFFFFFFFFFFFA9
:10076000FFFFFFFFFFFFFFFFFFFFFFFFFFFFFFFF99
:10077000FFFFFFFFFFFFFFFFFFFFFFFFFFFFFFFF89
:10078000FFFFFFFFFFFFFFFFFFFFFFFFFFFFFFFF79
:10079000FFFFFFFFFFFFFFFFFFFFFFFFFFFFFFFF69
:1007A000FFFFFFFFFFFFFFFFFFFFFFFFFFFFFFFF59
:1007B000FFFFFFFFFFFFFFFFFFFFFFFFFFFFFFFF49
:1007C000FFFFFFFFFFFFFFFFFFFFFFFFFFFFFFFF39
:1007D000FFFFFFFFFFFFFFFFFFFFFFFFFFFFFFFF29
:1007E000FFFFFFFFFFFFFFFFFFFFFFFFFFFFFFFF19
:1007F000FFFFFFFFFFFFFFFFFFFFFFFFFFFFFFFF09
:10080000FFFFFFFFFFFFFFFFFFFFFFFFFFFFFFFFF8
:10081000FFFFFFFFFFFFFFFFFFFFFFFFFFFFFFFFE8
:10082000FFFFFFFFFFFFFFFFFFFFFFFFFFFFFFFFD8
:10083000FFFFFFFFFFFFFFFFFFFFFFFFFFFFFFFFC8
:10084000FFFFFFFFFFFFFFFFFFFFFFFFFFFFFFFFB8
:10085000FFFFFFFFFFFFFFFFFFFFFFFFFFFFFFFFA8
:10086000FFFFFFFFFFFFFFFFFFFFFFFFFFFFFFFF98
:10087000FFFFFFFFFFFFFFFFFFFFFFFFFFFFFFFF88
:10088000FFFFFFFFFFFFFFFFFFFFFFFFFFFFFFFF78
:10089000FFFFFFFFFFFFFFFFFFFFFFFFFFFFFFFF68
:1008A000FFFFFFFFFFFFFFFFFFFFFFFFFFFFFFFF58
:1008B000FFFFFFFFFFFFFFFFFFFFFFFFFFFFFFFF48
:1008C000FFFFFFFFFFFFFFFFFFFFFFFFFFFFFFFF38
:1008D000FFFFFFFFFFFFFFFFFFFFFFFFFFFFFFFF28
:1008E000FFFFFFFFFFFFFFFFFFFFFFFFFFFFFFFF18
:1008F000FFFFFFFFFFFFFFFFFFFFFFFFFFFFFFFF08
:10090000FFFFFFFFFFFFFFFFFFFFFFFFFFFFFFFFF7
:10091000FFFFFFFFFFFFFFFFFFFFFFFFFFFFFFFFE7
:10092000FFFFFFFFFFFFFFFFFFFFFFFFFFFFFFFFD7
:10093000FFFFFFFFFFFFFFFFFFFFFFFFFFFFFFFFC7
:10094000FFFFFFFFFFFFFFFFFFFFFFFFFFFFFFFFB7
:10095000FFFFFFFFFFFFFFFFFFFFFFFFFFFFFFFFA7
:10096000FFFFFFFFFFFFFFFFFFFFFFFFFFFFFFFF97
:10097000FFFFFFFFFFFFFFFFFFFFFFFFFFFFFFFF87
:10098000FFFFFFFFFFFFFFFFFFFFFFFFFFFFFFFF77
:10099000FFFFFFFFFFFFFFFFFFFFFFFFFFFFFFFF67
:1009A000FFFFFFFFFFFFFFFFFFFFFFFFFFFFFFFF57
:1009B000FFFFFFFFFFFFFFFFFFFFFFFFFFFFFFFF47
:1009C000FFFFFFFFFFFFFFFFFFFFFFFFFFFFFFFF37
:1009D000FFFFFFFFFFFFFFFFFFFFFFFFFFFFFFFF27
:1009E000FFFFFFFFFFFFFFFFFFFFFFFFFFFFFFFF17
:1009F000FFFFFFFFFFFFFFFFFFFFFFFFFFFFFFFF07
:100A0000FFFFFFFFFFFFFFFFFFFFFFFFFFFFFFFFF6
:100A1000FFFFFFFFFFFFFFFFFFFFFFFFFFFFFFFFE6
:100A2000FFFFFFFFFFFFFFFFFFFFFFFFFFFFFFFFD6
:100A3000FFFFFFFFFFFFFFFFFFFFFFFFFFFFFFFFC6
:100A4000FFFFFFFFFFFFFFFFFFFFFFFFFFFFFFFFB6
:100A5000FFFFFFFFFFFFFFFFFFFFFFFFFFFFFFFFA6
:100A6000FFFFFFFFFFFFFFFFFFFFFFFFFFFFFFFF96
:100A7000FFFFFFFFFFFFFFFFFFFFFFFFFFFFFFFF86
:100A8000FFFFFFFFFFFFFFFFFFFFFFFFFFFFFFFF76
:100A9000FFFFFFFFFFFFFFFFFFFFFFFFFFFFFFFF66
:100AA000FFFFFFFFFFFFFFFFFFFFFFFFFFFFFFFF56
:100AB000FFFFFFFFFFFFFFFFFFFFFFFFFFFFFFFF46
:100AC000FFFFFFFFFFFFFFFFFFFFFFFFFFFFFFFF36
:100AD000FFFFFFFFFFFFFFFFFFFFFFFFFFFFFFFF26
:100AE000FFFFFFFFFFFFFFFFFFFFFFFFFFFFFFFF16
:100AF000FFFFFFFFFFFFFFFFFFFFFFFFFFFFFFFF06
:100B0000FFFFFFFFFFFFFFFFFFFFFFFFFFFFFFFFF5
:100B1000FFFFFFFFFFFFFFFFFFFFFFFFFFFFFFFFE5
:100B2000FFFFFFFFFFFFFFFFFFFFFFFFFFFFFFFFD5
:100B3000FFFFFFFFFFFFFFFFFFFFFFFFFFFFFFFFC5
:100B4000FFFFFFFFFFFFFFFFFFFFFFFFFFFFFFFFB5
:100B5000FFFFFFFFFFFFFFFFFFFFFFFFFFFFFFFFA5
:100B6000FFFFFFFFFFFFFFFFFFFFFFFFFFFFFFFF95
:100B7000FFFFFFFFFFFFFFFFFFFFFFFFFFFFFFFF85
:100B8000FFFFFFFFFFFFFFFFFFFFFFFFFFFFFFFF75
:100B9000FFFFFFFFFFFFFFFFFFFFFFFFFFFFFFFF65
:100BA000FFFFFFFFFFFFFFFFFFFFFFFFFFFFFFFF55
:100BB000FFFFFFFFFFFFFFFFFFFFFFFFFFFFFFFF45
:100BC000FFFFFFFFFFFFFFFFFFFFFFFFFFFFFFFF35
:100BD000FFFFFFFFFFFFFFFFFFFFFFFFFFFFFFFF25
:100BE000FFFFFFFFFFFFFFFFFFFFFFFFFFFFFFFF15
:100BF000FFFFFFFFFFFFFFFFFFFFFFFFFFFFFFFF05
:100C0000FFFFFFFFFFFFFFFFFFFFFFFFFFFFFFFFF4
:100C1000FFFFFFFFFFFFFFFFFFFFFFFFFFFFFFFFE4
:100C2000FFFFFFFFFFFFFFFFFFFFFFFFFFFFFFFFD4
:100C3000FFFFFFFFFFFFFFFFFFFFFFFFFFFFFFFFC4
:100C4000FFFFFFFFFFFFFFFFFFFFFFFFFFFFFFFFB4
:100C5000FFFFFFFFFFFFFFFFFFFFFFFFFFFFFFFFA4
:100C6000FFFFFFFFFFFFFFFFFFFFFFFFFFFFFFFF94
:100C7000FFFFFFFFFFFFFFFFFFFFFFFFFFFFFFFF84
:100C8000FFFFFFFFFFFFFFFFFFFFFFFFFFFFFFFF74
:100C9000FFFFFFFFFFFFFFFFFFFFFFFFFFFFFFFF64
:100CA000FFFFFFFFFFFFFFFFFFFFFFFFFFFFFFFF54
:100CB000FFFFFFFFFFFFFFFFFFFFFFFFFFFFFFFF44
:100CC000FFFFFFFFFFFFFFFFFFFFFFFFFFFFFFFF34
:100CD000FFFFFFFFFFFFFFFFFFFFFFFFFFFFFFFF24
:100CE000FFFFFFFFFFFFFFFFFFFFFFFFFFFFFFFF14
:100CF000FFFFFFFFFFFFFFFFFFFFFFFFFFFFFFFF04
:100D0000FFFFFFFFFFFFFFFFFFFFFFFFFFFFFFFFF3
:100D1000FFFFFFFFFFFFFFFFFFFFFFFFFFFFFFFFE3
:100D2000FFFFFFFFFFFFFFFFFFFFFFFFFFFFFFFFD3
:100D3000FFFFFFFFFFFFFFFFFFFFFFFFFFFFFFFFC3
:100D4000FFFFFFFFFFFFFFFFFFFFFFFFFFFFFFFFB3
:100D5000FFFFFFFFFFFFFFFFFFFFFFFFFFFFFFFFA3
:100D6000FFFFFFFFFFFFFFFFFFFFFFFFFFFFFFFF93
:100D7000FFFFFFFFFFFFFFFFFFFFFFFFFFFFFFFF83
:100D8000FFFFFFFFFFFFFFFFFFFFFFFFFFFFFFFF73
:100D9000FFFFFFFFFFFFFFFFFFFFFFFFFFFFFFFF63
:100DA000FFFFFFFFFFFFFFFFFFFFFFFFFFFFFFFF53
:100DB000FFFFFFFFFFFFFFFFFFFFFFFFFFFFFFFF43
:100DC000FFFFFFFFFFFFFFFFFFFFFFFFFFFFFFFF33
:100DD000FFFFFFFFFFFFFFFFFFFFFFFFFFFFFFFF23
:100DE000FFFFFFFFFFFFFFFFFFFFFFFFFFFFFFFF13
:100DF000FFFFFFFFFFFFFFFFFFFFFFFFFFFFFFFF03
:100E0000FFFFFFFFFFFFFFFFFFFFFFFFFFFFFFFFF2
:100E1000FFFFFFFFFFFFFFFFFFFFFFFFFFFFFFFFE2
:100E2000FFFFFFFFFFFFFFFFFFFFFFFFFFFFFFFFD2
:100E3000FFFFFFFFFFFFFFFFFFFFFFFFFFFFFFFFC2
:100E4000FFFFFFFFFFFFFFFFFFFFFFFFFFFFFFFFB2
:100E5000FFFFFFFFFFFFFFFFFFFFFFFFFFFFFFFFA2
:100E6000FFFFFFFFFFFFFFFFFFFFFFFFFFFFFFFF92
:100E7000FFFFFFFFFFFFFFFFFFFFFFFFFFFFFFFF82
:100E8000FFFFFFFFFFFFFFFFFFFFFFFFFFFFFFFF72
:100E9000FFFFFFFFFFFFFFFFFFFFFFFFFFFFFFFF62
:100EA000FFFFFFFFFFFFFFFFFFFFFFFFFFFFFFFF52
:100EB000FFFFFFFFFFFFFFFFFFFFFFFFFFFFFFFF42
:100EC000FFFFFFFFFFFFFFFFFFFFFFFFFFFFFFFF32
:100ED000FFFFFFFFFFFFFFFFFFFFFFFFFFFFFFFF22
:100EE000FFFFFFFFFFFFFFFFFFFFFFFFFFFFFFFF12
:100EF000FFFFFFFFFFFFFFFFFFFFFFFFFFFFFFFF02
:100F0000FFFFFFFFFFFFFFFFFFFFFFFFFFFFFFFFF1
:100F1000FFFFFFFFFFFFFFFFFFFFFFFFFFFFFFFFE1
:100F2000FFFFFFFFFFFFFFFFFFFFFFFFFFFFFFFFD1
:100F3000FFFFFFFFFFFFFFFFFFFFFFFFFFFFFFFFC1
:100F4000FFFFFFFFFFFFFFFFFFFFFFFFFFFFFFFFB1
:100F5000FFFFFFFFFFFFFFFFFFFFFFFFFFFFFFFFA1
:100F6000FFFFFFFFFFFFFFFFFFFFFFFFFFFFFFFF91
:100F7000FFFFFFFFFFFFFFFFFFFFFFFFFFFFFFFF81
:100F8000FFFFFFFFFFFFFFFFFFFFFFFFFFFFFFFF71
:100F9000FFFFFFFFFFFFFFFFFFFFFFFFFFFFFFFF61
:100FA000FFFFFFFFFFFFFFFFFFFFFFFFFFFFFFFF51
:100FB000FFFFFFFFFFFFFFFFFFFFFFFFFFFFFFFF41
:100FC000FFFFFFFFFFFFFFFFFFFFFFFFFFFFFFFF31
:100FD000FFFFFFFFFFFFFFFFFFFFFFFFFFFFFFFF21
:100FE000FFFFFFFFFFFFFFFFFFFFFFFFFFFFFFFF11
:100FF000FFFFFFFFFFFFFFFFFFFFFFFFFFFFFFFF01
:10100000D1002043ED15006000000000000000004A
:101010002010006000100060003C01600000000033
:10102000000000600048010000000000FFFFFFFF1B
:10103000FFFFFFFFFFFFFFFFFFFFFFFFFFFFFFFFC0
:10104000FFFFFFFFFFFFFFFFFFFFFFFFFFFFFFFFB0
:10105000FFFFFFFFFFFFFFFFFFFFFFFFFFFFFFFFA0
:10106000FFFFFFFFFFFFFFFFFFFFFFFFFFFFFFFF90
:10107000FFFFFFFFFFFFFFFFFFFFFFFFFFFFFFFF80
:10108000FFFFFFFFFFFFFFFFFFFFFFFFFFFFFFFF70
:10109000FFFFFFFFFFFFFFFFFFFFFFFFFFFFFFFF60
:1010A000FFFFFFFFFFFFFFFFFFFFFFFFFFFFFFFF50
:1010B000FFFFFFFFFFFFFFFFFFFFFFFFFFFFFFFF40
:1010C000FFFFFFFFFFFFFFFFFFFFFFFFFFFFFFFF30
:1010D000FFFFFFFFFFFFFFFFFFFFFFFFFFFFFFFF20
:1010E000FFFFFFFFFFFFFFFFFFFFFFFFFFFFFFFF10
:1010F000FFFFFFFFFFFFFFFFFFFFFFFFFFFFFFFF00
:10110000FFFFFFFFFFFFFFFFFFFFFFFFFFFFFFFFEF
:10111000FFFFFFFFFFFFFFFFFFFFFFFFFFFFFFFFDF
:10112000FFFFFFFFFFFFFFFFFFFFFFFFFFFFFFFFCF
:10113000FFFFFFFFFFFFFFFFFFFFFFFFFFFFFFFFBF
:10114000FFFFFFFFFFFFFFFFFFFFFFFFFFFFFFFFAF
:10115000FFFFFFFFFFFFFFFFFFFFFFFFFFFFFFFF9F
:10116000FFFFFFFFFFFFFFFFFFFFFFFFFFFFFFFF8F
:10117000FFFFFFFFFFFFFFFFFFFFFFFFFFFFFFFF7F
:10118000FFFFFFFFFFFFFFFFFFFFFFFFFFFFFFFF6F
:10119000FFFFFFFFFFFFFFFFFFFFFFFFFFFFFFFF5F
:1011A000FFFFFFFFFFFFFFFFFFFFFFFFFFFFFFFF4F
:1011B000FFFFFFFFFFFFFFFFFFFFFFFFFFFFFFFF3F
:1011C000FFFFFFFFFFFFFFFFFFFFFFFFFFFFFFFF2F
:1011D000FFFFFFFFFFFFFFFFFFFFFFFFFFFFFFFF1F
:1011E000FFFFFFFFFFFFFFFFFFFFFFFFFFFFFFFF0F
:1011F000FFFFFFFFFFFFFFFFFFFFFFFFFFFFFFFFFF
:10120000FFFFFFFFFFFFFFFFFFFFFFFFFFFFFFFFEE
:10121000FFFFFFFFFFFFFFFFFFFFFFFFFFFFFFFFDE
:10122000FFFFFFFFFFFFFFFFFFFFFFFFFFFFFFFFCE
:10123000FFFFFFFFFFFFFFFFFFFFFFFFFFFFFFFFBE
:10124000FFFFFFFFFFFFFFFFFFFFFFFFFFFFFFFFAE
:10125000FFFFFFFFFFFFFFFFFFFFFFFFFFFFFFFF9E
:10126000FFFFFFFFFFFFFFFFFFFFFFFFFFFFFFFF8E
:10127000FFFFFFFFFFFFFFFFFFFFFFFFFFFFFFFF7E
:10128000FFFFFFFFFFFFFFFFFFFFFFFFFFFFFFFF6E
:10129000FFFFFFFFFFFFFFFFFFFFFFFFFFFFFFFF5E
:1012A000FFFFFFFFFFFFFFFFFFFFFFFFFFFFFFFF4E
:1012B000FFFFFFFFFFFFFFFFFFFFFFFFFFFFFFFF3E
:1012C000FFFFFFFFFFFFFFFFFFFFFFFFFFFFFFFF2E
:1012D000FFFFFFFFFFFFFFFFFFFFFFFFFFFFFFFF1E
:1012E000FFFFFFFFFFFFFFFFFFFFFFFFFFFFFFFF0E
:1012F000FFFFFFFFFFFFFFFFFFFFFFFFFFFFFFFFFE
:10130000FFFFFFFFFFFFFFFFFFFFFFFFFFFFFFFFED
:10131000FFFFFFFFFFFFFFFFFFFFFFFFFFFFFFFFDD
:10132000FFFFFFFFFFFFFFFFFFFFFFFFFFFFFFFFCD
:10133000FFFFFFFFFFFFFFFFFFFFFFFFFFFFFFFFBD
:10134000FFFFFFFFFFFFFFFFFFFFFFFFFFFFFFFFAD
:10135000FFFFFFFFFFFFFFFFFFFFFFFFFFFFFFFF9D
:10136000FFFFFFFFFFFFFFFFFFFFFFFFFFFFFFFF8D
:10137000FFFFFFFFFFFFFFFFFFFFFFFFFFFFFFFF7D
:10138000FFFFFFFFFFFFFFFFFFFFFFFFFFFFFFFF6D
:10139000FFFFFFFFFFFFFFFFFFFFFFFFFFFFFFFF5D
:1013A000FFFFFFFFFFFFFFFFFFFFFFFFFFFFFFFF4D
:1013B000FFFFFFFFFFFFFFFFFFFFFFFFFFFFFFFF3D
:1013C000FFFFFFFFFFFFFFFFFFFFFFFFFFFFFFFF2D
:1013D000FFFFFFFFFFFFFFFFFFFFFFFFFFFFFFFF1D
:1013E000FFFFFFFFFFFFFFFFFFFFFFFFFFFFFFFF0D
:1013F000FFFFFFFFFFFFFFFFFFFFFFFFFFFFFFFFFD
:10140000824205D051F8043B40F8043B8242F9D8AF
:10141000704700BF044A05494FF0000342F8043BFF
:101420009142FBD8704700BFC0260020804B0020AF
:1014300080B5BFF34F8F00F0BDF9534C534B0820DC
:101440005349C3F85401534AC3F800115248C3F832
:10145000F0405249FFF7D4FF514A52495248FFF732
:10146000CFFF524CFFF7D6FF4FF470004FF0E02152
:1014700000234F4AC1F8880D44F823200133B02BD4
:10148000FAD14C4B80214C4A03F8011B9342FBD10B
:101490004FF0E025494F4A4A4FF0FF31C5F8084D5B
:1014A0000026D5F8243D43F4E023C5F8243DFB692C
:1014B00023F07F0343F04003FB617B6A23F07F034B
:1014C00043F040037B629166D1661167516700F07B
:1014D00079F93C4B63223C49A3633C4BE363032310
:1014E0006A613B4AAE612B61C5F8202DD5F8FC2D11
:1014F000384B42F08072C5F8FC2D1A6842F00102A8
:101500001A605B680B6000F0E7F9334800F054FBA9
:10151000F96E324B324A41F44051F9661E60C3F80D
:101520000861C3F81861C3F82861C3F83861936B88
:10153000DB0708D442F615632A4951651365936B9E
:1015400043F001039363264A274C936843F0011349
:10155000936000F005F900F03FFB00F0EBF900F0BC
:101560002BF92368132BFCD900F07CFA2368B3F520
:10157000967FFBD300F024F900F020F900F028FB5F
:1015800000F03AFB30BFFDE70C0D111300800D4059
:101590001B10182028F6000000000000941D0060B9
:1015A000C0260020C013016000000020002400209D
:1015B0004DB2000000E400E0A0E400E000C00F40F5
:1015C00000C00A4081CE0000D047002085CE000038
:1015D00000002020001000E00046C3230040084027
:1015E00000400D400000C056D4470020054B4FF48A
:1015F0002A01054A05485A641864054A99639546C4
:10160000FFF716FF00C00A40AFAAAAAA07002000F1
:10161000000007201BB9124B1B6F9B041ED400F067
:101620003F000F4B22F0604221F0604140F48910EE
:101630001867C3F88010C3F890201A6F22F4805204
:101640001A671A6F002AFCDAD3F87011054A0A40AB
:10165000C3F870211A6F22F480321A67704700BFF6
:1016600000800D40FF7F7FFFB1F5607FF0B50E4633
:101670008DB028BF4FF460760F46054672B62E4BEC
:1016800000247022186021462C4B2D481C8000F04D
:10169000AFFACFB121462A484FF0010C4A0901F0B8
:1016A0001F03013150F822400CFA03F38E4243EA43
:1016B000040340F82230F1D8284600234380013348
:1016C00000F582709E42F9D81E4C257815B162B69D
:1016D0000DB0F0BD082000F077FA1B4B80220646C3
:1016E000009302A90693194B0271056008A80293A2
:1016F00000F05EFA06A9164A304600F061FA069B31
:1017000008A8DB689847009B02A8DB689847237805
:10171000002BDCD10F4B104AC3F858210F49D020C1
:101720004FF0E023402281F84600C3F8082101234E
:10173000237062B60DB0F0BD582A0020F84A002090
:10174000602A0020104B0020A00A0020ED9C000021
:101750001B10010000240020F99C000000E400E0C0
:10176000104BA020104AD96E41F4403110B4D96614
:1017700040F23764D96E41F44071D9665464906484
:10178000936C1B06FCD4094A40F23761A0235164D4
:101790009364936C13F08003FBD1054A13705DF8DA
:1017A000044B704700C00F4000400C4000800C40CC
:1017B000194B0020704700BF704700BF704700BF43
:1017C00000BF704710B44FF0E023002110243248CE
:1017D000C3F8941DC3F89C4D1124C3F8A00D2F48E5
:1017E000C3F89C4D1224C3F8A00D2D48C3F89C4D9E
:1017F0002C4AC3F8A00D2C4C42F015022B48C3F81C
:101800009C4DC3F8A00D2A4C2A48C3F89C4DC3F840
:10181000A00D294CC3F89C2D2848294AC3F8A04D97
:10182000C3F89C0DC3F8A02D02F5A022254C0C3264
:101830002548C3F89C4DC3F8A02D244AC3F89C0D3D
:10184000C3F8A02D02F14062214C02322148C3F8B6
:101850009C4DC3F8A02D0A32C3F89C0DC3F8A02DEF
:1018600000BF00BF00BF00BF00BF0122C3F8942D1E
:10187000BFF34F8FBFF36F8FC3F8501FBFF34F8F6E
:10188000BFF36F8FD3F8142D5DF8044B42F4403250
:10189000C3F8142D704700BF3F0000102500080753
:1018A00009001000804B00201300200021000207D7
:1018B0001400002025000813090000101600202045
:1018C00027000B1317000040180000602F000B07C3
:1018D000190000701A000080F0B4154A40274FF438
:1018E00080314FF480564FF400554FF4404443F29A
:1018F0004200136913F0020F0ED113F4005F0FD0F2
:1019000013F4805F0ED0002BF3DA13F4803F0BD179
:101910005B060BD5F0BC7047946151619061E8E7BC
:101920005561E6E75661E4E79161E2E75761E0E778
:1019300000800D403F4A03203F49F3EE095AD2F898
:1019400080304FF0000C9FED3D6A23F001039FEDC6
:101950003C5A30B4C2F88030C2F89000D1F8E010A0
:10196000384DCBB2384C39482B6007EE903A0B0D0E
:10197000C1F30B21F8EEE77A06EE903A07EE101A63
:10198000334BB8EEC77A2160F8EEE66A314937EE9C
:10199000C66A37EEC55A76EEC76A77EEE57A26EE66
:1019A000266AC3ED006A25EE265AD2F8803067EE2B
:1019B000A64AC0ED007AC6EE275A274885EE276A68
:1019C000C4EEA76A75EE875AFCEEE55A36EE076A52
:1019D00015EE904ABCEEC66A43EA045376EE877A67
:1019E000C2F8803016EE103AD2F89041FCEEE77A59
:1019F00001EA0341214317EE903AC2F89011C3F374
:101A00000B03D2F890110B431449C2F89031D2F86D
:101A1000803043F00203C2F88030114B80F840C0A0
:101A2000C1F840314FF0E023012230BCC3F8082157
:101A3000704700BF00810D4000441F400000AA42D3
:101A40000000B442BC470020B8470020C047002037
:101A5000C44700200000FF0F00E400E00024002045
:101A600011B40000314B40F6617210B5C3F820216B
:101A700040F2044400F0B4F82D4A2E49D2F88030E8
:101A80002D4843F00303C2F880302C4BC1F860416D
:101A900002681A4203D1D1F8A8319A071BD0254A0F
:101AA0004FF00041244B5963D2F8403143F0020318
:101AB000C2F84031D2F840319B07FBD44FF40030DC
:101AC0004FF0E0211C4B4FF00042C1F88C0219206E
:101AD0009A6300F089F8184A4FF08040154C0021B5
:101AE00090630A20164B11604FF42072C4F8A801CD
:101AF000184600F07DF84FF4800203464FF4810051
:101B000040F243111860C4F858311A640D4B0E4A64
:101B1000C4F84811C3F804224FF0E0224FF400311A
:101B20000123C2F80C11C4F8403110BD00800D40F3
:101B300000C00F4000002E4000900D40001C1E0011
:101B4000000000200024002031B6000008B50E4B34
:101B50001B6E9B0700D4FBBE72B60C4B00200C4AD8
:101B6000C3F8400103F160430A49A3F55F23116400
:101B70009D46BFF34F8F4FF400130748074ADB69B8
:101B800002609B68984700BF00441F4000002E4041
:101B900000C00A400300200000802020000012EB5B
:101BA000F8B500BFF8BC08BC9E46704700000000B6
:101BB0005FF800F0619D00005FF800F0B9A7000039
:101BC0005FF800F0DDA200005FF800F0D9AE000081
:101BD0005FF800F075F200005FF800F03DB1000022
:101BE0005FF800F06DBD00005FF800F0A9AA0000EA
:101BF0005FF800F095F100005FF800F095AD00008F
:101C00000501000099710000F58C000051A400004E
:101C100020036400690063006500460072006900EB
:101C200065006E006400200076002E003000310058
:101C3000220353006900670069006C0049006E00D0
:101C400073007400720075006D0065006E00740012
:101C5000730000000403090409029500030100C099
:101C600032080B0002020201000904000001020216
:101C700001000524001001052401010104240206CD
:101C80000524060001070582031000100904010065
:101C9000020A000000070503024000000705830256
:101CA00040000009040200020103000007240100B3
:101CB0000125000624020101000624020202000997
:101CC00024030103010201000924030204010101AC
:101CD000000905040240000000000525010101097A
:101CE00005840240000000000525010103000000FA
:101CF00009029500030100C032080B000202020134
:101D00000009040000010202010005240010010581
:101D100024010101042402060524060001070582AE
:101D20000310000509040100020A00000007050372
:101D300002000200070583020002000904020002FB
:101D4000010300020724010001250006240201010D
:101D50000206240202020209240301030102010215
:101D60000924030204010101020905040200020022
:101D700000000525010101090584020002000000A0
:101D800005250101030000000A060002EF020140E0
:041D9000010000004E
:101D9400000000000000000000000000000000003F
:101DA400000000000000000000000000000000002F
:101DB400F8B54FF084439D695A6915400DD0254FFD
:101DC40001269D6195FAA5F4B4FA84F457F82430F9
:101DD40006FA04F49847A543F4D11F4B9D695A6948
:101DE40015400DD01D4F01269D6195FAA5F4B4FA56
:101DF40084F457F8243006FA04F49847A543F4D140
:101E0400174B9D695A6915400DD0164F01269D61E7
:101E140095FAA5F4B4FA84F457F8243006FA04F4D5
:101E24009847A543F4D1104B9D695A6915400DD0CC
:101E34000E4F01269D6195FAA5F4B4FA84F457F87F
:101E4400243006FA04F49847A543F4D1BFF34F8F26
:101E5400F8BD00BF2020002000400042A020002048
:101E6400008000422021002000C00042A021002068
:101E74000548064B1B1AD90F01EBA301491002D0E8
:101E8400034B03B118477047C0260020C02600202A
:101E94000000000008B5054B1BB105490548AFF328
:101EA4000080BDE80840FFF7E3BF00BF000000006A
:101EB400343900200048016038B50AF011FD2A4B7E
:101EC4001C68041BB4F57A7F43D9284A2849127840
:101ED4000C60186012B9274B01221A7026494FF082
:101EE400010C264A264B82F800C0A3FB04230A688F
:101EF400244862449B090A60A3F10B01224A00684A
:101F0400106040F6AC32914212D807EE903A9FED41
:101F14001F6AF7EE006A1E4BF8EEE77A86EE277A20
:101F2400B4EE667AF1EE10FA36FE877A83ED007A23
:101F3400184B194A234493420BD8184D2B7813B1EC
:101F4400174B1A7832B900231649174A0C601370DC
:101F54002B7038BD00224FF60F002A701A700BF058
:101F64008BFF0BF091FFEEE720330020344B002071
:101F740024330020204B0020203000201B4B002065
:101F8400D34D6210D447002018300020000048438D
:101F94001C300020BFF2FCFF7EB92A00264B002033
:101FA400254B002038220020244B002010B5044685
:101FB4000AF0DEF8204610BD10B500230446104692
:101FC4000D4A617223722260C4E9033019B18A0098
:101FD40019460EF0A7FF094A136853B11A465B6904
:101FE400002BFBD154610023204663616360A3721C
:101FF40010BD1460F7E700BFFC0900205C2A002034
:1020040003460022114910B4114C43F8184B4FF405
:10201400807482610481C0E903230B689BB11A4672
:102024005B69002BFBD1506100230A4C47F6FF711A
:102034004FF4004204605DF8044B436143608372D3
:10204400C183028470470860EEE700BF5C2A002069
:10205400FC090020140A002038B500220446034677
:102064001049114D4FF4807043F8985B2081C4F8F7
:102074009820C4E903230B688BB11A465B69002BD3
:10208400FBD1546100212046084B802261616160CC
:10209400A17240F8183B0EF045FF204638BD0C6095
:1020A400F0E700BF5C2A0020FC090020480A002059
:1020B40003460022144910B4144C43F8344B4FF433
:1020C4000074C0E903230B680481C0E90D22CBB17D
:1020D4001A465B69002BFBD150610D4900230D4A60
:1020E4000D4C01604FF4805182610C4A436143609E
:1020F4008372C0E90741C0E909235DF8044BC0E9D4
:102104000B3370470860E8E75C2A0020FC090020D4
:10211400900A002090298F0460EA8E0480F9855A81
:102124000022034613494FF4806C10B4124C43F858
:10213400284BA0F808C0C0E903230B68C0E90A22B1
:10214400C0E90C229BB11A465B69002BFBD150619C
:1021540000224FF4803309495DF8044B4261426028
:1021640082720160C0E90633C0E908337047086031
:10217400EEE700BF5C2A0020FC090020F0090020E3
:102184001349002238B5134D04460B6805600261FB
:102194000281C260D3B11A465B69002BFBD1546142
:1021A40000230D494FF0804204F138006360A372AC
:1021B4002160A386C4E90533C4E90733C4E90932BD
:1021C400C4E90B3309F052FB204638BD0860E7E749
:1021D4005C2A0020FC090020600A002038B5002297
:1021E400044603461549164D4FF4007043F8185B36
:1021F4002081C4E903230B68C4E90622DBB11A4633
:102204005B69002BFBD1546100230E494FF400425B
:1022140004F50F7063616360A37221602363C4F8E3
:102224003432A4F83832C4E90833C4E90A2309F083
:102234001DFB204638BD0C60E6E700BF5C2A002089
:10224400FC0900209C0A00200D49002210B40B68F0
:102254000C4C026104600281C2607BB11A465B6966
:10226400002BFBD150610023074A5DF8044B436106
:102274004360837202600376C36170470860F2E7CB
:102284005C2A0020FC090020780A00201149002261
:1022940010B40B68104C026104600281C260B3B1D7
:1022A4001A465B69002BFBD15061002300220B49C5
:1022B4005DF8044B42614260827201604362836252
:1022C400C362036343638363C36102767047086038
:1022D400EBE700BF5C2A0020FC090020080A00206C
:1022E400444B454AA3FB001312789B0803EB4303BA
:1022F400A0EB430310B4DBB287B0EAB1052844D89D
:102304003E490DF1180C3E4A09680CEB8303126830
:102314003C4C3D4800910192246800683B493C4A8A
:1023240002940968039012680491059213ED060A59
:1023340007B05DF8044B7047052845D9354AB6EE19
:10234400007AF1EE0E6A344CD2ED007A334A77EE1D
:10235400C77AD4F800C0126806AC314887EEA67A72
:102364000492304904EB83032F4A00680968126819
:10237400CDF800C00190029105928DED037A13ED22
:10238400060A07B05DF8044B7047284A284C2948D0
:102394002949126824680068022A09680094019097
:1023A400029122D025482649264A09680068126805
:1023B400049106A9039001EB8303059213ED060A29
:1023C40007B05DF8044B70471F490DF1180C1F4A04
:1023D40009680CEB830312681D4C1E48009101929E
:1023E400246800681C491D4A9AE71D481D491E4A75
:1023F400DBE700BFABAAAAAA344B00209C22002032
:10240400A0220020A4220020B0220020B422002018
:10241400B82200206C2200208C2200207822002088
:10242400882200207422002080220020DC47002023
:102434009022002094220020982200206C4A002040
:10244400704A0020744A0020A82200208422002020
:1024540070220020682200205C4A00207C22002098
:10246400604A0020644A0020684A0020F0B53F4CCE
:1024740087B03F4BA4FB00241B78A40804EB44045E
:10248400A0EB4404E4B293B1052841D8394E6D461B
:10249400A7000FCE0FC506AB96E8030003EB840339
:1024A40085E8030053F8183C83ED000A12E0052880
:1024B4002AD8314DEC46A7000FCDACE80F0006AB8F
:1024C40095E8030003EB84038CE8030053F8183CFD
:1024D40083ED000A294B13F8240009F0DDFF07EE11
:1024E400100A9FED276AF7EE007AB8EEC77A254BFB
:1024F400254A01213B44C7EE066A115577EEE67A78
:10250400C3ED007A07B0F0BD032C24D01F4EBEE704
:10251400022C0DD81E4A6B46A70007CA83E80700A1
:1025240006AB03EB840353F8183C83ED000AD1E7B0
:10253400184BA7001B68022B6B460CBF164A174AA0
:1025440007CA83E8070006AB03EB840353F8243C73
:1025540083ED000ABEE7B1EE0E7A114BF6EE007A77
:102564000C27E0EE077AC3ED007AB3E7ABAAAAAA78
:10257400344B0020300700206C070020B4090020F1
:1025840000C07F442833002040330020840700200B
:1025940048070020DC470020540700206007002083
:1025A4006C2200202DE9F843244B40F2ED221968F7
:1025B40091422DED028B37D921491A680868121A05
:1025C400112A31D94FF000091B681E4E4FF4A01593
:1025D4009FED1D8A4F464BF20B080B605FFA89F0A2
:1025E40009F10109FFF77CFE20EE080A0CF0C8FF90
:1025F40016F8013B80F30704FF2B45EA0460A4EBC3
:10260400030305F5803504D0002BB8BF5B42012BD2
:1026140006DD012740EA08000BF02EFC06F8014C09
:10262400B9F10C0FDAD11FB9BDEC028BBDE8F88308
:10263400BDEC028BBDE8F8430BF026BCD447002068
:10264400183100202C2200200000FE4238B5044638
:102654000D4690F820302DED028BB0EE408A39BB48
:102664004BB994F8213053B994ED030A84F82050FF
:10267400BDEC028B38BD90F82130002B59D00AF004
:102684002FF923689FED2E7AC01A07EE900AF8EE10
:10269400677A87EE870AB1EE400A80EE080A0CF0EA
:1026A4002FFB84F8205084ED030ABDEC028B38BD67
:1026B400002BD6D14FF07E5280F82130DFED218AF5
:1026C400C2600AF00DF9204B002220601B684FF411
:1026D40016702261636009F0A9FE07EE100AF7EE96
:1026E400086A6420B8EE477AC7EE287A77EEA67AAD
:1026F400C4ED057A09F09AFE07EE100ADFED136ABD
:102704004FF41670B8EE477AC7EE287A77EEA67AB9
:10271400C4ED067A09F08AFE07EE900ADFED0C6A32
:10272400B8EE677AC7EE287A77EEA67AC4ED077A10
:1027340097E7012380F821300AF0D2F8206090E76F
:102744000024744900007A44D44700200AD7A33DEA
:102754003333333F10B504460AF0C2F80B4B1B6801
:10276400C4E900030AF0BCF800234FF07E51DFF8FF
:1027740024C0074AE36023610023A0602046C4F814
:1027840014C0E161A261238410BD00BFD4470020BE
:102794009A99993E9A99D93F2DE9F0410E461546EA
:1027A4002DED048BB0EE408AF0EE609AB0EE419AC3
:1027B400F0EE618A002800F0F080002102200AF087
:1027C400B9F801210320B0EEC99A0AF0B3F89F4B7F
:1027D400DFED9F7A93ED007ADFED9E6A39EE479A3A
:1027E400A9EE277AB4EEE67AF1EE10FA00F1DC8075
:1027F400DFED997A83ED007A27EE277A974BF0EE96
:10280400E88ADFED936AD3ED007A9FED926A78EE61
:10281400E78AE8EEA67AF4EEC67AF1EE10FA00F151
:10282400CB80DFED8D6AC3ED007A67EEA67ADFED2B
:102834008C6A28EE260A30EE000AB5EEC00AF1EEE4
:1028440010FA00F1B680B4EE660AF1EE10FA36FE24
:10285400800ADFED836A69EEA60AF5EEC00AF1EE9E
:1028640010FA00F1B480F4EE660AF1EE10FA76FE86
:10287400A00AB5EEC07AF1EE10FA00F1A580DFED02
:10288400786AB4EE667AF1EE10FA36FE877AF5EEDF
:10289400C07AF1EE10FA00F19480DFED716AF4EE83
:1028A400667AF1EE10FA76FEA77A6E4BDFF8C481F1
:1028B400D3ED006A6C4FF4EEC06A6C4C30EE660ADD
:1028C400F1EE10FA4CBFB6EE006A9FED696A20EE95
:1028D400060A98ED006AB4EEE06A70EEC60A76EE77
:1028E400806AF1EE10FAC3ED006A4CBFF6EE005AAE
:1028F400DFED5F5A60EEA50A76EE205A97ED006A86
:10290400B4EEC76AC8ED005A37EE467AF1EE10FA13
:102914004CBFF6EE005ADFED565A27EE257A36EE16
:10292400076A94ED007AB4EEE77A87ED006A77EEF1
:10293400C77AF1EE10FA4CBFB6EE006A9FED4C6A0E
:1029440067EE867A37EE277A84ED007A002E41D03E
:10295400B5B1002104200AF015FA012D60D1FF2140
:1029640005200AF00FFA002106200D460AF00AFAA3
:1029740029460920BDEC048BBDE8F0410AF002BAF7
:102984000420FF210AF0FEF9294605200AF0FAF98D
:10299400294606200AF0F6F9EAE704460121022056
:1029A40009F0C8FF21460DE7B0EE667AC3ED006A70
:1029B40024E79FED280A4CE7F0EE467A83ED006A9F
:1029C40035E7DFED247A70E79FED227A5FE7DFEDEC
:1029D400210A4EE7FDEEE67A042017EE901A0AF07B
:1029E400D1F9D8ED007A0520FDEEE77A17EE901ABA
:1029F4000AF0C8F9D7ED007A0620FDEEE77A17EE63
:102A0400901A0AF0BFF9D4ED007A0920FDEEE77AB6
:102A1400BDEC048B17EE901ABDE8F0410AF0B2B990
:102A2400002105200AF0AEF9022D05D1FF21062070
:102A340000250AF0A7F99BE7002106200AF0A2F975
:102A4400032D0CBFFF25002592E700BFD42E0020E4
:102A5400CDCCCC3E000000000000C843D82E00209E
:102A640000007F43483300205033002054330020BB
:102A7400CDCC4C3D4C3300202DE9F043AD4D40F21C
:102A8400EE28AD4CAD4FDFF8AC932E682DED028BE4
:102A940087B00CF02FF82378002B00F03C813B78B2
:102AA400DB0740F138812B68D9F800209B1A0E2BE4
:102AB40040F231810121022009F078FF0121032035
:102AC4004CF6CC4409F072FF012104209C4D09F01E
:102AD4006DFF012105209B4E09F068FF01210620AE
:102AE40009F064FF0121092009F060FF08200AF0C1
:102AF40067FA802194480EF047FC944A9449954B18
:102B040051624FF40031DC629962D4620024916214
:102B1400914992485D62924DC1E90644C1E9084475
:102B24009049C1E90644C1E908448F49C0E90665F2
:102B3400C1E906654FF48075A3F838524FF080431D
:102B4400A2F8385243624B6272B6884BDC611C7641
:102B540062B672B6864BDC611C7662B60023854988
:102B6400854A8648116293621476854A854D0162CE
:102B740011628362844993624FF48033047614763D
:102B84008248834A046244864362C5610C624C866F
:102B94004B62CD61146254865362D56172B67D492D
:102BA4007D4A0C76CA6162B672B67C49CA610C76FB
:102BB40062B672B67A49CA610C7662B679494EF247
:102BC40066657948F7EE008A784E794F794A9FED29
:102BD4007A8A9361D461794AC1E90634C0E906343A
:102BE40077494FF0805055624862764BC1E90676CA
:102BF40075495D624862C1E906767449C1E90676A1
:102C0400734E486273487449C6E90654734EC6E964
:102C140006544BF23336C2E907559661704A9E61F9
:102C24008261A2F50152183AC2616E4A8A61A2F524
:102C34000B52C3E90755143A6B4BCA6143624B62AA
:102C440021466A4B6A4A039303F17E53694803F5AC
:102C54004523CDE9012403F6BC33674ACDE90423B7
:102C640001AA07F063F96549654B01AA6548039316
:102C7400654BCDE901146549CDE90413214607F0FC
:102C840055F9634B634A02219D610120DC61C2E96D
:102C9400065409F08BFE082002215F4D09F086FEE0
:102CA40021460A2005F1180609F080FE09F018FEF5
:102CB4005A4B03225A4918600A2009F0B1FE2146F2
:102CC4001620584C09F072FE0E2001E054F8040F4F
:102CD400C0B209F0E1FB07EE900AB8EEE77AC7EE5E
:102CE400087A78EEE77AE5EC017AB542EED14FF056
:102CF400FF314D4808F002FE4FF0FF314B4808F019
:102D0400FDFD4FF0FF314A4807B0BDEC028BBDE832
:102D1400F04308F0F3BD2B6822789B1B32B1B3F566
:102D2400FA6F3FF6C7AE0BF0E5FEB2E64345FAD9BB
:102D3400C0E600BFD4470020414B0020404B002098
:102D4400CA67EA0140987805000020204C39002029
:102D5400DCEF4601E03C00206446002038310020CE
:102D6400182B78059C460020743100204C3000203C
:102D7400743000204A63803D1C2F0020E02E002088
:102D8400582F0020B8DF8D02143600208434002030
:102D9400A43700209C3000200000FF7FC4300020B6
:102DA400EC300020DC33002014340020D0591C09FE
:102DB40020531E094C34002000C07F44744000207E
:102DC40028320020AC40002064320020A0320020D1
:102DD4006C330020B0310020EC310020A4330020FB
:102DE400D8BAA503B412BD0340555535BD5B8CFF5D
:102DF40043A473002C4500201568BA81B57F760082
:102E04004B8089FFC84500209400133F0CC2CA813F
:102E1400B84A0020804A00202833002020330020B4
:102E240029010000B4090020942F0020C02F0020A5
:102E3400EC2F0020DC4800207E4B1A682DE9F04F6F
:102E4400D4077D4D7D4F2DED108B95B003D401211A
:102E54002A6819603A607A4B1A68D00704D4794A10
:102E64002968116001221A600023774EDFED779AFA
:102E74009FED779ADFED778A9FED778ADFF82492CA
:102E8400DFF824A2049300200BF0A4F800285AD001
:102E940099F80030F82B23D0902B00F08286802BF9
:102EA40000F0B386B02BEED16C4B1C786C4BA4F1C4
:102EB400140093F80080C0B20B2841F2B1844A2C6C
:102EC400E1D1684B1B78002BDDD007EE908A049388
:102ED400654BF8EEE77A87EEA97A83ED007AD2E7BC
:102EE400624B196839B12A6847F22F53521A9A4231
:102EF4008CBF0021012128685D4A337810600BB92A
:102F0400012333705B4A13780133DBB2172B40F291
:102F1400798600231370534B1B78002B40F08A866C
:102F24000029B0D1544C2368002B41F09B85534BAE
:102F34001B78002BA7D1524B012200201A700BF0F2
:102F440049F80028A4D13378044643B1484B1A68A1
:102F54002B689B1A47F23052934200F29286414BFF
:102F64009FED488A1B788DED0C8A8DED0D8A002B20
:102F740041F03283012009F007FD2B683A6840F2E2
:102F8400DC510190A0F101009B1AB0FA80F08B4251
:102F94004FEA5010039004D9324B1B78002B41F0B8
:102FA40083852B689B1A40F6B832934201F212844F
:102FB400354F082009F0E8FC3B78002841F0CB812C
:102FC400002B00F05986314B1A68019B012B06D166
:102FD4002B6842F210719B1A8B4205F201872B6811
:102FE4009B1A40F6B832934240F2A280284B1A78DA
:102FF400002A40F09D804FF0010A83F800A0019B55
:10300400534505F0E081174BB7EE009A28681A780B
:10301400204982F00102DFED208A08600E201F495A
:10302400DFF88880DFF888B0DFF874901A700A70CF
:1030340042E000BF382A0020D44700202C2B002077
:103044003C2A0020302B00202B4B00200000FE42A5
:103054000000DC430000A0423333B340454B002062
:10306400464B0020344B00202830002064330020DD
:1030740060330020234B0020243300201C4B00200D
:10308400204B002000000000214B002014310020C0
:103094001F4B0020F847002000C07F443A4B00201B
:1030A400B4090020474B00207FC3C9012833002006
:1030B4004033002059F8040FC0B209F0EDF907EECF
:1030C400900A7F4BB8EEE77A0BF801ABC7EE287A8B
:1030D40079EE677AE8EC017A9845EBD1794B7A4836
:1030E4001B78002B794B12BF112118460E210BF0CF
:1030F40083FC774809F0DAF8724B1B7893B100230C
:10310400744A002174489362744A41629362744A17
:103114009362744B744A5962744B51620122197060
:10312400734B1A70734B4FF0FF32C3E900229A605D
:10313400714B1A46029301233B701378039A93420E
:1031440001F08481DFF80882B7EE009ADFED6B8A24
:103154000E20DFF8009208F1180B694F4FF0010AB6
:1031640001E057F8040FC0B209F096F907EE900A8F
:1031740009F801ABB8EEE77AC7EE287A79EE677AF8
:10318400E8EC017AC345ECD1DDE902321A704D4B0B
:103194001A78012A03D0019B012B41F03D84594B3D
:1031A4000293FFF7FFF9162009F076F907EE900A6B
:1031B4009FED526AF8EEE77A534BDFED546A87EEDF
:1031C400867AD3ED007A37EE676AE6EE267AC3EDA7
:1031D400007A4F4B1A68D20741F13C81DFF87891AD
:1031E4004C4F3B78002B00F05185DFED4B6AB4EE79
:1031F400E67AF1EE10FA07DC9FED487AF4EEC77A2E
:10320400F1EE10FA40F35285454B00221A70012367
:103214003B70444B1968444B01221A702B68C9F85F
:1032240000302B685B1AB3F5FA7F10D93F4BDFED02
:10323400406AD3ED007A9FED3F7A67EEA67AF4EE0A
:10324400C77AF1EE10FA01F1E383C3ED007A337823
:103254006BB1394B1B68002B00F06E8509F040FB05
:10326400364B1B68C01A364B984200F26585DFF86E
:10327400EC80DFF8ECA098F800303BB99AF8003005
:1032840023B9304B1A68002A41F054859AF800306B
:10329400002B00F08E802B4B2B4A1B682B4FA2FB7C
:1032A400032909F01DFB3B784FEA1919002B7AD04A
:1032B400DFF8B0B0DBF80030C01A002859DA72E049
:1032C40040330020344B0020B00D0020A00D00201E
:1032D400D01B0020E02E0020143600201C2F0020DC
:1032E400582F0020A4370020843400201B4B0020DA
:1032F4003B4B00202C220020224B002000C07F44A6
:10330400B40900201C4B0020283000200AD7A33C1D
:10331400282A00201E4B0020BC74933C295C0F3DDE
:103324001D4B002018300020144B00201C300020BE
:103334003333733F0AD7233C243300202033002047
:103344007FC3C90138220020ABAAAAAA254B0020BA
:103354002833002040330020182B0020244B002069
:10336400264B00205C330020DBF80030C01A002814
:1033740019DB4FF60F000AF07FFD0AF085FD3B785C
:10338400013BDBB23B7098F800300133DBB288F8C4
:103394000030DBF800304B44CBF8003009F0A0FAE1
:1033A4003B78002BE0D13B7803F0FF02002B01F0C7
:1033B4009383CD4B93F800A0BAF1000F40F0C8847A
:1033C4004BF23333C94A9361C94A9361029B1B7818
:1033D400002B41F00A83C74BDFEDC77A93ED008AD7
:1033E40028EE088A28EE278AC44BF2EE057AB0EE5E
:1033F400000AD3ED000A60EEA70A0BF05DFDF3EEC0
:10340400097AA0EE278AF6EE007AB4EEE78AF1EEA6
:1034140010FA01F1E682DFEDBA7AB4EE678AF1EED2
:1034240010FA37FE888AB74BF6EE007A93ED009ACD
:10343400B54B93ED007A39EE079AB4EEE79AF1EEC4
:1034440010FA01F1CA82F2EE017AB4EE679AF1EE53
:1034540010FA37FE899AAD4BF6EE007AB7EE087A89
:10346400D3ED009A79EEE79A69EE888A68EE878A46
:10347400E8EE098AF4EEE78AF1EE10FA01F1A98286
:10348400DFEDA37AF4EE678AF1EE10FA77FEA88AEC
:10349400A04B1B7843B1A04B1A682B689B1A47F2C8
:1034A4002F52934241F29C849C4BF6EE006ADFF863
:1034B40098B2F0EE005AD3ED007AB0EE487A9BED64
:1034C400006A77EEE67A964B67EE867A67EE887A3C
:1034D400A7EEA57AD3ED007A77EEE67A67EE867AE0
:1034E400B4EEE67A67EEA87AF1EE10FA77EEA77AF0
:1034F40001F18682DFED8B6AB4EEE67AF1EE10FA22
:1035040001F3E683B5EEC07AF1EE10FA42F1BD871D
:10351400DFF838920023C9F8243078EEA77AB6EEA3
:10352400007AF4EEC77AF1EE10FA01F162829FEDAF
:103534007D7AF4EEC77AF1EE10FA01F3C783F5EE63
:10354400C07AF1EE10FA42F19187774B1A4605934F
:1035540000235362754A1368DB0741F1B58174494E
:103564002B6808681B1A0B2B01F2B881714B93F876
:1035740000C0714B1A78714B19780CEA0203069358
:103584000B400493049B002B42F01A8382F0010841
:1035940018F0FF0801F00D84BCF1000F01F009845C
:1035A400002942F00D83069F002F43F04386012239
:1035B40039460497944608920797079B0B4083F07B
:1035C40001035CEA030345F004844FF0010A9846C2
:1035D4005B48514607930993027D22B92A68C26069
:1035E40000220261012261B190F820C0BCF1000FF9
:1035F40007D1D5F800C0C0F818C04FF0000CC0F8CF
:103604001CC00372027580F82010002B02F0D681D2
:103614002B68F0EE086A0768B5EE007A9FED496AF8
:10362400A3EB070C07EE90CAF8EE677AC7EE86CADA
:103634007CEEE6CA6CEE87CAF5EEC0CAF1EE10FA6B
:1036440002F1BC81F7EE007AF4EE67CAF1EE10FAEB
:1036540077FEACCA002A02F099812A68F0EE086A63
:10366400C368B5EE007A9FED376AD21A07EE902A46
:10367400F8EE677A87EE86EA3EEE66EA2EEE07EA11
:10368400B5EEC0EAF1EE10FA02F18081F7EE007AAD
:10369400B4EE67EAF1EE10FA37FE8EEA002902F082
:1036A4007A818269F0EE086A2B68B5EE007A9FEDA4
:1036B400256A9B1A07EE903AF8EE677AC7EE86EA17
:1036C4007EEEE6EA6EEE87EAF5EEC0EAF1EE10FA77
:1036D40002F16181F7EE007AF4EE67EAF1EE10FA96
:1036E40077FEAEEA34E000BF344B00207440002083
:1036F400AC400020283000200000964484220020A2
:1037040000409C456C220020DC2E002088220020F2
:1037140000E0AB452A4B00206833002044220020FF
:10372400482200200020CB45E03C00202C2A002029
:103734001C2B0020154B0020164B0020174B00209B
:103744003C47002000007A44682200204C390020C5
:10375400049B002B41F01884C84B1F461B6843B1DF
:1037640009F0BEF8C64B1B68C01AC64B984244F217
:10377400BF823378002B02F05B8709F0B1F8C24AAC
:10378400C24B10601A78002A01F0FE8300221A70DE
:10379400079B002B41F0F283B8F1000F41F0EE8358
:1037A400BAF1000F41F0EA833B68002B01F09383E8
:1037B40009F096F8B24B1B68C01AB24B984201F25A
:1037C4008A8300230793B24BF1EE0C6A9FEDB17A22
:1037D400F6EE009A93ED006ADFEDAF7AAF49E6EEBC
:1037E400077AAF4A08789FEDAF9A9FEDAFAAAF4F23
:1037F400DFF8348368EEA77ADFF830A3F4EEC87AF2
:10380400F1EE10FA4CBF0123002383EAD01343EAFC
:103814004003DBB20B70C3F3C203117807EE903A96
:10382400A34BF8EEE77A87EEA67AF0EE497AB4EE87
:10383400E97A83ED007AE7EE0A7AF1EE10FACCBF6A
:1038440001230023C7ED007A83EAD113994F43EA99
:103854004103DBB21370C3F3C20307EE903AF8EEF0
:10386400E77A87EEA67A87ED007A09F039F8D7ED82
:10387400007A914BA7EE8A9AC8F8000083ED009A6B
:1038840009F02EF8D7ED007A8C4B77EEE97A9FEDAC
:103894008C5A93ED007A8B4B67EE857ADFED8A6A5A
:1038A40093ED006ADFED895AE6EE267ACAF8000045
:1038B40027EE657AF4EEC77AF1EE10FA07D4B1EE8A
:1038C400477AF4EEC77AF1EE10FA37FE277A7D4B89
:1038D40083ED007A09F004F8079B0746002B03F0F8
:1038E4001D877B490B687BB3C31ADFED7A5A9FEDC2
:1038F4007A6A07EE903A794BDFED796A93ED007AB4
:10390400F8EE677A27EE257AA7EE867A83ED007AB9
:103914001B680E93DDED0E7AF4EEE67AF1EE10FA02
:1039240004F1F1869DED0E7ADFED6E7AB4EEE77A5E
:10393400F1EE10FA05F33680DDED0E7AFCEEE77A4F
:1039440017EE903A684A13603378002B44F01E80D7
:10395400664A674E13782BB12B6830681B1AB3F58F
:10396400FA6F0AD94FF60F200A910AF085FA0AF085
:103974008BFA01235D4A0A9913702B680F60336038
:10398400079B23B100235B4A13705B4A1370484BB7
:10399400B6EE007A9BED006AF0EE006AD3ED007A91
:1039A40077EEC77A67EE867A67EE887AA7EEA68AFC
:1039B400B4EEC78AF1EE10FA04F1D580DFED4F7A48
:1039C400B4EEE78AF1EE10FA04F3DF84F3EE047A3E
:1039D400B4EEE78AF1EE10FA05F145829FED480A4C
:1039E40088EE000A0BF0FEF9DFED467AB2EE087AB3
:1039F400E0EE077AF4EEC77AF1EE10FA45F125828B
:103A0400F9EE030A0C27404B0797B0EE000A0A931D
:103A14000BF052FADFED3A7A20EE270A88EE000A1C
:103A24000BF0E0F9DFED397A9FED396A9FED397AD1
:103A3400DFED396A20EE270A0A9BC0EE067A67EEAC
:103A4400877AF4EEE67AF1EE10FA04F1B884F4EE33
:103A5400C77AF1EE10FA44F39D84304A0A92304A50
:103A640092F900602F4A3E44127886F30706FF2A33
:103A740068D007998A4265D05AE000BF24330020F9
:103A8400203300207FC3C90160470020204B002061
:103A94008C220020CDCC4C3FCDCCCC3DCD2200207F
:103AA400CE2200209A99993E3333333F784A00203E
:103AB40044220020482200207C4A00206C2200205E
:103AC4004260653CDC2E0020A4707D3F9A99193E2B
:103AD400583300203333733FCDCC4C3D4C2200206F
:103AE400001B37488096184B382200202C4B0020AE
:103AF4001C330020244B0020264B00200020CB4503
:103B04000000DC4300008A4209900C5A00009644ED
:103B14000000C84200F8FF4500F8FFC50EE07F7FB3
:103B24002D4B0020C42200202C31002030310020F5
:103B3400120448F208000B9302F4FE0210430AF048
:103B44009BF90B9B644A1278FF2A0FD0BE4203D024
:103B5400F1B28A4204F05585120448F208000B932E
:103B640002F4FE0210430AF087F90B9B18460AF090
:103B740083F9BE4244F06D83FF21574B0A981970B4
:103B84000AF07AF9554B079A1A70554B1A68D707F9
:103B940001F103822A680120524918600A6001F089
:103BA400FEB9514B514A1B781478002B39D0504B35
:103BB4000122D5F800801C704E4B1A704E4B2A68B7
:103BC4001A604E4B1B78002B40F081854C4C2368C7
:103BD400002B48D14B4B1B78002B7FF454A94A4A45
:103BE4001368002B41F09F800123C2F80080474AEC
:103BF400337013700022464B1A70464BC3F8008092
:103C0400FFF741B91370FFF73EB9394B1A78374BB8
:103C14001B789A427FF437A9364B00221A70FFF7BB
:103C240032B9334A1278A2427FF42DA9314A137073
:103C3400FFF729B9324C236863B9324B1B78002B48
:103C44007FF421A9344B01221A70344B2A681A607C
:103C5400FFF719B908F044FE314B1B68C01A5045F0
:103C64007FF611A9E9E708F03BFE2D4B1B68C01A4B
:103C740050457FF608A9ADE72A682A4B1A60FFF77A
:103C8400A4B9234B30701870FFF769B9DFED266AC9
:103C9400B4EEE67AF1EE10FA00F336839FED237A60
:103CA400F4EEC77AF1EE10FA00F32E83D9F800206F
:103CB40000202B6838709B1A1D4A107047F230524E
:103CC400934240F28286029B1870144B1968194B78
:103CD4001870FFF7A6BA00BFC5220020C422002036
:103CE4004C2A0020702B0020464B0020454B00201E
:103CF400CC2200202A4B002068330020344B0020C3
:103D0400243300201C4B002064330020204B00206F
:103D1400234B0020603300201B4B00201830002070
:103D240020330020143100208FC2F53CCDCC4C3D13
:103D34001D4B0020144B0020029B1B78002B7FF4AA
:103D440096AAC44B93F800A0BAF1000F3FF438AB25
:103D54000023C14AD362C14AD36272B6C04AD36156
:103D6400137662B672B6BF4AD361137662B6BE4AA0
:103D7400B0EE000ABD49D2ED000ABD4A8B61BD49CF
:103D8400DFEDBD7A8B61BD4960EEA70AC2E9063357
:103D9400BB4AC2E90633BB4A4A62BB494A62BB4AD0
:103DA400D361BB4AD361BB4B93F800A0BA4B93F8E1
:103DB40000B0BA4B1F780BF07FF8DFEDB97A60EEF4
:103DC400279ADFEDB87AF4EEE79AF1EE10FA00F1F3
:103DD400F885DFEDB57AF4EE679AF1EE10FA77FE26
:103DE400A99AB24BB0EE000ADFEDA37AD3ED000A34
:103DF40060EEA70A0BF060F8DFEDA97A20EE279AAF
:103E0400DFEDA87AB4EEE79AF1EE10FA00F1D58569
:103E1400DFEDA57AB4EE679AF1EE10FA37FE899ACF
:103E2400A34BB0EE000ADFED947AD3ED000A60EE06
:103E3400A70A0BF041F8DFED9A7A60EE278ADFEDEE
:103E4400997AF4EEE78AF1EE10FA00F1B285DFED2B
:103E5400967AF4EE678AF1EE10FA77FEA88ADFED1F
:103E6400957A954BF0EE67AA9FED947AD3ED006AAC
:103E7400E6EE87AAF4EEE7AAF1EE10FA00F19585D2
:103E8400DFED8F7AF4EE67AAF1EE10FA77FEAAAAB4
:103E9400029B1B78002B40F084858A4B93ED00AA8B
:103EA400894B1A68D60704D4884A2968116001220C
:103EB4001A60874B1A78002A40F0C084854BDFF8DB
:103EC40044921A682B68844E9B1A952B94BF012345
:103ED4000023337007D97D4B1A682B689B1AB3F5FE
:103EE400FA5F00F2F786B5EE007AF3EE047A69EE33
:103EF400879AF4EEE79AF1EE10FA40F14B834FF013
:103F04000F08B5EE007A754BF3EE047A83F800805F
:103F140029EE079AB4EEE79AF1EE10FA40F12683FF
:103F24000F23B5EE007A6E4AF3EE047A137068EE4E
:103F3400878AF4EEE78AF1EE10FA40F103830F2347
:103F4400684A1370684B05931B78BAF1000F00F0B0
:103F54001785002B00F0A887DFF8AC8198F80030B3
:103F6400BBF1000F00F0FB84002B00F08F875F4B48
:103F74001A78002F00F0DF84002A00F07887049775
:103F84009DED0C7ADDED0D7AB4EEE77AF1EE10FAE0
:103F9400C0F26585F0EE477A0CAAF4EEC87AF1EE29
:103FA40010FA94BFF0EE487AD2ED007AC7FE8A7A0E
:103FB400F5EEC07AF1EE10FA01F19086B7EE007AD0
:103FC400F4EEC77AF1EE10FA40F3D7864FF07F0C87
:103FD4006146474A1078FF2806D0ACEB0000002861
:103FE400B8BF404201280FDD4FEA0C4C4DF20D00E2
:103FF4000CF4FE0C4CEA0000CDE9061309F03CFF7A
:1040040006993B4A079B11703A482A680168521A7C
:10401400092A40F28480384A296812780160002A0B
:1040240001F0BE85029A1278002A41F0B985F6EEB5
:10403400007A9FED327A32497AEE677AB1F900005C
:1040440077EEA77A67EE877AFDEEE77A17EE902A85
:1040540012B25DE0344B00204C390020E03C0020DB
:104064004C300020743000209C220020744000203A
:1040740064460020AC4000203333B340B03100200C
:104084009C46002000B76D5BEC310020804A002084
:10409400B84A0020374B0020384B0020394B002011
:1040A4000000A0420000164300007A45A022002030
:1040B400A42200203333333FC02200203333834013
:1040C400CDCC9C4028300020302A0020242B002016
:1040D4001B4B0020CC470020324B0020C92200207B
:1040E400CA220020CB220020274B0020294B00208D
:1040F400C7220020502A0020144B002000F8FF455E
:10410400FE4A00201A4B0020284B0020CDCC4C3D09
:10411400101A0028B8BF4042102803F3A78432784D
:1041240082B199F800206AB1059A1278002A03F046
:10413400B68598F80020002A03F0A1851A78002A91
:1041440003F08E851FED0FCAF0EE08CAC64B514628
:10415400B0EE4C0AC548D3ED007ADFF87C83A7EEB5
:10416400AC0AFEF773FAB0EE40BAB0EE4C0AD8EDE2
:10417400007A5946BE48A7EEAC0AFEF767FABD4B73
:10418400F0EE40BA3946B0EE4C0AD3ED007ABA48A4
:10419400A7EEAC0AFEF75AFA99F80010F0EE40CAFE
:1041A40001B13178049B002B01F004842868B34AE0
:1041B40010600120B24A1070BAF1000F01F0FA83C6
:1041C400AA4E2A687068DFEDAF6A131A9FEDAE7AC3
:1041D40007EE903AF8EE677A77EEE67A87EE87CACA
:1041E400B5EEC0CAF1EE10FA01F1E483F7EE007AFD
:1041F400B4EE67CAF1EE10FA37FE8CCABBF1000FB9
:1042040001F0CD83994E2A68B06ADFED9E6A131AD5
:104214009FED9D7A07EE903AF8EE677A77EEE67AAC
:1042240087EE87DAB5EEC0DAF1EE10FA01F1B78362
:10423400F7EE007AB4EEE7DAF1EE10FA42F34081D9
:10424400B0EE67DA002F01F0AF83884EF06C2A6875
:10425400DFED8C6A131A9FED8C7A07EE903AF8EE34
:10426400677A77EEE67AC7EE87DAF5EEC0DAF1EE32
:1042740010FA02F12881F7EE007AF4EE67DAF1EE33
:1042840010FA77FEADDAF4EECDDAF1EE10FA8CBF67
:10429400F0EE6D7AF0EE4D7AB4EE67CA7B480278A0
:1042A400F1EE10FA6CFE277A002A41F0BB84784ABA
:1042B4001268002A41F0AA859FED767AF3EE046A2B
:1042C4009FED756A2AEE077A744BDFF810921A761E
:1042D40079EE877A0293724B89F81820ECEE067A0D
:1042E40005931A76F4EEE67AF1EE10FA02F197826B
:1042F400DFED6C6AF4EEE67AF1EE10FA43F36582D0
:104304009FED696A02F08DBA049B002B7EF47CAFAA
:10431400664A67491368DFF8C8B101331360DB43A9
:1043240003F001030B7008F0DBFADBF8002003460E
:104334002968A0EB02085F4AC9F8001042445E49AC
:104344008A4242F20A825D4A1168CBF800300123A6
:104354003B70FEF760BFDFF88CA123B19AF8002010
:10436400002A00F0C083564B0022039902931B7865
:104374008AF800208B423A707EF4E4AE1746DFEDF3
:10438400518ADFED519A0E209FED509ADFF858A123
:10439400DFF85891DFF85881DFF858B1C0B208F05F
:1043A4007BF807EE900A1AF8012BB8EEE77AF7EEDD
:1043B400007AC7EE286A77EEE67A6AB19BED007A56
:1043C40037EEC77AB0EEC77AB4EEC97AF1EE10FAD6
:1043D4002FDD00220AF8012C3D4B1A78002A40F008
:1043E4008D801AF8012CD2B9019B012B00F0E780D3
:1043F400012F02F03680022F02F02E80032F02F0EC
:104404002180042F08D1334AC2ED007A08F1040850
:104414000BF1040B052709E0052F02F01880013782
:1044240008F104080BF1040B062F0FD059F8040F00
:10443400B4E7274B1A78002AF1D00137C8ED007A87
:104444000BF1040B08F10408062FEFD1204B1A7866
:10445400FEF79FBE2A68DFF8A090C9F80020012269
:104464001A60FEF7BDBE00BFB0220020FC4700204A
:1044740020480020B822002044480020F8470020AB
:104484003A4B002000803B4500007A453B4B00201E
:10449400DC4700200000FA4400000C42E02E00201B
:1044A4001C2F00200000FA4531E5913F2430002004
:1044B4001D4B0020AF3CFFFF6E032D001830002081
:1044C400224B002000C07F44A69B443CCDCC4C3DF5
:1044D400344B00205C4A0020B4220020582F0020D6
:1044E400202B00201F4B002040330020B409002063
:1044F400E047002028330020182B002098ED007A94
:1045040037EEC77AB0EEC77AB4EEE97AF1EE10FA74
:1045140005DD2968D14A11600121D14A1170019B3E
:10452400C8ED007A012B01F0A483002F02F044802F
:10453400012F00F0CB84022F42F00386C94AC2ED5A
:10454400007A6CE79FEDC80A88EE800A0AF04AFCFC
:10455400DFEDC67AB2EE087AE0EE077AF4EEC77AB7
:10456400F1EE10FA41F1BB870C23E9E49FEDBE0A9A
:1045740089EE000A0AF036FCDFEDBC7AB2EE087A66
:10458400E0EE077AF4EEC77AF1EE10FA41F1FC8717
:104594000C23C6E49FEDB40A89EE800A0AF022FCDB
:1045A400DFEDB27AB2EE087AE0EE077AF4EEC77A7B
:1045B400F1EE10FA41F1DC874FF00C08A1E4002F72
:1045C40001F0F587012F00F07C84022F42F09B85D7
:1045D400A74AC2ED007A22E70A21A64807F000FAAA
:1045E4000A218246A44807F0FBF90A218146A34820
:1045F40007F0F6F9BAF5486F034600F34682BAF5B8
:10460400E16F02DA9E4A00211170B9F5486F40F358
:1046140043829C4A01211170B3F5486F41F36383CF
:10462400994A0121117007EE90AADFED986A9FED77
:10463400987AF8EEE77A77EEE67A87EE878AB5EE2F
:10464400C08AF1EE10FA01F13387F7EE007AB4EE86
:10465400678AF1EE10FA37FE888A07EE909A9FED8A
:104664008B7ADFED8B6AF8EEE77A77EEC77A87EE1E
:10467400A67AB5EEC07AF1EE10FA01F11587F7EEDD
:10468400007AB4EE677AF1EE10FA37FE877A07EE15
:10469400903A9FED7E6ADFED7E6AF8EEE77A8DED63
:1046A4000C7A77EEC67A87EEA67AB5EEC07AF1EE8A
:1046B40010FA01F10187F7EE007AB4EE677AF1EEB1
:1046C40010FA37FE877A8DED0D7AFEF753BCA4F10C
:1046D4004503F2EE080AB0EE000A07EE903AF8EE4F
:1046E400E77AC7EEA00A0AF0E7FB20EE090A80EE9B
:1046F400280A0AF077FB80EE087AB5EEC07AF1EE6C
:1047040010FA00F1EC82F7EE007AB4EE677AF1EE7B
:1047140010FA37FE877AE31DF2EE080AB0EE000ABB
:104724007F2BA8BF7F23453B07EE903A594BF8EE09
:10473400E77A83ED007AC7EEA00A0AF0BDFB20EE0B
:10474400090A80EE280A0AF04DFB80EE087AB5EEDD
:10475400C07AF1EE10FA01F12687F7EE007AB4EE92
:10476400677AF1EE10FA37FE877A0C34F2EE080A13
:10477400494BB0EE000A7F2C83ED007AA8BF7F245A
:10478400453C07EE904AF8EEE77AC7EEA00A0AF035
:1047940093FB20EE090A80EE280A0AF023FBC0EE00
:1047A400087AF5EEC07AF1EE10FA01F1F886B7EE68
:1047B400007AF4EE477AF1EE10FA77FE277A294B65
:1047C4000122C3ED007A354B1A70354BC3F80080D3
:1047D400FEF759BB2B68042132483B600AF00CF900
:1047E400314B4FF4C8529FED317A02211B88304877
:1047F40002FB03F307EE903A2E4BF8EEE77A67EEEE
:10480400877A93ED007AB8EE477A87EE870AB7EE97
:10481400C00A07F059FD264807F048FDFEF7C8BB5B
:1048240007EE908AB8EEE70A80EE290AFDF71EFE2D
:10483400214B234403F8148CFEF725BB00212A687E
:10484400DFF8809019701D4B29681A60012389F8DC
:1048540000301B4B1960FFF735BB00BFF847002041
:104864003A4B0020A42200200000DC4300008A42CE
:1048740074220020942F0020C02F0020EC2F002051
:10488400374B0020384B0020394B00200080ED4589
:10489400000061449C220020A02200201B4B002029
:1048A40018300020D00D0020F44A00200044AC430E
:1048B400D01B0020CC1B00202C220020CC47002041
:1048C400242B00201A4B002001232868A7491360D9
:1048D4002B6808601B1A0B2B7EF648AE2B68A44885
:1048E4000B600A2107F07CF80A218046A14807F0F2
:1048F40077F80A210746A04807F072F8B8F5486F20
:1049040041F3B9874FF0010C9C4B83F800C0B7F515
:10491400486F41F3A5870122994BCDF818C01A704E
:10492400B0F5486F40F33682964B01211970069B0F
:104934000493FEF727BE002A40F08B825AEA0B024A
:1049440004927FF41DAB904A1278002A3FF45CABCA
:10495400029A1278002A7FF457ABFFF711BB002BA1
:104964003FF405AB894B48F208001B781B0403F4A1
:10497400FE03184309F080FA88F800B0FFF7F7BA8D
:10498400002B3FF4E9AA4FEA084348F2080003F475
:10499400FE03184309F070FA059B83F800A0FFF7A3
:1049A400DBBA9FED7BAAFFF77BBAF0EE67AAFFF7AD
:1049B4006FBAF0EE678AFFF752BAB0EE679AFFF764
:1049C4002FBAF0EE679AFFF70CBA724B1968FEF72C
:1049D40028BCF0EE678AFEF75BBDB0EE679AFEF77F
:1049E4003ABDB0EE678AFEF71EBD9FED698AFEF7F9
:1049F400FBBC4BF63763684A05925362FEF7AABDC7
:104A04004BF63763DFF8DC91C9F82430FEF785BD37
:104A140000221A60FEF71BBC0E20F7EE008A07F096
:104A24003BFD07EE900ADFED5D6AF8EEE77A5C4B3A
:104A34001B6887EEA67A78EEC78A002B40F0528175
:104A4400584B02931B78002B40F057813378002B8E
:104A540040F05381544BC3ED008AFEF7A2BB0DAA6C
:104A6400FFF79BBA07F03CFF504B1B68C01A504538
:104A740004D94C4B1B78002B3EF45DAA4C4B1B789D
:104A8400002B3EF400AAFFF7D6B84A4A0121B9F533
:104A9400486F11703FF7BDADB9F5E16FBFF6BCAD1E
:104AA400454A00211170B7E52B68032143483B6058
:104AB40009F0A2FF424B4348196807F0EBFB0721BA
:104AC400414809F099FF03993E4807F0E3FB3D484C
:104AD40007F0ECFBFEF76CBA18238AF8002088F87C
:104AE4000030FEF766BC394A11682A68521A40F64B
:104AF400B7318A423FF637AC2D4B1A78002A02F0C0
:104B0400B086334A1168C90743F1F685314908680C
:104B14002A68121AB2F5167F40F2D0802868B7EEE0
:104B2400009ADFF89CB00860DBF800102B680131B4
:104B34002948DFF8B4900360484201F003014FF0C4
:104B4400010300F003000294DFED148A58BF4142D0
:104B5400DFF898800E20CBF8001020490B70204B12
:104B64001C463B462F464D46994643E01C2B0020ED
:104B7400942F0020C02F0020EC2F0020154B002084
:104B8400164B0020174B0020144B0020CA22002093
:104B94000000000018300020E03C002000C07F44EA
:104BA400243300201C4B0020A822002020330020A6
:104BB400344B0020374B0020384B0020C40D00201C
:104BC400DC470020D01B0020C80D00201431002039
:104BD400342A0020282B0020F84700203A4B0020DC
:104BE400B40900204C390020403300202833002031
:104BF40054F8040FC0B207F04FFC07EE900A4FF0D0
:104C04000103B8EEE77A05F8013BB84BC7EE287A02
:104C140079EE677AE8EC017A9845E9D1B44A3D46E1
:104C2400029C4F46B3494FF00009002002F16C0E7C
:104C34002B68243242F8149C243142F8203C42F878
:104C4400189C02F8030C02F8040C72452B6841F816
:104C5400149C41F8189C01F8030C01F8040C41F869
:104C6400203CE5D19BF80020A34B032A029343F296
:104C74003286A24BDFF8FC9205930021029B0120AF
:104C840000229962059BC9F8281099629C49DFF8B3
:104C9400E89208709B499C480A709C4989F8002056
:104CA4000A609B490A70112109F0A6FEDBF8001086
:104CB400984807F0EFFA974807F0F8FA964A4FF049
:104CC400FF31C2E900119160FFF74DBB934B92E6AF
:104CD400924B97E6002389F80030FFF704B99FED63
:104CE400907A18E507F0FCFD8E4B1B68C01A8E4BBA
:104CF40098423FF6A5AE8D4B0293F6EE007A9FEDF7
:104D04008C0A78EEE78A28EE800A0AF039FC182823
:104D14006FF01703A8BF18209842B8BF1846854BF8
:104D24001870FEF73EBAA8EB03031E2B7EF6ABA861
:104D3400FEF75ABF1F6842F6F7639F427EF6A6AAA3
:104D44007D4B1B68002B42F02E86029B1B78C3F11F
:104D54001803DBB2794A4FF00109137088F8009008
:104D640007F0BEFD764B8AF80090A3FB072300EB07
:104D74001310744B1860FEF789BA9FED737A67EECF
:104D8400877AFCEEE77ACDED067A9DF818108C460A
:104D9400FFF71FB9B0F5E16F6C4B82F23A85002141
:104DA400197082F001015FFA81F811EA0C017EF4B6
:104DB400FAAB41EA0C0358EA030842F035820123B6
:104DC4004146CDF820800993CDF81080CDE90688BE
:104DD40000235F48002A7EF4FFAB9246FEF703BC33
:104DE4005C4BF2EE080AB0EE000A1B78453B07EE76
:104DF400903AF8EEE77AC7EEA00A0AF05DF8DFED24
:104E0400567A20EE278AF6EE007AB4EEE78AF1EEBF
:104E140010FA42F1F484B0EE678A69EE887AF7EE0C
:104E2400086AB6EE007A67EEA67AE9EE087AF4EE3E
:104E3400C77AF0EE678AF1EE10FA02F14087DFEDEF
:104E4400477AF4EE678AF1EE10FA77FEA88AFEF745
:104E54002BBB049348F20800414B1A78120402F465
:104E6400FE02104309F008F8049B1F7066E50493E2
:104E74003B4B3C481A78120402F4FE02104308F03B
:104E8400FBFF0122049B1A70FFF779B8364B3548B3
:104E94001B781B0403F4FE03184308F0EDFF012301
:104EA40088F80030FFF763B84FEA08432D4803F44D
:104EB400FE03184308F0E0FF0123059A1370FFF77F
:104EC4004BB82A4AC2ED007AFFF7A9BA284AC2EDC4
:104ED400007AFFF7A4BA029B1B78002B7EF471AC16
:104EE400337883F001030793FEF76DBC4033002051
:104EF400FC47002068480020E02E00201C2F0020E2
:104F04003B4B00201B4B0020D80D0020CC47002039
:104F1400324B0020D01B00202C2200204080BB25D7
:104F240000000000203300207FC3C9011C4B002077
:104F3400000040422D4B002024330020254B00204C
:104F4400ABAAAAAA5C3300200000FE42174B002043
:104F54003C470020CC2200200000DC4300E0AB45AD
:104F6400CB22002009900064CA220020882200205D
:104F7400A0220020582F00201A4B0020642007F0A4
:104F840055FA40283EF610ACD34BDFF8F8831A6884
:104F9400DFF8F4A3D7077EF5FDADD0490A682B6886
:104FA4009B1A182B20D9CE4B2A681B780A60002B39
:104FB40000F01B85029B1B78002B00F00385002367
:104FC4001F46C84E3278FF2A05D09A1A002AB8BF65
:104FD4005242012A08DD1B044DF20D0003F4FE03C6
:104FE400184308F049FF377007F07AFCD8F800300E
:104FF4009FEDBD9AF0EE089AC01A9FEDBCAA07EE89
:10500400900AF8EE677AC7EE898A07F069FCDAF845
:105014000030C01AB64B07EE900AB0EE4A0A93ED80
:10502400007AF8EE677AA7EE290A87EE898AF1EE0C
:10503400688A88EE800A09F063FE9FEDAE7AAE4B73
:10504400F1EE487A20EE078A93ED007AA7EE29AABA
:1050540087EE8A0A09F054FEDFEDA87A20EE270ACB
:10506400DFEDA77AB4EEE78AF1EE10FA40F3CC84D0
:105074004FF23333DFEDA27AC9F82C30B4EEE70AED
:10508400F1EE10FA40F3B4844FF23333059AB3EEE1
:10509400098ADFED9C6AB2EE0E7AD36200219A4B44
:1050A4009A4ED3ED007A0023994A67EEA77AD3602B
:1050B4001363A7EEA68AD6ED007A53651184A2F88D
:1050C4004410A2F86810934A78EE677A9362924A81
:1050D400F0EEE77A9362914AF4EEC77A9362F1EEC6
:1050E40010FA00F30F869BED009AF1EE0C6ADFEDE7
:1050F4008C7A29EE096A9FED8B7AE6EE267AF4EE35
:10510400C77AF1EE10FA00F31D85B3EE0E7AF4EED1
:10511400C77AF1EE10FA01F1DD819FED837A67EE33
:10512400877AFCEEE77A17EE903A03F182861A4604
:10513400DFED7E7A9FED7E7A29EE279ADFF84CA286
:105144000599DFED7C6AB4EEC79ADAED007AC9F806
:105154002830012367EEA67A8A62F1EE10FA89F804
:10516400393281F8393200F3E1849FED737AB4EE79
:10517400C79AF1EE10FA01F1D781B0EE497ABEEE8A
:10518400C87A17EE102A9FED6A7A6C4BF4EEC77A50
:105194009A61F1EE10FA40F39184B4EEC79A684A2A
:1051A400DA61F1EE10FA03F341869FED637AB4EE0F
:1051B400C79AF1EE10FA41F1AF8162490298624F49
:1051C4000078C7E90612002840F041845F4ADFED09
:1051D400607AD2ED009A69EEA79A5E4ADFED486ADA
:1051E400D2ED007A5C4A79EEA79AD2ED007A29EEE4
:1051F400A97AB4EEE67AF1EE10FA40F38783574ABF
:1052040072B6DFF88C81C8F81C20002288F81820B8
:1052140062B627EEA77ADFED3A6AB4EEE67AF1EEEB
:1052240010FA40F369834D4A72B6DFF86891C9F801
:105234001C20002289F8182062B6B7EE007ADFED50
:10524400485ADFED486A9FED2F6AA9EEE57AB0EE81
:10525400668AA7EE068AB4EEE68AF1EE10FA00F149
:105264008C849FED417AB4EEC78AF1EE10FA40F3D4
:1052740057839FED3E8ADFED3E8A3E4A3E49F0EE7B
:10528400046ADBED00AA9FED1DAA9FED3C7AAAEE0D
:10529400A6AA3B48C0E90612B4EEC7AAF1EE10FA7A
:1052A40000F15484B1EE047AB4EEC7AAF1EE10FA18
:1052B40001F32081F7EE006A86EE8A7AF0EE476AFF
:1052C400FEEEC16A16EE902A9FED267A4262F4EE53
:1052D400C78AF1EE10FA5FE04C2A0020702B002000
:1052E400144B0020C6220020002474490AD7233D11
:1052F400702200209A99593F74220020CDCC4C3F53
:105304003333733F0060EA4578220020E81B002015
:10531400FC470020E02E00201C2F0020582F0020E6
:10532400CDCCCC3D00A00C46610BB64385EB513F80
:1053340000FEFF46CDCC0C3F00FEFFC664460020B5
:105344000000FF7F000001809C46002028300020E0
:105354003333B33E7C2200208022002080A698793B
:105364009A99193F0000964300401C4600C00F461E
:1053740000201E46C062A22C809F972D3333333FFA
:10538400B03100202C310020303100205C4A002054
:105394004C3000207430002040F1DA83D84AD94ED2
:1053A4009FEDD97AD949B4EEC7AAC1E90662F1EEF4
:1053B40010FA01F18C80B1EE047AB4EEC7AAF1EED2
:1053C40010FA01F3A680F7EE006A86EE8A7AF0EE10
:1053D400476AFEEEC16A16EE902A9FEDCD7A4A62C4
:1053E400B4EEC78AF1EE10FA00F12E839FEDC97A6C
:1053F400B4EE478AF1EE10FA37FE088AF1EE085A45
:105404009FEDC17AF0EE008AB1EE006AF2EE0C6A0A
:10541400EAEEA58A78EE868AEAEEA68AF4EEC78AD0
:10542400F1EE10FA00F10D839FEDBB7AF4EE478A9A
:10543400F1EE10FA77FE288A9FEDB87A9FEDB8CA8C
:10544400AAEE87CAB5EEC0CAF1EE10FA00F1A58340
:105454009FEDB47AB4EE47CAF1EE10FA37FE0CCAE7
:10546400B14E326801322F2A326000F34584DFF8EE
:10547400F8B2F2EE006A9BED007A38EE477AB0EEAD
:10548400C77AB4EEE67AF1EE10FA40F31584A74A2F
:105494000292DFEDA7DAB7EEE8FA0793B7EE00BBA6
:1054A40028EE2DAACDED057A3FEE0FFB9FEDA1DA94
:1054B400B7EECAAAB0EE4A0B0AF022F8B0EE406B7F
:1054C400B0EE4A0B86EE0FAB09F0DAFF00210FAA0B
:1054D40099481091B8EE007B9FED875B20EE070B97
:1054E4003AEE0B6B85EE065B20EE056BBDEEC66BEC
:1054F4008DED126A2AEE056B3BEE4AAB2AEE05AB44
:10550400BDEEC67BB1EE466BBDEECAAB8DED0F7A38
:10551400BDEEC66B8DED13AA8DED116A04F006FD88
:1055240028EE0DDA2DEE2DDAB7EECDDAB0EE4D0B16
:1055340009F0E6FF80EE0FABB0EE4D0B09F0A0FFD3
:10554400B8EE007B00210FAA7C4820EE070B1091D7
:105554009FED697B3AEE0B5B3BEE4ABB87EE056B36
:105564002AEE06AB20EE060B2BEE06BBBDEECA7B85
:10557400B1EE4AABBDEEC00BBDEECBBB8DED0F7AE9
:10558400BDEECAAB8DED120A8DED13BA8DED11AAE5
:1055940004F0CCFC9FED767ADDED057AB4EEC7CA53
:1055A400079BF1EE10FA00F3F0829FED657AB4EEFA
:1055B400C7CAF1EE10FA01F19280B0EE4C7ABEEE59
:1055C400C87A17EE100A03F12D8484465D49029AC5
:1055D400C8614EF26660C2ED008A002288615A49B1
:1055E40032608BED008AC1E9060C5849CA615849FA
:1055F400CA61584A82ED00CA049A002A40F0D08059
:10560400089A92B3B7EE007A77EE696AE6EEAC9A3E
:1056140069EEA99AF4EEC79AF1EE10FA42F389877B
:105624004D4A72B6C8F81C20002288F8182062B6C9
:10563400B0EE497ADFED496AACEEA67AB5EEC07AEF
:10564400F1EE10FA10D4DFED466AB4EEE67AF1EE2C
:1056540010FA02F30281DFED466AB4EEE67AF1EE67
:1056640010FA42F35D863C4A9A61099A82B3B7EE16
:10567400007A77EE676AE6EE8E7A67EEA77AF4EE42
:10568400C77AF1EE10FA42F3B187334A72B6C9F819
:105694001C20002289F8182062B6DFED307AAEEEC5
:1056A400279AB5EEC09AF1EE10FA10D4DFED2C7AF9
:1056B400B4EEE79AF1EE10FA02F3CB80DFED2C7A28
:1056C400B4EEE79AF1EE10FA42F31F86224ABA6169
:1056D400069A002A64D0B7EE007ADAED007ADFED9C
:1056E400216A37EE677AE7EE2E7A67EEA67AF5EE50
:1056F400C07AF1EE10FA3DE0000000000000D04155
:105704005C245E0110265E013333333FEC3100200C
:105714000000A04200A00C46000034423333B33EE4
:105724009A99193E6666263F2845002028220020C3
:105734009365153960E5803F2C450020C84500205D
:1057440000FEFFC6804A0020B84A00206C330020C7
:10575400A4330020242200200000FF7F9A99993E60
:105764003333733F9A99193F202200209A99593F65
:1057740000FEFF4601F1D9871FED047AF4EEC77AE3
:10578400F1EE10FA02F360801FED077AF4EEC77AA7
:10579400F1EE10FA42F3AD85AF4A1146DA61F961D0
:1057A400AE4A2B6811685B1A132B40F2A0802B6859
:1057B400136072B6AA4B1A7F02F0FF010AB10022ED
:1057C4001A7762B6002900F0E58172B647F6FF71D8
:1057D4004FF40040B3F91E20D983B3F92010188484
:1057E40062B6002A9FEDB37AB8BF52420029B8BF0F
:1057F400494293B28AB29342B8BF134607EE903A35
:10580400F8EEE77A87EE871A72B6964B1A7F02F0A3
:10581400FF010AB100221A7762B6002900F0B781AD
:1058240072B647F6FF714FF40040B3F91E20D983D6
:10583400B3F92010188462B6002A9FED9E7AB8BF8F
:1058440052420029B8BF494293B28AB29342B8BFC8
:10585400134607EE903AF8EEE77AC7EE871A824BC2
:105864001B78002B00F0DC80804E3378002B00F096
:10587400D780019B012B02F0A4810121022007F0B3
:1058840059F800230193DFF828B20320019907F0A7
:1058940051F8DBF800300420002B0CBFFF2100215D
:1058A40007F070FADBF800300520012B0CBFFF2154
:1058B400002107F067FADBF800300620022B0CBF4A
:1058C400FF21002107F05EFADBF800300920032BEA
:1058D40014BF2146FF2107F055FA65492B6840F6AD
:1058E400AC5209685B1A934201D90023337015B096
:1058F400BDEC108BBDE8F08FF7EE006AB4EEE67AEB
:10590400F1EE10FA40F31387534A8DE4F7EE006A80
:10591400B4EEE67AF1EE10FA40F314874E4A6FE4DF
:10592400B3EE047AB4EEC78AF1EE10FA40F10886B9
:10593400DFED508A9FED507A68EE288A4F4A28EEB0
:10594400078A4F4EF0EE046ADBED00AA9FED4DAAE4
:105954009FED4D7AAAEEA6AA4C48C0E90662B4EEC1
:10596400C7AAF1EE10FA7FF59DAC9FED497A494A3A
:10597400F4EEC78A4262F1EE10FA40F1E98046493A
:1059840046488861A0F5DA70C86126E59FED44EACF
:1059940000297DF486AEDFED42EAFDF7D9BE9FED26
:1059A40040DA002F7EF451ACF0EE4D7ADFED3CDAB4
:1059B400FEF772BC9FED3ACAFEF720BCDFED38CA91
:1059C400FDF748BE374A9FED387AD2ED007A67EE8C
:1059D400877AF5EEC07AF1EE10FA06D4F4EEC77ABF
:1059E400F1EE10FA43F359817F231F46FFF7E9BA1A
:1059F400F7EE007AB4EEE70AF1EE10FA43F37E8193
:105A04004FF48033FFF742BBF7EE007AB4EEE78A37
:105A1400F1EE10FA43F34A814FF48033FFF72ABBC7
:105A2400224A234B1F4992ED000AD1ED000A0021BE
:105A34001A68039815B0BDEC108BBDE8F04FFCF765
:105A4400ABBEF0EE478AF7E4B0EE478AD6E4DFED6A
:105A5400149AFFF7C2BB00BF0000FF7F302B002069
:105A6400E044002004450020344B00203A4B002041
:105A7400F84700203789813F1F856B3FDE571700A9
:105A8400DF571700CDCC4C3F3333333FB0310020C8
:105A94000000964300B76D5BEC31002010265E01D8
:105AA40000000000283000200000FE421C300020CE
:105AB400DC47002000FEFF4600FEFFC61FED027A11
:105AC400F4EEC77AF1EE10FA00F13785B0EE677A9A
:105AD400BEEEC87A17EE102A1FED0A7ADA61B4EE28
:105AE400C79AF1EE10FA00F325851FED0D7AB4EE96
:105AF400C79AF1EE10FA40F10F859F499FED9F7A06
:105B0400F4EEC77AF1EE10FA01F37B839FED9C7AF1
:105B1400F4EEC77AF1EE10FA00F10985B0EE677A77
:105B2400BEEEC87A17EE102AFFF748BBF4EEC77A28
:105B3400944B9549F1EE10FA9961BFDD0A46D9619B
:105B4400FFF73CBB4FF44813FFF7F1BA8F4A4262A8
:105B54009FED8F7AF4EEC78AF1EE10FA02DD8D4ADA
:105B64008D4E1DE4B3EE047AF4EEC78AF1EE10FA1A
:105B740040F1C384894A8A4E12E49FED8A8ADFED9C
:105B84008A8A8A4A8A49FFF77ABB7F481DE5DFED96
:105B9400891A64E69FED871A36E69FED86CA5FE4AC
:105BA4008549B1F90020002A3EF4B9AA834802933A
:105BB40008F062F900228049029B0A80FEF7AFBA1E
:105BC4008CF001070F4087F00107174317F0FF031C
:105BD400079300F0C984069B83F001030B4313F081
:105BE400FF03089301F014830023079206930CEA41
:105BF4000102079B82F001021A4312F0FF0241F0F6
:105C04000383012107928846CDE908226C48037A70
:105C1400002B7FF4DFA82B6803600023436001237B
:105C2400FFF7D8B80023674A0021674C9362674A9C
:105C3400017082F8211082F8451082F8691082F808
:105C440020A082F844B082F86870D360136353656F
:105C540021845F4AA4F84410A4F868105D49E36005
:105C6400236363658B62936215B0BDEC108BBDE852
:105C7400F08F4FB1012F02F04E80022F07D1564A08
:105C8400C2ED007AFEF7CBBB544AC2ED007A544A07
:105C94001268022A02F01D83032F02F02D84042FC0
:105CA40001F08D86052F7EF4BAAB4E4BC3ED007A1E
:105CB4004D4B0293FDF775BA4C4AF7EE086A92ED24
:105CC400007A029238EEC77AB0EEC77AB4EEE67A7A
:105CD400F1EE10FA7FF790ACFFF7DBBB4FF0000C4E
:105CE4006146FEF776B9B3F5E16FBEF69CAC404A67
:105CF40000211170FEF797BC3C4ADFF804B1029210
:105D0400FFF7C7BBF3EE047AB4EEE78AF1EE10FABC
:105D140000F172859FED379AB4EEC98AF1EE10FA5C
:105D240001F38B85DFED348ADFED349A68EE288A3F
:105D3400B0EE680A09F050FAF0EE407AB4EEC98A7F
:105D4400FEEEE07AF1EE10FA17EE907AF0EE687A51
:105D5400FEEEE07A17EE908A02F3EC87B0EE680A62
:105D640009F03AFA20EE290A4146FDEEC07A17EE10
:105D7400902A00F046BD00BF0000018000FEFF46EF
:105D840000FEFFC6644600200000FF7F00B76D5B85
:105D940000401C46C062A22C809F972DDE5717003E
:105DA400DF57170000008A43CCCC97435C245E0184
:105DB40010265E0100000000FE4A00200EE00040B4
:105DC4003C470020E02E002068480020FC470020CB
:105DD400582F00201C2F0020982200209022002001
:105DE400DC470020744A00201C4B0020282200209D
:105DF400394B002000D08946936515380000004FC8
:105E04002022002000442C47CDCC4C3D012A01F037
:105E14002D82022A01F0B687032A7FF4C1AC5FED1C
:105E2400077AB2EE04FA5FED08EA89EEA74AD44B8A
:105E3400D44ED3ED005ADFF8B893D34B89EE275AEA
:105E4400D2481A76327689F81820029388EEA77A17
:105E540004910596B0EE6E0AB7EEC44A9FEDC66B88
:105E6400A5EE8F0AB7EEC55A24EE064B25EE065B67
:105E7400B7EEC77AB7EEC44B27EE067B83ED084A2C
:105E8400B7EEC55BB7EEC77B86ED085A89ED087A95
:105E9400FCF7DCFBB0EE40EAD8ED007AB0EE6E0A17
:105EA4000499BB48A7EE8F0AFCF7D0FBB94BF0EE80
:105EB40040AAB948B0EE6E0AD3ED007A0499A7EE71
:105EC4008F0AFCF7C3FBB4EE4EBAB44BF1EE10FAF2
:105ED4001A68F4EE6ABA2BFE0EEAF1EE10FAF4EE4A
:105EE40040CA6BFEAAAAF1EE10FA6CFE80EAD00753
:105EF40004D4AB4A2968116001221A60A94B1A68BC
:105F0400D10704D4A84A2968116001221A60A74B5A
:105F14001A68D20704D4A64A2968116001221A60BB
:105F2400BAF1000F02D12A689D4B1A60BBF1000F31
:105F340002D12A689C4B1A6017B92A689C4B1A60D4
:105F4400BAF1000F42F07D859A4BF6EE005AF0EE5E
:105F54000C6AD3ED00CA6CEEA55A6CEEA66ABBF1CE
:105F6400000F42F04885944BB6EE006AB0EE0C7A0E
:105F7400D3ED00BA2BEE866A2BEE875A002F42F03F
:105F840014858E4BB6EE007AF0EE0C7A93ED00BADF
:105F94002BEE077A6BEE277ABAF1000F01D16CEE83
:105FA4008ECABBF1000F01D16BEEAABA0FB92BEE6A
:105FB4002EBA834BD3ED004A75EEA45AF5EEC05ABF
:105FC400F1EE10FA02F17885F7EE004AF4EE645A25
:105FD400F1EE10FA74FEA55A029BC3ED0B5A794BED
:105FE400D3ED005A36EE256AB5EEC06AF1EE10FA2A
:105FF40002F15E85F7EE005AB4EE656AF1EE10FA2E
:1060040035FE866A059B83ED0B6A6F4B93ED006A40
:1060140037EE067AB5EEC07AF1EE10FA02F1448555
:10602400B7EE006AB4EE467AF1EE10FA36FE077A5D
:106034007AEE266A89ED0B7AF5EEC06AF1EE10FA73
:1060440002F12E85B7EE007AF4EE476AF1EE10FA0B
:1060540077FE266A3AEE057A029BC3ED0C6AB5EE2A
:10606400C07AF1EE10FA02F12B85F7EE006AB4EE75
:10607400667AF1EE10FA36FE877A7AEE277A059B75
:1060840083ED0C7AF5EEC07AF1EE10FA02F1FC849D
:10609400B7EE007AF4EE477AF1EE10FA77FE277A3B
:1060A4004A4BB6EE005ADFED4A4ADFED4A6AC9EDC3
:1060B4000C7AD3ED007A484BE7EEA46A9FED477A59
:1060C400D3ED007ADFED465A77EEC57A9FED456A47
:1060D40067EE877AE9EEA67AECEEA57AF4EEC67A54
:1060E400B0EE677AF1EE10FA02F11C84DFED417A2A
:1060F400B4EE677AF1EE10FA37FE877A3A4BF6EE91
:10610400004A9FED365AD3ED007ADFED355A77EE2B
:10611400E47A9FED346A67EE857AE9EE267AEBEE4F
:10612400A57AF4EEC67AB0EE679AF1EE10FA02F1AF
:10613400F583DFED307AB4EE679AF1EE10FA37FEAC
:10614400899A2A4BB6EE005ADFED245A93ED008A61
:106154009FED236A38EE458ADFED227A28EE258A00
:10616400A8EEA68AABEE068AB4EEE78AF1EE10FA40
:1061740002F1D08344E000BF182D4454FB211940A0
:10618400B02200201C2F0020E02E002068480020B0
:106194008C480020B8220020B0480020402A00206B
:1061A400342B0020442A0020382B0020482A0020C9
:1061B4003C2B00204C2B00205C2B00206C2B00205F
:1061C4006C4A0020704A0020744A0020AC2200204F
:1061D4003333B33FCDCC4C3F902200200080BB45ED
:1061E40000A00C46000016439422002098220020B0
:1061F400582F002000606A4600D089469365153800
:106204005FED047AB4EE678AF1EE10FA37FE888AFD
:10621400F3EE047AB4EEE77AF1EE10FA02F1768343
:106224005FED0B7AB4EEE77AF1EE10FA02F38184B3
:106234005FED0E7A67EE277AB0EE677AB0EE670A02
:10624400BEEEE07A17EE107A08F0C6FFF0EE407A60
:10625400FEEEE07A17EE903AF3EE047AD94EC6E9F0
:106264000673B4EEE79AF1EE10FA02F14B83DFED18
:10627400D67AB4EEE79AF1EE10FA02F37884DFED01
:10628400D37A29EE279AF0EE497AB0EE490AFEEE67
:10629400E07A17EE907A08F09FFFF0EE407AFEEE77
:1062A400E07A17EE903AF3EE047AC94AC2E906732B
:1062B400B4EEE78AF1EE10FA02F12083DFEDC27A40
:1062C400B4EEE78AF1EE10FA02F34D84DFEDBF7A03
:1062D400049228EE278AF0EE487AB0EE480AFEEEE1
:1062E400E07A17EE907A08F077FFF0EE407AB84A39
:1062F400FEEEE07A17EE903ADFEDB67AF0EE086A39
:10630400B548B0EE677AC0E90673ACEEA67AB4EE8F
:10631400E77AF1EE10FA02F1EE82F1EE047AB4EECD
:10632400E77AF1EE10FA02F30B84F7EE006AC6EE98
:10633400877AB0EE677ABEEEC17A17EE103ADFEDD7
:10634400A57AF0EE086A7362B0EE677AABEEA67ACD
:10635400B4EEE77AF1EE10FA02F1CA82F1EE047AB1
:10636400B4EEE77AF1EE10FA02F3E783F7EE006A8F
:10637400C6EE877AB0EE677ABEEEC17A17EE103AAF
:10638400DFED947AF0EE086A5362B0EE677AABEE12
:10639400267AB4EEE77AF1EE10FA02F1A682F1EE73
:1063A400047AB4EEE77AF1EE10FA02F3CC83F7EE56
:1063B400006AC6EE877AB0EE677ABEEEC17A17EE4F
:1063C400103ADFED867A43622EEE27EAB5EEC0EA94
:1063D400F1EE10FA02F16083B4EEE7EAF1EE10FA9E
:1063E40042F39083B0EE67EADFED7C7A029B6AEEBB
:1063F400A7AA83ED0AEAF5EEC0AAF1EE10FA02F1BB
:106404004783F4EEE7AAF1EE10FA42F38583F0EE47
:1064140067AADFED727A059B6EEEA7EAC3ED0AAABE
:10642400F5EEC0EAF1EE10FA02F14E83F4EEE7EA7B
:10643400F1EE10FA42F35C83F0EE67EAC9ED0AEA82
:10644400FFF7AEB9664AC2ED007AFDF7E8BF654BC7
:10645400C3ED007AFCF79DBE634AC2ED007AFDF7F6
:10646400DEBF624AC2ED007AFDF7D9BF9FED607AC4
:10647400F4EEC77AF1EE10FA40F335815D4B0593E3
:106484005D4B059A5362FDF765B8DFED596AB4EECA
:10649400E67AF1EE10FA40F33881DFF89091564B2A
:1064A400C9F82430FDF739B89FED547AFEF7EFB8F8
:1064B4009FED528AFEF7D1B89FED507AFEF703B9EB
:1064C400002F7DF4C3AEDFED4DDAFDF7DCBE4C4AA0
:1064D400FEF783BF42F6AA231A46FEF729BE9FEDB4
:1064E400497AF4EEC77AF1EE10FA42F3BA837323D1
:1064F400FDF726BD444AFEF7E7BE9FED337AF4EE7E
:10650400C78AF1EE10FA42F39283404A404EFEF7F6
:1065140047BF3D4AFEF761BFB0EE497ABEEEC87A86
:1065240017EE101AFFF7EABA3A4AFEF72CBE394AB8
:10653400FEF744BE3849FFF7E1BA364AFFF7CCBA52
:106544009FED217AB4EEC78AF1EE10FA42F34D833F
:10655400DFED328A9FED327A68EE288A2B4A28EEE4
:10656400078A2B4EFFF7EEB901210691FFF73FBBD7
:106574009FED247AF4EEC77AF1EE10FA42F32D83FC
:106584004FF07308FDF7BDBC9FED1E7AF4EEC77A99
:10659400F1EE10FA42F3AA837323FDF7C2BCDFEDD8
:1065A400177AFEF70CB99FED157AFEF7DEB81D4A8F
:1065B400C2ED007AFDF733BF1B4AC2ED007AFDF746
:1065C4002EBF00BF2832002000D0894693651538BD
:1065D400643200203333333FA03200209A99593F6C
:1065E400682200207C2200207022002084220020C7
:1065F4000044AC46E03C00200000FE7F00000000A8
:1066040000B76D5B0000E642D0CCCC0C008C3C4B58
:1066140000BE6C50000001800000FF7F3789813F7D
:106624001F856B3F8C2200209C2200204C390020C7
:10663400A74BD3ED000AF5EEC00AF1EE10FA01F112
:10664400C682F7EE007AF4EE670AF1EE10FA77FEEE
:10665400A00A9FEDA00AF6EE009A08F02DFCB0EE19
:10666400409A06F03DF9DFED9C7ADFED9C6A29EE55
:10667400277A9B4A9B4BC6EE877A92ED007A19687B
:10668400401A77EEA97AFCEEE77AF8EE677A67EEBD
:10669400877AFCEEE77A17EE901A81423EF674ACE4
:1066A40006F01EF98F4B18604FF47A7005F0BEFEA9
:1066B40007EE900ADFED8C5AB0EE046AF8EE677AC2
:1066C400DBED006A864A87EEA57AF0EE697A27EE5A
:1066D400067AE7EE267AC2ED007AFDF759B88348C8
:1066E4008446FEF773BF9FED827A824A67EE877A0B
:1066F40081490591FCEEE77A17EE903AC1ED097AEB
:1067040093423FF6BDAEFCF725BFDFED796A794AC7
:1067140027EE267ADFF83C92BCEEC77A17EE103AE1
:1067240089ED097A93423FF6BAAEFCF7F6BEFFEE66
:10673400006AB4EEE67AF1EE10FA42F1E7826B4AAF
:10674400FEF772BDFFEE006AB4EEE67AF1EE10FADF
:1067540042F18F82654AFEF753BD684840F6843C97
:106764000299A0FB0820012280090A706449A0F163
:10677400330E0A70E645634A2968116012D807EEA1
:10678400900A9FED616AF7EE006A6048F8EEE77AD6
:1067940086EE277AB4EE667AF1EE10FA36FE877A40
:1067A40080ED007A5A48DFF8B0C1404460453DF6B8
:1067B400CCADDFF8A8A19AF8000030B1554890F8A4
:1067C40000C0BCF1000F42F0838153480022C0F89E
:1067D4000080524802708AF80020514A1278002A38
:1067E4007DF4B3AD4F4A012010704F4AC2F80080C7
:1067F4004E4A1360FDF7A9BDDFF864814C4F414652
:106804003A464C4B4C4886ED008AC3E906124FF0D9
:106814008042C0E9068742625A62FEF764BC9FED7B
:10682400516AF0EE497ADFED455AF3EE086A029BAD
:10683400E7EE257A83ED086AEDEE667AF3EE046AF4
:10684400F4EEE67AF1EE10FA20D4DFED3D6AF4EED0
:10685400E67AF1EE10FA40F3E2879FED3A6A17E028
:10686400B7F5E16F80F2AA870023374A06931370C5
:106874001A46FEF755B8B8F5E16F80F29A874FF0E3
:10688400000C324B83F800C0FEF741B89FED356A27
:10689400F6EE005ADFED2E6AF0EE687A059B83ED82
:1068A400086AE7EE257AB3EE047AEDEEA67AF4EE02
:1068B400C77AF1EE10FA59D49FED217AF4EEC77A33
:1068C400F1EE10FA40F367879FED1E7A50E000BFA7
:1068D400A822002056555542CDCCCC3D0024744905
:1068E400E41B00206047002000007A44000001807F
:1068F400C637BE470000FE7FE03C0020D34D621047
:106904001B4B002018300020000048431C3000209E
:10691400BFF2FCFF254B002038220020244B00202E
:10692400344B0020204B002024330020203300204F
:10693400DE57170074310020383100201F852B3FAB
:106944000000FA4531E5913F164B0020154B00201D
:10695400000028424C3900207EB92A00264B002032
:10696400DF571700F7BE3A3BCDCC4C3D1FED037A01
:1069740089ED087ABAF1000F00F069815FED067ABB
:10698400B7EE087AB4EEE78AF1EE10FA40F3FC862B
:1069940028EE077ABD4A82ED008ABBF1000F00F0B1
:1069A4006081DFEDBB7A9DED0C6AB4EEE76AF7EE29
:1069B400087AF1EE10FA40F3E08666EE277AB54ADB
:1069C40082ED006A002F00F05681DDED0D6ADFEDE7
:1069D400B05AF4EEE56AF1EE10FA40F3C586F7EE2C
:1069E400085AAD4AC2ED006A66EEA55ABAF1000F24
:1069F40001D128EE0B8ABBF1000F01D126EE2B6AE0
:106A04000FB966EEAC6AA54A2AEE0AAA9FEDA45A0B
:106A140092ED00EA3EEE077AACEE057AB5EEC07A66
:106A2400F1EE10FA00F1EA83B7EE005AB4EE457ABB
:106A3400F1EE10FA35FE077A029B9FED9A5A83ED28
:106A44000B7AB0EE4A7AACEE057AB5EEC07AF1EE86
:106A540010FA00F1D083B7EE005AB4EE457AF1EEA5
:106A640010FA35FE077A904A029B92ED00CA83ED34
:106A74000C7A7CEE277A9FED8A7AEDEE077AF5EEB2
:106A8400C07AF1EE10FA00F1B383B7EE007AF4EEB7
:106A9400477AF1EE10FA77FE277A059B9FED817A0B
:106AA400C3ED0B7AF0EE4A7AEDEE077AF5EEC07A92
:106AB400F1EE10FA00F19983B7EE007AF4EE477A1A
:106AC400F1EE10FA77FE277A784A059B92ED00DA08
:106AD400C3ED0C7A7DEE257A9FED717AEDEE877A1F
:106AE400F5EEC07AF1EE10FA00F17C83B7EE007A8D
:106AF400F4EE477AF1EE10FA77FE277AC9ED0B7AB5
:106B0400DFED687AADEEA7AAB5EEC0AAF1EE10FAF1
:106B140000F16583F7EE007AB4EE67AAF1EE10FA9D
:106B240037FE8AAA624ADFED637A92ED007ADFEDDE
:106B3400625A89ED0CAAE7EE275ADFED607A9FEDE1
:106B4400607A68EE277AE9EEA57AF4EEC77AF1EE78
:106B540010FA00F1D5829FED5B7AF4EE477AF1EEFC
:106B640010FA77FE277A9FED557A9FED555A26EE57
:106B7400077AA9EE257AB4EEC57AF1EE10FA00F19F
:106B8400BC829FED506AB4EE467AF1EE10FA36FEFE
:106B9400077A9FED4A5A9FED4A6A66EE856AE8EEE7
:106BA400A56AF4EEC66AF0EE66DAF1EE10FA00F1C8
:106BB400A182DFED446AF4EE66DAF1EE10FA76FEB5
:106BC400ADDA414AF6EE005A9FED406A92ED005A62
:106BD4003F4A35EE655ADFED3A6A92ED00AA3D4A26
:106BE400E5EE067A92ED008A3AEE65AA38EE658AF9
:106BF4002AEE06AAF4EEE67A28EE068AF1EE10FAF8
:106C040041D4DFED306AF4EEE67AF1EE10FA00F3E7
:106C1400A785F3EE046AF4EEE67AF1EE10FA41F198
:106C240013802D482D4FDFED2E7A2E4EF4EEE7AA79
:106C3400C6E90670F1EE10FA5ED4F1EE047AF4EED1
:106C4400E7AAF1EE10FA40F37F85274A55E0DFED1D
:106C5400277A0E4AB0EE678AB0EE677AC2ED007A00
:106C64009BE6DFED226A0B4AF0EE667AB0EE666AC6
:106C7400C2ED006AA6E6DFED1D5A074AF0EE656A2A
:106C8400C2ED005AB2E61A481A4FCCE7402B002056
:106C9400CDCC4C3D502B0020602B00206C4A0020B2
:106CA4003333B33E6666E63E704A0020744A0020E1
:106CB400AC2200203333B33FCDCC4C3F00A08C45F5
:106CC4000000164300E02B46902200200080BB45C4
:106CD4009422002098220020DE571700DF57170067
:106CE4003333333F28320020D0CCCC0C00000000DA
:106CF400D112AF000813AF002D4A37EE0A7ADFED48
:106D04002D7A7262B4EEE77AF1EE10FA3AD4DFED3E
:106D1400317AB4EEE77AF1EE10FA00F31185F3EE6E
:106D2400047AB4EEE77AF1EE10FA40F18187224852
:106D3400224EDFED237A234AF4EEE7AAC2E9066085
:106D4400F1EE10FA21D4F1EE047AF4EEE7AAF1EEB2
:106D540010FA00F3F284B7EE007AC7EE2A7AB0EEA6
:106D6400677ABEEEC17A17EE100A7DEE887A9FED3F
:106D7400117A5062F4EEC77AF1EE10FA2CD5124A69
:106D8400124E3BE01048114ED3E77DEE887A9FED1A
:106D9400097A0748F4EEC77A5062F1EE10FA1BD56F
:106DA4000A4E02460A488661373EC6613AE000BF91
:106DB40000B76D5B00001643DE571700DF5717005E
:106DC4003333333F64320020D112AF000813AF00D5
:106DD400A032002000E02B461FED027AF4EEC77AC1
:106DE400F1EE10FA00F3A584B3EE047AF4EEC77A58
:106DF400F1EE10FA40F16A87D54AD64EDFEDD67A25
:106E0400D648F4EEE7AAC0E90662F1EE10FA00F102
:106E14005A87F1EE047AF4EEE7AAF1EE10FA40F3A1
:106E2400E284CF4AF7EE007ADFEDCE5AB1EE006A83
:106E34004262F0EE676AB0EE677AEDEE067AEEEE45
:106E4400066AACEE067A68EEA77A69EEA66A29EEBF
:106E5400077AF4EEE56AF1EE10FA00F162869FED2E
:106E6400C26AF4EEC66AF1EE10FA40F32D86BF480A
:106E7400BF4AD061DFEDBB6AB4EEE67AF1EE10FAF8
:106E840000F14C86DFEDB86AB4EEE67AF1EE10FA62
:106E940040F31086B54EB748C6619FEDB27AF4EE62
:106EA400C77AF1EE10FA00F136869FEDAF7AF4EE70
:106EB400C77AF1EE10FA40F3F385AC4EAE4BDE61C7
:106EC400F7EE007A9FEDAD7A4FF4803677EECE7A06
:106ED400566246625E62F4EEC77AF1EE10FA00F38F
:106EE4000B869FEDA77AF4EEC77AF1EE10FA00F163
:106EF400F986B0EE677ABEEEC87A17EE102ADFED97
:106F04009F7AA048B4EEE7EA8261F1EE10FA00F34A
:106F1400FF85DFED9B7AB4EEE7EAF1EE10FA00F1BB
:106F24007B86F0EE4E7AFEEEC87A17EE902AF7EEE4
:106F3400007A9FED927AC26177EECC7AF4EEC77A4A
:106F4400F1EE10FA00F3E1859FED8D7AF4EEC77A45
:106F5400F1EE10FA00F16686B0EE677ABEEEC87AFA
:106F640017EE102ADFED857A8748B4EEE7CA82610E
:106F7400F1EE10FA00F3C685DFED817AB4EEE7CACC
:106F8400F1EE10FA00F14B86F0EE4C7AFEEEC87A80
:106F940017EE902AF7EE007A9FED787AC26177EEC9
:106FA400CD7AF4EEC77AF1EE10FA00F3A8859FEDDE
:106FB400747AF4EEC77AF1EE10FA00F19686B0EE28
:106FC400677ABEEEC87A17EE102ADFED6C7A6F4846
:106FD400B4EEE7DA8261F1EE10FA00F3A585DFED95
:106FE400687AB4EEE7DAF1EE10FA00F11E86F0EEFC
:106FF4004D7AFEEEC87A17EE902A9FED659AF0EE70
:10700400089A644BB0EE490AC261D3ED007A624833
:10701400A7EEA90A0491FBF719FBF0EE408AB0EE43
:10702400490AD8ED007A04995C48A7EEA90AFBF74F
:107034000DFB5B4BB0EE408A0499B0EE490AD3EDE8
:10704400007A5848A7EEA90AFBF700FBB4EE68BA29
:10705400DFED556AF0EE407AF1EE10FA6BFE288A05
:1070640028EEA67AB5EEC07AF1EE10FA00F15F854B
:10707400B4EEE67AF1EE10FA40F36B85B0EE667A80
:10708400F4EE48BA029BDFED486A83ED0A7AF1EE2A
:1070940010FA2BFE888A28EE267AB5EEC07AF1EE35
:1070A40010FA00F14885B4EEE67AF1EE10FA40F3F6
:1070B4004685B0EE667A059BF4EE67CA83ED0A7ADC
:1070C4009FED397AF1EE10FA6CFEA77A67EE877AB3
:1070D400F5EEC07AF1EE10FA00F10085F4EEC77A0D
:1070E400F1EE10FA40F3FE84F0EE477AC9ED0A7A25
:1070F400FEF756BBF0EE46DA63E5B0EE457A48E5B6
:10710400F0EE477A2FE5032F0AD1F1EE0E6A274AF3
:10711400B6EE007AA7EEA67A82ED007AFDF77FB983
:10712400042F09D0052F7DF47AA9214BC3ED007AF1
:10713400204B0293FCF735B81F4AC2ED007AFDF7E5
:1071440065B9032F3AD1134AC2ED007AFDF767B946
:10715400DE571700DF5717003333333FA0320020C8
:10716400D0CCCC0C0000484200803B4600EDA84542
:107174008434002014360020A437002000FEFF468B
:1071840000FEFFC6DC330020143400204C34002001
:10719400CDCC4C3DB0220020684800208C48002013
:1071A400B8220020B04800206666663F6C220020AA
:1071B400802200201C4B002078220020042F09D0BC
:1071C400052F7DF42CA9234BC3ED007A224B0293A7
:1071D400FBF7E7BF214AC2ED007AFDF717B99FED2F
:1071E40020AA9FE4DFED1E7A88E4DFED1D7A6BE4CC
:1071F400DFED1B7A51E49FED1A7A34E49FED187A9F
:107204001AE4184AFDF7DABF00230893FCF7D5B94E
:107214000899E04606910991BCF1000F3DF4D8AD00
:107224004FF00008FEF7F2BC00238CF00107049332
:10723400FEF7C8BC4FF00008069B42464146CDF815
:107244001880CDF82480CDF81080CDE90733FEF7FF
:10725400DDBC00BFB82200201C4B0020B42200205B
:10726400000000000000FF7F00442C471FED027A5D
:10727400E14B89EE873AE148DFF8F093DFEDE07AFD
:1072840002931A7689EE074A0590027689F8182047
:1072940088EE876A6AEE277AB7EEC33A9FEDD45B2D
:1072A400B7EEC44A23EE053B24EE054BB7EEC66A9F
:1072B400B7EEC33B26EE056B83ED083AB7EEC44B3D
:1072C400B7EEC66B80ED084A89ED086ABAF1000F83
:1072D40000F054839FEDCB7ACB4AB4EEC78AF1EE2B
:1072E40010FAD4BF92ED008A82ED008ABBF1000F40
:1072F40001F04280DDED0C4A9FEDC27AC34AF4EE00
:10730400C74AF1EE10FAD4BFD2ED004AC2ED004AEA
:10731400002F01F028809DED0D5A9FEDBA7ABC4AEA
:10732400B4EEC75AF1EE10FAD4BF92ED005A82EDD2
:10733400005ABAF1000F01D128EE0B8ABBF1000FFD
:1073440001D164EEAB4A0FB925EE2C5AB14ADFEDF8
:10735400B26A92ED006AB0EE467AACEE267AB5EEE9
:10736400C07AF1EE10FA01F1E080F7EE006AB4EEB3
:10737400667AF1EE10FA36FE877AA84A029BD2EDBD
:10738400006A83ED0B7AB0EE667ADFEDA35AADEEB8
:10739400257AB5EEC07AF1EE10FA01F1C280F7EE6B
:1073A400005AB4EE657AF1EE10FA35FE877A059B41
:1073B4009B4A83ED0B7A92ED007A9FED974AF0EEAB
:1073C400475AEDEE845AF5EEC05AF1EE10FA01F187
:1073D400A480B7EE004AF4EE445AF1EE10FA74FEBB
:1073E400255A36EE0A6AC9ED0B5ADFED8E5AACEE19
:1073F400256AB5EEC06AF1EE10FA01F18A80F7EE63
:10740400005AB4EE656AF1EE10FA35FE866A029B04
:1074140076EE8A6A83ED0C6A9FED826AEDEE066A67
:10742400F5EEC06AF1EE10FA01F16F80B7EE006A72
:10743400F4EE466AF1EE10FA76FE266A37EE0A7A20
:107444009FED786A059BADEE867AC3ED0C6AB5EEC6
:10745400C07AF1EE10FA01F15480F7EE006AB4EE4E
:10746400667AF1EE10FA36FE877A6F4A9FED6F4A1C
:10747400DFED6F6A89ED0C7A92ED007ADFED6D5ADB
:10748400E7EE046A9FED6C6AB0EE677AA9EEA67A1D
:10749400A8EE257AB4EEC67AF1EE10FA00F153871D
:1074A4009FED666AB4EE467AF1EE10FA36FE077A7C
:1074B400F0EE675A9FED5F4A9FED5F6AE9EE265A48
:1074C400E4EE845AF4EEC65AF1EE10FA00F137876E
:1074D4009FED5A6AF4EE465AF1EE10FA36FE259AFA
:1074E400E8EEA67ADFED536AB0EE678ADFED527AF2
:1074F400A5EE268AB4EEE78AF1EE10FA00F12B87A6
:10750400DFED4E7AB4EE678AF1EE10FA37FE888A20
:107514004B4AF6EE005A9FED4B6AD2ED007ADFED4E
:10752400466A77EEE57AA7EE867AB4EEE67AF1EE6D
:1075340010FA00F10087DFED417AB4EEE77AF1EE5C
:1075440010FA40F35E834048404E414AB6EE006A6A
:10755400DFED3C6AD2ED007A9FED377A77EEC67A9A
:107564003C4AC2E90660A7EEA69AB4EEC79AF1EEC9
:1075740010FA00F1EC86DFED317AB4EEE79AF1EE21
:1075840010FA40F333833048304E334AB6EE006A83
:10759400DFED2C6AD2ED007A9FED277A77EEC67A7A
:1075A4002E4AC2E90660A7EEA68AB4EEC78AF1EEB7
:1075B40010FA00F1D486DFED217AB4EEE78AF1EE19
:1075C40010FA40F30883204A204E9FED0E9AF0EE05
:1075D400089A234BB0EE490AD3ED007A214BA7EE6B
:1075E400A90AC3E9066220480491FBF72FF83FE09B
:1075F400182D4454FB211940E02E00201C2F00209C
:1076040000803B45CDCC4C3D442B0020542B002026
:10761400642B00206C4A00206666E63E704A002017
:10762400744A00203333B33EAC2200203333B33FDB
:10763400CDCC4C3F0000FA440000164300E02B463A
:10764400902200200080BB4500CFE03000C92632E4
:107654009422002028320020982200206432002046
:10766400B0220020A032002068480020582F0020BB
:10767400F0EE408AD8ED007AB0EE490A0499D44875
:10768400A7EEA90AFAF7E2FFD24BB0EE408A0499BA
:10769400B0EE490AD3ED007ACF48A7EEA90AFAF76B
:1076A400D5FFB4EE68BA9FEDCD7AF0EE407AF1EEF4
:1076B40010FA6BFE288A68EE878AF5EEC08AF1EE2E
:1076C40010FA00F12583F4EEC78AF1EE10FA40F3C4
:1076D400EC85F0EE478AF4EE48BA9FEDC07A029B3F
:1076E400F1EE10FAC3ED0A8A2BFE888A28EE078A87
:1076F400B5EEC08AF1EE10FA00F10783B4EEC78A42
:10770400F1EE10FA40F3DB85B0EE478A059BF4EE08
:1077140067CA9FEDB27A83ED0A8AD3E43378002BEB
:1077240040F03A81AE49FCF713B900210A46FEF74E
:1077340035B8AC4AAC4EFFF761BBAC48FFF715BB9C
:10774400A848A94EFFF7F5BAF7EE006AC6EEAA7A82
:10775400F0EE676AFEEEC16A16EE902AFFF7CDBA24
:10776400A048A14FFFF75FBAA14AF7EE085AD2ED3D
:10777400006A66EEA55AFFF739B99E4A92ED006A8F
:1077840066EE277AFFF71EB99B4A92ED008A28EE2F
:10779400077AFFF702B9DFED995A87EEA57A9FEDD4
:1077A4008A6BB7EEC77A27EE067BB7EEC77BFFF787
:1077B400DFB8934B93F800C0FDF7A9B8914B1A7842
:1077C4000CEA02030693FDF7ABB8DFED8C6A87EE93
:1077D400A66A9FED7D5BB7EEC66A26EE056BB7EE33
:1077E400C66BFFF71EB8B7EE007AC7EE2A7AB0EE82
:1077F400677ABEEEC17A17EE102AFFF713BBDFEDEE
:10780400827AB4EE678AF1EE10FA37FE888AFDF7C1
:1078140004BB1978069B0B400493FBF7B3BEDFED62
:10782400776A87EEA66A9FED685BB7EEC66A26EEB6
:10783400056BB7EEC66BFFF72BB8DFF82082734FEA
:1078440041463A46FEF7DDBF4DF699110A46FDF76B
:10785400A5BF4FF23332FDF73ABF4FF23332FDF793
:1078640003BF019BDFED6A8A012B9FED6A9A00F04A
:107874007B874FF47A70DFED689A04F0D7FD07EE4A
:10788400900A9FED667A4FF47A70F8EE677A644A4C
:10789400C7EEA86AF0EE497AE6EE877AC2ED007A7E
:1078A40004F0C4FD07EE900AB6EE087A5D4A4FF480
:1078B4007A70F8EE677AC7EEA86AF0EE497AE6EED7
:1078C400877AC2ED007A04F0B1FD07EE900A9FEDCD
:1078D400567A564A4FF47A70F8EE677AC7EEA86A79
:1078E400F0EE497AE6EE877AC2ED007A04F09EFD66
:1078F40007EE900A9FED4E7A4E4A4FF47A70F8EEF6
:10790400677AC7EEA86AF0EE697AE6EE877AC2ED86
:10791400007A04F08BFD07EE900A9FED477A474A00
:10792400F8EE677AC7EEA86AF0EE697AE6EE877A2F
:10793400C2ED007AB7EE009ADFED418ADFF82081CC
:107944000E20DFF820B1DFF8209101E059F8040F90
:10795400C0B204F0A1FD07EE900A4FF00103B8EEA7
:10796400E77A0BF8013B374BC7EE287A79EE677A52
:10797400E8EC017A9845E9D1FDF7A0B99FED267AA4
:10798400314AB0EE478A82ED007AAFE42A682F4B81
:107994000F601A60FBF7F6BF2C4B2A681A60104B75
:1079A4001F60FBF7F4BF04F09BFF294B1B68C01A50
:1079B400284B98423DF6C9A91723FDF7CBB9264AAF
:1079C400C2ED007AFCF722BD182D4454FB21194066
:1079D4008C480020B8220020B04800209A99593FD2
:1079E4005833002000CFE03000C92632D0CCCC0C74
:1079F400602B0020502B0020402B002000442C47FB
:107A0400154B0020164B002000409C45008C3C4B3D
:107A140000007A44CDCCCC3D000000006766E63E11
:107A240084220020702200206666263F68220020FF
:107A34009A99193F5C4A0020CDCC4C3F7C2200200F
:107A440000C07F4440330020442B00201C3300201E
:107A5400203300207FC3C901704A002000BE6C504F
:107A64002833002040330020B409002002F30D0E17
:107A74004EF20E0006930EF5005E02924FEA0E4C93
:107A84004FEAEE1E0CF4FE0C4CEA0E6C4CEA0000BD
:107A940006F0F2F9029AA249069B0A80FCF73FBB62
:107AA400F5EEC07AF1EE10FA71D59E4B0026DE6138
:107AB400FFF706BAB5EEC07AF1EE10FA74D59A481B
:107AC4000026C661FFF7E9B9F5EEC06AF1EE10FAD7
:107AD40050D5964A0020D061FFF7CCB9DFED947AF7
:107AE400FFF704BBB7EE007AF4EE477AF1EE10FA32
:107AF40077FE277AFFF7FABA8E4AFFF700BA8D4A63
:107B0400FFF763BA8B4AFFF745BA8A4AFFF72ABAE6
:107B1400884AFFF70CBA884EFFF7D0B9864EFFF7B4
:107B2400BAB98548FFF7A4B9824AFFF766BA9FED50
:107B3400807AFFF7A5BA9FED7E7AFFF7BCBAF7EE1D
:107B4400006AB4EE667AF1EE10FA36FE877AFFF731
:107B5400B2BAF7EE006AB4EE667AF1EE10FA36FEC7
:107B6400877AFFF78DBA0F27744A754B0A920797E5
:107B7400FBF775BF9FED736AF4EEC66AF1EE10FA77
:107B840040F37183694A7048D061FFF773B99FED80
:107B94006D7AF4EEC77AF1EE10FA40F37583614B17
:107BA400694EDE61FFF78CB9DFED666AB4EEE67A02
:107BB400F1EE10FA40F33C835B48634EC661FFF775
:107BC4006CB90021022004F0B5FEFDF75CBEDFEDC8
:107BD400580AFEF73EBDF3EE047AB4EEE78AF1EEFE
:107BE40010FA40F19385594A594EEEE4F3EE047AC3
:107BF400B4EEE79AF1EE10FA40F194855348544EEE
:107C0400C3E4F3EE047AB4EEE77AF1EE10FA40F14D
:107C140095854E484E4E98E44E4AFFF788B94D4A32
:107C2400FFF7B8B94B4AFFF79DB94A4AFFF7E5B9E0
:107C3400DFED497AB4EEE77AF1EE10FA41F33181DF
:107C44004648474EFFF775B8DFED436AF4EEE67A2F
:107C5400F1EE10FA41F33D814048414FFEF7E3BF96
:107C64000293404B40481A78120402F4FE02104377
:107C740006F002F90122029B1A70FCF763BA029320
:107C84003A4B39481A78120402F4FE02104306F003
:107C9400F3F80122029B88F80020FCF74FBA029304
:107CA400334B31481A78120402F4FE02104306F0F2
:107CB400E3F8059B01221A70029BFCF73ABAF0EE36
:107CC400478AFBF7F1BB2B4AFFF7ACB89FED227A4A
:107CD400F4EEC77AF1EE10FA41F358801F4A204EB1
:107CE400FFF78CB81B4AFFF70AB91A4AFFF76DB9B8
:107CF40004F0F6FD204A214B10601A78002A3DF466
:107D040043A9049A1A70FBF743BD9FED098AFDE469
:107D1400DFED078ADFE41A4AC2ED007AFCF77FBB85
:107D2400FE4A0020A43700201436002084340020AA
:107D3400000000000000FF7FC94D4A000EE0010072
:107D440009900F5A0044AC460000FE7FDE5717002E
:107D5400DF5717000000018000D08946008C3C4B9F
:107D640000BE6C50CB2200200990005ACA22002089
:107D7400C922002000B76D5B60470020204B002023
:107D840094220020E448B3EE096AB7EE007ADFEDEE
:107D9400E36AD0ED005A89EEA65AE14BE148DFF8D8
:107DA400E493DFEDE13A0293A5EE867A1A76B3EE18
:107DB4000C6A05906AEE233A027689F81820A7EE39
:107DC400867A9FEDDA6AF0EE687AB7EEC55AE7EE86
:107DD400467A39EE077A87EE266A87EEA64A9FED41
:107DE400CC7B25EE075BB7EEC66A26EE076BB7EED3
:107DF400C44AB7EEC55B24EE077B83ED085AB7EEA1
:107E0400C66BB7EEC77B80ED086A89ED087ABAF1D4
:107E1400000F00F00684DFEDC67AF6EE005AB4EEE9
:107E2400E78AF1EE10FA00F34685C24A92ED008A21
:107E340068EE255ABBF1000F00F0E9839DED0C6A52
:107E4400B6EE007ADFEDBA7AB4EEE76AF1EE10FA34
:107E540000F31785B84A92ED006A26EE077A002FE0
:107E640000F0EA83DDED0D6ADFEDB17AF4EEE76A46
:107E7400F1EE10FA00F32685B04AF6EE007AD2ED60
:107E8400006A66EEA77ABAF1000F01D128EE0B8AD8
:107E9400BBF1000F01D126EE2B6A0FB966EEAC6A76
:107EA400A74A92ED005A75EE855AF5EEC05AF1EEE6
:107EB40010FA00F11D84B7EE005AF4EE455AF1EEC3
:107EC40010FA75FE255A029B9E4AC3ED0B5AD2ED59
:107ED400005A37EE257AB5EEC07AF1EE10FA00F1C9
:107EE4000484F7EE005AB4EE657AF1EE10FA35FE2A
:107EF400877A059B944A83ED0B7A92ED007A77EEAC
:107F0400877AF5EEC07AF1EE10FA00F1EB83B7EE62
:107F1400007AF4EE477AF1EE10FA77FE277A8B4A6C
:107F2400C9ED0B7AD2ED007A9FED897A7AEE277A41
:107F3400ECEE077AF5EEC07AF1EE10FA00F1CF8399
:107F4400B7EE007AF4EE477AF1EE10FA77FE277A6C
:107F5400029B804AC3ED0C7AD2ED007A9FED7C7AC5
:107F64007AEE277AEDEE077AF5EEC07AF1EE10FAA2
:107F740000F1B283B7EE007AF4EE477AF1EE10FA2C
:107F840077FE277A059B744AC3ED0C7AD2ED007A0A
:107F94009FED6F7A7AEE277AEDEE877AF5EEC07A66
:107FA400F1EE10FA00F19583B7EE007AF4EE477A19
:107FB400F1EE10FA77FE277A684ADFED694A9FED01
:107FC400697AC9ED0C7AD2ED007A9FED575AA7EE83
:107FD400A47ADFED655AF0EE637AE9EE877AE8EE8B
:107FE400057AF4EEE57AF1EE10FA00F16F83DFED35
:107FF4005F5AF4EE657AF1EE10FA75FEA77AB0EEE8
:10800400635ADFED494ADFED585AA9EE075AA6EE46
:10801400245AB4EEE55AF1EE10FA00F14E839FEDC6
:10802400536AB4EE465AF1EE10FA36FE059AE8EEBB
:10803400873A9FED3D6A9FED4C7AB0EE638AA6EED7
:10804400868AB4EEC78AF1EE10FA00F13C839FED04
:10805400477AB4EE478AF1EE10FA37FE088AB3EE97
:10806400047AF4EEC77AF1EE10FA00F129839FED59
:10807400467AF4EEC77AF1EE10FA00F318849FED15
:108084003C7A049167EE877AB0EE677AB0EE670ABD
:10809400BEEEE07A17EE107A07F09EF8F0EE407A22
:1080A4000499FEEEE07A17EE902ADFED207A314E45
:1080B400F4EEE7AAC6E90672F1EE10FA00F1C48202
:1080C400F1EE047AF4EEE7AAF1EE10FA00F3E0839D
:1080D400B7EE007AC7EE2A7AB0EE677ABEEEC17ABE
:1080E40017EE102AF3EE047A7262B4EEE79AF1EE18
:1080F40010FA40F1C5822048204EDFED0C7A204A68
:10810400F4EEE7AAC2E90660F1EE10FA3EE000BF21
:10811400182D4454FB211940BC22002000442C4754
:10812400E02E00201C2F002000803B453333333FDA
:10813400CDCC4C3D482B0020582B0020682B002030
:10814400902200209422002098220020604A0020DF
:108154006666E63E644A0020684A0020AC2200209D
:108164003333B33FCDCC4C3F0000164300E02B46E5
:108174009365153828320020DE571700DF571700A3
:1081840064320020582F002000D0894600F16A8212
:10819400F1EE047AF4EEE7AAF1EE10FA00F3858327
:1081A400B7EE007AC7EE2A7AB0EE677ABEEEC17AED
:1081B40017EE100AF3EE047A5062B4EEE78AF1EE99
:1081C40010FA00F15B835FED107AB4EEE78AF1EE0A
:1081D40010FA40F33E83DC48DC4EDFEDDD7AF4EE4A
:1081E400E7AAF1EE10FA00F1A184F1EE047AF4EEBC
:1081F400E7AAF1EE10FA00F32A83B7EE007AC7EE8D
:108204002A7AB0EE677ABEEEC17A17EE102A9FED95
:10821400D19AF0EE089AD04BB0EE490AD3ED007A29
:10822400CE4BA7EEA90A5A62C3E90660FFF7DBB991
:10823400DFEDCB6ACB4E27EE267ACB48BCEEC77A6D
:1082440017EE103A80ED077AB3423FF6B6ACFEF76C
:1082540024BEF1B2C5480B9140EA064005F00CFE7D
:108264000B99FBF78ABC9FEDBE6ABE4E66EE866A2A
:10827400BF4AFCEEE66A16EE900AC2ED076AB04207
:108284003FF681ACFEF7F6BD9FEDB57AB54E67EECD
:10829400877AB84BFCEEE77A17EE907AC3ED077A4B
:1082A400B7423FF67DACFEF70BBEB7EE007AF4EEB4
:1082B400478AF1EE10FA77FE288AFFF70CBAB7EE78
:1082C400007AB4EE478AF1EE10FA37FE088AFFF717
:1082D4001DBA032F00F04382042F00F03B82052FC8
:1082E4007CF49DA8A44BC3ED007AA44B0293FAF747
:1082F40058BF9FEDA37AF4EEC77AF1EE10FA40F17D
:108304005D85A04A1146FDF749BADFED9D7AB4EECA
:10831400E79AF1EE10FA40F190859A4AFDF7D7B941
:10832400DFED976AB4EEE67AF1EE10FA40F15A8581
:10833400944AFDF799B99448944EFFF706B9B0EE04
:10834400469AFFF7CDB8B0EE467AFFF7B1B88E483B
:108354008E4EFFF71AB9B0EE678AFFF7D9B88A4A8A
:108364008A4EFFF732B99FED8A7A8A4AB0EE475AAD
:1083740082ED007AFEF7DDBF9FED857A864AF0EE46
:10838400474A82ED007AFEF7C3BF7327DFED837A95
:10839400834B0797FDEEE77A4EF20E0017EE902A14
:1083A40012B202F30D0202F500521104D21101F4CB
:1083B400FE0141EA026202430A92FBF750BB794A8A
:1083C4000A92FBF74CBB4FF47A70DFED779A04F016
:1083D4002DF807EE900A9FED75AA4FF47A70F8EE27
:1083E400677A9FED737A734BF6EE08AADFF8F08193
:1083F400B7EE009AC7EEA96ADFED6F8ADFF8E4A151
:1084040008F1180BDFF8E091F0EE4A7AE6EE877A8D
:10841400C3ED007A04F00AF807EE900A9FED677A3C
:10842400674B4FF47A70F8EE677AC7EEA96AF0EEFC
:108434004A7AE6EE877AC3ED007A03F0F7FF07EE97
:10844400900A604B4FF47A70F8EE677A87EEA97A57
:10845400F0EE4A7AE7EE2A7AC3ED007A03F0E6FFFB
:1084640007EE900AF1EE066A574B4FF47A70B8EEB5
:10847400677AF6EE007A87EE296AE6EE267AC3ED8D
:10848400007A03F0D3FF07EE900A504B4FF47A7052
:10849400B8EE677ADFED4E7AC7EE296AE6EEAA7A7D
:1084A400C3ED007A03F0C2FF07EE900ADFED496ADC
:1084B400494A0E20B8EE677ADFED357A87EE296AED
:1084C400E6EE267AC2ED007A01E059F8040FC0B254
:1084D40003F0E2FF07EE900A4FF00103B8EEE77AEB
:1084E4000AF8013BC7EE287A79EE677AE8EC017A5C
:1084F400D845EAD1FAF716BE384AC2ED007AFBF73E
:108504008EBF9FED237AFEF7B0BFDFED216AFEF741
:1085140095BF9FED1F6AFEF77ABFDFED1D5AFEF788
:1085240060BF9FED1B7AFEF742BF9FED197AFEF7FD
:1085340024BFBFEE007AF4EEC79AF1EE10FA40F1D0
:10854400EF83104AFDF76DB8008C3C4B00BE6C50B5
:108554003333333FCDCC4C3DB0220020A032002039
:10856400C637BE470000FE7F143600200990005A2B
:1085740084340020A4370020684A00201C4B0020CB
:1085840000FEFFC600000180D112AF000813AF0047
:1085940000000000642B0020542B0020BF489E459F
:1085A4000990735A0EE0010000007A44CDCCCC3D12
:1085B400CCCC4C3F8C22002000C07F446766E63E52
:1085C40088220020742200206C22002078220020BF
:1085D4009A99193ECDCC4C3F802200206C4A002051
:1085E4002833002040330020B4090020BFEE007A75
:1085F400F4EEC77AF1EE10FA40F14583CB4AFDF769
:1086040045B818460B9105F037FC0B9922E6DFEDCF
:10861400C87AC84AB0EE677AB0EE676AC2ED007AEB
:108624001DE4DFEDC37AC44AB0EE678AF0EE675A00
:10863400C2ED007AFFF7FEBBDFEDBD7ABF4AF0EE74
:10864400676AC2ED007A1EE4F3EE047ABC4A7262F1
:10865400B4EEE79AF1EE10FA12D5BA4ABA4890612C
:108664000138D061F3EE047AB5485062B4EEE78A7B
:10867400F1EE10FA40F10E810246B34EB348C6E55E
:10868400DFEDB37AB4EEE79AF1EE10FA00F3DC8092
:108694009FEDB00A049129EE000AF0EE407AFEEE56
:1086A400E07A17EE906A06F097FDF0EE407A0499AE
:1086B400FEEEE07A17EE900A1FE5B0EE659AB6E496
:1086C400A24AA14FF1E4B0EE478AC8E4F0EE657A1D
:1086D40095E4DFED977A6FE4DFED957A52E4DFED10
:1086E400947A35E4DFED927A19E49FED917A00E40F
:1086F400DFED8F5AFFF7E7BB286801239649136023
:108704000860FCF705BA954BFBF71CB9DFED907ACE
:10871400B4EEE78AF1EE10FA40F36C83904A914E7E
:10872400FEF753BFDFED8A7AB4EEE79AF1EE10FA62
:1087340040F3C4828A488B4EFEF727BFDFED847A6C
:10874400B4EEE77AF1EE10FA40F32F828448854EB6
:10875400FEF7FBBE844AC2ED007AFBF757BE834A9C
:10876400C2ED007AFBF75BBE4FF47A70F6EE089A1E
:1087740003F05CFE07EE900A9FED7D7A4FF47A7069
:10878400F8EE677A7B4AC7EEA86AF0EE497AE6EE1D
:10879400877AC2ED007A03F049FE07EE900A9FED56
:1087A400767A764A4FF47A70F8EE677AC7EEA86A5A
:1087B400F0EE497AE6EE877AC2ED007A03F036FEEF
:1087C40007EE900A6E4A4FF47A70F8EE677A87EEF5
:1087D400A87AA7EE299A82ED009A03F027FE07EE05
:1087E400900AF1EE066A674A4FF47A70B8EE677A37
:1087F400F6EE007A87EE286AE6EE267AC2ED007A73
:1088040003F014FE07EE900A5F4A4FF47A70B8EE54
:10881400677ADFED5E7AC7EE286AE6EEA97AC2EDE2
:10882400007A03F003FE07EE900ADFED596A594A15
:10883400B8EE677ADFED3E7A87EE286AE6EE267AAE
:10884400C2ED007AFFF776B84548464E55E4524AE1
:10885400DDE49FED400A049128EE000AF0EE407A30
:10886400FEEEE07A17EE906A06F0B6FCF0EE407A7F
:108874000499FEEEE07A17EE900AAEE43348324EE5
:10888400ABE42C4A26EE077A82ED006AFFF7E7BADA
:10889400414A27E4DFED2E7AB4EEE78AF1EE10FACE
:1088A400D7DD02462F4E2E48B1E43B4882E42C4AE1
:1088B4002C4FFFF7FABB204A68EE255A82ED008A56
:1088C400FFF7B8BAF6EE007A1C4AC2ED006A66EE0B
:1088D400A77AFFF7D8BA1A76DFF8C4902F4B89F835
:1088E400182005931A76FCF7C8B9154BFDF769BD36
:1088F400134BFDF745BD124BFDF721BD134B124F32
:10890400FDF7FABC114B104FFDF7CDBC0F4B0E4FCA
:10891400FDF7A2BCB0EE678AFDF77ABCB0EE469ACA
:10892400FDF70FBCB0EE467AFDF7E8BB000001800E
:1089340000000000582B0020482B0020682B00204A
:1089440000B76D5B64320020DF571700DE57170055
:1089540000D0894693651538282B00206CDC020072
:10896400008C3C4B00BE6C50644A0020604A0020DE
:10897400CCCC4C3F8C2200206766E63E8822002047
:10898400742200206C220020782200209A99193E3B
:10899400CDCC4C3F80220020D0CCCC0C1C2F00200E
:1089A400582F0020E54BFAF7CDBFE54B1A682B682A
:1089B4009B1A40F6B832934240F2DD80DFEDE17A53
:1089C4009DED0DBAE04B2BEE27BA9FEDE07AD3ED87
:1089D400004ADFEDDF7AA4EE87BAB6EE007AADEE98
:1089E400A7BAF0EE0C7A2BEE077A83ED00BA6BEEA1
:1089F400277AFDF7D1BAD74B1A682B689B1A40F631
:108A0400B832934240F2C4809FEDCE7AB6EE006A4B
:108A1400DDED0CBAD04B6BEE87BA9FEDCC5AD3ED9B
:108A2400004AB0EE0C7ADFEDCA7AE4EE85BAEDEED8
:108A340027BA2BEE866AC3ED00BA2BEE875AFDF7F0
:108A44009DBAC64B1A682B689B1A40F6B8329342FB
:108A54007CD9DFEDBCCAF6EE005AC14BF0EE0C6ACD
:108A640068EE2CCA9FEDB97A93ED006ADFEDB87A0F
:108A7400E6EE07CAECEE27CA6CEEA55AC3ED00CAAF
:108A84006CEEA66AFDF76BBADFEDB67AFDF708BBAC
:108A9400DFEDB4AAFDF7BDBC9FEDB2EAFDF7A4BCBF
:108AA400DFEDB06AFDF7D6BA9FEDAE7AFDF7C0BA36
:108AB4009FEDAC6AFDF7A6BADFEDAA5AFDF78CBAB2
:108AC4009FEDA87AFDF7D9BADFEDA6EAFDF7B6BCAB
:108AD400002104938AF8001001704FF60F0005F08E
:108AE400CBF905F0D1F9A04A049B1168FDF76DBEDE
:108AF400F7EE007AF4EE67EAF1EE10FA77FEAEEAEA
:108B0400FDF79CBCF7EE007AB4EE67EAF1EE10FADA
:108B140037FE8EEAFDF768BCF7EE007AF4EE67AA3A
:108B2400F1EE10FA77FEAAAAFDF773BC8F4AFFF79D
:108B34006EBB8F4B8F4FFDF78FBB8F4BFDF720BC68
:108B44008D4BFDF7FCBB8C4BFDF73BBCDFED857A11
:108B5400834BF0EE676AF0EE675AC3ED007AF0EEED
:108B640067CAFDF7FCB9824B824FFDF7C5BB804B4A
:108B7400804FFDF798BBDFED7B4A734BF0EE647AD0
:108B8400B0EE647AC3ED004AB0EE64BAFDF704BAFD
:108B9400DFED747A704BB0EE675AB0EE676AC3EDDE
:108BA400007AF0EE67BAFDF7E9B9DFED777A049160
:108BB40027EE277AF0EE477AB0EE470AFEEEE07A27
:108BC40017EE906A06F008FBF0EE407A0499FEEE88
:108BD400E07A17EE900AFEF7B8BCFCEEE77ACDED2A
:108BE400047A9DF81080FBF78CB99FED670ACDEDF0
:108BF400027A28EE000A9FED617ADFED618A05931F
:108C0400F0EE407A68EE288A28EE078AFEEEE07AD3
:108C140017EE906A06F0E0FAF0EE407A059BFEEE5D
:108C2400E07A17EE902ADDED027AFCF78BBE9FED19
:108C3400567ACDED027A28EE870A0593F0EE407A53
:108C4400FEEEE07A17EE906A06F0C6FAF0EE407A8D
:108C5400059BFEEEE07A17EE902ADDED027AFCF732
:108C64009FBBFCEEE77ACDED047A9DF81030FBF75C
:108C740067B9DFED446A27EE267ABDEEC77A17EEB0
:108C8400102AFCF7BDBA9FED3F7A67EE877AFDEEB6
:108C9400E77A17EE902AFCF7F9BCFCEEE77ACDED03
:108CA400077A9DF81C703B46FCF78BB9F0EE487AC6
:108CB400FEEEC87A17EE903AFCF7DCB9DFED327AB3
:108CC400049129EE279AF0EE497AB0EE490AFEEEB5
:108CD400E07A17EE906A06F07FFAF0EE407A049993
:108CE400FEEEE07A17EE900AFEF74FBCFCEEE77A50
:108CF400CDED047A9DF81030FBF713B9F0EE407A0D
:108D0400FEEEC87A17EE903AFCF7C0B9DFED1D6AA3
:108D140027EE267ABDEEC77A17EE102AFCF784BA3E
:108D24009FED187A69EE879ABDEEE97A17EE102A5C
:108D3400FCF777BC0E4A0F49FDF763BD8096980097
:108D44003C2B0020CDCC4C3D6C2B00203333733FA7
:108D54000AD7233C382B00205C2B0020342B002026
:108D64004C2B0020000000001830002000B76D5B81
:108D7400008C3C4B00BE6C50D0CCCC0C1F856B3FA0
:108D84003789813F00FEFF4E936515381FED027A47
:108D9400049167EE877AB0EE677AB0EE670ABEEEAA
:108DA400E07A17EE106A06F017FAF0EE407A0499AA
:108DB400FEEEE07A17EE902AFEF720B8B0EE677A5E
:108DC400BEEEC87A17EE102A7FF59CAA4F49FCF72D
:108DD400E5BC0023079AE04607930993FEF71CBA03
:108DE40008F0D6FAF0EE476AFEEEC86A16EE902A4C
:108DF400FCF73ABCDFED467A049128EE278AF0EEC0
:108E0400487AB0EE480AFEEEE07A17EE906A06F071
:108E1400E3F9F0EE407A0499FEEEE07A17EE902A38
:108E2400FEF7D3BBDFF8E4C0FCF7D0BB1146FCF778
:108E3400C5B942F6AA22FCF77BB9F0EE497AFEEEF8
:108E4400C87A17EE902AFCF742BCDFED326AF4EEE2
:108E5400E67AF1EE10FA0DDD7327DFED2F0A2F4BC2
:108E64000797FAF7D2BD0F27F9EE020A2C4B0797A2
:108E7400FAF7CBBDFCEEE77A2A4BCDED077A9DF8E5
:108E84001C20A2F1450117460792120407EE901A1E
:108E940002F4FE02F8EEE77A1343C7EE870AFAF704
:108EA400B4BDDFED1B7A049127EE277AF0EE477A02
:108EB400B0EE470AFEEEE07A17EE906A06F08CF9FF
:108EC400F0EE407A0499FEEEE07A17EE900AFDF790
:108ED40030BFDFED0F6A8DED067A67EEA67A049156
:108EE400B0EE677AB0EE670ABEEEE07A17EE107A5B
:108EF40006F072F9F0EE407A04999DED067AFEEEE2
:108F0400E07A17EE900AFDF78EBE00BF00000180E4
:108F1400936515380000E642555575400990735A1B
:108F240009900F5A0990005AF0B5172283B00B210B
:108F3400B14802F0A3FC00220B21B04802F09EFCD1
:108F440018220B21AE4802F099FCAE48F9F746F915
:108F5400AD48F9F743F9AD4DAD48F9F775F9AD4CA6
:108F6400AD4EAE48F9F770F905F118020221284612
:108F7400F9F722F804F1180202212E602046A84FC6
:108F8400F9F71AF82660A748F9F7CAF8A648F9F7D6
:108F9400C7F8A648F9F78CF8A548F9F789F8A54861
:108FA400F9F75AF8A448F9F757F8A448F9F7B8F8C4
:108FB400A348F9F7B5F8A348F9F77AF8A248F9F7FE
:108FC40077F8A248F9F7ACF8A148F9F7A9F8A1484D
:108FD400F9F75CF9A048F9F759F9A048F9F756F9F7
:108FE4009F48F9F7CDF89F48F9F7CAF89E48F9F772
:108FF400C7F89E48F9F728F99D48F9F725F99D48DF
:10900400F9F722F99C48F9F78BF89C48F9F788F8A6
:109014009B4E9C48F9F784F89B4C9C4D07F1180231
:1090240002213846F8F7C8FF06F11802022130463B
:109034003D60F8F7C1FF04F11802022120463560B3
:10904400F8F7BAFF25609248F9F732F89148F9F732
:109054002FF89148F9F72CF89048F9F761F89048FF
:10906400F9F75EF88F4A00238F4C11468F48D3607E
:1090740041F8184B4FF400749361D3610368116194
:109084001481002B00F0AF8419465B69002BFBD1DF
:109094004A610024864B83480125136002265461EB
:1090A4005460947201F062FC8248F8F7A9FF824888
:1090B400F8F7A6FF814802F0F7FD544B22465449C5
:1090C4007E48009402F064FE7D4A7E497B4805F0A8
:1090D40011FE7D4802F0E8FD4C4B224649490095BB
:1090E400794802F055FE764A7649774805F002FE43
:1090F400764802F0D9FD474B22464849734800940C
:1091040002F046FE6E4A6F49704805F0F3FD704860
:1091140002F0CAFD3F4B22463B4900956C4802F0E1
:1091240037FE674A67496A4805F0E4FD694802F07A
:10913400BBFD3C4B224635496648009402F028FEAC
:109144005F4A6049634805F0D5FD634802F0ACFD11
:10915400354B22462F496048009402F019FE584AC4
:1091640058495D4805F0C6FD5C4802F09DFD2D4B55
:10917400224628490095594802F00AFE504A5149AE
:10918400564805F0B7FD564802F08EFD264B2246A0
:109194001E490095524802F0FBFD494A494950488E
:1091A40005F0A8FD4F4802F07FFD204B22461D49E3
:1091B4004C48009402F0ECFD414A4249494805F00C
:1091C40099FD494802F070FD194B2246164946485C
:1091D400009402F0DDFD3A4A3A49434805F08AFD1D
:1091E400424802F061FD134B22460E493F48009469
:1091F40002F0CEFD7CE000BF942F0020C02F0020A1
:10920400EC2F00204C390020E03C0020DC32002010
:109214004C300020FC320020840A002074300020EE
:10922400DC4600206C330020A4330020B031002041
:10923400EC3100202C450020C8450020804A002045
:10924400B84A0020383100207431002064460020E0
:109254009C460020E02E00201C2F0020582F0020C8
:109264008434002014360020A43700209C300020D1
:10927400C4300020EC300020DC3300201434002003
:10928400FC4600204C3400201C4700206C0A0020BF
:109294002832002064320020A032002074400020D4
:1092A400AC4000202C300020FC0900205C2A002067
:1092B400540A0020E044002004450020E44000203B
:1092C400F41B0020B5A000009C420020C0410020F7
:1092D40078430020B4430020C8430020DC4300202E
:1092E400F043002004440020F84000200C410020FA
:1092F400A54AA649A64805F0FDFCA64802F0D4FC00
:10930400A54B2246A549A348009402F041FD9E4A7C
:109314009E49A04805F0EEFCA14802F0C5FCA14B13
:109324002246A1499E48009402F032FD964A97498C
:109334009B4805F0DFFC9D4802F0B6FC994B2246A1
:109344009B490095994802F023FD8F4A8F4997481D
:1093540005F0D0FC974802F0A7FC974B22469749AA
:109364009448009402F014FD874A8849914805F016
:10937400C1FC934802F098FC8F4B22468649009525
:109384008F4802F005FD804A80498D4805F0B2FC03
:109394008C4802F089FC8C4B22468249894800940F
:1093A40002F0F6FC784A7949864805F0A3FC874820
:1093B40002F07AFC864B22467F498448009402F0EE
:1093C400E7FC714A7149814805F094FC814802F038
:1093D4006BFC814B224681497E48009402F0D8FC04
:1093E400694A6A497B4805F085FC7D4802F05CFCCB
:1093F4007C4B22467C497A48009402F0C9FC624ABC
:109404006249774805F076FC784802F04DFC784BC9
:10941400224671497548009402F0BAFC5A4A5B49E5
:10942400724805F067FC734802F03EFC704B22461C
:109434006C4900956F4802F0ABFC534A53496D48A0
:1094440005F058FC6C4802F02FFC6C4B2246654931
:109454006948009402F09CFC4B4A4C49664805F06C
:1094640049FC674802F020FC644B22465A490095A7
:10947400634802F08DFC444A4449614805F03AFCD3
:10948400604802F011FC604B224659495D48009443
:1094940002F07EFC3C4A3D495A4805F02BFC5B48EF
:1094A40002F002FC5A4B224654495848009402F0F8
:1094B4006FFC354A3549554805F01CFC554802F007
:1094C400F3FB554B224655495248009402F060FC88
:1094D4002D4A2E494F4805F00DFC514802F0E4FB9B
:1094E400504B224650494E48009402F051FC264A03
:1094F40026494B4805F0FEFB4C4802F0D5FB4C4B8B
:1095040022464C494948009402F042FC1E4A1F4935
:10951400464805F0EFFB484802F0C6FB474B22469D
:1095240047494548009402F033FC174A174942481A
:1095340005F0E0FB434802F0B7FB404B22464249AA
:109544000095404802F024FC0F4A10493D4805F0BC
:10955400D1FB3E4802F0A8FB3D4B22463D493B4827
:10956400009402F015FC084A0849384805F0C2FB8B
:10957400394802F099FB364B224638490095364863
:1095840002F006FC6CE000BFF41B0020B5A0000054
:109594000C41002020410020C8450020A4330020B5
:1095A40034410020804A0020B0310020484100208E
:1095B4002C4500205C410020B84A0020EC310020FA
:1095C4007041002084410020744000209841002014
:1095D400AC4000201844002038310020DC32002048
:1095E4002C44002074310020FC3200206844002008
:1095F400644600207C440020904400209C460020C7
:10960400A4440020B84400204C390020CC4400205D
:10961400E03C0020AC410020DC460020E02E00208D
:10962400D4410020FC4600201C2F0020E8410020EB
:109634001C470020582F0020B0420020DC330020BB
:109644009C300020C442002084340020D8420020F2
:1096540014340020C4300020EC42002014360020D2
:10966400A34AA449A44805F045FBA44802F01CFB06
:10967400A34B2246A349A148009402F089FB9C4ACB
:109684009C499E4805F036FB9F4802F00DFB9C4B1D
:1096940022469E4900959C4802F07AFB944A9549DB
:1096A400994805F027FB9A4802F0FEFA994B2246A6
:1096B40099490095964802F06BFB8D4A8D49944870
:1096C40005F018FB954802F0EFFA954B22469549B0
:1096D4000095924802F05CFB854A86498F4805F064
:1096E40009FB914802F0E0FA904B22468449009528
:1096F4008D4802F04DFB7E4A7E498B4805F0FAFA0C
:109704008B4802F0D1FA8B4B224682498848009458
:1097140002F03EFB764A7749854805F0EBFA864825
:1097240002F0C2FA854B22467D498348009402F038
:109734002FFB6F4A6F49804805F0DCFA804802F03D
:10974400B3FA804B224679497D48009402F020FB0D
:10975400674A68497A4805F0CDFA7B4802F0A4FAD2
:109764007A4B224673490095774802F011FB604A10
:109774006049754805F0BEFA754802F095FA754BD4
:1097840022466C490095724802F002FB584A594936
:109794006F4805F0AFFA704802F086FA6B4B224628
:1097A400664900966C4802F0F3FA514A51496A48F6
:1097B40005F0A0FA694802F077FA664B22465F4941
:1097C40000960326654802F0E3FA494A494963488A
:1097D40005F090FA624802F067FA5C4B2246594958
:1097E4005F48009602F0D4FA414A42495C4805F0C9
:1097F40081FA5C4802F058FA564B224651495948BE
:10980400009602F0C5FA3A4A3A49564805F072FA07
:10981400554802F049FA554B22464C4952480094A7
:1098240002F0B6FA324A33494F4805F063FA504819
:1098340002F03AFA4D4B2246464900954C4802F054
:10984400A7FA2B4A2B494A4805F054FA494802F032
:109854002BFA494B22463D494648009402F098FAB7
:10986400234A2449434805F045FA444802F01CFAC7
:10987400434D444B224637494048009402F088FA4D
:109884001B4A1C493D4805F035FA29683E4B2A68B5
:1098940019603E4B1A6003F023F83D4B186003F047
:1098A4001FF83C4B186003F01BF83B4B104A186040
:1098B4003A493B4805F01EFA2A683A4B29681A606F
:1098C400394B2A681960394B39481A60F8F742FF56
:1098D4003848F8F73FFF3848F8F73CFF3748F8F7BF
:1098E40039FF3748F8F736FF3648F8F733FF6BE0AF
:1098F400F41B0020B5A00000EC420020004300202F
:109904004C340020EC30002014430020A437002005
:1099140028430020DC460020DC3300203C430020A8
:10992400FC46002014340020504300201C47002033
:1099340064430020283200208C430020643200203D
:10994400A0430020A0320020FC41002074400020ED
:1099540010420020AC400020244200203842002065
:109964004C42002060420020744200202C30002031
:109974008842002040440020E04400205444002059
:10998400D44700200445002014310020F84700206B
:109994002C31002030310020604700201D020000DF
:1099A4003C22002018310020502A00206833002077
:1099B400FC4700202048002044480020684800203C
:1099C4008C480020B0480020084B002003F12401FB
:1099D40058600C3303F8044C2A68994243F80C2C61
:1099E400F6D103B0F0BD0260FFF753BB3C47002043
:1099F40010B59FED1E7A0446DFED1D7A2DED028B26
:109A040090ED0E8AF0EE408A38EE478A28EE278AD7
:109A140005F022F9E0EE088AB0EE680A05F01CF9B8
:109A2400B6EE005A94ED0E7AB1EE046AF7EE007ABF
:109A3400DFED106A37EE457AD4ED0D5AE5EE867AFD
:109A4400A7EE260AB7EE007ABDEC028B20EE270AB9
:109A5400B5EEC00AF1EE10FAD4BFF1EE407AF0EEA2
:109A6400407A77EE877A80EE270A10BDCDCCCC3DC4
:109A74009A99993FCDCCCC3E10B504462DED048B7C
:109A8400F6EE008AB0EE408A05F0E6F8F7EE009AAA
:109A9400D4ED0D7AB0EE409A28EE280AE7EEA89AA3
:109AA40005F0DAF8D4ED0E7A20EE277A9FED0A6BF2
:109AB400B7EEC77A27EE067BB7EEC70BA8EE290AE6
:109AC40005F0CAF830EE090A20EE280ABDEC048B32
:109AD40010BD00BFAFF30080182D4454FB21094092
:109AE4009FED274BB7EEC00ADFED275AF6EE007A5A
:109AF40090ED0E5A80EE046BB0EE677A10B5A5EEC9
:109B0400257A0446B7EEC66BB4EEC76AF1EE10FAD6
:109B140029D5C6EE076A66EEA77AB7EEE70A9FED87
:109B2400187B20EE070BB7EEC00B05F095F8B1EEED
:109B3400087AF7EE007AD4ED0D6AE6EE877A9FEDA7
:109B4400137A60EE277AB7EE000AF5EEC07AF1EEEA
:109B540010FAD4BFF1EE676AF0EE676AA6EE870AE0
:109B640087EE800A10BDF7EE006A36EE476A36EEDD
:109B7400C77AC6EE076AE6EEA77ACEE7AFF30080AF
:109B8400182D4454FB2119408FC2F53E9A99193F70
:109B9400F8B52DED088B044601F0B4FF002800F061
:109BA400AD800746D4ED097A851C00F58176DFED9A
:109BB4005ABADFED5AAA9FED5ABA9FED5AAA9FED01
:109BC400529B9FED538BD4ED086A94ED077A37EEE0
:109BD400267AB7EEC76AB4EEC96BF1EE10FA7EDBF3
:109BE40036EE496BB7EEC66B84ED076AD4ED0D6AA9
:109BF40094ED0E7A94ED0B5AD4ED0C5A94ED0A6A56
:109C040035EE665A75EEC75A237E36EE676AE5EE80
:109C14002B6AA5EEAB7AE6EE2A7AC4ED0D6A84EDE2
:109C24000E7AC4ED097A032B6BD8DFE803F02931EF
:109C3400210294ED070A2046FFF752FFD4ED097A7A
:109C440020EE270A20EE0A0ABDEEC00A10EE103AF2
:109C540025F8023FAE42B6D120463946002201F033
:109C6400CFFF3846BDEC088BBDE8F84001F0A0BF3B
:109C740094ED070A2046FFF7FFFED4ED097ADFE7EB
:109C840094ED070A2046FFF7B3FED4ED097AD7E72F
:109C940094ED070A04F0E0FFF2EE046AB7EE007AEE
:109CA40094ED0D6AB6EE005AD4ED0E7AF0EE005A39
:109CB400A6EE267A77EEC57AB6EE006B20EE070A9A
:109CC400A7EEA50AB7EEC00A20EE080B20EE060B9D
:109CD400B7EEC00B04F0C0FFD4ED097AB0E7B5EEDF
:109CE400C07AF1EE10FA02D484ED077A7EE736EEFC
:109CF400096BB7EEC66B84ED076A77E7BDEC088B9A
:109D0400F8BDB0EE4B0A9BE7182D4454FB211940D3
:109D1400182D4454FB2109406F12033B0AD7A33B7F
:109D24000000000000FEFF4610B50021044601F0CB
:109D34008BFFC8B1031DB4F91EC0B4F9201000F59F
:109D4400827E33F9022B9445A8BF94469142B8BF52
:109D540011467345F5D10123A4F81EC0218423774D
:109D6400BDE8104001F024BF10BD00BF2DE9F04153
:109D74000021804601F074FF04460121404601F0B1
:109D840063FF05468CB3A0B30C3004F10C0105F558
:109D9400867C51E9022350E9026712FB36FE2EF35A
:109DA400CF3E12FB06F222F3CF32C2EA0E4213FB7D
:109DB40037FE2EF3CF3E13FB07F323F3CF33C3EA6F
:109DC4000E430830604541E9022301F10801E0D166
:109DD40000222146404601F013FF204601F0E8FE30
:109DE4002846BDE8F04101F0E3BE0028F9D1BDE802
:109DF400F0812046BDE8F04101F0DABEF8B500215B
:109E0400054601F02DFF60B304460121284601F008
:109E14001BFF064630B3A21C811C04F581774FF466
:109E2400806E32F8023F31F8020F13FB00E3DB12BD
:109E340003F500406FEA030C9BB2C00348BF1FFA4E
:109E44008CF397421380ECD121462846002201F07E
:109E5400D7FE204601F0ACFE3046BDE8F84001F0E4
:109E6400A7BEF8BD2046BDE8F84001F0A1BE00BF82
:109E74002DE9F04F83B000210446009001F0F0FE7C
:109E8400019000284ED000F1040A04F1380900F5CD
:109E94008278504659E9022359E908C759E9066509
:109EA40059E90441C3F30D038B4601683CFB0133BC
:109EB40037FB1B3336FB0B3335FB123334FB0233D6
:109EC40023F38F3EC3F30D033CFB113337FB013304
:109ED40036FB1B3335FB0E3334FB123323F38F3243
:109EE400CEEA024240F8042B8045C3F30D03DBD1D4
:109EF40059F8040C49E9031200F0004209F1200961
:109F0400002843EA020349F8243CC2DB019C0022F6
:109F14000098214601F074FE204603B0BDE8F04FDE
:109F240001F046BE03B0BDE8F08F00BF03291FD87F
:109F3400183030B400EB41134C0172B629B153F818
:109F4400041C41F0004143F8041C11685568015198
:109F5400D969D2E9034001F000415D60644295682B
:109F64004042D961C3E90254186162B630BC7047FB
:109F7400704700BF2DE9F04F83B0984601F5807B10
:109F8400C369DDF830A00190D0E90997D0E90B54FA
:109F940031F9026B3846370353FB14FC05EB8C0C88
:109FA40059FB14F53844CCEB6000A0EB850053FB5F
:109FB40010F604EB860653FB16F50CEB850559FBEE
:109FC40016F4A7EB050EAEEB840E53FB1EF406EB62
:109FD4008404AC442CF34F3C264426F34F3670449F
:109FE40020F34F308B4522F802CB28F8026B2AF875
:109FF400020BCDD1019BC3E90A751C6303B0BDE814
:10A00400F08F00BF2DE9F04F01F5807487B0029402
:10A01400846905900394046A01930494DDE910BAF9
:10A02400D0E90997D0E90B64049832F9025B00FB8C
:10A0340005F525F0784000F10060C00050FB10F0F9
:10A04400264B50FB13F0013BED1603EBC000C5F1AA
:10A054000605039B284153FB10F0214B3D4631F983
:10A06400027B98424FEA0737A8BF1846000250FB0C
:10A0740014FE06EB8E0E59FB14F63D44CEEB65053B
:10A08400A5EB860550FB15FC04EB8C0C50FB1CF671
:10A094000EEB860659FB1CF8BC1BA4EB880850FB8E
:10A0A40018F00CEB8004B6442EF34F3EA4442CF37A
:10A0B4004F3C454425F34F35019B23F802EB0193B4
:10A0C400029B2BF802CB8B422AF8025BACD1059B96
:10A0D400C3E90A761C6307B0BDE8F08FABAAAA2ACD
:10A0E400E71052002DE9F043002183B0044601F04B
:10A0F400ABFD05460121204601F0A6FD0646002DD4
:10A104003CD001F0FFFC0746002853D001F0FAFCD4
:10A114008046002837D001F0F5FC8146002850D055
:10A12400031D002E3DD0019308F104032046321D87
:10A134000093291D3B1DFFF765FF304601F038FDF4
:10A14400284601F035FD00223946204601F058FD2D
:10A15400384601F02DFD01224146204601F050FD14
:10A16400404601F025FD20460222494601F048FD03
:10A17400484603B0BDE8F04301F01ABD0028F8D109
:10A1840003B0BDE8F083284601F012FD384601F023
:10A194000FFD002EF4D0304603B0BDE8F04301F0CB
:10A1A40007BD00933A1D08F10403291D2046FFF75B
:10A1B400E1FEC5E7284601F0FBFC002EE0D0304666
:10A1C400EAE7284601F0F4FC384601F0F1FC404689
:10A1D40001F0EEFC002ED3D03046DDE7F8B50027C1
:10A1E40005463C46B4B33946284601F02DFD08B374
:10A1F400BB1D04F1040E00F1040C55F82360B6F500
:10A20400803F47D000F582715CF8042B36FB02F3E3
:10A2140036FB12F203F30F0302F30F02C3EA024305
:10A22400DEF8002093FA12F38C454EF8043BEBD190
:10A2340001F0BEFC0137042FD4D128462146002268
:10A2440001F0DEFC2046BDE8F84001F0B1BC013766
:10A25400042F3AD03946284601F002FD044600286E
:10A26400F5D0BB1D55F82300B0F5803FE2D0211D89
:10A2740004F582760B6830FB03F230FB13F302F330
:10A284000F0203F30F03C2EA034341F8043BB14254
:10A29400F0D1CFE700F10C0204F10C0300F5867C49
:10A2A40053F8081C52F8086C91FA16F143F8081C8C
:10A2B40053F8041C52F8046C91FA16F1083243F86E
:10A2C400041C08339445EBD1B2E7F8BDAD4BAE4A5C
:10A2D40018682DE9F04FAD4C91B0197908940368D2
:10A2E400D17704F58062934209920ED2A84B1B7871
:10A2F400002B00F0288109994FF0E02340220891B7
:10A3040001F580610991C3F80822A24B1968A24B98
:10A314000C911868A14B0D901A88A14B0A921C88C5
:10A324000B94002900F0DC81002800F04D819D4B46
:10A334009D4D1A4423449D4E01EB42029C4C00EB7C
:10A3440043039C49D5F800B00E950392089D9A4AA0
:10A3540002939A4B5768D6F800A0D3F80080D3F83C
:10A364000490D1F800E04B68D4F808C0886805F17F
:10A3740010010F9605F582651668626824680795D2
:10A38400354601972746019C5E46CDF814A0C24687
:10A3940004941031039C06954D4634F902BFABEB8F
:10A3A40006080394029CA8EB0A09049E34F902AF40
:10A3B400A9EB05050294059C2F44AAEB0405069C11
:10A3C4003A442C1B94443A440194A41BA6440CEB39
:10A3D40002043A444FEA2C1C734421F820CC18445C
:10A3E4007344C6180011734421F81E0CA0182411DC
:10A3F4003A4421F81C4C02EB000C9C1900117344E4
:10A40400361121F8180C1819241121F81A6C21F8A6
:10A41400164C4FEA2C1421F8144C041121F8124C58
:10A42400079C8C42AFD10F993C46019FC1F800A014
:10A434000E99C1F800B05E490C605E4CC4E901306D
:10A444005D4BC4F800E0C3E900575C4BC3E90089E5
:10A454000A9B40330A930B9B4033C1E9012C0B93B5
:10A46400BFF34F8F4FF0E02308990998CA43C3F80C
:10A47400701F2031024481420891C2F3421251D22A
:10A484006AB3012A23D0022A1CD0032A15D0042A35
:10A494000ED0052A07D0062A40F01C81089AC3F87A
:10A4A400702F20320892089AC3F8702F2032089235
:10A4B400089AC3F8702F20320892089AC3F8702FB4
:10A4C40020320892089AC3F8702F20320892089A12
:10A4D4000999C3F8702F20328A42089222D2089A2E
:10A4E40002F12001C3F8702F4032C3F8701FC3F883
:10A4F400702F01F14002C3F8702F01F16002C3F81C
:10A50400702F01F18002C3F8702F01F1A002C3F88B
:10A51400702F01F1C002C3F8702F01F1E002099914
:10A524008A42DDD3BFF34F8FBFF36F8F0A9B7F2B1C
:10A534001CD81A4A13800B9B7F2B09D8184A138006
:10A5440011B0BDE8F08F04F5006308920993DCE6CE
:10A554000024134B0D981C8001F02AFB184B1A6839
:10A564001C600D4B1A6011B0BDE8F08F0B4B00243A
:10A574000C981C8001F01CFB124B1A681C60054BE4
:10A584001A60D8E7F42A002000800E4000822020C0
:10A59400124B0020E42A0020EC2A0020FA4A002072
:10A5A400FC4A002001000080A42B0020A82B0020DE
:10A5B400742B00208C2B0020BC2B0020AC2B002003
:10A5C400F02A0020E82A00200C9A002A00F0888053
:10A5D4008A4800260A998A4BD0F800800E900B44D2
:10A5E4008848894902EB430BD0E900CE08988D686E
:10A5F400D1E9002300F1100100F582600290C24607
:10A60400BBF90280E1467746A8EB0A0C0BF1020085
:10A6140021F80E6CC246ACEB090E019021F80A6CCD
:10A624000846AEEB070721F8066C21F8026CE146F8
:10A634003A4477461344EC181344019D05F1020B88
:10A64400E5181344241121F8104C5C1913442D11FE
:10A6540021F80C5C1D19241121F8084C2C1121F847
:10A66400044C0199B1F90280A8EB0A0CACEB090E79
:10A67400AEEB07073A441344EC181344E5181344AB
:10A68400241120F8104B5C192D11134400F1100112
:10A6940020F80E6C20F80C5C1D19241120F80A6CAB
:10A6A40020F8066C20F8084C2C1120F8026C20F8D5
:10A6B400044C02988842A2D10E99C1F800805249F4
:10A6C400C1E900234F4B8D60C3E900CE0A9B4033A0
:10A6D4000A93C5E6089AC3F8702F20320892DDE683
:10A6E4000D9A002A00F0828048480B99444BD0F818
:10A6F40000E00B440F904648464902EB430A0C9E87
:10A704008D68D346D0E9007C0898D1E9002300F194
:10A71400100100F582600290F246B946BBF902E0EE
:10A724000BF10207E04621F8106C0197AEEB0A0723
:10A7340021F80C6CF246A7EB090CB946019F01F114
:10A744001000ACEB080821F8086C21F8046C07F140
:10A75400020B4244E04620311344EC181344E5183C
:10A764001344241121F82E4CEC1813442D1121F814
:10A774002A5C1D19241121F8264C2C1121F8224C95
:10A78400B7F902E020F8106CAEEB0A0721F81C6C54
:10A7940021F8186CA7EB090C21F8146CACEB080831
:10A7A40042441344EC181344E5181344241120F8CC
:10A7B4000E4CEC182D11134420F80A5C1D192411B9
:10A7C40020F8064C2C1120F8024C02988142A3D1A7
:10A7D4000F99C1F800E00F49C1E900230C4B8D60CB
:10A7E400C3E9007C0B9B40330B9339E64FF4806242
:10A7F4000D99089806F096FB32E600BFA42B0020C2
:10A8040001000080B42B0020802B0020A82B002006
:10A81400C42B0020982B002038B50021044601F0F9
:10A8240013FA88B172B61C4A1368002B2BD01B494B
:10A834000D68002D2CD0156008600021184A118085
:10A8440062B6184601F0B4F90121204601F0FCF982
:10A8540098B172B6134A136883B113490C6854B1A2
:10A8640014600024114A0860148062B61846BDE8DA
:10A87400384001F09DB9086062B638BD0B491060DC
:10A884000B8062B638BD064910600B8062B6DBE708
:10A89400086062B6D8E700BFE42A0020E82A002056
:10A8A400FA4A0020EC2A0020F02A0020FC4A00206A
:10A8B40010B5044601F066FB204610BD38B5234CA4
:10A8C400002342F210724FF40C61E06F40F4402018
:10A8D400E0671C2006F064FDE3691D4923F440632E
:10A8E4001C481D4A43F40063E361A36A19401B4BEF
:10A8F40041F0CE01A16241680A4042F40022426064
:10A904009A68002A20DB1649032000224FF4803481
:10A91400C1F828014FF08E45C1F8240111481249AD
:10A924001A66DA601D615C619861D961C3F8E02040
:10A93400C3F88C204FF0E062C3F89020C3F8944031
:10A94400C3F89800C3F89C1038BD00BF00C00F4086
:10A9540000FEFFFF00C00A40F8FFF7FF0040384048
:10A9640000801F40130F0100000F0F0F10B5364C6D
:10A974004FF400620021204606F0D4FA3348012146
:10A9840001F09CFA00233249324A0B601360FFF74E
:10A9940095FF2346BFF34F8F04F5006204F12000B6
:10A9A4004FF0E021824234BF0122402204EB4212E4
:10A9B400C1F8703F20339342FAD1BFF34F8FBFF3F6
:10A9C4006F8F224A0320244B2449C3F880014FF49B
:10A9D400806013681C600224D8829C60A4F6020480
:10A9E400D8830620596000211279DC601C4C9883BE
:10A9F40002F110001C61996199821A4C1A4B43F8B8
:10AA0400204002F01F04194B012003EB5213A04015
:10AA140014B29B0018601648164B40F824101649CF
:10AA240040F82410A0F580401449C276D3F8882059
:10AA340042F00042C3F888209A681143996001F0FB
:10AA44001BFA0F4B187010BD00822020F42A00203E
:10AA5400E42A0020EC2A002000801F4002000101AB
:10AA6400204038403D850000002400204038003854
:10AA740000C00E40004038401400008001000090E7
:10AA8400124B0020024A0349034804F033B900BFC3
:10AA9400F41B0020218B0000F42A00202DE9F04152
:10AAA400044601F02FF8002800F096800546237E26
:10AAB400043005F5827CDBB9E269C2EA224205F181
:10AAC400240305F5927143E9082243E9062243E988
:10AAD400042243E9022220338B42F4D12046294642
:10AAE400002201F08DF82846BDE8F04101F060B87D
:10AAF400D4E90731626A83FAA1F6EFF300873F01D4
:10AB04006CD5002A58D0571C022F04D991FBF2F6B9
:10AB140093FBF2F7F61B7F2E24DD05F1140105F5F6
:10AB24008A7C01E0E369626A9F1803EB4203C3EA8B
:10AB3400274703EB020E03EB4203C3EA2E4E9E1893
:10AB440003EB4203C3EA264603EB42001344E061ED
:10AB5400C0EA234041E9047E41E9026010316145C5
:10AB6400E0D1BBE7012E3CDDB71E06464FEA57088D
:10AB740008F1020E05EB8E0E01E0E369626A03EB55
:10AB840042011344E161C1EA234146F8041B7645BE
:10AB9400F3D1C8EBC87308F10108216A07EB430637
:10ABA40000EB8808FEB1E369626A1344C1EA2343F7
:10ABB400404640F8043B216A0023E1612376C1EA60
:10ABC400214160458AD240F8041B844586D940F867
:10ABD400041B8445F7D881E7BDE8F08196FBF2F6C3
:10ABE40099E78046DEE74046E6E700BFB1F5803FDF
:10ABF4004FEA21235FFA81FC11DA0F495A1C023310
:10AC040031F9122031F91300CCF580730CFB00F0FC
:10AC140002FB03008030001200F5C040704740F290
:10AC2400FF110548C3F50072C91A30F9122030F932
:10AC3400110052424042E7E72C170020B1F5704F53
:10AC44002DE9F0410F460646904627DC1D460C468A
:10AC540005E004F580540135B4F5704F17DC002C81
:10AC6400F7DB21463046B8F1000F25D0FFF7BEFFD1
:10AC740005F00F0304F58054013506EB8303B4F5A6
:10AC8400704FD3F810211044C3F81001E7DDC7F565
:10AC940070420B4B07F5805713401F44D6F8083118
:10ACA40006EBC302013303F01F03976082F80C80A4
:10ACB400C6F80831BDE8F081FFF798FF4042D7E7B6
:10ACC40000F0FFFF2DE9F04FD0F8084183B0D0F831
:10ACD4000C81D0F804A0A4EB08020194D3063DD063
:10ACE4000646DFF88090013C304604F01F0406EB72
:10ACF400C407BD6897F80CB0294605F58055FFF7E1
:10AD040075FFB5F5003FBD6008DBBBF1000F72684D
:10AD140014BF4FF4404149460A447260BBF1000F2E
:10AD240000D14042A0458244DDD108F1010856F823
:10AD34003820B2F5003F11DB08F01F02019B93425B
:10AD4400C6F80C210AD002F1010856F83820B2F5F1
:10AD5400003F03DB08F01F02C6F80C21504603B085
:10AD6400BDE8F08F0040FFFF002938B504461546C2
:10AD740003DB0268002A20DB38BD0368002BFBDB01
:10AD8400D0F85401CA1AC11A00230803090D05F0AA
:10AD940087FC40F6FF7194F85031B0F5805F18BF1E
:10ADA4000146002BE8D02B46002249422046FFF7FB
:10ADB40045FF002384F8503138BDC2F1000C002354
:10ADC4008A1A4FEA0C304FEA1C5105F069FC40F630
:10ADD400FF7194F85031B0F5805F18BF0146002B25
:10ADE400CAD12B46012249422046FFF727FF0123FF
:10ADF40084F8503138BD00BF2DE9F8430D4690F872
:10AE04005011044617461E46E9B10268D0F85411A1
:10AE14008A4251D2AA4201D8A9424DD8891A0023A4
:10AE2400AA1A0803090D05F03BFCB0F5805F334610
:10AE34004FF0000214BF414220492046FFF7FEFEB6
:10AE4400002384F85031D4F80080B8F1000F33DACD
:10AE5400002D31DBC8F10001A5EB08090023C4F87B
:10AE6400547108034A46090D05F01AFCB0F5805FD9
:10AE740033464FF0010214BF414210492046FFF708
:10AE8400DDFE0123BD4284F8503115D3A7EB080140
:10AE94004A4600230803090D05F002FCB0F5805F63
:10AEA40033464FF0000214BF414204492046FFF7E5
:10AEB400C5FE002384F85031BDE8F88301F0FFFF9C
:10AEC40070B50E1E054614461BDBFFF7FBFE2A6811
:10AED4004FF44043002AA2FB0313A3F5C04300FA36
:10AEE40083F309DB04F00F0405EB8404B4F91001C7
:10AEF400C4F810312E6070BD6A6802F540426A6081
:10AF0400F0E70268002A12DBC2F100410023B21A02
:10AF14000803090D05F0C4FBB0F5805F23464FF02C
:10AF2400000214BF414209492846FFF787FE314613
:10AF34002846FFF7C7FE2A684FF44043A2FB0323C9
:10AF4400A3F5C04300FA83F3CCE700BF01F0FFFF91
:10AF5400436A2DE9F04F054685B0076AD0E90646F5
:10AF64002BB904EBC614846105B0BDE8F08F00F082
:10AF7400C9FD0090002858D0E3190193009B1C1DC3
:10AF8400B5F932300C2B2AD8DFE813F088007A00A8
:10AF94000D00A600C600EB00050114012D015400AC
:10AFA40054006D019301686A20F34F00009AC0F1C8
:10AFB400000C00B2931D02F5837E0FFA8CFC019AFB
:10AFC400002A03F102033244ACBF0146614623F870
:10AFD400041C9E45F4D1019B03EBC61301932B6A19
:10AFE400019AD21AB5F93430AA617BB1009A02F5FC
:10AFF40082711A4601E0B5F93420B4F900301344E3
:10B0040003F30F0324F8023BA142F4D1009C284629
:10B014000022214600F0F4FD204605B0BDE8F04FC3
:10B0240000F0C6BD009800F0C3FDAB6903EBC61386
:10B03400AB6199E7009B05F13809DDF804B04FF0E6
:10B04400000803F1060A0BE002FB00F0031408F108
:10B0540001080AF1020A2AF8043CB8F1800FBAD0B8
:10B06400B344424648465946FFF72AFFB5F9323001
:10B074006A6A0A2BE8D1524200FB02F21314E6E793
:10B08400009B6F6A03F58270019A234637FB12F125
:10B0940023F8021B98423244F8D19CE7009B2146D6
:10B0A4006F6A03F5827C019AA948130EC2F30F2E2E
:10B0B40030F9139003F10108CEF5803330F918808C
:10B0C40009FB03F30EFB083353FB07F321F8023BA0
:10B0D4008C453244E9D17EE7009B4FF6FF78019816
:10B0E40003F1060E03F58379D5F824C0820F0EF11F
:10B0F400020EC313A8EBD031013A0CFB03F3304426
:10B10400012A0CFB01F14FEA234398BF0B142EF8DC
:10B11400043CF145EAD15EE7E86A002882D0009B4E
:10B1240021466F6A03F5827C019A130EC2F30F283D
:10B1340003F1010EFF2B30F9139014BF00EB4E0EF8
:10B144008646BEF90030C8F5803E08FB03F30EFBCB
:10B15400093353FB07F321F8023B8C453244E4D115
:10B1640039E7686A20F34F00009AC0F1000CAF6A17
:10B1740000B2931D02F5837E0FFA8CFC019A97426C
:10B1840003F10203324494BF614601469E4523F80D
:10B19400041CF4D11FE7009B686A03F5827C019AC2
:10B1A400C043234630FB12F123F8021B9C45324472
:10B1B400F8D110E7009BA146DDF8048003F5827AFC
:10B1C40002E0CA453FF407AFB5F9303018EB060882
:10B1D40029F8023BF5D3686A01F028F96B6AA0EB01
:10B1E40063002886EDE7AB6A4FF6FF724FF0FF3B32
:10B1F40000984FEA13490394811D4FEA5308A2EBC8
:10B20400090200F5837AD5F824C06FF00047BBFB30
:10B21400F9F9BBFBF2FB6FEA53020292019A029C1A
:10B22400A2EB530E0BE01B0C0CFB03F31B1421F8D5
:10B23400023C02313244B644514500F08280130C82
:10B24400904509FB03F3EED808EB02034FEA1E40D6
:10B2540094424FEA13430BFB107069D900140CFBA2
:10B2640000F00314E3E705F1380A019FA3464FF009
:10B2740000083744424650463946FFF775FD3946C3
:10B284005046FFF71FFD08F00F0208F1010805EB17
:10B294008202B8F1800FB2F94831C2F84801696AF4
:10B2A400AF6301FB03F34FEA23432BF8023BE0D1E6
:10B2B40091E605F13809019FA0464FF0000B029476
:10B2C400AC6A37445B46484622463946FFF794FD4C
:10B2D40039464846FFF7F6FC1E4BA3FB043C0BF033
:10B2E4000F030BF1010BA4EB0C0A05EB8303BBF179
:10B2F400800F0CEB5A0CD3F848114FEA1C4CCCF5D8
:10B30400405C6044C3F848014FEA61136A6AC3EBC6
:10B314006103AF631BB202FB03F34FEA234328F834
:10B32400023BCDD1DDE9013403EBC613019356E6AC
:10B3340009FB03F303F100431B140CFB03F31B147D
:10B3440075E7019B039C03EBC613019347E600BF1B
:10B354009C070020016000802DE9F04F002185B09A
:10B364000646446A00F070FC0346012130461F463D
:10B37400029300F069FC356AD6F830820190002F00
:10B3840000F0F18096F8393283BB06F130013A1DA2
:10B3940007F58279D6F828A08C46C64FDFF81CE35F
:10B3A40047F6FD70DFF818B3039132F9021B0AFB6C
:10B3B40001F121F0784303F10063DB0053FB13F345
:10B3C40053FB17F3C9160EEBC303C1F10E010B4176
:10B3D400A3FB04311B0C814243EA01438CBF5D444F
:10B3E400ED184A454CF8045FDFD114E0029B06F1E6
:10B3F4003000D6F828C02A46191D03F58277039039
:10B4040031F9023B0CFB0323B942224440F8043FC8
:10B41400F6D105EBC415029800F0CAFBF36A356255
:10B42400DBB100F06FFB0290B8B1029A96F83832A3
:10B43400141D0C2B38D8DFE813F0E9010802DB00F7
:10B444001A00550118014501CD017C01BB00BB0068
:10B45400F2004A00029800F0ABFB019B002B00F0C5
:10B464009080184605B0BDE8F04F00F0A1BBDDE9BF
:10B47400023006F50C7EF56A991D4FF6FF7C50F8F4
:10B48400043F02319F0FDA13013FACEBD33305FBCA
:10B4940002F2012F05FB03F34FEA224298BF1A146C
:10B4A400864521F8042CEAD1B6F93632002B6BD14B
:10B4B400019B002B53D1029C30460022214600F010
:10B4C4009FFB204605B0BDE8F04F00F071BB019B27
:10B4D400002B00F0A48006F50F7903F1020825463D
:10B4E4004FF0000BDDF80CA0039438F9027F5B46A3
:10B4F4005AF8044F484607F5004721463F043A46A8
:10B50400FFF77AFC21464846FFF7DCFB6A4BA3FBB6
:10B514000723FF1A03EB57031B0CC3F540531844CE
:10B524000BF00F030BF1010B06EB8303BBF1800F50
:10B53400D3F84C73C3F84C034FEA6713F26AC6F8A6
:10B544003C42C3EB67031BB202FB03F34FEA234302
:10B5540025F8023BC9D1039CB6F93632A3B9019848
:10B5640000F026FBA7E706F1300306F50C712A4626
:10B57400039343F8042F8B422244FAD105EBC415FC
:10B584004CE705B0BDE8F08F029A02F582711A46C5
:10B5940001E0B6F93622B4F90030134403F30F0383
:10B5A40024F8023BA142F4D1019B002B83D0D6E7BF
:10B5B400DDF80C9006F50F7825464FF0000A524648
:10B5C40059F8041F40460AF1010AFFF779FCF36AAF
:10B5D40096F8382203FB00F00A2A4FEA204008BFFD
:10B5E4004042BAF1800F00B225F8020BE7D15BE7C5
:10B5F400F06A20F34F004542029B039A00B22DB239
:10B60400063306F50C7C52F8041F02330029ACBF44
:10B6140001462946944523F8041CF4D144E7DDF897
:10B624000CB006F50F7AA14600255BF8047F2A4684
:10B6340050463946FFF798FB39465046FFF742FB20
:10B6440005F00F02013506EB8202802DB2F94C336E
:10B65400C2F84C03F26AC6F83C7202FB03F34FEAE9
:10B66400234329F8023BE0D11EE7019A002ABFD008
:10B67400F36A23F34F08C8F1000E1346911C029A93
:10B68400039D0FFA88F80FFA8EFE063203F58179CE
:10B6940031F9023F704655F8047F023203F5004346
:10B6A400B7EB034F38BF4046894522F8040CEFD16D
:10B6B40052E700BFABAAAA2A01600080AAAAAA2A5C
:10B6C4000000FE7FF06A2246029B0399C04303F503
:10B6D400827551F8043F30FB13F322F8023B954284
:10B6E400F7D1E1E6356B002D3FF4B4AE029B214661
:10B6F4000398D6F82CE003F5827C50F8042F130E3F
:10B70400C2F30F225F1CFF2B35F9138014BF05EB26
:10B7140047072F46B7F90030C2F5803702FB03F321
:10B7240007FB083353FB0EF321F8023B8C45E4D1AD
:10B73400BAE6019B002B3FF49AAE03F10209029B87
:10B7440006F1340E06F50D7703F1060CF56A4FF099
:10B75400FF3B10E0BBFBF2F26FF0004302FB11333E
:10B764001B1405FB03F31B14BE450CF1020C2CF84F
:10B77400043C3FF4F1AE39F9022F5EF8041B02F5E4
:10B7840000420B0C4FEAC238B1EBC23F6FEA080A21
:10B79400BBFBF2F000FB03F34FEA134305FB03F397
:10B7A4004FEA2343E0D308EB01038A45C2F57F4205
:10B7B400A1EB08014FEA134302F1FF024FEA1141E2
:10B7C40000FB03F3C6D803F100431B1405FB03F38A
:10B7D4001B14C9E7039D06F50C7AA146474606E00B
:10B7E400B6F93432AA4529F8023B3FF45DAE3B4634
:10B7F40055F8047F9F42F3D2F06A00F017FEF36A13
:10B80400A0EB630003B2A6F83432EBE7029B2146B7
:10B81400039DD6F82CE003F5827C134855F8042FD9
:10B82400130EC2F30F2230F913805F1CC2F580336C
:10B8340030F9177008FB03F302FB073353FB0EF3D5
:10B8440021F8023B6145E9D12EE6029B2246039989
:10B85400F56A03F5827051F8043F35FB13F322F8BF
:10B86400023B8242F7D11FE69C07002000224FF4DE
:10B87400C041C0E94222C0E900217047F8B5282937
:10B884001B4B4FF49B770D46164604464FF00101BF
:10B89400C0E902732CBF4FF0FF330123282A44F67A
:10B8A400206228BF4FF0FF3302610360284601F095
:10B8B4007DF83046002101F079F82846002101F096
:10B8C40039F80C4B2A0103EB05159958EA68C4E9C9
:10B8D4000721320103EB061698586FF07042064BAD
:10B8E400F1681B6862606361C4E909102046F8BD11
:10B8F40050C46201100B0020D4470020016170473E
:10B90400F0B472B6856A3249D0E90736C6F8883091
:10B914006B68426A23EA02036B606B68426A1343F2
:10B924006B602C4B476AC5F888704C681A682A4BC0
:10B93400A3FB0232920C02EB820252004B681B1BE7
:10B944009A42FBD86B6823EA07036B60C369C6F8A5
:10B95400843062B6D0E90954C168A3682B42836974
:10B9640005D006E001338361A2682A4201D19942DD
:10B97400F8D8994223D372B6D0E90923046AC3F8EC
:10B98400842059680A435A60416AC3F884105A688B
:10B9940022EA01025A60C369C4F8883062B6D0E969
:10B9A4000945C168AB681C42836904D10BE083611B
:10B9B400AA68224207D0994203F10103F7D86FF035
:10B9C4000100F0BC70479942F9D90120F0BC7047DE
:10B9D400001000E0CC1B002083DE1B4300000000AD
:10B9E40070B500240D468461002936D003680646EC
:10B9F400A34239DB30460134FFF782FF0028E4B26A
:10BA04002DDBA542F6D11C49B36970680A688342EC
:10BA1400D6E904548CBFA3EB000CA0EB030C121B5F
:10BA2400AA4215D907EE900AB8EE677A9FED106B1B
:10BA3400B7EEC77A27EE067BBDEEC77B17EE102A5A
:10BA4400624505D96FF070420968104672607161F1
:10BA5400834207D20020736070BD084670BD6FF04A
:10BA6400010070BD181A70BD4FF0FF3070BD00BFEB
:10BA74009A9999999999B93FD44700204FF0E023B6
:10BA84004022C3F808227047F8B5144B144D1C68C3
:10BA94006E689CB1237A20466BB123686F681B687B
:10BAA40098476B68E188DB1BC3F38F12B1EB931FDC
:10BAB400A28038BFE2806469002CEBD1084B094AAC
:10BAC4005B6810889B1B084CC3F38F11B0EB931F6A
:10BAD400218038BF1180BFF34F8FF8BD5C2A00204E
:10BAE400001000E0F64A0020F44A002003681847DA
:10BAF4000B680360704700BF0B680360704700BFAA
:10BB0400704700BF30B472B6244D254C2A8804F126
:10BB1400700104EB82038B423CD204F16F01501C90
:10BB2400C91A00EB910002E00132824232D09C46F5
:10BB340053F8041B0029F7D0B1FA81F04FF0004309
:10BB4400C34021EA0301CCF8001001B90132154BBE
:10BB54002A801A88013291B2198062B6ACEB040CC7
:10BB640041F67C73C0EB00644FEAAC0CC0EB84106C
:10BB740001240CEB8C1C03EBCC1303EB80030A486D
:10BB84000068C4541844094B1C88944230BC38BF24
:10BB94001980704762B6002030BC7047F84A002014
:10BBA400602A0020F04A0020582A0020F24A00208F
:10BBB400428872B60378012B03D9013B037062B645
:10BBC4007047D14353090B484FF0004201F01F0165
:10BBD400CA4050F823100A430749B1F800C040F89E
:10BBE40023209C45054A88BF0B801388013B1380A2
:10BBF40062B67047602A0020F84A0020F04A00200C
:10BC0400C36813B91DE0DB68E3B1187A9042FAD136
:10BC140010B4586893F809C0006950F82C4054B126
:10BC2400DB682BB1187A9042F3D0DB68002BF9D192
:10BC34005DF8044B704740F82C1008780130087008
:10BC4400EEE77047704700BF437A8B4206D9036919
:10BC5400002253F8210043F8212070470020704748
:10BC640038B5437A8B421BD90369002253F821402B
:10BC740043F82120A4B12378012B01D8204638BDF4
:10BC8400FFF740FF054628B14FF48072211D0430B0
:10BC940000F050FF2378013B23702C46204638BD2A
:10BCA4000024204638BD00BF00220449C0E9002218
:10BCB400028102740A680860C2607047D02A0020BA
:10BCC400037CFBB903680146FBB14368EBB1427ADC
:10BCD4005B7A9A421CD230B472B62B4B1C68ECB11E
:10BCE400E368C3B1486801E0DB68A3B15A688242E3
:10BCF400FAD193F809C04A7A9445F5D162B6042082
:10BD040030BC7047012062B67047032062B67047AA
:10BD1400022062B670476469002CE1D11B4C236891
:10BD240043B1994202D10BE0994207D01A46DB682D
:10BD3400002BF9D1052062B630BC704702F10C0427
:10BD44000D68E868E8B1C3681BB908E0DA683AB17D
:10BD5400134681421846F9D162B60620D0E703465D
:10BD6400D960CB68002023600123C860AA7A2B72B3
:10BD74001A44AA724A68947A13721C4494720B741B
:10BD8400D9E7E960EDE700BF5C2A0020D02A002053
:10BD940010B5047C9DF808E00CB1012010BD0272BE
:10BDA40080F809E0C0E90013BDE81040FFF788BF40
:10BDB40038B5037C002B36D043680446427A5B7A5C
:10BDC4009A4238D272B60168CB68002B2DD09842C3
:10BDD40033D01A46DB689C422AD0002BF9D1626822
:10BDE400607A136953F8200048B1FFF7E1FE72B698
:10BDF40062680025607A1369216843F820508B7AC1
:10BE0400013BDBB28B7203B90B72937A013BDBB259
:10BE1400937203B913720A4B00201A6820741C60D1
:10BE2400E26062B638BD012038BD62B6032038BD79
:10BE3400E368D360D3E7022038BDC368CB60CEE7A4
:10BE4400D02A002010B50446FFF7B2FF094A136850
:10BE540043B19C4202D108E09C4205D01A46DB68FB
:10BE6400002BF9D1204610BD0C32E3682046136044
:10BE740010BD00BFD02A00200C4B1A789AB90C4A86
:10BE84000C4910B4C2F858110B48D02401224FF0C9
:10BE9400E02180F8464040241046C1F808415DF88E
:10BEA400044B1A7070470020704700BF104B0020ED
:10BEB40000240020F99C000000E400E070B472B695
:10BEC40021B9036813B102790F2A45D9294C218875
:10BED400002341FA03F212F0010208D00133102BBF
:10BEE400F7D162B600220371026070BC70474FF054
:10BEF400010C0CFA03FC41EA0C01218062B61E4DD0
:10BF04005FFA83FC1D4940F2824680F804C0EC6F5E
:10BF1400194483F0030344F0C0044901EC67A5F518
:10BF24009F35174CA5F58075266084F81AC084F8EF
:10BF34001EC084F818C084F81FC00160C1E9002243
:10BF4400C1E90222C1E90422C1E906225A5D42F094
:10BF5400C0025A5570BC7047064C218841FA02F55C
:10BF6400ED07B5D5054D1544B3EB451FB0D162B609
:10BF7400BBE700BF004B002000C00F4080740002EC
:10BF840000800E4003790F2B11D8094A937672B6BC
:10BF94000849012290F804C00B8802FA0CF223EA43
:10BFA40002030B8062B61022002302710360704703
:10BFB40000800E40004B0020704700BF704700BF58
:10BFC400704700BF704700BF70B51A4C1A4D236804
:10BFD400AB4202D0194AD16829BBA369AB4202D053
:10BFE400164AD169C9B9236BAB4202D0134AD16A4C
:10BFF40069B9A36CAB4209D0104AD16B31B10121AC
:10C004001B680F48D163BDE87040184770BD01211B
:10C014001B680C48D1629847EBE701211B680A486A
:10C02400D1619847DFE701211B6804F10800D16062
:10C034009847D2E7C0260020D809002000410840D4
:10C0440010270020F8260020E026002038B5064CF2
:10C05400A4F1600554F8083C2046183CDB68984776
:10C06400AC42F7D138BD00BF1027002003682DE98A
:10C07400F041044688B01746002B4BD000229A604A
:10C084000122DA60304D04A8DFF8E0801D4451F845
:10C09400083B2D1102935B6805EB45069847F600B3
:10C0A40006F1080058F806304044DB6801909847D0
:10C0B400264A04A9DDE90103029248F806309B6888
:10C0C4009847029B04A8DB6898472368032220480A
:10C0D4001F609A601F4A23791F4C53551378517877
:10C0E400C0F828428B4228BF0B469178D2788B4205
:10C0F40028BF0B46934228BF1346184C4FF0E0224A
:10C104004FF08061012084F87A30C2F80C1108B035
:10C11400BDE8F081124AD36E43F44053D366012242
:10C12400104B1A60104A1346026040329868002887
:10C13400A8D0103393422360F8D10023184623601B
:10C1440008B0BDE8F08100BF00BFF7BFD8090020E8
:10C1540000240020E01B002039A2000000E400E0DD
:10C1640000C00F400040084000410840C0260020A5
:10C17400F8B5036843B3154C0746154E1C44241107
:10C1840004EB4405ED00735905F10800DB68304405
:10C194009847104B0021012273513B689960DA6083
:10C1A400FF230D4A1355137850789478834228BF9F
:10C1B4000346D078094AA34228BF2346834228BFB6
:10C1C400034682F87A303960F8BD00BF00BFF7BF7C
:10C1D400C0260020D8090020E01B002000E400E075
:10C1E40010B4064B0020064C064A1C609C611C637C
:10C1F4009C6405495DF8044B02F07CBDC026002018
:10C20400D8090020F41B0020BDA20000084602F05B
:10C21400DDBB00BF012A70B508BF0A228AB091B302
:10C224004FF0210E01E05FFA86FE0EF1FF36B1FBFE
:10C23400F2F502FB15145FFA84FC092C0CF13704A7
:10C244000CF1300C98BF5FFA8CF40EF1280C88BF07
:10C25400E4B29142EC4429460CF8244CE3D24BB1AD
:10C264000EF1FF3E2D225FFA8EFE0EF128036B4481
:10C2740003F8242C036801A9CEF122025B687144FF
:10C2840098470AB070BD30224FF0210E8DF825205A
:10C29400E5E700BF002903DB00230A22FFF7BABF4A
:10C2A40049422D230A22FFF7B5BF00BF00B503683A
:10C2B40083B040F60D2C022201A95B68ADF804C0DE
:10C2C400984703B05DF804FBB4EE400B70B5F1EE93
:10C2D40010FA05462DED028B86B07CD6B0EEC07BFD
:10C2E4009FED476BB4EE467BF1EE10FA6BDC9FEDED
:10C2F400467BB4EEC70BF1EE10FA5ADC9FED447B9B
:10C30400B4EEC70BF1EE10FA53D4B5EEC00B0C46E5
:10C31400F1EE10FA5BD40023B6EE007B002C5ED065
:10C324004FF0000C9FED3C6B0CF1010C27EE067BEB
:10C334005FFA8CF2A242F7D330EE070B0A222846AA
:10C34400FCEEC07BB8EE678B17EE901A30EE488B8C
:10C35400FFF760FF0F2C4FF02E03B2EE046B06467E
:10C3640028BF0F248DF808300DF1090302AA611EBD
:10C3740053FA81F128EE060BFCEEC07BCDED017A79
:10C384009DF8043007EE903A3033B8EEE78B02F8AC
:10C39400013F914230EE488BECD12B68013402A965
:10C3A40028465B68E2B29847304606B0BDEC028B83
:10C3B40070BD2B6803221A495B6806B0BDEC028B82
:10C3C400BDE870401847036803221649F4E7B1EE4C
:10C3D400400B0123A0E7036803221349ECE730EE86
:10C3E400070B0A222846FCEEC07B17EE901A06B013
:10C3F400BDEC028BBDE87040FFF70CBFAFF30080CB
:10C40400FFFFFFFFFFFFEF7F000000E0FFFFEF41B2
:10C41400000000E0FFFFEFC19A9999999999B93FFB
:10C42400D4090020D0090020CC09002000B97047AD
:10C4340014490A68EAB1D31730B4134C134D84FB82
:10C44400024C134C9444C3EB2C4304FB132244F2DC
:10C45400A71405FB03F304FB0233002B10DA6FF07F
:10C4640000421A440A60B2FBF0F330BC00FB132014
:10C474007047084AB2FBF0F30A6000FB13207047D0
:10C484001A46EFE7542A00205F0B4E83ECF4FFFFBB
:10C494001DF3010042CE0C1F1C2849D8F8B5254FC6
:10C4A40004463B78E3B9244B1B5DFF2B29D0234A78
:10C4B40002EB041291680A6802F44050B0F5805F00
:10C4C40030D01C061FD41E4C2360236AD80704D422
:10C4D40002F010FB236AD907FAD5194B586AF8BD44
:10C4E400174D184E01E002F005FBAB6C1B06FAD4A5
:10C4F400B36C13F08003F6D13B700F4B1B5DFF2B25
:10C50400D5D10020F8BD0F4C03F07F032360236ACC
:10C51400DA0704D402F0EEFA236ADB07FAD5094BF2
:10C52400586AF8BD22F480521C060A60EBD4CAE7AC
:10C5340000207047194B00206C0E0020100B0020C7
:10C5440000400C4000800C40A249A34B88422DE9D6
:10C55400F047A24C5E699A69D4F80C801BD9A04BB1
:10C56400984240F20281C31A9E491B0AA1FB03139D
:10C5740040F22761DB0903EB830303EB830303F23C
:10C58400E2438B4228BF0B46A3F54877964BA3FBA7
:10C594000737FF0804E0954FB8428CBF0E270627E3
:10C5A4008D4908F01F09D1F88030B94543F0C00324
:10C5B400C1F880300CD228F01F08A1F5F82148EA10
:10C5C4000708C1F80C800B68002BFCDA08F01F097F
:10C5D40016F0007324D186490C698649A14300F002
:10C5E400EA8082F4805134464FF4805514F0605F41
:10C5F40004D026F060561E43774B5E6111F4405F11
:10C6040007D022F4405274492A438A618B6C1A077A
:10C61400FCD446F00076704A5661936C9B06FCD4B9
:10C62400754CA04200F2CE804FF0010C01466346E7
:10C6340003FB011203F1010E0CF10105A24218D80B
:10C64400BEF1080F4FF0010340F08D80BCF1040FE0
:10C6540000F291800A18A24200F2A48005FB00F1C6
:10C66400AC4603F1010E03FB01120CF10105A242D9
:10C67400E6D90CF1FF318C0286EA81215F4810442F
:10C684005F4A90427FD9DFF8A4A16C225D48584DDF
:10C69400B0FBFEF0D5F800E0B0FBFCF0DFF890C191
:10C6A4000EEA0C0CD44509D042F400524FF4805CDD
:10C6B400C5F800C02A602A68002AFCDA464A1569CF
:10C6C40005F007059D4203D01361936CDD03FCD490
:10C6D40011F4E05F09D026F4E05604F4E0543E4A35
:10C6E40026435661936C9907FCD44749474A014451
:10C6F40091423CD8464BC909A3FB0131090B4B1E9F
:10C704001B0286EA030212F4407F06D026F4407628
:10C7140003F44073304A334353612F4A536923F07F
:10C7240000735361936C9B06FCD43A4B4F45A3FBB7
:10C7340000234FF0FF324FEA9343B0FBF1F1B2FB19
:10C74400F3F3354A1060354A1160354A136008D254
:10C7540028F01F08214A48EA0707D7601368002B0E
:10C76400FCDABDE8F087734662E7122718E74FF456
:10C7740040730421C5E70CF1FF31204807238C02E4
:10C78400104486EA8121274ADFF8A8A0A2FB0020F2
:10C79400020D2548362A38BF362202FB00F042EA51
:10C7A4000A0A74E74FEA8C24002386EA8C214FF0AE
:10C7B400010EAC4662E71D4686F0C05411464FF0A8
:10C7C400C05313E700244FF0010C024631462346C0
:10C7D400E64653E700A4781F00C00F40000008405D
:10C7E4000046C32323B24C001F85EB5100366E0173
:10C7F40000800D4040300080FFB19F26808D5B009B
:10C80400FF7EF64D00643F4D7FD1F0087F17B42CB6
:10C814009F10E50083DE1B43CC1B0020C81B0020B7
:10C82400C8470020819F5E16001BB7006C20008063
:10C834007F3001800020008000B970472DE9F84F57
:10C8440001218146214C224D224E54E8003F2A68A2
:10C85400306844E80013002BF7D11F494B684FF4AC
:10C864007A7BDFF878A01B1A01270BFB02F8DAF8B1
:10C874000020A3FB02325A4594BF9044D84454E8A4
:10C88400003F2A68306844E80073002BF7D14B68F6
:10C89400DAF800C01B1A0BFB02F2A3FB0C3CBCF53C
:10C8A4007A7F94BF624402F57A72A2EB0802B2F571
:10C8B4007A7F06D3B9F1010908F57A78DFD1BDE8AA
:10C8C400F88F02F017F90449D9E700BFD8470020D0
:10C8D400D4470020D0470020001000E0C8470020C3
:10C8E40030B40F4B4FF0010C0E4D0F4C53E8002F9A
:10C8F4002868216843E800C2002AF7D10B4B5B6823
:10C904000B4A5B1A4FF47A71126801FB00F0A3FB27
:10C91400023230BC8A4294BF80184018704700BF6E
:10C92400D8470020D4470020D0470020001000E062
:10C93400C8470020272816D80201104B03EB00102B
:10C944009B5810B4C2685C68144205D061B95DF8A4
:10C95400044BC3F888207047836851B1084A5DF8D6
:10C96400044B1A60704770475DF8044BC3F8842089
:10C974007047044A5DF8044B1A607047100B00209E
:10C9840038F001003830010027280BD8064B02018B
:10C9940003EB00109A58C36892681A4214BF01202E
:10C9A4000020704700207047100B0020272829D84A
:10C9B400164B0201012903EB00109A5810B4536876
:10C9C400C4680ED004290CD023EA0403536083689E
:10C9D400A9B1022917D003290CBF0D4A0D4A1A60C8
:10C9E40007E0234301295360836808D040F63802E6
:10C9F4001A60436815225DF8044B1A6070473822A8
:10CA04001A60F6E77047044A1A60F2E7100B002038
:10CA1400383001003800010038F00100704700BFD1
:10CA2400272858D80001F0B4344C354D2358AB4274
:10CA340056D049D8B3F1844F4BD0A5F58045AB42CD
:10CA440040D1304D2044304E304CC4F8B462D0E96B
:10CA540001C4C0684FF0E0264FF00057042AC6F81E
:10CA640010712FD85E6926EA00065E614FF0050654
:10CA7400CCF80060266846F4803626605C6824EAB8
:10CA840000045C60224C54F8224090FAA0F2B2FAFE
:10CA940082F245F822106FEA00011DD0DD690F2AE9
:10CAA40001EA0501D9611DDC52000325D9689440CF
:10CAB40005FA02F221EA02022243DA6098615A6915
:10CAC40002435A61F0BC7047124DAB42FAD1124D89
:10CAD400B8E7124DB6E77047DA690243DA61EDE769
:10CAE4000F4DAFE7103A032519695200944005FA37
:10CAF40002F221EA020222431A61DFE7100B00204E
:10CB040000800042A020002021000000002400201A
:10CB1400A009002000C00042A02100202020002005
:10CB24002021002008B5F5F7A7FFF6F785F901F0F5
:10CB3400E1FFFAE7844641EA000313F003036DD1F1
:10CB4400403A41D351F8043B40F8043B51F8043BCC
:10CB540040F8043B51F8043B40F8043B51F8043BD3
:10CB640040F8043B51F8043B40F8043B51F8043BC3
:10CB740040F8043B51F8043B40F8043B51F8043BB3
:10CB840040F8043B51F8043B40F8043B51F8043BA3
:10CB940040F8043B51F8043B40F8043B51F8043B93
:10CBA40040F8043B51F8043B40F8043B51F8043B83
:10CBB40040F8043B51F8043B40F8043B51F8043B73
:10CBC40040F8043B403ABDD2303211D351F8043B13
:10CBD40040F8043B51F8043B40F8043B51F8043B53
:10CBE40040F8043B51F8043B40F8043B103AEDD2C2
:10CBF4000C3205D351F8043B40F8043B043AF9D213
:10CC0400043208D0D2071CBF11F8013B00F8013BE5
:10CC140001D30B8803806046704700BF082A13D3F2
:10CC24008B078DD010F003038AD0C3F10403D21A0A
:10CC3400DB071CBF11F8013B00F8013B80D331F83E
:10CC4400023B20F8023B7BE7043AD9D3013A11F8BE
:10CC5400013B00F8013BF9D20B7803704B78437029
:10CC64008B7883706046704703F098BE01F1FF3CF7
:10CC740070B56646002400E00134B0FBF2F502FB17
:10CC84001503092B03F1370E03F130035FFA8EFE0F
:10CC940098BF5FFA83FE9042284606F801EFEBD274
:10CCA400631C0022C818CA547CB162461CF8015F98
:10CCB40010F8016DA1EB0C0302328CF80060013B0B
:10CCC400521A057023449A42EFDB084670BD00BF38
:10CCD4004FF0010C0CFA01FC01EB410100EB411196
:10CCE40070B5B1F80EE01FFA8CF5254C1FFA8EFED4
:10CCF40024782E010EFB033306F0F006E340B0F86F
:10CD040088417345A4B228BF73463443012AA0F86E
:10CD140088410DD0022A28D0C2B10CF00F02B0F81D
:10CD240088C11FFA8CFC4CEA020CA0F888C170BDC3
:10CD34009BB20CF00F022D02CB82B0F8803105F4C7
:10CD440070659BB22B43A0F88031E8E7AEEB030E8D
:10CD54000CF00F021FFA8EFEA1F80AE0B0F8803141
:10CD64009BB21343A0F88031D9E79BB20CF00F02B9
:10CD7400CB83B0F880319BB21E43A0F88061CEE72C
:10CD8400C822002027284BD8F8B52A4D044615F8A8
:10CD9400202005EB8005012A2DD0022A3FD16B7893
:10CDA400C3F3011003283ED0234A02EB803203F080
:10CDB400030C224889B2634602EB4C1C0678BCF88B
:10CDC40006E05801BCF810301FFA8EFECEF1011EA9
:10CDD4001EFA83F303F1FF3E0EFB01F1F1408E4591
:10CDE40023D95B1AC3F101039BB289B20244ACF8A4
:10CDF400063011820DE06A78C2F30113032B10D0C0
:10CE04000F4800EB83308BB202F00301AA78FFF7DE
:10CE14005FFF0C4BEA7803EB04135B681A60F8BD00
:10CE240070470948EFE7094AC1E7991E4FF6FF73B7
:10CE3400DBE700BF880E002000C01D40C822002090
:10CE440000C03D40100B002000803E4000801E408A
:10CE540000230F2248F2B82C194610B54FF4704441
:10CE64004FF4806EA0F88C414FF46044A0F88E21FA
:10CE74000A46A0F89031B0F888319BB243F0F00331
:10CE8400A0F8883101EB4103013100EB431304297D
:10CE94009C80A3F806E05A841A865A805A81A3F823
:10CEA4000EC05A82DA825A83DA83EBD1B0F8883121
:10CEB4009BB243F00F03A0F88831B0F888319BB2DD
:10CEC40043F47063A0F8883110BD00BF374B384A73
:10CED400996F384841F47F0170B5996741F20106B2
:10CEE400D3F8801045F6C05543F226040A43C3F82C
:10CEF4008020FFF7ADFF00F58040FFF7A9FF00F5A4
:10CF04008040FFF7A5FF00F58040FFF7A1FF002256
:10CF1400A0F503104FF00F0E114600EB42134FEA39
:10CF2400421C01329981042A5981A3F80EE09E82A1
:10CF3400DD8020F80C1019829C81EED100221E485D
:10CF44004FF00F0E41F20106114645F6C05543F26B
:10CF5400260400EB42134FEA421C01329981042A51
:10CF64005981A3F80EE09E82DD8020F80C1019820E
:10CF74009C81EED1002211480F2641F20105114691
:10CF840045F6C05443F2260E00EB42134FEA421C0E
:10CF940001329981042A5981DE819D82DC8020F846
:10CFA4000C101982A3F80CE0EED170BD00C00F4044
:10CFB400000003FC00C03D4000001E4000401E4035
:10CFC40010280346044A28BF10231078012B38BFC9
:10CFD40001231370704700BFC822002072B6EFF31C
:10CFE4000583524CC4F884301EF0040F0CBFEFF3D9
:10CFF4000882EFF309824FF0E0234D4E4D4DD3F8F4
:10D00400280DD3F82C1DC4E92201D3F8341DD3F81C
:10D01400383DC4E924139369C4F89830D369C4F83B
:10D024009C3000F0BFF884ED280A01F003FE0B21C8
:10D034004FF0FF32C4F8A4000B46C4F880103E49F8
:10D04400301D5A40202402F00103013C01FB03F38C
:10D0540083EA5202F7D1A84202D073680646EFE78A
:10D06400324BC3F8A820BFF34F8F4FF0E023304971
:10D07400324AC3F8701FC3F8702FBFF34F8FBFF34A
:10D084006F8F2F4A02252F48D36E2F4943F4405304
:10D09400D3660560D3692D4823F07F0343F0400332
:10D0A400D3610B6883423DD8264D00214FF0E02325
:10D0B4004FF0FF3229600126C5F808112449C5F84C
:10D0C4000011C5F80861C3F88021C3F88421C3F8AE
:10D0D4008821C3F88C21C3F8902101E000F070F995
:10D0E400D5F80C31002BF9D00134C5F80C614F2C64
:10D0F400F4D9184B022018494FF00042C1F84001FE
:10D104005A63D5F80C313BB9144815490D4A0163EB
:10D11400D2F80C31002BFAD04FF0E023114AC3F8B7
:10D124000C2DFEE7FFF710FABEE700BF00FF272033
:10D1340080FF2720A8FF27202083B8EDA0FF272009
:10D1440000C00F4000400840CC1B0020803DCD0BA8
:10D15400009F240000900D4000002E4000800F40EE
:10D16400F100AD0B0400FA050A490A6838B108B5A4
:10D1740013180948834204D810460B6008BD1046B2
:10D18400704703F039FF0C234FF0FF320360104661
:10D1940008BD00BFF01B00200000282030BFFDE7C1
:10D1A400FFF71CBF124AD2F880305B07FBD5D2F8D8
:10D1B40080301048C3F30B230F4990ED007A07EE3B
:10D1C400903A91ED006AB8EE477A0C4AF8EEE77AA5
:10D1D4000B4BD2ED006A77EEC77A93ED007AB8EE86
:10D1E400477A67EE867A87EEA60A37EE400A7047DA
:10D1F40000810D40B8470020C0470020C4470020EC
:10D20400BC470020836BF0B41BB1536843F4004364
:10D21400536072B6446B3CB31A4B2260D3F8B041EE
:10D224000C421DD1184E776804E07468E41BB4F511
:10D23400166F0BD2D3F8404144F48044C3F8404104
:10D24400D3F8B851D3F840416404EED50D4007D16A
:10D254000C4CC0E90225D4F8B0310B43C4F8B0310A
:10D26400426362B6F0BC7047064DC0E90224D5F8AB
:10D27400B0310B43C5F8B0310263426362B6F0BC0F
:10D28400704700BF00002E40001000E070B5056B31
:10D294009DB106462A46002403E012680134012A9F
:10D2A4000CD0536813F08003F7D032632CB12846B6
:10D2B400B36B2D689847013CF9D170BDC6E90C33B6
:10D2C400F4E700BF30B4D9B91F4C204B0021204AE9
:10D2D40001254FF0011099601D60C4E902318024DA
:10D2E4005C60C2F8BC01D2F8B0311A482B43C2F8D2
:10D2F400B0310160D2F8B031002BFBD130BC7047A3
:10D304000904154B104C012541F080019860104A26
:10D31400596000F580511D60D96000F50051A36487
:10D32400196100F5405100F5804059610021986170
:10D33400E164D2F8B03143F48033C2F8B031D2F8AA
:10D34400B031002BFBD1C0E70000002020270020D3
:10D3540000002E40243100204027002010B472B673
:10D364000A4C01220A49237802FA00F0184320707B
:10D37400D1F848311A0605D480221343C1F8442158
:10D38400C1F8483162B65DF8044B7047334B002056
:10D3940000002E40084901220B7802FA00F023EA2B
:10D3A4000000087030B9054AD2F8483123F08003F0
:10D3B400C2F84831704700BF334B002000002E40B4
:10D3C4002DE9F04F9C4C83B0D4F84461F107C4F8C4
:10D3D40044616AD5D4F8AC31002B61D0DFF8848283
:10D3E400964DDFF878B208F5805ADFF87C92944FB6
:10D3F400C4F8AC31D5E90A20D4F8403143F40053E1
:10D40400C4F84031D4F840319B04F5D5D4F8403108
:10D4140023F40053C4F840314FF00113C4F8B4317D
:10D42400D4F8B43113F00113FAD191B240F2816C03
:10D43400CBF80030614500F2D980B1F5D06F80F0AF
:10D444006181B1F5817F00F08F8140F2AB8040F2C1
:10D45400023C614500F0B281B1F5A06F40F0C1809B
:10D464007849EB648B600123A9640B6080234B60D3
:10D474004FF00113C4F8BC31D4F8B03143F4803315
:10D48400C4F8B031D4F8B031002BFBD1130C5B06D7
:10D4940043F08073C4F85431D4F8AC31002BA7D1D5
:10D4A400654AD2F8BC31002B4AD1720616D5624BBC
:10D4B400D3F8AC21C3F8AC21D3F8BC21C3F8BC2108
:10D4C400D3F8B041002CFBD14FF0FF32C3F8B421A4
:10D4D400D3F8843101F012F95B4B1C60F40103D5DD
:10D4E4005A4B1B6803B19847B00103D5584B1B68CE
:10D4F40003B19847710708D54F4BD3F8843113F41F
:10D5040000731AD0534B01221A704B4BD3F8483195
:10D514001A060FD533060DD54F4A13782BB1013BAC
:10D52400DBB21370002B00F0428203B0BDE8F04F71
:10D5340000F0AABC03B0BDE8F08F464A1370E4E7DC
:10D544004649C2F8BC310868034240F061813E4A52
:10D5540014681C40A9D05FEA144810D0374D4FF02E
:10D56400010998FAA8F7B7FA87F705EBC71009FA83
:10D5740007F74030FFF78AFE38EA0708F1D1A4B272
:10D58400002C92D02D4D4FF0010894FAA4F7B7FA6D
:10D5940087F705EBC71008FA07F7FFF777FEBC43D8
:10D5A400F3D182E7802900F0A780822919D183B2C0
:10D5B40010F0780015D103F07F0257F82210284AA2
:10D5C4001080180600F1C081CB0701D50123137028
:10D5D40002212348FFF776FE5EE7010C072900F0DD
:10D5E40045814FF00113C4F8C03155E742F2210CD4
:10D5F4006145F2D03AD942F22123994268D042F2ED
:10D6040021339942EDD10F4B00229A60EA64012242
:10D61400AB641A6080225A604FF00113C4F8BC3125
:10D62400D4F8B03143F48033C4F8B031D4F8B03115
:10D63400002BFBD130E700BF00002E40000000208B
:10D64400C0012E402027002028310020544A002009
:10D65400584A0020424B0020484B0020243100202F
:10D66400D44600201C31002040270020B1F5086F6B
:10D674003AD0B1F5106FB4D1B548C2F307424FF0B8
:10D68400C81100930270B34AC4F8C821C4F8CC117D
:10D69400C4F8D01101F034F800F08CFBAE4A01213B
:10D6A400009BAA6411608021936051604FF00112C5
:10D6B400EB64C4F8BC21D4F8B02142F48032C4F83D
:10D6C400B021CBF80030D4F8B031002BFBD1E3E625
:10D6D40080B2002897D1A14BC2F307421968A04B2E
:10D6E4001960A04B1A708EE7994B01219E481B7854
:10D6F4000370FFF7E7FDCFE69B4802210380FFF7A5
:10D70400E1FDC9E6994B596800293FF46AAF4FEA35
:10D71400124E82B204E019690C3300293FF461AF60
:10D72400B3F800C0F445F6D1B3F802C09445F2D181
:10D734004FEA1E22032A00F0D8801A89000C824284
:10D7440028BF0246BEF5007F40F0D480884B89494B
:10D754001878894B0092002818BF19468748FFF7AC
:10D76400E9F9864B009ADAE010F0780F83B27FF47F
:10D7740038AF03F07F0213F0800F57F8223014BF44
:10D7840023F4803323F0010347F822300022724B44
:10D79400EA649A600122AB641A6080225A604FF0F6
:10D7A4000113C4F8BC31D4F8B03143F48033C4F865
:10D7B400B031D4F8B031002BFBD16DE610F0780F06
:10D7C40083B27FF40EAF03F07F0213F0800F57F89B
:10D7D400223014BF43F4803343F0010347F822306E
:10D7E40000225D4BEA649A600122AB641A608022D5
:10D7F4005A604FF00113C4F8BC31D4F8B03143F48B
:10D804008033C4F8B031D4F8B031002BFBD143E6F7
:10D81400002008605A490C88486842F221018C4271
:10D824007FF495AE80B200287FF491AE5549564CF2
:10D8340003C9A18086284FEA11412060A1717FF4B9
:10D8440086AE72B65148017841F008010170D2F8F1
:10D8540048110D0605D480200143C2F84401C2F8E2
:10D86400481162B64A4A5021117070E6EB600123F8
:10D874004349C9F80030474B0A60C9F80430464BA5
:10D884004860C9F81030C5F80890C9E9028AD4F88C
:10D89400B02142F00102C4F8B02103F5805203F52F
:10D8A4000053C9F81420C9F81830D4F8B031002B4B
:10D8B400FBD1294AEB6493600123AA64136048F204
:10D8C400800353604FF00113C4F8BC31D4F8B03175
:10D8D40043F48033C4F8B0314FF48033CBF80030D4
:10D8E400D4F8B031002BFBD1D6E5000C0A78824283
:10D8F40028BF0246BEF5E06F50D11D4B1D4893F87A
:10D9040000C01D491D4BBCF1000F18BF0146009219
:10D914001846FFF70FF9072103464170009A23F0D8
:10D924001F011344BFF34F8F4FF0E020C0F8701F66
:10D9340020318B42FAD8BFF34F8FBFF36F8F0F485C
:10D944001146FFF7BFFCA7E5C9033FF53FAE3FE62D
:10D95400414B00200200CC0020270020D4470020A7
:10D96400DC480020404B0020D4460020381A002018
:10D97400424B0020581C0060F01C0060008A2020EC
:10D98400202A00201C310020D4480020334B0020E2
:10D99400484B0020800007001C510020064B18460D
:10D9A400CDE90023FFF7C6F8DDE90023B7E703203C
:10D9B400FFF7F0FC03F0ECFC008A20202DE9F0478F
:10D9C4001F46831E022B01D9BDE8F087DFF84C9077
:10D9D40015460C463C2209EBC01806464FEAC01A0D
:10D9E400002108F10400240403F09CFAB5FA85F23E
:10D9F4000123520944EA427449F80A40C8F83870CD
:10DA0400C8F80830002FDFD0034AB34011680B4335
:10DA14001360BDE8F08700BF28310020000000201B
:10DA24002DE9F0470D46811E022901D9BDE8F08792
:10DA3400C701DFF84C909246044640373C2200214F
:10DA44001E4609EB07082D0408F1040003F06AFAE6
:10DA5400BAFA8AF2520945EA427249F807200122C9
:10DA6400C8F83860C8F80820002EDFD0034B103403
:10DA74001968A2400A431A60BDE8F08728310020E3
:10DA84000000002012048160C36101F5405342F09C
:10DA9400800210B40124426001F50052046001F5D3
:10DAA400805401F58041C46081615DF8044BC0E994
:10DAB40004237047831E0A46022B00D97047064B85
:10DAC40000F110014FF0010C03EBC0100CFA01F14E
:10DAD4004030FFF797BB00BF00000020831E0A46BA
:10DAE400022B00D970470121024B814003EBC01087
:10DAF400FFF788BB0000002040687047124A134BB0
:10DB0400D2F8200220F07F40984210B584B002D2AF
:10DB140000EB800040000E4C01A90A22FFF7A6F892
:10DB240001A90023204611F8012B01333AB10A2B35
:10DB340020F8022FF7D11623237004B010BD5B0028
:10DB4400DBB2237004B010BD00441F4080969800DF
:10DB54005022002000F0F2BE00F0C2BE00F026BF4A
:10DB640000F0E0BE00F07CBF00F052BF0846114652
:10DB740000F042BF38B50C4B04460C4D1B68298895
:10DB840043B1B1F5917F09D24B1C9BB2084A2B805B
:10DB9400545438BDB1F5917FF6D338BD0022044802
:10DBA400984700210123F1E71C4900200E4B002077
:10DBB40030490020F8B5144C4FF0E025134E4FF4D3
:10DBC400003204EB4024124F06EB40160346C5F81E
:10DBD4008C2121463A883046FFF754FF3B88234482
:10DBE400BFF34F8FC5F85C4F2034A342FAD8BFF37C
:10DBF4004F8FBFF36F8F04203146FFF76FFF4FF451
:10DC04000033C5F80C31F8BDA08A2020602700201D
:10DC1400024B002042684FF6FC71114BC2F30E42D6
:10DC2400C0691B889B1A0B4017D00E4930B40E4CA8
:10DC34000E4D227821F810300021013225F8101001
:10DC4400062A94BFD1B20A46217009490C682344BC
:10DC54000B60084B985430BC7047FFF7ABBF00BF54
:10DC6400024B00206C4700202E4B002088470020E8
:10DC740064470020A44700202DE9F04F0123DFF87A
:10DC840028A1DFF828B183B0414E9AF80020414D15
:10DC9400414F8BF8003005EB42153388D7F80080EC
:10DCA400CDE90002002B6DD13C4CDFF804912846ED
:10DCB400FFF722FF10F080005DD03B68A3EB080360
:10DCC400282B04D90123237003B0BDE8F08F2378F7
:10DCD400002BF9D199F80030002BF5D000F00AFFA1
:10DCE4003388002BE3D02E4A9AF800101288D01AF9
:10DCF400043B2C4C9BB22044338000EB4120009E1B
:10DD04004902C0F8006C93BB04F5406428460C44F7
:10DD14002146FFF7B7FEBFF34F8F04F1200204F54D
:10DD24000073934234BF012310234FF0E02204EB2D
:10DD34004313C2F8704F20349C42FAD1BFF34F8F83
:10DD4400BFF36F8F04202946FFF7B4FE019B022026
:10DD54000133032B94BFDBB200238AF80030FFF7B2
:10DD640019FB00238BF8003003B0BDE8F08F0220CC
:10DD7400FFF7F4FAF5E70A4B9AF800101A882070B6
:10DD84001346B5E7064A01991288D01AB0E700BFD6
:10DD9400064B002020290020D4470020354B0020CA
:10DDA4000A4B0020A08A20203C4B00203E4B002040
:10DDB400414B0020214B70B51B78002B3BD04FF416
:10DDC40000731E461E4980221E4D00240B80002134
:10DDD4001D482B8003F0A6F81C4A21461C4B1470E6
:10DDE400C0221C481C8003F09DF81B4A31461B4B83
:10DDF400042094609C60C2E90044194AC3E90044C9
:10DE04001470184B184A1C70184B14602246FFF704
:10DE1400D5FD2346224629880420FFF701FE20462B
:10DE24000134FFF7C7FE062CF9D100231049114A2B
:10DE34000B70137070BD40231E46C3E7424B002095
:10DE4400024B00200A4B0020202900203C4B0020DC
:10DE5400064B0020602700206C47002088470020E4
:10DE64002E4B0020304B00206447002085BE00006C
:10DE7400354B00203E4B0020024B1B780BB1FFF7C3
:10DE8400FBBE7047414B00202DE9F843214B1D7820
:10DE940015B9214E33880BB9BDE8F883DFF88880C3
:10DEA4001E4A98F800701E4C02EB47191D4A04EBF9
:10DEB4004724128848462146D21A2B46FFF7E2FD32
:10DEC400BFF34F8F04F1200204F50073934234BF73
:10DED400012310234FF0E02204EB4313C2F8704FE8
:10DEE40020349C42FAD1BFF34F8FBFF36F8F0137B9
:10DEF40049460420FFF7DEFD032F4FF000034FF0E7
:10DF0400020098BFFDB2338088F80050BDE8F843A2
:10DF1400FFF740BA3E4B0020064B0020202900208A
:10DF2400A09620200A4B00203C4B0020F8B54FF46B
:10DF340000324FF0E023204CC3F88C211F4B227891
:10DF440019788A422ED0D3B21D4A1E4F01331E497E
:10DF54001E4E072B28BF0023D05C37F8102001EB9E
:10DF640040218D580432316892B2043927F81020C8
:10DF74003160174931F81010914207D94FF0E0236E
:10DF84004FF400322846C3F80C21F8BDDBB22370ED
:10DF9400FFF710FE4FF0E0234FF400322846C3F899
:10DFA4000C21F8BD00254FF0E0234FF40032284641
:10DFB400C3F80C21F8BD00BF304B00202E4B0020CD
:10DFC400A447002088470020A08A2020644700201E
:10DFD4006C470020F8B50646FFF7A8FF90B1C0F3E0
:10DFE400031300F00F059C4A0446070A1370A5F1B9
:10DFF4000803062B08D807F00F030133002E45D081
:10E00400B34243D00020F8BDAB1EF8B2012B19D99E
:10E01400F72818BFF02801D9052D13D0042D00F0DE
:10E0240085816B1F022B40F245810F2DEAD1F72821
:10E0340008D8F02803D0894B1B88002BE2D0FFF7C7
:10E0440099FDDFE7F1380E28DCD801A353F820F05E
:10E0540035C4000047C4000065C4000075C2000058
:10E0640075C2000073C4000075C2000081C40000C2
:10E0740075C20000ADC30000E3C30000C7C30000C5
:10E0840075C20000FFC300001BC40000082DC4F3C8
:10E09400033217D1082A15D171488021714A0768C3
:10E0A400C4F30746DDB21170240E1FB13146284671
:10E0B4002246B8476C4B01206C491D706C4B0E70A6
:10E0C4001C70F8BD092D14D1092A12D1220E6549FC
:10E0D40000F0B4809020C4F30746DDB20870D4B2D7
:10E0E40064490F68002FE5D0224631462846B847D8
:10E0F400E0E70A2D05D10A2A03D15F48A021594A35
:10E10400CDE70B2D05D10B2A03D15C48B021554A2C
:10E11400C5E70C2D40F08A800C2A40F08780584ACD
:10E12400C02050491268C4F30746DDB20870240EBB
:10E13400002ABFD0314628469047BBE7514B1B68A5
:10E14400002B00F00A81C4F307469847454B240E80
:10E1540000251F70AEE74C4B1B68002BF3D14B4BD3
:10E164001B68002B00F0ED80FC20C4F307469847A1
:10E17400ECE7474B1B68002BE5D1444B1B68002B95
:10E1840000F0DF80FB20C4F307469847DEE7414BED
:10E194001B68002BD7D13D4B1B68002B00F0D180AE
:10E1A400FE20C4F307469847D0E73B4B1B68002B7F
:10E1B400C9D1364BC4F307461B68002BC6D0FF20D9
:10E1C4009847C3E7354BC4F307461B68002BBDD003
:10E1D40030469847BAE7324B1A68002A00F0B180FB
:10E1E400630CC4F30640260C03F47E53F6B21843C2
:10E1F4009047ABE72B4BC4F307461B68002BE7D1D2
:10E20400A4E7294BC4F307461B68002B9DD19DE767
:10E21400264B1B68002B96D11C4B1B68002B00F06F
:10E224009080F820C4F3074698478FE70D2D62D1FC
:10E234000D2A60D11E4AD0200A4973E78020DDB23E
:10E24400C4F30746087006490F68002F7CD0314696
:10E2540028461446B8472DE7434B00200E4B0020B8
:10E26400F4480020474B0020444B0020454B00203D
:10E27400464B0020F84800202C490020F04800209C
:10E2840000490020104900201449002004490020BE
:10E29400EC480020E04800202049002024490020C8
:10E2A400084900200C49002028490020E8480020A3
:10E2B400E4480020FFF75EFC052D08D0C4F30740B6
:10E2C400FFF758FC072D02D1200EFFF753FC2B4B10
:10E2D4002B4819882B4A0170080A2B4C1070002017
:10E2E4002A4A1880F023246813707CB3012228483A
:10E2F400A0470120F8BD0E2D7FF484AE0E2A7FF4D2
:10E3040081AE244AE02021491268087072B3610C7E
:10E31400C4F30640DDB201F47E51260C240E014301
:10E324002846F6B2A1F500519047C3E6FFF722FC58
:10E33400C4F30740FFF71EFC200EFFF71BFC002070
:10E34400F8BDC4F3074601E73C46B3E6124B1B682D
:10E354008BB10F4898470120F8BD104B1B68002B68
:10E36400EFD0FA20C4F307469847EFE6C4F3074614
:10E37400DDB2240E9EE60120F8BD00BF0E4B002046
:10E38400454B0020464B00201C490020474B0020F1
:10E3940030490020FC48002018490020044900208E
:10E3A400F8B5144C4FF0E025134E4FF4003204EB53
:10E3B4004024124F06EB40160346C5F88C21214633
:10E3C4003A883046FFF75EFB3B882344BFF34F8F08
:10E3D400C5F85C4F2034A342FAD8BFF34F8FBFF384
:10E3E4006F8F03203146FFF779FB4FF40033C5F8F4
:10E3F4000C31F8BDA09E202020280020044B0020D2
:10E40400244B2DE9F0411C884368C569C3F30E43CE
:10E41400E41A002C24DD204920480A780078D3B27D
:10E424001F4E82421F4807D010F8038036F8187038
:10E43400C7F50072944218D90133002226F815401A
:10E44400082B194E88BF134626F8152098BFDAB258
:10E45400C554164B0A701A6814441C60BDE8F08158
:10E464002846BDE8F041FFF79BBF07EB4820104961
:10E4740022462744084401EB4521FEF75BFB0B4A87
:10E48400284626F8187013682344BDE8F041136049
:10E49400FFF786BF044B00202F4B0020314B002098
:10E4A40078470020AC4700209447002068470020AC
:10E4B400A09E20201D4B1A78002A36D102F0FF03BB
:10E4C4001B4A12788AB32DE9F0411A4D2A8852B3B7
:10E4D400194EC2F50068194F3278194C07EB4217F0
:10E4E40004EBC224424638462146FFF7CBFA04EB3C
:10E4F4000802BFF34F8F4FF0E023C3F8704F20346E
:10E50400A242FAD8BFF34F8FBFF36F8F032039466F
:10E51400FFF7D0FA33780133DBB2032B88BF002333
:10E52400337000232B80BDE8F08170473F4B0020FF
:10E53400414B0020084B00203D4B0020A029002027
:10E54400A0AE20202DE9F04F85B0CDE901100029BF
:10E5540000F0BF800023604CDFF89881DFF898A1B9
:10E564005E4F009301235E4A23705E4B1978B8F81E
:10E57400003002EB4119002B40F0A7801E461D46D7
:10E584009B464846FFF7B8FA10F0800000F08C80F4
:10E59400BFF34F8F9AF8003084F800B005B93E6895
:10E5A400002B7DD13B689B1B782B00F287804E4B60
:10E5B4001B78002B74D000F09DFA0122B8F80030CB
:10E5C40015462270002BDCD0464AC3F50060117852
:10E5D4001A4600EBC120454DC9022844019D9542CD
:10E5E40017D20393DDE901512A46FEF7A3FA039BF0
:10E5F4004FF040425B1BA8F800303D4BC3F8842029
:10E60400BFF34F8F009800232844237005B0BDE862
:10E61400F08F364BCD180299FEF78CFA00234FF495
:10E62400006229464846FFF72DFABFF34F8F05F1E4
:10E63400200205F50063934234BF012340234FF0C9
:10E64400E02205EB4313C2F8705F2035AB42FAD1E8
:10E65400BFF34F8FBFF36F8F03204946FFF72AFAAA
:10E66400204A13780133DBB2032B84BF00231D4AF5
:10E674001370B8F80030019AD11A009A1A44019123
:10E684000092029A1A4400230292194AA8F8003010
:10E69400C2F88430BFF34F8F237000297FF462AF38
:10E6A400009805B0BDE8F08F4FF400620D4B8AF876
:10E6B400000019781346A8F800208AE7012300987F
:10E6C4008AF8003005B0BDE8F08F1A46C3F5006043
:10E6D4007FE70198E5E700BF3F4B0020D4470020C7
:10E6E400A02900203D4B0020414B0020A0AE20205B
:10E6F40000002E40084B0020364B0020704700BF1E
:10E704002D4B002180222D4870B51B7800242C4D00
:10E714008B422C4E0CBF40234FF400732B8033806C
:10E7240002F000FC284A2146284B14704FF48072F2
:10E7340027481C8002F0F6FB264A1021264B0220B3
:10E74400C2E90044C2E90244244AC3E90044147003
:10E75400234AC3E90244234B1C7023461460224617
:10E76400FFF75EF92246318803201F4BFFF726F995
:10E774002346012229880320FFF752F92046013459
:10E78400FFF70EFE082CF9D1184B00214A22184835
:10E79400184C0460C3F88410C3F88020D3F84821CF
:10E7A400154942F08072C3F8482121B1134A137805
:10E7B40043F00103137070BD424B0020A0290020D8
:10E7C4000C4B0020044B00203D4B0020084B002044
:10E7D4002028002078470020944700202F4B002059
:10E7E40068470020314B002071C6000000002E4015
:10E7F400544A002025C7000000000000494B0020B7
:10E804002DE9F04F4FF0E0234FF40032DFF8C8A0B9
:10E8140083B0C3F88C218B469AF8004000294FD06E
:10E824008046E4B20027DFF8B490264BABEB070236
:10E8340025491B78A34204F101043FD0092C234B42
:10E84400404628BF00241E5D39F816C00CEB462351
:10E8540019441F4B33F81650A5EB0C05AA421CD2E1
:10E864000CEB462C18491B4C61440192FEF762F9EB
:10E87400216839F816505846019AA1EB0B012A4435
:10E88400394429F8162021604FF0E0234FF4003278
:10E89400C3F80C2103B0BDE8F08F2A462F44FEF7DD
:10E8A40049F90C49E3B230460A68A844521B0A608D
:10E8B4008AF80030FFF774FDBB45B6D83846E3E765
:10E8C4000846E1E72F4B0020A09E2020AC47002003
:10E8D4007847002068470020314B002094470020EF
:10E8E4000B4B0C4A12781978D3B28A420DD00133FB
:10E8F40009480A4A092B0A4928BF0023C35C31F896
:10E90400131002EB4323585C70474FF0FF307047FD
:10E914002F4B0020314B0020AC470020A09E20202C
:10E9240094470020044B10B51C680CB1204610BD60
:10E9340000F0E0F8204610BD684700202DE9F84FAC
:10E94400144E154D33782A78934221D0DCB2DFF887
:10E954005090DFF850B0DFF85080104F0134082C8D
:10E964005FFA84FA01D90024A24619F80400DBF8FE
:10E97400003038F8102037F81010521A9B1ACBF8D0
:10E984000030FFF70DFD86F800A02B78A342E5D1F7
:10E99400BDE8F88F314B00202F4B00209447002016
:10E9A400AC470020684700207847002000B583B0BA
:10E9B40001210DF10700FFF723FF20B19DF80700A7
:10E9C40003B05DF804FB4FF0FF30F9E7094B00B5E5
:10E9D40083B01B788DF807003BB101210DF10700CE
:10E9E400FFF7B0FD03B05DF804FB03F0FF0003B0D4
:10E9F4005DF804FB414B0020044B1B7803F0FF023D
:10EA04000BB1FFF79FBD1046704700BF414B00207C
:10EA14002DE9F0410024DFF8448001230D4D274601
:10EA24000D4E88F80030337828462035A34204F18F
:10EA3400010405D0FFF760F8030658BF07F5006727
:10EA4400042CF0D1BFF34F8F0023384688F80030F0
:10EA5400BDE8F081A02900203D4B00203F4B002061
:10EA64002DE9F8431D4B1B7813B11D4D2A880AB9B3
:10EA7400BDE8F8831B4EC2F500691B4933784A464A
:10EA84001A4C01EB43181A4F04EBC32401234046EC
:10EA94003B7021460023FEF7F5FF04EB0902BFF3A8
:10EAA4004F8F4FF0E023C3F8704F2034A242FAD8BE
:10EAB400BFF34F8FBFF36F8F03204146FEF7FAFF7A
:10EAC40033780133DBB2032B88BF00233370002378
:10EAD4002B80BFF34F8F3B70BDE8F883414B002080
:10EAE400084B00203D4B0020A0290020A0AE202090
:10EAF4003F4B00202DE9F8432D4B1E7866B12D4F76
:10EB04003B784BB90123F1073B7043D4B20726D4B9
:10EB140000233B70730701D4BDE8F883264B1A68C1
:10EB2400002AF9D0EFF30582002AF5D1EFF310851E
:10EB340072B61868002834D0204C2178002930D1CE
:10EB44000122227042691A60002A2ED0916105B90F
:10EB540062B600258368457798472570DCE7DFF8BF
:10EB6400648098F80030002BD2D00025DFF858904C
:10EB74002B4659F823400135236820461B699847E2
:10EB840010B163699B68984798F80020EBB29A42E9
:10EB9400EFD8BDE7FFF7C6FE0028B7D0AFF300807B
:10EBA400B4E7002DB8D162B6B6E7054B1A60CEE7DC
:10EBB400494B0020184B0020D42A0020114B002080
:10EBC400E02A0020134B0020FC2A002070B5EFF34C
:10EBD400108272B60C4C206880B10C4E002543693B
:10EBE400236073B19D6102B962B683684577984723
:10EBF400EFF3108272B620680028F0D102B962B631
:10EC040070BD3360EFE700BFDC2A0020D82A002063
:10EC1400FFF7DCBF0449054A4968054B19601368CE
:10EC240001331360704700BF001000E0D447002098
:10EC3400D0470020074A506A936A19468446506AAE
:10EC4400936A9942F9D18445F7D1DB0B43EA4040FA
:10EC5400704700BF00400D40B5EEC00AF1EE10FA57
:10EC64002CD4DFED207A20EE270AFDEEC07A32D4D0
:10EC7400F8EEE77ADFED1C6A1C4AB7EE007A30EE54
:10EC8400670A20EE260AFCEEC07A17EE903AC3F328
:10EC9400080307EE903A02EB8301F8EE677AD1EDB0
:10ECA400006A70EE677A91ED010A37EE677A67EED3
:10ECB400807A27EE260A30EE270A7047DFED0C7AB9
:10ECC400B4EEE70AF1EE10FA0BDADFED067A20EE85
:10ECD400270AFDEEC07A17EE903A013B07EE903A10
:10ECE400C6E7704783F9223E00000044280F002045
:10ECF400CD024CB403460846194602F065B900BF7C
:10ED040010EE103A40F22A41C3F30A528A42B7EE97
:10ED1400C03A32D8B7EE000B2D4B93ED4A2B93ED4E
:10ED2400481BB0EE417BA2EE037B17EE100A37EED0
:10ED3400417B00F01F0203EBC20130B492EE037B6F
:10ED440093ED4C4B53F832404D6893ED4E6B93ED7D
:10ED5400505BA4EE076B27EE074B00210A1905EB65
:10ED6400C033A5EE070B43EC172BA6EE040B30BC07
:10ED740020EE070BB7EEC00B704713F5000F20D041
:10ED8400B2F5FF6F1AD2DFED137AB4EEE70AF1EEB3
:10ED940010FA10DCDFED107AB4EEE70AF1EE10FAA7
:10EDA40012D4DFED0E7AB4EEE70AF1EE10FAB1D523
:10EDB400002000F035BB002000F038BB30EE000A24
:10EDC40070479FED070A7047002000F023BB00BF87
:10EDD400C00200201772B142B4F1CFC2CF8ECEC2AE
:10EDE4000000000010EE103AB3F17E5F3ED0A3F5B0
:10EDF4000001B1F1FE4F10EE102A3AD2BFEE002B03
:10EE040002F14043284903F54D03C3F3C34001EB2A
:10EE1400001091ED424B91ED447B91ED406B91EDEF
:10EE2400465BD90DC9052DED028B90ED021B90EDCB
:10EE3400008B521ADB1500EE103A03EE902AB8EE5E
:10EE4400C00BB7EEE33A30EE010BA8EE032BBDEC9A
:10EE5400028B22EE023BA4EE027BA5EE020BA6EE91
:10EE6400037BA3EE070BB7EEC00B70479FED0F0AB1
:10EE74007047590014D0B3F1FF4F14D0002B0BDBB3
:10EE8400B1F17F4F08D2DFED0A7A60EE277A17EEF0
:10EE9400903AA3F13862B1E700EE103A00F0DEBA1E
:10EEA400012000F0C9BA70470804002000000000E7
:10EEB4000000004B0000000030B410EE103A2DEDBD
:10EEC400028BA3F5000110EE902AB1F1FE4F10EE73
:10EED400104A82B04FEA42017CD201F1FF3C6FF04C
:10EEE4008070844580F0F780002004F1404303F5EE
:10EEF4004D03C3F3C342DB0DDB05E11ADB1507EE5B
:10EF0400903AB14B03EB021292ED003B04EE101A5F
:10EF1400B7EEE06AB7EEC44ABFEE000BA3EE040BF3
:10EF240093ED443B20EE001B93ED464B93ED402BB9
:10EF3400A0EE034B93ED425B93ED483BA0EE025BE6
:10EF440021EE012B92ED028BB8EEE77B37EE087BC6
:10EF5400A0EE037BA1EE047BA5EE027B26EE077BED
:10EF640017EE903A48F2BF01C3F3CF338B4250D22D
:10EF7400B7EE000B954B93ED402B37EE023B13EEAF
:10EF8400102A33EE423B02F01F01821803EBC1004A
:10EF940093ED424B37EE437B53F83140456893ED94
:10EFA400446B93ED465BA7EE046B27EE074B0023FF
:10EFB400181905EBC231A7EE050B41EC170BA6EEB1
:10EFC400040B20EE070BB7EEC00B02B0BDEC028BB6
:10EFD40030BC70474D1E6FF08070854280F0CE804B
:10EFE40059004D1E854280F09280002B55DB002095
:10EFF400B4F5000FBFF479AFDFED757A07EE103A80
:10F0040067EE277A17EE904A24F00044A4F138649E
:10F014006BE79FED656BB4EEC67BF1EE10FA15DC81
:10F024009FED636BB4EEC67BF1EE10FA20DD4FF07A
:10F034004C5388B10193DDED016ABFEE006A76EEB0
:10F04400666AF4EE466AF1EE10FA11D002B0BDEC35
:10F05400028B30BC00F0EAB90093DDED006AB7EE34
:10F06400006A76EE866AF4EE466AF1EE10FAEDD1A5
:10F074009FED516BB4EEC67BF1EE10FA57D99FEDBC
:10F08400506BB4EEC67BF1EE10FA7FF571AF02B0AF
:10F09400BDEC028B30BC00F0C3B9C2F3C7517E296A
:10F0A40011DD962954DC0120C1F1960100FA01F129
:10F0B400481E104207D1114214BF01200020000451
:10F0C40024F0004494E700EE103A02B0BDEC028B49
:10F0D40030BC00F0C3B9002952D0B3F17E5F2CD00C
:10F0E4006400B4F17F4F2ED8B1F17F4F2BD1B4F12E
:10F0F400FE4F4BD0B4F1FE4F6FEA020234BF00243E
:10F104000124D20F94424CD09FED320A5DE7002BCC
:10F1140020EE000A1EDB002000293AD1002ABFF6A7
:10F1240054AF02B0BDEC028B30BC00F085B902B024
:10F13400BDEC028B30BC00F06DB982F48002520049
:10F1440012F5000F22D907EE903A37EEA00A3CE7F9
:10F154000020B5E7C2F3C753A3F17F001728DAD81C
:10F16400C3F19600012303FA00F0441E1442D2D1E5
:10F174001040D1D0B1EE400A1846CDE70029AFD1F6
:10F1840084F48002520012F5000FDCD8B7EE000AB6
:10F194001BE7002ABFF619AFF7EE007A87EE800A64
:10F1A40013E720EEA00A10E771D5D1FFFFFF5F40FF
:10F1B400E2AAA3FFFFFF5F400000000000C062C09E
:10F1C4000000000000A062C028050020C00200204A
:10F1D4000000004B0000000030B510EE104AC4F3EC
:10F1E4000A53B3F57D7FB7EEC06A83B01BD226EE17
:10F1F400065BB3F5667F6ED326EE052B25EE021B68
:10F20400734B93ED1A3B93ED187B93ED164BA5EEE0
:10F21400037BA2EE046BB0EE460BA7EE010BB7EE38
:10F22400C00B03B030BD40F22E4293425ED8684911
:10F2340091ED087B26EE077BFDEEC77B91ED0A5B23
:10F2440017EE903A03F500031B1613F0020F07EEB6
:10F25400903A01F1700208BF0A46D807B8EEE77B7E
:10F26400A7EE456B26EE067B1BD403F0030301EBEC
:10F27400C30192ED1A4B91ED002B92ED185B26EE33
:10F28400026B92ED163BA7EE045B26EE074B27EECE
:10F29400047BA4EE036BA5EE076BB7EEC60B03B0BD
:10F2A40030BD92ED142B27EE075B92ED126B92EDBD
:10F2B4000E3BA7EE026B92ED0C0B92ED104BA7EEFA
:10F2C400030B27EE057BA5EE040BA6EE070BB7EEAA
:10F2D400C00B03B030BD220D12F4FF6FDFD1B7EEC7
:10F2E400C55B00EE104A8DED015AD8E7B3F5FF6F08
:10F2F4004BD2384BC4F3836203EB820053F82220D1
:10F304000569C4F31603C4F3C25143F400038B40EC
:10F31400016A03FB02F2A3FB0110E3FB050202F105
:10F3240000518D0F01F04041511A01F08BF92A4B25
:10F334009FED257B05EBD47441EC160B14F0020F02
:10F34400A3F1700208BF1346E90726EE077B27EEF8
:10F35400076B1FD404F0030402EBC40293ED1A4BB1
:10F3640092ED002B93ED185B27EE027B93ED163B99
:10F37400A6EE045B27EE064B26EE046BA4EE037B9D
:10F38400A5EE067BB7EEC70B89E703B0BDE83040B6
:10F3940000F064B893ED142B26EE065B93ED127B1C
:10F3A40093ED0E3BA6EE027B93ED0C0B93ED104B0D
:10F3B400A6EE030B26EE056BA5EE040BA7EE060BDB
:10F3C400B7EEC00B6BE700BF182D4454FB21193C6A
:10F3D40050060020B00A0020C006002010B582B0FC
:10F3E4008DED010A044601F007FE9DED010A04605B
:10F3F40002B010BD30B1F1EE407A27EE800A22202F
:10F40400FFF7ECBFF0EE407A27EE800A2220FFF7E8
:10F41400E5BF00BF9FED010AFFF7ECBF000000103D
:10F424009FED010AFFF7E6BF0000201A9FED010AD5
:10F43400FFF7E0BF000000709FED070AFFEE007ABF
:10F44400B7EE007A00284FF0220047FE277A87EEB5
:10F45400800AFFF7C3BF00BF0000000070EE407ACF
:10F46400B4EE400A87EEA77AF1EE10FAB0EE470A3E
:10F4740002D62120FFF7B2BF704700BF0000000092
:10F48400B0EE407B17EE903A1B4A23F000439342C0
:10F494001BDD1A4A934202DD30EE400B704700B583
:10F4A40085B0684600F0A0F800F0030001289DED47
:10F4B400021B9DED000B0CD0022812D070B101206C
:10F4C40000F0BEFD05B05DF804FB9FED091B00F0E4
:10F4D4001FBD00F0B5FDB1EE400BF3E700F018FDE1
:10F4E400F0E700F015FDB1EE400BEBE7AFF3008061
:10F4F4000000000000000000FB21E93FFFFFEF7F58
:10F50400B0EE407B17EE903A1B4A23F0004393423F
:10F514001CDD1A4A934202DD30EE400B704700B501
:10F5240085B0684600F060F800F0030001289DED06
:10F53400021B9DED000B0ED0022813D070B100F019
:10F54400E7FCB1EE400B05B05DF804FB9FED081B32
:10F55400002000F075BD00F0DBFCF4E7012000F0B2
:10F564006FFDF0E7012000F06BFDB1EE400BEAE720
:10F574000000000000000000FB21E93FFFFFEF7FD7
:10F5840010EE101AC1F3C7520029A2F17F0CB4BFC8
:10F594004FF0FF300120BCF11E0F0FDCBCF1000F57
:10F5A4001DDBC1F31603BCF1160F43F400030ADD9F
:10F5B400963A03FA02F202FB00F07047FDEEC07ABD
:10F5C40017EE900A70474FF4800242FA0CF21A4484
:10F5D400CCF1170C22FA0CF202FB00F07047BCF1DC
:10F5E400FF3F18BF0020704770B553EC102B9C49A7
:10F5F40023F000458D4288B004466ADD99498D4266
:10F604001E461BDC002B9FED867B40F3EB8030EE27
:10F61400477BA1F51B21A1F5F0618D426AD09FEDD6
:10F62400826B012037EE465B37EE457B84ED005B51
:10F6340037EE467B84ED027B08B070BD8A498D426B
:10F6440060DD8A498D424DDC2A1510EE100AA2F2C3
:10F654001642A5EB025141EC170B9FED755BBDEE15
:10F66400C76BB8EEC66B37EE467B27EE057BFDEE27
:10F67400C74B8DED026BB8EEE46B37EE467B27EE9D
:10F68400057BB5EE407BF1EE10FA8DED046B8DED4C
:10F69400067B40F0968014EE903A002B0CBF0123B9
:10F6A4000223734901910221009102A8214600F02E
:10F6B400E7F8002EC0DA94ED006B94ED027BB1EE16
:10F6C400466BB1EE477B84ED006B84ED027B4042D8
:10F6D400B2E700200021C4E90201002084ED000B00
:10F6E40008B070BD30EE407B002084ED027B84EDD9
:10F6F400007BA1E79FED505B9FED516B37EE457B9F
:10F7040001208FE700F0F4FCB6EE007B9FED4E5B2A
:10F71400A0EE057BFDEEC77B9FED413B17EE900A03
:10F724009FED416B1F28B8EEE75BB1EE454BA5EEAC
:10F73400430B25EE067B1CDC4E4B421E53F8223055
:10F74400AB4216D030EE476B84ED006B30EE460BC7
:10F7540030EE470B002E84ED020BBFF66DAFB1EE19
:10F76400466BB1EE400B84ED006B84ED020B40421E
:10F7740062E730EE476B16EE903AC3F30A53C3EBDD
:10F784001553102B4FEA2552DEDDB0EE403B9FEDC2
:10F794002A6B9FED2B2BA4EE063B30EE437BA4EEAD
:10F7A400067B95EE027B33EE476B16EE903AC3F37D
:10F7B4000A53D21A312A06DCB0EE430B84ED006BF7
:10F7C400C4E703236DE79FED226BB0EE430B9FED7F
:10F7D400222BA4EE060B33EE407BA4EE067B95EEC3
:10F7E400027BAFE7244930EE077B8D420ED09FEDBC
:10F7F4000E6B4FF0FF3037EE065B37EE457B84ED42
:10F80400005B37EE067B84ED027B15E79FED0A5B18
:10F814009FED0B6B37EE057B4FF0FF30EBE700BF3E
:10F8240000004054FB21F93F3163621A61B4D03DBA
:10F8340000000000000070410000601A61B4D03D77
:10F844007370032E8A19A33B83C8C96D305FE43FEC
:10F854000000002E8A19A33BC14920259A837B39D5
:10F86400FB21E93F7BD90240FB213941FFFFEF7FB8
:10F8740030190020EC0D0020FB21F93F00000000AE
:10F884002DE9F04F2DED088BADF5157D1C46049345
:10F894000791AB4BA69912F1140F53F821508246ED
:10F8A40004F1FF38C0F29982A649D31E81FB0301FB
:10F8B400DB17C3EBA10303930133A3EB8303DB0047
:10F8C400D3180693039B15EB0801A3EB08031AD482
:10F8D40001319FED956BA79819441CAA0AE050F8D2
:10F8E400234007EE904A0133B8EEE77B8B42A2EC4B
:10F8F400027B08D0002BF2DAB0EE467B01338B4258
:10F90400A2EC027BF6D1002DC0F2C982049B1CAA92
:10F9140002EBC3046CAE4FEAC30C4046EF180AEB8B
:10F92400C301B8F1000F9FED807B09DB22465346EB
:10F93400B3EC025B32ED026B8B42A5EE067BF7D192
:10F944000130B842A6EC027B04F10804E9D108AF07
:10F9540007EB85039FED769B9FED778B043BDDF8EA
:10F9640018B005930AEB0C0407EB85096CAE294625
:10F97400019594AB03EBC103002913ED280B16DDAD
:10F9840006EBC1033A4620EE097B33ED025BB0EE91
:10F99400406BBDEEC77BB342B8EEC77BA7EE486BA6
:10F9A400BDEEC66B37EE050BA2EC016AEBD15846EF
:10F9B400029100F0A9FBB0EE40ABB4EE000B2AEECE
:10F9C400000B00F029FCB2EE007BA0EE47ABBDEECD
:10F9D400CABBBBF1000FB8EECB7B02993AEE47AB42
:10F9E40074DD01F1FF3ECBF1180357F82E2042FAE3
:10F9F40003FC0CFA03F3D21ACBF117001BEE103AF6
:10FA040042FA00F56344002D47F82E200BEE103A1D
:10FA140064DCB5EE40ABF1EE10FA40F0C480019B1B
:10FA240001F1FF3E73450DDC4FEA810C07EB8103C6
:10FA3400002053F8042D4B4540EA0200F9D1002878
:10FA440040F0F280019B013B57F82330002B40F03B
:10FA5400E680059B012553F8042D0135002AFAD0D0
:10FA640001F1010E0D447046049B1944039B03EB02
:10FA74000E0C0CF1804CA79B0CF1FF3C03EB8C0C9F
:10FA84001CAB06EBCE0E03EBC1019CED017AB8EE84
:10FA9400C77BB8F1000F81ED007B0CF1040C0A4622
:10FAA4009FED216B01F1080109DB534601E032EDC2
:10FAB400027BB3EC025BA342A5EE076BF7D10130E6
:10FAC400A842AEEC026BE0DD294652E740F09D808F
:10FAD4004B1E57F82350ED15002D9ADD1BEE103AFE
:10FAE400002903F101030BEE103A40F38C813A68CC
:10FAF400002A40F0828001292DD03B46012053F892
:10FB0400042F002A7CD0431CC2F18072994247F82A
:10FB140020201FDD57F8232007EB810C07EB83031C
:10FB24006FF07F4011E000BF000000000000000003
:10FB3400000000000000703E000000000000704162
:10FB4400900D0020ABAAAA2A1A68821A43F8042B43
:10FB54006345F9D10122BBF1000F0DDDBBF1010FAB
:10FB640000F03381BBF1020F06D1481E57F8203054
:10FB7400C3F3150347F82030022D7FF44AAFB7EEE4
:10FB8400000B30EE4AAB002A3FF443AF58460291D3
:10FB940000F0BAFA3AEE40ABB5EE40ABF1EE10FA33
:10FBA40002993FF43CAF069CB0EE4A0B6042A84673
:10FBB4008B46019D00F0A8FA9FEDC16BB4EEC60B15
:10FBC400F1EE10FAC0F247819FEDBF7B20EE077B78
:10FBD400BDEEC77B0BF10102B8EEC75BA5EE460B89
:10FBE400BDEEC00B183410EE103A47F82B3017EE68
:10FBF400103A069447F822302AE00123002083E7D4
:10FC0400013088427FF47BAFA5E7B6EE007BB4EE0B
:10FC1400C7ABF1EE10FA80F2E5800025F9E601F1B8
:10FC2400010E704675461FE7069BA3F1180157F8AD
:10FC34002E300691A8467246019D4BB9ACF10403DF
:10FC44003B4453F8040D013A18390028F9D00691C1
:10FC54000698B7EE000B019200F056FA019A002ABA
:10FC6400C0F221819FED986B02F1010C6CA907EBA6
:10FC74008C034FEACC0E01EBCC0133ED017ABB428D
:10FC8400B8EEC77B27EE007B20EE060B21ED027B4E
:10FC9400F3D19FED8F4BAEF108036CA9CE1800246D
:10FCA40044AF002D9FED8C7B10DBB0EE446B8C4891
:10FCB4003146002303E09C4208DBB0EC026BB1EC5C
:10FCC400025B01339D42A5EE067BF4DA07EBC40325
:10FCD400944283ED007B4FEAC40104F10103A6F1D1
:10FCE400080601D01C46DCE7A69B022B1DDC002B7A
:10FCF40000F38B800FD19FED787BBE443EED026B09
:10FD0400774537EE067BF9D143460BB1B1EE477B1D
:10FD1400079B83ED007B1BEE103A03F007000DF503
:10FD2400157DBDEC088BBDE8F08FA69B032BF2D1AB
:10FD3400002A00F0E38002F1005307EBC20030ED2B
:10FD4400026BB0EE475B874237EE067B36EE476BBD
:10FD540080ED007B36EE056B80ED026BEFD1012A5E
:10FD640040F3CC80394491ED006BDA0046A907EBEF
:10FD7400C30333ED027BB0EE465B994236EE076B6C
:10FD840037EE467B83ED006B37EE057B83ED027B1C
:10FD9400EFD19FED517B02F108033B4407F11002C0
:10FDA40033ED026B9A4237EE067BF9D14346002BC2
:10FDB40059D1D7E90001D7E90223079C84ED047BDC
:10FDC400C4E90001C4E90223A5E7481E57F820301E
:10FDD400C3F3160347F82030CEE600216FF0170373
:10FDE40003916DE51BEE103A002903F101030BEEBC
:10FDF400103AC8BF02253FF77AAEB7EE007B37EE64
:10FE04004AAB022505E60022A5E69FED337B07EB0E
:10FE1400CC0C3CED026B674537EE067BF9D14346CB
:10FE240097ED006B8BBB079B002A83ED007B36EEBE
:10FE3400477B0CDD46A90123B1EC026B01339A42E6
:10FE440037EE067BF8DA43460BB1B1EE477B079BEE
:10FE540083ED027B5FE7BDEEC00B5A4610EE103A0D
:10FE640047F82B30F4E697ED005BB1EE477B97ED56
:10FE7400026BB1EE455B079BB1EE466B83ED005B15
:10FE840083ED026B83ED047B45E7079BB1EE475B93
:10FE9400002A83ED005B36EE477BCBDCD5E7049B81
:10FEA4004FEAC30C53E5A69B022B1BDC002B21DC81
:10FEB4007FF431AF9FED087B26E700BFAFF30080EE
:10FEC4000000000000007041000000000000703ECF
:10FED40000000040FB21F93F00000000000000008A
:10FEE40088020020A69B032B7FF415AF9FED067BB1
:10FEF40044AF5BE79FED047B44AF90E79FED027B4B
:10FF040054E700BFAFF300800000000000000000D1
:10FF140010EE903A23F00043B3F1795F2DED028B9C
:10FF24002EDAFDEEC07B17EE903A002B65D020EE62
:10FF3400004B9FED358B9FED362B9FED373BA4EEA9
:10FF4400082B9FED375BA4EE023B9FED376BA4EECD
:10FF5400035B9FED377BA4EE056BA4EE067B24EEDA
:10FF6400077B21EE401BB6EE006BA4EE071BB7EE39
:10FF7400000B94EE061BBDEC028B30EE410B704778
:10FF84009FED218B20EE004B9FED212B9FED223B1B
:10FF9400A4EE082B9FED225BA2EE043B9FED226BA7
:10FFA400A3EE045B9FED227BA5EE046B224AA6EE32
:10FFB400047B934227EE047BD3DD204A934217DC73
:10FFC400B7EE006B0020A3F5001141EC150B36EEE3
:10FFD400456B21EE401BB6EE003BA4EE071B94EEEE
:10FFE400035BBDEC028B35EE410B36EE400B7047E4
:0CFFF400B6EE076BB5EE025BEBE7B7EE74
:02000004600199
:10000000000BBDEC028B7047AFF30080D43888BE84
:10001000E9FAA8BDC4B1B4BD9EEE213EAD529C80AC
:100020004F7E92BE9015CB19A001FA3E7751C116B2
:100030006CC156BF4C5555555555A53F3233D33F2E
:100040000000E93F10EE903A23F00043B3F1795FEE
:1000500004DAFDEEC07B17EE903A5BB320EE007B36
:100060009FED162B9FED173B9FED184BA7EE023B24
:100070009FED185BA3EE074B9FED186BA4EE075B9B
:10008000A5EE076B20EE075B30B99FED164BA7EE90
:10009000064BA4EE050B70479FED144B26EE456B07
:1000A000B6EE003BA1EE036B96EE071BA5EE041B1C
:1000B00030EE410B704700BFAFF300807CD5CF5AC4
:1000C0003AD9E53DEB9C2B8AE6E55ABE7DFEB15759
:1000D000E31DC73ED561C119A0012ABFA6F81011C2
:1000E0001111813F495555555555C5BF4955555570
:1000F0005555C53F51EC100B10EE102A21F000436E
:1001000043EC102B704700BF0000000053EC102B95
:1001100010B4C3F30A54194674BB23F000411143D1
:1001200027D09FED307B3B4920EE077B884253EC84
:10013000172B43DBC3F30A541946363C4CF2503CB0
:10014000604522DC204440F2FE74A0421DDC002801
:1001500029DC10F1350F38DB21F0FF41363021F476
:10016000E0019FED227B41EA005343EC102B20EE8F
:10017000070B5DF8044B704740F2FF7C6445DDD10E
:1001800030EE000B5DF8044B70479FED1A7B9FED3E
:100190001B5BB0EE470B002B5DF8044B27FE057B85
:1001A00027EE000B704721F0FF4121F4E00141EA06
:1001B000005343EC102B5DF8044B70479FED110B7F
:1001C0005DF8044B27EE000B70479FED0E7B9FED13
:1001D0000F5BB0EE470B002B27FE057B27EE000BD5
:1001E000C7E700BF0000000000005043000000000F
:1001F0000000903C9C7500883CE4377E9C7500882C
:100200003CE437FE59F3F8C21F6EA50159F3F8C25A
:100210001F6EA581B03CFFFF0000000010B582B04A
:100220008DED000B01990098C1F30A52A2F2FF3341
:10023000132B844631DC002B21DB3A4A1A4101EAB8
:10024000020404438E462DD09FED347B9DED006B60
:1002500036EE077BB5EEC07BF1EE10FA09DD002922
:1002600004DA4FF4801141FA03F39E442EEA0201AE
:1002700000200B46024643EC102B02B010BD9FED50
:10028000277B30EE077BB5EEC07BF1EE10FAF0DD98
:10029000002928DB00200146EBE7332B06DDB3F510
:1002A000806F1BD09DED000B02B010BDA2F2134277
:1002B0004FF0FF3E2EFA02F21042F3D09FED177B73
:1002C0009DED006B36EE077BB5EEC07BF1EE10FACC
:1002D000CFDD002913DB2CEA0200CAE79DED007B8D
:1002E00037EE070BE0E721F0004101430E4B0029F8
:1002F0004FF000000CBF4FF000411946B9E7142B36
:1003000009D00124C3F1340304FA03F39C4460458B
:1003100088BF0919DFE70131DDE700BF9C75008860
:100320003CE4377EFFFF0F000000F0BF81F000418A
:1003300002E000BF83F0004330B54FEA41044FEACA
:10034000430594EA050F08BF90EA020F1FBF54EA65
:10035000000C55EA020C7FEA645C7FEA655C00F001
:10036000E2804FEA5454D4EB5555B8BF6D420CDDD2
:100370002C4480EA020281EA030382EA000083EA55
:10038000010180EA020281EA0303362D88BF30BDF5
:1003900011F0004F4FEA01314FF4801C4CEA11314B
:1003A00002D0404261EB410113F0004F4FEA0333AA
:1003B0004CEA133302D0524263EB430394EA050F35
:1003C00000F0A780A4F10104D5F1200E0DDB02FAA4
:1003D0000EFC22FA05F2801841F1000103FA0EF238
:1003E000801843FA05F359410EE0A5F120050EF1FE
:1003F000200E012A03FA0EFC28BF4CF0020C43FA2F
:1004000005F3C01851EBE37101F0004507D54FF03B
:10041000000EDCF1000C7EEB00006EEB0101B1F58B
:10042000801F1BD3B1F5001F0CD349085FEA3000D1
:100430004FEA3C0C04F101044FEA445212F5800FDC
:1004400080F09A80BCF1004F08BF5FEA500C50F179
:10045000000041EB045141EA050130BD5FEA4C0C5C
:10046000404141EB0101013C28BFB1F5801FE9D2B9
:1004700091F0000F04BF01460020B1FA81F308BFDC
:100480002033A3F10B03B3F120020CDA0C3208DDA8
:1004900002F1140CC2F10C0201FA0CF021FA02F183
:1004A0000CE002F11402D8BFC2F1200C01FA02F1F3
:1004B00020FA0CFCDCBF41EA0C019040E41AA2BF18
:1004C00001EB0451294330BD6FEA04041F3C1CDAE0
:1004D0000C340EDC04F11404C4F1200220FA04F000
:1004E00001FA02F340EA030021FA04F345EA0301AA
:1004F00030BDC4F10C04C4F1200220FA02F001FA6C
:1005000004F340EA0300294630BD21FA04F02946ED
:1005100030BD94F0000F83F4801306BF81F4801186
:100520000134013D4EE77FEA645C18BF7FEA655CF9
:1005300029D094EA050F08BF90EA020F05D054EACB
:10054000000C04BF1946104630BD91EA030F1EBFD0
:100550000021002030BD5FEA545C05D140004941D4
:1005600028BF41F0004130BD14F580043CBF01F5C7
:10057000801130BD01F0004545F0FE4141F47001AD
:100580004FF0000030BD7FEA645C1ABF1946104688
:100590007FEA655C1CBF0B46024650EA013406BF89
:1005A00052EA033591EA030F41F4002130BD00BF48
:1005B00090F0000F04BF0021704730B54FF4806405
:1005C00004F132044FF000054FF0000150E700BF86
:1005D00090F0000F04BF0021704730B54FF48064E5
:1005E00004F1320410F0004548BF40424FF00001D2
:1005F0003EE700BF42004FEAE2014FEA31014FEA15
:1006000002701FBF12F07F4393F07F4F81F0605163
:10061000704732F07F4208BF704793F07F4F04BFAE
:1006200041F40021704730B54FF4607401F000458B
:1006300021F000411CE700BF50EA010208BF7047EB
:1006400030B54FF000050AE050EA010208BF7047DC
:1006500030B511F0004502D5404261EB41014FF445
:10066000806404F132045FEA915C3FF4D8AE4FF04D
:1006700003025FEADC0C18BF03325FEADC0C18BF30
:10068000033202EBDC02C2F1200300FA03FC20FA81
:1006900002F001FA03FE40EA0E0021FA02F11444CE
:1006A000BDE600BF53B94AB9002908BF00281CBFE6
:1006B0004FF0FF314FF0FF3000F070B9ADF1080C92
:1006C0006DE904CE00F006F8DDF804E0DDE9022370
:1006D00004B070472DE9F047089E0D4604460F46CA
:1006E000002B4AD18A42944665D9B2FA82F343B1CB
:1006F00002FA03FCC3F120029F4020FA02F21743E2
:100700009C404FEA1C4E1FFA8CF5B7FBFEF1220C01
:100710000EFB117742EA074201FB05F090420AD92D
:100720001CEB020201F1FF3780F01C81904240F285
:10073000198102396244121AA4B2B2FBFEF00EFB18
:10074000102244EA024400FB05F5A5420AD91CEB3D
:10075000040400F1FF3280F00781A54240F20481D9
:100760006444023840EA0140641B00211EB1DC40B1
:100770000023C6E90043BDE8F0878B4208D9002E6C
:1007800000F0ED800021C6E900050846BDE8F087CD
:10079000B3FA83F1002949D1AB4202D3824200F27D
:1007A000F880841A65EB030201201746002EE2D080
:1007B000C6E90047DFE702B9FFDEB2FA82F3002B99
:1007C00040F090808A1A4FEA1C471FFA8CFE0121E4
:1007D000B2FBF7F507FB1520220C42EA00420EFBA4
:1007E00005F0904208D91CEB020205F1FF3802D255
:1007F000904200F2CB804546121AA4B2B2FBF7F049
:1008000007FB102244EA02440EFB00FEA64508D96D
:100810001CEB040400F1FF3202D2A64500F2BB80BB
:100820001046A4EB0E0440EA05409FE7C1F1200703
:100830008B4022FA07FC4CEA030C05FA01F420FA7B
:1008400007F3FD404FEA1C492343B5FBF9F81FFAB3
:100850008CFE09FB18551C0C44EA054408FB0EF5F8
:10086000A54202FA01F200FA01F00BD91CEB0404D4
:1008700008F1FF3A80F08880A54240F28580A8F117
:1008800002086444641B9DB2B4FBF9F309FB1344F2
:1008900045EA044403FB0EFEA64508D91CEB0404FC
:1008A00003F1FF356CD2A6456AD9023B644443EAA2
:1008B0000843A3FB0295A4EB0E04AC42C846AE4627
:1008C00056D353D056B1B0EB080264EB0E0404FAD1
:1008D00007F7CA40CC401743C6E900741846002108
:1008E000BDE8F087C3F1200102FA03FC20FA01F20F
:1008F00025FA01F19D402A434FEA1C471FFA8CFE5E
:10090000B1FBF7F007FB1015110C41EA054100FBA4
:100910000EF58D4204FA03F408D91CEB010100F135
:10092000FF382FD28D422DD902386144491B92B233
:10093000B1FBF7F507FB151142EA014205FB0EF189
:10094000914208D91CEB020205F1FF3816D2914200
:1009500014D9023D6244521A45EA004138E7314653
:10096000304608E73946E6E61046FBE64845A9D298
:10097000B9EB020865EB0C0E013BA3E74546EAE73D
:100980002B4694E74046D1E7D0467BE7023D6244E0
:1009900032E708460AE76444023842E7704700BF7E
:1009A000024B0146186800F003B800BF0820002081
:1009B0002DE9F04F01F10B06162E83B0044624D822
:1009C000102900F2BA8000F0A3FA102618220220A3
:1009D000B54F3A44A2F1080153688B4200F0BA8047
:1009E0005A68D96822F003021A449D68E9608D6054
:1009F000516841F001012046516003F1080500F003
:100A00008DFA284603B0BDE8F08F36F0070600F1F6
:100A10009480B14200F2918000F07AFAB6F5FC7F42
:100A2000C0F09A81730A00F08F80042B00F26F816E
:100A3000B30903F1390003F1380CC3009A4F3B446A
:100A4000A3F108055B689D4206D10CE0002980F205
:100A50002781DB689D4206D05A6822F00302911B71
:100A60000F29F3DD60463D69DFF850C265457CD053
:100A70006A6822F00302931B0F2B00F37B81002B8B
:100A8000C7E904CC80F26C81B2F5007F80F01A8156
:100A9000D308796801334FEA521E012202FA0EF29E
:100AA0000A4357F833E0C5F808E007EBC3010839FB
:100AB000E9607A6047F83350CEF80C50831001217A
:100AC0009940914257D8114206D120F003004900C5
:100AD000114200F10400FAD007EBC0094D468646EA
:100AE000D5F80C80454508D11DE1002B80F224810A
:100AF000D8F80C80454500F01681D8F8042022F083
:100B00000302931B0F2BF0DD2046D8E9025408EBBB
:100B1000060146F00106C8F80460EC60A56043F0E9
:100B20000104C7E90411C1E902CC4C6048F8023065
:100B300000F0F4F908F1080502E00C232360002519
:100B4000284603B0BDE8F08F4FF4007340204FF00B
:100B50003F0C73E7D3689A4208BF02307FF440AF7E
:100B60003D69DFF858C1654582D17A68831001215B
:100B700099409142A7D9BD686B6823F003094E459F
:100B800003D8A9EB06030F2B7ADCDFF834B1474B0F
:100B9000DBF800201B680132334405EB090A00F042
:100BA000338103F580530F3323F47F6828F00F0857
:100BB0004146204600F010FA411C024600F0F38046
:100BC000824500F2EE803A4B1968414419600846AC
:100BD00000F04E81DBF80010019301311BBFA2EB46
:100BE0000A010918CBF80020196012F0070B00F079
:100BF0001781CBF108010A44CBF5805190440831AC
:100C0000A1EB0801C1F30B0A51462046009200F007
:100C1000E3F9421CDDE9002300F04F81801A00EB6C
:100C20000A081968BA6048F001005144BD4250609A
:100C3000196000F02981B9F10F0F40F2278168682F
:100C4000A9F10C0C2CF0070C00F0010040EA0C009C
:100C500068604FF0050E05EB0C00BCF10F0FC0E90A
:100C600001EE00F2328150681546124B1A688A4232
:100C700038BF1960104B1A688A4238BF196094E077
:100C8000AA1943F0010346F001066E602046BA60DF
:100C9000536000F043F90835284603B0BDE8F08FF3
:100CA000D9681A44A1E600BFF81B0020982D002047
:100CB000682D0020902D0020942D0020001C002085
:100CC00000200020B2F5206F4FEA522363D3142B8B
:100CD00000F2B78003F15C01C9005B3307EB010E42
:100CE0007958AEF1080E8E4500F091804B6823F0E4
:100CF0000303934202D989688E45F7D1D1F80CE0FD
:100D00007A68C5E9021ECEF80850CD60D6E6142BED
:100D100059D9542B00F29D80330B03F16F0003F17E
:100D20006E0CC3008AE60EF1010E1EF0030F05F1F2
:100D300008057FF4D5AE51E0424445465368D8F8E3
:100D40000C1043F00103536055F8083F2046D9606A
:100D50008B6000F0E3F8F3E6F00806F1080237E6EE
:100D60002A442046536843F001035360083500F0DD
:100D7000D5F8E5E6A919204646F0010643F001043E
:100D80006E60C7E90411C1E902CC4C60AB5000F0C1
:100D9000C5F80835D4E6930903F13901C9003833A1
:100DA0009CE7BD425FD0BD68686820F003084645F7
:100DB000A8EB060302D80F2B3FF762AF204600F0E6
:100DC000ADF80025BCE603F15C0003F15B0CC30049
:100DD00034E659F808394B4540F0968010F0030F7F
:100DE00000F1FF30F5D17B6823EA01037B60490005
:100DF00099423FF6C0AE19B9BDE649000EF1040EA6
:100E00001942FAD0704667E603F11008D0E69A104E
:100E10004FF001087B6808FA02F21A437A6070E723
:100E200002EB08014942C1F30B0A514620460092E9
:100E300000F0D2F8431CDDE900237FF4EFAEDA4680
:100E4000EFE6542B25D8130B03F16F01C9006E3365
:100E500044E7B3F5AA7F25D8F30B03F1780003F13B
:100E6000770CC300EAE5294B186840441860B1E6E6
:100E7000CAF30B0CBCF1000F7FF4ACAEBD68C844E4
:100E800048F001006860F0E61546EEE60123536085
:100E900094E7B3F5AA7F23D8D30B03F17801C900F7
:100EA00077331BE740F25452934223D8B30C03F13B
:100EB0007D0003F17C0CC300C0E5ABF1080BD84406
:100EC000A8EB02084FF0000AABE605F10801204646
:100ED000009300F055F9BD68009B68681968C4E686
:100EE00040F254518B420BD8930C03F17D01C900A1
:100EF0007C33F3E64FF47E737F204FF07E0C9DE54C
:100F00004FF47E717E23E9E67B6870E7682D002050
:100F1000014800F09DB800BF642D0020014800F09A
:100F200099B800BF642D0020830730B548D0541E07
:100F3000002A3FD0CAB2034601E0013C3AD303F88D
:100F4000012B9D07F9D1032C2DD9CDB245EA0525FA
:100F50000F2C45EA054536D9A4F1100222F00F0CFA
:100F600003F1200EE6444FEA121C03F1100242E99D
:100F7000045542E9025510327245F8D10CF10102D4
:100F800014F00C0F03EB021204F00F0C13D0ACF1B1
:100F9000040323F003030433134442F8045B934235
:100FA000FBD10CF003042CB1C9B21C4403F8011BA3
:100FB0009C42FBD130BD64461346002CF4D1F9E7C6
:100FC00003461446BFE71A46A446E0E713460A461E
:100FD0000146022000F040B838B5074D0022044613
:100FE00008462A60FCF7C2F8431C00D038BD2B68C5
:100FF000002BFBD0236038BD34310020014B186832
:10100000704700BF0820002070B50D4E0D4D761BB7
:10101000B61006D0002455F8043B01349847A64288
:10102000F9D1094E094D761B00F0B8F9B61006D07B
:10103000002455F8043B01349847A642F9D170BD0D
:10104000001C0060001C0060101C0060001C0060A0
:10105000704700BF704700BF2DE9F047DFF87CA064
:101060000646DAF8000098460F469146FFF7F0FF73
:10107000184B1C6824B365681F2D24DC5EB96B1CFB
:101080000235DAF80000636044F82570FFF7E2FFEC
:101090000020BDE8F08704EB85010123C1F88890AA
:1010A000D4F88821AB401A43022EC4F88821C1F835
:1010B0000881E4D1D4F88C211A43C4F88C21DEE7EE
:1010C000054C1C60D7E7DAF80000FFF7C3FF4FF0CC
:1010D000FF30DEE7CC2B0020D02B0020EC1B0020C3
:1010E000F8B5244F0C460646FFF712FFBB685D6853
:1010F000C4F57E610F3125F003054B1923F47F639E
:1011000023F00F03A3F58054B4F5805F07DB0021C3
:101110003046FFF761FFBB682B44984204D030464D
:10112000FFF7FCFE0020F8BD61423046FFF754FF98
:1011300001300DD0104ABB682D1B45F001055D60E4
:10114000136830461B1B1360FFF7E8FE0120F8BD53
:1011500000213046FFF740FFBA68831A0F2BDEDD0F
:1011600043F001035360054B03491B68C01A086034
:10117000D5E700BFF81B0020682D002000200020CC
:10118000002961D0F8B50C460646FFF7C1FE54F8B9
:10119000042C7B4FA4F1080522F0010105EB010CA2
:1011A000B868DCF80430604523F0030300F08B805E
:1011B000D207CCF8043032D454F8082CAD1A1144BC
:1011C000AA6807F1080082426AD00CEB0304D4F845
:1011D00004E0EC68D4601EF0010FA26000F097807C
:1011E00041F001036B60CCF80010B1F5007F35D2FF
:1011F0007868CB080122490901338A40024357F835
:1012000033107A6007EBC302083AC5E9021247F8C7
:101210003350CD603046BDE8F840FFF77FBE0CEBA1
:1012200003025268D00710D4194407F10800DCF813
:101230000830834273D0DCF80C20DA60936041F010
:1012400001036B606950D0E7704741F00103B1F5CD
:10125000007F44F8043CCCF80010C9D3B1F5206FEE
:101260004FEA512348D28B0903F1390003F13802C8
:10127000C300F818FB580838984259D05A6822F031
:1012800003028A4202D99B689842F7D1D868C5E91F
:1012900002308560DD603046BDE8F840FFF73EBEB5
:1012A0000CEB03025268D20763D40B44DCE9021250
:1012B000CA60916043F001026A603046EB50BDE8BD
:1012C000F840FFF72BBE0B44D10707D454F8082C85
:1012D000AD1A1344D5E90212CA60916043F00102CD
:1012E0006A60284ABD6012689A4293D8264B3046FD
:1012F0001968FFF7F5FE8DE7142B0AD9542B1FD878
:101300000B0B03F16F0003F16E02C300B1E7194448
:101310008DE703F15C0003F15B02C300A9E741F034
:101320000103C7E90455C5E902006B60695071E724
:1013300079689210012404FA02F20A437A60A6E75F
:10134000B3F5AA7F06D8CB0B03F1780003F177023F
:10135000C3008EE740F25452934206D88B0C03F13F
:101360007D0003F17C02C30083E74FF47E737E228D
:101370007FE741F001036B60CCF800104AE700BF43
:10138000F81B002004200020982D00205FF800F0BA
:10139000691600605FF800F04D1B00605FF800F018
:1013A000A11B00605FF800F015160060000000004F
:0413B0000000000039
:0413B400F8B500BFC9
:0813B80040D9FF7F0100000095
:1013C000000000000000000000000000000000001D
:1013D000000000000000000000000000000000000D
:1013E00000000000000000000000000000000000FD
:1013F00000000000000000000000000000000000ED
:1014000000000000000000000000000000000000DC
:1014100000000000000000000000000000000000CC
:1014200000000000000000000000000000000000BC
:1014300000000000000000000000000000000000AC
:10144000000000000000000000000000000000009C
:10145000000000000000000000000000000000008C
:10146000000000000000000000000000000000007C
:10147000000000000000000000000000000000006C
:10148000000000000000000000000000000000005C
:10149000000000000000000000000000000000004C
:1014A000000000000000000000000000000000003C
:1014B000000000000000000000000000000000002C
:1014C000000000000000000000000000000000001C
:1014D000000000000000000000000000000000000C
:1014E00000000000000000000000000000000000FC
:1014F00000000000000000000000000000000000EC
:1015000000000000000000000000000000000000DB
:1015100000000000000000000000000000000000CB
:1015200000000000000000000000000000000000BB
:1015300000000000000000000000000000000000AB
:10154000000000000000000000000000000000009B
:10155000000000000000000000000000000000008B
:10156000000000000000000000000000000000007B
:10157000000000000000000000000000000000006B
:10158000000000000000000000000000000000005B
:10159000000000000000000000000000000000004B
:1015A000000000000000000000000000000000003B
:1015B000000000000000000000000000000000002B
:1015C000000000000000000000000000000000001B
:1015D000000000000000000000000000000000000B
:1015E00000000000000000000000000000000000FB
:1015F00000000000000000000000000000000000EB
:1016000000000000000000000000000000000000DA
:1016100000000000000000000000000000000000CA
:1016200000000000000000000000000000000000BA
:1016300000000000000000000000000000000000AA
:1016400000000040FB21F93F000000002D44743EE3
:10165000000000809846F83C0000006051CC783BC8
:1016600000000080831BF0390000004020257A38FC
:10167000000000802282E336000000001DF369357F
:10168000000000000000F03F748515D3B0D9EF3F93
:101690000F89F96C58B5EF3F515B12D00193EF3FC2
:1016A0007B517D3CB872EF3FAAB968318754EF3F58
:1016B0003862756E7A38EF3FE1DE1FF59D1EEF3F11
:1016C00015B7310AFE06EF3FCBA93A37A7F1EE3F37
:1016D0002234124CA6DEEE3F2D89616008CEEE3F2B
:1016E000272A36D5DABFEE3F824F9D562BB4EE3F08
:1016F000295448DD07ABEE3F85553AB07EA4EE3F56
:10170000CD3B7F669EA0EE3F745FECE8759FEE3F99
:101710008701EB7314A1EE3F13CE4C9989A5EE3FE0
:10172000DBA02A42E5ACEE3FE5C5CDB037B7EE3FD2
:1017300090F0A38291C4EE3F5D253EB203D5EE3F0B
:10174000ADD35A999FE8EE3F475EFBF276FFEE3F3E
:101750009C5285DD9B19EF3F6990EFDC2037EF3F0E
:1017600087A4FBDC1858EF3F5F9B7B33977CEF3FF0
:10177000DA90A4A2AFA4EF3F40456E5B76D0EF3F76
:10178000000000000000E8429423914BF86AAC3F4F
:10179000F3C4FA50CEBFCE3FD6520CFF422EE63FE6
:1017A0000000000000003843FE822B6547154740CB
:1017B0009423914BF86ABC3EF3C4FA50CEBF2E3F3F
:1017C000D6520CFF422E963FBEF3F879EC61F63FFD
:1017D0001930965BC6FEDEBF3D88AF4AED71F53F1E
:1017E000A4FCD432680BDBBFB010F0F03995F43FA5
:1017F0007BB71F0A8B41D7BF8503B8B095C9F33FAC
:101800007BCF6D1AE99DD3BFA564880C190DF33FFA
:1018100031B6F2F39B1DD0BFA08E0B7B225EF23F50
:10182000F07A3B1B1D7CC9BF3F341A4A4ABBF13FCB
:101830009F3CAF93E3F9C2BFBAE58AF05823F13F6A
:101840005C8D78BFCB60B9BFA70099413F95F03F51
:10185000CE5F47B69D6FAABF000000000000F03FBA
:101860000000000000000000AC479AFD8C60EE3FD5
:101870003DF5249FCA38B33FA06A021FB3A4EC3FD2
:10188000BA913854A976C43FE6FC6A573620EB3F3C
:10189000D2E4C44A0B84CE3F2DAAA163D1C2E93F52
:1018A0001C65C6F04506D43FED417803E686E83F67
:1018B000F89F1B2C9C8ED83F624853F5DC67E73FAE
:1018C000CC7BB14EA4E0DC3F4D7E0AF7B612D7BF09
:1018D000E0326849BFCADE3FDEE3FA9F4715E7BF43
:1018E000B8C8355F4715F73FBEF3F879EC61F63FAE
:1018F0001930965BC6FEDEBF3D88AF4AED71F53FFD
:10190000A4FCD432680BDBBFB010F0F03995F43F83
:101910007BB71F0A8B41D7BF8503B8B095C9F33F8A
:101920007BCF6D1AE99DD3BFA564880C190DF33FD9
:1019300031B6F2F39B1DD0BFA08E0B7B225EF23F2F
:10194000F07A3B1B1D7CC9BF3F341A4A4ABBF13FAA
:101950009F3CAF93E3F9C2BFBAE58AF05823F13F49
:101960005C8D78BFCB60B9BFA70099413F95F03F30
:10197000CE5F47B69D6FAABF000000000000F03F99
:101980000000000000000000AC479AFD8C60EE3FB4
:101990003DF5249FCA38B33FA06A021FB3A4EC3FB1
:1019A000BA913854A976C43FE6FC6A573620EB3F1B
:1019B000D2E4C44A0B84CE3F2DAAA163D1C2E93F31
:1019C0001C65C6F04506D43FED417803E686E83F46
:1019D000F89F1B2C9C8ED83F624853F5DC67E73F8D
:1019E000CC7BB14EA4E0DC3F0B6E49C91676D23FEA
:1019F0007AC675A06919D7BFDDBAA76C0AC7DE3FE2
:101A0000C8F6BE484715E7BF2BB82A654715F73F0C
:101A1000000000000000F03F000000000000F0BFE8
:101A2000000000000000F0BF000000000000F03FD8
:101A300083C8C96D305F6441182D4454FB21F93FC0
:101A4000000000000000F03F1C620CFDFFFFDFBF44
:101A5000198F06E15355A53F9D359AE887C056BFBB
:101A6000C3F87B024393F93E03A695595455C5BF6D
:101A7000C40B23057610813F24CF7437EB9429BF24
:101A8000000000000000F03F000000000000F0BF78
:101A9000000000000000F0BF000000000000F03F68
:101AA00083C8C96D305F6441182D4454FB21F93F50
:101AB000000000000000F0BF1C620CFDFFFFDF3FD4
:101AC000198F06E15355A5BF9D359AE887C0563F4B
:101AD000C3F87B024393F9BE03A695595455C5BF7D
:101AE000C40B23057610813F24CF7437EB9429BFB4
:101AF0009C220020A0220020A4220020B02200204E
:101B0000B4220020B822002090220020942200203D
:101B100098220020604A0020644A0020684A002081
:101B20006C4A0020704A0020744A0020A82200203D
:101B30008422002070220020682200205C4A0020BD
:101B40007C2200208C220020882200207422002089
:101B500000000000782200208022002000002403E2
:101B600048066A098C0CAB0FC812E215F9180B1C59
:101B70001A1F2322282526281F2B112EFB30DF3386
:101B8000BA368C39563C173FCE417A441C47B4498B
:101B90003F4CBF4E33519B53F5554258825AB35C6C
:101BA000D75EEB60F162E864CF66A6686D6A236C6D
:101BB000C96D5E6FE2705472B573047541766B77D0
:101BC000847889797C7A5C7B297CE37C897D1D7EA5
:101BD0009C7E097F617FA67FD87FF57FFF7FF57FA1
:101BE000D87FA67F617F097F9C7E1D7E897DE37CF7
:101BF000297C5C7B7C7A897984786B774176047563
:101C0000B5735472E2705E6FC96D236C6D6AA6681D
:101C1000CF66E864F162EB60D75EB35C825A4258EB
:101C2000F5559B533351BF4E3F4CB4491C477A4442
:101C3000CE41173F563C8C39BA36DF33FB30112E7C
:101C40001F2B2628282523221A1F0B1CF918E21502
:101C5000C812AB0F8C0C6A09480624030000DCFC98
:101C6000B8F996F674F355F038ED1EEA07E7F5E398
:101C7000E6E0DDDDD8DADAD7E1D4EFD105CF21CC4B
:101C800046C974C6AAC3E9C032BE86BBE4B84CB626
:101C9000C1B341B1CDAE65AC0BAABEA77EA54DA325
:101CA00029A1159F0F9D189B31995A979395DD9304
:101CB0003792A2901E8FAC8D4B8CFC8ABF89958881
:101CC0007C8777868485A484D7831D837782E3818C
:101CD0006481F7809F805A8028800B8001800B8070
:101CE00028805A809F80F7806481E38177821D83FA
:101CF000D783A484848577867C879588BF89FC8A6E
:101D00004B8CAC8D1E8FA2903792DD9393955A9792
:101D10003199189B0F9D159F29A14DA37EA5BEA7A4
:101D20000BAA65ACCDAE41B1C1B34CB6E4B886BB2D
:101D300032BEE9C0AAC374C646C921CC05CFEFD1D3
:101D4000E1D4DAD7D8DADDDDE6E0F5E307E71EEA2D
:101D500038ED55F074F396F6B8F9DCFC000000009D
:101D6000000000000100000003000000020000006D
:101D7000000000000E0000000F0000001000000036
:101D80001100000012000000130000006E616E00E0
:101D9000696E66006F76660029A200002DA2000021
:101DA00031A2000035A20000000000000000000089
:101DB0004D84000000000000000000000DB4000091
:101DC0000000000000000000017E00000000000094
:101DD00000000000997F00000000000000000000EB
:101DE0007DA40000DDBD0000D9BD0000D5BD000010
:101DF000D1BD0000CDBD0000C9BD0000C5BD0000C3
:101E00000000000000000000E18000000000000071
:101E100000000000898A00000000000000000000AF
:101E2000C19100000000000000000000DD7F000004
:101E300000000000000000000D8D00000000000008
:101E4000000000006D8000000000000000000000A5
:101E5000558300000000000000000000C99500004C
:101E60005D9D0000619D0000699D0000719D000066
:101E7000A2000000F9A2000083F9A2006E83F9A27B
:101E80004E6E83F9444E6E8315444E6E2915444EB2
:101E9000FC29154427FC29155727FC29D15727FC75
:101EA000F5D1572734F5D157DD34F5D1C0DD34F500
:101EB000DBC0DD3462DBC0DD9562DBC0999562DB9F
:101EC0003C999562433C999590433C994190433CA1
:101ED00000000042C8801F40B8821F400800000078
:101EE00000000042C4801F40B4821F400400000074
:101EF00000C0004224801F4014821F4010000000D8
:101F000000C0004228801F4018821F4020000000AF
:101F100000C000422C801F401C821F404000000077
:101F200000C0004234801F4024821F400001000096
:101F30000040004264811F4054831F4000040000A1
:101F40000040004280811F4070831F40000002005B
:101F5000004000427C811F406C831F400000010054
:101F60000040004268811F4058831F400008000065
:101F7000004000423C811F402C831F4001000000B4
:101F80000040004244811F4034831F400400000091
:101F90000040004240811F4030831F40020000008B
:101FA0000040004248811F4038831F400800000065
:101FB0000000004204811F40F4821F400000040022
:101FC0000000004208811F40F8821F400000080006
:101FD0000000004218811F4008831F40000080005D
:101FE0000000004214811F4004831F400000400095
:101FF0000000004200811F40F0821F4000000200EC
:1020000000000042FC801F40EC821F4000000100E5
:102010000000004224811F4014831F400000000480
:102020000000004228811F4018831F400000000864
:10203000000000421C811F400C831F400000000173
:102040000000004220811F4010831F40000000025A
:1020500000000042EC801F40DC821F4000100000A6
:1020600000000042F0801F40E0821F40002000007E
:102070000000004234811F4024831F4000000040C4
:102080000000004238811F4028831F40000000806C
:102090000080004294801F4084821F4000000400A2
:1020A00000C0004290801F4080821F4000000080DE
:1020B00000800042A8801F4098821F4000008000DE
:1020C00000800042A4801F4094821F400000400016
:1020D000004000426C811F405C831F4000100000E4
:1020E00000C0004230801F4020821F40800000005E
:1020F00000800042C8811F40B8831F40008000005C
:1021000000800042C4811F40B4831F400040000093
:1021100000800042C0811F40B0831F4000200000AB
:1021200000800042BC811F40AC831F4000100000B3
:1021300000800042D0811F40C0831F400000020089
:1021400000800042CC811F40BC831F400000010082
:102150000200000003000000040000000600000070
:102160003E3E3E205253204D4F4445204F4E0000EE
:102170003E3E3E20544F554348204D4F4445204F4E
:102180004E00000074453D002073686966743D0090
:102190004350553D000000003E3E3E20544F554305
:1021A0004820454E47494E4520000000FB21F93F9D
:1021B000FB2109407CD91240FB2119407A6A1F405B
:1021C0007CD92240BBFD2540FB2129403A462C40CA
:1021D0007A6A2F405C4731407CD932409C6B344056
:1021E000BBFD3540DB8F3740FB2139401BB43A4003
:1021F0003A463C405AD83D407A6A3F404C7E404087
:102200005C4741406C1042407CD942408CA2434024
:102210009C6B4440AC344540BBFD4540CBC646407A
:10222000DB8F4740EB584840FB21494007080C0B27
:1022300006050F000D0E0102838407080C0B06052E
:102240000F000D0E0102838401010004010000044F
:1022500001320101013202010110010101110101EC
:10226000011201020103020601030106011202022A
:10227000020000010202000102010001021000013F
:102280000222000102230001000000000000000003
:1022900002210001022000010000000000000000F7
:1022A00001300101013101010102000401030004B8
:1022B00000000000000000000121020101210101D5
:1022C00000000000000000000000000001100201FA
:1022D00001010201010101010100020101000101EE
:1022E000010202010102010100000000920E493CBE
:1022F000B10AC93C2BC3163D2EFB483D752B7B3DD7
:1023000004A9963D80B6AF3D36BDC83D2FBCE13D2A
:1023100073B2FA3D87CF093E8340163EB5AB223EED
:10232000A2102F3ECF6E3B3EC2C5473E0115543E24
:10233000135C603E7F9A6C3ECCCF783EC07D823E7F
:10234000938E883E229A8E3E32A0943E86A09A3E7C
:10235000E59AA03E128FA63ED47CAC3EEF63B23E1F
:102360002A44B83E491DBE3E15EFC33E53B9C93E8F
:10237000CA7BCF3E4136D53E80E8DA3E4F92E03E02
:102380007533E63EBBCBEB3EEA5AF13ECBE0F63E80
:10239000275DFC3EE4E7003F3D9C033F824B063F48
:1023A0009BF5083F6B9A0B3FDA390E3FCDD3103FB8
:1023B0002A68133FD9F6153FC07F183FC6021B3F5E
:1023C000D17F1D3FCBF61F3F9967223F25D2243F87
:1023D0005636273F1594293F4AEB2B3FDE3B2E3FD5
:1023E000BB85303FC9C8323FF304353F233A373FFE
:1023F0004268393F3B8F3B3FF9AE3D3F67C73F3FA8
:1024000070D8413F01E2433F03E4453F65DE473F6B
:1024100012D1493FF8BB4B3F029F4D3F207A4F3FBF
:102420003D4D513F4918533F31DB543FE595563FF1
:102430005348583F6AF2593F1A945B3F532D5D3F12
:1024400005BE5E3F2146603F97C5613F5A3C633FF2
:1024500059AA643F880F663FD86B673F3CBF683F0F
:10246000A7096A3F0C4B6B3F5E836C3F93B26D3F95
:102470009ED86E3F73F56F3F0809713F5213723F4C
:102480004714733FDD0B743F0BFA743FC6DE753F94
:1024900007BA763FC58B773FF853783F9812793F5C
:1024A0009DC7793F02737A3FBE147B3FCDAC7B3F23
:1024B000283B7C3FC9BF7C3FAC3A7D3FCCAB7D3FE6
:1024C00023137E3FB0707E3F6DC47E3F580E7F3F2A
:1024D0006D4E7F3FAB847F3F0FB17F3F97D37F3FF0
:1024E00043EC7F3F11FB7F3F0000803F11FB7F3FAC
:1024F00043EC7F3F97D37F3F0FB17F3FAB847F3F5C
:102500006D4E7F3F580E7F3F6DC47E3FB0707E3F63
:1025100023137E3FCCAB7D3FAC3A7D3FC9BF7C3FB0
:10252000283B7C3FCDAC7B3FBE147B3F02737A3FA0
:102530009DC7793F9812793FF853783FC58B773F15
:1025400007BA763FC6DE753F0BFA743FDD0B743F6A
:102550004714733F5213723F0809713F73F56F3F81
:102560009ED86E3F93B26D3F5E836C3F0C4B6B3FCA
:10257000A7096A3F3CBF683FD86B673F880F663F3B
:1025800059AA643F5A3C633F97C5613F2146603F6B
:1025900005BE5E3F532D5D3F1A945B3F6AF2593F83
:1025A0005348583FE595563F31DB543F4918533F58
:1025B0003D4D513F207A4F3F029F4D3FF8BB4B3F6F
:1025C00012D1493F65DE473F03E4453F01E2433F07
:1025D00070D8413F67C73F3FF9AE3D3F3B8F3B3F20
:1025E0004268393F233A373FF304353FC9C8323F89
:1025F000BB85303FDE3B2E3F4AEB2B3F1594293FF6
:102600005636273F25D2243F9967223FCBF61F3FFE
:10261000D17F1D3FC6021B3FC07F183FD9F6153F33
:102620002A68133FCDD3103FDA390E3F6B9A0B3F28
:102630009BF5083F824B063F3D9C033FE4E7003F8C
:10264000275DFC3ECBE0F63EEA5AF13EBBCBEB3ECB
:102650007533E63E4F92E03E80E8DA3E4136D53EA5
:10266000CA7BCF3E53B9C93E15EFC33E491DBE3E9E
:102670002A44B83EEF63B23ED47CAC3E128FA63EF5
:10268000E59AA03E86A09A3E32A0943E229A8E3EC3
:10269000938E883EC07D823ECCCF783E7F9A6C3E42
:1026A000135C603E0115543EC2C5473ECF6E3B3EB3
:1026B000A2102F3EB5AB223E8340163E87CF093E87
:1026C00073B2FA3D2FBCE13D36BDC83D80B6AF3D8B
:1026D00004A9963D752B7B3D2EFB483D2BC3163D33
:1026E000B10AC93C920E493C00000000920E49BC60
:1026F000B10AC9BC2BC316BD2EFB48BD752B7BBDD3
:1027000004A996BD80B6AFBD36BDC8BD2FBCE1BD26
:1027100073B2FABD87CF09BE834016BEB5AB22BEE9
:10272000A2102FBECF6E3BBEC2C547BE011554BE20
:10273000135C60BE7F9A6CBECCCF78BEC07D82BE7B
:10274000938E88BE229A8EBE32A094BE86A09ABE78
:10275000E59AA0BE128FA6BED47CACBEEF63B2BE1B
:102760002A44B8BE491DBEBE15EFC3BE53B9C9BE8B
:10277000CA7BCFBE4136D5BE80E8DABE4F92E0BEFE
:102780007533E6BEBBCBEBBEEA5AF1BECBE0F6BE7C
:10279000275DFCBEE4E700BF3D9C03BF824B06BF44
:1027A0009BF508BF6B9A0BBFDA390EBFCDD310BFB4
:1027B0002A6813BFD9F615BFC07F18BFC6021BBF5A
:1027C000D17F1DBFCBF61FBF996722BF25D224BF83
:1027D000563627BF159429BF4AEB2BBFDE3B2EBFD1
:1027E000BB8530BFC9C832BFF30435BF233A37BFFA
:1027F000426839BF3B8F3BBFF9AE3DBF67C73FBFA4
:1028000070D841BF01E243BF03E445BF65DE47BF67
:1028100012D149BFF8BB4BBF029F4DBF207A4FBFBB
:102820003D4D51BF491853BF31DB54BFE59556BFED
:10283000534858BF6AF259BF1A945BBF532D5DBF0E
:1028400005BE5EBF214660BF97C561BF5A3C63BFEE
:1028500059AA64BF880F66BFD86B67BF3CBF68BF0B
:10286000A7096ABF0C4B6BBF5E836CBF93B26DBF91
:102870009ED86EBF73F56FBF080971BF521372BF48
:10288000471473BFDD0B74BF0BFA74BFC6DE75BF90
:1028900007BA76BFC58B77BFF85378BF981279BF58
:1028A0009DC779BF02737ABFBE147BBFCDAC7BBF1F
:1028B000283B7CBFC9BF7CBFAC3A7DBFCCAB7DBFE2
:1028C00023137EBFB0707EBF6DC47EBF580E7FBF26
:1028D0006D4E7FBFAB847FBF0FB17FBF97D37FBFEC
:1028E00043EC7FBF11FB7FBF000080BF11FB7FBFA8
:1028F00043EC7FBF97D37FBF0FB17FBFAB847FBF58
:102900006D4E7FBF580E7FBF6DC47EBFB0707EBF5F
:1029100023137EBFCCAB7DBFAC3A7DBFC9BF7CBFAC
:10292000283B7CBFCDAC7BBFBE147BBF02737ABF9C
:102930009DC779BF981279BFF85378BFC58B77BF11
:1029400007BA76BFC6DE75BF0BFA74BFDD0B74BF66
:10295000471473BF521372BF080971BF73F56FBF7D
:102960009ED86EBF93B26DBF5E836CBF0C4B6BBFC6
:10297000A7096ABF3CBF68BFD86B67BF880F66BF37
:1029800059AA64BF5A3C63BF97C561BF214660BF67
:1029900005BE5EBF532D5DBF1A945BBF6AF259BF7F
:1029A000534858BFE59556BF31DB54BF491853BF54
:1029B0003D4D51BF207A4FBF029F4DBFF8BB4BBF6B
:1029C00012D149BF65DE47BF03E445BF01E243BF03
:1029D00070D841BF67C73FBFF9AE3DBF3B8F3BBF1C
:1029E000426839BF233A37BFF30435BFC9C832BF85
:1029F000BB8530BFDE3B2EBF4AEB2BBF159429BFF2
:102A0000563627BF25D224BF996722BFCBF61FBFFA
:102A1000D17F1DBFC6021BBFC07F18BFD9F615BF2F
:102A20002A6813BFCDD310BFDA390EBF6B9A0BBF24
:102A30009BF508BF824B06BF3D9C03BFE4E700BF88
:102A4000275DFCBECBE0F6BEEA5AF1BEBBCBEBBEC7
:102A50007533E6BE4F92E0BE80E8DABE4136D5BEA1
:102A6000CA7BCFBE53B9C9BE15EFC3BE491DBEBE9A
:102A70002A44B8BEEF63B2BED47CACBE128FA6BEF1
:102A8000E59AA0BE86A09ABE32A094BE229A8EBEBF
:102A9000938E88BEC07D82BECCCF78BE7F9A6CBE3E
:102AA000135C60BE011554BEC2C547BECF6E3BBEAF
:102AB000A2102FBEB5AB22BE834016BE87CF09BE83
:102AC00073B2FABD2FBCE1BD36BDC8BD80B6AFBD87
:102AD00004A996BD752B7BBD2EFB48BD2BC316BD2F
:102AE000B10AC9BC920E49BC0000008000A019A028
:102AF0001AA01BA01CA01EA020A022A024A026A0DB
:102B000027A027A027A025A021A01DA017A010A0C6
:102B100007A0FD9FF29FE69FDA9FCD9FC19FB59FC3
:102B2000A99F9F9F969F8F9F8B9F899F8A9F8D9F15
:102B3000949F9E9FAB9FBA9FCD9FE19FF79F0FA051
:102B400028A041A05AA071A087A09BA0ADA0BAA0C8
:102B5000C4A0CAA0CBA0C7A0BEA0B0A09EA087A0C2
:102B60006BA04DA02BA007A0E19FBB9F959F709FDE
:102B70004D9F2E9F129FFC9EEA9EDF9EDA9EDD9E59
:102B8000E69EF69E0D9F2B9F4F9F789FA69FD79FF7
:102B90000AA03FA074A0A8A0D9A006A12EA151A16F
:102BA0006CA17FA18AA18BA183A172A157A134A19D
:102BB00008A1D4A09AA05BA018A0D39F8D9F489F86
:102BC000069FC79E8F9E5E9E369E189E049EFD9D0C
:102BD000019E129E2F9E589E8C9ECA9E119F609FA2
:102BE000B49F0CA067A0C1A018A16BA1B8A1FCA1C3
:102BF00035A263A282A294A296A288A26AA23DA252
:102C000000A2B7A160A100A196A027A0B39F3F9FFB
:102C1000CC9E5E9EF79D9A9D499D079DD59CB69C36
:102C2000AA9CB29CCE9CFF9C449D9C9D049E7C9E35
:102C3000009F8D9F22A0B9A050A1E4A16FA2F0A295
:102C400062A3C3A30FA444A460A462A44AA415A4CD
:102C5000C6A35EA3DDA247A29EA1E5A022A0579F26
:102C60008A9EBF9DFC9C459C9F9B0F9B989A409A77
:102C7000089AF399049A3A9A979A199BBF9B869C53
:102C80006A9D689E7A9F9AA0C3A1ECA211A428A570
:102C90002AA612A7D6A772A8E0A81AA91CA9E4A878
:102CA0006FA8BEA7D1A6AAA54DA4C0A209A12F9F17
:102CB0003D9D3D9B399940975C959D931192C490A1
:102CC000C58F228FE78E208FD98F1A91ED9257955D
:102CD0005E98049C4BA032A5B4AACEB077B7A7BE2D
:102CE00052C66DCEE7D6B3DFBFE8F9F150FBB004B2
:102CF00083F9A200444E6E00FC291500D15727002D
:102D0000DD34F50062DBC0003C9995004190430042
:102D10006351FE00BBDEAB00B761C5003A6E240014
:102D2000D24D42004906E00009EA2E001C92D10073
:102D3000EB1DFE0029B11C00E83EA700F53582001E
:102D400044BB2E009CE98400B4267000417E5F00E5
:102D5000D6913900538339009CF439008B5F84008D
:102D600028F9BD00F81F3B00DEFF97000F98050013
:102D7000112FEF000A5A8B006D1F6D00CF7E3600B9
:102D800009CB2700464FB7009E663F002DEA5F0043
:102D9000BA277500E5EBC7003D7BF100F739070066
:102DA00092528A00FB6BEA001FB15F00085D8D0044
:102DB000300356007BFC4600F0AB6B0020BCCF001C
:102DC00036F49A00E3A91D005E619100081BE6003D
:102DD00085996500A0145F008D40680080D8FF00D1
:102DE00027734D0006063100CA561500C9A87300A6
:102DF0007BE260006B8CC000000100000C20002012
:102E00001200000000060000881D00600A0000009B
:102E100000020000F01C00609500000000070000A8
:102E2000581C00609500000000030000541C006066
:102E30000000000001030904301C006000000000D5
:102E400002030904101C00600000000003030904D1
:102E500050220020000000000000000000000000E0
:102E60000000000000000000000000009C2D002079
:102E7000042E00206C2E0020000000000000000046
:102E80000000000000000000000000000000000042
:102E90000000000000000000000000000000000032
:102EA0000000000000000000000000000000000022
:102EB0000000000000000000000000000000000012
:102EC0000000000000000000000000000000000002
:102ED00000000000000000000000000000000000F2
:102EE00000000000000000000000000000000000E2
:102EF00000000000000000000000000000000000D2
:102F000001000000000000000E33CDAB34126DE66E
:102F1000ECDE05000B0000000000000000000000D7
:102F200000000000000000000000000000000000A1
:102F30000000000000000000000000000000000091
:102F40000000000000000000000000000000000081
:102F50000000000000000000000000000000000071
:102F60000000000000000000000000000000000061
:102F70000000000000000000000000000000000051
:102F800000000000000000000029DE07007B9A1707
:102F9000200A002000000000E803000000000000FC
:102FA000FFFFFFFF0000803F000080BF602D00207A
:102FB000A0CE202000000000000000000000000063
:102FC000F81B0020F81B0020001C0020001C002023
:102FD000081C0020081C0020101C0020101C0020D1
:102FE000181C0020181C0020201C0020201C002081
:102FF000281C0020281C0020301C0020301C002031
:10300000381C0020381C0020401C0020401C0020E0
:10301000481C0020481C0020501C0020501C002090
:10302000581C0020581C0020601C0020601C002040
:10303000681C0020681C0020701C0020701C0020F0
:10304000781C0020781C0020801C0020801C0020A0
:10305000881C0020881C0020901C0020901C002050
:10306000981C0020981C0020A01C0020A01C002000
:10307000A81C0020A81C0020B01C0020B01C0020B0
:10308000B81C0020B81C0020C01C0020C01C002060
:10309000C81C0020C81C0020D01C0020D01C002010
:1030A000D81C0020D81C0020E01C0020E01C0020C0
:1030B000E81C0020E81C0020F01C0020F01C002070
:1030C000F81C0020F81C0020001D0020001D00201E
:1030D000081D0020081D0020101D0020101D0020CC
:1030E000181D0020181D0020201D0020201D00207C
:1030F000281D0020281D0020301D0020301D00202C
:10310000381D0020381D0020401D0020401D0020DB
:10311000481D0020481D0020501D0020501D00208B
:10312000581D0020581D0020601D0020601D00203B
:10313000681D0020681D0020701D0020701D0020EB
:10314000781D0020781D0020801D0020801D00209B
:10315000881D0020881D0020901D0020901D00204B
:10316000981D0020981D0020A01D0020A01D0020FB
:10317000A81D0020A81D0020B01D0020B01D0020AB
:10318000B81D0020B81D0020C01D0020C01D00205B
:10319000C81D0020C81D0020D01D0020D01D00200B
:1031A000D81D0020D81D0020E01D0020E01D0020BB
:1031B000E81D0020E81D0020F01D0020F01D00206B
:1031C000F81D0020F81D0020001E0020001E002019
:1031D000081E0020081E0020101E0020101E0020C7
:1031E000181E0020181E0020201E0020201E002077
:1031F000281E0020281E0020301E0020301E002027
:10320000381E0020381E0020401E0020401E0020D6
:10321000481E0020481E0020501E0020501E002086
:10322000581E0020581E0020601E0020601E002036
:10323000681E0020681E0020701E0020701E0020E6
:10324000781E0020781E0020801E0020801E002096
:10325000881E0020881E0020901E0020901E002046
:10326000981E0020981E0020A01E0020A01E0020F6
:10327000A81E0020A81E0020B01E0020B01E0020A6
:10328000B81E0020B81E0020C01E0020C01E002056
:10329000C81E0020C81E0020D01E0020D01E002006
:1032A000D81E0020D81E0020E01E0020E01E0020B6
:1032B000E81E0020E81E0020F01E0020F01E002066
:1032C000F81E0020F81E0020001F0020001F002014
:1032D000081F0020081F0020101F0020101F0020C2
:1032E000181F0020181F0020201F0020201F002072
:1032F000281F0020281F0020301F0020301F002022
:10330000381F0020381F0020401F0020401F0020D1
:10331000481F0020481F0020501F0020501F002081
:10332000581F0020581F0020601F0020601F002031
:10333000681F0020681F0020701F0020701F0020E1
:10334000781F0020781F0020801F0020801F002091
:10335000881F0020881F0020901F0020901F002041
:10336000981F0020981F0020A01F0020A01F0020F1
:10337000A81F0020A81F0020B01F0020B01F0020A1
:10338000B81F0020B81F0020C01F0020C01F002051
:10339000C81F0020C81F0020D01F0020D01F002001
:1033A000D81F0020D81F0020E01F0020E01F0020B1
:1033B000E81F0020E81F0020F01F0020F01F002061
:1033C000FFFFFFFF00000200A81A00201201000208
:1033D000EF020140C0168B0401030102030100004B
:1033E0008DAC00008DAC00008DAC00008DAC0000F9
:1033F0008DAC00008DAC00008DAC00008DAC0000E9
:103400008DAC00008DAC00008DAC00008DAC0000D8
:103410008DAC00008DAC00008DAC00008DAC0000C8
:103420008DAC00008DAC00008DAC00008DAC0000B8
:103430008DAC00008DAC00008DAC00008DAC0000A8
:103440008DAC00008DAC00008DAC00008DAC000098
:103450008DAC00008DAC00008DAC00008DAC000088
:103460008DAC00008DAC00008DAC00008DAC000078
:103470008DAC00008DAC00008DAC00008DAC000068
:103480008DAC00008DAC00008DAC00008DAC000058
:103490008DAC00008DAC00008DAC00008DAC000048
:1034A0008DAC00008DAC00008DAC00008DAC000038
:1034B0008DAC00008DAC00008DAC00008DAC000028
:1034C0008DAC00008DAC00008DAC00008DAC000018
:1034D0008DAC00008DAC00008DAC00008DAC000008
:1034E0008DAC00008DAC00008DAC00008DAC0000F8
:1034F0008DAC00008DAC00008DAC00008DAC0000E8
:103500008DAC00008DAC00008DAC00008DAC0000D7
:103510008DAC00008DAC00008DAC00008DAC0000C7
:103520008DAC00008DAC00008DAC00008DAC0000B7
:103530008DAC00008DAC00008DAC00008DAC0000A7
:103540008DAC00008DAC00008DAC00008DAC000097
:103550008DAC00008DAC00008DAC00008DAC000087
:103560008DAC00008DAC00008DAC00008DAC000077
:103570008DAC00008DAC00008DAC00008DAC000067
:103580008DAC00008DAC00008DAC00008DAC000057
:103590008DAC00008DAC00008DAC00008DAC000047
:1035A0008DAC00008DAC00008DAC00008DAC000037
:1035B0008DAC00008DAC00008DAC00008DAC000027
:1035C0008DAC00008DAC00008DAC00008DAC000017
:1035D0008DAC00008DAC00008DAC00008DAC000007
:1035E000000080BF000080BF000080BFFFFFFFFF22
:1035F000FFFFFFFFFFFFFFFF20A10700000000000B
:10360000800000000000003F0000003F0024F4485C
:103610000C0300000000000000000000000000009B
:1036200000000000000000000000803E0000C03FDD
:103630000000003F0000003F0000003FCDCC4C3EAA
:10364000CDCC4C3ECDCC0C3F0000003F0000003FF5
:103650000000003F0000003F0000003FCDCC0C3FC9
:103660009A99193F6666263FCDCCCC3E0000003FBC
:103670000000003FCDCC0C3F9A99193FCDCC4C3E79
:103680009A99993EFFFFFFFF083C3E403CAC550035
:10369000000000000000000000000000000000002A
:1036A000000000000000000000000000000000001A
:1036B000000000000000000000000000000000000A
:1036C00000000000000000000000000000000000FA
:1036D00000000000000000000000000000000000EA
:1036E00000000000000000000000000000000000DA
:1036F00000000000000000000000000000000000CA
:1037000000000000000000000000000000000000B9
:1037100000000000000000000000000000000000A9
:103720000000000000000000000000000000000099
:103730000000000000000000000000000000000089
:103740000000000000000000000000000000000079
:103750000000000000000000000000000000000069
:103760000000000000000000000000000000000059
:103770000000000000000000000000000000000049
:103780000000000000000000000000000000000039
:103790000000000000000000000000000000000029
:1037A0000000000000000000000000000000000019
:1037B0000000000000000000000000000000000009
:1037C00000000000000000000000000000000000F9
:1037D00000000000000000000000000000000000E9
:1037E00000000000000000000000000000000000D9
:1037F00000000000000000000000000000000000C9
:1038000000000000000000000000000000000000B8
:1038100000000000000000000000000000000000A8
:103820000000000000000000000000000000000098
:103830000000000000000000000000000000000088
:103840000000000000000000000000000000000078
:103850000000000000000000000000000000000068
:103860000000000000000000000000000000000058
:103870000000000000000000000000000000000048
:103880000000000000000000000000000000000038
:103890000000000000000000000000000000000028
:1038A0000000000000000000000000000000000018
:1038B0000000000000000000000000000000000008
:1038C00000000000000000000000000000000000F8
:1038D00000000000000000000000000000000000E8
:1038E00000000000000000000000000000000000D8
:1038F00000000000000000000000000000000000C8
:1039000000000000000000000000000000000000B7
:1039100000000000000000000000000000000000A7
:103920000000000000000000000000000000000097
:103930000000000000000000000000000000000087
:103940000000000000000000000000000000000077
:103950000000000000000000000000000000000067
:103960000000000000000000000000000000000057
:103970000000000000000000000000000000000047
:103980000000000000000000000000000000000037
:103990000000000000000000000000000000000027
:1039A0000000000000000000000000000000000017
:1039B0000000000000000000000000000000000007
:1039C00000000000000000000000000000000000F7
:1039D00000000000000000000000000000000000E7
:1039E00000000000000000000000000000000000D7
:1039F00000000000000000000000000000000000C7
:103A000000000000000000000000000000000000B6
:103A100000000000000000000000000000000000A6
:103A20000000000000000000000000000000000096
:103A30000000000000000000000000000000000086
:103A40000000000000000000000000000000000076
:103A50000000000000000000000000000000000066
:103A60000000000000000000000000000000000056
:103A70000000000000000000000000000000000046
:103A8000FFFFFFFFFFFFFFFFFFFFFFFFFFFFFFFF46
:103A9000FFFFFFFFFFFFFFFFFFFFFFFFFFFFFFFF36
:103AA000FFFFFFFFFFFFFFFFFFFFFFFFFFFFFFFF26
:103AB000FFFFFFFFFFFFFFFFFFFFFFFFFFFFFFFF16
:103AC000FFFFFFFFFFFFFFFFFFFFFFFFFFFFFFFF06
:103AD000FFFFFFFFFFFFFFFFFFFFFFFFFFFFFFFFF6
:103AE000FFFFFFFFFFFFFFFFFFFFFFFFFFFFFFFFE6
:103AF000FFFFFFFFFFFFFFFFFFFFFFFFFFFFFFFFD6
:103B0000FFFFFFFFFFFFFFFFFFFFFFFFFFFFFFFFC5
:103B1000FFFFFFFFFFFFFFFFFFFFFFFFFFFFFFFFB5
:103B2000FFFFFFFFFFFFFFFFFFFFFFFFFFFFFFFFA5
:103B3000FFFFFFFFFFFFFFFFFFFFFFFFFFFFFFFF95
:103B4000FFFFFFFFFFFFFFFFFFFFFFFFFFFFFFFF85
:103B5000FFFFFFFFFFFFFFFFFFFFFFFFFFFFFFFF75
:103B6000FFFFFFFFFFFFFFFFFFFFFFFFFFFFFFFF65
:103B7000FFFFFFFFFFFFFFFFFFFFFFFFFFFFFFFF55
:103B8000FFFFFFFFFFFFFFFFFFFFFFFFFFFFFFFF45
:103B9000FFFFFFFFFFFFFFFFFFFFFFFFFFFFFFFF35
:103BA000FFFFFFFFFFFFFFFFFFFFFFFFFFFFFFFF25
:103BB000FFFFFFFFFFFFFFFFFFFFFFFFFFFFFFFF15
:103BC000FFFFFFFFFFFFFFFFFFFFFFFFFFFFFFFF05
:103BD000FFFFFFFFFFFFFFFFFFFFFFFFFFFFFFFFF5
:103BE000FFFFFFFFFFFFFFFFFFFFFFFFFFFFFFFFE5
:103BF000FFFFFFFFFFFFFFFFFFFFFFFFFFFFFFFFD5
:103C000000000000000000000000000000000000B4
:103C100000000000000000000000000000000000A4
:103C20000000000000000000000000000000000094
:103C30000000000000000000000000000000000084
:103C40000000000000000000000000000000000074
:103C50000000000000000000000000000000000064
:103C60000000000000000000000000000000000054
:103C70000000000000000000000000000000000044
:103C80000000000000000000000000000000000034
:103C90000000000000000000000000000000000024
:103CA0000000000000000000000000000000000014
:103CB0000000000000000000000000000000000004
:103CC00000000000000000000000000000000000F4
:103CD00000000000000000000000000000000000E4
:103CE00000000000000000000000000000000000D4
:103CF00000000000000000000000000000000000C4
:103D000000000000000000000000000000000000B3
:103D100000000000000000000000000000000000A3
:103D20000000000000000000000000000000000093
:103D30000000000000000000000000000000000083
:103D40000000000000000000000000000000000073
:103D50000000000000000000000000000000000063
:103D60000000000000000000000000000000000053
:103D70000000000000000000000000000000000043
:103D80000000000000000000000000000000000033
:103D90000000000000000000000000000000000023
:103DA0000000000000000000000000000000000013
:103DB0000000000000000000000000000000000003
:103DC00000000000000000000000000000000000F3
:103DD00000000000000000000000000000000000E3
:103DE00000000000000000000000000000000000D3
:103DF00000000000000000000000000000000000C3
:103E000000000000000000000000000000000000B2
:103E100000000000000000000000000000000000A2
:103E20000000000000000000000000000000000092
:103E30000000000000000000000000000000000082
:103E40000000000000000000000000000000000072
:103E50000000000000000000000000000000000062
:103E60000000000000000000000000000000000052
:103E70000000000000000000000000000000000042
:103E80000000000000000000000000000000000032
:103E90000000000000000000000000000000000022
:103EA0000000000000000000000000000000000012
:103EB0000000000000000000000000000000000002
:103EC00000000000000000000000000000000000F2
:103ED00000000000000000000000000000000000E2
:103EE00000000000000000000000000000000000D2
:103EF00000000000000000000000000000000000C2
:103F000000000000000000000000000000000000B1
:103F100000000000000000000000000000000000A1
:103F20000000000000000000000000000000000091
:103F30000000000000000000000000000000000081
:103F40000000000000000000000000000000000071
:103F50000000000000000000000000000000000061
:103F60000000000000000000000000000000000051
:103F70000000000000000000000000000000000041
:103F80000000000000000000000000000000000031
:103F90000000000000000000000000000000000021
:103FA0000000000000000000000000000000000011
:103FB0000000000000000000000000000000000001
:103FC00000000000000000000000000000000000F1
:103FD00000000000000000000000000000000000E1
:103FE00000000000000000000000000000000000D1
:103FF00000000000000000000000000000000000C1
:1040000000000000000000000000000000000000B0
:1040100000000000000000000000000000000000A0
:104020000000000000000000000000000000000090
:104030000000000000000000000000000000000080
:104040000000000000000000000000000000000070
:104050000000000000000000000000000000000060
:104060000000000000000000000000000000000050
:104070000000000000000000000000000000000040
:104080000000000000000000000000000000000030
:104090000000000000000000000000000000000020
:1040A0000000000000000000000000000000000010
:1040B0000000000000000000000000000000000000
:1040C00000000000000000000000000000000000F0
:1040D00000000000000000000000000000000000E0
:1040E00000000000000000000000000000000000D0
:1040F00000000000000000000000000000000000C0
:1041000000000000000000000000000000000000AF
:10411000000000000000000000000000000000009F
:10412000000000000000000000000000000000008F
:10413000000000000000000000000000000000007F
:10414000000000000000000000000000000000006F
:10415000000000000000000000000000000000005F
:10416000000000000000000000000000000000004F
:10417000000000000000000000000000000000003F
:10418000000000000000000000000000000000002F
:10419000000000000000000000000000000000001F
:1041A000000000000000000000000000000000000F
:1041B00000000000000000000000000000000000FF
:1041C00000000000000000000000000000000000EF
:1041D00000000000000000000000000000000000DF
:1041E00000000000000000000000000000000000CF
:1041F00000000000000000000000000000000000BF
:1042000000000000000000000000000000000000AE
:10421000000000000000000000000000000000009E
:10422000000000000000000000000000000000008E
:10423000000000000000000000000000000000007E
:10424000000000000000000000000000000000006E
:10425000000000000000000000000000000000005E
:10426000000000000000000000000000000000004E
:10427000000000000000000000000000000000003E
:10428000000000000000000000000000000000002E
:10429000000000000000000000000000000000001E
:1042A000000000000000000000000000000000000E
:1042B00000000000000000000000000000000000FE
:1042C00000000000000000000000000000000000EE
:1042D00000000000000000000000000000000000DE
:1042E00000000000000000000000000000000000CE
:1042F00000000000000000000000000000000000BE
:1043000000000000000000000000000000000000AD
:10431000000000000000000000000000000000009D
:10432000000000000000000000000000000000008D
:10433000000000000000000000000000000000007D
:10434000000000000000000000000000000000006D
:10435000000000000000000000000000000000005D
:10436000000000000000000000000000000000004D
:10437000000000000000000000000000000000003D
:10438000000000000000000000000000000000002D
:10439000000000000000000000000000000000001D
:1043A000000000000000000000000000000000000D
:1043B00000000000000000000000000000000000FD
:1043C00000000000000000000000000000000000ED
:1043D00000000000000000000000000000000000DD
:1043E00000000000000000000000000000000000CD
:1043F00000000000000000000000000000000000BD
:1044000000000000000000000000000000000000AC
:10441000000000000000000000000000000000009C
:10442000000000000000000000000000000000008C
:10443000000000000000000000000000000000007C
:10444000000000000000000000000000000000006C
:10445000000000000000000000000000000000005C
:10446000000000000000000000000000000000004C
:10447000000000000000000000000000000000003C
:10448000000000000000000000000000000000002C
:10449000000000000000000000000000000000001C
:1044A000000000000000000000000000000000000C
:1044B00000000000000000000000000000000000FC
:1044C00000000000000000000000000000000000EC
:1044D00000000000000000000000000000000000DC
:1044E00000000000000000000000000000000000CC
:1044F00000000000000000000000000000000000BC
:1045000000000000000000000000000000000000AB
:10451000000000000000000000000000000000009B
:10452000000000000000000000000000000000008B
:10453000000000000000000000000000000000007B
:10454000000000000000000000000000000000006B
:10455000000000000000000000000000000000005B
:10456000000000000000000000000000000000004B
:10457000000000000000000000000000000000003B
:10458000000000000000000000000000000000002B
:10459000000000000000000000000000000000001B
:1045A000000000000000000000000000000000000B
:1045B00000000000000000000000000000000000FB
:1045C00000000000000000000000000000000000EB
:1045D00000000000000000000000000000000000DB
:1045E00000000000000000000000000000000000CB
:1045F00000000000000000000000000000000000BB
:1046000000000000000000000000000000000000AA
:10461000000000000000000000000000000000009A
:10462000000000000000000000000000000000008A
:10463000000000000000000000000000000000007A
:10464000000000000000000000000000000000006A
:10465000000000000000000000000000000000005A
:10466000000000000000000000000000000000004A
:10467000000000000000000000000000000000003A
:10468000000000000000000000000000000000002A
:10469000000000000000000000000000000000001A
:1046A000000000000000000000000000000000000A
:1046B00000000000000000000000000000000000FA
:1046C00000000000000000000000000000000000EA
:1046D00000000000000000000000000000000000DA
:1046E00000000000000000000000000000000000CA
:1046F00000000000000000000000000000000000BA
:1047000000000000000000000000000000000000A9
:104710000000000000000000000000000000000099
:104720000000000000000000000000000000000089
:104730000000000000000000000000000000000079
:104740000000000000000000000000000000000069
:104750000000000000000000000000000000000059
:104760000000000000000000000000000000000049
:104770000000000000000000000000000000000039
:104780000000000000000000000000000000000029
:104790000000000000000000000000000000000019
:1047A0000000000000000000000000000000000009
:1047B00000000000000000000000000000000000F9
:1047C00000000000000000000000000000000000E9
:1047D00000000000000000000000000000000000D9
:1047E00000000000000000000000000000000000C9
:1047F00000000000000000000000000000000000B9
:040000056000100087
:00000001FF
